{"type":"FeatureCollection","metadata":{"source":"BAN PLUS (IGN), liens adresse – bâtiment BD TOPO","typename":"BAN-PLUS:lien_adresse_bati","service":"https://data.geopf.fr/wfs/ows","request":"GetFeature BAN-PLUS:lien_adresse_bati BBOX 755390,6819514,761486,6826372 EPSG:2154 (emprise du terrain V1.7)","retrievedAt":"2026-09-25T13:49:36.706Z","license":"Licence Ouverte Etalab 2.0 — © IGN / BAN / Géoportail de l’urbanisme","crs":"CRS84"},"features":[{"type":"Feature","id":"lien_adresse_bati.2716983","geometry":{"type":"LineString","coordinates":[[3.82294842,48.50103321],[3.8261518,48.50124894]]},"geometry_name":"geom","properties":{"id_adr":"10089_b016_00001","id_bat":"BATIMENT0000000301150880","idu":"100890000F0205","type_lien":"GEO","nb_adr":9,"nb_bat":12}},{"type":"Feature","id":"lien_adresse_bati.2743019","geometry":{"type":"LineString","coordinates":[[3.82294842,48.50103321],[3.82129489,48.50080535]]},"geometry_name":"geom","properties":{"id_adr":"10089_b016_00001","id_bat":"BATIMENT0000000301150875","idu":"100890000F0205","type_lien":"GEO","nb_adr":9,"nb_bat":12}},{"type":"Feature","id":"lien_adresse_bati.2674486","geometry":{"type":"LineString","coordinates":[[3.82294842,48.50103321],[3.82540564,48.50108975]]},"geometry_name":"geom","properties":{"id_adr":"10089_b016_00001","id_bat":"BATIMENT0000000301150879","idu":"100890000F0205","type_lien":"GEO","nb_adr":9,"nb_bat":12}},{"type":"Feature","id":"lien_adresse_bati.2875586","geometry":{"type":"LineString","coordinates":[[3.82294842,48.50103321],[3.82137224,48.50067572]]},"geometry_name":"geom","properties":{"id_adr":"10089_b016_00001","id_bat":"BATIMENT0000000301150874","idu":"100890000F0205","type_lien":"GEO","nb_adr":9,"nb_bat":12}},{"type":"Feature","id":"lien_adresse_bati.2743118","geometry":{"type":"LineString","coordinates":[[3.82294842,48.50103321],[3.82181724,48.50094028]]},"geometry_name":"geom","properties":{"id_adr":"10089_b016_00001","id_bat":"BATIMENT0000000301150877","idu":"100890000F0205","type_lien":"GEO","nb_adr":9,"nb_bat":12}},{"type":"Feature","id":"lien_adresse_bati.2690146","geometry":{"type":"LineString","coordinates":[[3.82294842,48.50103321],[3.82162041,48.50013737]]},"geometry_name":"geom","properties":{"id_adr":"10089_b016_00001","id_bat":"BATIMENT0000000301150893","idu":"100890000F0205","type_lien":"GEO","nb_adr":9,"nb_bat":12}},{"type":"Feature","id":"lien_adresse_bati.2835537","geometry":{"type":"LineString","coordinates":[[3.82294842,48.50103321],[3.82097666,48.50057319]]},"geometry_name":"geom","properties":{"id_adr":"10089_b016_00001","id_bat":"BATIMENT0000000301150868","idu":"100890000F0205","type_lien":"GEO","nb_adr":9,"nb_bat":12}},{"type":"Feature","id":"lien_adresse_bati.2733793","geometry":{"type":"LineString","coordinates":[[3.82294842,48.50103321],[3.8230935,48.50075422]]},"geometry_name":"geom","properties":{"id_adr":"10089_b016_00001","id_bat":"BATIMENT0000000301150898","idu":"100890000F0205","type_lien":"GEO","nb_adr":9,"nb_bat":12}},{"type":"Feature","id":"lien_adresse_bati.2897801","geometry":{"type":"LineString","coordinates":[[3.82294842,48.50103321],[3.824211,48.50092415]]},"geometry_name":"geom","properties":{"id_adr":"10089_b016_00001","id_bat":"BATIMENT0000000301150899","idu":"100890000F0205","type_lien":"GEO","nb_adr":9,"nb_bat":12}},{"type":"Feature","id":"lien_adresse_bati.2716695","geometry":{"type":"LineString","coordinates":[[3.82294842,48.50103321],[3.82190888,48.50076467]]},"geometry_name":"geom","properties":{"id_adr":"10089_b016_00001","id_bat":"BATIMENT0000000301150876","idu":"100890000F0205","type_lien":"GEO","nb_adr":9,"nb_bat":12}},{"type":"Feature","id":"lien_adresse_bati.2767573","geometry":{"type":"LineString","coordinates":[[3.82294842,48.50103321],[3.82083516,48.50016118]]},"geometry_name":"geom","properties":{"id_adr":"10089_b016_00001","id_bat":"BATIMENT0000000301150885","idu":"100890000F0205","type_lien":"GEO","nb_adr":9,"nb_bat":12}},{"type":"Feature","id":"lien_adresse_bati.2715437","geometry":{"type":"LineString","coordinates":[[3.82294842,48.50103321],[3.82301382,48.50075757]]},"geometry_name":"geom","properties":{"id_adr":"10089_b016_00001","id_bat":"BATIMENT0000000301150900","idu":"100890000F0205","type_lien":"GEO","nb_adr":9,"nb_bat":12}},{"type":"Feature","id":"lien_adresse_bati.2752895","geometry":{"type":"LineString","coordinates":[[3.82090127,48.49988774],[3.82540564,48.50108975]]},"geometry_name":"geom","properties":{"id_adr":"10089_b016_00002","id_bat":"BATIMENT0000000301150879","idu":"100890000F0205","type_lien":"GEO","nb_adr":9,"nb_bat":12}},{"type":"Feature","id":"lien_adresse_bati.2761351","geometry":{"type":"LineString","coordinates":[[3.82090127,48.49988774],[3.8261518,48.50124894]]},"geometry_name":"geom","properties":{"id_adr":"10089_b016_00002","id_bat":"BATIMENT0000000301150880","idu":"100890000F0205","type_lien":"GEO","nb_adr":9,"nb_bat":12}},{"type":"Feature","id":"lien_adresse_bati.2864714","geometry":{"type":"LineString","coordinates":[[3.82090127,48.49988774],[3.82162041,48.50013737]]},"geometry_name":"geom","properties":{"id_adr":"10089_b016_00002","id_bat":"BATIMENT0000000301150893","idu":"100890000F0205","type_lien":"GEO","nb_adr":9,"nb_bat":12}},{"type":"Feature","id":"lien_adresse_bati.2707248","geometry":{"type":"LineString","coordinates":[[3.82090127,48.49988774],[3.82190888,48.50076467]]},"geometry_name":"geom","properties":{"id_adr":"10089_b016_00002","id_bat":"BATIMENT0000000301150876","idu":"100890000F0205","type_lien":"GEO","nb_adr":9,"nb_bat":12}},{"type":"Feature","id":"lien_adresse_bati.2859635","geometry":{"type":"LineString","coordinates":[[3.82090127,48.49988774],[3.82181724,48.50094028]]},"geometry_name":"geom","properties":{"id_adr":"10089_b016_00002","id_bat":"BATIMENT0000000301150877","idu":"100890000F0205","type_lien":"GEO","nb_adr":9,"nb_bat":12}},{"type":"Feature","id":"lien_adresse_bati.2784722","geometry":{"type":"LineString","coordinates":[[3.82090127,48.49988774],[3.82097666,48.50057319]]},"geometry_name":"geom","properties":{"id_adr":"10089_b016_00002","id_bat":"BATIMENT0000000301150868","idu":"100890000F0205","type_lien":"GEO","nb_adr":9,"nb_bat":12}},{"type":"Feature","id":"lien_adresse_bati.2715823","geometry":{"type":"LineString","coordinates":[[3.82090127,48.49988774],[3.82083516,48.50016118]]},"geometry_name":"geom","properties":{"id_adr":"10089_b016_00002","id_bat":"BATIMENT0000000301150885","idu":"100890000F0205","type_lien":"GEO","nb_adr":9,"nb_bat":12}},{"type":"Feature","id":"lien_adresse_bati.2902908","geometry":{"type":"LineString","coordinates":[[3.82090127,48.49988774],[3.824211,48.50092415]]},"geometry_name":"geom","properties":{"id_adr":"10089_b016_00002","id_bat":"BATIMENT0000000301150899","idu":"100890000F0205","type_lien":"GEO","nb_adr":9,"nb_bat":12}},{"type":"Feature","id":"lien_adresse_bati.2835150","geometry":{"type":"LineString","coordinates":[[3.82090127,48.49988774],[3.82301382,48.50075757]]},"geometry_name":"geom","properties":{"id_adr":"10089_b016_00002","id_bat":"BATIMENT0000000301150900","idu":"100890000F0205","type_lien":"GEO","nb_adr":9,"nb_bat":12}},{"type":"Feature","id":"lien_adresse_bati.2909020","geometry":{"type":"LineString","coordinates":[[3.82090127,48.49988774],[3.8230935,48.50075422]]},"geometry_name":"geom","properties":{"id_adr":"10089_b016_00002","id_bat":"BATIMENT0000000301150898","idu":"100890000F0205","type_lien":"GEO","nb_adr":9,"nb_bat":12}},{"type":"Feature","id":"lien_adresse_bati.2822276","geometry":{"type":"LineString","coordinates":[[3.82090127,48.49988774],[3.82137224,48.50067572]]},"geometry_name":"geom","properties":{"id_adr":"10089_b016_00002","id_bat":"BATIMENT0000000301150874","idu":"100890000F0205","type_lien":"GEO","nb_adr":9,"nb_bat":12}},{"type":"Feature","id":"lien_adresse_bati.2732182","geometry":{"type":"LineString","coordinates":[[3.82090127,48.49988774],[3.82129489,48.50080535]]},"geometry_name":"geom","properties":{"id_adr":"10089_b016_00002","id_bat":"BATIMENT0000000301150875","idu":"100890000F0205","type_lien":"GEO","nb_adr":9,"nb_bat":12}},{"type":"Feature","id":"lien_adresse_bati.2686451","geometry":{"type":"LineString","coordinates":[[3.82513916,48.50140396],[3.82137224,48.50067572]]},"geometry_name":"geom","properties":{"id_adr":"10089_b016_00003","id_bat":"BATIMENT0000000301150874","idu":"100890000F0205","type_lien":"GEO","nb_adr":9,"nb_bat":12}},{"type":"Feature","id":"lien_adresse_bati.2673841","geometry":{"type":"LineString","coordinates":[[3.82513916,48.50140396],[3.82190888,48.50076467]]},"geometry_name":"geom","properties":{"id_adr":"10089_b016_00003","id_bat":"BATIMENT0000000301150876","idu":"100890000F0205","type_lien":"GEO","nb_adr":9,"nb_bat":12}},{"type":"Feature","id":"lien_adresse_bati.2679204","geometry":{"type":"LineString","coordinates":[[3.82513916,48.50140396],[3.82181724,48.50094028]]},"geometry_name":"geom","properties":{"id_adr":"10089_b016_00003","id_bat":"BATIMENT0000000301150877","idu":"100890000F0205","type_lien":"GEO","nb_adr":9,"nb_bat":12}},{"type":"Feature","id":"lien_adresse_bati.2896432","geometry":{"type":"LineString","coordinates":[[3.82513916,48.50140396],[3.82129489,48.50080535]]},"geometry_name":"geom","properties":{"id_adr":"10089_b016_00003","id_bat":"BATIMENT0000000301150875","idu":"100890000F0205","type_lien":"GEO","nb_adr":9,"nb_bat":12}},{"type":"Feature","id":"lien_adresse_bati.2826767","geometry":{"type":"LineString","coordinates":[[3.82513916,48.50140396],[3.824211,48.50092415]]},"geometry_name":"geom","properties":{"id_adr":"10089_b016_00003","id_bat":"BATIMENT0000000301150899","idu":"100890000F0205","type_lien":"GEO","nb_adr":9,"nb_bat":12}},{"type":"Feature","id":"lien_adresse_bati.2886921","geometry":{"type":"LineString","coordinates":[[3.82513916,48.50140396],[3.8230935,48.50075422]]},"geometry_name":"geom","properties":{"id_adr":"10089_b016_00003","id_bat":"BATIMENT0000000301150898","idu":"100890000F0205","type_lien":"GEO","nb_adr":9,"nb_bat":12}},{"type":"Feature","id":"lien_adresse_bati.2820777","geometry":{"type":"LineString","coordinates":[[3.82513916,48.50140396],[3.82097666,48.50057319]]},"geometry_name":"geom","properties":{"id_adr":"10089_b016_00003","id_bat":"BATIMENT0000000301150868","idu":"100890000F0205","type_lien":"GEO","nb_adr":9,"nb_bat":12}},{"type":"Feature","id":"lien_adresse_bati.2864307","geometry":{"type":"LineString","coordinates":[[3.82513916,48.50140396],[3.82301382,48.50075757]]},"geometry_name":"geom","properties":{"id_adr":"10089_b016_00003","id_bat":"BATIMENT0000000301150900","idu":"100890000F0205","type_lien":"GEO","nb_adr":9,"nb_bat":12}},{"type":"Feature","id":"lien_adresse_bati.2913721","geometry":{"type":"LineString","coordinates":[[3.82513916,48.50140396],[3.8261518,48.50124894]]},"geometry_name":"geom","properties":{"id_adr":"10089_b016_00003","id_bat":"BATIMENT0000000301150880","idu":"100890000F0205","type_lien":"GEO","nb_adr":9,"nb_bat":12}},{"type":"Feature","id":"lien_adresse_bati.2860134","geometry":{"type":"LineString","coordinates":[[3.82513916,48.50140396],[3.82162041,48.50013737]]},"geometry_name":"geom","properties":{"id_adr":"10089_b016_00003","id_bat":"BATIMENT0000000301150893","idu":"100890000F0205","type_lien":"GEO","nb_adr":9,"nb_bat":12}},{"type":"Feature","id":"lien_adresse_bati.2814879","geometry":{"type":"LineString","coordinates":[[3.82513916,48.50140396],[3.82540564,48.50108975]]},"geometry_name":"geom","properties":{"id_adr":"10089_b016_00003","id_bat":"BATIMENT0000000301150879","idu":"100890000F0205","type_lien":"GEO","nb_adr":9,"nb_bat":12}},{"type":"Feature","id":"lien_adresse_bati.2742925","geometry":{"type":"LineString","coordinates":[[3.82513916,48.50140396],[3.82083516,48.50016118]]},"geometry_name":"geom","properties":{"id_adr":"10089_b016_00003","id_bat":"BATIMENT0000000301150885","idu":"100890000F0205","type_lien":"GEO","nb_adr":9,"nb_bat":12}},{"type":"Feature","id":"lien_adresse_bati.2730598","geometry":{"type":"LineString","coordinates":[[3.82708151,48.50130139],[3.82083516,48.50016118]]},"geometry_name":"geom","properties":{"id_adr":"10089_b016_00005","id_bat":"BATIMENT0000000301150885","idu":"100890000F0205","type_lien":"GEO","nb_adr":9,"nb_bat":12}},{"type":"Feature","id":"lien_adresse_bati.2779279","geometry":{"type":"LineString","coordinates":[[3.82708151,48.50130139],[3.82129489,48.50080535]]},"geometry_name":"geom","properties":{"id_adr":"10089_b016_00005","id_bat":"BATIMENT0000000301150875","idu":"100890000F0205","type_lien":"GEO","nb_adr":9,"nb_bat":12}},{"type":"Feature","id":"lien_adresse_bati.2755781","geometry":{"type":"LineString","coordinates":[[3.82708151,48.50130139],[3.8230935,48.50075422]]},"geometry_name":"geom","properties":{"id_adr":"10089_b016_00005","id_bat":"BATIMENT0000000301150898","idu":"100890000F0205","type_lien":"GEO","nb_adr":9,"nb_bat":12}},{"type":"Feature","id":"lien_adresse_bati.2672945","geometry":{"type":"LineString","coordinates":[[3.82708151,48.50130139],[3.82097666,48.50057319]]},"geometry_name":"geom","properties":{"id_adr":"10089_b016_00005","id_bat":"BATIMENT0000000301150868","idu":"100890000F0205","type_lien":"GEO","nb_adr":9,"nb_bat":12}},{"type":"Feature","id":"lien_adresse_bati.2846531","geometry":{"type":"LineString","coordinates":[[3.82708151,48.50130139],[3.82162041,48.50013737]]},"geometry_name":"geom","properties":{"id_adr":"10089_b016_00005","id_bat":"BATIMENT0000000301150893","idu":"100890000F0205","type_lien":"GEO","nb_adr":9,"nb_bat":12}},{"type":"Feature","id":"lien_adresse_bati.2837206","geometry":{"type":"LineString","coordinates":[[3.82708151,48.50130139],[3.82540564,48.50108975]]},"geometry_name":"geom","properties":{"id_adr":"10089_b016_00005","id_bat":"BATIMENT0000000301150879","idu":"100890000F0205","type_lien":"GEO","nb_adr":9,"nb_bat":12}},{"type":"Feature","id":"lien_adresse_bati.2679754","geometry":{"type":"LineString","coordinates":[[3.82708151,48.50130139],[3.82301382,48.50075757]]},"geometry_name":"geom","properties":{"id_adr":"10089_b016_00005","id_bat":"BATIMENT0000000301150900","idu":"100890000F0205","type_lien":"GEO","nb_adr":9,"nb_bat":12}},{"type":"Feature","id":"lien_adresse_bati.2667066","geometry":{"type":"LineString","coordinates":[[3.82708151,48.50130139],[3.82137224,48.50067572]]},"geometry_name":"geom","properties":{"id_adr":"10089_b016_00005","id_bat":"BATIMENT0000000301150874","idu":"100890000F0205","type_lien":"GEO","nb_adr":9,"nb_bat":12}},{"type":"Feature","id":"lien_adresse_bati.2666692","geometry":{"type":"LineString","coordinates":[[3.82708151,48.50130139],[3.82190888,48.50076467]]},"geometry_name":"geom","properties":{"id_adr":"10089_b016_00005","id_bat":"BATIMENT0000000301150876","idu":"100890000F0205","type_lien":"GEO","nb_adr":9,"nb_bat":12}},{"type":"Feature","id":"lien_adresse_bati.2688600","geometry":{"type":"LineString","coordinates":[[3.82708151,48.50130139],[3.824211,48.50092415]]},"geometry_name":"geom","properties":{"id_adr":"10089_b016_00005","id_bat":"BATIMENT0000000301150899","idu":"100890000F0205","type_lien":"GEO","nb_adr":9,"nb_bat":12}},{"type":"Feature","id":"lien_adresse_bati.2686486","geometry":{"type":"LineString","coordinates":[[3.82708151,48.50130139],[3.82181724,48.50094028]]},"geometry_name":"geom","properties":{"id_adr":"10089_b016_00005","id_bat":"BATIMENT0000000301150877","idu":"100890000F0205","type_lien":"GEO","nb_adr":9,"nb_bat":12}},{"type":"Feature","id":"lien_adresse_bati.2781608","geometry":{"type":"LineString","coordinates":[[3.82708151,48.50130139],[3.8261518,48.50124894]]},"geometry_name":"geom","properties":{"id_adr":"10089_b016_00005","id_bat":"BATIMENT0000000301150880","idu":"100890000F0205","type_lien":"GEO","nb_adr":9,"nb_bat":12}},{"type":"Feature","id":"lien_adresse_bati.2910730","geometry":{"type":"LineString","coordinates":[[3.82513043,48.50076258],[3.82540564,48.50108975]]},"geometry_name":"geom","properties":{"id_adr":"10089_b016_00007","id_bat":"BATIMENT0000000301150879","idu":"100890000F0205","type_lien":"GEO","nb_adr":9,"nb_bat":12}},{"type":"Feature","id":"lien_adresse_bati.2766456","geometry":{"type":"LineString","coordinates":[[3.82513043,48.50076258],[3.82137224,48.50067572]]},"geometry_name":"geom","properties":{"id_adr":"10089_b016_00007","id_bat":"BATIMENT0000000301150874","idu":"100890000F0205","type_lien":"GEO","nb_adr":9,"nb_bat":12}},{"type":"Feature","id":"lien_adresse_bati.2862025","geometry":{"type":"LineString","coordinates":[[3.82513043,48.50076258],[3.82083516,48.50016118]]},"geometry_name":"geom","properties":{"id_adr":"10089_b016_00007","id_bat":"BATIMENT0000000301150885","idu":"100890000F0205","type_lien":"GEO","nb_adr":9,"nb_bat":12}},{"type":"Feature","id":"lien_adresse_bati.2883034","geometry":{"type":"LineString","coordinates":[[3.82513043,48.50076258],[3.8261518,48.50124894]]},"geometry_name":"geom","properties":{"id_adr":"10089_b016_00007","id_bat":"BATIMENT0000000301150880","idu":"100890000F0205","type_lien":"GEO","nb_adr":9,"nb_bat":12}},{"type":"Feature","id":"lien_adresse_bati.2682381","geometry":{"type":"LineString","coordinates":[[3.82513043,48.50076258],[3.824211,48.50092415]]},"geometry_name":"geom","properties":{"id_adr":"10089_b016_00007","id_bat":"BATIMENT0000000301150899","idu":"100890000F0205","type_lien":"GEO","nb_adr":9,"nb_bat":12}},{"type":"Feature","id":"lien_adresse_bati.2878038","geometry":{"type":"LineString","coordinates":[[3.82513043,48.50076258],[3.8230935,48.50075422]]},"geometry_name":"geom","properties":{"id_adr":"10089_b016_00007","id_bat":"BATIMENT0000000301150898","idu":"100890000F0205","type_lien":"GEO","nb_adr":9,"nb_bat":12}},{"type":"Feature","id":"lien_adresse_bati.2679148","geometry":{"type":"LineString","coordinates":[[3.82513043,48.50076258],[3.82181724,48.50094028]]},"geometry_name":"geom","properties":{"id_adr":"10089_b016_00007","id_bat":"BATIMENT0000000301150877","idu":"100890000F0205","type_lien":"GEO","nb_adr":9,"nb_bat":12}},{"type":"Feature","id":"lien_adresse_bati.2758637","geometry":{"type":"LineString","coordinates":[[3.82513043,48.50076258],[3.82129489,48.50080535]]},"geometry_name":"geom","properties":{"id_adr":"10089_b016_00007","id_bat":"BATIMENT0000000301150875","idu":"100890000F0205","type_lien":"GEO","nb_adr":9,"nb_bat":12}},{"type":"Feature","id":"lien_adresse_bati.2900145","geometry":{"type":"LineString","coordinates":[[3.82513043,48.50076258],[3.82190888,48.50076467]]},"geometry_name":"geom","properties":{"id_adr":"10089_b016_00007","id_bat":"BATIMENT0000000301150876","idu":"100890000F0205","type_lien":"GEO","nb_adr":9,"nb_bat":12}},{"type":"Feature","id":"lien_adresse_bati.2721120","geometry":{"type":"LineString","coordinates":[[3.82513043,48.50076258],[3.82097666,48.50057319]]},"geometry_name":"geom","properties":{"id_adr":"10089_b016_00007","id_bat":"BATIMENT0000000301150868","idu":"100890000F0205","type_lien":"GEO","nb_adr":9,"nb_bat":12}},{"type":"Feature","id":"lien_adresse_bati.2725951","geometry":{"type":"LineString","coordinates":[[3.82513043,48.50076258],[3.82301382,48.50075757]]},"geometry_name":"geom","properties":{"id_adr":"10089_b016_00007","id_bat":"BATIMENT0000000301150900","idu":"100890000F0205","type_lien":"GEO","nb_adr":9,"nb_bat":12}},{"type":"Feature","id":"lien_adresse_bati.2702550","geometry":{"type":"LineString","coordinates":[[3.82513043,48.50076258],[3.82162041,48.50013737]]},"geometry_name":"geom","properties":{"id_adr":"10089_b016_00007","id_bat":"BATIMENT0000000301150893","idu":"100890000F0205","type_lien":"GEO","nb_adr":9,"nb_bat":12}},{"type":"Feature","id":"lien_adresse_bati.2691118","geometry":{"type":"LineString","coordinates":[[3.82293065,48.50041798],[3.82285832,48.50002624]]},"geometry_name":"geom","properties":{"id_adr":"10089_b016_00009","id_bat":"BATIMENT0000000301150896","idu":"10089000ZT0021","type_lien":"GEO","nb_adr":1,"nb_bat":1}},{"type":"Feature","id":"lien_adresse_bati.2766794","geometry":{"type":"LineString","coordinates":[[3.82090944,48.49980402],[3.8230935,48.50075422]]},"geometry_name":"geom","properties":{"id_adr":"10089_b016_00011","id_bat":"BATIMENT0000000301150898","idu":"100890000F0205","type_lien":"GEO","nb_adr":9,"nb_bat":12}},{"type":"Feature","id":"lien_adresse_bati.2880588","geometry":{"type":"LineString","coordinates":[[3.82090944,48.49980402],[3.8261518,48.50124894]]},"geometry_name":"geom","properties":{"id_adr":"10089_b016_00011","id_bat":"BATIMENT0000000301150880","idu":"100890000F0205","type_lien":"GEO","nb_adr":9,"nb_bat":12}},{"type":"Feature","id":"lien_adresse_bati.2847025","geometry":{"type":"LineString","coordinates":[[3.82090944,48.49980402],[3.82162041,48.50013737]]},"geometry_name":"geom","properties":{"id_adr":"10089_b016_00011","id_bat":"BATIMENT0000000301150893","idu":"100890000F0205","type_lien":"GEO","nb_adr":9,"nb_bat":12}},{"type":"Feature","id":"lien_adresse_bati.2798777","geometry":{"type":"LineString","coordinates":[[3.82090944,48.49980402],[3.82083516,48.50016118]]},"geometry_name":"geom","properties":{"id_adr":"10089_b016_00011","id_bat":"BATIMENT0000000301150885","idu":"100890000F0205","type_lien":"GEO","nb_adr":9,"nb_bat":12}},{"type":"Feature","id":"lien_adresse_bati.2727750","geometry":{"type":"LineString","coordinates":[[3.82090944,48.49980402],[3.82097666,48.50057319]]},"geometry_name":"geom","properties":{"id_adr":"10089_b016_00011","id_bat":"BATIMENT0000000301150868","idu":"100890000F0205","type_lien":"GEO","nb_adr":9,"nb_bat":12}},{"type":"Feature","id":"lien_adresse_bati.2733815","geometry":{"type":"LineString","coordinates":[[3.82090944,48.49980402],[3.82181724,48.50094028]]},"geometry_name":"geom","properties":{"id_adr":"10089_b016_00011","id_bat":"BATIMENT0000000301150877","idu":"100890000F0205","type_lien":"GEO","nb_adr":9,"nb_bat":12}},{"type":"Feature","id":"lien_adresse_bati.2826577","geometry":{"type":"LineString","coordinates":[[3.82090944,48.49980402],[3.82190888,48.50076467]]},"geometry_name":"geom","properties":{"id_adr":"10089_b016_00011","id_bat":"BATIMENT0000000301150876","idu":"100890000F0205","type_lien":"GEO","nb_adr":9,"nb_bat":12}},{"type":"Feature","id":"lien_adresse_bati.2738160","geometry":{"type":"LineString","coordinates":[[3.82090944,48.49980402],[3.82129489,48.50080535]]},"geometry_name":"geom","properties":{"id_adr":"10089_b016_00011","id_bat":"BATIMENT0000000301150875","idu":"100890000F0205","type_lien":"GEO","nb_adr":9,"nb_bat":12}},{"type":"Feature","id":"lien_adresse_bati.2838984","geometry":{"type":"LineString","coordinates":[[3.82090944,48.49980402],[3.82137224,48.50067572]]},"geometry_name":"geom","properties":{"id_adr":"10089_b016_00011","id_bat":"BATIMENT0000000301150874","idu":"100890000F0205","type_lien":"GEO","nb_adr":9,"nb_bat":12}},{"type":"Feature","id":"lien_adresse_bati.2708115","geometry":{"type":"LineString","coordinates":[[3.82090944,48.49980402],[3.82540564,48.50108975]]},"geometry_name":"geom","properties":{"id_adr":"10089_b016_00011","id_bat":"BATIMENT0000000301150879","idu":"100890000F0205","type_lien":"GEO","nb_adr":9,"nb_bat":12}},{"type":"Feature","id":"lien_adresse_bati.2911735","geometry":{"type":"LineString","coordinates":[[3.82090944,48.49980402],[3.824211,48.50092415]]},"geometry_name":"geom","properties":{"id_adr":"10089_b016_00011","id_bat":"BATIMENT0000000301150899","idu":"100890000F0205","type_lien":"GEO","nb_adr":9,"nb_bat":12}},{"type":"Feature","id":"lien_adresse_bati.2733561","geometry":{"type":"LineString","coordinates":[[3.82090944,48.49980402],[3.82301382,48.50075757]]},"geometry_name":"geom","properties":{"id_adr":"10089_b016_00011","id_bat":"BATIMENT0000000301150900","idu":"100890000F0205","type_lien":"GEO","nb_adr":9,"nb_bat":12}},{"type":"Feature","id":"lien_adresse_bati.2701790","geometry":{"type":"LineString","coordinates":[[3.82397797,48.50082006],[3.82129489,48.50080535]]},"geometry_name":"geom","properties":{"id_adr":"10089_b016_00024","id_bat":"BATIMENT0000000301150875","idu":"100890000F0205","type_lien":"BAN","nb_adr":9,"nb_bat":12}},{"type":"Feature","id":"lien_adresse_bati.2848371","geometry":{"type":"LineString","coordinates":[[3.82397797,48.50082006],[3.8230935,48.50075422]]},"geometry_name":"geom","properties":{"id_adr":"10089_b016_00024","id_bat":"BATIMENT0000000301150898","idu":"100890000F0205","type_lien":"BAN","nb_adr":9,"nb_bat":12}},{"type":"Feature","id":"lien_adresse_bati.2834674","geometry":{"type":"LineString","coordinates":[[3.82397797,48.50082006],[3.82097666,48.50057319]]},"geometry_name":"geom","properties":{"id_adr":"10089_b016_00024","id_bat":"BATIMENT0000000301150868","idu":"100890000F0205","type_lien":"BAN","nb_adr":9,"nb_bat":12}},{"type":"Feature","id":"lien_adresse_bati.2713657","geometry":{"type":"LineString","coordinates":[[3.82397797,48.50082006],[3.824211,48.50092415]]},"geometry_name":"geom","properties":{"id_adr":"10089_b016_00024","id_bat":"BATIMENT0000000301150899","idu":"100890000F0205","type_lien":"BAN","nb_adr":9,"nb_bat":12}},{"type":"Feature","id":"lien_adresse_bati.2704352","geometry":{"type":"LineString","coordinates":[[3.82397797,48.50082006],[3.82190888,48.50076467]]},"geometry_name":"geom","properties":{"id_adr":"10089_b016_00024","id_bat":"BATIMENT0000000301150876","idu":"100890000F0205","type_lien":"BAN","nb_adr":9,"nb_bat":12}},{"type":"Feature","id":"lien_adresse_bati.2798116","geometry":{"type":"LineString","coordinates":[[3.82397797,48.50082006],[3.82540564,48.50108975]]},"geometry_name":"geom","properties":{"id_adr":"10089_b016_00024","id_bat":"BATIMENT0000000301150879","idu":"100890000F0205","type_lien":"BAN","nb_adr":9,"nb_bat":12}},{"type":"Feature","id":"lien_adresse_bati.2850517","geometry":{"type":"LineString","coordinates":[[3.82397797,48.50082006],[3.82181724,48.50094028]]},"geometry_name":"geom","properties":{"id_adr":"10089_b016_00024","id_bat":"BATIMENT0000000301150877","idu":"100890000F0205","type_lien":"BAN","nb_adr":9,"nb_bat":12}},{"type":"Feature","id":"lien_adresse_bati.2746091","geometry":{"type":"LineString","coordinates":[[3.82397797,48.50082006],[3.82137224,48.50067572]]},"geometry_name":"geom","properties":{"id_adr":"10089_b016_00024","id_bat":"BATIMENT0000000301150874","idu":"100890000F0205","type_lien":"BAN","nb_adr":9,"nb_bat":12}},{"type":"Feature","id":"lien_adresse_bati.2875205","geometry":{"type":"LineString","coordinates":[[3.82397797,48.50082006],[3.82083516,48.50016118]]},"geometry_name":"geom","properties":{"id_adr":"10089_b016_00024","id_bat":"BATIMENT0000000301150885","idu":"100890000F0205","type_lien":"BAN","nb_adr":9,"nb_bat":12}},{"type":"Feature","id":"lien_adresse_bati.2749799","geometry":{"type":"LineString","coordinates":[[3.82397797,48.50082006],[3.8261518,48.50124894]]},"geometry_name":"geom","properties":{"id_adr":"10089_b016_00024","id_bat":"BATIMENT0000000301150880","idu":"100890000F0205","type_lien":"BAN","nb_adr":9,"nb_bat":12}},{"type":"Feature","id":"lien_adresse_bati.2795690","geometry":{"type":"LineString","coordinates":[[3.82397797,48.50082006],[3.82301382,48.50075757]]},"geometry_name":"geom","properties":{"id_adr":"10089_b016_00024","id_bat":"BATIMENT0000000301150900","idu":"100890000F0205","type_lien":"BAN","nb_adr":9,"nb_bat":12}},{"type":"Feature","id":"lien_adresse_bati.2858327","geometry":{"type":"LineString","coordinates":[[3.82397797,48.50082006],[3.82162041,48.50013737]]},"geometry_name":"geom","properties":{"id_adr":"10089_b016_00024","id_bat":"BATIMENT0000000301150893","idu":"100890000F0205","type_lien":"BAN","nb_adr":9,"nb_bat":12}},{"type":"Feature","id":"lien_adresse_bati.2843746","geometry":{"type":"LineString","coordinates":[[3.82601551,48.50100473],[3.8261518,48.50124894]]},"geometry_name":"geom","properties":{"id_adr":"10089_b016_00024_a","id_bat":"BATIMENT0000000301150880","idu":"100890000F0205","type_lien":"GEO","nb_adr":9,"nb_bat":12}},{"type":"Feature","id":"lien_adresse_bati.2754608","geometry":{"type":"LineString","coordinates":[[3.82601551,48.50100473],[3.82083516,48.50016118]]},"geometry_name":"geom","properties":{"id_adr":"10089_b016_00024_a","id_bat":"BATIMENT0000000301150885","idu":"100890000F0205","type_lien":"GEO","nb_adr":9,"nb_bat":12}},{"type":"Feature","id":"lien_adresse_bati.2899467","geometry":{"type":"LineString","coordinates":[[3.82601551,48.50100473],[3.82540564,48.50108975]]},"geometry_name":"geom","properties":{"id_adr":"10089_b016_00024_a","id_bat":"BATIMENT0000000301150879","idu":"100890000F0205","type_lien":"GEO","nb_adr":9,"nb_bat":12}},{"type":"Feature","id":"lien_adresse_bati.2881308","geometry":{"type":"LineString","coordinates":[[3.82601551,48.50100473],[3.82162041,48.50013737]]},"geometry_name":"geom","properties":{"id_adr":"10089_b016_00024_a","id_bat":"BATIMENT0000000301150893","idu":"100890000F0205","type_lien":"GEO","nb_adr":9,"nb_bat":12}},{"type":"Feature","id":"lien_adresse_bati.2766303","geometry":{"type":"LineString","coordinates":[[3.82601551,48.50100473],[3.82301382,48.50075757]]},"geometry_name":"geom","properties":{"id_adr":"10089_b016_00024_a","id_bat":"BATIMENT0000000301150900","idu":"100890000F0205","type_lien":"GEO","nb_adr":9,"nb_bat":12}},{"type":"Feature","id":"lien_adresse_bati.2709219","geometry":{"type":"LineString","coordinates":[[3.82601551,48.50100473],[3.82129489,48.50080535]]},"geometry_name":"geom","properties":{"id_adr":"10089_b016_00024_a","id_bat":"BATIMENT0000000301150875","idu":"100890000F0205","type_lien":"GEO","nb_adr":9,"nb_bat":12}},{"type":"Feature","id":"lien_adresse_bati.2734633","geometry":{"type":"LineString","coordinates":[[3.82601551,48.50100473],[3.82097666,48.50057319]]},"geometry_name":"geom","properties":{"id_adr":"10089_b016_00024_a","id_bat":"BATIMENT0000000301150868","idu":"100890000F0205","type_lien":"GEO","nb_adr":9,"nb_bat":12}},{"type":"Feature","id":"lien_adresse_bati.2711607","geometry":{"type":"LineString","coordinates":[[3.82601551,48.50100473],[3.82181724,48.50094028]]},"geometry_name":"geom","properties":{"id_adr":"10089_b016_00024_a","id_bat":"BATIMENT0000000301150877","idu":"100890000F0205","type_lien":"GEO","nb_adr":9,"nb_bat":12}},{"type":"Feature","id":"lien_adresse_bati.2800072","geometry":{"type":"LineString","coordinates":[[3.82601551,48.50100473],[3.82190888,48.50076467]]},"geometry_name":"geom","properties":{"id_adr":"10089_b016_00024_a","id_bat":"BATIMENT0000000301150876","idu":"100890000F0205","type_lien":"GEO","nb_adr":9,"nb_bat":12}},{"type":"Feature","id":"lien_adresse_bati.2847146","geometry":{"type":"LineString","coordinates":[[3.82601551,48.50100473],[3.8230935,48.50075422]]},"geometry_name":"geom","properties":{"id_adr":"10089_b016_00024_a","id_bat":"BATIMENT0000000301150898","idu":"100890000F0205","type_lien":"GEO","nb_adr":9,"nb_bat":12}},{"type":"Feature","id":"lien_adresse_bati.2699448","geometry":{"type":"LineString","coordinates":[[3.82601551,48.50100473],[3.82137224,48.50067572]]},"geometry_name":"geom","properties":{"id_adr":"10089_b016_00024_a","id_bat":"BATIMENT0000000301150874","idu":"100890000F0205","type_lien":"GEO","nb_adr":9,"nb_bat":12}},{"type":"Feature","id":"lien_adresse_bati.2844386","geometry":{"type":"LineString","coordinates":[[3.82601551,48.50100473],[3.824211,48.50092415]]},"geometry_name":"geom","properties":{"id_adr":"10089_b016_00024_a","id_bat":"BATIMENT0000000301150899","idu":"100890000F0205","type_lien":"GEO","nb_adr":9,"nb_bat":12}},{"type":"Feature","id":"lien_adresse_bati.2680476","geometry":{"type":"LineString","coordinates":[[3.82601551,48.50100473],[3.8230935,48.50075422]]},"geometry_name":"geom","properties":{"id_adr":"10089_b016_00024_b","id_bat":"BATIMENT0000000301150898","idu":"100890000F0205","type_lien":"GEO","nb_adr":9,"nb_bat":12}},{"type":"Feature","id":"lien_adresse_bati.2684484","geometry":{"type":"LineString","coordinates":[[3.82601551,48.50100473],[3.82301382,48.50075757]]},"geometry_name":"geom","properties":{"id_adr":"10089_b016_00024_b","id_bat":"BATIMENT0000000301150900","idu":"100890000F0205","type_lien":"GEO","nb_adr":9,"nb_bat":12}},{"type":"Feature","id":"lien_adresse_bati.2707722","geometry":{"type":"LineString","coordinates":[[3.82601551,48.50100473],[3.82190888,48.50076467]]},"geometry_name":"geom","properties":{"id_adr":"10089_b016_00024_b","id_bat":"BATIMENT0000000301150876","idu":"100890000F0205","type_lien":"GEO","nb_adr":9,"nb_bat":12}},{"type":"Feature","id":"lien_adresse_bati.2677084","geometry":{"type":"LineString","coordinates":[[3.82601551,48.50100473],[3.82137224,48.50067572]]},"geometry_name":"geom","properties":{"id_adr":"10089_b016_00024_b","id_bat":"BATIMENT0000000301150874","idu":"100890000F0205","type_lien":"GEO","nb_adr":9,"nb_bat":12}},{"type":"Feature","id":"lien_adresse_bati.2909469","geometry":{"type":"LineString","coordinates":[[3.82601551,48.50100473],[3.824211,48.50092415]]},"geometry_name":"geom","properties":{"id_adr":"10089_b016_00024_b","id_bat":"BATIMENT0000000301150899","idu":"100890000F0205","type_lien":"GEO","nb_adr":9,"nb_bat":12}},{"type":"Feature","id":"lien_adresse_bati.2781961","geometry":{"type":"LineString","coordinates":[[3.82601551,48.50100473],[3.82083516,48.50016118]]},"geometry_name":"geom","properties":{"id_adr":"10089_b016_00024_b","id_bat":"BATIMENT0000000301150885","idu":"100890000F0205","type_lien":"GEO","nb_adr":9,"nb_bat":12}},{"type":"Feature","id":"lien_adresse_bati.2768276","geometry":{"type":"LineString","coordinates":[[3.82601551,48.50100473],[3.82181724,48.50094028]]},"geometry_name":"geom","properties":{"id_adr":"10089_b016_00024_b","id_bat":"BATIMENT0000000301150877","idu":"100890000F0205","type_lien":"GEO","nb_adr":9,"nb_bat":12}},{"type":"Feature","id":"lien_adresse_bati.2747741","geometry":{"type":"LineString","coordinates":[[3.82601551,48.50100473],[3.82129489,48.50080535]]},"geometry_name":"geom","properties":{"id_adr":"10089_b016_00024_b","id_bat":"BATIMENT0000000301150875","idu":"100890000F0205","type_lien":"GEO","nb_adr":9,"nb_bat":12}},{"type":"Feature","id":"lien_adresse_bati.2836735","geometry":{"type":"LineString","coordinates":[[3.82601551,48.50100473],[3.8261518,48.50124894]]},"geometry_name":"geom","properties":{"id_adr":"10089_b016_00024_b","id_bat":"BATIMENT0000000301150880","idu":"100890000F0205","type_lien":"GEO","nb_adr":9,"nb_bat":12}},{"type":"Feature","id":"lien_adresse_bati.2838715","geometry":{"type":"LineString","coordinates":[[3.82601551,48.50100473],[3.82540564,48.50108975]]},"geometry_name":"geom","properties":{"id_adr":"10089_b016_00024_b","id_bat":"BATIMENT0000000301150879","idu":"100890000F0205","type_lien":"GEO","nb_adr":9,"nb_bat":12}},{"type":"Feature","id":"lien_adresse_bati.2812067","geometry":{"type":"LineString","coordinates":[[3.82601551,48.50100473],[3.82097666,48.50057319]]},"geometry_name":"geom","properties":{"id_adr":"10089_b016_00024_b","id_bat":"BATIMENT0000000301150868","idu":"100890000F0205","type_lien":"GEO","nb_adr":9,"nb_bat":12}},{"type":"Feature","id":"lien_adresse_bati.2893715","geometry":{"type":"LineString","coordinates":[[3.82601551,48.50100473],[3.82162041,48.50013737]]},"geometry_name":"geom","properties":{"id_adr":"10089_b016_00024_b","id_bat":"BATIMENT0000000301150893","idu":"100890000F0205","type_lien":"GEO","nb_adr":9,"nb_bat":12}},{"type":"Feature","id":"lien_adresse_bati.2674251","geometry":{"type":"LineString","coordinates":[[3.7801086,48.50230641],[3.78017808,48.50241211]]},"geometry_name":"geom","properties":{"id_adr":"10220_0010_00002","id_bat":"BATIMENT0000000301148665","idu":"102200000E0705","type_lien":"GEO","nb_adr":1,"nb_bat":1}},{"type":"Feature","id":"lien_adresse_bati.2665992","geometry":{"type":"LineString","coordinates":[[3.77947817,48.50251657],[3.7794438,48.50248133]]},"geometry_name":"geom","properties":{"id_adr":"10220_0010_00003","id_bat":"BATIMENT0000000301148795","idu":"102200000E0369","type_lien":"GEO","nb_adr":1,"nb_bat":1}},{"type":"Feature","id":"lien_adresse_bati.2686927","geometry":{"type":"LineString","coordinates":[[3.7798089,48.50245322],[3.77994097,48.50257111]]},"geometry_name":"geom","properties":{"id_adr":"10220_0010_00004","id_bat":"BATIMENT0000000301148810","idu":"102200000E0704","type_lien":"GEO","nb_adr":1,"nb_bat":1}},{"type":"Feature","id":"lien_adresse_bati.2713936","geometry":{"type":"LineString","coordinates":[[3.77940024,48.50255576],[3.77936149,48.50251621]]},"geometry_name":"geom","properties":{"id_adr":"10220_0010_00005","id_bat":"BATIMENT0000000301148794","idu":"102200000E0721","type_lien":"GEO","nb_adr":1,"nb_bat":1}},{"type":"Feature","id":"lien_adresse_bati.2877970","geometry":{"type":"LineString","coordinates":[[3.77925375,48.50262779],[3.77921432,48.50258397]]},"geometry_name":"geom","properties":{"id_adr":"10220_0010_00007","id_bat":"BATIMENT0000000301148793","idu":"102200000E0371","type_lien":"GEO","nb_adr":1,"nb_bat":1}},{"type":"Feature","id":"lien_adresse_bati.2763512","geometry":{"type":"LineString","coordinates":[[3.77904014,48.50273805],[3.77883655,48.50265392]]},"geometry_name":"geom","properties":{"id_adr":"10220_0010_00009","id_bat":"BATIMENT0000000301148956","idu":"102200000E0528","type_lien":"GEO","nb_adr":2,"nb_bat":1}},{"type":"Feature","id":"lien_adresse_bati.2753369","geometry":{"type":"LineString","coordinates":[[3.77924045,48.50273494],[3.77942916,48.50280882]]},"geometry_name":"geom","properties":{"id_adr":"10220_0010_00010","id_bat":"BATIMENT0000000301148979","idu":"102200000E0686","type_lien":"GEO","nb_adr":1,"nb_bat":2}},{"type":"Feature","id":"lien_adresse_bati.2688336","geometry":{"type":"LineString","coordinates":[[3.77924045,48.50273494],[3.77930189,48.50276617]]},"geometry_name":"geom","properties":{"id_adr":"10220_0010_00010","id_bat":"BATIMENT0000000301148870","idu":"102200000E0686","type_lien":"GEO","nb_adr":1,"nb_bat":2}},{"type":"Feature","id":"lien_adresse_bati.2751218","geometry":{"type":"LineString","coordinates":[[3.7790052,48.50275537],[3.77883655,48.50265392]]},"geometry_name":"geom","properties":{"id_adr":"10220_0010_00011","id_bat":"BATIMENT0000000301148956","idu":"102200000E0528","type_lien":"GEO","nb_adr":2,"nb_bat":1}},{"type":"Feature","id":"lien_adresse_bati.2895689","geometry":{"type":"LineString","coordinates":[[3.7790994,48.50280873],[3.77919991,48.50308802]]},"geometry_name":"geom","properties":{"id_adr":"10220_0010_00012","id_bat":"BATIMENT0000000301148863","idu":"102200000E0912","type_lien":"GEO","nb_adr":1,"nb_bat":2}},{"type":"Feature","id":"lien_adresse_bati.2678072","geometry":{"type":"LineString","coordinates":[[3.7790994,48.50280873],[3.77949448,48.50300036]]},"geometry_name":"geom","properties":{"id_adr":"10220_0010_00012","id_bat":"BATIMENT0000000325110288","idu":"102200000E0912","type_lien":"GEO","nb_adr":1,"nb_bat":2}},{"type":"Feature","id":"lien_adresse_bati.2751131","geometry":{"type":"LineString","coordinates":[[3.7787508,48.50294506],[3.77891758,48.50316798]]},"geometry_name":"geom","properties":{"id_adr":"10220_0010_00014","id_bat":"BATIMENT0000000301148811","idu":"102200000E0631","type_lien":"GEO","nb_adr":1,"nb_bat":1}},{"type":"Feature","id":"lien_adresse_bati.2887348","geometry":{"type":"LineString","coordinates":[[3.77867002,48.50288442],[3.77853849,48.5027247]]},"geometry_name":"geom","properties":{"id_adr":"10220_0010_00015","id_bat":"BATIMENT0000000301148800","idu":"102200000E0084","type_lien":"GEO","nb_adr":1,"nb_bat":2}},{"type":"Feature","id":"lien_adresse_bati.2760026","geometry":{"type":"LineString","coordinates":[[3.77867002,48.50288442],[3.77858553,48.50266546]]},"geometry_name":"geom","properties":{"id_adr":"10220_0010_00015","id_bat":"BATIMENT0000000301148799","idu":"102200000E0084","type_lien":"GEO","nb_adr":1,"nb_bat":2}},{"type":"Feature","id":"lien_adresse_bati.2779364","geometry":{"type":"LineString","coordinates":[[3.77838308,48.50307072],[3.77852137,48.50312995]]},"geometry_name":"geom","properties":{"id_adr":"10220_0010_00016","id_bat":"BATIMENT0000000301148856","idu":"102200000E0385","type_lien":"GEO","nb_adr":2,"nb_bat":4}},{"type":"Feature","id":"lien_adresse_bati.2843596","geometry":{"type":"LineString","coordinates":[[3.77838308,48.50307072],[3.77864669,48.50349265]]},"geometry_name":"geom","properties":{"id_adr":"10220_0010_00016","id_bat":"BATIMENT0000000301148845","idu":"102200000E0385","type_lien":"GEO","nb_adr":2,"nb_bat":4}},{"type":"Feature","id":"lien_adresse_bati.2916344","geometry":{"type":"LineString","coordinates":[[3.77838308,48.50307072],[3.77817473,48.50319741]]},"geometry_name":"geom","properties":{"id_adr":"10220_0010_00016","id_bat":"BATIMENT0000000301148853","idu":"102200000E0385","type_lien":"GEO","nb_adr":2,"nb_bat":4}},{"type":"Feature","id":"lien_adresse_bati.2728987","geometry":{"type":"LineString","coordinates":[[3.77838308,48.50307072],[3.77868932,48.50319772]]},"geometry_name":"geom","properties":{"id_adr":"10220_0010_00016","id_bat":"BATIMENT0000000301148842","idu":"102200000E0385","type_lien":"GEO","nb_adr":2,"nb_bat":4}},{"type":"Feature","id":"lien_adresse_bati.2697182","geometry":{"type":"LineString","coordinates":[[3.77834135,48.50299543],[3.77823866,48.50286115]]},"geometry_name":"geom","properties":{"id_adr":"10220_0010_00017","id_bat":"BATIMENT0000000301148804","idu":"102200000E0734","type_lien":"GEO","nb_adr":2,"nb_bat":1}},{"type":"Feature","id":"lien_adresse_bati.2718416","geometry":{"type":"LineString","coordinates":[[3.77838444,48.50297985],[3.77823866,48.50286115]]},"geometry_name":"geom","properties":{"id_adr":"10220_0010_00017_a","id_bat":"BATIMENT0000000301148804","idu":"102200000E0734","type_lien":"GEO","nb_adr":2,"nb_bat":1}},{"type":"Feature","id":"lien_adresse_bati.2752831","geometry":{"type":"LineString","coordinates":[[3.77834265,48.50308268],[3.77852137,48.50312995]]},"geometry_name":"geom","properties":{"id_adr":"10220_0010_00018","id_bat":"BATIMENT0000000301148856","idu":"102200000E0385","type_lien":"GEO","nb_adr":2,"nb_bat":4}},{"type":"Feature","id":"lien_adresse_bati.2735716","geometry":{"type":"LineString","coordinates":[[3.77834265,48.50308268],[3.77817473,48.50319741]]},"geometry_name":"geom","properties":{"id_adr":"10220_0010_00018","id_bat":"BATIMENT0000000301148853","idu":"102200000E0385","type_lien":"GEO","nb_adr":2,"nb_bat":4}},{"type":"Feature","id":"lien_adresse_bati.2700954","geometry":{"type":"LineString","coordinates":[[3.77834265,48.50308268],[3.77868932,48.50319772]]},"geometry_name":"geom","properties":{"id_adr":"10220_0010_00018","id_bat":"BATIMENT0000000301148842","idu":"102200000E0385","type_lien":"GEO","nb_adr":2,"nb_bat":4}},{"type":"Feature","id":"lien_adresse_bati.2723204","geometry":{"type":"LineString","coordinates":[[3.77834265,48.50308268],[3.77864669,48.50349265]]},"geometry_name":"geom","properties":{"id_adr":"10220_0010_00018","id_bat":"BATIMENT0000000301148845","idu":"102200000E0385","type_lien":"GEO","nb_adr":2,"nb_bat":4}},{"type":"Feature","id":"lien_adresse_bati.2780298","geometry":{"type":"LineString","coordinates":[[3.77811376,48.50307609],[3.77782084,48.50267632]]},"geometry_name":"geom","properties":{"id_adr":"10220_0010_00019","id_bat":"BATIMENT0000000301148851","idu":"102200000E0086","type_lien":"GEO","nb_adr":1,"nb_bat":3}},{"type":"Feature","id":"lien_adresse_bati.2721358","geometry":{"type":"LineString","coordinates":[[3.77811376,48.50307609],[3.77786545,48.50290047]]},"geometry_name":"geom","properties":{"id_adr":"10220_0010_00019","id_bat":"BATIMENT0000000301148861","idu":"102200000E0086","type_lien":"GEO","nb_adr":1,"nb_bat":3}},{"type":"Feature","id":"lien_adresse_bati.2753796","geometry":{"type":"LineString","coordinates":[[3.77811376,48.50307609],[3.77802846,48.50299838]]},"geometry_name":"geom","properties":{"id_adr":"10220_0010_00019","id_bat":"BATIMENT0000000301148802","idu":"102200000E0086","type_lien":"GEO","nb_adr":1,"nb_bat":3}},{"type":"Feature","id":"lien_adresse_bati.2877658","geometry":{"type":"LineString","coordinates":[[3.77746022,48.50328098],[3.77734932,48.50301709]]},"geometry_name":"geom","properties":{"id_adr":"10220_0010_00021","id_bat":"BATIMENT0000000301148905","idu":"102200000E0093","type_lien":"GEO","nb_adr":1,"nb_bat":2}},{"type":"Feature","id":"lien_adresse_bati.2895922","geometry":{"type":"LineString","coordinates":[[3.77746022,48.50328098],[3.77730988,48.50308735]]},"geometry_name":"geom","properties":{"id_adr":"10220_0010_00021","id_bat":"BATIMENT0000000301148907","idu":"102200000E0093","type_lien":"GEO","nb_adr":1,"nb_bat":2}},{"type":"Feature","id":"lien_adresse_bati.2673368","geometry":{"type":"LineString","coordinates":[[3.77662508,48.50356443],[3.77648988,48.50346352]]},"geometry_name":"geom","properties":{"id_adr":"10220_0010_00021_bis","id_bat":"BATIMENT0000000301148865","idu":"102200000E0098","type_lien":"GEO","nb_adr":1,"nb_bat":1}},{"type":"Feature","id":"lien_adresse_bati.2699698","geometry":{"type":"LineString","coordinates":[[3.77840567,48.50404578],[3.7784427,48.5036894]]},"geometry_name":"geom","properties":{"id_adr":"10220_0010_00022","id_bat":"BATIMENT0000000292129081","idu":"102200000E0387","type_lien":"GEO","nb_adr":1,"nb_bat":2}},{"type":"Feature","id":"lien_adresse_bati.2907458","geometry":{"type":"LineString","coordinates":[[3.77840567,48.50404578],[3.77838432,48.50379322]]},"geometry_name":"geom","properties":{"id_adr":"10220_0010_00022","id_bat":"BATIMENT0000000301148809","idu":"102200000E0387","type_lien":"GEO","nb_adr":1,"nb_bat":2}},{"type":"Feature","id":"lien_adresse_bati.2871364","geometry":{"type":"LineString","coordinates":[[3.77805764,48.50349118],[3.77806125,48.50357663]]},"geometry_name":"geom","properties":{"id_adr":"10220_0010_00023","id_bat":"BATIMENT0000000301148858","idu":"102200000E0090","type_lien":"GEO","nb_adr":1,"nb_bat":2}},{"type":"Feature","id":"lien_adresse_bati.2849564","geometry":{"type":"LineString","coordinates":[[3.77805764,48.50349118],[3.7778682,48.50345153]]},"geometry_name":"geom","properties":{"id_adr":"10220_0010_00023","id_bat":"BATIMENT0000000301148860","idu":"102200000E0090","type_lien":"GEO","nb_adr":1,"nb_bat":2}},{"type":"Feature","id":"lien_adresse_bati.2917357","geometry":{"type":"LineString","coordinates":[[3.77907512,48.50418263],[3.77925809,48.50396853]]},"geometry_name":"geom","properties":{"id_adr":"10220_0010_00024","id_bat":"BATIMENT0000000301148808","idu":"102200000E0978","type_lien":"GEO","nb_adr":1,"nb_bat":1}},{"type":"Feature","id":"lien_adresse_bati.2749323","geometry":{"type":"LineString","coordinates":[[3.77853242,48.50419429],[3.77863108,48.5043199]]},"geometry_name":"geom","properties":{"id_adr":"10220_0010_00025","id_bat":"BATIMENT0000000301148727","idu":"102200000E0197","type_lien":"GEO","nb_adr":2,"nb_bat":1}},{"type":"Feature","id":"lien_adresse_bati.2688900","geometry":{"type":"LineString","coordinates":[[3.77963815,48.50417264],[3.77957417,48.5041336]]},"geometry_name":"geom","properties":{"id_adr":"10220_0010_00026","id_bat":"BATIMENT0000000301148730","idu":"102200000E0392","type_lien":"GEO","nb_adr":1,"nb_bat":2}},{"type":"Feature","id":"lien_adresse_bati.2887589","geometry":{"type":"LineString","coordinates":[[3.77963815,48.50417264],[3.77952069,48.50414755]]},"geometry_name":"geom","properties":{"id_adr":"10220_0010_00026","id_bat":"BATIMENT0000000301148729","idu":"102200000E0392","type_lien":"GEO","nb_adr":1,"nb_bat":2}},{"type":"Feature","id":"lien_adresse_bati.2815384","geometry":{"type":"LineString","coordinates":[[3.77870219,48.50423096],[3.77863108,48.5043199]]},"geometry_name":"geom","properties":{"id_adr":"10220_0010_00027","id_bat":"BATIMENT0000000301148727","idu":"102200000E0197","type_lien":"GEO","nb_adr":2,"nb_bat":1}},{"type":"Feature","id":"lien_adresse_bati.2805685","geometry":{"type":"LineString","coordinates":[[3.78005381,48.50408445],[3.77993006,48.50400172]]},"geometry_name":"geom","properties":{"id_adr":"10220_0010_00028","id_bat":"BATIMENT0000000301148806","idu":"102200000E0396","type_lien":"GEO","nb_adr":1,"nb_bat":2}},{"type":"Feature","id":"lien_adresse_bati.2843050","geometry":{"type":"LineString","coordinates":[[3.78005381,48.50408445],[3.77982358,48.50374633]]},"geometry_name":"geom","properties":{"id_adr":"10220_0010_00028","id_bat":"BATIMENT0000000301148843","idu":"102200000E0396","type_lien":"GEO","nb_adr":1,"nb_bat":2}},{"type":"Feature","id":"lien_adresse_bati.2913265","geometry":{"type":"LineString","coordinates":[[3.78038925,48.50397339],[3.78040338,48.50378572]]},"geometry_name":"geom","properties":{"id_adr":"10220_0010_00030","id_bat":"BATIMENT0000000301149020","idu":"102200000E0757","type_lien":"GEO","nb_adr":1,"nb_bat":3}},{"type":"Feature","id":"lien_adresse_bati.2781067","geometry":{"type":"LineString","coordinates":[[3.78038925,48.50397339],[3.78037188,48.50394276]]},"geometry_name":"geom","properties":{"id_adr":"10220_0010_00030","id_bat":"BATIMENT0000000301148686","idu":"102200000E0757","type_lien":"GEO","nb_adr":1,"nb_bat":3}},{"type":"Feature","id":"lien_adresse_bati.2897658","geometry":{"type":"LineString","coordinates":[[3.78038925,48.50397339],[3.78016694,48.50398221]]},"geometry_name":"geom","properties":{"id_adr":"10220_0010_00030","id_bat":"BATIMENT0000000301148662","idu":"102200000E0757","type_lien":"GEO","nb_adr":1,"nb_bat":3}},{"type":"Feature","id":"lien_adresse_bati.2797483","geometry":{"type":"LineString","coordinates":[[3.77972037,48.50423957],[3.77969866,48.50433257]]},"geometry_name":"geom","properties":{"id_adr":"10220_0010_00033","id_bat":"BATIMENT0000000301148723","idu":"102200000E0473","type_lien":"GEO","nb_adr":2,"nb_bat":1}},{"type":"Feature","id":"lien_adresse_bati.2809359","geometry":{"type":"LineString","coordinates":[[3.77952716,48.50426513],[3.77950452,48.50454069]]},"geometry_name":"geom","properties":{"id_adr":"10220_0010_00033_a","id_bat":"BATIMENT0000000301148999","idu":"102200000E0476","type_lien":"GEO","nb_adr":1,"nb_bat":1}},{"type":"Feature","id":"lien_adresse_bati.2664576","geometry":{"type":"LineString","coordinates":[[3.7796475,48.50425535],[3.77965184,48.5043378]]},"geometry_name":"geom","properties":{"id_adr":"10220_0010_00033_b","id_bat":"BATIMENT0000000301148723","idu":"102200000E0475","type_lien":"GEO","nb_adr":2,"nb_bat":1}},{"type":"Feature","id":"lien_adresse_bati.2696278","geometry":{"type":"LineString","coordinates":[[3.78089679,48.50378203],[3.78068226,48.50364897]]},"geometry_name":"geom","properties":{"id_adr":"10220_0010_00034","id_bat":"BATIMENT0000000301148660","idu":"102200000E0401","type_lien":"GEO","nb_adr":1,"nb_bat":1}},{"type":"Feature","id":"lien_adresse_bati.2887475","geometry":{"type":"LineString","coordinates":[[3.78005917,48.50417168],[3.78012532,48.50429584]]},"geometry_name":"geom","properties":{"id_adr":"10220_0010_00035","id_bat":"BATIMENT0000000301148724","idu":"102200000E0683","type_lien":"GEO","nb_adr":1,"nb_bat":1}},{"type":"Feature","id":"lien_adresse_bati.2792361","geometry":{"type":"LineString","coordinates":[[3.78129942,48.50363814],[3.78088542,48.50317217]]},"geometry_name":"geom","properties":{"id_adr":"10220_0010_00036","id_bat":"BATIMENT0000000301148663","idu":"102200000E0402","type_lien":"GEO","nb_adr":1,"nb_bat":3}},{"type":"Feature","id":"lien_adresse_bati.2835173","geometry":{"type":"LineString","coordinates":[[3.78129942,48.50363814],[3.78109465,48.50360395]]},"geometry_name":"geom","properties":{"id_adr":"10220_0010_00036","id_bat":"BATIMENT0000000301148690","idu":"102200000E0402","type_lien":"GEO","nb_adr":1,"nb_bat":3}},{"type":"Feature","id":"lien_adresse_bati.2855670","geometry":{"type":"LineString","coordinates":[[3.78129942,48.50363814],[3.78138595,48.50331187]]},"geometry_name":"geom","properties":{"id_adr":"10220_0010_00036","id_bat":"BATIMENT0000000301148614","idu":"102200000E0402","type_lien":"GEO","nb_adr":1,"nb_bat":3}},{"type":"Feature","id":"lien_adresse_bati.2718934","geometry":{"type":"LineString","coordinates":[[3.78077292,48.50391869],[3.7807486,48.50414853]]},"geometry_name":"geom","properties":{"id_adr":"10220_0010_00039","id_bat":"BATIMENT0000000301148553","idu":"102200000E0463","type_lien":"GEO","nb_adr":1,"nb_bat":2}},{"type":"Feature","id":"lien_adresse_bati.2757782","geometry":{"type":"LineString","coordinates":[[3.78077292,48.50391869],[3.78088306,48.50400658]]},"geometry_name":"geom","properties":{"id_adr":"10220_0010_00039","id_bat":"BATIMENT0000000301148695","idu":"102200000E0463","type_lien":"GEO","nb_adr":1,"nb_bat":2}},{"type":"Feature","id":"lien_adresse_bati.2866766","geometry":{"type":"LineString","coordinates":[[3.79119503,48.50746178],[3.79129967,48.50757218]]},"geometry_name":"geom","properties":{"id_adr":"10220_0015_00001","id_bat":"BATIMENT0000000301149698","idu":"102200000D1911","type_lien":"GEO","nb_adr":1,"nb_bat":1}},{"type":"Feature","id":"lien_adresse_bati.2735314","geometry":{"type":"LineString","coordinates":[[3.79142971,48.50731267],[3.79181943,48.50745177]]},"geometry_name":"geom","properties":{"id_adr":"10220_0015_00003","id_bat":"BATIMENT0000000301149805","idu":"102200000D1910","type_lien":"GEO","nb_adr":1,"nb_bat":2}},{"type":"Feature","id":"lien_adresse_bati.2677236","geometry":{"type":"LineString","coordinates":[[3.79142971,48.50731267],[3.79156159,48.50743325]]},"geometry_name":"geom","properties":{"id_adr":"10220_0015_00003","id_bat":"BATIMENT0000000301149379","idu":"102200000D1910","type_lien":"GEO","nb_adr":1,"nb_bat":2}},{"type":"Feature","id":"lien_adresse_bati.2894953","geometry":{"type":"LineString","coordinates":[[3.79158078,48.50718572],[3.79176936,48.50729647]]},"geometry_name":"geom","properties":{"id_adr":"10220_0015_00005","id_bat":"BATIMENT0000000301149353","idu":"102200000D1909","type_lien":"GEO","nb_adr":1,"nb_bat":3}},{"type":"Feature","id":"lien_adresse_bati.2767758","geometry":{"type":"LineString","coordinates":[[3.79158078,48.50718572],[3.79188298,48.50711668]]},"geometry_name":"geom","properties":{"id_adr":"10220_0015_00005","id_bat":"BATIMENT0000000301149342","idu":"102200000D1909","type_lien":"GEO","nb_adr":1,"nb_bat":3}},{"type":"Feature","id":"lien_adresse_bati.2854063","geometry":{"type":"LineString","coordinates":[[3.79158078,48.50718572],[3.79175517,48.50725833]]},"geometry_name":"geom","properties":{"id_adr":"10220_0015_00005","id_bat":"BATIMENT0000000301149352","idu":"102200000D1909","type_lien":"GEO","nb_adr":1,"nb_bat":3}},{"type":"Feature","id":"lien_adresse_bati.2915358","geometry":{"type":"LineString","coordinates":[[3.79156197,48.50701581],[3.79152537,48.50690585]]},"geometry_name":"geom","properties":{"id_adr":"10220_0015_00007","id_bat":"BATIMENT0000000301149278","idu":"102200000D1907","type_lien":"GEO","nb_adr":2,"nb_bat":1}},{"type":"Feature","id":"lien_adresse_bati.2665019","geometry":{"type":"LineString","coordinates":[[3.79140616,48.50682883],[3.79152537,48.50690585]]},"geometry_name":"geom","properties":{"id_adr":"10220_0015_00009","id_bat":"BATIMENT0000000301149278","idu":"102200000D1907","type_lien":"GEO","nb_adr":2,"nb_bat":1}},{"type":"Feature","id":"lien_adresse_bati.2684295","geometry":{"type":"LineString","coordinates":[[3.79129049,48.50687908],[3.79128405,48.50672978]]},"geometry_name":"geom","properties":{"id_adr":"10220_0015_00011","id_bat":"BATIMENT0000000301149812","idu":"102200000D1906","type_lien":"GEO","nb_adr":1,"nb_bat":2}},{"type":"Feature","id":"lien_adresse_bati.2803581","geometry":{"type":"LineString","coordinates":[[3.79129049,48.50687908],[3.79121505,48.50692321]]},"geometry_name":"geom","properties":{"id_adr":"10220_0015_00011","id_bat":"BATIMENT0000000301149700","idu":"102200000D1906","type_lien":"GEO","nb_adr":1,"nb_bat":2}},{"type":"Feature","id":"lien_adresse_bati.2800866","geometry":{"type":"LineString","coordinates":[[3.78745065,48.50595907],[3.78763422,48.5059671]]},"geometry_name":"geom","properties":{"id_adr":"10220_0017_00001","id_bat":"BATIMENT0000000292129111","idu":"102200000D2359","type_lien":"GEO","nb_adr":1,"nb_bat":1}},{"type":"Feature","id":"lien_adresse_bati.2795750","geometry":{"type":"LineString","coordinates":[[3.78709895,48.50579857],[3.78706425,48.50589146]]},"geometry_name":"geom","properties":{"id_adr":"10220_0017_00002","id_bat":"BATIMENT0000000292129107","idu":"102200000D2350","type_lien":"GEO","nb_adr":2,"nb_bat":1}},{"type":"Feature","id":"lien_adresse_bati.2668983","geometry":{"type":"LineString","coordinates":[[3.78744826,48.50579985],[3.78765095,48.50572927]]},"geometry_name":"geom","properties":{"id_adr":"10220_0017_00003","id_bat":"BATIMENT0000000292129114","idu":"102200000D2360","type_lien":"GEO","nb_adr":1,"nb_bat":1}},{"type":"Feature","id":"lien_adresse_bati.2709988","geometry":{"type":"LineString","coordinates":[[3.78696063,48.50578329],[3.78706425,48.50589146]]},"geometry_name":"geom","properties":{"id_adr":"10220_0017_00004","id_bat":"BATIMENT0000000292129107","idu":"102200000D2350","type_lien":"GEO","nb_adr":2,"nb_bat":1}},{"type":"Feature","id":"lien_adresse_bati.2693321","geometry":{"type":"LineString","coordinates":[[3.78751138,48.50549536],[3.78764326,48.50543071]]},"geometry_name":"geom","properties":{"id_adr":"10220_0017_00005","id_bat":"BATIMENT0000000292129104","idu":"102200000D2361","type_lien":"GEO","nb_adr":2,"nb_bat":1}},{"type":"Feature","id":"lien_adresse_bati.2732134","geometry":{"type":"LineString","coordinates":[[3.78692224,48.50575116],[3.78679968,48.50556833]]},"geometry_name":"geom","properties":{"id_adr":"10220_0017_00006","id_bat":"BATIMENT0000000292129110","idu":"102200000D2343","type_lien":"GEO","nb_adr":4,"nb_bat":1}},{"type":"Feature","id":"lien_adresse_bati.2742394","geometry":{"type":"LineString","coordinates":[[3.78747153,48.50536608],[3.78764326,48.50543071]]},"geometry_name":"geom","properties":{"id_adr":"10220_0017_00007","id_bat":"BATIMENT0000000292129104","idu":"102200000D2361","type_lien":"GEO","nb_adr":2,"nb_bat":1}},{"type":"Feature","id":"lien_adresse_bati.2725155","geometry":{"type":"LineString","coordinates":[[3.7868927,48.50558672],[3.78679968,48.50556833]]},"geometry_name":"geom","properties":{"id_adr":"10220_0017_00008","id_bat":"BATIMENT0000000292129110","idu":"102200000D2343","type_lien":"GEO","nb_adr":4,"nb_bat":1}},{"type":"Feature","id":"lien_adresse_bati.2856938","geometry":{"type":"LineString","coordinates":[[3.78689252,48.50557503],[3.78679968,48.50556833]]},"geometry_name":"geom","properties":{"id_adr":"10220_0017_00010","id_bat":"BATIMENT0000000292129110","idu":"102200000D2343","type_lien":"GEO","nb_adr":4,"nb_bat":1}},{"type":"Feature","id":"lien_adresse_bati.2915959","geometry":{"type":"LineString","coordinates":[[3.7868928,48.50541309],[3.78679968,48.50556833]]},"geometry_name":"geom","properties":{"id_adr":"10220_0017_00012","id_bat":"BATIMENT0000000292129110","idu":"102200000D2343","type_lien":"GEO","nb_adr":4,"nb_bat":1}},{"type":"Feature","id":"lien_adresse_bati.2765105","geometry":{"type":"LineString","coordinates":[[3.78561583,48.50521193],[3.78567543,48.50530753]]},"geometry_name":"geom","properties":{"id_adr":"10220_0020_00002","id_bat":"BATIMENT0000000301149712","idu":"102200000D0067","type_lien":"GEO","nb_adr":1,"nb_bat":1}},{"type":"Feature","id":"lien_adresse_bati.2730903","geometry":{"type":"LineString","coordinates":[[3.78522402,48.5052649],[3.78525423,48.50528143]]},"geometry_name":"geom","properties":{"id_adr":"10220_0020_00004","id_bat":"BATIMENT0000000301149759","idu":"102200000D0066","type_lien":"GEO","nb_adr":2,"nb_bat":1}},{"type":"Feature","id":"lien_adresse_bati.2816719","geometry":{"type":"LineString","coordinates":[[3.78518499,48.50528045],[3.78525423,48.50528143]]},"geometry_name":"geom","properties":{"id_adr":"10220_0020_00006","id_bat":"BATIMENT0000000301149759","idu":"102200000D0066","type_lien":"GEO","nb_adr":2,"nb_bat":1}},{"type":"Feature","id":"lien_adresse_bati.2908911","geometry":{"type":"LineString","coordinates":[[3.78527945,48.50544086],[3.78530415,48.50544559]]},"geometry_name":"geom","properties":{"id_adr":"10220_0020_00008","id_bat":"BATIMENT0000000301149761","idu":"102200000D0064","type_lien":"GEO","nb_adr":1,"nb_bat":1}},{"type":"Feature","id":"lien_adresse_bati.2685645","geometry":{"type":"LineString","coordinates":[[3.77934871,48.50437336],[3.7789688,48.50446266]]},"geometry_name":"geom","properties":{"id_adr":"10220_0030_00001","id_bat":"BATIMENT0000000301148525","idu":"102200000E0648","type_lien":"GEO","nb_adr":1,"nb_bat":2}},{"type":"Feature","id":"lien_adresse_bati.2693663","geometry":{"type":"LineString","coordinates":[[3.77934871,48.50437336],[3.77922083,48.50437645]]},"geometry_name":"geom","properties":{"id_adr":"10220_0030_00001","id_bat":"BATIMENT0000000301148728","idu":"102200000E0648","type_lien":"GEO","nb_adr":1,"nb_bat":2}},{"type":"Feature","id":"lien_adresse_bati.2810718","geometry":{"type":"LineString","coordinates":[[3.77936193,48.50462517],[3.77913273,48.50464332]]},"geometry_name":"geom","properties":{"id_adr":"10220_0030_00003","id_bat":"BATIMENT0000000301148720","idu":"102200000E0649","type_lien":"GEO","nb_adr":1,"nb_bat":2}},{"type":"Feature","id":"lien_adresse_bati.2666951","geometry":{"type":"LineString","coordinates":[[3.77936193,48.50462517],[3.77928527,48.50470929]]},"geometry_name":"geom","properties":{"id_adr":"10220_0030_00003","id_bat":"BATIMENT0000000301148719","idu":"102200000E0649","type_lien":"GEO","nb_adr":1,"nb_bat":2}},{"type":"Feature","id":"lien_adresse_bati.2856533","geometry":{"type":"LineString","coordinates":[[3.77937145,48.50481043],[3.7793175,48.50486963]]},"geometry_name":"geom","properties":{"id_adr":"10220_0030_00011","id_bat":"BATIMENT0000000301149212","idu":"102200000E0201","type_lien":"GEO","nb_adr":2,"nb_bat":2}},{"type":"Feature","id":"lien_adresse_bati.2715910","geometry":{"type":"LineString","coordinates":[[3.77937145,48.50481043],[3.77914471,48.50486365]]},"geometry_name":"geom","properties":{"id_adr":"10220_0030_00011","id_bat":"BATIMENT0000000301149221","idu":"102200000E0201","type_lien":"GEO","nb_adr":2,"nb_bat":2}},{"type":"Feature","id":"lien_adresse_bati.2870453","geometry":{"type":"LineString","coordinates":[[3.77937085,48.50476995],[3.7793175,48.50486963]]},"geometry_name":"geom","properties":{"id_adr":"10220_0030_00013","id_bat":"BATIMENT0000000301149212","idu":"102200000E0201","type_lien":"GEO","nb_adr":2,"nb_bat":2}},{"type":"Feature","id":"lien_adresse_bati.2710159","geometry":{"type":"LineString","coordinates":[[3.77937085,48.50476995],[3.77914471,48.50486365]]},"geometry_name":"geom","properties":{"id_adr":"10220_0030_00013","id_bat":"BATIMENT0000000301149221","idu":"102200000E0201","type_lien":"GEO","nb_adr":2,"nb_bat":2}},{"type":"Feature","id":"lien_adresse_bati.2834908","geometry":{"type":"LineString","coordinates":[[3.80820564,48.51241042],[3.80821861,48.51228502]]},"geometry_name":"geom","properties":{"id_adr":"10220_0040_00002","id_bat":"BATIMENT0000002006956402","idu":"102200000B1659","type_lien":"GEO","nb_adr":1,"nb_bat":1}},{"type":"Feature","id":"lien_adresse_bati.2774710","geometry":{"type":"LineString","coordinates":[[3.80827181,48.51248644],[3.80838625,48.51255652]]},"geometry_name":"geom","properties":{"id_adr":"10220_0040_00003","id_bat":"BATIMENT0000000301151852","idu":"102200000B0204","type_lien":"GEO","nb_adr":1,"nb_bat":1}},{"type":"Feature","id":"lien_adresse_bati.2811474","geometry":{"type":"LineString","coordinates":[[3.8086833,48.51239008],[3.80877782,48.51213035]]},"geometry_name":"geom","properties":{"id_adr":"10220_0040_00005","id_bat":"BATIMENT0000000301151850","idu":"102200000B1314","type_lien":"GEO","nb_adr":2,"nb_bat":2}},{"type":"Feature","id":"lien_adresse_bati.2753094","geometry":{"type":"LineString","coordinates":[[3.8086833,48.51239008],[3.80863999,48.51226488]]},"geometry_name":"geom","properties":{"id_adr":"10220_0040_00005","id_bat":"BATIMENT0000000301151922","idu":"102200000B1314","type_lien":"GEO","nb_adr":2,"nb_bat":2}},{"type":"Feature","id":"lien_adresse_bati.2695642","geometry":{"type":"LineString","coordinates":[[3.80962681,48.5122874],[3.80959713,48.5121657]]},"geometry_name":"geom","properties":{"id_adr":"10220_0040_00005_bis","id_bat":"BATIMENT0000000301151947","idu":"102200000B1521","type_lien":"GEO","nb_adr":1,"nb_bat":1}},{"type":"Feature","id":"lien_adresse_bati.2714984","geometry":{"type":"LineString","coordinates":[[3.80891058,48.51237774],[3.80863999,48.51226488]]},"geometry_name":"geom","properties":{"id_adr":"10220_0040_00006","id_bat":"BATIMENT0000000301151922","idu":"102200000B1314","type_lien":"GEO","nb_adr":2,"nb_bat":2}},{"type":"Feature","id":"lien_adresse_bati.2711162","geometry":{"type":"LineString","coordinates":[[3.80891058,48.51237774],[3.80877782,48.51213035]]},"geometry_name":"geom","properties":{"id_adr":"10220_0040_00006","id_bat":"BATIMENT0000000301151850","idu":"102200000B1314","type_lien":"GEO","nb_adr":2,"nb_bat":2}},{"type":"Feature","id":"lien_adresse_bati.2840483","geometry":{"type":"LineString","coordinates":[[3.81046032,48.51216296],[3.81040214,48.51199091]]},"geometry_name":"geom","properties":{"id_adr":"10220_0040_00007","id_bat":"BATIMENT0000000301151865","idu":"102200000B1291","type_lien":"GEO","nb_adr":1,"nb_bat":1}},{"type":"Feature","id":"lien_adresse_bati.2756252","geometry":{"type":"LineString","coordinates":[[3.81096254,48.51215594],[3.8109608,48.51199921]]},"geometry_name":"geom","properties":{"id_adr":"10220_0040_00008","id_bat":"BATIMENT0000000301151944","idu":"102200000B1516","type_lien":"GEO","nb_adr":1,"nb_bat":1}},{"type":"Feature","id":"lien_adresse_bati.2911768","geometry":{"type":"LineString","coordinates":[[3.80907819,48.51244677],[3.8091735,48.51255852]]},"geometry_name":"geom","properties":{"id_adr":"10220_0040_00009","id_bat":"BATIMENT0000002220709428","idu":"102200000B0209","type_lien":"GEO","nb_adr":1,"nb_bat":2}},{"type":"Feature","id":"lien_adresse_bati.2877829","geometry":{"type":"LineString","coordinates":[[3.80907819,48.51244677],[3.80906088,48.51259937]]},"geometry_name":"geom","properties":{"id_adr":"10220_0040_00009","id_bat":"BATIMENT0000000301151931","idu":"102200000B0209","type_lien":"GEO","nb_adr":1,"nb_bat":2}},{"type":"Feature","id":"lien_adresse_bati.2791950","geometry":{"type":"LineString","coordinates":[[3.81049541,48.51224369],[3.81038389,48.51251294]]},"geometry_name":"geom","properties":{"id_adr":"10220_0040_00011","id_bat":"BATIMENT0000000301151972","idu":"102200000B1614","type_lien":"GEO","nb_adr":1,"nb_bat":3}},{"type":"Feature","id":"lien_adresse_bati.2716114","geometry":{"type":"LineString","coordinates":[[3.81049541,48.51224369],[3.81043605,48.51234496]]},"geometry_name":"geom","properties":{"id_adr":"10220_0040_00011","id_bat":"BATIMENT0000000301151877","idu":"102200000B1614","type_lien":"GEO","nb_adr":1,"nb_bat":3}},{"type":"Feature","id":"lien_adresse_bati.2905332","geometry":{"type":"LineString","coordinates":[[3.81049541,48.51224369],[3.81048739,48.51243357]]},"geometry_name":"geom","properties":{"id_adr":"10220_0040_00011","id_bat":"BATIMENT0000000301151875","idu":"102200000B1614","type_lien":"GEO","nb_adr":1,"nb_bat":3}},{"type":"Feature","id":"lien_adresse_bati.2687853","geometry":{"type":"LineString","coordinates":[[3.81121141,48.51222621],[3.81161879,48.51250077]]},"geometry_name":"geom","properties":{"id_adr":"10220_0040_00019","id_bat":"BATIMENT0000000301151883","idu":"102200000B1613","type_lien":"GEO","nb_adr":1,"nb_bat":7}},{"type":"Feature","id":"lien_adresse_bati.2752762","geometry":{"type":"LineString","coordinates":[[3.81121141,48.51222621],[3.81123081,48.51238531]]},"geometry_name":"geom","properties":{"id_adr":"10220_0040_00019","id_bat":"BATIMENT0000000301151923","idu":"102200000B1613","type_lien":"GEO","nb_adr":1,"nb_bat":7}},{"type":"Feature","id":"lien_adresse_bati.2893793","geometry":{"type":"LineString","coordinates":[[3.81121141,48.51222621],[3.81104992,48.51254578]]},"geometry_name":"geom","properties":{"id_adr":"10220_0040_00019","id_bat":"BATIMENT0000000301151818","idu":"102200000B1613","type_lien":"GEO","nb_adr":1,"nb_bat":7}},{"type":"Feature","id":"lien_adresse_bati.2668875","geometry":{"type":"LineString","coordinates":[[3.81121141,48.51222621],[3.81145478,48.51250479]]},"geometry_name":"geom","properties":{"id_adr":"10220_0040_00019","id_bat":"BATIMENT0000000301151884","idu":"102200000B1613","type_lien":"GEO","nb_adr":1,"nb_bat":7}},{"type":"Feature","id":"lien_adresse_bati.2745486","geometry":{"type":"LineString","coordinates":[[3.81121141,48.51222621],[3.81105078,48.51247676]]},"geometry_name":"geom","properties":{"id_adr":"10220_0040_00019","id_bat":"BATIMENT0000000301151817","idu":"102200000B1613","type_lien":"GEO","nb_adr":1,"nb_bat":7}},{"type":"Feature","id":"lien_adresse_bati.2855232","geometry":{"type":"LineString","coordinates":[[3.81121141,48.51222621],[3.81160573,48.51233823]]},"geometry_name":"geom","properties":{"id_adr":"10220_0040_00019","id_bat":"BATIMENT0000000301151872","idu":"102200000B1613","type_lien":"GEO","nb_adr":1,"nb_bat":7}},{"type":"Feature","id":"lien_adresse_bati.2829234","geometry":{"type":"LineString","coordinates":[[3.81121141,48.51222621],[3.81123227,48.51230549]]},"geometry_name":"geom","properties":{"id_adr":"10220_0040_00019","id_bat":"BATIMENT0000000301151924","idu":"102200000B1613","type_lien":"GEO","nb_adr":1,"nb_bat":7}},{"type":"Feature","id":"lien_adresse_bati.2877961","geometry":{"type":"LineString","coordinates":[[3.7807734,48.50504323],[3.78063525,48.50502513]]},"geometry_name":"geom","properties":{"id_adr":"10220_0050_00001","id_bat":"BATIMENT0000000301149207","idu":"102200000E0468","type_lien":"GEO","nb_adr":1,"nb_bat":2}},{"type":"Feature","id":"lien_adresse_bati.2788374","geometry":{"type":"LineString","coordinates":[[3.7807734,48.50504323],[3.78084197,48.50507651]]},"geometry_name":"geom","properties":{"id_adr":"10220_0050_00001","id_bat":"BATIMENT0000000301149211","idu":"102200000E0468","type_lien":"GEO","nb_adr":1,"nb_bat":2}},{"type":"Feature","id":"lien_adresse_bati.2867245","geometry":{"type":"LineString","coordinates":[[3.78071988,48.50453979],[3.78072475,48.50454857]]},"geometry_name":"geom","properties":{"id_adr":"10220_0050_00002","id_bat":"BATIMENT0000000009358857","idu":"102200000E0470","type_lien":"GEO","nb_adr":2,"nb_bat":6}},{"type":"Feature","id":"lien_adresse_bati.2688461","geometry":{"type":"LineString","coordinates":[[3.78071988,48.50453979],[3.78072371,48.50434196]]},"geometry_name":"geom","properties":{"id_adr":"10220_0050_00002","id_bat":"BATIMENT0000000301148550","idu":"102200000E0470","type_lien":"GEO","nb_adr":2,"nb_bat":6}},{"type":"Feature","id":"lien_adresse_bati.2834732","geometry":{"type":"LineString","coordinates":[[3.78071988,48.50453979],[3.780883,48.50467501]]},"geometry_name":"geom","properties":{"id_adr":"10220_0050_00002","id_bat":"BATIMENT0000000301148546","idu":"102200000E0470","type_lien":"GEO","nb_adr":2,"nb_bat":6}},{"type":"Feature","id":"lien_adresse_bati.2839633","geometry":{"type":"LineString","coordinates":[[3.78071988,48.50453979],[3.78050857,48.5043045]]},"geometry_name":"geom","properties":{"id_adr":"10220_0050_00002","id_bat":"BATIMENT0000000301148552","idu":"102200000E0470","type_lien":"GEO","nb_adr":2,"nb_bat":6}},{"type":"Feature","id":"lien_adresse_bati.2815539","geometry":{"type":"LineString","coordinates":[[3.78071988,48.50453979],[3.78062672,48.50427155]]},"geometry_name":"geom","properties":{"id_adr":"10220_0050_00002","id_bat":"BATIMENT0000000301148551","idu":"102200000E0470","type_lien":"GEO","nb_adr":2,"nb_bat":6}},{"type":"Feature","id":"lien_adresse_bati.2801473","geometry":{"type":"LineString","coordinates":[[3.78071988,48.50453979],[3.78070429,48.50480798]]},"geometry_name":"geom","properties":{"id_adr":"10220_0050_00002","id_bat":"BATIMENT0000000301149117","idu":"102200000E0470","type_lien":"GEO","nb_adr":2,"nb_bat":6}},{"type":"Feature","id":"lien_adresse_bati.2852057","geometry":{"type":"LineString","coordinates":[[3.78108365,48.50505828],[3.78104976,48.50514577]]},"geometry_name":"geom","properties":{"id_adr":"10220_0050_00003","id_bat":"BATIMENT0000000301149210","idu":"102200000E0669","type_lien":"GEO","nb_adr":1,"nb_bat":1}},{"type":"Feature","id":"lien_adresse_bati.2776713","geometry":{"type":"LineString","coordinates":[[3.78055874,48.50462811],[3.780883,48.50467501]]},"geometry_name":"geom","properties":{"id_adr":"10220_0050_00004","id_bat":"BATIMENT0000000301148546","idu":"102200000E0470","type_lien":"GEO","nb_adr":2,"nb_bat":6}},{"type":"Feature","id":"lien_adresse_bati.2800703","geometry":{"type":"LineString","coordinates":[[3.78055874,48.50462811],[3.78070429,48.50480798]]},"geometry_name":"geom","properties":{"id_adr":"10220_0050_00004","id_bat":"BATIMENT0000000301149117","idu":"102200000E0470","type_lien":"GEO","nb_adr":2,"nb_bat":6}},{"type":"Feature","id":"lien_adresse_bati.2858308","geometry":{"type":"LineString","coordinates":[[3.78055874,48.50462811],[3.78050857,48.5043045]]},"geometry_name":"geom","properties":{"id_adr":"10220_0050_00004","id_bat":"BATIMENT0000000301148552","idu":"102200000E0470","type_lien":"GEO","nb_adr":2,"nb_bat":6}},{"type":"Feature","id":"lien_adresse_bati.2702269","geometry":{"type":"LineString","coordinates":[[3.78055874,48.50462811],[3.78072371,48.50434196]]},"geometry_name":"geom","properties":{"id_adr":"10220_0050_00004","id_bat":"BATIMENT0000000301148550","idu":"102200000E0470","type_lien":"GEO","nb_adr":2,"nb_bat":6}},{"type":"Feature","id":"lien_adresse_bati.2906713","geometry":{"type":"LineString","coordinates":[[3.78055874,48.50462811],[3.78062672,48.50427155]]},"geometry_name":"geom","properties":{"id_adr":"10220_0050_00004","id_bat":"BATIMENT0000000301148551","idu":"102200000E0470","type_lien":"GEO","nb_adr":2,"nb_bat":6}},{"type":"Feature","id":"lien_adresse_bati.2715903","geometry":{"type":"LineString","coordinates":[[3.78055874,48.50462811],[3.78072475,48.50454857]]},"geometry_name":"geom","properties":{"id_adr":"10220_0050_00004","id_bat":"BATIMENT0000000009358857","idu":"102200000E0470","type_lien":"GEO","nb_adr":2,"nb_bat":6}},{"type":"Feature","id":"lien_adresse_bati.2850285","geometry":{"type":"LineString","coordinates":[[3.78129861,48.50494711],[3.78125352,48.50487364]]},"geometry_name":"geom","properties":{"id_adr":"10220_0050_00008","id_bat":"BATIMENT0000000301149190","idu":"102200000E0465","type_lien":"GEO","nb_adr":1,"nb_bat":1}},{"type":"Feature","id":"lien_adresse_bati.2794772","geometry":{"type":"LineString","coordinates":[[3.78158302,48.50486338],[3.78162738,48.50479703]]},"geometry_name":"geom","properties":{"id_adr":"10220_0050_00010","id_bat":"BATIMENT0000000301149201","idu":"102200000E0646","type_lien":"GEO","nb_adr":1,"nb_bat":1}},{"type":"Feature","id":"lien_adresse_bati.2870097","geometry":{"type":"LineString","coordinates":[[3.79609343,48.51406833],[3.79596174,48.51412719]]},"geometry_name":"geom","properties":{"id_adr":"10220_0060_00005","id_bat":"BATIMENT0000000301149963","idu":"102200000B1211","type_lien":"GEO","nb_adr":1,"nb_bat":1}},{"type":"Feature","id":"lien_adresse_bati.2753476","geometry":{"type":"LineString","coordinates":[[3.79624705,48.51410868],[3.79639316,48.51409992]]},"geometry_name":"geom","properties":{"id_adr":"10220_0060_00006","id_bat":"BATIMENT0000000301149885","idu":"102200000B0067","type_lien":"GEO","nb_adr":1,"nb_bat":1}},{"type":"Feature","id":"lien_adresse_bati.2801001","geometry":{"type":"LineString","coordinates":[[3.79641025,48.51442336],[3.79664794,48.51441612]]},"geometry_name":"geom","properties":{"id_adr":"10220_0060_00008","id_bat":"BATIMENT0000000301149882","idu":"102200000B0076","type_lien":"GEO","nb_adr":1,"nb_bat":2}},{"type":"Feature","id":"lien_adresse_bati.2874189","geometry":{"type":"LineString","coordinates":[[3.79641025,48.51442336],[3.79646124,48.51441904]]},"geometry_name":"geom","properties":{"id_adr":"10220_0060_00008","id_bat":"BATIMENT0000000301149881","idu":"102200000B0076","type_lien":"GEO","nb_adr":1,"nb_bat":2}},{"type":"Feature","id":"lien_adresse_bati.2787834","geometry":{"type":"LineString","coordinates":[[3.79622134,48.51428788],[3.79603752,48.51433115]]},"geometry_name":"geom","properties":{"id_adr":"10220_0060_00009","id_bat":"BATIMENT0000000301149962","idu":"102200000B0057","type_lien":"GEO","nb_adr":2,"nb_bat":1}},{"type":"Feature","id":"lien_adresse_bati.2834375","geometry":{"type":"LineString","coordinates":[[3.79656388,48.5147318],[3.7966712,48.51475435]]},"geometry_name":"geom","properties":{"id_adr":"10220_0060_00010","id_bat":"BATIMENT0000000301149969","idu":"102200000B1214","type_lien":"GEO","nb_adr":1,"nb_bat":1}},{"type":"Feature","id":"lien_adresse_bati.2730277","geometry":{"type":"LineString","coordinates":[[3.79631646,48.51448876],[3.79619126,48.51455617]]},"geometry_name":"geom","properties":{"id_adr":"10220_0060_00011","id_bat":"BATIMENT0000000301149894","idu":"102200000B1478","type_lien":"GEO","nb_adr":1,"nb_bat":2}},{"type":"Feature","id":"lien_adresse_bati.2895259","geometry":{"type":"LineString","coordinates":[[3.79631646,48.51448876],[3.79608081,48.51442647]]},"geometry_name":"geom","properties":{"id_adr":"10220_0060_00011","id_bat":"BATIMENT0000000301149962","idu":"102200000B1478","type_lien":"GEO","nb_adr":2,"nb_bat":2}},{"type":"Feature","id":"lien_adresse_bati.2821131","geometry":{"type":"LineString","coordinates":[[3.79643097,48.5147174],[3.79625235,48.51476974]]},"geometry_name":"geom","properties":{"id_adr":"10220_0060_00013","id_bat":"BATIMENT0000000301150017","idu":"102200000B1576","type_lien":"GEO","nb_adr":1,"nb_bat":1}},{"type":"Feature","id":"lien_adresse_bati.2895359","geometry":{"type":"LineString","coordinates":[[3.79657101,48.51493327],[3.79641015,48.51499623]]},"geometry_name":"geom","properties":{"id_adr":"10220_0060_00015","id_bat":"BATIMENT0000000301149986","idu":"102200000B1577","type_lien":"GEO","nb_adr":1,"nb_bat":1}},{"type":"Feature","id":"lien_adresse_bati.2884702","geometry":{"type":"LineString","coordinates":[[3.79677666,48.51519008],[3.79666761,48.51523137]]},"geometry_name":"geom","properties":{"id_adr":"10220_0060_00017","id_bat":"BATIMENT0000000301149895","idu":"102200000B0052","type_lien":"GEO","nb_adr":1,"nb_bat":1}},{"type":"Feature","id":"lien_adresse_bati.2911598","geometry":{"type":"LineString","coordinates":[[3.80159131,48.51365263],[3.8014965,48.51349284]]},"geometry_name":"geom","properties":{"id_adr":"10220_0070_00005","id_bat":"BATIMENT0000000301151807","idu":"102200000B1332","type_lien":"GEO","nb_adr":1,"nb_bat":1}},{"type":"Feature","id":"lien_adresse_bati.2822004","geometry":{"type":"LineString","coordinates":[[3.80230664,48.51350116],[3.80222425,48.51350487]]},"geometry_name":"geom","properties":{"id_adr":"10220_0070_00007","id_bat":"BATIMENT0000000301151756","idu":"102200000B0289","type_lien":"GEO","nb_adr":1,"nb_bat":2}},{"type":"Feature","id":"lien_adresse_bati.2819928","geometry":{"type":"LineString","coordinates":[[3.80230664,48.51350116],[3.80220043,48.51341787]]},"geometry_name":"geom","properties":{"id_adr":"10220_0070_00007","id_bat":"BATIMENT0000000301151757","idu":"102200000B0289","type_lien":"GEO","nb_adr":1,"nb_bat":2}},{"type":"Feature","id":"lien_adresse_bati.2870778","geometry":{"type":"LineString","coordinates":[[3.80071543,48.51393112],[3.80095206,48.51393942]]},"geometry_name":"geom","properties":{"id_adr":"10220_0070_00008","id_bat":"BATIMENT0000000301151986","idu":"102200000B1632","type_lien":"GEO","nb_adr":2,"nb_bat":3}},{"type":"Feature","id":"lien_adresse_bati.2887606","geometry":{"type":"LineString","coordinates":[[3.80071543,48.51393112],[3.80119198,48.51390677]]},"geometry_name":"geom","properties":{"id_adr":"10220_0070_00008","id_bat":"BATIMENT0000000301152003","idu":"102200000B1632","type_lien":"GEO","nb_adr":2,"nb_bat":3}},{"type":"Feature","id":"lien_adresse_bati.2823651","geometry":{"type":"LineString","coordinates":[[3.80071543,48.51393112],[3.80123224,48.51395513]]},"geometry_name":"geom","properties":{"id_adr":"10220_0070_00008","id_bat":"BATIMENT0000000301152006","idu":"102200000B1632","type_lien":"GEO","nb_adr":2,"nb_bat":3}},{"type":"Feature","id":"lien_adresse_bati.2783248","geometry":{"type":"LineString","coordinates":[[3.80205017,48.51355327],[3.80166774,48.51316056]]},"geometry_name":"geom","properties":{"id_adr":"10220_0070_00009","id_bat":"BATIMENT0000000009355208","idu":"102200000B0140","type_lien":"GEO","nb_adr":1,"nb_bat":1}},{"type":"Feature","id":"lien_adresse_bati.2887310","geometry":{"type":"LineString","coordinates":[[3.80142653,48.51376799],[3.80149731,48.5138062]]},"geometry_name":"geom","properties":{"id_adr":"10220_0070_00014","id_bat":"BATIMENT0000000301151988","idu":"102200000B1608","type_lien":"GEO","nb_adr":1,"nb_bat":2}},{"type":"Feature","id":"lien_adresse_bati.2754895","geometry":{"type":"LineString","coordinates":[[3.80142653,48.51376799],[3.80152237,48.51385571]]},"geometry_name":"geom","properties":{"id_adr":"10220_0070_00014","id_bat":"BATIMENT0000000301151987","idu":"102200000B1608","type_lien":"GEO","nb_adr":1,"nb_bat":2}},{"type":"Feature","id":"lien_adresse_bati.2840013","geometry":{"type":"LineString","coordinates":[[3.80098383,48.51386184],[3.80095206,48.51393942]]},"geometry_name":"geom","properties":{"id_adr":"10220_0070_00016","id_bat":"BATIMENT0000000301151986","idu":"102200000B1632","type_lien":"GEO","nb_adr":2,"nb_bat":3}},{"type":"Feature","id":"lien_adresse_bati.2739101","geometry":{"type":"LineString","coordinates":[[3.80098383,48.51386184],[3.80119198,48.51390677]]},"geometry_name":"geom","properties":{"id_adr":"10220_0070_00016","id_bat":"BATIMENT0000000301152003","idu":"102200000B1632","type_lien":"GEO","nb_adr":2,"nb_bat":3}},{"type":"Feature","id":"lien_adresse_bati.2662703","geometry":{"type":"LineString","coordinates":[[3.80098383,48.51386184],[3.80123224,48.51395513]]},"geometry_name":"geom","properties":{"id_adr":"10220_0070_00016","id_bat":"BATIMENT0000000301152006","idu":"102200000B1632","type_lien":"GEO","nb_adr":2,"nb_bat":3}},{"type":"Feature","id":"lien_adresse_bati.2892204","geometry":{"type":"LineString","coordinates":[[3.77391772,48.50229292],[3.7739608,48.50218515]]},"geometry_name":"geom","properties":{"id_adr":"10220_0080_00001","id_bat":"BATIMENT0000000301148929","idu":"102200000E0809","type_lien":"GEO","nb_adr":3,"nb_bat":3}},{"type":"Feature","id":"lien_adresse_bati.2857573","geometry":{"type":"LineString","coordinates":[[3.77391772,48.50229292],[3.77393101,48.50209312]]},"geometry_name":"geom","properties":{"id_adr":"10220_0080_00001","id_bat":"BATIMENT0000000301148926","idu":"102200000E0809","type_lien":"GEO","nb_adr":3,"nb_bat":3}},{"type":"Feature","id":"lien_adresse_bati.2777036","geometry":{"type":"LineString","coordinates":[[3.77391772,48.50229292],[3.77392897,48.50202596]]},"geometry_name":"geom","properties":{"id_adr":"10220_0080_00001","id_bat":"BATIMENT0000000301148928","idu":"102200000E0809","type_lien":"GEO","nb_adr":3,"nb_bat":3}},{"type":"Feature","id":"lien_adresse_bati.2715186","geometry":{"type":"LineString","coordinates":[[3.77370693,48.50186067],[3.77392556,48.50181479]]},"geometry_name":"geom","properties":{"id_adr":"10220_0080_00003","id_bat":"BATIMENT0000000301148922","idu":"102200000E0861","type_lien":"GEO","nb_adr":1,"nb_bat":1}},{"type":"Feature","id":"lien_adresse_bati.2764078","geometry":{"type":"LineString","coordinates":[[3.77355462,48.50181398],[3.77333382,48.50205209]]},"geometry_name":"geom","properties":{"id_adr":"10220_0080_00006","id_bat":"BATIMENT0000000301148935","idu":"102200000E0833","type_lien":"GEO","nb_adr":5,"nb_bat":4}},{"type":"Feature","id":"lien_adresse_bati.2907196","geometry":{"type":"LineString","coordinates":[[3.77355462,48.50181398],[3.77358217,48.50201334]]},"geometry_name":"geom","properties":{"id_adr":"10220_0080_00006","id_bat":"BATIMENT0000000301148904","idu":"102200000E0833","type_lien":"GEO","nb_adr":2,"nb_bat":4}},{"type":"Feature","id":"lien_adresse_bati.2748150","geometry":{"type":"LineString","coordinates":[[3.77355462,48.50181398],[3.77344009,48.50179816]]},"geometry_name":"geom","properties":{"id_adr":"10220_0080_00006","id_bat":"BATIMENT0000000292129079","idu":"102200000E0833","type_lien":"GEO","nb_adr":3,"nb_bat":4}},{"type":"Feature","id":"lien_adresse_bati.2740285","geometry":{"type":"LineString","coordinates":[[3.77355462,48.50181398],[3.77342794,48.50191274]]},"geometry_name":"geom","properties":{"id_adr":"10220_0080_00006","id_bat":"BATIMENT0000000301148935","idu":"102200000E0833","type_lien":"GEO","nb_adr":5,"nb_bat":4}},{"type":"Feature","id":"lien_adresse_bati.2853767","geometry":{"type":"LineString","coordinates":[[3.77360342,48.50190992],[3.77333382,48.50205209]]},"geometry_name":"geom","properties":{"id_adr":"10220_0080_00006_a","id_bat":"BATIMENT0000000301148935","idu":"102200000E0833","type_lien":"GEO","nb_adr":5,"nb_bat":4}},{"type":"Feature","id":"lien_adresse_bati.2681944","geometry":{"type":"LineString","coordinates":[[3.77360342,48.50190992],[3.77342794,48.50191274]]},"geometry_name":"geom","properties":{"id_adr":"10220_0080_00006_a","id_bat":"BATIMENT0000000301148935","idu":"102200000E0833","type_lien":"GEO","nb_adr":5,"nb_bat":4}},{"type":"Feature","id":"lien_adresse_bati.2898733","geometry":{"type":"LineString","coordinates":[[3.77360342,48.50190992],[3.77344009,48.50179816]]},"geometry_name":"geom","properties":{"id_adr":"10220_0080_00006_a","id_bat":"BATIMENT0000000292129079","idu":"102200000E0833","type_lien":"GEO","nb_adr":3,"nb_bat":4}},{"type":"Feature","id":"lien_adresse_bati.2725892","geometry":{"type":"LineString","coordinates":[[3.77360342,48.50190992],[3.77358217,48.50201334]]},"geometry_name":"geom","properties":{"id_adr":"10220_0080_00006_a","id_bat":"BATIMENT0000000301148904","idu":"102200000E0833","type_lien":"GEO","nb_adr":2,"nb_bat":4}},{"type":"Feature","id":"lien_adresse_bati.2676239","geometry":{"type":"LineString","coordinates":[[3.77344453,48.50160059],[3.773353,48.50154452]]},"geometry_name":"geom","properties":{"id_adr":"10220_0080_00008","id_bat":"BATIMENT0000000301148757","idu":"102200000E0016","type_lien":"GEO","nb_adr":2,"nb_bat":3}},{"type":"Feature","id":"lien_adresse_bati.2836802","geometry":{"type":"LineString","coordinates":[[3.77344453,48.50160059],[3.77328958,48.50154314]]},"geometry_name":"geom","properties":{"id_adr":"10220_0080_00008","id_bat":"BATIMENT0000000301148758","idu":"102200000E0016","type_lien":"GEO","nb_adr":2,"nb_bat":3}},{"type":"Feature","id":"lien_adresse_bati.2885310","geometry":{"type":"LineString","coordinates":[[3.77344453,48.50160059],[3.77344245,48.50168067]]},"geometry_name":"geom","properties":{"id_adr":"10220_0080_00008","id_bat":"BATIMENT0000000301148871","idu":"102200000E0016","type_lien":"GEO","nb_adr":2,"nb_bat":3}},{"type":"Feature","id":"lien_adresse_bati.2837538","geometry":{"type":"LineString","coordinates":[[3.77336955,48.50147333],[3.77344245,48.50168067]]},"geometry_name":"geom","properties":{"id_adr":"10220_0080_00010","id_bat":"BATIMENT0000000301148871","idu":"102200000E0016","type_lien":"GEO","nb_adr":2,"nb_bat":3}},{"type":"Feature","id":"lien_adresse_bati.2772647","geometry":{"type":"LineString","coordinates":[[3.77336955,48.50147333],[3.77328958,48.50154314]]},"geometry_name":"geom","properties":{"id_adr":"10220_0080_00010","id_bat":"BATIMENT0000000301148758","idu":"102200000E0016","type_lien":"GEO","nb_adr":2,"nb_bat":3}},{"type":"Feature","id":"lien_adresse_bati.2764387","geometry":{"type":"LineString","coordinates":[[3.77336955,48.50147333],[3.773353,48.50154452]]},"geometry_name":"geom","properties":{"id_adr":"10220_0080_00010","id_bat":"BATIMENT0000000301148757","idu":"102200000E0016","type_lien":"GEO","nb_adr":2,"nb_bat":3}},{"type":"Feature","id":"lien_adresse_bati.2770468","geometry":{"type":"LineString","coordinates":[[3.77483054,48.50186145],[3.77469479,48.50157926]]},"geometry_name":"geom","properties":{"id_adr":"10220_0080_00081","id_bat":"BATIMENT0000000292129070","idu":"102200000E0021","type_lien":"GEO","nb_adr":1,"nb_bat":2}},{"type":"Feature","id":"lien_adresse_bati.2870149","geometry":{"type":"LineString","coordinates":[[3.77483054,48.50186145],[3.77481445,48.50184505]]},"geometry_name":"geom","properties":{"id_adr":"10220_0080_00081","id_bat":"BATIMENT0000000301148773","idu":"102200000E0021","type_lien":"GEO","nb_adr":1,"nb_bat":2}},{"type":"Feature","id":"lien_adresse_bati.2856889","geometry":{"type":"LineString","coordinates":[[3.80635168,48.51106818],[3.80644232,48.51096005]]},"geometry_name":"geom","properties":{"id_adr":"10220_0086_00005","id_bat":"BATIMENT0000002330331376","idu":"102200000F0406","type_lien":"GEO","nb_adr":1,"nb_bat":1}},{"type":"Feature","id":"lien_adresse_bati.2888086","geometry":{"type":"LineString","coordinates":[[3.77919355,48.50149105],[3.77932413,48.5014874]]},"geometry_name":"geom","properties":{"id_adr":"10220_0090_00001","id_bat":"BATIMENT0000000301148740","idu":"102200000E0865","type_lien":"GEO","nb_adr":3,"nb_bat":2}},{"type":"Feature","id":"lien_adresse_bati.2717080","geometry":{"type":"LineString","coordinates":[[3.77919355,48.50149105],[3.77932015,48.50144128]]},"geometry_name":"geom","properties":{"id_adr":"10220_0090_00001","id_bat":"BATIMENT0000000301148741","idu":"102200000E0865","type_lien":"GEO","nb_adr":3,"nb_bat":2}},{"type":"Feature","id":"lien_adresse_bati.2711563","geometry":{"type":"LineString","coordinates":[[3.78046664,48.50225908],[3.78051759,48.50231565]]},"geometry_name":"geom","properties":{"id_adr":"10220_0090_00002","id_bat":"BATIMENT0000000301148664","idu":"102200000E0377","type_lien":"GEO","nb_adr":1,"nb_bat":1}},{"type":"Feature","id":"lien_adresse_bati.2713132","geometry":{"type":"LineString","coordinates":[[3.77967672,48.50203036],[3.77991638,48.50220293]]},"geometry_name":"geom","properties":{"id_adr":"10220_0090_00004","id_bat":"BATIMENT0000000301148791","idu":"102200000E0976","type_lien":"GEO","nb_adr":2,"nb_bat":3}},{"type":"Feature","id":"lien_adresse_bati.2734087","geometry":{"type":"LineString","coordinates":[[3.77967672,48.50203036],[3.77965538,48.50237111]]},"geometry_name":"geom","properties":{"id_adr":"10220_0090_00004","id_bat":"BATIMENT0000000301148792","idu":"102200000E0976","type_lien":"GEO","nb_adr":2,"nb_bat":3}},{"type":"Feature","id":"lien_adresse_bati.2830934","geometry":{"type":"LineString","coordinates":[[3.77967672,48.50203036],[3.77928112,48.50217015]]},"geometry_name":"geom","properties":{"id_adr":"10220_0090_00004","id_bat":"BATIMENT0000000301148756","idu":"102200000E0976","type_lien":"GEO","nb_adr":2,"nb_bat":3}},{"type":"Feature","id":"lien_adresse_bati.2889335","geometry":{"type":"LineString","coordinates":[[3.77958658,48.50197697],[3.77928112,48.50217015]]},"geometry_name":"geom","properties":{"id_adr":"10220_0090_00005","id_bat":"BATIMENT0000000301148756","idu":"102200000E0976","type_lien":"GEO","nb_adr":2,"nb_bat":3}},{"type":"Feature","id":"lien_adresse_bati.2697053","geometry":{"type":"LineString","coordinates":[[3.77958658,48.50197697],[3.77965538,48.50237111]]},"geometry_name":"geom","properties":{"id_adr":"10220_0090_00005","id_bat":"BATIMENT0000000301148792","idu":"102200000E0976","type_lien":"GEO","nb_adr":2,"nb_bat":3}},{"type":"Feature","id":"lien_adresse_bati.2707957","geometry":{"type":"LineString","coordinates":[[3.77958658,48.50197697],[3.77991638,48.50220293]]},"geometry_name":"geom","properties":{"id_adr":"10220_0090_00005","id_bat":"BATIMENT0000000301148791","idu":"102200000E0976","type_lien":"GEO","nb_adr":2,"nb_bat":3}},{"type":"Feature","id":"lien_adresse_bati.2771152","geometry":{"type":"LineString","coordinates":[[3.77902305,48.50186102],[3.77903662,48.50186881]]},"geometry_name":"geom","properties":{"id_adr":"10220_0090_00008","id_bat":"BATIMENT0000002321386323","idu":"102200000E0364","type_lien":"BAN","nb_adr":1,"nb_bat":1}},{"type":"Feature","id":"lien_adresse_bati.2698495","geometry":{"type":"LineString","coordinates":[[3.79385898,48.51405089],[3.793599,48.51408321]]},"geometry_name":"geom","properties":{"id_adr":"10220_0100_00001","id_bat":"BATIMENT0000000301149910","idu":"102200000B0019","type_lien":"GEO","nb_adr":1,"nb_bat":1}},{"type":"Feature","id":"lien_adresse_bati.2900883","geometry":{"type":"LineString","coordinates":[[3.79394123,48.515102],[3.7938859,48.51505604]]},"geometry_name":"geom","properties":{"id_adr":"10220_0100_00003","id_bat":"BATIMENT0000000301149949","idu":"102200000B1412","type_lien":"GEO","nb_adr":3,"nb_bat":1}},{"type":"Feature","id":"lien_adresse_bati.2674300","geometry":{"type":"LineString","coordinates":[[3.79399511,48.51499369],[3.7938859,48.51505604]]},"geometry_name":"geom","properties":{"id_adr":"10220_0100_00005","id_bat":"BATIMENT0000000301149949","idu":"102200000B1412","type_lien":"GEO","nb_adr":3,"nb_bat":1}},{"type":"Feature","id":"lien_adresse_bati.2690597","geometry":{"type":"LineString","coordinates":[[3.79355221,48.51606],[3.79344517,48.51614506]]},"geometry_name":"geom","properties":{"id_adr":"10220_0100_00007","id_bat":"BATIMENT0000000301149926","idu":"102200000B1187","type_lien":"GEO","nb_adr":1,"nb_bat":1}},{"type":"Feature","id":"lien_adresse_bati.2880840","geometry":{"type":"LineString","coordinates":[[3.79364342,48.51627081],[3.79352999,48.51648044]]},"geometry_name":"geom","properties":{"id_adr":"10220_0100_00009","id_bat":"BATIMENT0000000301149924","idu":"102200000B0003","type_lien":"GEO","nb_adr":1,"nb_bat":2}},{"type":"Feature","id":"lien_adresse_bati.2765170","geometry":{"type":"LineString","coordinates":[[3.79364342,48.51627081],[3.79409776,48.51623545]]},"geometry_name":"geom","properties":{"id_adr":"10220_0100_00009","id_bat":"BATIMENT0000002494157236","idu":"102200000B0003","type_lien":"GEO","nb_adr":1,"nb_bat":2}},{"type":"Feature","id":"lien_adresse_bati.2718315","geometry":{"type":"LineString","coordinates":[[3.79399511,48.51499369],[3.7938859,48.51505604]]},"geometry_name":"geom","properties":{"id_adr":"10220_0100_00009_bis","id_bat":"BATIMENT0000000301149949","idu":"102200000B1412","type_lien":"GEO","nb_adr":3,"nb_bat":1}},{"type":"Feature","id":"lien_adresse_bati.2708210","geometry":{"type":"LineString","coordinates":[[3.79177249,48.50060092],[3.79186719,48.5006418]]},"geometry_name":"geom","properties":{"id_adr":"10220_0110_00001","id_bat":"BATIMENT0000000325110387","idu":"102200000H0328","type_lien":"GEO","nb_adr":3,"nb_bat":4}},{"type":"Feature","id":"lien_adresse_bati.2888310","geometry":{"type":"LineString","coordinates":[[3.79177249,48.50060092],[3.79197223,48.50063206]]},"geometry_name":"geom","properties":{"id_adr":"10220_0110_00001","id_bat":"BATIMENT0000000301149052","idu":"102200000H0328","type_lien":"GEO","nb_adr":3,"nb_bat":4}},{"type":"Feature","id":"lien_adresse_bati.2700806","geometry":{"type":"LineString","coordinates":[[3.79177249,48.50060092],[3.79202953,48.50062986]]},"geometry_name":"geom","properties":{"id_adr":"10220_0110_00001","id_bat":"BATIMENT0000000301149053","idu":"102200000H0328","type_lien":"GEO","nb_adr":3,"nb_bat":4}},{"type":"Feature","id":"lien_adresse_bati.2910190","geometry":{"type":"LineString","coordinates":[[3.79177249,48.50060092],[3.79201007,48.50050924]]},"geometry_name":"geom","properties":{"id_adr":"10220_0110_00001","id_bat":"BATIMENT0000000325110388","idu":"102200000H0328","type_lien":"GEO","nb_adr":4,"nb_bat":4}},{"type":"Feature","id":"lien_adresse_bati.2857198","geometry":{"type":"LineString","coordinates":[[3.7916025,48.50036995],[3.7906226,48.50042669]]},"geometry_name":"geom","properties":{"id_adr":"10220_0110_00002","id_bat":"BATIMENT0000000301149079","idu":"102200000H0047","type_lien":"GEO","nb_adr":1,"nb_bat":3}},{"type":"Feature","id":"lien_adresse_bati.2743141","geometry":{"type":"LineString","coordinates":[[3.7916025,48.50036995],[3.79089004,48.50029732]]},"geometry_name":"geom","properties":{"id_adr":"10220_0110_00002","id_bat":"BATIMENT0000000301149089","idu":"102200000H0047","type_lien":"GEO","nb_adr":1,"nb_bat":3}},{"type":"Feature","id":"lien_adresse_bati.2728118","geometry":{"type":"LineString","coordinates":[[3.7916025,48.50036995],[3.79084106,48.50041571]]},"geometry_name":"geom","properties":{"id_adr":"10220_0110_00002","id_bat":"BATIMENT0000000301149087","idu":"102200000H0047","type_lien":"GEO","nb_adr":1,"nb_bat":3}},{"type":"Feature","id":"lien_adresse_bati.2862598","geometry":{"type":"LineString","coordinates":[[3.79175496,48.50051557],[3.79197223,48.50063206]]},"geometry_name":"geom","properties":{"id_adr":"10220_0110_00003","id_bat":"BATIMENT0000000301149052","idu":"102200000H0328","type_lien":"GEO","nb_adr":3,"nb_bat":4}},{"type":"Feature","id":"lien_adresse_bati.2691843","geometry":{"type":"LineString","coordinates":[[3.79175496,48.50051557],[3.79202953,48.50062986]]},"geometry_name":"geom","properties":{"id_adr":"10220_0110_00003","id_bat":"BATIMENT0000000301149053","idu":"102200000H0328","type_lien":"GEO","nb_adr":3,"nb_bat":4}},{"type":"Feature","id":"lien_adresse_bati.2837184","geometry":{"type":"LineString","coordinates":[[3.79175496,48.50051557],[3.79201007,48.50050924]]},"geometry_name":"geom","properties":{"id_adr":"10220_0110_00003","id_bat":"BATIMENT0000000325110388","idu":"102200000H0328","type_lien":"GEO","nb_adr":4,"nb_bat":4}},{"type":"Feature","id":"lien_adresse_bati.2868862","geometry":{"type":"LineString","coordinates":[[3.79175496,48.50051557],[3.79186719,48.5006418]]},"geometry_name":"geom","properties":{"id_adr":"10220_0110_00003","id_bat":"BATIMENT0000000325110387","idu":"102200000H0328","type_lien":"GEO","nb_adr":3,"nb_bat":4}},{"type":"Feature","id":"lien_adresse_bati.2711213","geometry":{"type":"LineString","coordinates":[[3.79177987,48.50064135],[3.79202953,48.50062986]]},"geometry_name":"geom","properties":{"id_adr":"10220_0110_00005","id_bat":"BATIMENT0000000301149053","idu":"102200000H0328","type_lien":"GEO","nb_adr":3,"nb_bat":4}},{"type":"Feature","id":"lien_adresse_bati.2848755","geometry":{"type":"LineString","coordinates":[[3.79177987,48.50064135],[3.79186719,48.5006418]]},"geometry_name":"geom","properties":{"id_adr":"10220_0110_00005","id_bat":"BATIMENT0000000325110387","idu":"102200000H0328","type_lien":"GEO","nb_adr":3,"nb_bat":4}},{"type":"Feature","id":"lien_adresse_bati.2779012","geometry":{"type":"LineString","coordinates":[[3.79177987,48.50064135],[3.79197223,48.50063206]]},"geometry_name":"geom","properties":{"id_adr":"10220_0110_00005","id_bat":"BATIMENT0000000301149052","idu":"102200000H0328","type_lien":"GEO","nb_adr":3,"nb_bat":4}},{"type":"Feature","id":"lien_adresse_bati.2775338","geometry":{"type":"LineString","coordinates":[[3.79177987,48.50064135],[3.79201007,48.50050924]]},"geometry_name":"geom","properties":{"id_adr":"10220_0110_00005","id_bat":"BATIMENT0000000325110388","idu":"102200000H0328","type_lien":"GEO","nb_adr":4,"nb_bat":4}},{"type":"Feature","id":"lien_adresse_bati.2882027","geometry":{"type":"LineString","coordinates":[[3.79173743,48.50043022],[3.79200598,48.50048278]]},"geometry_name":"geom","properties":{"id_adr":"10220_0110_00007","id_bat":"BATIMENT0000000325110388","idu":"102200000H0329","type_lien":"GEO","nb_adr":4,"nb_bat":2}},{"type":"Feature","id":"lien_adresse_bati.2797548","geometry":{"type":"LineString","coordinates":[[3.79173743,48.50043022],[3.79184584,48.50043808]]},"geometry_name":"geom","properties":{"id_adr":"10220_0110_00007","id_bat":"BATIMENT0000000301149051","idu":"102200000H0329","type_lien":"GEO","nb_adr":1,"nb_bat":2}},{"type":"Feature","id":"lien_adresse_bati.2871253","geometry":{"type":"LineString","coordinates":[[3.79130799,48.49897297],[3.79079105,48.49905351]]},"geometry_name":"geom","properties":{"id_adr":"10220_0110_00010","id_bat":"BATIMENT0000000301149090","idu":"102200000H0043","type_lien":"GEO","nb_adr":1,"nb_bat":2}},{"type":"Feature","id":"lien_adresse_bati.2839063","geometry":{"type":"LineString","coordinates":[[3.79130799,48.49897297],[3.79115872,48.49899376]]},"geometry_name":"geom","properties":{"id_adr":"10220_0110_00010","id_bat":"BATIMENT0000000301149049","idu":"102200000H0043","type_lien":"GEO","nb_adr":1,"nb_bat":2}},{"type":"Feature","id":"lien_adresse_bati.2890478","geometry":{"type":"LineString","coordinates":[[3.79157382,48.49963513],[3.79177465,48.49962252]]},"geometry_name":"geom","properties":{"id_adr":"10220_0110_00015","id_bat":"BATIMENT0000000301149047","idu":"102200000H0338","type_lien":"GEO","nb_adr":1,"nb_bat":1}},{"type":"Feature","id":"lien_adresse_bati.2673027","geometry":{"type":"LineString","coordinates":[[3.79153881,48.49946803],[3.79169705,48.49945851]]},"geometry_name":"geom","properties":{"id_adr":"10220_0110_00017","id_bat":"BATIMENT0000000301149046","idu":"102200000H0339","type_lien":"GEO","nb_adr":1,"nb_bat":3}},{"type":"Feature","id":"lien_adresse_bati.2723555","geometry":{"type":"LineString","coordinates":[[3.79153881,48.49946803],[3.79195169,48.4994828]]},"geometry_name":"geom","properties":{"id_adr":"10220_0110_00017","id_bat":"BATIMENT0000000301149041","idu":"102200000H0339","type_lien":"GEO","nb_adr":1,"nb_bat":3}},{"type":"Feature","id":"lien_adresse_bati.2661409","geometry":{"type":"LineString","coordinates":[[3.79153881,48.49946803],[3.7919586,48.49942227]]},"geometry_name":"geom","properties":{"id_adr":"10220_0110_00017","id_bat":"BATIMENT0000000301149040","idu":"102200000H0339","type_lien":"GEO","nb_adr":1,"nb_bat":3}},{"type":"Feature","id":"lien_adresse_bati.2799058","geometry":{"type":"LineString","coordinates":[[3.79148485,48.4992111],[3.79167354,48.49920643]]},"geometry_name":"geom","properties":{"id_adr":"10220_0110_00019","id_bat":"BATIMENT0000000301149045","idu":"102200000H0334","type_lien":"GEO","nb_adr":1,"nb_bat":2}},{"type":"Feature","id":"lien_adresse_bati.2808885","geometry":{"type":"LineString","coordinates":[[3.79148485,48.4992111],[3.79166867,48.49916022]]},"geometry_name":"geom","properties":{"id_adr":"10220_0110_00019","id_bat":"BATIMENT0000000301149044","idu":"102200000H0334","type_lien":"GEO","nb_adr":2,"nb_bat":2}},{"type":"Feature","id":"lien_adresse_bati.2728825","geometry":{"type":"LineString","coordinates":[[3.79145156,48.49906828],[3.79166004,48.49907004]]},"geometry_name":"geom","properties":{"id_adr":"10220_0110_00021","id_bat":"BATIMENT0000000301149043","idu":"102200000H0335","type_lien":"GEO","nb_adr":1,"nb_bat":4}},{"type":"Feature","id":"lien_adresse_bati.2761166","geometry":{"type":"LineString","coordinates":[[3.79145156,48.49906828],[3.79185059,48.49894857]]},"geometry_name":"geom","properties":{"id_adr":"10220_0110_00021","id_bat":"BATIMENT0000000301149093","idu":"102200000H0335","type_lien":"GEO","nb_adr":1,"nb_bat":4}},{"type":"Feature","id":"lien_adresse_bati.2838039","geometry":{"type":"LineString","coordinates":[[3.79145156,48.49906828],[3.7918972,48.49909586]]},"geometry_name":"geom","properties":{"id_adr":"10220_0110_00021","id_bat":"BATIMENT0000000301149096","idu":"102200000H0335","type_lien":"GEO","nb_adr":1,"nb_bat":4}},{"type":"Feature","id":"lien_adresse_bati.2909215","geometry":{"type":"LineString","coordinates":[[3.79145156,48.49906828],[3.79166353,48.49910747]]},"geometry_name":"geom","properties":{"id_adr":"10220_0110_00021","id_bat":"BATIMENT0000000301149044","idu":"102200000H0335","type_lien":"GEO","nb_adr":2,"nb_bat":4}},{"type":"Feature","id":"lien_adresse_bati.2908587","geometry":{"type":"LineString","coordinates":[[3.79139823,48.49885272],[3.79156944,48.49885122]]},"geometry_name":"geom","properties":{"id_adr":"10220_0110_00023","id_bat":"BATIMENT0000000301149092","idu":"102200000H0374","type_lien":"GEO","nb_adr":1,"nb_bat":2}},{"type":"Feature","id":"lien_adresse_bati.2746722","geometry":{"type":"LineString","coordinates":[[3.79139823,48.49885272],[3.79155219,48.49877927]]},"geometry_name":"geom","properties":{"id_adr":"10220_0110_00023","id_bat":"BATIMENT0000000301149091","idu":"102200000H0374","type_lien":"GEO","nb_adr":1,"nb_bat":2}},{"type":"Feature","id":"lien_adresse_bati.2753033","geometry":{"type":"LineString","coordinates":[[3.78523417,48.50883817],[3.78521688,48.50899468]]},"geometry_name":"geom","properties":{"id_adr":"10220_0120_00002","id_bat":"BATIMENT0000000301149142","idu":"102200000D0453","type_lien":"GEO","nb_adr":1,"nb_bat":1}},{"type":"Feature","id":"lien_adresse_bati.2805405","geometry":{"type":"LineString","coordinates":[[3.78474872,48.50878829],[3.78465865,48.50864993]]},"geometry_name":"geom","properties":{"id_adr":"10220_0120_00003","id_bat":"BATIMENT0000000301149148","idu":"102200000D2028","type_lien":"GEO","nb_adr":1,"nb_bat":1}},{"type":"Feature","id":"lien_adresse_bati.2666411","geometry":{"type":"LineString","coordinates":[[3.7849393,48.50885721],[3.78482106,48.50898681]]},"geometry_name":"geom","properties":{"id_adr":"10220_0120_00006","id_bat":"BATIMENT0000000301149218","idu":"102200000D0454","type_lien":"GEO","nb_adr":1,"nb_bat":1}},{"type":"Feature","id":"lien_adresse_bati.2756758","geometry":{"type":"LineString","coordinates":[[3.78547508,48.51109284],[3.78535739,48.51113189]]},"geometry_name":"geom","properties":{"id_adr":"10220_0130_00002","id_bat":"BATIMENT0000000301149253","idu":"102200000D2543","type_lien":"GEO","nb_adr":3,"nb_bat":3}},{"type":"Feature","id":"lien_adresse_bati.2736470","geometry":{"type":"LineString","coordinates":[[3.78547508,48.51109284],[3.78526894,48.51113038]]},"geometry_name":"geom","properties":{"id_adr":"10220_0130_00002","id_bat":"BATIMENT0000000301149170","idu":"102200000D2543","type_lien":"GEO","nb_adr":3,"nb_bat":3}},{"type":"Feature","id":"lien_adresse_bati.2691971","geometry":{"type":"LineString","coordinates":[[3.78547508,48.51109284],[3.78546269,48.51113373]]},"geometry_name":"geom","properties":{"id_adr":"10220_0130_00002","id_bat":"BATIMENT0000000301149254","idu":"102200000D2543","type_lien":"GEO","nb_adr":3,"nb_bat":3}},{"type":"Feature","id":"lien_adresse_bati.2817153","geometry":{"type":"LineString","coordinates":[[3.78524967,48.51104935],[3.78526894,48.51113038]]},"geometry_name":"geom","properties":{"id_adr":"10220_0130_00006","id_bat":"BATIMENT0000000301149170","idu":"102200000D2543","type_lien":"GEO","nb_adr":3,"nb_bat":3}},{"type":"Feature","id":"lien_adresse_bati.2713933","geometry":{"type":"LineString","coordinates":[[3.78524967,48.51104935],[3.78535739,48.51113189]]},"geometry_name":"geom","properties":{"id_adr":"10220_0130_00006","id_bat":"BATIMENT0000000301149253","idu":"102200000D2543","type_lien":"GEO","nb_adr":3,"nb_bat":3}},{"type":"Feature","id":"lien_adresse_bati.2895160","geometry":{"type":"LineString","coordinates":[[3.78524967,48.51104935],[3.78546269,48.51113373]]},"geometry_name":"geom","properties":{"id_adr":"10220_0130_00006","id_bat":"BATIMENT0000000301149254","idu":"102200000D2543","type_lien":"GEO","nb_adr":3,"nb_bat":3}},{"type":"Feature","id":"lien_adresse_bati.2700695","geometry":{"type":"LineString","coordinates":[[3.78510401,48.51099724],[3.78526894,48.51113038]]},"geometry_name":"geom","properties":{"id_adr":"10220_0130_00010","id_bat":"BATIMENT0000000301149170","idu":"102200000D2543","type_lien":"GEO","nb_adr":3,"nb_bat":3}},{"type":"Feature","id":"lien_adresse_bati.2913525","geometry":{"type":"LineString","coordinates":[[3.78510401,48.51099724],[3.78535739,48.51113189]]},"geometry_name":"geom","properties":{"id_adr":"10220_0130_00010","id_bat":"BATIMENT0000000301149253","idu":"102200000D2543","type_lien":"GEO","nb_adr":3,"nb_bat":3}},{"type":"Feature","id":"lien_adresse_bati.2718337","geometry":{"type":"LineString","coordinates":[[3.78510401,48.51099724],[3.78546269,48.51113373]]},"geometry_name":"geom","properties":{"id_adr":"10220_0130_00010","id_bat":"BATIMENT0000000301149254","idu":"102200000D2543","type_lien":"GEO","nb_adr":3,"nb_bat":3}},{"type":"Feature","id":"lien_adresse_bati.2831656","geometry":{"type":"LineString","coordinates":[[3.78503781,48.51091671],[3.78499091,48.51092624]]},"geometry_name":"geom","properties":{"id_adr":"10220_0130_00012","id_bat":"BATIMENT0000000301149173","idu":"102200000D0467","type_lien":"GEO","nb_adr":1,"nb_bat":1}},{"type":"Feature","id":"lien_adresse_bati.2842901","geometry":{"type":"LineString","coordinates":[[3.78503009,48.51085288],[3.78497475,48.51087149]]},"geometry_name":"geom","properties":{"id_adr":"10220_0130_00014","id_bat":"BATIMENT0000000301149172","idu":"102200000D0466","type_lien":"GEO","nb_adr":1,"nb_bat":1}},{"type":"Feature","id":"lien_adresse_bati.2866739","geometry":{"type":"LineString","coordinates":[[3.78501845,48.51079898],[3.78495904,48.51076474]]},"geometry_name":"geom","properties":{"id_adr":"10220_0130_00014_bis","id_bat":"BATIMENT0000000301149138","idu":"102200000D0463","type_lien":"GEO","nb_adr":1,"nb_bat":1}},{"type":"Feature","id":"lien_adresse_bati.2828927","geometry":{"type":"LineString","coordinates":[[3.78498995,48.51070381],[3.78491681,48.51070199]]},"geometry_name":"geom","properties":{"id_adr":"10220_0130_00016","id_bat":"BATIMENT0000000301149136","idu":"102200000D1873","type_lien":"GEO","nb_adr":2,"nb_bat":2}},{"type":"Feature","id":"lien_adresse_bati.2767012","geometry":{"type":"LineString","coordinates":[[3.78498995,48.51070381],[3.78507566,48.51056964]]},"geometry_name":"geom","properties":{"id_adr":"10220_0130_00016","id_bat":"BATIMENT0000000301149129","idu":"102200000D1873","type_lien":"GEO","nb_adr":3,"nb_bat":2}},{"type":"Feature","id":"lien_adresse_bati.2821817","geometry":{"type":"LineString","coordinates":[[3.79351659,48.51209378],[3.7935478,48.51211832]]},"geometry_name":"geom","properties":{"id_adr":"10220_0140_00001","id_bat":"BATIMENT0000000301149807","idu":"102200000B1671","type_lien":"GEO","nb_adr":1,"nb_bat":3}},{"type":"Feature","id":"lien_adresse_bati.2876301","geometry":{"type":"LineString","coordinates":[[3.79351659,48.51209378],[3.7933272,48.51228451]]},"geometry_name":"geom","properties":{"id_adr":"10220_0140_00001","id_bat":"BATIMENT0000000301149471","idu":"102200000B1671","type_lien":"GEO","nb_adr":1,"nb_bat":3}},{"type":"Feature","id":"lien_adresse_bati.2811906","geometry":{"type":"LineString","coordinates":[[3.79351659,48.51209378],[3.7933429,48.51215859]]},"geometry_name":"geom","properties":{"id_adr":"10220_0140_00001","id_bat":"BATIMENT0000000301149470","idu":"102200000B1671","type_lien":"GEO","nb_adr":1,"nb_bat":3}},{"type":"Feature","id":"lien_adresse_bati.2763431","geometry":{"type":"LineString","coordinates":[[3.79344492,48.5120106],[3.79329436,48.51186761]]},"geometry_name":"geom","properties":{"id_adr":"10220_0140_00002","id_bat":"BATIMENT0000000301149269","idu":"102200000D1586","type_lien":"GEO","nb_adr":1,"nb_bat":2}},{"type":"Feature","id":"lien_adresse_bati.2682533","geometry":{"type":"LineString","coordinates":[[3.79344492,48.5120106],[3.79360921,48.51192906]]},"geometry_name":"geom","properties":{"id_adr":"10220_0140_00002","id_bat":"BATIMENT0000000301149859","idu":"102200000D1586","type_lien":"GEO","nb_adr":1,"nb_bat":2}},{"type":"Feature","id":"lien_adresse_bati.2874758","geometry":{"type":"LineString","coordinates":[[3.79383758,48.51209974],[3.79391194,48.51225253]]},"geometry_name":"geom","properties":{"id_adr":"10220_0140_00003","id_bat":"BATIMENT0000000301149505","idu":"102200000B0179","type_lien":"GEO","nb_adr":1,"nb_bat":2}},{"type":"Feature","id":"lien_adresse_bati.2796516","geometry":{"type":"LineString","coordinates":[[3.79383758,48.51209974],[3.79380404,48.51219122]]},"geometry_name":"geom","properties":{"id_adr":"10220_0140_00003","id_bat":"BATIMENT0000000301149508","idu":"102200000B0179","type_lien":"GEO","nb_adr":1,"nb_bat":2}},{"type":"Feature","id":"lien_adresse_bati.2696401","geometry":{"type":"LineString","coordinates":[[3.79463073,48.51217001],[3.79482307,48.51271077]]},"geometry_name":"geom","properties":{"id_adr":"10220_0140_00005","id_bat":"BATIMENT0000000301149275","idu":"102200000B1273","type_lien":"GEO","nb_adr":1,"nb_bat":2}},{"type":"Feature","id":"lien_adresse_bati.2868153","geometry":{"type":"LineString","coordinates":[[3.79463073,48.51217001],[3.7947275,48.51232679]]},"geometry_name":"geom","properties":{"id_adr":"10220_0140_00005","id_bat":"BATIMENT0000000301149423","idu":"102200000B1273","type_lien":"GEO","nb_adr":1,"nb_bat":2}},{"type":"Feature","id":"lien_adresse_bati.2672241","geometry":{"type":"LineString","coordinates":[[3.7897446,48.51058235],[3.78977723,48.51050119]]},"geometry_name":"geom","properties":{"id_adr":"10220_0150_00002","id_bat":"BATIMENT0000000301149305","idu":"102200000D1836","type_lien":"GEO","nb_adr":2,"nb_bat":3}},{"type":"Feature","id":"lien_adresse_bati.2755901","geometry":{"type":"LineString","coordinates":[[3.7897446,48.51058235],[3.78981778,48.5103776]]},"geometry_name":"geom","properties":{"id_adr":"10220_0150_00002","id_bat":"BATIMENT0000000301149417","idu":"102200000D1836","type_lien":"GEO","nb_adr":2,"nb_bat":3}},{"type":"Feature","id":"lien_adresse_bati.2708404","geometry":{"type":"LineString","coordinates":[[3.7897446,48.51058235],[3.78969969,48.51038693]]},"geometry_name":"geom","properties":{"id_adr":"10220_0150_00002","id_bat":"BATIMENT0000000301149304","idu":"102200000D1836","type_lien":"GEO","nb_adr":2,"nb_bat":3}},{"type":"Feature","id":"lien_adresse_bati.2710620","geometry":{"type":"LineString","coordinates":[[3.78984583,48.51038106],[3.79000588,48.51030122]]},"geometry_name":"geom","properties":{"id_adr":"10220_0150_00002_bis","id_bat":"BATIMENT0000000301149262","idu":"102200000D2161","type_lien":"BAN","nb_adr":1,"nb_bat":1}},{"type":"Feature","id":"lien_adresse_bati.2702445","geometry":{"type":"LineString","coordinates":[[3.79072846,48.51064058],[3.79083477,48.5107323]]},"geometry_name":"geom","properties":{"id_adr":"10220_0150_00003","id_bat":"BATIMENT0000000301149631","idu":"102200000D1644","type_lien":"GEO","nb_adr":1,"nb_bat":1}},{"type":"Feature","id":"lien_adresse_bati.2748537","geometry":{"type":"LineString","coordinates":[[3.7902821,48.51058057],[3.79030796,48.51052392]]},"geometry_name":"geom","properties":{"id_adr":"10220_0150_00004","id_bat":"BATIMENT0000000301149619","idu":"102200000D1580","type_lien":"GEO","nb_adr":1,"nb_bat":1}},{"type":"Feature","id":"lien_adresse_bati.2671874","geometry":{"type":"LineString","coordinates":[[3.79058006,48.50995785],[3.79057209,48.50996914]]},"geometry_name":"geom","properties":{"id_adr":"10220_0150_00004_bis","id_bat":"BATIMENT0000000301149772","idu":"102200000D1971","type_lien":"GEO","nb_adr":1,"nb_bat":3}},{"type":"Feature","id":"lien_adresse_bati.2902966","geometry":{"type":"LineString","coordinates":[[3.79058006,48.50995785],[3.79073132,48.50975397]]},"geometry_name":"geom","properties":{"id_adr":"10220_0150_00004_bis","id_bat":"BATIMENT0000000301149769","idu":"102200000D1971","type_lien":"GEO","nb_adr":1,"nb_bat":3}},{"type":"Feature","id":"lien_adresse_bati.2842471","geometry":{"type":"LineString","coordinates":[[3.79058006,48.50995785],[3.79056685,48.50991565]]},"geometry_name":"geom","properties":{"id_adr":"10220_0150_00004_bis","id_bat":"BATIMENT0000000301149771","idu":"102200000D1971","type_lien":"GEO","nb_adr":1,"nb_bat":3}},{"type":"Feature","id":"lien_adresse_bati.2790418","geometry":{"type":"LineString","coordinates":[[3.79047961,48.50958067],[3.79048525,48.50956309]]},"geometry_name":"geom","properties":{"id_adr":"10220_0150_00004_ter","id_bat":"BATIMENT0000000301149623","idu":"102200000D1970","type_lien":"GEO","nb_adr":1,"nb_bat":1}},{"type":"Feature","id":"lien_adresse_bati.2911474","geometry":{"type":"LineString","coordinates":[[3.79061633,48.51056755],[3.79061301,48.5103953]]},"geometry_name":"geom","properties":{"id_adr":"10220_0150_00006","id_bat":"BATIMENT0000000301149411","idu":"102200000D1735","type_lien":"GEO","nb_adr":1,"nb_bat":1}},{"type":"Feature","id":"lien_adresse_bati.2774491","geometry":{"type":"LineString","coordinates":[[3.79116159,48.51054143],[3.79115578,48.51036469]]},"geometry_name":"geom","properties":{"id_adr":"10220_0150_00010","id_bat":"BATIMENT0000000301149591","idu":"102200000D1730","type_lien":"GEO","nb_adr":1,"nb_bat":1}},{"type":"Feature","id":"lien_adresse_bati.2752148","geometry":{"type":"LineString","coordinates":[[3.79143082,48.51052795],[3.79140462,48.51028162]]},"geometry_name":"geom","properties":{"id_adr":"10220_0150_00012","id_bat":"BATIMENT0000000301149260","idu":"102200000D2069","type_lien":"GEO","nb_adr":1,"nb_bat":1}},{"type":"Feature","id":"lien_adresse_bati.2912804","geometry":{"type":"LineString","coordinates":[[3.79337986,48.51379679],[3.79294256,48.51384525]]},"geometry_name":"geom","properties":{"id_adr":"10220_0150_00014_bis","id_bat":"BATIMENT0000000301149896","idu":"102200000B1650","type_lien":"GEO","nb_adr":3,"nb_bat":1}},{"type":"Feature","id":"lien_adresse_bati.2725266","geometry":{"type":"LineString","coordinates":[[3.79337986,48.51379679],[3.79294256,48.51384525]]},"geometry_name":"geom","properties":{"id_adr":"10220_0150_00016","id_bat":"BATIMENT0000000301149896","idu":"102200000B1650","type_lien":"GEO","nb_adr":3,"nb_bat":1}},{"type":"Feature","id":"lien_adresse_bati.2688406","geometry":{"type":"LineString","coordinates":[[3.79304183,48.51176859],[3.79266916,48.51173644]]},"geometry_name":"geom","properties":{"id_adr":"10220_0150_00017","id_bat":"BATIMENT0000000301149398","idu":"102200000D0329","type_lien":"GEO","nb_adr":1,"nb_bat":3}},{"type":"Feature","id":"lien_adresse_bati.2790458","geometry":{"type":"LineString","coordinates":[[3.79304183,48.51176859],[3.79267553,48.51171554]]},"geometry_name":"geom","properties":{"id_adr":"10220_0150_00017","id_bat":"BATIMENT0000000301149399","idu":"102200000D0329","type_lien":"GEO","nb_adr":1,"nb_bat":3}},{"type":"Feature","id":"lien_adresse_bati.2790935","geometry":{"type":"LineString","coordinates":[[3.79304183,48.51176859],[3.79223298,48.51186094]]},"geometry_name":"geom","properties":{"id_adr":"10220_0150_00017","id_bat":"BATIMENT0000000301149775","idu":"102200000D0329","type_lien":"GEO","nb_adr":1,"nb_bat":3}},{"type":"Feature","id":"lien_adresse_bati.2690667","geometry":{"type":"LineString","coordinates":[[3.79307489,48.51207424],[3.79295375,48.51211938]]},"geometry_name":"geom","properties":{"id_adr":"10220_0150_00021","id_bat":"BATIMENT0000000301149798","idu":"102200000D2512","type_lien":"GEO","nb_adr":1,"nb_bat":2}},{"type":"Feature","id":"lien_adresse_bati.2838499","geometry":{"type":"LineString","coordinates":[[3.79307489,48.51207424],[3.79297275,48.51225954]]},"geometry_name":"geom","properties":{"id_adr":"10220_0150_00021","id_bat":"BATIMENT0000000301149796","idu":"102200000D2512","type_lien":"GEO","nb_adr":1,"nb_bat":2}},{"type":"Feature","id":"lien_adresse_bati.2793437","geometry":{"type":"LineString","coordinates":[[3.79320575,48.51266982],[3.79346907,48.51266735]]},"geometry_name":"geom","properties":{"id_adr":"10220_0150_00022","id_bat":"BATIMENT0000000301149499","idu":"102200000B1263","type_lien":"GEO","nb_adr":1,"nb_bat":1}},{"type":"Feature","id":"lien_adresse_bati.2877876","geometry":{"type":"LineString","coordinates":[[3.7930846,48.51262745],[3.79279418,48.51257642]]},"geometry_name":"geom","properties":{"id_adr":"10220_0150_00023","id_bat":"BATIMENT0000000301149325","idu":"102200000D0319","type_lien":"GEO","nb_adr":1,"nb_bat":2}},{"type":"Feature","id":"lien_adresse_bati.2756285","geometry":{"type":"LineString","coordinates":[[3.7930846,48.51262745],[3.79302855,48.51264284]]},"geometry_name":"geom","properties":{"id_adr":"10220_0150_00023","id_bat":"BATIMENT0000000301149556","idu":"102200000D0319","type_lien":"GEO","nb_adr":2,"nb_bat":2}},{"type":"Feature","id":"lien_adresse_bati.2766285","geometry":{"type":"LineString","coordinates":[[3.79321244,48.51284341],[3.79351617,48.51284723]]},"geometry_name":"geom","properties":{"id_adr":"10220_0150_00024","id_bat":"BATIMENT0000000301149354","idu":"102200000B1262","type_lien":"GEO","nb_adr":1,"nb_bat":1}},{"type":"Feature","id":"lien_adresse_bati.2762969","geometry":{"type":"LineString","coordinates":[[3.79308745,48.51272639],[3.79303509,48.51268208]]},"geometry_name":"geom","properties":{"id_adr":"10220_0150_00025","id_bat":"BATIMENT0000000301149556","idu":"102200000D0316","type_lien":"GEO","nb_adr":2,"nb_bat":2}},{"type":"Feature","id":"lien_adresse_bati.2816213","geometry":{"type":"LineString","coordinates":[[3.79308745,48.51272639],[3.79301533,48.51272957]]},"geometry_name":"geom","properties":{"id_adr":"10220_0150_00025","id_bat":"BATIMENT0000000301149554","idu":"102200000D0316","type_lien":"GEO","nb_adr":2,"nb_bat":2}},{"type":"Feature","id":"lien_adresse_bati.2668873","geometry":{"type":"LineString","coordinates":[[3.79322445,48.51301066],[3.79344794,48.51301609]]},"geometry_name":"geom","properties":{"id_adr":"10220_0150_00026","id_bat":"BATIMENT0000000301149334","idu":"102200000B1261","type_lien":"GEO","nb_adr":1,"nb_bat":1}},{"type":"Feature","id":"lien_adresse_bati.2823072","geometry":{"type":"LineString","coordinates":[[3.79332632,48.5139276],[3.79294256,48.51384525]]},"geometry_name":"geom","properties":{"id_adr":"10220_0150_00027","id_bat":"BATIMENT0000000301149896","idu":"102200000B1650","type_lien":"GEO","nb_adr":3,"nb_bat":1}},{"type":"Feature","id":"lien_adresse_bati.2909684","geometry":{"type":"LineString","coordinates":[[3.79322576,48.51417207],[3.79301177,48.51416888]]},"geometry_name":"geom","properties":{"id_adr":"10220_0150_00029","id_bat":"BATIMENT0000000301149902","idu":"102200000B1280","type_lien":"GEO","nb_adr":1,"nb_bat":1}},{"type":"Feature","id":"lien_adresse_bati.2836244","geometry":{"type":"LineString","coordinates":[[3.79303403,48.51465645],[3.7928685,48.51457961]]},"geometry_name":"geom","properties":{"id_adr":"10220_0150_00031","id_bat":"BATIMENT0000000301149921","idu":"102200000B1681","type_lien":"GEO","nb_adr":2,"nb_bat":1}},{"type":"Feature","id":"lien_adresse_bati.2884077","geometry":{"type":"LineString","coordinates":[[3.79303403,48.51465645],[3.7928685,48.51457961]]},"geometry_name":"geom","properties":{"id_adr":"10220_0150_00031_bis","id_bat":"BATIMENT0000000301149921","idu":"102200000B1681","type_lien":"GEO","nb_adr":2,"nb_bat":1}},{"type":"Feature","id":"lien_adresse_bati.2904378","geometry":{"type":"LineString","coordinates":[[3.79325457,48.51554021],[3.79312431,48.51573368]]},"geometry_name":"geom","properties":{"id_adr":"10220_0150_00037","id_bat":"BATIMENT0000000301149914","idu":"102200000B1322","type_lien":"GEO","nb_adr":1,"nb_bat":3}},{"type":"Feature","id":"lien_adresse_bati.2849496","geometry":{"type":"LineString","coordinates":[[3.79325457,48.51554021],[3.79338198,48.51581599]]},"geometry_name":"geom","properties":{"id_adr":"10220_0150_00037","id_bat":"BATIMENT0000000301149929","idu":"102200000B1322","type_lien":"GEO","nb_adr":1,"nb_bat":3}},{"type":"Feature","id":"lien_adresse_bati.2677734","geometry":{"type":"LineString","coordinates":[[3.79325457,48.51554021],[3.7930584,48.51523832]]},"geometry_name":"geom","properties":{"id_adr":"10220_0150_00037","id_bat":"BATIMENT0000000301150045","idu":"102200000B1322","type_lien":"GEO","nb_adr":1,"nb_bat":3}},{"type":"Feature","id":"lien_adresse_bati.2774127","geometry":{"type":"LineString","coordinates":[[3.79361313,48.51238912],[3.79376888,48.51239801]]},"geometry_name":"geom","properties":{"id_adr":"10220_0150_00042","id_bat":"BATIMENT0000000301149473","idu":"102200000B1670","type_lien":"BAN","nb_adr":1,"nb_bat":2}},{"type":"Feature","id":"lien_adresse_bati.2812951","geometry":{"type":"LineString","coordinates":[[3.79361313,48.51238912],[3.79350866,48.51242083]]},"geometry_name":"geom","properties":{"id_adr":"10220_0150_00042","id_bat":"BATIMENT0000002203222882","idu":"102200000B1670","type_lien":"BAN","nb_adr":1,"nb_bat":2}},{"type":"Feature","id":"lien_adresse_bati.2760621","geometry":{"type":"LineString","coordinates":[[3.78444658,48.50442708],[3.7845117,48.50434568]]},"geometry_name":"geom","properties":{"id_adr":"10220_0160_00001","id_bat":"BATIMENT0000000301148535","idu":"102200000E0509","type_lien":"GEO","nb_adr":1,"nb_bat":2}},{"type":"Feature","id":"lien_adresse_bati.2811729","geometry":{"type":"LineString","coordinates":[[3.78444658,48.50442708],[3.78432766,48.50435094]]},"geometry_name":"geom","properties":{"id_adr":"10220_0160_00001","id_bat":"BATIMENT0000000301149006","idu":"102200000E0509","type_lien":"GEO","nb_adr":1,"nb_bat":2}},{"type":"Feature","id":"lien_adresse_bati.2879723","geometry":{"type":"LineString","coordinates":[[3.78409496,48.50445189],[3.78414797,48.50434448]]},"geometry_name":"geom","properties":{"id_adr":"10220_0160_00003","id_bat":"BATIMENT0000000301148537","idu":"102200000E0767","type_lien":"GEO","nb_adr":1,"nb_bat":1}},{"type":"Feature","id":"lien_adresse_bati.2865322","geometry":{"type":"LineString","coordinates":[[3.78440584,48.50450921],[3.78449272,48.50468677]]},"geometry_name":"geom","properties":{"id_adr":"10220_0160_00008","id_bat":"BATIMENT0000000301148529","idu":"102200000E0449","type_lien":"GEO","nb_adr":1,"nb_bat":2}},{"type":"Feature","id":"lien_adresse_bati.2781379","geometry":{"type":"LineString","coordinates":[[3.78440584,48.50450921],[3.78417968,48.50460384]]},"geometry_name":"geom","properties":{"id_adr":"10220_0160_00008","id_bat":"BATIMENT0000000301149013","idu":"102200000E0449","type_lien":"GEO","nb_adr":1,"nb_bat":2}},{"type":"Feature","id":"lien_adresse_bati.2812325","geometry":{"type":"LineString","coordinates":[[3.7824155,48.50467437],[3.78225235,48.50434798]]},"geometry_name":"geom","properties":{"id_adr":"10220_0160_00009","id_bat":"BATIMENT0000000301148528","idu":"102200000E0419","type_lien":"GEO","nb_adr":2,"nb_bat":6}},{"type":"Feature","id":"lien_adresse_bati.2758966","geometry":{"type":"LineString","coordinates":[[3.7824155,48.50467437],[3.7825604,48.50449521]]},"geometry_name":"geom","properties":{"id_adr":"10220_0160_00009","id_bat":"BATIMENT0000000301148539","idu":"102200000E0419","type_lien":"GEO","nb_adr":2,"nb_bat":6}},{"type":"Feature","id":"lien_adresse_bati.2756646","geometry":{"type":"LineString","coordinates":[[3.7824155,48.50467437],[3.7820512,48.5044323]]},"geometry_name":"geom","properties":{"id_adr":"10220_0160_00009","id_bat":"BATIMENT0000000301148540","idu":"102200000E0419","type_lien":"GEO","nb_adr":2,"nb_bat":6}},{"type":"Feature","id":"lien_adresse_bati.2866499","geometry":{"type":"LineString","coordinates":[[3.7824155,48.50467437],[3.78212184,48.50459303]]},"geometry_name":"geom","properties":{"id_adr":"10220_0160_00009","id_bat":"BATIMENT0000000301148541","idu":"102200000E0419","type_lien":"GEO","nb_adr":2,"nb_bat":6}},{"type":"Feature","id":"lien_adresse_bati.2698438","geometry":{"type":"LineString","coordinates":[[3.7824155,48.50467437],[3.78229776,48.50467065]]},"geometry_name":"geom","properties":{"id_adr":"10220_0160_00009","id_bat":"BATIMENT0000000301149018","idu":"102200000E0419","type_lien":"GEO","nb_adr":2,"nb_bat":6}},{"type":"Feature","id":"lien_adresse_bati.2852219","geometry":{"type":"LineString","coordinates":[[3.7824155,48.50467437],[3.78265819,48.50443991]]},"geometry_name":"geom","properties":{"id_adr":"10220_0160_00009","id_bat":"BATIMENT0000000301148538","idu":"102200000E0419","type_lien":"GEO","nb_adr":2,"nb_bat":6}},{"type":"Feature","id":"lien_adresse_bati.2838524","geometry":{"type":"LineString","coordinates":[[3.78212237,48.50471769],[3.78225235,48.50434798]]},"geometry_name":"geom","properties":{"id_adr":"10220_0160_00011","id_bat":"BATIMENT0000000301148528","idu":"102200000E0419","type_lien":"GEO","nb_adr":2,"nb_bat":6}},{"type":"Feature","id":"lien_adresse_bati.2760990","geometry":{"type":"LineString","coordinates":[[3.78212237,48.50471769],[3.78265819,48.50443991]]},"geometry_name":"geom","properties":{"id_adr":"10220_0160_00011","id_bat":"BATIMENT0000000301148538","idu":"102200000E0419","type_lien":"GEO","nb_adr":2,"nb_bat":6}},{"type":"Feature","id":"lien_adresse_bati.2849262","geometry":{"type":"LineString","coordinates":[[3.78212237,48.50471769],[3.7820512,48.5044323]]},"geometry_name":"geom","properties":{"id_adr":"10220_0160_00011","id_bat":"BATIMENT0000000301148540","idu":"102200000E0419","type_lien":"GEO","nb_adr":2,"nb_bat":6}},{"type":"Feature","id":"lien_adresse_bati.2769844","geometry":{"type":"LineString","coordinates":[[3.78212237,48.50471769],[3.78212184,48.50459303]]},"geometry_name":"geom","properties":{"id_adr":"10220_0160_00011","id_bat":"BATIMENT0000000301148541","idu":"102200000E0419","type_lien":"GEO","nb_adr":2,"nb_bat":6}},{"type":"Feature","id":"lien_adresse_bati.2725348","geometry":{"type":"LineString","coordinates":[[3.78212237,48.50471769],[3.78229776,48.50467065]]},"geometry_name":"geom","properties":{"id_adr":"10220_0160_00011","id_bat":"BATIMENT0000000301149018","idu":"102200000E0419","type_lien":"GEO","nb_adr":2,"nb_bat":6}},{"type":"Feature","id":"lien_adresse_bati.2837529","geometry":{"type":"LineString","coordinates":[[3.78212237,48.50471769],[3.7825604,48.50449521]]},"geometry_name":"geom","properties":{"id_adr":"10220_0160_00011","id_bat":"BATIMENT0000000301148539","idu":"102200000E0419","type_lien":"GEO","nb_adr":2,"nb_bat":6}},{"type":"Feature","id":"lien_adresse_bati.2667850","geometry":{"type":"LineString","coordinates":[[3.78181179,48.50386238],[3.78223122,48.50384617]]},"geometry_name":"geom","properties":{"id_adr":"10220_0160_00011_bis","id_bat":"BATIMENT0000000301148941","idu":"102200000E0417","type_lien":"GEO","nb_adr":1,"nb_bat":2}},{"type":"Feature","id":"lien_adresse_bati.2744777","geometry":{"type":"LineString","coordinates":[[3.78181179,48.50386238],[3.78192757,48.50372032]]},"geometry_name":"geom","properties":{"id_adr":"10220_0160_00011_bis","id_bat":"BATIMENT0000002220709358","idu":"102200000E0417","type_lien":"GEO","nb_adr":1,"nb_bat":2}},{"type":"Feature","id":"lien_adresse_bati.2877113","geometry":{"type":"LineString","coordinates":[[3.78173013,48.50356064],[3.78177774,48.50362161]]},"geometry_name":"geom","properties":{"id_adr":"10220_0160_00013","id_bat":"BATIMENT0000000301148545","idu":"102200000E0536","type_lien":"GEO","nb_adr":1,"nb_bat":1}},{"type":"Feature","id":"lien_adresse_bati.2825997","geometry":{"type":"LineString","coordinates":[[3.78332453,48.5046252],[3.78348669,48.50472868]]},"geometry_name":"geom","properties":{"id_adr":"10220_0160_00014","id_bat":"BATIMENT0000000301148530","idu":"102200000E0452","type_lien":"GEO","nb_adr":2,"nb_bat":2}},{"type":"Feature","id":"lien_adresse_bati.2907061","geometry":{"type":"LineString","coordinates":[[3.78332453,48.5046252],[3.7833424,48.50491719]]},"geometry_name":"geom","properties":{"id_adr":"10220_0160_00014","id_bat":"BATIMENT0000000301149189","idu":"102200000E0452","type_lien":"GEO","nb_adr":2,"nb_bat":2}},{"type":"Feature","id":"lien_adresse_bati.2871859","geometry":{"type":"LineString","coordinates":[[3.78332453,48.5046252],[3.78348669,48.50472868]]},"geometry_name":"geom","properties":{"id_adr":"10220_0160_00016","id_bat":"BATIMENT0000000301148530","idu":"102200000E0452","type_lien":"GEO","nb_adr":2,"nb_bat":2}},{"type":"Feature","id":"lien_adresse_bati.2728924","geometry":{"type":"LineString","coordinates":[[3.78332453,48.5046252],[3.7833424,48.50491719]]},"geometry_name":"geom","properties":{"id_adr":"10220_0160_00016","id_bat":"BATIMENT0000000301149189","idu":"102200000E0452","type_lien":"GEO","nb_adr":2,"nb_bat":2}},{"type":"Feature","id":"lien_adresse_bati.2684426","geometry":{"type":"LineString","coordinates":[[3.78164232,48.5031186],[3.78174543,48.50313421]]},"geometry_name":"geom","properties":{"id_adr":"10220_0160_00017","id_bat":"BATIMENT0000000301148636","idu":"102200000E0637","type_lien":"GEO","nb_adr":1,"nb_bat":1}},{"type":"Feature","id":"lien_adresse_bati.2787352","geometry":{"type":"LineString","coordinates":[[3.7825951,48.50473437],[3.78264753,48.50479887]]},"geometry_name":"geom","properties":{"id_adr":"10220_0160_00020","id_bat":"BATIMENT0000000301149199","idu":"102200000E0764","type_lien":"GEO","nb_adr":1,"nb_bat":1}},{"type":"Feature","id":"lien_adresse_bati.2915228","geometry":{"type":"LineString","coordinates":[[3.78158603,48.5027933],[3.78165364,48.50273803]]},"geometry_name":"geom","properties":{"id_adr":"10220_0160_00021","id_bat":"BATIMENT0000000301148597","idu":"102200000E0597","type_lien":"GEO","nb_adr":1,"nb_bat":2}},{"type":"Feature","id":"lien_adresse_bati.2727900","geometry":{"type":"LineString","coordinates":[[3.78158603,48.5027933],[3.78188634,48.50283271]]},"geometry_name":"geom","properties":{"id_adr":"10220_0160_00021","id_bat":"BATIMENT0000000301148633","idu":"102200000E0597","type_lien":"GEO","nb_adr":1,"nb_bat":2}},{"type":"Feature","id":"lien_adresse_bati.2777513","geometry":{"type":"LineString","coordinates":[[3.78177578,48.50417119],[3.7816618,48.50404149]]},"geometry_name":"geom","properties":{"id_adr":"10220_0160_00024","id_bat":"BATIMENT0000000301148609","idu":"102200000E0461","type_lien":"GEO","nb_adr":1,"nb_bat":5}},{"type":"Feature","id":"lien_adresse_bati.2840195","geometry":{"type":"LineString","coordinates":[[3.78177578,48.50417119],[3.78120985,48.50434682]]},"geometry_name":"geom","properties":{"id_adr":"10220_0160_00024","id_bat":"BATIMENT0000000301149019","idu":"102200000E0461","type_lien":"GEO","nb_adr":1,"nb_bat":5}},{"type":"Feature","id":"lien_adresse_bati.2841122","geometry":{"type":"LineString","coordinates":[[3.78177578,48.50417119],[3.78155607,48.50405384]]},"geometry_name":"geom","properties":{"id_adr":"10220_0160_00024","id_bat":"BATIMENT0000000301148610","idu":"102200000E0461","type_lien":"GEO","nb_adr":1,"nb_bat":5}},{"type":"Feature","id":"lien_adresse_bati.2894065","geometry":{"type":"LineString","coordinates":[[3.78177578,48.50417119],[3.78174378,48.5043005]]},"geometry_name":"geom","properties":{"id_adr":"10220_0160_00024","id_bat":"BATIMENT0000000301148531","idu":"102200000E0461","type_lien":"GEO","nb_adr":1,"nb_bat":5}},{"type":"Feature","id":"lien_adresse_bati.2785255","geometry":{"type":"LineString","coordinates":[[3.78177578,48.50417119],[3.78125376,48.50420842]]},"geometry_name":"geom","properties":{"id_adr":"10220_0160_00024","id_bat":"BATIMENT0000000301148554","idu":"102200000E0461","type_lien":"GEO","nb_adr":1,"nb_bat":5}},{"type":"Feature","id":"lien_adresse_bati.2789172","geometry":{"type":"LineString","coordinates":[[3.78168428,48.50384523],[3.78154628,48.50380594]]},"geometry_name":"geom","properties":{"id_adr":"10220_0160_00026","id_bat":"BATIMENT0000000301148613","idu":"102200000E0462","type_lien":"GEO","nb_adr":1,"nb_bat":3}},{"type":"Feature","id":"lien_adresse_bati.2738140","geometry":{"type":"LineString","coordinates":[[3.78168428,48.50384523],[3.78168277,48.50397115]]},"geometry_name":"geom","properties":{"id_adr":"10220_0160_00026","id_bat":"BATIMENT0000000301148611","idu":"102200000E0462","type_lien":"GEO","nb_adr":1,"nb_bat":3}},{"type":"Feature","id":"lien_adresse_bati.2821059","geometry":{"type":"LineString","coordinates":[[3.78168428,48.50384523],[3.78147156,48.50400586]]},"geometry_name":"geom","properties":{"id_adr":"10220_0160_00026","id_bat":"BATIMENT0000000301148612","idu":"102200000E0462","type_lien":"GEO","nb_adr":1,"nb_bat":3}},{"type":"Feature","id":"lien_adresse_bati.2768654","geometry":{"type":"LineString","coordinates":[[3.78151597,48.50308884],[3.78139718,48.50299773]]},"geometry_name":"geom","properties":{"id_adr":"10220_0160_00030","id_bat":"BATIMENT0000000301148705","idu":"102200000E0410","type_lien":"GEO","nb_adr":2,"nb_bat":1}},{"type":"Feature","id":"lien_adresse_bati.2683325","geometry":{"type":"LineString","coordinates":[[3.78149374,48.50295944],[3.78139718,48.50299773]]},"geometry_name":"geom","properties":{"id_adr":"10220_0160_00032","id_bat":"BATIMENT0000000301148705","idu":"102200000E0410","type_lien":"GEO","nb_adr":2,"nb_bat":1}},{"type":"Feature","id":"lien_adresse_bati.2681181","geometry":{"type":"LineString","coordinates":[[3.788979,48.51036162],[3.78886194,48.51038804]]},"geometry_name":"geom","properties":{"id_adr":"10220_0170_00003","id_bat":"BATIMENT0000000301149656","idu":"102200000D1578","type_lien":"GEO","nb_adr":3,"nb_bat":1}},{"type":"Feature","id":"lien_adresse_bati.2693026","geometry":{"type":"LineString","coordinates":[[3.78693415,48.50970496],[3.78686634,48.50978733]]},"geometry_name":"geom","properties":{"id_adr":"10220_0170_00005","id_bat":"BATIMENT0000000301149537","idu":"102200000D0419","type_lien":"GEO","nb_adr":4,"nb_bat":1}},{"type":"Feature","id":"lien_adresse_bati.2686609","geometry":{"type":"LineString","coordinates":[[3.78693415,48.50970496],[3.78686634,48.50978733]]},"geometry_name":"geom","properties":{"id_adr":"10220_0170_00006","id_bat":"BATIMENT0000000301149537","idu":"102200000D0419","type_lien":"GEO","nb_adr":4,"nb_bat":1}},{"type":"Feature","id":"lien_adresse_bati.2867849","geometry":{"type":"LineString","coordinates":[[3.78678137,48.5096286],[3.78659874,48.50963891]]},"geometry_name":"geom","properties":{"id_adr":"10220_0170_00007","id_bat":"BATIMENT0000000301149518","idu":"102200000D0417","type_lien":"GEO","nb_adr":1,"nb_bat":3}},{"type":"Feature","id":"lien_adresse_bati.2857986","geometry":{"type":"LineString","coordinates":[[3.78678137,48.5096286],[3.78655995,48.509806]]},"geometry_name":"geom","properties":{"id_adr":"10220_0170_00007","id_bat":"BATIMENT0000000009355399","idu":"102200000D0417","type_lien":"GEO","nb_adr":1,"nb_bat":3}},{"type":"Feature","id":"lien_adresse_bati.2738228","geometry":{"type":"LineString","coordinates":[[3.78678137,48.5096286],[3.786726,48.50986422]]},"geometry_name":"geom","properties":{"id_adr":"10220_0170_00007","id_bat":"BATIMENT0000000301149538","idu":"102200000D0417","type_lien":"GEO","nb_adr":1,"nb_bat":3}},{"type":"Feature","id":"lien_adresse_bati.2831359","geometry":{"type":"LineString","coordinates":[[3.78693415,48.50970496],[3.78686634,48.50978733]]},"geometry_name":"geom","properties":{"id_adr":"10220_0170_00007_a","id_bat":"BATIMENT0000000301149537","idu":"102200000D0419","type_lien":"GEO","nb_adr":4,"nb_bat":1}},{"type":"Feature","id":"lien_adresse_bati.2902778","geometry":{"type":"LineString","coordinates":[[3.78733543,48.50982915],[3.78708404,48.50981449]]},"geometry_name":"geom","properties":{"id_adr":"10220_0170_00009","id_bat":"BATIMENT0000000301149531","idu":"102200000D0403","type_lien":"GEO","nb_adr":1,"nb_bat":2}},{"type":"Feature","id":"lien_adresse_bati.2839240","geometry":{"type":"LineString","coordinates":[[3.78733543,48.50982915],[3.78732701,48.50994434]]},"geometry_name":"geom","properties":{"id_adr":"10220_0170_00009","id_bat":"BATIMENT0000000301149436","idu":"102200000D0403","type_lien":"GEO","nb_adr":1,"nb_bat":2}},{"type":"Feature","id":"lien_adresse_bati.2852469","geometry":{"type":"LineString","coordinates":[[3.78751624,48.50987833],[3.787489,48.50997945]]},"geometry_name":"geom","properties":{"id_adr":"10220_0170_00011","id_bat":"BATIMENT0000000301149437","idu":"102200000D0380","type_lien":"GEO","nb_adr":1,"nb_bat":1}},{"type":"Feature","id":"lien_adresse_bati.2673177","geometry":{"type":"LineString","coordinates":[[3.78776094,48.50994418],[3.78770536,48.50998442]]},"geometry_name":"geom","properties":{"id_adr":"10220_0170_00011_bis","id_bat":"BATIMENT0000000301149655","idu":"102200000D0379","type_lien":"GEO","nb_adr":1,"nb_bat":2}},{"type":"Feature","id":"lien_adresse_bati.2681844","geometry":{"type":"LineString","coordinates":[[3.78776094,48.50994418],[3.78769526,48.51007839]]},"geometry_name":"geom","properties":{"id_adr":"10220_0170_00011_bis","id_bat":"BATIMENT0000000301149654","idu":"102200000D0379","type_lien":"GEO","nb_adr":1,"nb_bat":2}},{"type":"Feature","id":"lien_adresse_bati.2899842","geometry":{"type":"LineString","coordinates":[[3.78807498,48.51002936],[3.78796911,48.51010168]]},"geometry_name":"geom","properties":{"id_adr":"10220_0170_00015","id_bat":"BATIMENT0000000301149297","idu":"102200000D0371","type_lien":"GEO","nb_adr":2,"nb_bat":1}},{"type":"Feature","id":"lien_adresse_bati.2714570","geometry":{"type":"LineString","coordinates":[[3.78724979,48.50971636],[3.7872634,48.50945043]]},"geometry_name":"geom","properties":{"id_adr":"10220_0170_00016","id_bat":"BATIMENT0000000301149546","idu":"102200000D2377","type_lien":"GEO","nb_adr":6,"nb_bat":12}},{"type":"Feature","id":"lien_adresse_bati.2816262","geometry":{"type":"LineString","coordinates":[[3.78724979,48.50971636],[3.78823726,48.50982317]]},"geometry_name":"geom","properties":{"id_adr":"10220_0170_00016","id_bat":"BATIMENT0000000301149424","idu":"102200000D2377","type_lien":"GEO","nb_adr":6,"nb_bat":12}},{"type":"Feature","id":"lien_adresse_bati.2831177","geometry":{"type":"LineString","coordinates":[[3.78724979,48.50971636],[3.78689785,48.50912899]]},"geometry_name":"geom","properties":{"id_adr":"10220_0170_00016","id_bat":"BATIMENT0000000301149549","idu":"102200000D2377","type_lien":"GEO","nb_adr":6,"nb_bat":12}},{"type":"Feature","id":"lien_adresse_bati.2881702","geometry":{"type":"LineString","coordinates":[[3.78724979,48.50971636],[3.78737322,48.50912492]]},"geometry_name":"geom","properties":{"id_adr":"10220_0170_00016","id_bat":"BATIMENT0000000301149527","idu":"102200000D2377","type_lien":"GEO","nb_adr":6,"nb_bat":12}},{"type":"Feature","id":"lien_adresse_bati.2829961","geometry":{"type":"LineString","coordinates":[[3.78724979,48.50971636],[3.78778526,48.50976052]]},"geometry_name":"geom","properties":{"id_adr":"10220_0170_00016","id_bat":"BATIMENT0000000301149803","idu":"102200000D2377","type_lien":"GEO","nb_adr":6,"nb_bat":12}},{"type":"Feature","id":"lien_adresse_bati.2767477","geometry":{"type":"LineString","coordinates":[[3.78724979,48.50971636],[3.7868841,48.50929326]]},"geometry_name":"geom","properties":{"id_adr":"10220_0170_00016","id_bat":"BATIMENT0000000301149548","idu":"102200000D2377","type_lien":"GEO","nb_adr":6,"nb_bat":12}},{"type":"Feature","id":"lien_adresse_bati.2737414","geometry":{"type":"LineString","coordinates":[[3.78724979,48.50971636],[3.78723676,48.50950863]]},"geometry_name":"geom","properties":{"id_adr":"10220_0170_00016","id_bat":"BATIMENT0000000301149544","idu":"102200000D2377","type_lien":"GEO","nb_adr":6,"nb_bat":12}},{"type":"Feature","id":"lien_adresse_bati.2910533","geometry":{"type":"LineString","coordinates":[[3.78724979,48.50971636],[3.78688008,48.50938939]]},"geometry_name":"geom","properties":{"id_adr":"10220_0170_00016","id_bat":"BATIMENT0000000301149547","idu":"102200000D2377","type_lien":"GEO","nb_adr":6,"nb_bat":12}},{"type":"Feature","id":"lien_adresse_bati.2661944","geometry":{"type":"LineString","coordinates":[[3.78724979,48.50971636],[3.78796448,48.50963381]]},"geometry_name":"geom","properties":{"id_adr":"10220_0170_00016","id_bat":"BATIMENT0000000301149810","idu":"102200000D2377","type_lien":"GEO","nb_adr":6,"nb_bat":12}},{"type":"Feature","id":"lien_adresse_bati.2856336","geometry":{"type":"LineString","coordinates":[[3.78724979,48.50971636],[3.78706902,48.50936985]]},"geometry_name":"geom","properties":{"id_adr":"10220_0170_00016","id_bat":"BATIMENT0000000301149545","idu":"102200000D2377","type_lien":"GEO","nb_adr":6,"nb_bat":12}},{"type":"Feature","id":"lien_adresse_bati.2721558","geometry":{"type":"LineString","coordinates":[[3.78724979,48.50971636],[3.78751537,48.50932431]]},"geometry_name":"geom","properties":{"id_adr":"10220_0170_00016","id_bat":"BATIMENT0000000301149543","idu":"102200000D2377","type_lien":"GEO","nb_adr":6,"nb_bat":12}},{"type":"Feature","id":"lien_adresse_bati.2886449","geometry":{"type":"LineString","coordinates":[[3.78724979,48.50971636],[3.78720105,48.50901907]]},"geometry_name":"geom","properties":{"id_adr":"10220_0170_00016","id_bat":"BATIMENT0000000301149528","idu":"102200000D2377","type_lien":"GEO","nb_adr":6,"nb_bat":12}},{"type":"Feature","id":"lien_adresse_bati.2768770","geometry":{"type":"LineString","coordinates":[[3.78794046,48.509907],[3.78796448,48.50963381]]},"geometry_name":"geom","properties":{"id_adr":"10220_0170_00016_bis","id_bat":"BATIMENT0000000301149810","idu":"102200000D2377","type_lien":"GEO","nb_adr":6,"nb_bat":12}},{"type":"Feature","id":"lien_adresse_bati.2686502","geometry":{"type":"LineString","coordinates":[[3.78794046,48.509907],[3.7872634,48.50945043]]},"geometry_name":"geom","properties":{"id_adr":"10220_0170_00016_bis","id_bat":"BATIMENT0000000301149546","idu":"102200000D2377","type_lien":"GEO","nb_adr":6,"nb_bat":12}},{"type":"Feature","id":"lien_adresse_bati.2858986","geometry":{"type":"LineString","coordinates":[[3.78794046,48.509907],[3.78823726,48.50982317]]},"geometry_name":"geom","properties":{"id_adr":"10220_0170_00016_bis","id_bat":"BATIMENT0000000301149424","idu":"102200000D2377","type_lien":"GEO","nb_adr":6,"nb_bat":12}},{"type":"Feature","id":"lien_adresse_bati.2757002","geometry":{"type":"LineString","coordinates":[[3.78794046,48.509907],[3.78751537,48.50932431]]},"geometry_name":"geom","properties":{"id_adr":"10220_0170_00016_bis","id_bat":"BATIMENT0000000301149543","idu":"102200000D2377","type_lien":"GEO","nb_adr":6,"nb_bat":12}},{"type":"Feature","id":"lien_adresse_bati.2866533","geometry":{"type":"LineString","coordinates":[[3.78794046,48.509907],[3.78778526,48.50976052]]},"geometry_name":"geom","properties":{"id_adr":"10220_0170_00016_bis","id_bat":"BATIMENT0000000301149803","idu":"102200000D2377","type_lien":"GEO","nb_adr":6,"nb_bat":12}},{"type":"Feature","id":"lien_adresse_bati.2877917","geometry":{"type":"LineString","coordinates":[[3.78794046,48.509907],[3.78689785,48.50912899]]},"geometry_name":"geom","properties":{"id_adr":"10220_0170_00016_bis","id_bat":"BATIMENT0000000301149549","idu":"102200000D2377","type_lien":"GEO","nb_adr":6,"nb_bat":12}},{"type":"Feature","id":"lien_adresse_bati.2673589","geometry":{"type":"LineString","coordinates":[[3.78794046,48.509907],[3.78723676,48.50950863]]},"geometry_name":"geom","properties":{"id_adr":"10220_0170_00016_bis","id_bat":"BATIMENT0000000301149544","idu":"102200000D2377","type_lien":"GEO","nb_adr":6,"nb_bat":12}},{"type":"Feature","id":"lien_adresse_bati.2671654","geometry":{"type":"LineString","coordinates":[[3.78794046,48.509907],[3.78706902,48.50936985]]},"geometry_name":"geom","properties":{"id_adr":"10220_0170_00016_bis","id_bat":"BATIMENT0000000301149545","idu":"102200000D2377","type_lien":"GEO","nb_adr":6,"nb_bat":12}},{"type":"Feature","id":"lien_adresse_bati.2881349","geometry":{"type":"LineString","coordinates":[[3.78794046,48.509907],[3.78720105,48.50901907]]},"geometry_name":"geom","properties":{"id_adr":"10220_0170_00016_bis","id_bat":"BATIMENT0000000301149528","idu":"102200000D2377","type_lien":"GEO","nb_adr":6,"nb_bat":12}},{"type":"Feature","id":"lien_adresse_bati.2860888","geometry":{"type":"LineString","coordinates":[[3.78794046,48.509907],[3.78688008,48.50938939]]},"geometry_name":"geom","properties":{"id_adr":"10220_0170_00016_bis","id_bat":"BATIMENT0000000301149547","idu":"102200000D2377","type_lien":"GEO","nb_adr":6,"nb_bat":12}},{"type":"Feature","id":"lien_adresse_bati.2779927","geometry":{"type":"LineString","coordinates":[[3.78794046,48.509907],[3.7868841,48.50929326]]},"geometry_name":"geom","properties":{"id_adr":"10220_0170_00016_bis","id_bat":"BATIMENT0000000301149548","idu":"102200000D2377","type_lien":"GEO","nb_adr":6,"nb_bat":12}},{"type":"Feature","id":"lien_adresse_bati.2669089","geometry":{"type":"LineString","coordinates":[[3.78794046,48.509907],[3.78737322,48.50912492]]},"geometry_name":"geom","properties":{"id_adr":"10220_0170_00016_bis","id_bat":"BATIMENT0000000301149527","idu":"102200000D2377","type_lien":"GEO","nb_adr":6,"nb_bat":12}},{"type":"Feature","id":"lien_adresse_bati.2744361","geometry":{"type":"LineString","coordinates":[[3.78797011,48.5101686],[3.78796911,48.51010168]]},"geometry_name":"geom","properties":{"id_adr":"10220_0170_00017","id_bat":"BATIMENT0000000301149297","idu":"102200000D0371","type_lien":"GEO","nb_adr":2,"nb_bat":1}},{"type":"Feature","id":"lien_adresse_bati.2774677","geometry":{"type":"LineString","coordinates":[[3.78813486,48.50995969],[3.78737322,48.50912492]]},"geometry_name":"geom","properties":{"id_adr":"10220_0170_00018","id_bat":"BATIMENT0000000301149527","idu":"102200000D2377","type_lien":"GEO","nb_adr":6,"nb_bat":12}},{"type":"Feature","id":"lien_adresse_bati.2713049","geometry":{"type":"LineString","coordinates":[[3.78813486,48.50995969],[3.78823726,48.50982317]]},"geometry_name":"geom","properties":{"id_adr":"10220_0170_00018","id_bat":"BATIMENT0000000301149424","idu":"102200000D2377","type_lien":"GEO","nb_adr":6,"nb_bat":12}},{"type":"Feature","id":"lien_adresse_bati.2910422","geometry":{"type":"LineString","coordinates":[[3.78813486,48.50995969],[3.78778526,48.50976052]]},"geometry_name":"geom","properties":{"id_adr":"10220_0170_00018","id_bat":"BATIMENT0000000301149803","idu":"102200000D2377","type_lien":"GEO","nb_adr":6,"nb_bat":12}},{"type":"Feature","id":"lien_adresse_bati.2811271","geometry":{"type":"LineString","coordinates":[[3.78813486,48.50995969],[3.78723676,48.50950863]]},"geometry_name":"geom","properties":{"id_adr":"10220_0170_00018","id_bat":"BATIMENT0000000301149544","idu":"102200000D2377","type_lien":"GEO","nb_adr":6,"nb_bat":12}},{"type":"Feature","id":"lien_adresse_bati.2863795","geometry":{"type":"LineString","coordinates":[[3.78813486,48.50995969],[3.78720105,48.50901907]]},"geometry_name":"geom","properties":{"id_adr":"10220_0170_00018","id_bat":"BATIMENT0000000301149528","idu":"102200000D2377","type_lien":"GEO","nb_adr":6,"nb_bat":12}},{"type":"Feature","id":"lien_adresse_bati.2672434","geometry":{"type":"LineString","coordinates":[[3.78813486,48.50995969],[3.7872634,48.50945043]]},"geometry_name":"geom","properties":{"id_adr":"10220_0170_00018","id_bat":"BATIMENT0000000301149546","idu":"102200000D2377","type_lien":"GEO","nb_adr":6,"nb_bat":12}},{"type":"Feature","id":"lien_adresse_bati.2740598","geometry":{"type":"LineString","coordinates":[[3.78813486,48.50995969],[3.7868841,48.50929326]]},"geometry_name":"geom","properties":{"id_adr":"10220_0170_00018","id_bat":"BATIMENT0000000301149548","idu":"102200000D2377","type_lien":"GEO","nb_adr":6,"nb_bat":12}},{"type":"Feature","id":"lien_adresse_bati.2862386","geometry":{"type":"LineString","coordinates":[[3.78813486,48.50995969],[3.78688008,48.50938939]]},"geometry_name":"geom","properties":{"id_adr":"10220_0170_00018","id_bat":"BATIMENT0000000301149547","idu":"102200000D2377","type_lien":"GEO","nb_adr":6,"nb_bat":12}},{"type":"Feature","id":"lien_adresse_bati.2835398","geometry":{"type":"LineString","coordinates":[[3.78813486,48.50995969],[3.78689785,48.50912899]]},"geometry_name":"geom","properties":{"id_adr":"10220_0170_00018","id_bat":"BATIMENT0000000301149549","idu":"102200000D2377","type_lien":"GEO","nb_adr":6,"nb_bat":12}},{"type":"Feature","id":"lien_adresse_bati.2736520","geometry":{"type":"LineString","coordinates":[[3.78813486,48.50995969],[3.78751537,48.50932431]]},"geometry_name":"geom","properties":{"id_adr":"10220_0170_00018","id_bat":"BATIMENT0000000301149543","idu":"102200000D2377","type_lien":"GEO","nb_adr":6,"nb_bat":12}},{"type":"Feature","id":"lien_adresse_bati.2726728","geometry":{"type":"LineString","coordinates":[[3.78813486,48.50995969],[3.78796448,48.50963381]]},"geometry_name":"geom","properties":{"id_adr":"10220_0170_00018","id_bat":"BATIMENT0000000301149810","idu":"102200000D2377","type_lien":"GEO","nb_adr":6,"nb_bat":12}},{"type":"Feature","id":"lien_adresse_bati.2705932","geometry":{"type":"LineString","coordinates":[[3.78813486,48.50995969],[3.78706902,48.50936985]]},"geometry_name":"geom","properties":{"id_adr":"10220_0170_00018","id_bat":"BATIMENT0000000301149545","idu":"102200000D2377","type_lien":"GEO","nb_adr":6,"nb_bat":12}},{"type":"Feature","id":"lien_adresse_bati.2687699","geometry":{"type":"LineString","coordinates":[[3.78822866,48.50998426],[3.78796448,48.50963381]]},"geometry_name":"geom","properties":{"id_adr":"10220_0170_00018_a","id_bat":"BATIMENT0000000301149810","idu":"102200000D2377","type_lien":"GEO","nb_adr":6,"nb_bat":12}},{"type":"Feature","id":"lien_adresse_bati.2840843","geometry":{"type":"LineString","coordinates":[[3.78822866,48.50998426],[3.7872634,48.50945043]]},"geometry_name":"geom","properties":{"id_adr":"10220_0170_00018_a","id_bat":"BATIMENT0000000301149546","idu":"102200000D2377","type_lien":"GEO","nb_adr":6,"nb_bat":12}},{"type":"Feature","id":"lien_adresse_bati.2792199","geometry":{"type":"LineString","coordinates":[[3.78822866,48.50998426],[3.78723676,48.50950863]]},"geometry_name":"geom","properties":{"id_adr":"10220_0170_00018_a","id_bat":"BATIMENT0000000301149544","idu":"102200000D2377","type_lien":"GEO","nb_adr":6,"nb_bat":12}},{"type":"Feature","id":"lien_adresse_bati.2757792","geometry":{"type":"LineString","coordinates":[[3.78822866,48.50998426],[3.78751537,48.50932431]]},"geometry_name":"geom","properties":{"id_adr":"10220_0170_00018_a","id_bat":"BATIMENT0000000301149543","idu":"102200000D2377","type_lien":"GEO","nb_adr":6,"nb_bat":12}},{"type":"Feature","id":"lien_adresse_bati.2684100","geometry":{"type":"LineString","coordinates":[[3.78822866,48.50998426],[3.78689785,48.50912899]]},"geometry_name":"geom","properties":{"id_adr":"10220_0170_00018_a","id_bat":"BATIMENT0000000301149549","idu":"102200000D2377","type_lien":"GEO","nb_adr":6,"nb_bat":12}},{"type":"Feature","id":"lien_adresse_bati.2812348","geometry":{"type":"LineString","coordinates":[[3.78822866,48.50998426],[3.78706902,48.50936985]]},"geometry_name":"geom","properties":{"id_adr":"10220_0170_00018_a","id_bat":"BATIMENT0000000301149545","idu":"102200000D2377","type_lien":"GEO","nb_adr":6,"nb_bat":12}},{"type":"Feature","id":"lien_adresse_bati.2678984","geometry":{"type":"LineString","coordinates":[[3.78822866,48.50998426],[3.78688008,48.50938939]]},"geometry_name":"geom","properties":{"id_adr":"10220_0170_00018_a","id_bat":"BATIMENT0000000301149547","idu":"102200000D2377","type_lien":"GEO","nb_adr":6,"nb_bat":12}},{"type":"Feature","id":"lien_adresse_bati.2678516","geometry":{"type":"LineString","coordinates":[[3.78822866,48.50998426],[3.78823726,48.50982317]]},"geometry_name":"geom","properties":{"id_adr":"10220_0170_00018_a","id_bat":"BATIMENT0000000301149424","idu":"102200000D2377","type_lien":"GEO","nb_adr":6,"nb_bat":12}},{"type":"Feature","id":"lien_adresse_bati.2875626","geometry":{"type":"LineString","coordinates":[[3.78822866,48.50998426],[3.78737322,48.50912492]]},"geometry_name":"geom","properties":{"id_adr":"10220_0170_00018_a","id_bat":"BATIMENT0000000301149527","idu":"102200000D2377","type_lien":"GEO","nb_adr":6,"nb_bat":12}},{"type":"Feature","id":"lien_adresse_bati.2678216","geometry":{"type":"LineString","coordinates":[[3.78822866,48.50998426],[3.78778526,48.50976052]]},"geometry_name":"geom","properties":{"id_adr":"10220_0170_00018_a","id_bat":"BATIMENT0000000301149803","idu":"102200000D2377","type_lien":"GEO","nb_adr":6,"nb_bat":12}},{"type":"Feature","id":"lien_adresse_bati.2692958","geometry":{"type":"LineString","coordinates":[[3.78822866,48.50998426],[3.7868841,48.50929326]]},"geometry_name":"geom","properties":{"id_adr":"10220_0170_00018_a","id_bat":"BATIMENT0000000301149548","idu":"102200000D2377","type_lien":"GEO","nb_adr":6,"nb_bat":12}},{"type":"Feature","id":"lien_adresse_bati.2872391","geometry":{"type":"LineString","coordinates":[[3.78822866,48.50998426],[3.78720105,48.50901907]]},"geometry_name":"geom","properties":{"id_adr":"10220_0170_00018_a","id_bat":"BATIMENT0000000301149528","idu":"102200000D2377","type_lien":"GEO","nb_adr":6,"nb_bat":12}},{"type":"Feature","id":"lien_adresse_bati.2774865","geometry":{"type":"LineString","coordinates":[[3.78796492,48.50991314],[3.78751537,48.50932431]]},"geometry_name":"geom","properties":{"id_adr":"10220_0170_00018_b","id_bat":"BATIMENT0000000301149543","idu":"102200000D2377","type_lien":"GEO","nb_adr":6,"nb_bat":12}},{"type":"Feature","id":"lien_adresse_bati.2899230","geometry":{"type":"LineString","coordinates":[[3.78796492,48.50991314],[3.78720105,48.50901907]]},"geometry_name":"geom","properties":{"id_adr":"10220_0170_00018_b","id_bat":"BATIMENT0000000301149528","idu":"102200000D2377","type_lien":"GEO","nb_adr":6,"nb_bat":12}},{"type":"Feature","id":"lien_adresse_bati.2664974","geometry":{"type":"LineString","coordinates":[[3.78796492,48.50991314],[3.78689785,48.50912899]]},"geometry_name":"geom","properties":{"id_adr":"10220_0170_00018_b","id_bat":"BATIMENT0000000301149549","idu":"102200000D2377","type_lien":"GEO","nb_adr":6,"nb_bat":12}},{"type":"Feature","id":"lien_adresse_bati.2750103","geometry":{"type":"LineString","coordinates":[[3.78796492,48.50991314],[3.78823726,48.50982317]]},"geometry_name":"geom","properties":{"id_adr":"10220_0170_00018_b","id_bat":"BATIMENT0000000301149424","idu":"102200000D2377","type_lien":"GEO","nb_adr":6,"nb_bat":12}},{"type":"Feature","id":"lien_adresse_bati.2672662","geometry":{"type":"LineString","coordinates":[[3.78796492,48.50991314],[3.78778526,48.50976052]]},"geometry_name":"geom","properties":{"id_adr":"10220_0170_00018_b","id_bat":"BATIMENT0000000301149803","idu":"102200000D2377","type_lien":"GEO","nb_adr":6,"nb_bat":12}},{"type":"Feature","id":"lien_adresse_bati.2790400","geometry":{"type":"LineString","coordinates":[[3.78796492,48.50991314],[3.78723676,48.50950863]]},"geometry_name":"geom","properties":{"id_adr":"10220_0170_00018_b","id_bat":"BATIMENT0000000301149544","idu":"102200000D2377","type_lien":"GEO","nb_adr":6,"nb_bat":12}},{"type":"Feature","id":"lien_adresse_bati.2830146","geometry":{"type":"LineString","coordinates":[[3.78796492,48.50991314],[3.78706902,48.50936985]]},"geometry_name":"geom","properties":{"id_adr":"10220_0170_00018_b","id_bat":"BATIMENT0000000301149545","idu":"102200000D2377","type_lien":"GEO","nb_adr":6,"nb_bat":12}},{"type":"Feature","id":"lien_adresse_bati.2734129","geometry":{"type":"LineString","coordinates":[[3.78796492,48.50991314],[3.7872634,48.50945043]]},"geometry_name":"geom","properties":{"id_adr":"10220_0170_00018_b","id_bat":"BATIMENT0000000301149546","idu":"102200000D2377","type_lien":"GEO","nb_adr":6,"nb_bat":12}},{"type":"Feature","id":"lien_adresse_bati.2733868","geometry":{"type":"LineString","coordinates":[[3.78796492,48.50991314],[3.78737322,48.50912492]]},"geometry_name":"geom","properties":{"id_adr":"10220_0170_00018_b","id_bat":"BATIMENT0000000301149527","idu":"102200000D2377","type_lien":"GEO","nb_adr":6,"nb_bat":12}},{"type":"Feature","id":"lien_adresse_bati.2880716","geometry":{"type":"LineString","coordinates":[[3.78796492,48.50991314],[3.7868841,48.50929326]]},"geometry_name":"geom","properties":{"id_adr":"10220_0170_00018_b","id_bat":"BATIMENT0000000301149548","idu":"102200000D2377","type_lien":"GEO","nb_adr":6,"nb_bat":12}},{"type":"Feature","id":"lien_adresse_bati.2814460","geometry":{"type":"LineString","coordinates":[[3.78796492,48.50991314],[3.78688008,48.50938939]]},"geometry_name":"geom","properties":{"id_adr":"10220_0170_00018_b","id_bat":"BATIMENT0000000301149547","idu":"102200000D2377","type_lien":"GEO","nb_adr":6,"nb_bat":12}},{"type":"Feature","id":"lien_adresse_bati.2831360","geometry":{"type":"LineString","coordinates":[[3.78796492,48.50991314],[3.78796448,48.50963381]]},"geometry_name":"geom","properties":{"id_adr":"10220_0170_00018_b","id_bat":"BATIMENT0000000301149810","idu":"102200000D2377","type_lien":"GEO","nb_adr":6,"nb_bat":12}},{"type":"Feature","id":"lien_adresse_bati.2844748","geometry":{"type":"LineString","coordinates":[[3.78846271,48.51015274],[3.78844843,48.51027344]]},"geometry_name":"geom","properties":{"id_adr":"10220_0170_00019","id_bat":"BATIMENT0000000301149444","idu":"102200000D0367","type_lien":"GEO","nb_adr":1,"nb_bat":1}},{"type":"Feature","id":"lien_adresse_bati.2819636","geometry":{"type":"LineString","coordinates":[[3.788979,48.51036162],[3.78886194,48.51038804]]},"geometry_name":"geom","properties":{"id_adr":"10220_0170_00021","id_bat":"BATIMENT0000000301149656","idu":"102200000D1578","type_lien":"GEO","nb_adr":3,"nb_bat":1}},{"type":"Feature","id":"lien_adresse_bati.2798407","geometry":{"type":"LineString","coordinates":[[3.78894759,48.51025388],[3.78925314,48.51009779]]},"geometry_name":"geom","properties":{"id_adr":"10220_0170_00022","id_bat":"BATIMENT0000000301149392","idu":"102200000D1703","type_lien":"GEO","nb_adr":2,"nb_bat":2}},{"type":"Feature","id":"lien_adresse_bati.2832275","geometry":{"type":"LineString","coordinates":[[3.78894759,48.51025388],[3.78905988,48.51020251]]},"geometry_name":"geom","properties":{"id_adr":"10220_0170_00022","id_bat":"BATIMENT0000000301149355","idu":"102200000D1703","type_lien":"GEO","nb_adr":2,"nb_bat":2}},{"type":"Feature","id":"lien_adresse_bati.2821792","geometry":{"type":"LineString","coordinates":[[3.7891739,48.51044669],[3.78913495,48.51046773]]},"geometry_name":"geom","properties":{"id_adr":"10220_0170_00023","id_bat":"BATIMENT0000000301149345","idu":"102200000D1823","type_lien":"GEO","nb_adr":1,"nb_bat":1}},{"type":"Feature","id":"lien_adresse_bati.2911456","geometry":{"type":"LineString","coordinates":[[3.78931572,48.51051412],[3.78903604,48.51066847]]},"geometry_name":"geom","properties":{"id_adr":"10220_0170_00023_bis","id_bat":"BATIMENT0000000301149307","idu":"102200000D1824","type_lien":"GEO","nb_adr":1,"nb_bat":1}},{"type":"Feature","id":"lien_adresse_bati.2833829","geometry":{"type":"LineString","coordinates":[[3.78930059,48.51040807],[3.7893841,48.51028941]]},"geometry_name":"geom","properties":{"id_adr":"10220_0170_00024","id_bat":"BATIMENT0000000301149431","idu":"102200000D1573","type_lien":"GEO","nb_adr":2,"nb_bat":1}},{"type":"Feature","id":"lien_adresse_bati.2700319","geometry":{"type":"LineString","coordinates":[[3.78954757,48.51062504],[3.78949585,48.51069757]]},"geometry_name":"geom","properties":{"id_adr":"10220_0170_00025","id_bat":"BATIMENT0000000301149363","idu":"102200000D2074","type_lien":"GEO","nb_adr":1,"nb_bat":2}},{"type":"Feature","id":"lien_adresse_bati.2830459","geometry":{"type":"LineString","coordinates":[[3.78954757,48.51062504],[3.78950891,48.51080027]]},"geometry_name":"geom","properties":{"id_adr":"10220_0170_00025","id_bat":"BATIMENT0000000301149364","idu":"102200000D2074","type_lien":"GEO","nb_adr":1,"nb_bat":2}},{"type":"Feature","id":"lien_adresse_bati.2867104","geometry":{"type":"LineString","coordinates":[[3.78906886,48.51030435],[3.78905988,48.51020251]]},"geometry_name":"geom","properties":{"id_adr":"10220_0170_00026","id_bat":"BATIMENT0000000301149355","idu":"102200000D1703","type_lien":"GEO","nb_adr":2,"nb_bat":2}},{"type":"Feature","id":"lien_adresse_bati.2726236","geometry":{"type":"LineString","coordinates":[[3.78906886,48.51030435],[3.78925314,48.51009779]]},"geometry_name":"geom","properties":{"id_adr":"10220_0170_00026","id_bat":"BATIMENT0000000301149392","idu":"102200000D1703","type_lien":"GEO","nb_adr":2,"nb_bat":2}},{"type":"Feature","id":"lien_adresse_bati.2782364","geometry":{"type":"LineString","coordinates":[[3.78942196,48.51046574],[3.7893841,48.51028941]]},"geometry_name":"geom","properties":{"id_adr":"10220_0170_00027","id_bat":"BATIMENT0000000301149431","idu":"102200000D1573","type_lien":"GEO","nb_adr":2,"nb_bat":1}},{"type":"Feature","id":"lien_adresse_bati.2891366","geometry":{"type":"LineString","coordinates":[[3.78967017,48.51058464],[3.78977723,48.51050119]]},"geometry_name":"geom","properties":{"id_adr":"10220_0170_00028","id_bat":"BATIMENT0000000301149305","idu":"102200000D1836","type_lien":"GEO","nb_adr":2,"nb_bat":3}},{"type":"Feature","id":"lien_adresse_bati.2913724","geometry":{"type":"LineString","coordinates":[[3.78967017,48.51058464],[3.78981778,48.5103776]]},"geometry_name":"geom","properties":{"id_adr":"10220_0170_00028","id_bat":"BATIMENT0000000301149417","idu":"102200000D1836","type_lien":"GEO","nb_adr":2,"nb_bat":3}},{"type":"Feature","id":"lien_adresse_bati.2678490","geometry":{"type":"LineString","coordinates":[[3.78967017,48.51058464],[3.78969969,48.51038693]]},"geometry_name":"geom","properties":{"id_adr":"10220_0170_00028","id_bat":"BATIMENT0000000301149304","idu":"102200000D1836","type_lien":"GEO","nb_adr":2,"nb_bat":3}},{"type":"Feature","id":"lien_adresse_bati.2676750","geometry":{"type":"LineString","coordinates":[[3.78976945,48.51079359],[3.78978957,48.51077174]]},"geometry_name":"geom","properties":{"id_adr":"10220_0170_00030","id_bat":"BATIMENT0000000301149280","idu":"102200000D1975","type_lien":"GEO","nb_adr":2,"nb_bat":1}},{"type":"Feature","id":"lien_adresse_bati.2810241","geometry":{"type":"LineString","coordinates":[[3.78978484,48.51109667],[3.78980872,48.51102306]]},"geometry_name":"geom","properties":{"id_adr":"10220_0170_00032","id_bat":"BATIMENT0000000301149485","idu":"102200000D1976","type_lien":"GEO","nb_adr":2,"nb_bat":2}},{"type":"Feature","id":"lien_adresse_bati.2874469","geometry":{"type":"LineString","coordinates":[[3.78978484,48.51109667],[3.78980767,48.51126864]]},"geometry_name":"geom","properties":{"id_adr":"10220_0170_00032","id_bat":"BATIMENT0000000301149794","idu":"102200000D1976","type_lien":"GEO","nb_adr":1,"nb_bat":2}},{"type":"Feature","id":"lien_adresse_bati.2714791","geometry":{"type":"LineString","coordinates":[[3.79018239,48.51088261],[3.79037433,48.51086551]]},"geometry_name":"geom","properties":{"id_adr":"10220_0175_00002","id_bat":"BATIMENT0000000301149635","idu":"102200000D1604","type_lien":"GEO","nb_adr":1,"nb_bat":1}},{"type":"Feature","id":"lien_adresse_bati.2872160","geometry":{"type":"LineString","coordinates":[[3.78574182,48.50431326],[3.78592626,48.50447018]]},"geometry_name":"geom","properties":{"id_adr":"10220_0190_00001","id_bat":"BATIMENT0000000301149057","idu":"102200000D0194","type_lien":"GEO","nb_adr":4,"nb_bat":1}},{"type":"Feature","id":"lien_adresse_bati.2832084","geometry":{"type":"LineString","coordinates":[[3.78592948,48.50445956],[3.78592626,48.50447018]]},"geometry_name":"geom","properties":{"id_adr":"10220_0190_00001_a","id_bat":"BATIMENT0000000301149057","idu":"102200000D0194","type_lien":"GEO","nb_adr":4,"nb_bat":1}},{"type":"Feature","id":"lien_adresse_bati.2861450","geometry":{"type":"LineString","coordinates":[[3.78660973,48.50423105],[3.78615804,48.50428856]]},"geometry_name":"geom","properties":{"id_adr":"10220_0190_00001_b","id_bat":"BATIMENT0000002006956401","idu":"102200000D2515","type_lien":"GEO","nb_adr":2,"nb_bat":2}},{"type":"Feature","id":"lien_adresse_bati.2867965","geometry":{"type":"LineString","coordinates":[[3.78660973,48.50423105],[3.78658967,48.50422669]]},"geometry_name":"geom","properties":{"id_adr":"10220_0190_00001_b","id_bat":"BATIMENT0000002220709401","idu":"102200000D2515","type_lien":"GEO","nb_adr":1,"nb_bat":2}},{"type":"Feature","id":"lien_adresse_bati.2672733","geometry":{"type":"LineString","coordinates":[[3.78651609,48.50448717],[3.78678376,48.50452903]]},"geometry_name":"geom","properties":{"id_adr":"10220_0190_00002","id_bat":"BATIMENT0000000301149102","idu":"102200000D2401","type_lien":"GEO","nb_adr":2,"nb_bat":2}},{"type":"Feature","id":"lien_adresse_bati.2897973","geometry":{"type":"LineString","coordinates":[[3.78651609,48.50448717],[3.78662134,48.50441877]]},"geometry_name":"geom","properties":{"id_adr":"10220_0190_00002","id_bat":"BATIMENT0000000301149067","idu":"102200000D2401","type_lien":"GEO","nb_adr":2,"nb_bat":2}},{"type":"Feature","id":"lien_adresse_bati.2828420","geometry":{"type":"LineString","coordinates":[[3.78683283,48.50457413],[3.78678376,48.50452903]]},"geometry_name":"geom","properties":{"id_adr":"10220_0190_00004","id_bat":"BATIMENT0000000301149102","idu":"102200000D2401","type_lien":"GEO","nb_adr":2,"nb_bat":2}},{"type":"Feature","id":"lien_adresse_bati.2830751","geometry":{"type":"LineString","coordinates":[[3.78683283,48.50457413],[3.78662134,48.50441877]]},"geometry_name":"geom","properties":{"id_adr":"10220_0190_00004","id_bat":"BATIMENT0000000301149067","idu":"102200000D2401","type_lien":"GEO","nb_adr":2,"nb_bat":2}},{"type":"Feature","id":"lien_adresse_bati.2764055","geometry":{"type":"LineString","coordinates":[[3.78650791,48.50457359],[3.78635953,48.50468297]]},"geometry_name":"geom","properties":{"id_adr":"10220_0190_00005","id_bat":"BATIMENT0000000301149058","idu":"102200000D0191","type_lien":"GEO","nb_adr":1,"nb_bat":1}},{"type":"Feature","id":"lien_adresse_bati.2785092","geometry":{"type":"LineString","coordinates":[[3.78676352,48.50464656],[3.78666588,48.50468036]]},"geometry_name":"geom","properties":{"id_adr":"10220_0190_00007","id_bat":"BATIMENT0000000301149059","idu":"102200000D0190","type_lien":"GEO","nb_adr":1,"nb_bat":2}},{"type":"Feature","id":"lien_adresse_bati.2710145","geometry":{"type":"LineString","coordinates":[[3.78676352,48.50464656],[3.78660664,48.50483671]]},"geometry_name":"geom","properties":{"id_adr":"10220_0190_00007","id_bat":"BATIMENT0000000301149816","idu":"102200000D0190","type_lien":"GEO","nb_adr":1,"nb_bat":2}},{"type":"Feature","id":"lien_adresse_bati.2674636","geometry":{"type":"LineString","coordinates":[[3.78835132,48.50373101],[3.78828771,48.50368719]]},"geometry_name":"geom","properties":{"id_adr":"10220_0190_00010","id_bat":"BATIMENT0000000301149062","idu":"102200000D0181","type_lien":"GEO","nb_adr":2,"nb_bat":1}},{"type":"Feature","id":"lien_adresse_bati.2857470","geometry":{"type":"LineString","coordinates":[[3.78840197,48.50367759],[3.78828771,48.50368719]]},"geometry_name":"geom","properties":{"id_adr":"10220_0190_00012","id_bat":"BATIMENT0000000301149062","idu":"102200000D0181","type_lien":"GEO","nb_adr":2,"nb_bat":1}},{"type":"Feature","id":"lien_adresse_bati.2743896","geometry":{"type":"LineString","coordinates":[[3.78855798,48.50351912],[3.78844041,48.5035332]]},"geometry_name":"geom","properties":{"id_adr":"10220_0190_00014","id_bat":"BATIMENT0000000301149078","idu":"102200000D0179","type_lien":"GEO","nb_adr":1,"nb_bat":3}},{"type":"Feature","id":"lien_adresse_bati.2893992","geometry":{"type":"LineString","coordinates":[[3.78855798,48.50351912],[3.7884064,48.50345446]]},"geometry_name":"geom","properties":{"id_adr":"10220_0190_00014","id_bat":"BATIMENT0000000301149077","idu":"102200000D0179","type_lien":"GEO","nb_adr":1,"nb_bat":3}},{"type":"Feature","id":"lien_adresse_bati.2885120","geometry":{"type":"LineString","coordinates":[[3.78855798,48.50351912],[3.78855556,48.50344235]]},"geometry_name":"geom","properties":{"id_adr":"10220_0190_00014","id_bat":"BATIMENT0000000301149080","idu":"102200000D0179","type_lien":"GEO","nb_adr":1,"nb_bat":3}},{"type":"Feature","id":"lien_adresse_bati.2778071","geometry":{"type":"LineString","coordinates":[[3.78496332,48.50123176],[3.78511969,48.50154065]]},"geometry_name":"geom","properties":{"id_adr":"10220_0200_00002","id_bat":"BATIMENT0000000301148603","idu":"102200000D0209","type_lien":"GEO","nb_adr":2,"nb_bat":5}},{"type":"Feature","id":"lien_adresse_bati.2908319","geometry":{"type":"LineString","coordinates":[[3.78496332,48.50123176],[3.78484432,48.50169091]]},"geometry_name":"geom","properties":{"id_adr":"10220_0200_00002","id_bat":"BATIMENT0000000301148601","idu":"102200000D0209","type_lien":"GEO","nb_adr":2,"nb_bat":5}},{"type":"Feature","id":"lien_adresse_bati.2705630","geometry":{"type":"LineString","coordinates":[[3.78496332,48.50123176],[3.78468301,48.50136211]]},"geometry_name":"geom","properties":{"id_adr":"10220_0200_00002","id_bat":"BATIMENT0000000301148683","idu":"102200000D0209","type_lien":"GEO","nb_adr":2,"nb_bat":5}},{"type":"Feature","id":"lien_adresse_bati.2784575","geometry":{"type":"LineString","coordinates":[[3.78496332,48.50123176],[3.78466074,48.50154752]]},"geometry_name":"geom","properties":{"id_adr":"10220_0200_00002","id_bat":"BATIMENT0000000301148602","idu":"102200000D0209","type_lien":"GEO","nb_adr":2,"nb_bat":5}},{"type":"Feature","id":"lien_adresse_bati.2824034","geometry":{"type":"LineString","coordinates":[[3.78496332,48.50123176],[3.7849542,48.50137473]]},"geometry_name":"geom","properties":{"id_adr":"10220_0200_00002","id_bat":"BATIMENT0000000009358948","idu":"102200000D0209","type_lien":"GEO","nb_adr":2,"nb_bat":5}},{"type":"Feature","id":"lien_adresse_bati.2780095","geometry":{"type":"LineString","coordinates":[[3.78515835,48.50114771],[3.78506141,48.50087621]]},"geometry_name":"geom","properties":{"id_adr":"10220_0200_00003","id_bat":"BATIMENT0000000292129055","idu":"102200000H0024","type_lien":"GEO","nb_adr":1,"nb_bat":2}},{"type":"Feature","id":"lien_adresse_bati.2724916","geometry":{"type":"LineString","coordinates":[[3.78515835,48.50114771],[3.78515611,48.50104333]]},"geometry_name":"geom","properties":{"id_adr":"10220_0200_00003","id_bat":"BATIMENT0000000301148605","idu":"102200000H0024","type_lien":"GEO","nb_adr":1,"nb_bat":2}},{"type":"Feature","id":"lien_adresse_bati.2711905","geometry":{"type":"LineString","coordinates":[[3.78415674,48.50124788],[3.78414135,48.5014549]]},"geometry_name":"geom","properties":{"id_adr":"10220_0200_00004","id_bat":"BATIMENT0000000301148582","idu":"102200000E0761","type_lien":"GEO","nb_adr":1,"nb_bat":1}},{"type":"Feature","id":"lien_adresse_bati.2736992","geometry":{"type":"LineString","coordinates":[[3.78374254,48.50125062],[3.78368469,48.50138864]]},"geometry_name":"geom","properties":{"id_adr":"10220_0200_00006","id_bat":"BATIMENT0000000301148657","idu":"102200000E0517","type_lien":"GEO","nb_adr":1,"nb_bat":2}},{"type":"Feature","id":"lien_adresse_bati.2665826","geometry":{"type":"LineString","coordinates":[[3.78374254,48.50125062],[3.78368464,48.50163406]]},"geometry_name":"geom","properties":{"id_adr":"10220_0200_00006","id_bat":"BATIMENT0000000301148634","idu":"102200000E0517","type_lien":"GEO","nb_adr":1,"nb_bat":2}},{"type":"Feature","id":"lien_adresse_bati.2846874","geometry":{"type":"LineString","coordinates":[[3.78338254,48.50125659],[3.7833989,48.50134964]]},"geometry_name":"geom","properties":{"id_adr":"10220_0200_00008","id_bat":"BATIMENT0000000301148650","idu":"102200000E0289","type_lien":"GEO","nb_adr":1,"nb_bat":3}},{"type":"Feature","id":"lien_adresse_bati.2695670","geometry":{"type":"LineString","coordinates":[[3.78338254,48.50125659],[3.78349214,48.50157052]]},"geometry_name":"geom","properties":{"id_adr":"10220_0200_00008","id_bat":"BATIMENT0000000301148639","idu":"102200000E0289","type_lien":"GEO","nb_adr":1,"nb_bat":3}},{"type":"Feature","id":"lien_adresse_bati.2688002","geometry":{"type":"LineString","coordinates":[[3.78338254,48.50125659],[3.78349241,48.50161122]]},"geometry_name":"geom","properties":{"id_adr":"10220_0200_00008","id_bat":"BATIMENT0000000301148638","idu":"102200000E0289","type_lien":"GEO","nb_adr":1,"nb_bat":3}},{"type":"Feature","id":"lien_adresse_bati.2673300","geometry":{"type":"LineString","coordinates":[[3.78445464,48.50116315],[3.78447767,48.50102789]]},"geometry_name":"geom","properties":{"id_adr":"10220_0200_00009","id_bat":"BATIMENT0000000301148590","idu":"102200000H0369","type_lien":"GEO","nb_adr":2,"nb_bat":4}},{"type":"Feature","id":"lien_adresse_bati.2855867","geometry":{"type":"LineString","coordinates":[[3.78445464,48.50116315],[3.78437684,48.50072403]]},"geometry_name":"geom","properties":{"id_adr":"10220_0200_00009","id_bat":"BATIMENT0000000301148936","idu":"102200000H0369","type_lien":"GEO","nb_adr":2,"nb_bat":4}},{"type":"Feature","id":"lien_adresse_bati.2876951","geometry":{"type":"LineString","coordinates":[[3.78445464,48.50116315],[3.78449206,48.50078109]]},"geometry_name":"geom","properties":{"id_adr":"10220_0200_00009","id_bat":"BATIMENT0000000292129064","idu":"102200000H0369","type_lien":"GEO","nb_adr":2,"nb_bat":4}},{"type":"Feature","id":"lien_adresse_bati.2677611","geometry":{"type":"LineString","coordinates":[[3.78445464,48.50116315],[3.78431002,48.5009062]]},"geometry_name":"geom","properties":{"id_adr":"10220_0200_00009","id_bat":"BATIMENT0000000301148937","idu":"102200000H0369","type_lien":"GEO","nb_adr":2,"nb_bat":4}},{"type":"Feature","id":"lien_adresse_bati.2887303","geometry":{"type":"LineString","coordinates":[[3.78318092,48.50126242],[3.78314117,48.50156291]]},"geometry_name":"geom","properties":{"id_adr":"10220_0200_00010","id_bat":"BATIMENT0000000301148991","idu":"102200000E0522","type_lien":"GEO","nb_adr":1,"nb_bat":2}},{"type":"Feature","id":"lien_adresse_bati.2767951","geometry":{"type":"LineString","coordinates":[[3.78318092,48.50126242],[3.78321289,48.50147902]]},"geometry_name":"geom","properties":{"id_adr":"10220_0200_00010","id_bat":"BATIMENT0000000301148581","idu":"102200000E0522","type_lien":"GEO","nb_adr":1,"nb_bat":2}},{"type":"Feature","id":"lien_adresse_bati.2871319","geometry":{"type":"LineString","coordinates":[[3.78389159,48.50116957],[3.78415352,48.50098736]]},"geometry_name":"geom","properties":{"id_adr":"10220_0200_00011","id_bat":"BATIMENT0000000301148988","idu":"102200000E0286","type_lien":"GEO","nb_adr":1,"nb_bat":3}},{"type":"Feature","id":"lien_adresse_bati.2702451","geometry":{"type":"LineString","coordinates":[[3.78389159,48.50116957],[3.78371956,48.50065008]]},"geometry_name":"geom","properties":{"id_adr":"10220_0200_00011","id_bat":"BATIMENT0000000301148577","idu":"102200000E0286","type_lien":"GEO","nb_adr":1,"nb_bat":3}},{"type":"Feature","id":"lien_adresse_bati.2903878","geometry":{"type":"LineString","coordinates":[[3.78389159,48.50116957],[3.7838035,48.50102702]]},"geometry_name":"geom","properties":{"id_adr":"10220_0200_00011","id_bat":"BATIMENT0000000301148573","idu":"102200000E0286","type_lien":"GEO","nb_adr":1,"nb_bat":3}},{"type":"Feature","id":"lien_adresse_bati.2718009","geometry":{"type":"LineString","coordinates":[[3.78353161,48.50117644],[3.78348113,48.5010415]]},"geometry_name":"geom","properties":{"id_adr":"10220_0200_00013","id_bat":"BATIMENT0000000301148572","idu":"102200000E0827","type_lien":"GEO","nb_adr":3,"nb_bat":1}},{"type":"Feature","id":"lien_adresse_bati.2798547","geometry":{"type":"LineString","coordinates":[[3.78380084,48.50089398],[3.78348113,48.5010415]]},"geometry_name":"geom","properties":{"id_adr":"10220_0200_00013_a","id_bat":"BATIMENT0000000301148572","idu":"102200000E0827","type_lien":"BAN","nb_adr":3,"nb_bat":1}},{"type":"Feature","id":"lien_adresse_bati.2796782","geometry":{"type":"LineString","coordinates":[[3.78363038,48.50117309],[3.78348113,48.5010415]]},"geometry_name":"geom","properties":{"id_adr":"10220_0200_00013_b","id_bat":"BATIMENT0000000301148572","idu":"102200000E0827","type_lien":"GEO","nb_adr":3,"nb_bat":1}},{"type":"Feature","id":"lien_adresse_bati.2904597","geometry":{"type":"LineString","coordinates":[[3.78279129,48.50127848],[3.78276553,48.50172993]]},"geometry_name":"geom","properties":{"id_adr":"10220_0200_00014","id_bat":"BATIMENT0000002330331434","idu":"102200000E0917","type_lien":"BAN","nb_adr":1,"nb_bat":1}},{"type":"Feature","id":"lien_adresse_bati.2768735","geometry":{"type":"LineString","coordinates":[[3.7823581,48.50127863],[3.78248684,48.50155983]]},"geometry_name":"geom","properties":{"id_adr":"10220_0200_00016","id_bat":"BATIMENT0000000009358944","idu":"102200000E0324","type_lien":"GEO","nb_adr":1,"nb_bat":2}},{"type":"Feature","id":"lien_adresse_bati.2671261","geometry":{"type":"LineString","coordinates":[[3.7823581,48.50127863],[3.7823495,48.50136522]]},"geometry_name":"geom","properties":{"id_adr":"10220_0200_00016","id_bat":"BATIMENT0000000301148643","idu":"102200000E0324","type_lien":"GEO","nb_adr":1,"nb_bat":2}},{"type":"Feature","id":"lien_adresse_bati.2676883","geometry":{"type":"LineString","coordinates":[[3.78247196,48.50119782],[3.78255873,48.50110751]]},"geometry_name":"geom","properties":{"id_adr":"10220_0200_00017","id_bat":"BATIMENT0000000301148560","idu":"102200000E0839","type_lien":"GEO","nb_adr":2,"nb_bat":1}},{"type":"Feature","id":"lien_adresse_bati.2669268","geometry":{"type":"LineString","coordinates":[[3.78292125,48.50118766],[3.78294148,48.50104651]]},"geometry_name":"geom","properties":{"id_adr":"10220_0200_00019","id_bat":"BATIMENT0000000301148569","idu":"102200000E0581","type_lien":"GEO","nb_adr":1,"nb_bat":1}},{"type":"Feature","id":"lien_adresse_bati.2781340","geometry":{"type":"LineString","coordinates":[[3.78271825,48.5011917],[3.78266619,48.5010597]]},"geometry_name":"geom","properties":{"id_adr":"10220_0200_00021","id_bat":"BATIMENT0000000301148561","idu":"102200000E0580","type_lien":"GEO","nb_adr":1,"nb_bat":1}},{"type":"Feature","id":"lien_adresse_bati.2841704","geometry":{"type":"LineString","coordinates":[[3.78146085,48.50129623],[3.78133154,48.50141829]]},"geometry_name":"geom","properties":{"id_adr":"10220_0200_00022","id_bat":"BATIMENT0000000301148654","idu":"102200000E0602","type_lien":"GEO","nb_adr":3,"nb_bat":1}},{"type":"Feature","id":"lien_adresse_bati.2845704","geometry":{"type":"LineString","coordinates":[[3.78250579,48.50119669],[3.78255873,48.50110751]]},"geometry_name":"geom","properties":{"id_adr":"10220_0200_00023","id_bat":"BATIMENT0000000301148560","idu":"102200000E0839","type_lien":"GEO","nb_adr":2,"nb_bat":1}},{"type":"Feature","id":"lien_adresse_bati.2819283","geometry":{"type":"LineString","coordinates":[[3.78233796,48.5011987],[3.78233321,48.50101984]]},"geometry_name":"geom","properties":{"id_adr":"10220_0200_00023_bis","id_bat":"BATIMENT0000000301148558","idu":"102200000E0837","type_lien":"GEO","nb_adr":2,"nb_bat":1}},{"type":"Feature","id":"lien_adresse_bati.2710116","geometry":{"type":"LineString","coordinates":[[3.78070566,48.5013093],[3.78054187,48.501401]]},"geometry_name":"geom","properties":{"id_adr":"10220_0200_00024","id_bat":"BATIMENT0000000301148672","idu":"102200000E0883","type_lien":"GEO","nb_adr":1,"nb_bat":2}},{"type":"Feature","id":"lien_adresse_bati.2765268","geometry":{"type":"LineString","coordinates":[[3.78070566,48.5013093],[3.78070653,48.50141796]]},"geometry_name":"geom","properties":{"id_adr":"10220_0200_00024","id_bat":"BATIMENT0000000301149022","idu":"102200000E0883","type_lien":"GEO","nb_adr":2,"nb_bat":2}},{"type":"Feature","id":"lien_adresse_bati.2790350","geometry":{"type":"LineString","coordinates":[[3.7821634,48.50120345],[3.78236062,48.50096795]]},"geometry_name":"geom","properties":{"id_adr":"10220_0200_00025","id_bat":"BATIMENT0000000301148558","idu":"102200000E0838","type_lien":"GEO","nb_adr":2,"nb_bat":1}},{"type":"Feature","id":"lien_adresse_bati.2766146","geometry":{"type":"LineString","coordinates":[[3.78175337,48.50103162],[3.78174091,48.50096962]]},"geometry_name":"geom","properties":{"id_adr":"10220_0200_00027","id_bat":"BATIMENT0000002477590537","idu":"102200000E0959","type_lien":"GEO","nb_adr":1,"nb_bat":1}},{"type":"Feature","id":"lien_adresse_bati.2833916","geometry":{"type":"LineString","coordinates":[[3.78045255,48.50131186],[3.78042505,48.50142095]]},"geometry_name":"geom","properties":{"id_adr":"10220_0200_00028","id_bat":"BATIMENT0000000301148670","idu":"102200000E0346","type_lien":"GEO","nb_adr":1,"nb_bat":3}},{"type":"Feature","id":"lien_adresse_bati.2886338","geometry":{"type":"LineString","coordinates":[[3.78045255,48.50131186],[3.78041622,48.50155302]]},"geometry_name":"geom","properties":{"id_adr":"10220_0200_00028","id_bat":"BATIMENT0000000301148669","idu":"102200000E0346","type_lien":"GEO","nb_adr":1,"nb_bat":3}},{"type":"Feature","id":"lien_adresse_bati.2787364","geometry":{"type":"LineString","coordinates":[[3.78045255,48.50131186],[3.78043021,48.50170555]]},"geometry_name":"geom","properties":{"id_adr":"10220_0200_00028","id_bat":"BATIMENT0000000301148668","idu":"102200000E0346","type_lien":"GEO","nb_adr":1,"nb_bat":3}},{"type":"Feature","id":"lien_adresse_bati.2902614","geometry":{"type":"LineString","coordinates":[[3.78131632,48.50104529],[3.7812968,48.50095699]]},"geometry_name":"geom","properties":{"id_adr":"10220_0200_00029","id_bat":"BATIMENT0000002292842881","idu":"102200000E0945","type_lien":"GEO","nb_adr":1,"nb_bat":1}},{"type":"Feature","id":"lien_adresse_bati.2840384","geometry":{"type":"LineString","coordinates":[[3.7800345,48.5013281],[3.78003878,48.50142248]]},"geometry_name":"geom","properties":{"id_adr":"10220_0200_00032","id_bat":"BATIMENT0000000301148766","idu":"102200000E0850","type_lien":"GEO","nb_adr":2,"nb_bat":2}},{"type":"Feature","id":"lien_adresse_bati.2699407","geometry":{"type":"LineString","coordinates":[[3.7800345,48.5013281],[3.78006402,48.50160944]]},"geometry_name":"geom","properties":{"id_adr":"10220_0200_00032","id_bat":"BATIMENT0000000301148762","idu":"102200000E0850","type_lien":"GEO","nb_adr":2,"nb_bat":2}},{"type":"Feature","id":"lien_adresse_bati.2741031","geometry":{"type":"LineString","coordinates":[[3.78022254,48.50131967],[3.78017888,48.5014189]]},"geometry_name":"geom","properties":{"id_adr":"10220_0200_00032_a","id_bat":"BATIMENT0000000301148770","idu":"102200000E0852","type_lien":"GEO","nb_adr":1,"nb_bat":1}},{"type":"Feature","id":"lien_adresse_bati.2668663","geometry":{"type":"LineString","coordinates":[[3.78008984,48.5014087],[3.78003878,48.50142248]]},"geometry_name":"geom","properties":{"id_adr":"10220_0200_00032_b","id_bat":"BATIMENT0000000301148766","idu":"102200000E0850","type_lien":"GEO","nb_adr":2,"nb_bat":2}},{"type":"Feature","id":"lien_adresse_bati.2911941","geometry":{"type":"LineString","coordinates":[[3.78008984,48.5014087],[3.78006402,48.50160944]]},"geometry_name":"geom","properties":{"id_adr":"10220_0200_00032_b","id_bat":"BATIMENT0000000301148762","idu":"102200000E0850","type_lien":"GEO","nb_adr":2,"nb_bat":2}},{"type":"Feature","id":"lien_adresse_bati.2820385","geometry":{"type":"LineString","coordinates":[[3.78050686,48.50123143],[3.78036074,48.50073624]]},"geometry_name":"geom","properties":{"id_adr":"10220_0200_00033","id_bat":"BATIMENT0000000301148692","idu":"102200000E0268","type_lien":"GEO","nb_adr":1,"nb_bat":2}},{"type":"Feature","id":"lien_adresse_bati.2888541","geometry":{"type":"LineString","coordinates":[[3.78050686,48.50123143],[3.78052778,48.50101951]]},"geometry_name":"geom","properties":{"id_adr":"10220_0200_00033","id_bat":"BATIMENT0000000301148691","idu":"102200000E0268","type_lien":"GEO","nb_adr":1,"nb_bat":2}},{"type":"Feature","id":"lien_adresse_bati.2804775","geometry":{"type":"LineString","coordinates":[[3.77984511,48.50133744],[3.77980374,48.50142161]]},"geometry_name":"geom","properties":{"id_adr":"10220_0200_00034","id_bat":"BATIMENT0000000301148767","idu":"102200000E0349","type_lien":"GEO","nb_adr":1,"nb_bat":4}},{"type":"Feature","id":"lien_adresse_bati.2691550","geometry":{"type":"LineString","coordinates":[[3.77984511,48.50133744],[3.77992416,48.50141902]]},"geometry_name":"geom","properties":{"id_adr":"10220_0200_00034","id_bat":"BATIMENT0000000301148771","idu":"102200000E0349","type_lien":"GEO","nb_adr":1,"nb_bat":4}},{"type":"Feature","id":"lien_adresse_bati.2848990","geometry":{"type":"LineString","coordinates":[[3.77984511,48.50133744],[3.77986464,48.50142039]]},"geometry_name":"geom","properties":{"id_adr":"10220_0200_00034","id_bat":"BATIMENT0000000301148769","idu":"102200000E0349","type_lien":"GEO","nb_adr":1,"nb_bat":4}},{"type":"Feature","id":"lien_adresse_bati.2663136","geometry":{"type":"LineString","coordinates":[[3.77984511,48.50133744],[3.77988178,48.50157145]]},"geometry_name":"geom","properties":{"id_adr":"10220_0200_00034","id_bat":"BATIMENT0000000301148763","idu":"102200000E0349","type_lien":"GEO","nb_adr":1,"nb_bat":4}},{"type":"Feature","id":"lien_adresse_bati.2894225","geometry":{"type":"LineString","coordinates":[[3.77964766,48.50135043],[3.77970131,48.50145312]]},"geometry_name":"geom","properties":{"id_adr":"10220_0200_00036","id_bat":"BATIMENT0000000301148764","idu":"102200000E0577","type_lien":"GEO","nb_adr":1,"nb_bat":1}},{"type":"Feature","id":"lien_adresse_bati.2672437","geometry":{"type":"LineString","coordinates":[[3.78026868,48.5012366],[3.7801726,48.50105627]]},"geometry_name":"geom","properties":{"id_adr":"10220_0200_00037","id_bat":"BATIMENT0000000301148677","idu":"102200000E0267","type_lien":"GEO","nb_adr":1,"nb_bat":1}},{"type":"Feature","id":"lien_adresse_bati.2837715","geometry":{"type":"LineString","coordinates":[[3.77933384,48.50136688],[3.77932015,48.50144128]]},"geometry_name":"geom","properties":{"id_adr":"10220_0200_00038","id_bat":"BATIMENT0000000301148741","idu":"102200000E0865","type_lien":"GEO","nb_adr":3,"nb_bat":2}},{"type":"Feature","id":"lien_adresse_bati.2677098","geometry":{"type":"LineString","coordinates":[[3.77933384,48.50136688],[3.77932413,48.5014874]]},"geometry_name":"geom","properties":{"id_adr":"10220_0200_00038","id_bat":"BATIMENT0000000301148740","idu":"102200000E0865","type_lien":"GEO","nb_adr":3,"nb_bat":2}},{"type":"Feature","id":"lien_adresse_bati.2667478","geometry":{"type":"LineString","coordinates":[[3.77995482,48.50125035],[3.7798021,48.5008122]]},"geometry_name":"geom","properties":{"id_adr":"10220_0200_00039","id_bat":"BATIMENT0000000301148897","idu":"102200000E0742","type_lien":"GEO","nb_adr":1,"nb_bat":4}},{"type":"Feature","id":"lien_adresse_bati.2698429","geometry":{"type":"LineString","coordinates":[[3.77995482,48.50125035],[3.77997476,48.50081554]]},"geometry_name":"geom","properties":{"id_adr":"10220_0200_00039","id_bat":"BATIMENT0000000301148899","idu":"102200000E0742","type_lien":"GEO","nb_adr":1,"nb_bat":4}},{"type":"Feature","id":"lien_adresse_bati.2829900","geometry":{"type":"LineString","coordinates":[[3.77995482,48.50125035],[3.77984481,48.50116822]]},"geometry_name":"geom","properties":{"id_adr":"10220_0200_00039","id_bat":"BATIMENT0000000301148735","idu":"102200000E0742","type_lien":"GEO","nb_adr":1,"nb_bat":4}},{"type":"Feature","id":"lien_adresse_bati.2690754","geometry":{"type":"LineString","coordinates":[[3.77995482,48.50125035],[3.78001201,48.50099935]]},"geometry_name":"geom","properties":{"id_adr":"10220_0200_00039","id_bat":"BATIMENT0000000301148891","idu":"102200000E0742","type_lien":"GEO","nb_adr":1,"nb_bat":4}},{"type":"Feature","id":"lien_adresse_bati.2855738","geometry":{"type":"LineString","coordinates":[[3.77928648,48.50136809],[3.77932015,48.50144128]]},"geometry_name":"geom","properties":{"id_adr":"10220_0200_00040","id_bat":"BATIMENT0000000301148741","idu":"102200000E0865","type_lien":"GEO","nb_adr":3,"nb_bat":2}},{"type":"Feature","id":"lien_adresse_bati.2836668","geometry":{"type":"LineString","coordinates":[[3.77928648,48.50136809],[3.77932413,48.5014874]]},"geometry_name":"geom","properties":{"id_adr":"10220_0200_00040","id_bat":"BATIMENT0000000301148740","idu":"102200000E0865","type_lien":"GEO","nb_adr":3,"nb_bat":2}},{"type":"Feature","id":"lien_adresse_bati.2864278","geometry":{"type":"LineString","coordinates":[[3.77872254,48.50140598],[3.77879307,48.50168867]]},"geometry_name":"geom","properties":{"id_adr":"10220_0200_00042","id_bat":"BATIMENT0000000301148709","idu":"102200000E0897","type_lien":"GEO","nb_adr":1,"nb_bat":1}},{"type":"Feature","id":"lien_adresse_bati.2769449","geometry":{"type":"LineString","coordinates":[[3.77961805,48.50127056],[3.77962003,48.50103971]]},"geometry_name":"geom","properties":{"id_adr":"10220_0200_00043","id_bat":"BATIMENT0000000301148894","idu":"102200000E0262","type_lien":"GEO","nb_adr":1,"nb_bat":3}},{"type":"Feature","id":"lien_adresse_bati.2863816","geometry":{"type":"LineString","coordinates":[[3.77961805,48.50127056],[3.77941765,48.50090301]]},"geometry_name":"geom","properties":{"id_adr":"10220_0200_00043","id_bat":"BATIMENT0000000301148892","idu":"102200000E0262","type_lien":"GEO","nb_adr":1,"nb_bat":3}},{"type":"Feature","id":"lien_adresse_bati.2882981","geometry":{"type":"LineString","coordinates":[[3.77961805,48.50127056],[3.77949422,48.50099998]]},"geometry_name":"geom","properties":{"id_adr":"10220_0200_00043","id_bat":"BATIMENT0000000301148893","idu":"102200000E0262","type_lien":"GEO","nb_adr":1,"nb_bat":3}},{"type":"Feature","id":"lien_adresse_bati.2754163","geometry":{"type":"LineString","coordinates":[[3.77846844,48.50143283],[3.77857686,48.50178208]]},"geometry_name":"geom","properties":{"id_adr":"10220_0200_00044","id_bat":"BATIMENT0000000301148708","idu":"102200000E0583","type_lien":"GEO","nb_adr":1,"nb_bat":3}},{"type":"Feature","id":"lien_adresse_bati.2739617","geometry":{"type":"LineString","coordinates":[[3.77846844,48.50143283],[3.77849548,48.50153403]]},"geometry_name":"geom","properties":{"id_adr":"10220_0200_00044","id_bat":"BATIMENT0000000301148820","idu":"102200000E0583","type_lien":"GEO","nb_adr":1,"nb_bat":3}},{"type":"Feature","id":"lien_adresse_bati.2727605","geometry":{"type":"LineString","coordinates":[[3.77846844,48.50143283],[3.77860354,48.50168753]]},"geometry_name":"geom","properties":{"id_adr":"10220_0200_00044","id_bat":"BATIMENT0000000301148707","idu":"102200000E0583","type_lien":"GEO","nb_adr":1,"nb_bat":3}},{"type":"Feature","id":"lien_adresse_bati.2911171","geometry":{"type":"LineString","coordinates":[[3.77830496,48.50145459],[3.77834226,48.50153086]]},"geometry_name":"geom","properties":{"id_adr":"10220_0200_00046","id_bat":"BATIMENT0000000301148819","idu":"102200000E0582","type_lien":"GEO","nb_adr":1,"nb_bat":2}},{"type":"Feature","id":"lien_adresse_bati.2704974","geometry":{"type":"LineString","coordinates":[[3.77830496,48.50145459],[3.77833824,48.50165035]]},"geometry_name":"geom","properties":{"id_adr":"10220_0200_00046","id_bat":"BATIMENT0000000301148975","idu":"102200000E0582","type_lien":"GEO","nb_adr":1,"nb_bat":2}},{"type":"Feature","id":"lien_adresse_bati.2700414","geometry":{"type":"LineString","coordinates":[[3.77916217,48.50129244],[3.77894478,48.50117434]]},"geometry_name":"geom","properties":{"id_adr":"10220_0200_00047","id_bat":"BATIMENT0000000301148710","idu":"102200000E0791","type_lien":"GEO","nb_adr":1,"nb_bat":1}},{"type":"Feature","id":"lien_adresse_bati.2880378","geometry":{"type":"LineString","coordinates":[[3.77788372,48.50153022],[3.77795395,48.50188332]]},"geometry_name":"geom","properties":{"id_adr":"10220_0200_00048","id_bat":"BATIMENT0000000009359100","idu":"102200000E0355","type_lien":"GEO","nb_adr":1,"nb_bat":7}},{"type":"Feature","id":"lien_adresse_bati.2668241","geometry":{"type":"LineString","coordinates":[[3.77788372,48.50153022],[3.77779268,48.50160504]]},"geometry_name":"geom","properties":{"id_adr":"10220_0200_00048","id_bat":"BATIMENT0000000301148790","idu":"102200000E0355","type_lien":"GEO","nb_adr":1,"nb_bat":7}},{"type":"Feature","id":"lien_adresse_bati.2853963","geometry":{"type":"LineString","coordinates":[[3.77788372,48.50153022],[3.77790114,48.50157599]]},"geometry_name":"geom","properties":{"id_adr":"10220_0200_00048","id_bat":"BATIMENT0000000301148789","idu":"102200000E0355","type_lien":"GEO","nb_adr":1,"nb_bat":7}},{"type":"Feature","id":"lien_adresse_bati.2906803","geometry":{"type":"LineString","coordinates":[[3.77788372,48.50153022],[3.77815588,48.50180823]]},"geometry_name":"geom","properties":{"id_adr":"10220_0200_00048","id_bat":"BATIMENT0000000301148867","idu":"102200000E0355","type_lien":"GEO","nb_adr":1,"nb_bat":7}},{"type":"Feature","id":"lien_adresse_bati.2736299","geometry":{"type":"LineString","coordinates":[[3.77788372,48.50153022],[3.77808897,48.50181526]]},"geometry_name":"geom","properties":{"id_adr":"10220_0200_00048","id_bat":"BATIMENT0000000301148868","idu":"102200000E0355","type_lien":"GEO","nb_adr":1,"nb_bat":7}},{"type":"Feature","id":"lien_adresse_bati.2839320","geometry":{"type":"LineString","coordinates":[[3.77788372,48.50153022],[3.77770995,48.50180045]]},"geometry_name":"geom","properties":{"id_adr":"10220_0200_00048","id_bat":"BATIMENT0000000301148788","idu":"102200000E0355","type_lien":"GEO","nb_adr":1,"nb_bat":7}},{"type":"Feature","id":"lien_adresse_bati.2708627","geometry":{"type":"LineString","coordinates":[[3.77788372,48.50153022],[3.7781348,48.50157581]]},"geometry_name":"geom","properties":{"id_adr":"10220_0200_00048","id_bat":"BATIMENT0000000301148818","idu":"102200000E0355","type_lien":"GEO","nb_adr":1,"nb_bat":7}},{"type":"Feature","id":"lien_adresse_bati.2776784","geometry":{"type":"LineString","coordinates":[[3.77854292,48.50134328],[3.77836328,48.50100478]]},"geometry_name":"geom","properties":{"id_adr":"10220_0200_00049","id_bat":"BATIMENT0000000301148783","idu":"102200000E0049","type_lien":"GEO","nb_adr":1,"nb_bat":2}},{"type":"Feature","id":"lien_adresse_bati.2766193","geometry":{"type":"LineString","coordinates":[[3.77854292,48.50134328],[3.7786426,48.50125716]]},"geometry_name":"geom","properties":{"id_adr":"10220_0200_00049","id_bat":"BATIMENT0000000301148846","idu":"102200000E0049","type_lien":"GEO","nb_adr":1,"nb_bat":2}},{"type":"Feature","id":"lien_adresse_bati.2909749","geometry":{"type":"LineString","coordinates":[[3.77742227,48.5016331],[3.77744977,48.50181736]]},"geometry_name":"geom","properties":{"id_adr":"10220_0200_00050","id_bat":"BATIMENT0000000009359104","idu":"102200000E0667","type_lien":"GEO","nb_adr":1,"nb_bat":2}},{"type":"Feature","id":"lien_adresse_bati.2791382","geometry":{"type":"LineString","coordinates":[[3.77742227,48.5016331],[3.77741437,48.50170782]]},"geometry_name":"geom","properties":{"id_adr":"10220_0200_00050","id_bat":"BATIMENT0000000009359060","idu":"102200000E0667","type_lien":"GEO","nb_adr":1,"nb_bat":2}},{"type":"Feature","id":"lien_adresse_bati.2702413","geometry":{"type":"LineString","coordinates":[[3.77833345,48.50136714],[3.77824817,48.50119496]]},"geometry_name":"geom","properties":{"id_adr":"10220_0200_00051","id_bat":"BATIMENT0000000301148784","idu":"102200000E0050","type_lien":"GEO","nb_adr":2,"nb_bat":1}},{"type":"Feature","id":"lien_adresse_bati.2785248","geometry":{"type":"LineString","coordinates":[[3.7771686,48.50168964],[3.77741376,48.50204263]]},"geometry_name":"geom","properties":{"id_adr":"10220_0200_00052","id_bat":"BATIMENT0000000301148713","idu":"102200000E0055","type_lien":"GEO","nb_adr":1,"nb_bat":2}},{"type":"Feature","id":"lien_adresse_bati.2882053","geometry":{"type":"LineString","coordinates":[[3.7771686,48.50168964],[3.7771368,48.50182621]]},"geometry_name":"geom","properties":{"id_adr":"10220_0200_00052","id_bat":"BATIMENT0000000301148716","idu":"102200000E0055","type_lien":"GEO","nb_adr":1,"nb_bat":2}},{"type":"Feature","id":"lien_adresse_bati.2814518","geometry":{"type":"LineString","coordinates":[[3.77833345,48.50136714],[3.77824817,48.50119496]]},"geometry_name":"geom","properties":{"id_adr":"10220_0200_00053","id_bat":"BATIMENT0000000301148784","idu":"102200000E0050","type_lien":"GEO","nb_adr":2,"nb_bat":1}},{"type":"Feature","id":"lien_adresse_bati.2846280","geometry":{"type":"LineString","coordinates":[[3.77824838,48.50138209],[3.77763413,48.50117691]]},"geometry_name":"geom","properties":{"id_adr":"10220_0200_00053_bis","id_bat":"BATIMENT0000002341955033","idu":"102200000E0052","type_lien":"GEO","nb_adr":2,"nb_bat":2}},{"type":"Feature","id":"lien_adresse_bati.2739311","geometry":{"type":"LineString","coordinates":[[3.77824838,48.50138209],[3.77781433,48.50126138]]},"geometry_name":"geom","properties":{"id_adr":"10220_0200_00053_bis","id_bat":"BATIMENT0000000301148931","idu":"102200000E0052","type_lien":"GEO","nb_adr":2,"nb_bat":2}},{"type":"Feature","id":"lien_adresse_bati.2775508","geometry":{"type":"LineString","coordinates":[[3.77695268,48.50173513],[3.77696869,48.50181731]]},"geometry_name":"geom","properties":{"id_adr":"10220_0200_00054","id_bat":"BATIMENT0000000301148717","idu":"102200000E0504","type_lien":"GEO","nb_adr":1,"nb_bat":1}},{"type":"Feature","id":"lien_adresse_bati.2673516","geometry":{"type":"LineString","coordinates":[[3.77673007,48.50178607],[3.77679153,48.50189614]]},"geometry_name":"geom","properties":{"id_adr":"10220_0200_00056","id_bat":"BATIMENT0000000301148825","idu":"102200000E0060","type_lien":"GEO","nb_adr":2,"nb_bat":1}},{"type":"Feature","id":"lien_adresse_bati.2805999","geometry":{"type":"LineString","coordinates":[[3.77675572,48.5017814],[3.77679153,48.50189614]]},"geometry_name":"geom","properties":{"id_adr":"10220_0200_00058","id_bat":"BATIMENT0000000301148825","idu":"102200000E0060","type_lien":"GEO","nb_adr":2,"nb_bat":1}},{"type":"Feature","id":"lien_adresse_bati.2884767","geometry":{"type":"LineString","coordinates":[[3.77794189,48.50143628],[3.77781433,48.50126138]]},"geometry_name":"geom","properties":{"id_adr":"10220_0200_00059","id_bat":"BATIMENT0000000301148931","idu":"102200000E0052","type_lien":"GEO","nb_adr":2,"nb_bat":2}},{"type":"Feature","id":"lien_adresse_bati.2672887","geometry":{"type":"LineString","coordinates":[[3.77794189,48.50143628],[3.77763413,48.50117691]]},"geometry_name":"geom","properties":{"id_adr":"10220_0200_00059","id_bat":"BATIMENT0000002341955033","idu":"102200000E0052","type_lien":"GEO","nb_adr":2,"nb_bat":2}},{"type":"Feature","id":"lien_adresse_bati.2869436","geometry":{"type":"LineString","coordinates":[[3.77738054,48.50155781],[3.77724922,48.50080339]]},"geometry_name":"geom","properties":{"id_adr":"10220_0200_00059_bis","id_bat":"BATIMENT0000000292129073","idu":"102200000E0813","type_lien":"GEO","nb_adr":1,"nb_bat":4}},{"type":"Feature","id":"lien_adresse_bati.2885952","geometry":{"type":"LineString","coordinates":[[3.77738054,48.50155781],[3.77713342,48.50049712]]},"geometry_name":"geom","properties":{"id_adr":"10220_0200_00059_bis","id_bat":"BATIMENT0000000325110282","idu":"102200000E0813","type_lien":"GEO","nb_adr":1,"nb_bat":4}},{"type":"Feature","id":"lien_adresse_bati.2733211","geometry":{"type":"LineString","coordinates":[[3.77738054,48.50155781],[3.77754078,48.5010433]]},"geometry_name":"geom","properties":{"id_adr":"10220_0200_00059_bis","id_bat":"BATIMENT0000002323932359","idu":"102200000E0813","type_lien":"GEO","nb_adr":1,"nb_bat":4}},{"type":"Feature","id":"lien_adresse_bati.2724106","geometry":{"type":"LineString","coordinates":[[3.77738054,48.50155781],[3.77745711,48.5008757]]},"geometry_name":"geom","properties":{"id_adr":"10220_0200_00059_bis","id_bat":"BATIMENT0000000292129080","idu":"102200000E0813","type_lien":"GEO","nb_adr":1,"nb_bat":4}},{"type":"Feature","id":"lien_adresse_bati.2814842","geometry":{"type":"LineString","coordinates":[[3.77656279,48.50182585],[3.77649404,48.50199277]]},"geometry_name":"geom","properties":{"id_adr":"10220_0200_00060","id_bat":"BATIMENT0000000301148837","idu":"102200000E0968","type_lien":"GEO","nb_adr":2,"nb_bat":2}},{"type":"Feature","id":"lien_adresse_bati.2740797","geometry":{"type":"LineString","coordinates":[[3.77656279,48.50182585],[3.77646493,48.50194064]]},"geometry_name":"geom","properties":{"id_adr":"10220_0200_00060","id_bat":"BATIMENT0000000301148838","idu":"102200000E0968","type_lien":"GEO","nb_adr":2,"nb_bat":2}},{"type":"Feature","id":"lien_adresse_bati.2824100","geometry":{"type":"LineString","coordinates":[[3.77652367,48.5018351],[3.77649404,48.50199277]]},"geometry_name":"geom","properties":{"id_adr":"10220_0200_00062","id_bat":"BATIMENT0000000301148837","idu":"102200000E0968","type_lien":"GEO","nb_adr":2,"nb_bat":2}},{"type":"Feature","id":"lien_adresse_bati.2797313","geometry":{"type":"LineString","coordinates":[[3.77652367,48.5018351],[3.77646493,48.50194064]]},"geometry_name":"geom","properties":{"id_adr":"10220_0200_00062","id_bat":"BATIMENT0000000301148838","idu":"102200000E0968","type_lien":"GEO","nb_adr":2,"nb_bat":2}},{"type":"Feature","id":"lien_adresse_bati.2712958","geometry":{"type":"LineString","coordinates":[[3.77699464,48.5016431],[3.77688332,48.50134753]]},"geometry_name":"geom","properties":{"id_adr":"10220_0200_00063","id_bat":"BATIMENT0000000301148813","idu":"102200000E0698","type_lien":"GEO","nb_adr":1,"nb_bat":1}},{"type":"Feature","id":"lien_adresse_bati.2794435","geometry":{"type":"LineString","coordinates":[[3.77617449,48.50193184],[3.77621745,48.50198538]]},"geometry_name":"geom","properties":{"id_adr":"10220_0200_00064","id_bat":"BATIMENT0000000301148848","idu":"102200000E0572","type_lien":"GEO","nb_adr":1,"nb_bat":1}},{"type":"Feature","id":"lien_adresse_bati.2778375","geometry":{"type":"LineString","coordinates":[[3.77727667,48.50158277],[3.77736305,48.50147338]]},"geometry_name":"geom","properties":{"id_adr":"10220_0200_00065","id_bat":"BATIMENT0000000301148967","idu":"102200000E0697","type_lien":"GEO","nb_adr":1,"nb_bat":1}},{"type":"Feature","id":"lien_adresse_bati.2776237","geometry":{"type":"LineString","coordinates":[[3.77600862,48.50197521],[3.77604411,48.50202868]]},"geometry_name":"geom","properties":{"id_adr":"10220_0200_00066","id_bat":"BATIMENT0000000301148849","idu":"102200000E0834","type_lien":"GEO","nb_adr":2,"nb_bat":2}},{"type":"Feature","id":"lien_adresse_bati.2727964","geometry":{"type":"LineString","coordinates":[[3.77600862,48.50197521],[3.7761689,48.50209716]]},"geometry_name":"geom","properties":{"id_adr":"10220_0200_00066","id_bat":"BATIMENT0000000301149023","idu":"102200000E0834","type_lien":"GEO","nb_adr":2,"nb_bat":2}},{"type":"Feature","id":"lien_adresse_bati.2715540","geometry":{"type":"LineString","coordinates":[[3.77594521,48.50199002],[3.77604411,48.50202868]]},"geometry_name":"geom","properties":{"id_adr":"10220_0200_00066_bis","id_bat":"BATIMENT0000000301148849","idu":"102200000E0834","type_lien":"GEO","nb_adr":2,"nb_bat":2}},{"type":"Feature","id":"lien_adresse_bati.2765993","geometry":{"type":"LineString","coordinates":[[3.77594521,48.50199002],[3.7761689,48.50209716]]},"geometry_name":"geom","properties":{"id_adr":"10220_0200_00066_bis","id_bat":"BATIMENT0000000301149023","idu":"102200000E0834","type_lien":"GEO","nb_adr":2,"nb_bat":2}},{"type":"Feature","id":"lien_adresse_bati.2799156","geometry":{"type":"LineString","coordinates":[[3.77545795,48.50208766],[3.77570027,48.50245343]]},"geometry_name":"geom","properties":{"id_adr":"10220_0200_00068","id_bat":"BATIMENT0000000301148826","idu":"102200000E0606","type_lien":"GEO","nb_adr":2,"nb_bat":1}},{"type":"Feature","id":"lien_adresse_bati.2862619","geometry":{"type":"LineString","coordinates":[[3.7752784,48.50212122],[3.77570027,48.50245343]]},"geometry_name":"geom","properties":{"id_adr":"10220_0200_00070","id_bat":"BATIMENT0000000301148826","idu":"102200000E0606","type_lien":"GEO","nb_adr":2,"nb_bat":1}},{"type":"Feature","id":"lien_adresse_bati.2903234","geometry":{"type":"LineString","coordinates":[[3.77646442,48.50176441],[3.77643703,48.50169744]]},"geometry_name":"geom","properties":{"id_adr":"10220_0200_00071","id_bat":"BATIMENT0000000301148779","idu":"102200000E0025","type_lien":"GEO","nb_adr":2,"nb_bat":4}},{"type":"Feature","id":"lien_adresse_bati.2865770","geometry":{"type":"LineString","coordinates":[[3.77646442,48.50176441],[3.77615344,48.50151093]]},"geometry_name":"geom","properties":{"id_adr":"10220_0200_00071","id_bat":"BATIMENT0000000301148747","idu":"102200000E0025","type_lien":"GEO","nb_adr":2,"nb_bat":4}},{"type":"Feature","id":"lien_adresse_bati.2667060","geometry":{"type":"LineString","coordinates":[[3.77646442,48.50176441],[3.77628955,48.50165722]]},"geometry_name":"geom","properties":{"id_adr":"10220_0200_00071","id_bat":"BATIMENT0000000301148750","idu":"102200000E0025","type_lien":"GEO","nb_adr":2,"nb_bat":4}},{"type":"Feature","id":"lien_adresse_bati.2869883","geometry":{"type":"LineString","coordinates":[[3.77646442,48.50176441],[3.7762035,48.50151353]]},"geometry_name":"geom","properties":{"id_adr":"10220_0200_00071","id_bat":"BATIMENT0000000301148748","idu":"102200000E0025","type_lien":"GEO","nb_adr":2,"nb_bat":4}},{"type":"Feature","id":"lien_adresse_bati.2897107","geometry":{"type":"LineString","coordinates":[[3.77497871,48.50217805],[3.7750938,48.50227107]]},"geometry_name":"geom","properties":{"id_adr":"10220_0200_00072","id_bat":"BATIMENT0000000301148835","idu":"102200000E0607","type_lien":"GEO","nb_adr":1,"nb_bat":1}},{"type":"Feature","id":"lien_adresse_bati.2695818","geometry":{"type":"LineString","coordinates":[[3.77646442,48.50176441],[3.7762035,48.50151353]]},"geometry_name":"geom","properties":{"id_adr":"10220_0200_00073","id_bat":"BATIMENT0000000301148748","idu":"102200000E0025","type_lien":"GEO","nb_adr":2,"nb_bat":4}},{"type":"Feature","id":"lien_adresse_bati.2834360","geometry":{"type":"LineString","coordinates":[[3.77646442,48.50176441],[3.77643703,48.50169744]]},"geometry_name":"geom","properties":{"id_adr":"10220_0200_00073","id_bat":"BATIMENT0000000301148779","idu":"102200000E0025","type_lien":"GEO","nb_adr":2,"nb_bat":4}},{"type":"Feature","id":"lien_adresse_bati.2828938","geometry":{"type":"LineString","coordinates":[[3.77646442,48.50176441],[3.77628955,48.50165722]]},"geometry_name":"geom","properties":{"id_adr":"10220_0200_00073","id_bat":"BATIMENT0000000301148750","idu":"102200000E0025","type_lien":"GEO","nb_adr":2,"nb_bat":4}},{"type":"Feature","id":"lien_adresse_bati.2845180","geometry":{"type":"LineString","coordinates":[[3.77646442,48.50176441],[3.77615344,48.50151093]]},"geometry_name":"geom","properties":{"id_adr":"10220_0200_00073","id_bat":"BATIMENT0000000301148747","idu":"102200000E0025","type_lien":"GEO","nb_adr":2,"nb_bat":4}},{"type":"Feature","id":"lien_adresse_bati.2900144","geometry":{"type":"LineString","coordinates":[[3.77463443,48.50224057],[3.77471627,48.50237318]]},"geometry_name":"geom","properties":{"id_adr":"10220_0200_00074","id_bat":"BATIMENT0000000301148832","idu":"102200000E0610","type_lien":"GEO","nb_adr":2,"nb_bat":1}},{"type":"Feature","id":"lien_adresse_bati.2692078","geometry":{"type":"LineString","coordinates":[[3.77588594,48.50191843],[3.77586562,48.50185415]]},"geometry_name":"geom","properties":{"id_adr":"10220_0200_00075","id_bat":"BATIMENT0000000301148772","idu":"102200000E0759","type_lien":"GEO","nb_adr":1,"nb_bat":1}},{"type":"Feature","id":"lien_adresse_bati.2830852","geometry":{"type":"LineString","coordinates":[[3.77450079,48.50226663],[3.77473195,48.50247899]]},"geometry_name":"geom","properties":{"id_adr":"10220_0200_00076","id_bat":"BATIMENT0000000301148833","idu":"102200000E0685","type_lien":"GEO","nb_adr":1,"nb_bat":2}},{"type":"Feature","id":"lien_adresse_bati.2842014","geometry":{"type":"LineString","coordinates":[[3.77450079,48.50226663],[3.77456983,48.5025413]]},"geometry_name":"geom","properties":{"id_adr":"10220_0200_00076","id_bat":"BATIMENT0000000301148831","idu":"102200000E0685","type_lien":"GEO","nb_adr":1,"nb_bat":2}},{"type":"Feature","id":"lien_adresse_bati.2889365","geometry":{"type":"LineString","coordinates":[[3.77545133,48.50200583],[3.77551501,48.50169537]]},"geometry_name":"geom","properties":{"id_adr":"10220_0200_00077","id_bat":"BATIMENT0000000301148841","idu":"102200000E0616","type_lien":"GEO","nb_adr":1,"nb_bat":2}},{"type":"Feature","id":"lien_adresse_bati.2794429","geometry":{"type":"LineString","coordinates":[[3.77545133,48.50200583],[3.77536162,48.50170624]]},"geometry_name":"geom","properties":{"id_adr":"10220_0200_00077","id_bat":"BATIMENT0000000301148869","idu":"102200000E0616","type_lien":"GEO","nb_adr":1,"nb_bat":2}},{"type":"Feature","id":"lien_adresse_bati.2858010","geometry":{"type":"LineString","coordinates":[[3.7742389,48.50231602],[3.77428011,48.50250197]]},"geometry_name":"geom","properties":{"id_adr":"10220_0200_00078","id_bat":"BATIMENT0000000301148862","idu":"102200000E0535","type_lien":"GEO","nb_adr":1,"nb_bat":1}},{"type":"Feature","id":"lien_adresse_bati.2883553","geometry":{"type":"LineString","coordinates":[[3.77475867,48.50221997],[3.77471627,48.50237318]]},"geometry_name":"geom","properties":{"id_adr":"10220_0200_00079","id_bat":"BATIMENT0000000301148832","idu":"102200000E0610","type_lien":"GEO","nb_adr":2,"nb_bat":1}},{"type":"Feature","id":"lien_adresse_bati.2767876","geometry":{"type":"LineString","coordinates":[[3.77399185,48.50236261],[3.77405071,48.50249312]]},"geometry_name":"geom","properties":{"id_adr":"10220_0200_00080","id_bat":"BATIMENT0000000301148827","idu":"102200000E0533","type_lien":"GEO","nb_adr":1,"nb_bat":1}},{"type":"Feature","id":"lien_adresse_bati.2689779","geometry":{"type":"LineString","coordinates":[[3.77315608,48.50251199],[3.7728735,48.50295005]]},"geometry_name":"geom","properties":{"id_adr":"10220_0200_00081","id_bat":"BATIMENT0000000301148829","idu":"102200000E0999","type_lien":"GEO","nb_adr":3,"nb_bat":1}},{"type":"Feature","id":"lien_adresse_bati.2876562","geometry":{"type":"LineString","coordinates":[[3.7736462,48.50242424],[3.7737266,48.50254336]]},"geometry_name":"geom","properties":{"id_adr":"10220_0200_00082","id_bat":"BATIMENT0000000301148739","idu":"102200000E0805","type_lien":"GEO","nb_adr":1,"nb_bat":2}},{"type":"Feature","id":"lien_adresse_bati.2799229","geometry":{"type":"LineString","coordinates":[[3.7736462,48.50242424],[3.77351615,48.50264771]]},"geometry_name":"geom","properties":{"id_adr":"10220_0200_00082","id_bat":"BATIMENT0000002479805105","idu":"102200000E0805","type_lien":"GEO","nb_adr":1,"nb_bat":2}},{"type":"Feature","id":"lien_adresse_bati.2865830","geometry":{"type":"LineString","coordinates":[[3.77472907,48.50214099],[3.77467964,48.50204739]]},"geometry_name":"geom","properties":{"id_adr":"10220_0200_00083","id_bat":"BATIMENT0000000301148776","idu":"102200000E0907","type_lien":"GEO","nb_adr":1,"nb_bat":1}},{"type":"Feature","id":"lien_adresse_bati.2688684","geometry":{"type":"LineString","coordinates":[[3.77440642,48.50220157],[3.77430462,48.50204543]]},"geometry_name":"geom","properties":{"id_adr":"10220_0200_00083_bis","id_bat":"BATIMENT0000000301148744","idu":"102200000E0875","type_lien":"GEO","nb_adr":1,"nb_bat":1}},{"type":"Feature","id":"lien_adresse_bati.2738940","geometry":{"type":"LineString","coordinates":[[3.7732479,48.5024961],[3.7728735,48.50295005]]},"geometry_name":"geom","properties":{"id_adr":"10220_0200_00084","id_bat":"BATIMENT0000000301148829","idu":"102200000E0999","type_lien":"GEO","nb_adr":3,"nb_bat":1}},{"type":"Feature","id":"lien_adresse_bati.2761466","geometry":{"type":"LineString","coordinates":[[3.7723351,48.50265498],[3.77255443,48.50311588]]},"geometry_name":"geom","properties":{"id_adr":"10220_0200_00084_bis","id_bat":"BATIMENT0000000301148754","idu":"102200000E0005","type_lien":"GEO","nb_adr":1,"nb_bat":1}},{"type":"Feature","id":"lien_adresse_bati.2873472","geometry":{"type":"LineString","coordinates":[[3.7732479,48.5024961],[3.7728735,48.50295005]]},"geometry_name":"geom","properties":{"id_adr":"10220_0200_00084_ter","id_bat":"BATIMENT0000000301148829","idu":"102200000E0999","type_lien":"GEO","nb_adr":3,"nb_bat":1}},{"type":"Feature","id":"lien_adresse_bati.2904299","geometry":{"type":"LineString","coordinates":[[3.7739758,48.50228445],[3.7739608,48.50218515]]},"geometry_name":"geom","properties":{"id_adr":"10220_0200_00085","id_bat":"BATIMENT0000000301148929","idu":"102200000E0809","type_lien":"GEO","nb_adr":3,"nb_bat":3}},{"type":"Feature","id":"lien_adresse_bati.2894708","geometry":{"type":"LineString","coordinates":[[3.7739758,48.50228445],[3.77392897,48.50202596]]},"geometry_name":"geom","properties":{"id_adr":"10220_0200_00085","id_bat":"BATIMENT0000000301148928","idu":"102200000E0809","type_lien":"GEO","nb_adr":3,"nb_bat":3}},{"type":"Feature","id":"lien_adresse_bati.2897927","geometry":{"type":"LineString","coordinates":[[3.7739758,48.50228445],[3.77393101,48.50209312]]},"geometry_name":"geom","properties":{"id_adr":"10220_0200_00085","id_bat":"BATIMENT0000000301148926","idu":"102200000E0809","type_lien":"GEO","nb_adr":3,"nb_bat":3}},{"type":"Feature","id":"lien_adresse_bati.2802654","geometry":{"type":"LineString","coordinates":[[3.7739758,48.50228445],[3.77392897,48.50202596]]},"geometry_name":"geom","properties":{"id_adr":"10220_0200_00085_bis","id_bat":"BATIMENT0000000301148928","idu":"102200000E0809","type_lien":"GEO","nb_adr":3,"nb_bat":3}},{"type":"Feature","id":"lien_adresse_bati.2694613","geometry":{"type":"LineString","coordinates":[[3.7739758,48.50228445],[3.7739608,48.50218515]]},"geometry_name":"geom","properties":{"id_adr":"10220_0200_00085_bis","id_bat":"BATIMENT0000000301148929","idu":"102200000E0809","type_lien":"GEO","nb_adr":3,"nb_bat":3}},{"type":"Feature","id":"lien_adresse_bati.2867503","geometry":{"type":"LineString","coordinates":[[3.7739758,48.50228445],[3.77393101,48.50209312]]},"geometry_name":"geom","properties":{"id_adr":"10220_0200_00085_bis","id_bat":"BATIMENT0000000301148926","idu":"102200000E0809","type_lien":"GEO","nb_adr":3,"nb_bat":3}},{"type":"Feature","id":"lien_adresse_bati.2728813","geometry":{"type":"LineString","coordinates":[[3.77083911,48.50292558],[3.77094156,48.50317187]]},"geometry_name":"geom","properties":{"id_adr":"10220_0200_00086","id_bat":"BATIMENT0000000301148511","idu":"102200000E0001","type_lien":"GEO","nb_adr":1,"nb_bat":2}},{"type":"Feature","id":"lien_adresse_bati.2725442","geometry":{"type":"LineString","coordinates":[[3.77083911,48.50292558],[3.77098466,48.50330259]]},"geometry_name":"geom","properties":{"id_adr":"10220_0200_00086","id_bat":"BATIMENT0000000301148513","idu":"102200000E0001","type_lien":"GEO","nb_adr":1,"nb_bat":2}},{"type":"Feature","id":"lien_adresse_bati.2697610","geometry":{"type":"LineString","coordinates":[[3.77360987,48.502348],[3.77367664,48.5022783]]},"geometry_name":"geom","properties":{"id_adr":"10220_0200_00087","id_bat":"BATIMENT0000000301148782","idu":"102200000E0832","type_lien":"GEO","nb_adr":1,"nb_bat":1}},{"type":"Feature","id":"lien_adresse_bati.2859867","geometry":{"type":"LineString","coordinates":[[3.77324394,48.50241156],[3.77330299,48.5023427]]},"geometry_name":"geom","properties":{"id_adr":"10220_0200_00089","id_bat":"BATIMENT0000000009359105","idu":"102200000H0412","type_lien":"GEO","nb_adr":2,"nb_bat":1}},{"type":"Feature","id":"lien_adresse_bati.2862800","geometry":{"type":"LineString","coordinates":[[3.77252427,48.50253859],[3.77239561,48.50225919]]},"geometry_name":"geom","properties":{"id_adr":"10220_0200_00091","id_bat":"BATIMENT0000000301148732","idu":"102200000H0393","type_lien":"GEO","nb_adr":1,"nb_bat":1}},{"type":"Feature","id":"lien_adresse_bati.2728749","geometry":{"type":"LineString","coordinates":[[3.77331553,48.5024003],[3.77330299,48.5023427]]},"geometry_name":"geom","properties":{"id_adr":"10220_0200_00091_bis","id_bat":"BATIMENT0000000009359105","idu":"102200000H0412","type_lien":"GEO","nb_adr":2,"nb_bat":1}},{"type":"Feature","id":"lien_adresse_bati.2860091","geometry":{"type":"LineString","coordinates":[[3.77230823,48.50257688],[3.77204712,48.5017905]]},"geometry_name":"geom","properties":{"id_adr":"10220_0200_00093","id_bat":"BATIMENT0000000301148955","idu":"102200000H0323","type_lien":"GEO","nb_adr":2,"nb_bat":2}},{"type":"Feature","id":"lien_adresse_bati.2707888","geometry":{"type":"LineString","coordinates":[[3.77230823,48.50257688],[3.7722037,48.50237334]]},"geometry_name":"geom","properties":{"id_adr":"10220_0200_00093","id_bat":"BATIMENT0000000301148839","idu":"102200000H0323","type_lien":"GEO","nb_adr":2,"nb_bat":2}},{"type":"Feature","id":"lien_adresse_bati.2824221","geometry":{"type":"LineString","coordinates":[[3.77221988,48.50236874],[3.7722037,48.50237334]]},"geometry_name":"geom","properties":{"id_adr":"10220_0200_00093_a","id_bat":"BATIMENT0000000301148839","idu":"102200000H0323","type_lien":"GEO","nb_adr":2,"nb_bat":2}},{"type":"Feature","id":"lien_adresse_bati.2815332","geometry":{"type":"LineString","coordinates":[[3.77221988,48.50236874],[3.77204712,48.5017905]]},"geometry_name":"geom","properties":{"id_adr":"10220_0200_00093_a","id_bat":"BATIMENT0000000301148955","idu":"102200000H0323","type_lien":"GEO","nb_adr":2,"nb_bat":2}},{"type":"Feature","id":"lien_adresse_bati.2748738","geometry":{"type":"LineString","coordinates":[[3.77202198,48.50262732],[3.77184327,48.5020408]]},"geometry_name":"geom","properties":{"id_adr":"10220_0200_00093_b","id_bat":"BATIMENT0000000301148733","idu":"102200000H0344","type_lien":"GEO","nb_adr":1,"nb_bat":1}},{"type":"Feature","id":"lien_adresse_bati.2861658","geometry":{"type":"LineString","coordinates":[[3.77159041,48.50227837],[3.77157605,48.50227261]]},"geometry_name":"geom","properties":{"id_adr":"10220_0200_00093_c","id_bat":"BATIMENT0000000301148514","idu":"102200000H0387","type_lien":"GEO","nb_adr":2,"nb_bat":1}},{"type":"Feature","id":"lien_adresse_bati.2893755","geometry":{"type":"LineString","coordinates":[[3.77179783,48.50266656],[3.77157605,48.50227261]]},"geometry_name":"geom","properties":{"id_adr":"10220_0200_00093_t","id_bat":"BATIMENT0000000301148514","idu":"102200000H0387","type_lien":"GEO","nb_adr":2,"nb_bat":1}},{"type":"Feature","id":"lien_adresse_bati.2850538","geometry":{"type":"LineString","coordinates":[[3.77318724,48.50242183],[3.77287366,48.50176611]]},"geometry_name":"geom","properties":{"id_adr":"10220_0200_00095","id_bat":"BATIMENT0000000301148738","idu":"102200000H0411","type_lien":"GEO","nb_adr":1,"nb_bat":1}},{"type":"Feature","id":"lien_adresse_bati.2778622","geometry":{"type":"LineString","coordinates":[[3.77111736,48.50279063],[3.77108676,48.50234056]]},"geometry_name":"geom","properties":{"id_adr":"10220_0200_00097","id_bat":"BATIMENT0000000301148509","idu":"102200000H0419","type_lien":"GEO","nb_adr":1,"nb_bat":3}},{"type":"Feature","id":"lien_adresse_bati.2835723","geometry":{"type":"LineString","coordinates":[[3.77111736,48.50279063],[3.77117747,48.50245927]]},"geometry_name":"geom","properties":{"id_adr":"10220_0200_00097","id_bat":"BATIMENT0000000301148521","idu":"102200000H0419","type_lien":"GEO","nb_adr":1,"nb_bat":3}},{"type":"Feature","id":"lien_adresse_bati.2885159","geometry":{"type":"LineString","coordinates":[[3.77111736,48.50279063],[3.77046265,48.50179812]]},"geometry_name":"geom","properties":{"id_adr":"10220_0200_00097","id_bat":"BATIMENT0000002292283691","idu":"102200000H0419","type_lien":"GEO","nb_adr":1,"nb_bat":3}},{"type":"Feature","id":"lien_adresse_bati.2692648","geometry":{"type":"LineString","coordinates":[[3.76748616,48.50350236],[3.76776889,48.50388598]]},"geometry_name":"geom","properties":{"id_adr":"10220_0200_00098","id_bat":"BATIMENT0000000301148524","idu":"102200000D1475","type_lien":"GEO","nb_adr":3,"nb_bat":2}},{"type":"Feature","id":"lien_adresse_bati.2861318","geometry":{"type":"LineString","coordinates":[[3.76748616,48.50350236],[3.76761772,48.50375026]]},"geometry_name":"geom","properties":{"id_adr":"10220_0200_00098","id_bat":"BATIMENT0000000301148516","idu":"102200000D1475","type_lien":"GEO","nb_adr":3,"nb_bat":2}},{"type":"Feature","id":"lien_adresse_bati.2853726","geometry":{"type":"LineString","coordinates":[[3.76747265,48.50350425],[3.76761772,48.50375026]]},"geometry_name":"geom","properties":{"id_adr":"10220_0200_00100","id_bat":"BATIMENT0000000301148516","idu":"102200000D1475","type_lien":"GEO","nb_adr":3,"nb_bat":2}},{"type":"Feature","id":"lien_adresse_bati.2677310","geometry":{"type":"LineString","coordinates":[[3.76747265,48.50350425],[3.76776889,48.50388598]]},"geometry_name":"geom","properties":{"id_adr":"10220_0200_00100","id_bat":"BATIMENT0000000301148524","idu":"102200000D1475","type_lien":"GEO","nb_adr":3,"nb_bat":2}},{"type":"Feature","id":"lien_adresse_bati.2738300","geometry":{"type":"LineString","coordinates":[[3.7675064,48.50349773],[3.76761772,48.50375026]]},"geometry_name":"geom","properties":{"id_adr":"10220_0200_00102","id_bat":"BATIMENT0000000301148516","idu":"102200000D1475","type_lien":"GEO","nb_adr":3,"nb_bat":2}},{"type":"Feature","id":"lien_adresse_bati.2835672","geometry":{"type":"LineString","coordinates":[[3.7675064,48.50349773],[3.76776889,48.50388598]]},"geometry_name":"geom","properties":{"id_adr":"10220_0200_00102","id_bat":"BATIMENT0000000301148524","idu":"102200000D1475","type_lien":"GEO","nb_adr":3,"nb_bat":2}},{"type":"Feature","id":"lien_adresse_bati.2781763","geometry":{"type":"LineString","coordinates":[[3.78446105,48.50159134],[3.78407802,48.50179988]]},"geometry_name":"geom","properties":{"id_adr":"10220_0210_00001","id_bat":"BATIMENT0000000301148990","idu":"102200000E0784","type_lien":"BAN","nb_adr":2,"nb_bat":2}},{"type":"Feature","id":"lien_adresse_bati.2828311","geometry":{"type":"LineString","coordinates":[[3.78411193,48.50178256],[3.78407802,48.50179988]]},"geometry_name":"geom","properties":{"id_adr":"10220_0210_00001","id_bat":"BATIMENT0000000301148990","idu":"102200000E0784","type_lien":"BAN","nb_adr":2,"nb_bat":2}},{"type":"Feature","id":"lien_adresse_bati.2711539","geometry":{"type":"LineString","coordinates":[[3.7843277,48.50172716],[3.7849542,48.50137473]]},"geometry_name":"geom","properties":{"id_adr":"10220_0210_00003","id_bat":"BATIMENT0000000009358948","idu":"102200000D0209","type_lien":"BAN","nb_adr":2,"nb_bat":5}},{"type":"Feature","id":"lien_adresse_bati.2909043","geometry":{"type":"LineString","coordinates":[[3.7843277,48.50172716],[3.78484432,48.50169091]]},"geometry_name":"geom","properties":{"id_adr":"10220_0210_00003","id_bat":"BATIMENT0000000301148601","idu":"102200000D0209","type_lien":"BAN","nb_adr":2,"nb_bat":5}},{"type":"Feature","id":"lien_adresse_bati.2699794","geometry":{"type":"LineString","coordinates":[[3.7843277,48.50172716],[3.78511969,48.50154065]]},"geometry_name":"geom","properties":{"id_adr":"10220_0210_00003","id_bat":"BATIMENT0000000301148603","idu":"102200000D0209","type_lien":"BAN","nb_adr":2,"nb_bat":5}},{"type":"Feature","id":"lien_adresse_bati.2696802","geometry":{"type":"LineString","coordinates":[[3.7843277,48.50172716],[3.78468301,48.50136211]]},"geometry_name":"geom","properties":{"id_adr":"10220_0210_00003","id_bat":"BATIMENT0000000301148683","idu":"102200000D0209","type_lien":"BAN","nb_adr":2,"nb_bat":5}},{"type":"Feature","id":"lien_adresse_bati.2735535","geometry":{"type":"LineString","coordinates":[[3.7843277,48.50172716],[3.78466074,48.50154752]]},"geometry_name":"geom","properties":{"id_adr":"10220_0210_00003","id_bat":"BATIMENT0000000301148602","idu":"102200000D0209","type_lien":"BAN","nb_adr":2,"nb_bat":5}},{"type":"Feature","id":"lien_adresse_bati.2812009","geometry":{"type":"LineString","coordinates":[[3.78369368,48.50196705],[3.78332613,48.50185143]]},"geometry_name":"geom","properties":{"id_adr":"10220_0210_00003_b","id_bat":"BATIMENT0000002330331436","idu":"102200000E0743","type_lien":"GEO","nb_adr":1,"nb_bat":2}},{"type":"Feature","id":"lien_adresse_bati.2895640","geometry":{"type":"LineString","coordinates":[[3.78369368,48.50196705],[3.78366444,48.50195825]]},"geometry_name":"geom","properties":{"id_adr":"10220_0210_00003_b","id_bat":"BATIMENT0000000301148655","idu":"102200000E0743","type_lien":"GEO","nb_adr":1,"nb_bat":2}},{"type":"Feature","id":"lien_adresse_bati.2727493","geometry":{"type":"LineString","coordinates":[[3.78535494,48.50180134],[3.78535187,48.50180766]]},"geometry_name":"geom","properties":{"id_adr":"10220_0210_00004_bis","id_bat":"BATIMENT0000002330331438","idu":"102200000D2476","type_lien":"GEO","nb_adr":1,"nb_bat":1}},{"type":"Feature","id":"lien_adresse_bati.2875162","geometry":{"type":"LineString","coordinates":[[3.78458766,48.50191077],[3.78438865,48.50194962]]},"geometry_name":"geom","properties":{"id_adr":"10220_0210_00005","id_bat":"BATIMENT0000000301148580","idu":"102200000E0293","type_lien":"GEO","nb_adr":1,"nb_bat":2}},{"type":"Feature","id":"lien_adresse_bati.2681852","geometry":{"type":"LineString","coordinates":[[3.78458766,48.50191077],[3.78413599,48.50198707]]},"geometry_name":"geom","properties":{"id_adr":"10220_0210_00005","id_bat":"BATIMENT0000000301148586","idu":"102200000E0293","type_lien":"GEO","nb_adr":1,"nb_bat":2}},{"type":"Feature","id":"lien_adresse_bati.2710756","geometry":{"type":"LineString","coordinates":[[3.7848756,48.50215537],[3.78504446,48.50213132]]},"geometry_name":"geom","properties":{"id_adr":"10220_0210_00006","id_bat":"BATIMENT0000002220709360","idu":"102200000D2514","type_lien":"BAN","nb_adr":1,"nb_bat":1}},{"type":"Feature","id":"lien_adresse_bati.2894576","geometry":{"type":"LineString","coordinates":[[3.78541668,48.50203664],[3.78541646,48.50206836]]},"geometry_name":"geom","properties":{"id_adr":"10220_0210_00006_bis","id_bat":"BATIMENT0000002330331437","idu":"102200000D2472","type_lien":"GEO","nb_adr":1,"nb_bat":1}},{"type":"Feature","id":"lien_adresse_bati.2668934","geometry":{"type":"LineString","coordinates":[[3.7846506,48.5020462],[3.78443616,48.50209969]]},"geometry_name":"geom","properties":{"id_adr":"10220_0210_00007","id_bat":"BATIMENT0000000301148574","idu":"102200000E0294","type_lien":"GEO","nb_adr":2,"nb_bat":1}},{"type":"Feature","id":"lien_adresse_bati.2718900","geometry":{"type":"LineString","coordinates":[[3.78493764,48.50241135],[3.78515456,48.50238827]]},"geometry_name":"geom","properties":{"id_adr":"10220_0210_00008","id_bat":"BATIMENT0000002204516382","idu":"102200000D2466","type_lien":"GEO","nb_adr":1,"nb_bat":1}},{"type":"Feature","id":"lien_adresse_bati.2810392","geometry":{"type":"LineString","coordinates":[[3.78513911,48.50257646],[3.78482661,48.50277654]]},"geometry_name":"geom","properties":{"id_adr":"10220_0210_00008_bis","id_bat":"BATIMENT0000000301148575","idu":"102200000E0298","type_lien":"BAN","nb_adr":3,"nb_bat":5}},{"type":"Feature","id":"lien_adresse_bati.2779768","geometry":{"type":"LineString","coordinates":[[3.78513911,48.50257646],[3.78554123,48.50255805]]},"geometry_name":"geom","properties":{"id_adr":"10220_0210_00008_bis","id_bat":"BATIMENT0000002494156493","idu":"102200000D2463","type_lien":"BAN","nb_adr":1,"nb_bat":5}},{"type":"Feature","id":"lien_adresse_bati.2768707","geometry":{"type":"LineString","coordinates":[[3.78513911,48.50257646],[3.78554419,48.50252904]]},"geometry_name":"geom","properties":{"id_adr":"10220_0210_00008_bis","id_bat":"BATIMENT0000002494156494","idu":"102200000D2463","type_lien":"BAN","nb_adr":2,"nb_bat":5}},{"type":"Feature","id":"lien_adresse_bati.2807452","geometry":{"type":"LineString","coordinates":[[3.78513911,48.50257646],[3.7855421,48.50247919]]},"geometry_name":"geom","properties":{"id_adr":"10220_0210_00008_bis","id_bat":"BATIMENT0000002494156494","idu":"102200000D2462","type_lien":"BAN","nb_adr":2,"nb_bat":5}},{"type":"Feature","id":"lien_adresse_bati.2755775","geometry":{"type":"LineString","coordinates":[[3.78513911,48.50257646],[3.78483995,48.5029546]]},"geometry_name":"geom","properties":{"id_adr":"10220_0210_00008_bis","id_bat":"BATIMENT0000000301148576","idu":"102200000E0298","type_lien":"BAN","nb_adr":3,"nb_bat":5}},{"type":"Feature","id":"lien_adresse_bati.2840160","geometry":{"type":"LineString","coordinates":[[3.78466461,48.50207759],[3.78443616,48.50209969]]},"geometry_name":"geom","properties":{"id_adr":"10220_0210_00009","id_bat":"BATIMENT0000000301148574","idu":"102200000E0294","type_lien":"GEO","nb_adr":2,"nb_bat":1}},{"type":"Feature","id":"lien_adresse_bati.2755170","geometry":{"type":"LineString","coordinates":[[3.78510179,48.50279621],[3.78520249,48.50274056]]},"geometry_name":"geom","properties":{"id_adr":"10220_0210_00010","id_bat":"BATIMENT0000000301148679","idu":"102200000D0202","type_lien":"GEO","nb_adr":2,"nb_bat":1}},{"type":"Feature","id":"lien_adresse_bati.2824825","geometry":{"type":"LineString","coordinates":[[3.78519239,48.50297014],[3.78535159,48.50293413]]},"geometry_name":"geom","properties":{"id_adr":"10220_0210_00012","id_bat":"BATIMENT0000000301149074","idu":"102200000D2238","type_lien":"GEO","nb_adr":2,"nb_bat":2}},{"type":"Feature","id":"lien_adresse_bati.2737530","geometry":{"type":"LineString","coordinates":[[3.78519239,48.50297014],[3.78574402,48.50282493]]},"geometry_name":"geom","properties":{"id_adr":"10220_0210_00012","id_bat":"BATIMENT0000000325110339","idu":"102200000D2238","type_lien":"GEO","nb_adr":2,"nb_bat":2}},{"type":"Feature","id":"lien_adresse_bati.2841039","geometry":{"type":"LineString","coordinates":[[3.78534714,48.50290794],[3.78520249,48.50274056]]},"geometry_name":"geom","properties":{"id_adr":"10220_0210_00012_a","id_bat":"BATIMENT0000000301148679","idu":"102200000D0202","type_lien":"BAN","nb_adr":2,"nb_bat":4}},{"type":"Feature","id":"lien_adresse_bati.2823518","geometry":{"type":"LineString","coordinates":[[3.78534714,48.50290794],[3.78535159,48.50293413]]},"geometry_name":"geom","properties":{"id_adr":"10220_0210_00012_a","id_bat":"BATIMENT0000000301149074","idu":"102200000D2238","type_lien":"BAN","nb_adr":2,"nb_bat":4}},{"type":"Feature","id":"lien_adresse_bati.2763698","geometry":{"type":"LineString","coordinates":[[3.78534714,48.50290794],[3.78574402,48.50282493]]},"geometry_name":"geom","properties":{"id_adr":"10220_0210_00012_a","id_bat":"BATIMENT0000000325110339","idu":"102200000D2238","type_lien":"BAN","nb_adr":2,"nb_bat":4}},{"type":"Feature","id":"lien_adresse_bati.2884511","geometry":{"type":"LineString","coordinates":[[3.78534714,48.50290794],[3.78614307,48.5031518]]},"geometry_name":"geom","properties":{"id_adr":"10220_0210_00012_a","id_bat":"BATIMENT0000000301149085","idu":"102200000D2081","type_lien":"BAN","nb_adr":2,"nb_bat":4}},{"type":"Feature","id":"lien_adresse_bati.2779408","geometry":{"type":"LineString","coordinates":[[3.78535977,48.50339007],[3.78588731,48.50340655]]},"geometry_name":"geom","properties":{"id_adr":"10220_0210_00012_b","id_bat":"BATIMENT0000000301149082","idu":"102200000D1594","type_lien":"GEO","nb_adr":2,"nb_bat":2}},{"type":"Feature","id":"lien_adresse_bati.2727457","geometry":{"type":"LineString","coordinates":[[3.78535977,48.50339007],[3.78647927,48.50346237]]},"geometry_name":"geom","properties":{"id_adr":"10220_0210_00012_b","id_bat":"BATIMENT0000000301149068","idu":"102200000D1594","type_lien":"GEO","nb_adr":2,"nb_bat":2}},{"type":"Feature","id":"lien_adresse_bati.2799632","geometry":{"type":"LineString","coordinates":[[3.78624035,48.50288944],[3.78622672,48.50291157]]},"geometry_name":"geom","properties":{"id_adr":"10220_0210_00012_c","id_bat":"BATIMENT0000000325110341","idu":"102200000D2240","type_lien":"GEO","nb_adr":1,"nb_bat":2}},{"type":"Feature","id":"lien_adresse_bati.2799649","geometry":{"type":"LineString","coordinates":[[3.78624035,48.50288944],[3.78596731,48.50283584]]},"geometry_name":"geom","properties":{"id_adr":"10220_0210_00012_c","id_bat":"BATIMENT0000000325110344","idu":"102200000D2240","type_lien":"GEO","nb_adr":1,"nb_bat":2}},{"type":"Feature","id":"lien_adresse_bati.2832511","geometry":{"type":"LineString","coordinates":[[3.78523886,48.50309039],[3.78614307,48.5031518]]},"geometry_name":"geom","properties":{"id_adr":"10220_0210_00012_t","id_bat":"BATIMENT0000000301149085","idu":"102200000D2081","type_lien":"GEO","nb_adr":2,"nb_bat":1}},{"type":"Feature","id":"lien_adresse_bati.2759492","geometry":{"type":"LineString","coordinates":[[3.78499262,48.50282842],[3.78482661,48.50277654]]},"geometry_name":"geom","properties":{"id_adr":"10220_0210_00013","id_bat":"BATIMENT0000000301148575","idu":"102200000E0298","type_lien":"GEO","nb_adr":3,"nb_bat":2}},{"type":"Feature","id":"lien_adresse_bati.2683839","geometry":{"type":"LineString","coordinates":[[3.78499262,48.50282842],[3.78483995,48.5029546]]},"geometry_name":"geom","properties":{"id_adr":"10220_0210_00013","id_bat":"BATIMENT0000000301148576","idu":"102200000E0298","type_lien":"GEO","nb_adr":3,"nb_bat":2}},{"type":"Feature","id":"lien_adresse_bati.2697861","geometry":{"type":"LineString","coordinates":[[3.78483047,48.50275842],[3.78483995,48.5029546]]},"geometry_name":"geom","properties":{"id_adr":"10220_0210_00013_a","id_bat":"BATIMENT0000000301148576","idu":"102200000E0298","type_lien":"GEO","nb_adr":3,"nb_bat":2}},{"type":"Feature","id":"lien_adresse_bati.2918060","geometry":{"type":"LineString","coordinates":[[3.78483047,48.50275842],[3.78482661,48.50277654]]},"geometry_name":"geom","properties":{"id_adr":"10220_0210_00013_a","id_bat":"BATIMENT0000000301148575","idu":"102200000E0298","type_lien":"GEO","nb_adr":3,"nb_bat":2}},{"type":"Feature","id":"lien_adresse_bati.2846791","geometry":{"type":"LineString","coordinates":[[3.78530784,48.50326716],[3.78545482,48.50323983]]},"geometry_name":"geom","properties":{"id_adr":"10220_0210_00014","id_bat":"BATIMENT0000000301149072","idu":"102200000D0198","type_lien":"GEO","nb_adr":1,"nb_bat":1}},{"type":"Feature","id":"lien_adresse_bati.2681550","geometry":{"type":"LineString","coordinates":[[3.7851453,48.50317107],[3.78495731,48.5032734]]},"geometry_name":"geom","properties":{"id_adr":"10220_0210_00015","id_bat":"BATIMENT0000000301148584","idu":"102200000E0299","type_lien":"GEO","nb_adr":1,"nb_bat":2}},{"type":"Feature","id":"lien_adresse_bati.2852942","geometry":{"type":"LineString","coordinates":[[3.7851453,48.50317107],[3.7849653,48.50308395]]},"geometry_name":"geom","properties":{"id_adr":"10220_0210_00015","id_bat":"BATIMENT0000000301148607","idu":"102200000E0299","type_lien":"GEO","nb_adr":1,"nb_bat":2}},{"type":"Feature","id":"lien_adresse_bati.2823690","geometry":{"type":"LineString","coordinates":[[3.7854117,48.50351297],[3.78647927,48.50346237]]},"geometry_name":"geom","properties":{"id_adr":"10220_0210_00018","id_bat":"BATIMENT0000000301149068","idu":"102200000D1594","type_lien":"GEO","nb_adr":2,"nb_bat":2}},{"type":"Feature","id":"lien_adresse_bati.2678776","geometry":{"type":"LineString","coordinates":[[3.7854117,48.50351297],[3.78588731,48.50340655]]},"geometry_name":"geom","properties":{"id_adr":"10220_0210_00018","id_bat":"BATIMENT0000000301149082","idu":"102200000D1594","type_lien":"GEO","nb_adr":2,"nb_bat":2}},{"type":"Feature","id":"lien_adresse_bati.2863162","geometry":{"type":"LineString","coordinates":[[3.78619988,48.50362201],[3.78628894,48.50360255]]},"geometry_name":"geom","properties":{"id_adr":"10220_0210_00018_bis","id_bat":"BATIMENT0000002330331415","idu":"102200000D2458","type_lien":"GEO","nb_adr":1,"nb_bat":1}},{"type":"Feature","id":"lien_adresse_bati.2750393","geometry":{"type":"LineString","coordinates":[[3.78533625,48.50362772],[3.78520154,48.50367205]]},"geometry_name":"geom","properties":{"id_adr":"10220_0210_00019","id_bat":"BATIMENT0000000301148588","idu":"102200000E0301","type_lien":"GEO","nb_adr":1,"nb_bat":1}},{"type":"Feature","id":"lien_adresse_bati.2864340","geometry":{"type":"LineString","coordinates":[[3.78546916,48.50364394],[3.78569361,48.50362086]]},"geometry_name":"geom","properties":{"id_adr":"10220_0210_00020","id_bat":"BATIMENT0000002204516368","idu":"102200000D2457","type_lien":"GEO","nb_adr":1,"nb_bat":1}},{"type":"Feature","id":"lien_adresse_bati.2711047","geometry":{"type":"LineString","coordinates":[[3.78539798,48.50377216],[3.78532407,48.50375347]]},"geometry_name":"geom","properties":{"id_adr":"10220_0210_00021","id_bat":"BATIMENT0000000301149100","idu":"102200000E0302","type_lien":"GEO","nb_adr":1,"nb_bat":4}},{"type":"Feature","id":"lien_adresse_bati.2708643","geometry":{"type":"LineString","coordinates":[[3.78539798,48.50377216],[3.78535582,48.50384981]]},"geometry_name":"geom","properties":{"id_adr":"10220_0210_00021","id_bat":"BATIMENT0000000301149069","idu":"102200000E0302","type_lien":"GEO","nb_adr":1,"nb_bat":4}},{"type":"Feature","id":"lien_adresse_bati.2703732","geometry":{"type":"LineString","coordinates":[[3.78539798,48.50377216],[3.78511494,48.50381062]]},"geometry_name":"geom","properties":{"id_adr":"10220_0210_00021","id_bat":"BATIMENT0000000301148637","idu":"102200000E0302","type_lien":"GEO","nb_adr":1,"nb_bat":4}},{"type":"Feature","id":"lien_adresse_bati.2802959","geometry":{"type":"LineString","coordinates":[[3.78539798,48.50377216],[3.78537538,48.50389641]]},"geometry_name":"geom","properties":{"id_adr":"10220_0210_00021","id_bat":"BATIMENT0000000301149070","idu":"102200000E0302","type_lien":"GEO","nb_adr":1,"nb_bat":4}},{"type":"Feature","id":"lien_adresse_bati.2673696","geometry":{"type":"LineString","coordinates":[[3.78557584,48.50389693],[3.7860607,48.50382012]]},"geometry_name":"geom","properties":{"id_adr":"10220_0210_00022","id_bat":"BATIMENT0000000301149071","idu":"102200000D0196","type_lien":"GEO","nb_adr":1,"nb_bat":1}},{"type":"Feature","id":"lien_adresse_bati.2812435","geometry":{"type":"LineString","coordinates":[[3.78565439,48.50407994],[3.7861071,48.50420192]]},"geometry_name":"geom","properties":{"id_adr":"10220_0210_00024","id_bat":"BATIMENT0000002006956401","idu":"102200000D2400","type_lien":"GEO","nb_adr":2,"nb_bat":1}},{"type":"Feature","id":"lien_adresse_bati.2830975","geometry":{"type":"LineString","coordinates":[[3.78572008,48.50430801],[3.78592626,48.50447018]]},"geometry_name":"geom","properties":{"id_adr":"10220_0210_00026","id_bat":"BATIMENT0000000301149057","idu":"102200000D0194","type_lien":"GEO","nb_adr":4,"nb_bat":1}},{"type":"Feature","id":"lien_adresse_bati.2829815","geometry":{"type":"LineString","coordinates":[[3.78581416,48.50453319],[3.78592626,48.50447018]]},"geometry_name":"geom","properties":{"id_adr":"10220_0210_00028","id_bat":"BATIMENT0000000301149057","idu":"102200000D0194","type_lien":"GEO","nb_adr":4,"nb_bat":1}},{"type":"Feature","id":"lien_adresse_bati.2759521","geometry":{"type":"LineString","coordinates":[[3.78576017,48.5056293],[3.78562141,48.50558411]]},"geometry_name":"geom","properties":{"id_adr":"10220_0210_00029","id_bat":"BATIMENT0000000301149711","idu":"102200000D0061","type_lien":"GEO","nb_adr":1,"nb_bat":2}},{"type":"Feature","id":"lien_adresse_bati.2780334","geometry":{"type":"LineString","coordinates":[[3.78576017,48.5056293],[3.78554528,48.50569419]]},"geometry_name":"geom","properties":{"id_adr":"10220_0210_00029","id_bat":"BATIMENT0000000301149710","idu":"102200000D0061","type_lien":"GEO","nb_adr":1,"nb_bat":2}},{"type":"Feature","id":"lien_adresse_bati.2890242","geometry":{"type":"LineString","coordinates":[[3.78587902,48.50533884],[3.78599736,48.50520969]]},"geometry_name":"geom","properties":{"id_adr":"10220_0210_00032","id_bat":"BATIMENT0000000301149751","idu":"102200000D0068","type_lien":"GEO","nb_adr":2,"nb_bat":2}},{"type":"Feature","id":"lien_adresse_bati.2676726","geometry":{"type":"LineString","coordinates":[[3.78587902,48.50533884],[3.78604303,48.50530671]]},"geometry_name":"geom","properties":{"id_adr":"10220_0210_00032","id_bat":"BATIMENT0000000301149752","idu":"102200000D0068","type_lien":"GEO","nb_adr":2,"nb_bat":2}},{"type":"Feature","id":"lien_adresse_bati.2696524","geometry":{"type":"LineString","coordinates":[[3.78574889,48.50596044],[3.78563497,48.50594766]]},"geometry_name":"geom","properties":{"id_adr":"10220_0210_00033","id_bat":"BATIMENT0000000301149714","idu":"102200000D0060","type_lien":"GEO","nb_adr":1,"nb_bat":1}},{"type":"Feature","id":"lien_adresse_bati.2714535","geometry":{"type":"LineString","coordinates":[[3.78588009,48.5054099],[3.78599736,48.50520969]]},"geometry_name":"geom","properties":{"id_adr":"10220_0210_00036","id_bat":"BATIMENT0000000301149751","idu":"102200000D0068","type_lien":"GEO","nb_adr":2,"nb_bat":2}},{"type":"Feature","id":"lien_adresse_bati.2780825","geometry":{"type":"LineString","coordinates":[[3.78588009,48.5054099],[3.78604303,48.50530671]]},"geometry_name":"geom","properties":{"id_adr":"10220_0210_00036","id_bat":"BATIMENT0000000301149752","idu":"102200000D0068","type_lien":"GEO","nb_adr":2,"nb_bat":2}},{"type":"Feature","id":"lien_adresse_bati.2711674","geometry":{"type":"LineString","coordinates":[[3.78572509,48.50636004],[3.78538362,48.50643022]]},"geometry_name":"geom","properties":{"id_adr":"10220_0210_00037","id_bat":"BATIMENT0000002330331326","idu":"102200000D1516","type_lien":"GEO","nb_adr":1,"nb_bat":2}},{"type":"Feature","id":"lien_adresse_bati.2916885","geometry":{"type":"LineString","coordinates":[[3.78572509,48.50636004],[3.78556005,48.50636899]]},"geometry_name":"geom","properties":{"id_adr":"10220_0210_00037","id_bat":"BATIMENT0000000301149713","idu":"102200000D1516","type_lien":"GEO","nb_adr":1,"nb_bat":2}},{"type":"Feature","id":"lien_adresse_bati.2842976","geometry":{"type":"LineString","coordinates":[[3.78587923,48.50571398],[3.78600763,48.50565471]]},"geometry_name":"geom","properties":{"id_adr":"10220_0210_00038","id_bat":"BATIMENT0000000301149716","idu":"102200000D0070","type_lien":"GEO","nb_adr":1,"nb_bat":3}},{"type":"Feature","id":"lien_adresse_bati.2698009","geometry":{"type":"LineString","coordinates":[[3.78587923,48.50571398],[3.78612077,48.50563005]]},"geometry_name":"geom","properties":{"id_adr":"10220_0210_00038","id_bat":"BATIMENT0000002335004621","idu":"102200000D0070","type_lien":"GEO","nb_adr":1,"nb_bat":3}},{"type":"Feature","id":"lien_adresse_bati.2824834","geometry":{"type":"LineString","coordinates":[[3.78587923,48.50571398],[3.78596372,48.50578678]]},"geometry_name":"geom","properties":{"id_adr":"10220_0210_00038","id_bat":"BATIMENT0000000301149750","idu":"102200000D0070","type_lien":"GEO","nb_adr":1,"nb_bat":3}},{"type":"Feature","id":"lien_adresse_bati.2799244","geometry":{"type":"LineString","coordinates":[[3.78572357,48.50653008],[3.78556852,48.50657017]]},"geometry_name":"geom","properties":{"id_adr":"10220_0210_00039","id_bat":"BATIMENT0000000301149653","idu":"102200000D2095","type_lien":"GEO","nb_adr":2,"nb_bat":2}},{"type":"Feature","id":"lien_adresse_bati.2819785","geometry":{"type":"LineString","coordinates":[[3.78572357,48.50653008],[3.7853138,48.5066187]]},"geometry_name":"geom","properties":{"id_adr":"10220_0210_00039","id_bat":"BATIMENT0000000301149652","idu":"102200000D2095","type_lien":"GEO","nb_adr":2,"nb_bat":2}},{"type":"Feature","id":"lien_adresse_bati.2843848","geometry":{"type":"LineString","coordinates":[[3.78587496,48.50588134],[3.7861466,48.50593938]]},"geometry_name":"geom","properties":{"id_adr":"10220_0210_00040","id_bat":"BATIMENT0000000301149820","idu":"102200000D0071","type_lien":"GEO","nb_adr":1,"nb_bat":2}},{"type":"Feature","id":"lien_adresse_bati.2693676","geometry":{"type":"LineString","coordinates":[[3.78587496,48.50588134],[3.78596176,48.5059208]]},"geometry_name":"geom","properties":{"id_adr":"10220_0210_00040","id_bat":"BATIMENT0000000301149726","idu":"102200000D0071","type_lien":"GEO","nb_adr":1,"nb_bat":2}},{"type":"Feature","id":"lien_adresse_bati.2913274","geometry":{"type":"LineString","coordinates":[[3.78571527,48.5066084],[3.7853138,48.5066187]]},"geometry_name":"geom","properties":{"id_adr":"10220_0210_00041","id_bat":"BATIMENT0000000301149652","idu":"102200000D2095","type_lien":"GEO","nb_adr":2,"nb_bat":2}},{"type":"Feature","id":"lien_adresse_bati.2838790","geometry":{"type":"LineString","coordinates":[[3.78571527,48.5066084],[3.78556852,48.50657017]]},"geometry_name":"geom","properties":{"id_adr":"10220_0210_00041","id_bat":"BATIMENT0000000301149653","idu":"102200000D2095","type_lien":"GEO","nb_adr":2,"nb_bat":2}},{"type":"Feature","id":"lien_adresse_bati.2904278","geometry":{"type":"LineString","coordinates":[[3.78585908,48.50608656],[3.78597333,48.50603138]]},"geometry_name":"geom","properties":{"id_adr":"10220_0210_00042","id_bat":"BATIMENT0000000301149730","idu":"102200000D0072","type_lien":"GEO","nb_adr":1,"nb_bat":1}},{"type":"Feature","id":"lien_adresse_bati.2712795","geometry":{"type":"LineString","coordinates":[[3.78569874,48.50695127],[3.78543613,48.5069746]]},"geometry_name":"geom","properties":{"id_adr":"10220_0210_00045","id_bat":"BATIMENT0000000301149650","idu":"102200000D2042","type_lien":"GEO","nb_adr":2,"nb_bat":1}},{"type":"Feature","id":"lien_adresse_bati.2710495","geometry":{"type":"LineString","coordinates":[[3.78569767,48.50697017],[3.78543613,48.5069746]]},"geometry_name":"geom","properties":{"id_adr":"10220_0210_00045_bis","id_bat":"BATIMENT0000000301149650","idu":"102200000D2042","type_lien":"GEO","nb_adr":2,"nb_bat":1}},{"type":"Feature","id":"lien_adresse_bati.2668548","geometry":{"type":"LineString","coordinates":[[3.78587164,48.50674411],[3.78594637,48.50667156]]},"geometry_name":"geom","properties":{"id_adr":"10220_0210_00046","id_bat":"BATIMENT0000000301149663","idu":"102200000D2125","type_lien":"GEO","nb_adr":1,"nb_bat":4}},{"type":"Feature","id":"lien_adresse_bati.2760245","geometry":{"type":"LineString","coordinates":[[3.78587164,48.50674411],[3.78608421,48.50677419]]},"geometry_name":"geom","properties":{"id_adr":"10220_0210_00046","id_bat":"BATIMENT0000000301149830","idu":"102200000D2125","type_lien":"GEO","nb_adr":1,"nb_bat":4}},{"type":"Feature","id":"lien_adresse_bati.2831637","geometry":{"type":"LineString","coordinates":[[3.78587164,48.50674411],[3.78622002,48.50669817]]},"geometry_name":"geom","properties":{"id_adr":"10220_0210_00046","id_bat":"BATIMENT0000000301149665","idu":"102200000D2125","type_lien":"GEO","nb_adr":1,"nb_bat":4}},{"type":"Feature","id":"lien_adresse_bati.2666981","geometry":{"type":"LineString","coordinates":[[3.78587164,48.50674411],[3.78621274,48.50664874]]},"geometry_name":"geom","properties":{"id_adr":"10220_0210_00046","id_bat":"BATIMENT0000000301149664","idu":"102200000D2125","type_lien":"GEO","nb_adr":1,"nb_bat":4}},{"type":"Feature","id":"lien_adresse_bati.2804419","geometry":{"type":"LineString","coordinates":[[3.78568231,48.50730043],[3.78500531,48.50731037]]},"geometry_name":"geom","properties":{"id_adr":"10220_0210_00047","id_bat":"BATIMENT0000000301149182","idu":"102200000D1539","type_lien":"GEO","nb_adr":1,"nb_bat":2}},{"type":"Feature","id":"lien_adresse_bati.2787011","geometry":{"type":"LineString","coordinates":[[3.78568231,48.50730043],[3.78557266,48.5073471]]},"geometry_name":"geom","properties":{"id_adr":"10220_0210_00047","id_bat":"BATIMENT0000000301149648","idu":"102200000D1539","type_lien":"GEO","nb_adr":1,"nb_bat":2}},{"type":"Feature","id":"lien_adresse_bati.2888531","geometry":{"type":"LineString","coordinates":[[3.78582455,48.50685418],[3.78600902,48.5068768]]},"geometry_name":"geom","properties":{"id_adr":"10220_0210_00048","id_bat":"BATIMENT0000000301149687","idu":"102200000D0084","type_lien":"GEO","nb_adr":2,"nb_bat":2}},{"type":"Feature","id":"lien_adresse_bati.2846255","geometry":{"type":"LineString","coordinates":[[3.78582455,48.50685418],[3.78639885,48.50678697]]},"geometry_name":"geom","properties":{"id_adr":"10220_0210_00048","id_bat":"BATIMENT0000000301149829","idu":"102200000D0084","type_lien":"GEO","nb_adr":2,"nb_bat":2}},{"type":"Feature","id":"lien_adresse_bati.2841128","geometry":{"type":"LineString","coordinates":[[3.78568049,48.50754065],[3.78552141,48.507651]]},"geometry_name":"geom","properties":{"id_adr":"10220_0210_00049","id_bat":"BATIMENT0000000301149679","idu":"102200000D1536","type_lien":"GEO","nb_adr":1,"nb_bat":4}},{"type":"Feature","id":"lien_adresse_bati.2810827","geometry":{"type":"LineString","coordinates":[[3.78568049,48.50754065],[3.78499665,48.50766617]]},"geometry_name":"geom","properties":{"id_adr":"10220_0210_00049","id_bat":"BATIMENT0000000301149233","idu":"102200000D1536","type_lien":"GEO","nb_adr":1,"nb_bat":4}},{"type":"Feature","id":"lien_adresse_bati.2733266","geometry":{"type":"LineString","coordinates":[[3.78568049,48.50754065],[3.78526915,48.50758475]]},"geometry_name":"geom","properties":{"id_adr":"10220_0210_00049","id_bat":"BATIMENT0000000335663855","idu":"102200000D1536","type_lien":"GEO","nb_adr":1,"nb_bat":4}},{"type":"Feature","id":"lien_adresse_bati.2730841","geometry":{"type":"LineString","coordinates":[[3.78568049,48.50754065],[3.78554604,48.50746759]]},"geometry_name":"geom","properties":{"id_adr":"10220_0210_00049","id_bat":"BATIMENT0000000301149647","idu":"102200000D1536","type_lien":"GEO","nb_adr":1,"nb_bat":4}},{"type":"Feature","id":"lien_adresse_bati.2885770","geometry":{"type":"LineString","coordinates":[[3.78581377,48.50703867],[3.78615237,48.50709266]]},"geometry_name":"geom","properties":{"id_adr":"10220_0210_00050","id_bat":"BATIMENT0000000301149705","idu":"102200000D0085","type_lien":"GEO","nb_adr":1,"nb_bat":2}},{"type":"Feature","id":"lien_adresse_bati.2804533","geometry":{"type":"LineString","coordinates":[[3.78581377,48.50703867],[3.78594681,48.50705668]]},"geometry_name":"geom","properties":{"id_adr":"10220_0210_00050","id_bat":"BATIMENT0000000301149662","idu":"102200000D0085","type_lien":"GEO","nb_adr":1,"nb_bat":2}},{"type":"Feature","id":"lien_adresse_bati.2707151","geometry":{"type":"LineString","coordinates":[[3.78565959,48.50804368],[3.78543474,48.50813873]]},"geometry_name":"geom","properties":{"id_adr":"10220_0210_00051","id_bat":"BATIMENT0000000301149250","idu":"102200000D2426","type_lien":"GEO","nb_adr":1,"nb_bat":3}},{"type":"Feature","id":"lien_adresse_bati.2694789","geometry":{"type":"LineString","coordinates":[[3.78565959,48.50804368],[3.78538711,48.5081107]]},"geometry_name":"geom","properties":{"id_adr":"10220_0210_00051","id_bat":"BATIMENT0000000301149252","idu":"102200000D2426","type_lien":"GEO","nb_adr":1,"nb_bat":3}},{"type":"Feature","id":"lien_adresse_bati.2885517","geometry":{"type":"LineString","coordinates":[[3.78565959,48.50804368],[3.78555973,48.50819642]]},"geometry_name":"geom","properties":{"id_adr":"10220_0210_00051","id_bat":"BATIMENT0000000301149251","idu":"102200000D2426","type_lien":"GEO","nb_adr":1,"nb_bat":3}},{"type":"Feature","id":"lien_adresse_bati.2776118","geometry":{"type":"LineString","coordinates":[[3.78580325,48.50724026],[3.78621073,48.50730504]]},"geometry_name":"geom","properties":{"id_adr":"10220_0210_00052","id_bat":"BATIMENT0000000301149643","idu":"102200000D0088","type_lien":"GEO","nb_adr":1,"nb_bat":3}},{"type":"Feature","id":"lien_adresse_bati.2786711","geometry":{"type":"LineString","coordinates":[[3.78580325,48.50724026],[3.78618366,48.50719231]]},"geometry_name":"geom","properties":{"id_adr":"10220_0210_00052","id_bat":"BATIMENT0000000301149704","idu":"102200000D0088","type_lien":"GEO","nb_adr":1,"nb_bat":3}},{"type":"Feature","id":"lien_adresse_bati.2807117","geometry":{"type":"LineString","coordinates":[[3.78580325,48.50724026],[3.78597958,48.50724269]]},"geometry_name":"geom","properties":{"id_adr":"10220_0210_00052","id_bat":"BATIMENT0000000301149688","idu":"102200000D0088","type_lien":"GEO","nb_adr":1,"nb_bat":3}},{"type":"Feature","id":"lien_adresse_bati.2686423","geometry":{"type":"LineString","coordinates":[[3.78564986,48.50829834],[3.7843946,48.50822661]]},"geometry_name":"geom","properties":{"id_adr":"10220_0210_00053","id_bat":"BATIMENT0000002330331382","idu":"102200000D2084","type_lien":"GEO","nb_adr":1,"nb_bat":2}},{"type":"Feature","id":"lien_adresse_bati.2873053","geometry":{"type":"LineString","coordinates":[[3.78564986,48.50829834],[3.78472293,48.50828597]]},"geometry_name":"geom","properties":{"id_adr":"10220_0210_00053","id_bat":"BATIMENT0000000009355382","idu":"102200000D2084","type_lien":"GEO","nb_adr":1,"nb_bat":2}},{"type":"Feature","id":"lien_adresse_bati.2911578","geometry":{"type":"LineString","coordinates":[[3.78580161,48.5074013],[3.78599837,48.50745353]]},"geometry_name":"geom","properties":{"id_adr":"10220_0210_00054","id_bat":"BATIMENT0000000301149681","idu":"102200000D1480","type_lien":"GEO","nb_adr":1,"nb_bat":1}},{"type":"Feature","id":"lien_adresse_bati.2905633","geometry":{"type":"LineString","coordinates":[[3.78564647,48.50843331],[3.78537395,48.50845265]]},"geometry_name":"geom","properties":{"id_adr":"10220_0210_00055","id_bat":"BATIMENT0000000301149822","idu":"102200000D0028","type_lien":"GEO","nb_adr":1,"nb_bat":1}},{"type":"Feature","id":"lien_adresse_bati.2711727","geometry":{"type":"LineString","coordinates":[[3.78579913,48.50759744],[3.78591743,48.50766143]]},"geometry_name":"geom","properties":{"id_adr":"10220_0210_00056","id_bat":"BATIMENT0000000301149660","idu":"102200000D1479","type_lien":"GEO","nb_adr":1,"nb_bat":2}},{"type":"Feature","id":"lien_adresse_bati.2746373","geometry":{"type":"LineString","coordinates":[[3.78579913,48.50759744],[3.78600878,48.50753925]]},"geometry_name":"geom","properties":{"id_adr":"10220_0210_00056","id_bat":"BATIMENT0000000301149680","idu":"102200000D1479","type_lien":"GEO","nb_adr":1,"nb_bat":2}},{"type":"Feature","id":"lien_adresse_bati.2820619","geometry":{"type":"LineString","coordinates":[[3.78564499,48.50851518],[3.7853391,48.50854976]]},"geometry_name":"geom","properties":{"id_adr":"10220_0210_00057","id_bat":"BATIMENT0000000301149241","idu":"102200000D1892","type_lien":"GEO","nb_adr":1,"nb_bat":1}},{"type":"Feature","id":"lien_adresse_bati.2788209","geometry":{"type":"LineString","coordinates":[[3.78578828,48.5078674],[3.78601154,48.50781329]]},"geometry_name":"geom","properties":{"id_adr":"10220_0210_00058","id_bat":"BATIMENT0000000301149468","idu":"102200000D1524","type_lien":"GEO","nb_adr":1,"nb_bat":1}},{"type":"Feature","id":"lien_adresse_bati.2890093","geometry":{"type":"LineString","coordinates":[[3.78577434,48.50811219],[3.7858873,48.50821696]]},"geometry_name":"geom","properties":{"id_adr":"10220_0210_00060","id_bat":"BATIMENT0000000301149586","idu":"102200000D1560","type_lien":"GEO","nb_adr":2,"nb_bat":2}},{"type":"Feature","id":"lien_adresse_bati.2677681","geometry":{"type":"LineString","coordinates":[[3.78577434,48.50811219],[3.78590761,48.50814415]]},"geometry_name":"geom","properties":{"id_adr":"10220_0210_00060","id_bat":"BATIMENT0000000301149585","idu":"102200000D1560","type_lien":"GEO","nb_adr":1,"nb_bat":2}},{"type":"Feature","id":"lien_adresse_bati.2766270","geometry":{"type":"LineString","coordinates":[[3.78577023,48.50828945],[3.78588719,48.50828522]]},"geometry_name":"geom","properties":{"id_adr":"10220_0210_00062","id_bat":"BATIMENT0000000301149586","idu":"102200000D0094","type_lien":"GEO","nb_adr":2,"nb_bat":1}},{"type":"Feature","id":"lien_adresse_bati.2907796","geometry":{"type":"LineString","coordinates":[[3.78577305,48.50874914],[3.78590986,48.50879861]]},"geometry_name":"geom","properties":{"id_adr":"10220_0210_00066","id_bat":"BATIMENT0000000301149291","idu":"102200000D0096","type_lien":"GEO","nb_adr":1,"nb_bat":1}},{"type":"Feature","id":"lien_adresse_bati.2773131","geometry":{"type":"LineString","coordinates":[[3.78534755,48.50420162],[3.78538043,48.50434219]]},"geometry_name":"geom","properties":{"id_adr":"10220_0220_00002","id_bat":"BATIMENT0000000301149056","idu":"102200000E0445","type_lien":"GEO","nb_adr":2,"nb_bat":1}},{"type":"Feature","id":"lien_adresse_bati.2851626","geometry":{"type":"LineString","coordinates":[[3.78426708,48.50364918],[3.78440977,48.50391183]]},"geometry_name":"geom","properties":{"id_adr":"10220_0220_00003","id_bat":"BATIMENT0000000301148555","idu":"102200000E0511","type_lien":"GEO","nb_adr":2,"nb_bat":1}},{"type":"Feature","id":"lien_adresse_bati.2695454","geometry":{"type":"LineString","coordinates":[[3.78518538,48.50413072],[3.78538043,48.50434219]]},"geometry_name":"geom","properties":{"id_adr":"10220_0220_00004","id_bat":"BATIMENT0000000301149056","idu":"102200000E0445","type_lien":"GEO","nb_adr":2,"nb_bat":1}},{"type":"Feature","id":"lien_adresse_bati.2772221","geometry":{"type":"LineString","coordinates":[[3.78366808,48.5032447],[3.78379622,48.50321289]]},"geometry_name":"geom","properties":{"id_adr":"10220_0220_00005","id_bat":"BATIMENT0000000301148591","idu":"102200000E0513","type_lien":"GEO","nb_adr":1,"nb_bat":1}},{"type":"Feature","id":"lien_adresse_bati.2804538","geometry":{"type":"LineString","coordinates":[[3.78505851,48.50406588],[3.7850707,48.50415647]]},"geometry_name":"geom","properties":{"id_adr":"10220_0220_00006","id_bat":"BATIMENT0000000301148532","idu":"102200000E0444","type_lien":"GEO","nb_adr":1,"nb_bat":1}},{"type":"Feature","id":"lien_adresse_bati.2726787","geometry":{"type":"LineString","coordinates":[[3.78339233,48.50309088],[3.78340743,48.50297923]]},"geometry_name":"geom","properties":{"id_adr":"10220_0220_00007","id_bat":"BATIMENT0000000301148615","idu":"102200000E0311","type_lien":"GEO","nb_adr":1,"nb_bat":1}},{"type":"Feature","id":"lien_adresse_bati.2709005","geometry":{"type":"LineString","coordinates":[[3.78355838,48.50278841],[3.7836041,48.50313043]]},"geometry_name":"geom","properties":{"id_adr":"10220_0220_00007_bis","id_bat":"BATIMENT0000000301149007","idu":"102200000E0309","type_lien":"GEO","nb_adr":2,"nb_bat":1}},{"type":"Feature","id":"lien_adresse_bati.2792299","geometry":{"type":"LineString","coordinates":[[3.7848511,48.5039566],[3.78487961,48.50409765]]},"geometry_name":"geom","properties":{"id_adr":"10220_0220_00008","id_bat":"BATIMENT0000000301148534","idu":"102200000E0443","type_lien":"GEO","nb_adr":1,"nb_bat":1}},{"type":"Feature","id":"lien_adresse_bati.2762147","geometry":{"type":"LineString","coordinates":[[3.78328308,48.50302773],[3.78304255,48.50275352]]},"geometry_name":"geom","properties":{"id_adr":"10220_0220_00009","id_bat":"BATIMENT0000000301148981","idu":"102200000E0312","type_lien":"GEO","nb_adr":3,"nb_bat":3}},{"type":"Feature","id":"lien_adresse_bati.2783228","geometry":{"type":"LineString","coordinates":[[3.78328308,48.50302773],[3.78326901,48.5027652]]},"geometry_name":"geom","properties":{"id_adr":"10220_0220_00009","id_bat":"BATIMENT0000000301148993","idu":"102200000E0312","type_lien":"GEO","nb_adr":3,"nb_bat":3}},{"type":"Feature","id":"lien_adresse_bati.2688804","geometry":{"type":"LineString","coordinates":[[3.78328308,48.50302773],[3.78313191,48.5028434]]},"geometry_name":"geom","properties":{"id_adr":"10220_0220_00009","id_bat":"BATIMENT0000000301148592","idu":"102200000E0312","type_lien":"GEO","nb_adr":3,"nb_bat":3}},{"type":"Feature","id":"lien_adresse_bati.2784879","geometry":{"type":"LineString","coordinates":[[3.78451818,48.50378337],[3.78440977,48.50391183]]},"geometry_name":"geom","properties":{"id_adr":"10220_0220_00010","id_bat":"BATIMENT0000000301148555","idu":"102200000E0511","type_lien":"GEO","nb_adr":2,"nb_bat":1}},{"type":"Feature","id":"lien_adresse_bati.2710886","geometry":{"type":"LineString","coordinates":[[3.78305253,48.50290959],[3.78326901,48.5027652]]},"geometry_name":"geom","properties":{"id_adr":"10220_0220_00011","id_bat":"BATIMENT0000000301148993","idu":"102200000E0312","type_lien":"GEO","nb_adr":3,"nb_bat":3}},{"type":"Feature","id":"lien_adresse_bati.2818693","geometry":{"type":"LineString","coordinates":[[3.78305253,48.50290959],[3.78313191,48.5028434]]},"geometry_name":"geom","properties":{"id_adr":"10220_0220_00011","id_bat":"BATIMENT0000000301148592","idu":"102200000E0312","type_lien":"GEO","nb_adr":3,"nb_bat":3}},{"type":"Feature","id":"lien_adresse_bati.2736607","geometry":{"type":"LineString","coordinates":[[3.78305253,48.50290959],[3.78304255,48.50275352]]},"geometry_name":"geom","properties":{"id_adr":"10220_0220_00011","id_bat":"BATIMENT0000000301148981","idu":"102200000E0312","type_lien":"GEO","nb_adr":3,"nb_bat":3}},{"type":"Feature","id":"lien_adresse_bati.2663120","geometry":{"type":"LineString","coordinates":[[3.78413326,48.50357179],[3.78397324,48.50368985]]},"geometry_name":"geom","properties":{"id_adr":"10220_0220_00012","id_bat":"BATIMENT0000000301148598","idu":"102200000E0510","type_lien":"GEO","nb_adr":1,"nb_bat":2}},{"type":"Feature","id":"lien_adresse_bati.2866787","geometry":{"type":"LineString","coordinates":[[3.78413326,48.50357179],[3.78383806,48.50387156]]},"geometry_name":"geom","properties":{"id_adr":"10220_0220_00012","id_bat":"BATIMENT0000000009358930","idu":"102200000E0510","type_lien":"GEO","nb_adr":1,"nb_bat":2}},{"type":"Feature","id":"lien_adresse_bati.2873634","geometry":{"type":"LineString","coordinates":[[3.7828686,48.50283074],[3.7829112,48.50273723]]},"geometry_name":"geom","properties":{"id_adr":"10220_0220_00013","id_bat":"BATIMENT0000000301148593","idu":"102200000E0318","type_lien":"GEO","nb_adr":1,"nb_bat":1}},{"type":"Feature","id":"lien_adresse_bati.2897059","geometry":{"type":"LineString","coordinates":[[3.78358213,48.50320028],[3.7836041,48.50313043]]},"geometry_name":"geom","properties":{"id_adr":"10220_0220_00015","id_bat":"BATIMENT0000000301149007","idu":"102200000E0309","type_lien":"GEO","nb_adr":2,"nb_bat":1}},{"type":"Feature","id":"lien_adresse_bati.2755778","geometry":{"type":"LineString","coordinates":[[3.78268059,48.50266015],[3.7826792,48.50265761]]},"geometry_name":"geom","properties":{"id_adr":"10220_0220_00015_a","id_bat":"BATIMENT0000000301148641","idu":"102200000E0885","type_lien":"GEO","nb_adr":1,"nb_bat":1}},{"type":"Feature","id":"lien_adresse_bati.2769398","geometry":{"type":"LineString","coordinates":[[3.78243455,48.50268336],[3.78245406,48.50251455]]},"geometry_name":"geom","properties":{"id_adr":"10220_0220_00015_b","id_bat":"BATIMENT0000000301148648","idu":"102200000E0321","type_lien":"GEO","nb_adr":2,"nb_bat":1}},{"type":"Feature","id":"lien_adresse_bati.2848993","geometry":{"type":"LineString","coordinates":[[3.78221962,48.5026137],[3.78245406,48.50251455]]},"geometry_name":"geom","properties":{"id_adr":"10220_0220_00017","id_bat":"BATIMENT0000000301148648","idu":"102200000E0321","type_lien":"GEO","nb_adr":2,"nb_bat":1}},{"type":"Feature","id":"lien_adresse_bati.2713977","geometry":{"type":"LineString","coordinates":[[3.78323938,48.50300193],[3.78304255,48.50275352]]},"geometry_name":"geom","properties":{"id_adr":"10220_0220_00017_bis","id_bat":"BATIMENT0000000301148981","idu":"102200000E0312","type_lien":"GEO","nb_adr":3,"nb_bat":3}},{"type":"Feature","id":"lien_adresse_bati.2662792","geometry":{"type":"LineString","coordinates":[[3.78323938,48.50300193],[3.78326901,48.5027652]]},"geometry_name":"geom","properties":{"id_adr":"10220_0220_00017_bis","id_bat":"BATIMENT0000000301148993","idu":"102200000E0312","type_lien":"GEO","nb_adr":3,"nb_bat":3}},{"type":"Feature","id":"lien_adresse_bati.2720514","geometry":{"type":"LineString","coordinates":[[3.78323938,48.50300193],[3.78313191,48.5028434]]},"geometry_name":"geom","properties":{"id_adr":"10220_0220_00017_bis","id_bat":"BATIMENT0000000301148592","idu":"102200000E0312","type_lien":"GEO","nb_adr":3,"nb_bat":3}},{"type":"Feature","id":"lien_adresse_bati.2673824","geometry":{"type":"LineString","coordinates":[[3.7843474,48.50358837],[3.78464175,48.50343214]]},"geometry_name":"geom","properties":{"id_adr":"10220_0220_00017_ter","id_bat":"BATIMENT0000000301148953","idu":"102200000E0824","type_lien":"GEO","nb_adr":1,"nb_bat":4}},{"type":"Feature","id":"lien_adresse_bati.2704164","geometry":{"type":"LineString","coordinates":[[3.7843474,48.50358837],[3.78415927,48.50312186]]},"geometry_name":"geom","properties":{"id_adr":"10220_0220_00017_ter","id_bat":"BATIMENT0000002204516373","idu":"102200000E0824","type_lien":"GEO","nb_adr":1,"nb_bat":4}},{"type":"Feature","id":"lien_adresse_bati.2911929","geometry":{"type":"LineString","coordinates":[[3.7843474,48.50358837],[3.78475195,48.50303348]]},"geometry_name":"geom","properties":{"id_adr":"10220_0220_00017_ter","id_bat":"BATIMENT0000000325110343","idu":"102200000E0824","type_lien":"GEO","nb_adr":1,"nb_bat":4}},{"type":"Feature","id":"lien_adresse_bati.2689345","geometry":{"type":"LineString","coordinates":[[3.7843474,48.50358837],[3.78489105,48.50364104]]},"geometry_name":"geom","properties":{"id_adr":"10220_0220_00017_ter","id_bat":"BATIMENT0000000301148944","idu":"102200000E0824","type_lien":"GEO","nb_adr":1,"nb_bat":4}},{"type":"Feature","id":"lien_adresse_bati.2837940","geometry":{"type":"LineString","coordinates":[[3.78326967,48.50312677],[3.78332658,48.50334636]]},"geometry_name":"geom","properties":{"id_adr":"10220_0220_00018","id_bat":"BATIMENT0000000301148600","idu":"102200000E0758","type_lien":"GEO","nb_adr":1,"nb_bat":1}},{"type":"Feature","id":"lien_adresse_bati.2697819","geometry":{"type":"LineString","coordinates":[[3.78294497,48.50295888],[3.78288085,48.50300969]]},"geometry_name":"geom","properties":{"id_adr":"10220_0220_00020","id_bat":"BATIMENT0000000301148543","idu":"102200000E0430","type_lien":"GEO","nb_adr":2,"nb_bat":1}},{"type":"Feature","id":"lien_adresse_bati.2676594","geometry":{"type":"LineString","coordinates":[[3.78277606,48.50288893],[3.78271596,48.50298198]]},"geometry_name":"geom","properties":{"id_adr":"10220_0220_00022","id_bat":"BATIMENT0000000301148542","idu":"102200000E0428","type_lien":"GEO","nb_adr":2,"nb_bat":1}},{"type":"Feature","id":"lien_adresse_bati.2735517","geometry":{"type":"LineString","coordinates":[[3.78264951,48.50284568],[3.78271596,48.50298198]]},"geometry_name":"geom","properties":{"id_adr":"10220_0220_00024_bis","id_bat":"BATIMENT0000000301148542","idu":"102200000E0428","type_lien":"GEO","nb_adr":2,"nb_bat":1}},{"type":"Feature","id":"lien_adresse_bati.2759177","geometry":{"type":"LineString","coordinates":[[3.78294088,48.50295711],[3.78288085,48.50300969]]},"geometry_name":"geom","properties":{"id_adr":"10220_0220_00024_ter","id_bat":"BATIMENT0000000301148543","idu":"102200000E0430","type_lien":"GEO","nb_adr":2,"nb_bat":1}},{"type":"Feature","id":"lien_adresse_bati.2709651","geometry":{"type":"LineString","coordinates":[[3.78144623,48.50240558],[3.78155221,48.50227307]]},"geometry_name":"geom","properties":{"id_adr":"10220_0220_00025","id_bat":"BATIMENT0000000301148949","idu":"102200000E0332","type_lien":"GEO","nb_adr":2,"nb_bat":1}},{"type":"Feature","id":"lien_adresse_bati.2749907","geometry":{"type":"LineString","coordinates":[[3.78125479,48.50182208],[3.78137024,48.50183081]]},"geometry_name":"geom","properties":{"id_adr":"10220_0220_00027","id_bat":"BATIMENT0000000301148618","idu":"102200000E0334","type_lien":"GEO","nb_adr":2,"nb_bat":1}},{"type":"Feature","id":"lien_adresse_bati.2810775","geometry":{"type":"LineString","coordinates":[[3.78122995,48.50233593],[3.78142061,48.50226598]]},"geometry_name":"geom","properties":{"id_adr":"10220_0220_00027_bis","id_bat":"BATIMENT0000000301148949","idu":"102200000E0709","type_lien":"GEO","nb_adr":2,"nb_bat":1}},{"type":"Feature","id":"lien_adresse_bati.2855678","geometry":{"type":"LineString","coordinates":[[3.78207816,48.50265962],[3.78206252,48.50274591]]},"geometry_name":"geom","properties":{"id_adr":"10220_0220_00028","id_bat":"BATIMENT0000000301148628","idu":"102200000E0414","type_lien":"GEO","nb_adr":1,"nb_bat":3}},{"type":"Feature","id":"lien_adresse_bati.2753294","geometry":{"type":"LineString","coordinates":[[3.78207816,48.50265962],[3.78205064,48.50280739]]},"geometry_name":"geom","properties":{"id_adr":"10220_0220_00028","id_bat":"BATIMENT0000000301148629","idu":"102200000E0414","type_lien":"GEO","nb_adr":1,"nb_bat":3}},{"type":"Feature","id":"lien_adresse_bati.2680448","geometry":{"type":"LineString","coordinates":[[3.78207816,48.50265962],[3.78194493,48.50276278]]},"geometry_name":"geom","properties":{"id_adr":"10220_0220_00028","id_bat":"BATIMENT0000000301148630","idu":"102200000E0414","type_lien":"GEO","nb_adr":1,"nb_bat":3}},{"type":"Feature","id":"lien_adresse_bati.2766432","geometry":{"type":"LineString","coordinates":[[3.78126637,48.50169065],[3.78163895,48.50166602]]},"geometry_name":"geom","properties":{"id_adr":"10220_0220_00029","id_bat":"BATIMENT0000000301148645","idu":"102200000E0335","type_lien":"GEO","nb_adr":1,"nb_bat":4}},{"type":"Feature","id":"lien_adresse_bati.2825807","geometry":{"type":"LineString","coordinates":[[3.78126637,48.50169065],[3.78138666,48.50163633]]},"geometry_name":"geom","properties":{"id_adr":"10220_0220_00029","id_bat":"BATIMENT0000000301148652","idu":"102200000E0335","type_lien":"GEO","nb_adr":1,"nb_bat":4}},{"type":"Feature","id":"lien_adresse_bati.2761683","geometry":{"type":"LineString","coordinates":[[3.78126637,48.50169065],[3.78136193,48.50159048]]},"geometry_name":"geom","properties":{"id_adr":"10220_0220_00029","id_bat":"BATIMENT0000000301148653","idu":"102200000E0335","type_lien":"GEO","nb_adr":2,"nb_bat":4}},{"type":"Feature","id":"lien_adresse_bati.2806619","geometry":{"type":"LineString","coordinates":[[3.78126637,48.50169065],[3.78137651,48.50177205]]},"geometry_name":"geom","properties":{"id_adr":"10220_0220_00029","id_bat":"BATIMENT0000000301148618","idu":"102200000E0335","type_lien":"GEO","nb_adr":2,"nb_bat":4}},{"type":"Feature","id":"lien_adresse_bati.2868621","geometry":{"type":"LineString","coordinates":[[3.78127192,48.50151789],[3.78133994,48.50147806]]},"geometry_name":"geom","properties":{"id_adr":"10220_0220_00031","id_bat":"BATIMENT0000000301148654","idu":"102200000E0337","type_lien":"GEO","nb_adr":3,"nb_bat":2}},{"type":"Feature","id":"lien_adresse_bati.2770852","geometry":{"type":"LineString","coordinates":[[3.78127192,48.50151789],[3.78134343,48.50153451]]},"geometry_name":"geom","properties":{"id_adr":"10220_0220_00031","id_bat":"BATIMENT0000000301148653","idu":"102200000E0337","type_lien":"GEO","nb_adr":2,"nb_bat":2}},{"type":"Feature","id":"lien_adresse_bati.2685119","geometry":{"type":"LineString","coordinates":[[3.78181854,48.50258935],[3.78164247,48.50264254]]},"geometry_name":"geom","properties":{"id_adr":"10220_0220_00032","id_bat":"BATIMENT0000000301148596","idu":"102200000E0596","type_lien":"GEO","nb_adr":1,"nb_bat":2}},{"type":"Feature","id":"lien_adresse_bati.2805712","geometry":{"type":"LineString","coordinates":[[3.78181854,48.50258935],[3.78190191,48.50268559]]},"geometry_name":"geom","properties":{"id_adr":"10220_0220_00032","id_bat":"BATIMENT0000000301148632","idu":"102200000E0596","type_lien":"GEO","nb_adr":1,"nb_bat":2}},{"type":"Feature","id":"lien_adresse_bati.2835387","geometry":{"type":"LineString","coordinates":[[3.78125802,48.50140283],[3.78133154,48.50141829]]},"geometry_name":"geom","properties":{"id_adr":"10220_0220_00033","id_bat":"BATIMENT0000000301148654","idu":"102200000E0602","type_lien":"GEO","nb_adr":3,"nb_bat":1}},{"type":"Feature","id":"lien_adresse_bati.2893514","geometry":{"type":"LineString","coordinates":[[3.78141763,48.50248494],[3.78108696,48.50274045]]},"geometry_name":"geom","properties":{"id_adr":"10220_0220_00034","id_bat":"BATIMENT0000000301148703","idu":"102200000E0869","type_lien":"GEO","nb_adr":4,"nb_bat":2}},{"type":"Feature","id":"lien_adresse_bati.2869382","geometry":{"type":"LineString","coordinates":[[3.78141763,48.50248494],[3.78140445,48.50262166]]},"geometry_name":"geom","properties":{"id_adr":"10220_0220_00034","id_bat":"BATIMENT0000000301148697","idu":"102200000E0869","type_lien":"GEO","nb_adr":4,"nb_bat":2}},{"type":"Feature","id":"lien_adresse_bati.2760952","geometry":{"type":"LineString","coordinates":[[3.78126018,48.50254805],[3.78140445,48.50262166]]},"geometry_name":"geom","properties":{"id_adr":"10220_0220_00034_a","id_bat":"BATIMENT0000000301148697","idu":"102200000E0869","type_lien":"GEO","nb_adr":4,"nb_bat":2}},{"type":"Feature","id":"lien_adresse_bati.2885566","geometry":{"type":"LineString","coordinates":[[3.78126018,48.50254805],[3.78108696,48.50274045]]},"geometry_name":"geom","properties":{"id_adr":"10220_0220_00034_a","id_bat":"BATIMENT0000000301148703","idu":"102200000E0869","type_lien":"GEO","nb_adr":4,"nb_bat":2}},{"type":"Feature","id":"lien_adresse_bati.2902369","geometry":{"type":"LineString","coordinates":[[3.78136051,48.50246732],[3.78140445,48.50262166]]},"geometry_name":"geom","properties":{"id_adr":"10220_0220_00034_b","id_bat":"BATIMENT0000000301148697","idu":"102200000E0869","type_lien":"GEO","nb_adr":4,"nb_bat":2}},{"type":"Feature","id":"lien_adresse_bati.2867512","geometry":{"type":"LineString","coordinates":[[3.78136051,48.50246732],[3.78108696,48.50274045]]},"geometry_name":"geom","properties":{"id_adr":"10220_0220_00034_b","id_bat":"BATIMENT0000000301148703","idu":"102200000E0869","type_lien":"GEO","nb_adr":4,"nb_bat":2}},{"type":"Feature","id":"lien_adresse_bati.2680105","geometry":{"type":"LineString","coordinates":[[3.78140988,48.50260104],[3.78140445,48.50262166]]},"geometry_name":"geom","properties":{"id_adr":"10220_0220_00034_c","id_bat":"BATIMENT0000000301148697","idu":"102200000E0869","type_lien":"GEO","nb_adr":4,"nb_bat":2}},{"type":"Feature","id":"lien_adresse_bati.2901055","geometry":{"type":"LineString","coordinates":[[3.78140988,48.50260104],[3.78108696,48.50274045]]},"geometry_name":"geom","properties":{"id_adr":"10220_0220_00034_c","id_bat":"BATIMENT0000000301148703","idu":"102200000E0869","type_lien":"GEO","nb_adr":4,"nb_bat":2}},{"type":"Feature","id":"lien_adresse_bati.2677714","geometry":{"type":"LineString","coordinates":[[3.78130473,48.50244879],[3.78117218,48.50252494]]},"geometry_name":"geom","properties":{"id_adr":"10220_0220_00034_t","id_bat":"BATIMENT0000000301148698","idu":"102200000E0408","type_lien":"GEO","nb_adr":2,"nb_bat":1}},{"type":"Feature","id":"lien_adresse_bati.2713210","geometry":{"type":"LineString","coordinates":[[3.78124493,48.50243299],[3.78117218,48.50252494]]},"geometry_name":"geom","properties":{"id_adr":"10220_0220_00036","id_bat":"BATIMENT0000000301148698","idu":"102200000E0408","type_lien":"GEO","nb_adr":2,"nb_bat":1}},{"type":"Feature","id":"lien_adresse_bati.2912930","geometry":{"type":"LineString","coordinates":[[3.78117829,48.50241274],[3.78111811,48.50249468]]},"geometry_name":"geom","properties":{"id_adr":"10220_0220_00038","id_bat":"BATIMENT0000000301148699","idu":"102200000E0626","type_lien":"GEO","nb_adr":1,"nb_bat":1}},{"type":"Feature","id":"lien_adresse_bati.2846293","geometry":{"type":"LineString","coordinates":[[3.78100695,48.50236079],[3.78100797,48.50244735]]},"geometry_name":"geom","properties":{"id_adr":"10220_0220_00040","id_bat":"BATIMENT0000000301148700","idu":"102200000E0725","type_lien":"GEO","nb_adr":3,"nb_bat":1}},{"type":"Feature","id":"lien_adresse_bati.2666262","geometry":{"type":"LineString","coordinates":[[3.7810491,48.5023731],[3.78100797,48.50244735]]},"geometry_name":"geom","properties":{"id_adr":"10220_0220_00042","id_bat":"BATIMENT0000000301148700","idu":"102200000E0725","type_lien":"GEO","nb_adr":3,"nb_bat":1}},{"type":"Feature","id":"lien_adresse_bati.2769164","geometry":{"type":"LineString","coordinates":[[3.78100423,48.50235991],[3.78100797,48.50244735]]},"geometry_name":"geom","properties":{"id_adr":"10220_0220_00044","id_bat":"BATIMENT0000000301148700","idu":"102200000E0725","type_lien":"GEO","nb_adr":3,"nb_bat":1}},{"type":"Feature","id":"lien_adresse_bati.2876485","geometry":{"type":"LineString","coordinates":[[3.78109888,48.50198863],[3.78069792,48.50181041]]},"geometry_name":"geom","properties":{"id_adr":"10220_0220_00050","id_bat":"BATIMENT0000000301148674","idu":"102200000E0344","type_lien":"GEO","nb_adr":1,"nb_bat":4}},{"type":"Feature","id":"lien_adresse_bati.2747170","geometry":{"type":"LineString","coordinates":[[3.78109888,48.50198863],[3.78063334,48.5019791]]},"geometry_name":"geom","properties":{"id_adr":"10220_0220_00050","id_bat":"BATIMENT0000000301148688","idu":"102200000E0344","type_lien":"GEO","nb_adr":1,"nb_bat":4}},{"type":"Feature","id":"lien_adresse_bati.2853416","geometry":{"type":"LineString","coordinates":[[3.78109888,48.50198863],[3.78069579,48.50207945]]},"geometry_name":"geom","properties":{"id_adr":"10220_0220_00050","id_bat":"BATIMENT0000000301148687","idu":"102200000E0344","type_lien":"GEO","nb_adr":1,"nb_bat":4}},{"type":"Feature","id":"lien_adresse_bati.2717722","geometry":{"type":"LineString","coordinates":[[3.78109888,48.50198863],[3.78110001,48.50174936]]},"geometry_name":"geom","properties":{"id_adr":"10220_0220_00050","id_bat":"BATIMENT0000000301148945","idu":"102200000E0344","type_lien":"GEO","nb_adr":1,"nb_bat":4}},{"type":"Feature","id":"lien_adresse_bati.2703457","geometry":{"type":"LineString","coordinates":[[3.78114871,48.50160776],[3.78072206,48.50163774]]},"geometry_name":"geom","properties":{"id_adr":"10220_0220_00052","id_bat":"BATIMENT0000000301148675","idu":"102200000E0343","type_lien":"GEO","nb_adr":1,"nb_bat":2}},{"type":"Feature","id":"lien_adresse_bati.2861431","geometry":{"type":"LineString","coordinates":[[3.78114871,48.50160776],[3.78071794,48.50155016]]},"geometry_name":"geom","properties":{"id_adr":"10220_0220_00052","id_bat":"BATIMENT0000000301149022","idu":"102200000E0343","type_lien":"GEO","nb_adr":2,"nb_bat":2}},{"type":"Feature","id":"lien_adresse_bati.2779895","geometry":{"type":"LineString","coordinates":[[3.78115251,48.50140802],[3.78107101,48.50140306]]},"geometry_name":"geom","properties":{"id_adr":"10220_0220_00054","id_bat":"BATIMENT0000000301148527","idu":"102200000E0339","type_lien":"GEO","nb_adr":1,"nb_bat":1}},{"type":"Feature","id":"lien_adresse_bati.2697378","geometry":{"type":"LineString","coordinates":[[3.77617059,48.50240058],[3.77617326,48.50238032]]},"geometry_name":"geom","properties":{"id_adr":"10220_0220_00066_b","id_bat":"BATIMENT0000000325110280","idu":"102200000E0835","type_lien":"GEO","nb_adr":1,"nb_bat":1}},{"type":"Feature","id":"lien_adresse_bati.2668042","geometry":{"type":"LineString","coordinates":[[3.79999595,48.51247857],[3.79981711,48.51259461]]},"geometry_name":"geom","properties":{"id_adr":"10220_0230_00001","id_bat":"BATIMENT0000000301151763","idu":"102200000B1310","type_lien":"GEO","nb_adr":1,"nb_bat":2}},{"type":"Feature","id":"lien_adresse_bati.2864849","geometry":{"type":"LineString","coordinates":[[3.79999595,48.51247857],[3.79986089,48.51244744]]},"geometry_name":"geom","properties":{"id_adr":"10220_0230_00001","id_bat":"BATIMENT0000000301151802","idu":"102200000B1310","type_lien":"GEO","nb_adr":1,"nb_bat":2}},{"type":"Feature","id":"lien_adresse_bati.2741969","geometry":{"type":"LineString","coordinates":[[3.80005647,48.51236301],[3.80033296,48.51239938]]},"geometry_name":"geom","properties":{"id_adr":"10220_0230_00006","id_bat":"BATIMENT0000002341955032","idu":"102200000F0391","type_lien":"GEO","nb_adr":1,"nb_bat":1}},{"type":"Feature","id":"lien_adresse_bati.2873448","geometry":{"type":"LineString","coordinates":[[3.79992421,48.51185831],[3.80018068,48.51182644]]},"geometry_name":"geom","properties":{"id_adr":"10220_0230_00012","id_bat":"BATIMENT0000002494157279","idu":"102200000F0409","type_lien":"GEO","nb_adr":1,"nb_bat":1}},{"type":"Feature","id":"lien_adresse_bati.2771559","geometry":{"type":"LineString","coordinates":[[3.78439241,48.50116536],[3.78449206,48.50078109]]},"geometry_name":"geom","properties":{"id_adr":"10220_0231_00003","id_bat":"BATIMENT0000000292129064","idu":"102200000H0369","type_lien":"GEO","nb_adr":2,"nb_bat":4}},{"type":"Feature","id":"lien_adresse_bati.2813373","geometry":{"type":"LineString","coordinates":[[3.78439241,48.50116536],[3.78437684,48.50072403]]},"geometry_name":"geom","properties":{"id_adr":"10220_0231_00003","id_bat":"BATIMENT0000000301148936","idu":"102200000H0369","type_lien":"GEO","nb_adr":2,"nb_bat":4}},{"type":"Feature","id":"lien_adresse_bati.2799088","geometry":{"type":"LineString","coordinates":[[3.78439241,48.50116536],[3.78447767,48.50102789]]},"geometry_name":"geom","properties":{"id_adr":"10220_0231_00003","id_bat":"BATIMENT0000000301148590","idu":"102200000H0369","type_lien":"GEO","nb_adr":2,"nb_bat":4}},{"type":"Feature","id":"lien_adresse_bati.2843864","geometry":{"type":"LineString","coordinates":[[3.78439241,48.50116536],[3.78431002,48.5009062]]},"geometry_name":"geom","properties":{"id_adr":"10220_0231_00003","id_bat":"BATIMENT0000000301148937","idu":"102200000H0369","type_lien":"GEO","nb_adr":2,"nb_bat":4}},{"type":"Feature","id":"lien_adresse_bati.2727405","geometry":{"type":"LineString","coordinates":[[3.78403553,48.50029327],[3.78422045,48.50025712]]},"geometry_name":"geom","properties":{"id_adr":"10220_0231_00005","id_bat":"BATIMENT0000000301148684","idu":"102200000H0373","type_lien":"GEO","nb_adr":1,"nb_bat":1}},{"type":"Feature","id":"lien_adresse_bati.2715395","geometry":{"type":"LineString","coordinates":[[3.79291685,48.50860543],[3.79293789,48.50875642]]},"geometry_name":"geom","properties":{"id_adr":"10220_0232_00001","id_bat":"BATIMENT0000000325110375","idu":"102200000D2260","type_lien":"GEO","nb_adr":1,"nb_bat":1}},{"type":"Feature","id":"lien_adresse_bati.2687466","geometry":{"type":"LineString","coordinates":[[3.79421607,48.50910684],[3.7941502,48.50931688]]},"geometry_name":"geom","properties":{"id_adr":"10220_0232_00002","id_bat":"BATIMENT0000000325110362","idu":"102200000D2265","type_lien":"GEO","nb_adr":2,"nb_bat":1}},{"type":"Feature","id":"lien_adresse_bati.2677349","geometry":{"type":"LineString","coordinates":[[3.79326943,48.50864266],[3.79319565,48.50879024]]},"geometry_name":"geom","properties":{"id_adr":"10220_0232_00003","id_bat":"BATIMENT0000000325110369","idu":"102200000D2261","type_lien":"GEO","nb_adr":1,"nb_bat":1}},{"type":"Feature","id":"lien_adresse_bati.2843282","geometry":{"type":"LineString","coordinates":[[3.79308638,48.50853502],[3.79316149,48.50842282]]},"geometry_name":"geom","properties":{"id_adr":"10220_0232_00004","id_bat":"BATIMENT0000000325110352","idu":"102200000D2280","type_lien":"GEO","nb_adr":1,"nb_bat":1}},{"type":"Feature","id":"lien_adresse_bati.2794794","geometry":{"type":"LineString","coordinates":[[3.79358071,48.50872424],[3.79351674,48.50885062]]},"geometry_name":"geom","properties":{"id_adr":"10220_0232_00005","id_bat":"BATIMENT0000000325110374","idu":"102200000D2262","type_lien":"GEO","nb_adr":1,"nb_bat":1}},{"type":"Feature","id":"lien_adresse_bati.2715642","geometry":{"type":"LineString","coordinates":[[3.79331027,48.50856771],[3.79342704,48.50835462]]},"geometry_name":"geom","properties":{"id_adr":"10220_0232_00006","id_bat":"BATIMENT0000000292129041","idu":"102200000D2279","type_lien":"GEO","nb_adr":1,"nb_bat":1}},{"type":"Feature","id":"lien_adresse_bati.2825789","geometry":{"type":"LineString","coordinates":[[3.79388046,48.50884909],[3.79370503,48.50894202]]},"geometry_name":"geom","properties":{"id_adr":"10220_0232_00007","id_bat":"BATIMENT0000000325110364","idu":"102200000D2263","type_lien":"GEO","nb_adr":1,"nb_bat":1}},{"type":"Feature","id":"lien_adresse_bati.2694333","geometry":{"type":"LineString","coordinates":[[3.79355215,48.50862637],[3.79357787,48.50847268]]},"geometry_name":"geom","properties":{"id_adr":"10220_0232_00008","id_bat":"BATIMENT0000000325110357","idu":"102200000D2278","type_lien":"GEO","nb_adr":1,"nb_bat":1}},{"type":"Feature","id":"lien_adresse_bati.2766664","geometry":{"type":"LineString","coordinates":[[3.79410218,48.50900684],[3.79393718,48.50906732]]},"geometry_name":"geom","properties":{"id_adr":"10220_0232_00009","id_bat":"BATIMENT0000000325110371","idu":"102200000D2264","type_lien":"GEO","nb_adr":1,"nb_bat":1}},{"type":"Feature","id":"lien_adresse_bati.2674681","geometry":{"type":"LineString","coordinates":[[3.79390348,48.50875987],[3.79405032,48.50863294]]},"geometry_name":"geom","properties":{"id_adr":"10220_0232_00010","id_bat":"BATIMENT0000000325110359","idu":"102200000D2277","type_lien":"GEO","nb_adr":1,"nb_bat":1}},{"type":"Feature","id":"lien_adresse_bati.2829915","geometry":{"type":"LineString","coordinates":[[3.79432166,48.5091952],[3.7941502,48.50931688]]},"geometry_name":"geom","properties":{"id_adr":"10220_0232_00011","id_bat":"BATIMENT0000000325110362","idu":"102200000D2265","type_lien":"GEO","nb_adr":2,"nb_bat":1}},{"type":"Feature","id":"lien_adresse_bati.2900643","geometry":{"type":"LineString","coordinates":[[3.79408517,48.50886661],[3.79437837,48.50869282]]},"geometry_name":"geom","properties":{"id_adr":"10220_0232_00012","id_bat":"BATIMENT0000000325110363","idu":"102200000D2276","type_lien":"GEO","nb_adr":1,"nb_bat":1}},{"type":"Feature","id":"lien_adresse_bati.2793780","geometry":{"type":"LineString","coordinates":[[3.79450266,48.50934603],[3.79442178,48.5094638]]},"geometry_name":"geom","properties":{"id_adr":"10220_0232_00013","id_bat":"BATIMENT0000002006956378","idu":"102200000D2266","type_lien":"GEO","nb_adr":1,"nb_bat":2}},{"type":"Feature","id":"lien_adresse_bati.2791159","geometry":{"type":"LineString","coordinates":[[3.79450266,48.50934603],[3.79420587,48.50950635]]},"geometry_name":"geom","properties":{"id_adr":"10220_0232_00013","id_bat":"BATIMENT0000002335004623","idu":"102200000D2266","type_lien":"GEO","nb_adr":1,"nb_bat":2}},{"type":"Feature","id":"lien_adresse_bati.2683698","geometry":{"type":"LineString","coordinates":[[3.79425934,48.50901389],[3.79443207,48.50893141]]},"geometry_name":"geom","properties":{"id_adr":"10220_0232_00014","id_bat":"BATIMENT0000000292129117","idu":"102200000D2275","type_lien":"GEO","nb_adr":1,"nb_bat":1}},{"type":"Feature","id":"lien_adresse_bati.2818886","geometry":{"type":"LineString","coordinates":[[3.79467829,48.50949959],[3.79451905,48.50958702]]},"geometry_name":"geom","properties":{"id_adr":"10220_0232_00015","id_bat":"BATIMENT0000000325110350","idu":"102200000D2267","type_lien":"GEO","nb_adr":1,"nb_bat":1}},{"type":"Feature","id":"lien_adresse_bati.2697276","geometry":{"type":"LineString","coordinates":[[3.79446366,48.50918435],[3.79465589,48.50909342]]},"geometry_name":"geom","properties":{"id_adr":"10220_0232_00016","id_bat":"BATIMENT0000000325110355","idu":"102200000D2274","type_lien":"GEO","nb_adr":1,"nb_bat":1}},{"type":"Feature","id":"lien_adresse_bati.2791377","geometry":{"type":"LineString","coordinates":[[3.79485516,48.50964504],[3.7947325,48.50974426]]},"geometry_name":"geom","properties":{"id_adr":"10220_0232_00017","id_bat":"BATIMENT0000000325110353","idu":"102200000D2268","type_lien":"GEO","nb_adr":1,"nb_bat":1}},{"type":"Feature","id":"lien_adresse_bati.2824610","geometry":{"type":"LineString","coordinates":[[3.79474763,48.50942895],[3.79491524,48.50934686]]},"geometry_name":"geom","properties":{"id_adr":"10220_0232_00018","id_bat":"BATIMENT0000000325110361","idu":"102200000D2273","type_lien":"GEO","nb_adr":1,"nb_bat":1}},{"type":"Feature","id":"lien_adresse_bati.2783790","geometry":{"type":"LineString","coordinates":[[3.79503555,48.50975539],[3.79492478,48.50986364]]},"geometry_name":"geom","properties":{"id_adr":"10220_0232_00019","id_bat":"BATIMENT0000002006956387","idu":"102200000D2269","type_lien":"GEO","nb_adr":1,"nb_bat":1}},{"type":"Feature","id":"lien_adresse_bati.2907658","geometry":{"type":"LineString","coordinates":[[3.79498336,48.5096172],[3.79518313,48.50953085]]},"geometry_name":"geom","properties":{"id_adr":"10220_0232_00020","id_bat":"BATIMENT0000002006956380","idu":"102200000D2272","type_lien":"GEO","nb_adr":1,"nb_bat":1}},{"type":"Feature","id":"lien_adresse_bati.2873103","geometry":{"type":"LineString","coordinates":[[3.79533929,48.50978575],[3.79549149,48.50966324]]},"geometry_name":"geom","properties":{"id_adr":"10220_0232_00022","id_bat":"BATIMENT0000000292129109","idu":"102200000D2271","type_lien":"GEO","nb_adr":2,"nb_bat":1}},{"type":"Feature","id":"lien_adresse_bati.2687285","geometry":{"type":"LineString","coordinates":[[3.7954812,48.50985857],[3.79549149,48.50966324]]},"geometry_name":"geom","properties":{"id_adr":"10220_0232_00024","id_bat":"BATIMENT0000000292129109","idu":"102200000D2271","type_lien":"GEO","nb_adr":2,"nb_bat":1}},{"type":"Feature","id":"lien_adresse_bati.2764101","geometry":{"type":"LineString","coordinates":[[3.78970219,48.50722521],[3.78975791,48.50737597]]},"geometry_name":"geom","properties":{"id_adr":"10220_0235_00001","id_bat":"BATIMENT0000000301149694","idu":"102200000D1923","type_lien":"GEO","nb_adr":1,"nb_bat":1}},{"type":"Feature","id":"lien_adresse_bati.2767766","geometry":{"type":"LineString","coordinates":[[3.78867765,48.50742813],[3.78935618,48.50748885]]},"geometry_name":"geom","properties":{"id_adr":"10220_0235_00002","id_bat":"BATIMENT0000002204516372","idu":"102200000D1924","type_lien":"GEO","nb_adr":2,"nb_bat":3}},{"type":"Feature","id":"lien_adresse_bati.2792719","geometry":{"type":"LineString","coordinates":[[3.78867765,48.50742813],[3.78911598,48.50754127]]},"geometry_name":"geom","properties":{"id_adr":"10220_0235_00002","id_bat":"BATIMENT0000000301149696","idu":"102200000D1924","type_lien":"GEO","nb_adr":2,"nb_bat":3}},{"type":"Feature","id":"lien_adresse_bati.2848803","geometry":{"type":"LineString","coordinates":[[3.78867765,48.50742813],[3.78916468,48.50749373]]},"geometry_name":"geom","properties":{"id_adr":"10220_0235_00002","id_bat":"BATIMENT0000000301149695","idu":"102200000D1924","type_lien":"GEO","nb_adr":2,"nb_bat":3}},{"type":"Feature","id":"lien_adresse_bati.2769352","geometry":{"type":"LineString","coordinates":[[3.79016362,48.50720865],[3.79010947,48.50734395]]},"geometry_name":"geom","properties":{"id_adr":"10220_0235_00003","id_bat":"BATIMENT0000000301149692","idu":"102200000D1922","type_lien":"GEO","nb_adr":1,"nb_bat":1}},{"type":"Feature","id":"lien_adresse_bati.2671993","geometry":{"type":"LineString","coordinates":[[3.78925535,48.50722098],[3.78911612,48.50707706]]},"geometry_name":"geom","properties":{"id_adr":"10220_0235_00004","id_bat":"BATIMENT0000000301149638","idu":"102200000D1898","type_lien":"GEO","nb_adr":1,"nb_bat":2}},{"type":"Feature","id":"lien_adresse_bati.2883304","geometry":{"type":"LineString","coordinates":[[3.78925535,48.50722098],[3.78927412,48.50682986]]},"geometry_name":"geom","properties":{"id_adr":"10220_0235_00004","id_bat":"BATIMENT0000000301149640","idu":"102200000D1898","type_lien":"GEO","nb_adr":2,"nb_bat":2}},{"type":"Feature","id":"lien_adresse_bati.2747883","geometry":{"type":"LineString","coordinates":[[3.79046187,48.50732541],[3.79033419,48.50750304]]},"geometry_name":"geom","properties":{"id_adr":"10220_0235_00005","id_bat":"BATIMENT0000000301149690","idu":"102200000D1921","type_lien":"GEO","nb_adr":1,"nb_bat":1}},{"type":"Feature","id":"lien_adresse_bati.2705035","geometry":{"type":"LineString","coordinates":[[3.78954164,48.5071723],[3.78942866,48.50701741]]},"geometry_name":"geom","properties":{"id_adr":"10220_0235_00006","id_bat":"BATIMENT0000000301149641","idu":"102200000D1899","type_lien":"GEO","nb_adr":1,"nb_bat":3}},{"type":"Feature","id":"lien_adresse_bati.2666546","geometry":{"type":"LineString","coordinates":[[3.78954164,48.5071723],[3.78934489,48.50682814]]},"geometry_name":"geom","properties":{"id_adr":"10220_0235_00006","id_bat":"BATIMENT0000000301149639","idu":"102200000D1899","type_lien":"GEO","nb_adr":1,"nb_bat":3}},{"type":"Feature","id":"lien_adresse_bati.2718529","geometry":{"type":"LineString","coordinates":[[3.78954164,48.5071723],[3.78931316,48.5068287]]},"geometry_name":"geom","properties":{"id_adr":"10220_0235_00006","id_bat":"BATIMENT0000000301149640","idu":"102200000D1899","type_lien":"GEO","nb_adr":2,"nb_bat":3}},{"type":"Feature","id":"lien_adresse_bati.2727878","geometry":{"type":"LineString","coordinates":[[3.79071871,48.50747844],[3.79054807,48.50761767]]},"geometry_name":"geom","properties":{"id_adr":"10220_0235_00007","id_bat":"BATIMENT0000000301149691","idu":"102200000D1920","type_lien":"GEO","nb_adr":1,"nb_bat":1}},{"type":"Feature","id":"lien_adresse_bati.2672200","geometry":{"type":"LineString","coordinates":[[3.78981301,48.50712191],[3.78971724,48.5070101]]},"geometry_name":"geom","properties":{"id_adr":"10220_0235_00008","id_bat":"BATIMENT0000000301149642","idu":"102200000D1900","type_lien":"GEO","nb_adr":1,"nb_bat":1}},{"type":"Feature","id":"lien_adresse_bati.2841954","geometry":{"type":"LineString","coordinates":[[3.79096362,48.50764864],[3.79076128,48.50777234]]},"geometry_name":"geom","properties":{"id_adr":"10220_0235_00009","id_bat":"BATIMENT0000000301149347","idu":"102200000D1919","type_lien":"GEO","nb_adr":1,"nb_bat":1}},{"type":"Feature","id":"lien_adresse_bati.2875566","geometry":{"type":"LineString","coordinates":[[3.79003088,48.50711507],[3.79000428,48.50689123]]},"geometry_name":"geom","properties":{"id_adr":"10220_0235_00010","id_bat":"BATIMENT0000000301149709","idu":"102200000D1901","type_lien":"GEO","nb_adr":2,"nb_bat":1}},{"type":"Feature","id":"lien_adresse_bati.2806596","geometry":{"type":"LineString","coordinates":[[3.79114889,48.50781384],[3.7909685,48.50793739]]},"geometry_name":"geom","properties":{"id_adr":"10220_0235_00011","id_bat":"BATIMENT0000000301149328","idu":"102200000D1918","type_lien":"GEO","nb_adr":1,"nb_bat":1}},{"type":"Feature","id":"lien_adresse_bati.2891759","geometry":{"type":"LineString","coordinates":[[3.79014862,48.50711158],[3.79000428,48.50689123]]},"geometry_name":"geom","properties":{"id_adr":"10220_0235_00012","id_bat":"BATIMENT0000000301149709","idu":"102200000D1901","type_lien":"GEO","nb_adr":2,"nb_bat":1}},{"type":"Feature","id":"lien_adresse_bati.2712437","geometry":{"type":"LineString","coordinates":[[3.79127637,48.50809727],[3.79114147,48.50817487]]},"geometry_name":"geom","properties":{"id_adr":"10220_0235_00013","id_bat":"BATIMENT0000000301149551","idu":"102200000D1917","type_lien":"GEO","nb_adr":1,"nb_bat":2}},{"type":"Feature","id":"lien_adresse_bati.2759572","geometry":{"type":"LineString","coordinates":[[3.79127637,48.50809727],[3.79105368,48.50814395]]},"geometry_name":"geom","properties":{"id_adr":"10220_0235_00013","id_bat":"BATIMENT0000000301149552","idu":"102200000D1917","type_lien":"GEO","nb_adr":1,"nb_bat":2}},{"type":"Feature","id":"lien_adresse_bati.2681284","geometry":{"type":"LineString","coordinates":[[3.79038815,48.50719456],[3.79091765,48.50680644]]},"geometry_name":"geom","properties":{"id_adr":"10220_0235_00014","id_bat":"BATIMENT0000000301149804","idu":"102200000D1903","type_lien":"GEO","nb_adr":1,"nb_bat":2}},{"type":"Feature","id":"lien_adresse_bati.2874327","geometry":{"type":"LineString","coordinates":[[3.79038815,48.50719456],[3.79058489,48.50701152]]},"geometry_name":"geom","properties":{"id_adr":"10220_0235_00014","id_bat":"BATIMENT0000000301149683","idu":"102200000D1903","type_lien":"GEO","nb_adr":1,"nb_bat":2}},{"type":"Feature","id":"lien_adresse_bati.2669478","geometry":{"type":"LineString","coordinates":[[3.79128929,48.50832569],[3.79106036,48.50836275]]},"geometry_name":"geom","properties":{"id_adr":"10220_0235_00015","id_bat":"BATIMENT0000000301149314","idu":"102200000D1916","type_lien":"GEO","nb_adr":1,"nb_bat":1}},{"type":"Feature","id":"lien_adresse_bati.2880397","geometry":{"type":"LineString","coordinates":[[3.79061173,48.50729743],[3.79074007,48.50718886]]},"geometry_name":"geom","properties":{"id_adr":"10220_0235_00016","id_bat":"BATIMENT0000000301149701","idu":"102200000D1904","type_lien":"GEO","nb_adr":1,"nb_bat":1}},{"type":"Feature","id":"lien_adresse_bati.2669468","geometry":{"type":"LineString","coordinates":[[3.79078125,48.50740605],[3.7909173,48.50731608]]},"geometry_name":"geom","properties":{"id_adr":"10220_0235_00018","id_bat":"BATIMENT0000000301149699","idu":"102200000D1905","type_lien":"GEO","nb_adr":1,"nb_bat":1}},{"type":"Feature","id":"lien_adresse_bati.2831064","geometry":{"type":"LineString","coordinates":[[3.79133648,48.50786387],[3.79157725,48.5077597]]},"geometry_name":"geom","properties":{"id_adr":"10220_0235_00020","id_bat":"BATIMENT0000000301149396","idu":"102200000D1912","type_lien":"GEO","nb_adr":1,"nb_bat":1}},{"type":"Feature","id":"lien_adresse_bati.2833867","geometry":{"type":"LineString","coordinates":[[3.79139141,48.50800474],[3.79164394,48.50796173]]},"geometry_name":"geom","properties":{"id_adr":"10220_0235_00022","id_bat":"BATIMENT0000000301149394","idu":"102200000D1913","type_lien":"GEO","nb_adr":1,"nb_bat":1}},{"type":"Feature","id":"lien_adresse_bati.2704835","geometry":{"type":"LineString","coordinates":[[3.79140227,48.5081864],[3.79162004,48.50819529]]},"geometry_name":"geom","properties":{"id_adr":"10220_0235_00024","id_bat":"BATIMENT0000000301149403","idu":"102200000D1914","type_lien":"GEO","nb_adr":1,"nb_bat":1}},{"type":"Feature","id":"lien_adresse_bati.2776499","geometry":{"type":"LineString","coordinates":[[3.79141619,48.50839142],[3.79163346,48.50838917]]},"geometry_name":"geom","properties":{"id_adr":"10220_0235_00026","id_bat":"BATIMENT0000000301149780","idu":"102200000D1915","type_lien":"GEO","nb_adr":1,"nb_bat":1}},{"type":"Feature","id":"lien_adresse_bati.2687258","geometry":{"type":"LineString","coordinates":[[3.79464751,48.51363539],[3.7946052,48.51371263]]},"geometry_name":"geom","properties":{"id_adr":"10220_0240_00003","id_bat":"BATIMENT0000000301149887","idu":"102200000B0024","type_lien":"GEO","nb_adr":4,"nb_bat":6}},{"type":"Feature","id":"lien_adresse_bati.2765882","geometry":{"type":"LineString","coordinates":[[3.79464751,48.51363539],[3.79494391,48.51402614]]},"geometry_name":"geom","properties":{"id_adr":"10220_0240_00003","id_bat":"BATIMENT0000000301149900","idu":"102200000B0024","type_lien":"GEO","nb_adr":4,"nb_bat":6}},{"type":"Feature","id":"lien_adresse_bati.2820607","geometry":{"type":"LineString","coordinates":[[3.79464751,48.51363539],[3.7946596,48.51380768]]},"geometry_name":"geom","properties":{"id_adr":"10220_0240_00003","id_bat":"BATIMENT0000000301149888","idu":"102200000B0024","type_lien":"GEO","nb_adr":4,"nb_bat":6}},{"type":"Feature","id":"lien_adresse_bati.2672777","geometry":{"type":"LineString","coordinates":[[3.79464751,48.51363539],[3.79487582,48.51369029]]},"geometry_name":"geom","properties":{"id_adr":"10220_0240_00003","id_bat":"BATIMENT0000000301149898","idu":"102200000B0024","type_lien":"GEO","nb_adr":4,"nb_bat":6}},{"type":"Feature","id":"lien_adresse_bati.2672093","geometry":{"type":"LineString","coordinates":[[3.79464751,48.51363539],[3.79479223,48.51405625]]},"geometry_name":"geom","properties":{"id_adr":"10220_0240_00003","id_bat":"BATIMENT0000000301149897","idu":"102200000B0024","type_lien":"GEO","nb_adr":4,"nb_bat":6}},{"type":"Feature","id":"lien_adresse_bati.2910822","geometry":{"type":"LineString","coordinates":[[3.79464751,48.51363539],[3.79472646,48.5140696]]},"geometry_name":"geom","properties":{"id_adr":"10220_0240_00003","id_bat":"BATIMENT0000000301149899","idu":"102200000B0024","type_lien":"GEO","nb_adr":4,"nb_bat":6}},{"type":"Feature","id":"lien_adresse_bati.2705143","geometry":{"type":"LineString","coordinates":[[3.79463814,48.51355268],[3.79347257,48.51352527]]},"geometry_name":"geom","properties":{"id_adr":"10220_0240_00004","id_bat":"BATIMENT0000000301149789","idu":"102200000B0183","type_lien":"GEO","nb_adr":3,"nb_bat":6}},{"type":"Feature","id":"lien_adresse_bati.2789394","geometry":{"type":"LineString","coordinates":[[3.79463814,48.51355268],[3.79367781,48.51366622]]},"geometry_name":"geom","properties":{"id_adr":"10220_0240_00004","id_bat":"BATIMENT0000000301149874","idu":"102200000B0183","type_lien":"GEO","nb_adr":3,"nb_bat":6}},{"type":"Feature","id":"lien_adresse_bati.2678789","geometry":{"type":"LineString","coordinates":[[3.79463814,48.51355268],[3.79427337,48.5135644]]},"geometry_name":"geom","properties":{"id_adr":"10220_0240_00004","id_bat":"BATIMENT0000000301149358","idu":"102200000B0183","type_lien":"GEO","nb_adr":3,"nb_bat":6}},{"type":"Feature","id":"lien_adresse_bati.2846055","geometry":{"type":"LineString","coordinates":[[3.79463814,48.51355268],[3.79367896,48.51349072]]},"geometry_name":"geom","properties":{"id_adr":"10220_0240_00004","id_bat":"BATIMENT0000000301149788","idu":"102200000B0183","type_lien":"GEO","nb_adr":3,"nb_bat":6}},{"type":"Feature","id":"lien_adresse_bati.2894471","geometry":{"type":"LineString","coordinates":[[3.79463814,48.51355268],[3.79382534,48.51338609]]},"geometry_name":"geom","properties":{"id_adr":"10220_0240_00004","id_bat":"BATIMENT0000000301149867","idu":"102200000B0183","type_lien":"GEO","nb_adr":3,"nb_bat":6}},{"type":"Feature","id":"lien_adresse_bati.2724213","geometry":{"type":"LineString","coordinates":[[3.79463814,48.51355268],[3.79395465,48.5136244]]},"geometry_name":"geom","properties":{"id_adr":"10220_0240_00004","id_bat":"BATIMENT0000000301149359","idu":"102200000B0183","type_lien":"GEO","nb_adr":3,"nb_bat":6}},{"type":"Feature","id":"lien_adresse_bati.2817125","geometry":{"type":"LineString","coordinates":[[3.79471228,48.51362056],[3.79487582,48.51369029]]},"geometry_name":"geom","properties":{"id_adr":"10220_0240_00005","id_bat":"BATIMENT0000000301149898","idu":"102200000B0024","type_lien":"GEO","nb_adr":4,"nb_bat":6}},{"type":"Feature","id":"lien_adresse_bati.2832896","geometry":{"type":"LineString","coordinates":[[3.79471228,48.51362056],[3.79472646,48.5140696]]},"geometry_name":"geom","properties":{"id_adr":"10220_0240_00005","id_bat":"BATIMENT0000000301149899","idu":"102200000B0024","type_lien":"GEO","nb_adr":4,"nb_bat":6}},{"type":"Feature","id":"lien_adresse_bati.2760875","geometry":{"type":"LineString","coordinates":[[3.79471228,48.51362056],[3.7946596,48.51380768]]},"geometry_name":"geom","properties":{"id_adr":"10220_0240_00005","id_bat":"BATIMENT0000000301149888","idu":"102200000B0024","type_lien":"GEO","nb_adr":4,"nb_bat":6}},{"type":"Feature","id":"lien_adresse_bati.2805760","geometry":{"type":"LineString","coordinates":[[3.79471228,48.51362056],[3.79494391,48.51402614]]},"geometry_name":"geom","properties":{"id_adr":"10220_0240_00005","id_bat":"BATIMENT0000000301149900","idu":"102200000B0024","type_lien":"GEO","nb_adr":4,"nb_bat":6}},{"type":"Feature","id":"lien_adresse_bati.2729277","geometry":{"type":"LineString","coordinates":[[3.79471228,48.51362056],[3.7946052,48.51371263]]},"geometry_name":"geom","properties":{"id_adr":"10220_0240_00005","id_bat":"BATIMENT0000000301149887","idu":"102200000B0024","type_lien":"GEO","nb_adr":4,"nb_bat":6}},{"type":"Feature","id":"lien_adresse_bati.2851790","geometry":{"type":"LineString","coordinates":[[3.79471228,48.51362056],[3.79479223,48.51405625]]},"geometry_name":"geom","properties":{"id_adr":"10220_0240_00005","id_bat":"BATIMENT0000000301149897","idu":"102200000B0024","type_lien":"GEO","nb_adr":4,"nb_bat":6}},{"type":"Feature","id":"lien_adresse_bati.2891533","geometry":{"type":"LineString","coordinates":[[3.79489073,48.51351231],[3.79487685,48.51346742]]},"geometry_name":"geom","properties":{"id_adr":"10220_0240_00006","id_bat":"BATIMENT0000000301149466","idu":"102200000B1208","type_lien":"GEO","nb_adr":1,"nb_bat":1}},{"type":"Feature","id":"lien_adresse_bati.2844023","geometry":{"type":"LineString","coordinates":[[3.79534493,48.51355155],[3.79538553,48.51358372]]},"geometry_name":"geom","properties":{"id_adr":"10220_0240_00007","id_bat":"BATIMENT0000000301149869","idu":"102200000B0064","type_lien":"GEO","nb_adr":4,"nb_bat":2}},{"type":"Feature","id":"lien_adresse_bati.2682457","geometry":{"type":"LineString","coordinates":[[3.79534493,48.51355155],[3.79507587,48.51365466]]},"geometry_name":"geom","properties":{"id_adr":"10220_0240_00007","id_bat":"BATIMENT0000000301149904","idu":"102200000B0064","type_lien":"GEO","nb_adr":4,"nb_bat":2}},{"type":"Feature","id":"lien_adresse_bati.2688138","geometry":{"type":"LineString","coordinates":[[3.79503267,48.51349697],[3.79505378,48.51337074]]},"geometry_name":"geom","properties":{"id_adr":"10220_0240_00008","id_bat":"BATIMENT0000000301149522","idu":"102200000B1209","type_lien":"GEO","nb_adr":1,"nb_bat":2}},{"type":"Feature","id":"lien_adresse_bati.2791817","geometry":{"type":"LineString","coordinates":[[3.79503267,48.51349697],[3.79496875,48.5134567]]},"geometry_name":"geom","properties":{"id_adr":"10220_0240_00008","id_bat":"BATIMENT0000000301149465","idu":"102200000B1209","type_lien":"GEO","nb_adr":1,"nb_bat":2}},{"type":"Feature","id":"lien_adresse_bati.2729758","geometry":{"type":"LineString","coordinates":[[3.79517868,48.5134816],[3.79520461,48.51343073]]},"geometry_name":"geom","properties":{"id_adr":"10220_0240_00010","id_bat":"BATIMENT0000000301149523","idu":"102200000B0171","type_lien":"GEO","nb_adr":2,"nb_bat":1}},{"type":"Feature","id":"lien_adresse_bati.2763268","geometry":{"type":"LineString","coordinates":[[3.79508528,48.51357308],[3.79538553,48.51358372]]},"geometry_name":"geom","properties":{"id_adr":"10220_0240_00011","id_bat":"BATIMENT0000000301149869","idu":"102200000B0064","type_lien":"GEO","nb_adr":4,"nb_bat":2}},{"type":"Feature","id":"lien_adresse_bati.2860480","geometry":{"type":"LineString","coordinates":[[3.79508528,48.51357308],[3.79507587,48.51365466]]},"geometry_name":"geom","properties":{"id_adr":"10220_0240_00011","id_bat":"BATIMENT0000000301149904","idu":"102200000B0064","type_lien":"GEO","nb_adr":4,"nb_bat":2}},{"type":"Feature","id":"lien_adresse_bati.2714114","geometry":{"type":"LineString","coordinates":[[3.79517584,48.51356258],[3.79538553,48.51358372]]},"geometry_name":"geom","properties":{"id_adr":"10220_0240_00011_a","id_bat":"BATIMENT0000000301149869","idu":"102200000B0064","type_lien":"GEO","nb_adr":4,"nb_bat":2}},{"type":"Feature","id":"lien_adresse_bati.2853292","geometry":{"type":"LineString","coordinates":[[3.79517584,48.51356258],[3.79507587,48.51365466]]},"geometry_name":"geom","properties":{"id_adr":"10220_0240_00011_a","id_bat":"BATIMENT0000000301149904","idu":"102200000B0064","type_lien":"GEO","nb_adr":4,"nb_bat":2}},{"type":"Feature","id":"lien_adresse_bati.2852651","geometry":{"type":"LineString","coordinates":[[3.79541124,48.51354931],[3.79538553,48.51358372]]},"geometry_name":"geom","properties":{"id_adr":"10220_0240_00011_x","id_bat":"BATIMENT0000000301149869","idu":"102200000B0064","type_lien":"GEO","nb_adr":4,"nb_bat":2}},{"type":"Feature","id":"lien_adresse_bati.2847086","geometry":{"type":"LineString","coordinates":[[3.79541124,48.51354931],[3.79507587,48.51365466]]},"geometry_name":"geom","properties":{"id_adr":"10220_0240_00011_x","id_bat":"BATIMENT0000000301149904","idu":"102200000B0064","type_lien":"GEO","nb_adr":4,"nb_bat":2}},{"type":"Feature","id":"lien_adresse_bati.2805476","geometry":{"type":"LineString","coordinates":[[3.79519223,48.51348241],[3.79520461,48.51343073]]},"geometry_name":"geom","properties":{"id_adr":"10220_0240_00012","id_bat":"BATIMENT0000000301149523","idu":"102200000B0171","type_lien":"GEO","nb_adr":2,"nb_bat":1}},{"type":"Feature","id":"lien_adresse_bati.2888940","geometry":{"type":"LineString","coordinates":[[3.79464751,48.51363539],[3.79479223,48.51405625]]},"geometry_name":"geom","properties":{"id_adr":"10220_0240_00013","id_bat":"BATIMENT0000000301149897","idu":"102200000B0024","type_lien":"GEO","nb_adr":4,"nb_bat":6}},{"type":"Feature","id":"lien_adresse_bati.2759712","geometry":{"type":"LineString","coordinates":[[3.79464751,48.51363539],[3.79487582,48.51369029]]},"geometry_name":"geom","properties":{"id_adr":"10220_0240_00013","id_bat":"BATIMENT0000000301149898","idu":"102200000B0024","type_lien":"GEO","nb_adr":4,"nb_bat":6}},{"type":"Feature","id":"lien_adresse_bati.2751110","geometry":{"type":"LineString","coordinates":[[3.79464751,48.51363539],[3.79494391,48.51402614]]},"geometry_name":"geom","properties":{"id_adr":"10220_0240_00013","id_bat":"BATIMENT0000000301149900","idu":"102200000B0024","type_lien":"GEO","nb_adr":4,"nb_bat":6}},{"type":"Feature","id":"lien_adresse_bati.2831248","geometry":{"type":"LineString","coordinates":[[3.79464751,48.51363539],[3.79472646,48.5140696]]},"geometry_name":"geom","properties":{"id_adr":"10220_0240_00013","id_bat":"BATIMENT0000000301149899","idu":"102200000B0024","type_lien":"GEO","nb_adr":4,"nb_bat":6}},{"type":"Feature","id":"lien_adresse_bati.2664412","geometry":{"type":"LineString","coordinates":[[3.79464751,48.51363539],[3.7946052,48.51371263]]},"geometry_name":"geom","properties":{"id_adr":"10220_0240_00013","id_bat":"BATIMENT0000000301149887","idu":"102200000B0024","type_lien":"GEO","nb_adr":4,"nb_bat":6}},{"type":"Feature","id":"lien_adresse_bati.2858139","geometry":{"type":"LineString","coordinates":[[3.79464751,48.51363539],[3.7946596,48.51380768]]},"geometry_name":"geom","properties":{"id_adr":"10220_0240_00013","id_bat":"BATIMENT0000000301149888","idu":"102200000B0024","type_lien":"GEO","nb_adr":4,"nb_bat":6}},{"type":"Feature","id":"lien_adresse_bati.2799412","geometry":{"type":"LineString","coordinates":[[3.79550475,48.51346502],[3.79541698,48.51321303]]},"geometry_name":"geom","properties":{"id_adr":"10220_0240_00014","id_bat":"BATIMENT0000000301149481","idu":"102200000B0167","type_lien":"GEO","nb_adr":1,"nb_bat":3}},{"type":"Feature","id":"lien_adresse_bati.2729947","geometry":{"type":"LineString","coordinates":[[3.79550475,48.51346502],[3.7953815,48.51315049]]},"geometry_name":"geom","properties":{"id_adr":"10220_0240_00014","id_bat":"BATIMENT0000000301149482","idu":"102200000B0167","type_lien":"GEO","nb_adr":2,"nb_bat":3}},{"type":"Feature","id":"lien_adresse_bati.2865274","geometry":{"type":"LineString","coordinates":[[3.79550475,48.51346502],[3.7955227,48.51343737]]},"geometry_name":"geom","properties":{"id_adr":"10220_0240_00014","id_bat":"BATIMENT0000000301149526","idu":"102200000B0167","type_lien":"GEO","nb_adr":1,"nb_bat":3}},{"type":"Feature","id":"lien_adresse_bati.2893328","geometry":{"type":"LineString","coordinates":[[3.79482577,48.51360361],[3.7946052,48.51371263]]},"geometry_name":"geom","properties":{"id_adr":"10220_0240_00015","id_bat":"BATIMENT0000000301149887","idu":"102200000B0024","type_lien":"GEO","nb_adr":4,"nb_bat":6}},{"type":"Feature","id":"lien_adresse_bati.2868146","geometry":{"type":"LineString","coordinates":[[3.79482577,48.51360361],[3.79479223,48.51405625]]},"geometry_name":"geom","properties":{"id_adr":"10220_0240_00015","id_bat":"BATIMENT0000000301149897","idu":"102200000B0024","type_lien":"GEO","nb_adr":4,"nb_bat":6}},{"type":"Feature","id":"lien_adresse_bati.2705220","geometry":{"type":"LineString","coordinates":[[3.79482577,48.51360361],[3.79472646,48.5140696]]},"geometry_name":"geom","properties":{"id_adr":"10220_0240_00015","id_bat":"BATIMENT0000000301149899","idu":"102200000B0024","type_lien":"GEO","nb_adr":4,"nb_bat":6}},{"type":"Feature","id":"lien_adresse_bati.2798229","geometry":{"type":"LineString","coordinates":[[3.79482577,48.51360361],[3.79494391,48.51402614]]},"geometry_name":"geom","properties":{"id_adr":"10220_0240_00015","id_bat":"BATIMENT0000000301149900","idu":"102200000B0024","type_lien":"GEO","nb_adr":4,"nb_bat":6}},{"type":"Feature","id":"lien_adresse_bati.2889057","geometry":{"type":"LineString","coordinates":[[3.79482577,48.51360361],[3.79487582,48.51369029]]},"geometry_name":"geom","properties":{"id_adr":"10220_0240_00015","id_bat":"BATIMENT0000000301149898","idu":"102200000B0024","type_lien":"GEO","nb_adr":4,"nb_bat":6}},{"type":"Feature","id":"lien_adresse_bati.2893201","geometry":{"type":"LineString","coordinates":[[3.79482577,48.51360361],[3.7946596,48.51380768]]},"geometry_name":"geom","properties":{"id_adr":"10220_0240_00015","id_bat":"BATIMENT0000000301149888","idu":"102200000B0024","type_lien":"GEO","nb_adr":4,"nb_bat":6}},{"type":"Feature","id":"lien_adresse_bati.2763007","geometry":{"type":"LineString","coordinates":[[3.79585248,48.5134483],[3.79595097,48.51309768]]},"geometry_name":"geom","properties":{"id_adr":"10220_0240_00016","id_bat":"BATIMENT0000000301149477","idu":"102200000B1492","type_lien":"GEO","nb_adr":1,"nb_bat":2}},{"type":"Feature","id":"lien_adresse_bati.2877135","geometry":{"type":"LineString","coordinates":[[3.79585248,48.5134483],[3.79593195,48.51337568]]},"geometry_name":"geom","properties":{"id_adr":"10220_0240_00016","id_bat":"BATIMENT0000000301149504","idu":"102200000B1492","type_lien":"GEO","nb_adr":1,"nb_bat":2}},{"type":"Feature","id":"lien_adresse_bati.2800032","geometry":{"type":"LineString","coordinates":[[3.79660859,48.51339555],[3.79659539,48.51328451]]},"geometry_name":"geom","properties":{"id_adr":"10220_0240_00016_bis","id_bat":"BATIMENT0000000301149412","idu":"102200000B1494","type_lien":"GEO","nb_adr":2,"nb_bat":1}},{"type":"Feature","id":"lien_adresse_bati.2788686","geometry":{"type":"LineString","coordinates":[[3.79660859,48.51339555],[3.79659539,48.51328451]]},"geometry_name":"geom","properties":{"id_adr":"10220_0240_00016_ter","id_bat":"BATIMENT0000000301149412","idu":"102200000B1494","type_lien":"GEO","nb_adr":2,"nb_bat":1}},{"type":"Feature","id":"lien_adresse_bati.2848273","geometry":{"type":"LineString","coordinates":[[3.79619593,48.51350627],[3.79614824,48.51362016]]},"geometry_name":"geom","properties":{"id_adr":"10220_0240_00021","id_bat":"BATIMENT0000000301149434","idu":"102200000B0066","type_lien":"GEO","nb_adr":1,"nb_bat":2}},{"type":"Feature","id":"lien_adresse_bati.2717013","geometry":{"type":"LineString","coordinates":[[3.79619593,48.51350627],[3.79634776,48.5136963]]},"geometry_name":"geom","properties":{"id_adr":"10220_0240_00021","id_bat":"BATIMENT0000000301149987","idu":"102200000B0066","type_lien":"GEO","nb_adr":1,"nb_bat":2}},{"type":"Feature","id":"lien_adresse_bati.2812062","geometry":{"type":"LineString","coordinates":[[3.7967194,48.51347038],[3.79678919,48.51413859]]},"geometry_name":"geom","properties":{"id_adr":"10220_0240_00021_bis","id_bat":"BATIMENT0000000292129048","idu":"102200000B1609","type_lien":"GEO","nb_adr":2,"nb_bat":4}},{"type":"Feature","id":"lien_adresse_bati.2886267","geometry":{"type":"LineString","coordinates":[[3.7967194,48.51347038],[3.79669601,48.51386052]]},"geometry_name":"geom","properties":{"id_adr":"10220_0240_00021_bis","id_bat":"BATIMENT0000000301149971","idu":"102200000B1609","type_lien":"GEO","nb_adr":2,"nb_bat":4}},{"type":"Feature","id":"lien_adresse_bati.2734672","geometry":{"type":"LineString","coordinates":[[3.7967194,48.51347038],[3.7966128,48.5138961]]},"geometry_name":"geom","properties":{"id_adr":"10220_0240_00021_bis","id_bat":"BATIMENT0000002220709356","idu":"102200000B1609","type_lien":"GEO","nb_adr":2,"nb_bat":4}},{"type":"Feature","id":"lien_adresse_bati.2872065","geometry":{"type":"LineString","coordinates":[[3.7967194,48.51347038],[3.79670991,48.51369249]]},"geometry_name":"geom","properties":{"id_adr":"10220_0240_00021_bis","id_bat":"BATIMENT0000000301149890","idu":"102200000B1609","type_lien":"GEO","nb_adr":2,"nb_bat":4}},{"type":"Feature","id":"lien_adresse_bati.2774064","geometry":{"type":"LineString","coordinates":[[3.79746755,48.51333941],[3.79761821,48.51324374]]},"geometry_name":"geom","properties":{"id_adr":"10220_0240_00022","id_bat":"BATIMENT0000000301149370","idu":"102200000B0163","type_lien":"GEO","nb_adr":1,"nb_bat":6}},{"type":"Feature","id":"lien_adresse_bati.2897207","geometry":{"type":"LineString","coordinates":[[3.79746755,48.51333941],[3.7977724,48.51299591]]},"geometry_name":"geom","properties":{"id_adr":"10220_0240_00022","id_bat":"BATIMENT0000000301149560","idu":"102200000B0163","type_lien":"GEO","nb_adr":1,"nb_bat":6}},{"type":"Feature","id":"lien_adresse_bati.2750199","geometry":{"type":"LineString","coordinates":[[3.79746755,48.51333941],[3.7974174,48.5130244]]},"geometry_name":"geom","properties":{"id_adr":"10220_0240_00022","id_bat":"BATIMENT0000000301149368","idu":"102200000B0163","type_lien":"GEO","nb_adr":1,"nb_bat":6}},{"type":"Feature","id":"lien_adresse_bati.2912239","geometry":{"type":"LineString","coordinates":[[3.79746755,48.51333941],[3.79770036,48.51288511]]},"geometry_name":"geom","properties":{"id_adr":"10220_0240_00022","id_bat":"BATIMENT0000000301149559","idu":"102200000B0163","type_lien":"GEO","nb_adr":1,"nb_bat":6}},{"type":"Feature","id":"lien_adresse_bati.2742057","geometry":{"type":"LineString","coordinates":[[3.79746755,48.51333941],[3.79747523,48.51313233]]},"geometry_name":"geom","properties":{"id_adr":"10220_0240_00022","id_bat":"BATIMENT0000000301149369","idu":"102200000B0163","type_lien":"GEO","nb_adr":1,"nb_bat":6}},{"type":"Feature","id":"lien_adresse_bati.2750199","geometry":{"type":"LineString","coordinates":[[3.79746755,48.51333941],[3.7974174,48.5130244]]},"geometry_name":"geom","properties":{"id_adr":"10220_0240_00022","id_bat":"BATIMENT0000000301149368","idu":"102200000B0163","type_lien":"GEO","nb_adr":1,"nb_bat":6}},{"type":"Feature","id":"lien_adresse_bati.2844712","geometry":{"type":"LineString","coordinates":[[3.79665718,48.51347439],[3.79678919,48.51413859]]},"geometry_name":"geom","properties":{"id_adr":"10220_0240_00023","id_bat":"BATIMENT0000000292129048","idu":"102200000B1609","type_lien":"GEO","nb_adr":2,"nb_bat":4}},{"type":"Feature","id":"lien_adresse_bati.2761087","geometry":{"type":"LineString","coordinates":[[3.79665718,48.51347439],[3.7966128,48.5138961]]},"geometry_name":"geom","properties":{"id_adr":"10220_0240_00023","id_bat":"BATIMENT0000002220709356","idu":"102200000B1609","type_lien":"GEO","nb_adr":2,"nb_bat":4}},{"type":"Feature","id":"lien_adresse_bati.2721375","geometry":{"type":"LineString","coordinates":[[3.79665718,48.51347439],[3.79669601,48.51386052]]},"geometry_name":"geom","properties":{"id_adr":"10220_0240_00023","id_bat":"BATIMENT0000000301149971","idu":"102200000B1609","type_lien":"GEO","nb_adr":2,"nb_bat":4}},{"type":"Feature","id":"lien_adresse_bati.2816271","geometry":{"type":"LineString","coordinates":[[3.79665718,48.51347439],[3.79670991,48.51369249]]},"geometry_name":"geom","properties":{"id_adr":"10220_0240_00023","id_bat":"BATIMENT0000000301149890","idu":"102200000B1609","type_lien":"GEO","nb_adr":2,"nb_bat":4}},{"type":"Feature","id":"lien_adresse_bati.2769180","geometry":{"type":"LineString","coordinates":[[3.79816236,48.51326278],[3.79791774,48.51302594]]},"geometry_name":"geom","properties":{"id_adr":"10220_0240_00024","id_bat":"BATIMENT0000000301149558","idu":"102200000B0162","type_lien":"GEO","nb_adr":1,"nb_bat":4}},{"type":"Feature","id":"lien_adresse_bati.2742086","geometry":{"type":"LineString","coordinates":[[3.79816236,48.51326278],[3.79810624,48.51308938]]},"geometry_name":"geom","properties":{"id_adr":"10220_0240_00024","id_bat":"BATIMENT0000000301149561","idu":"102200000B0162","type_lien":"GEO","nb_adr":1,"nb_bat":4}},{"type":"Feature","id":"lien_adresse_bati.2792052","geometry":{"type":"LineString","coordinates":[[3.79816236,48.51326278],[3.79814818,48.51320685]]},"geometry_name":"geom","properties":{"id_adr":"10220_0240_00024","id_bat":"BATIMENT0000000301149562","idu":"102200000B0162","type_lien":"GEO","nb_adr":1,"nb_bat":4}},{"type":"Feature","id":"lien_adresse_bati.2883166","geometry":{"type":"LineString","coordinates":[[3.79816236,48.51326278],[3.79799198,48.51276598]]},"geometry_name":"geom","properties":{"id_adr":"10220_0240_00024","id_bat":"BATIMENT0000000301149432","idu":"102200000B0162","type_lien":"GEO","nb_adr":1,"nb_bat":4}},{"type":"Feature","id":"lien_adresse_bati.2876388","geometry":{"type":"LineString","coordinates":[[3.79697101,48.5134543],[3.79720233,48.51397447]]},"geometry_name":"geom","properties":{"id_adr":"10220_0240_00025","id_bat":"BATIMENT0000002220709379","idu":"102200000B1445","type_lien":"GEO","nb_adr":1,"nb_bat":2}},{"type":"Feature","id":"lien_adresse_bati.2878050","geometry":{"type":"LineString","coordinates":[[3.79697101,48.5134543],[3.7970031,48.51378442]]},"geometry_name":"geom","properties":{"id_adr":"10220_0240_00025","id_bat":"BATIMENT0000000301150005","idu":"102200000B1445","type_lien":"GEO","nb_adr":1,"nb_bat":2}},{"type":"Feature","id":"lien_adresse_bati.2804344","geometry":{"type":"LineString","coordinates":[[3.79855719,48.51322684],[3.79849176,48.51302067]]},"geometry_name":"geom","properties":{"id_adr":"10220_0240_00026","id_bat":"BATIMENT0000000301149427","idu":"102200000B1274","type_lien":"GEO","nb_adr":1,"nb_bat":1}},{"type":"Feature","id":"lien_adresse_bati.2901609","geometry":{"type":"LineString","coordinates":[[3.79886281,48.51320139],[3.79875749,48.51299838]]},"geometry_name":"geom","properties":{"id_adr":"10220_0240_00026_bis","id_bat":"BATIMENT0000000301149316","idu":"102200000B1387","type_lien":"GEO","nb_adr":2,"nb_bat":2}},{"type":"Feature","id":"lien_adresse_bati.2785862","geometry":{"type":"LineString","coordinates":[[3.79886281,48.51320139],[3.79879173,48.51311294]]},"geometry_name":"geom","properties":{"id_adr":"10220_0240_00026_bis","id_bat":"BATIMENT0000000301149317","idu":"102200000B1387","type_lien":"GEO","nb_adr":2,"nb_bat":2}},{"type":"Feature","id":"lien_adresse_bati.2667653","geometry":{"type":"LineString","coordinates":[[3.79719016,48.51344113],[3.79722664,48.5135241]]},"geometry_name":"geom","properties":{"id_adr":"10220_0240_00027","id_bat":"BATIMENT0000000301149322","idu":"102200000B0069","type_lien":"GEO","nb_adr":2,"nb_bat":2}},{"type":"Feature","id":"lien_adresse_bati.2899925","geometry":{"type":"LineString","coordinates":[[3.79719016,48.51344113],[3.797183,48.51368421]]},"geometry_name":"geom","properties":{"id_adr":"10220_0240_00027","id_bat":"BATIMENT0000000301149985","idu":"102200000B0069","type_lien":"GEO","nb_adr":3,"nb_bat":2}},{"type":"Feature","id":"lien_adresse_bati.2671606","geometry":{"type":"LineString","coordinates":[[3.798806,48.51320538],[3.79879173,48.51311294]]},"geometry_name":"geom","properties":{"id_adr":"10220_0240_00028","id_bat":"BATIMENT0000000301149317","idu":"102200000B1387","type_lien":"GEO","nb_adr":2,"nb_bat":2}},{"type":"Feature","id":"lien_adresse_bati.2794387","geometry":{"type":"LineString","coordinates":[[3.798806,48.51320538],[3.79875749,48.51299838]]},"geometry_name":"geom","properties":{"id_adr":"10220_0240_00028","id_bat":"BATIMENT0000000301149316","idu":"102200000B1387","type_lien":"GEO","nb_adr":2,"nb_bat":2}},{"type":"Feature","id":"lien_adresse_bati.2845177","geometry":{"type":"LineString","coordinates":[[3.79745387,48.51341957],[3.79745857,48.51350169]]},"geometry_name":"geom","properties":{"id_adr":"10220_0240_00029","id_bat":"BATIMENT0000000301149420","idu":"102200000B1243","type_lien":"GEO","nb_adr":1,"nb_bat":1}},{"type":"Feature","id":"lien_adresse_bati.2733764","geometry":{"type":"LineString","coordinates":[[3.79903734,48.51319212],[3.79915765,48.51302136]]},"geometry_name":"geom","properties":{"id_adr":"10220_0240_00030","id_bat":"BATIMENT0000000301151759","idu":"102200000B1388","type_lien":"GEO","nb_adr":2,"nb_bat":2}},{"type":"Feature","id":"lien_adresse_bati.2783474","geometry":{"type":"LineString","coordinates":[[3.79903734,48.51319212],[3.79903758,48.51298576]]},"geometry_name":"geom","properties":{"id_adr":"10220_0240_00030","id_bat":"BATIMENT0000000301151762","idu":"102200000B1388","type_lien":"GEO","nb_adr":1,"nb_bat":2}},{"type":"Feature","id":"lien_adresse_bati.2677075","geometry":{"type":"LineString","coordinates":[[3.79764855,48.51339937],[3.79766341,48.51350273]]},"geometry_name":"geom","properties":{"id_adr":"10220_0240_00031","id_bat":"BATIMENT0000000301149425","idu":"102200000B1603","type_lien":"GEO","nb_adr":1,"nb_bat":1}},{"type":"Feature","id":"lien_adresse_bati.2712409","geometry":{"type":"LineString","coordinates":[[3.79814195,48.51334568],[3.79828081,48.51343931]]},"geometry_name":"geom","properties":{"id_adr":"10220_0240_00031_bis","id_bat":"BATIMENT0000000301149515","idu":"102200000B1672","type_lien":"GEO","nb_adr":2,"nb_bat":2}},{"type":"Feature","id":"lien_adresse_bati.2747039","geometry":{"type":"LineString","coordinates":[[3.79814195,48.51334568],[3.79833484,48.51343374]]},"geometry_name":"geom","properties":{"id_adr":"10220_0240_00031_bis","id_bat":"BATIMENT0000000301149516","idu":"102200000B1672","type_lien":"GEO","nb_adr":2,"nb_bat":2}},{"type":"Feature","id":"lien_adresse_bati.2890463","geometry":{"type":"LineString","coordinates":[[3.7993147,48.51317766],[3.79923799,48.51301844]]},"geometry_name":"geom","properties":{"id_adr":"10220_0240_00032","id_bat":"BATIMENT0000000301151759","idu":"102200000B1498","type_lien":"GEO","nb_adr":2,"nb_bat":2}},{"type":"Feature","id":"lien_adresse_bati.2666770","geometry":{"type":"LineString","coordinates":[[3.7993147,48.51317766],[3.79928046,48.51310809]]},"geometry_name":"geom","properties":{"id_adr":"10220_0240_00032","id_bat":"BATIMENT0000000301151760","idu":"102200000B1498","type_lien":"GEO","nb_adr":1,"nb_bat":2}},{"type":"Feature","id":"lien_adresse_bati.2892198","geometry":{"type":"LineString","coordinates":[[3.79791217,48.51337241],[3.79790347,48.51345888]]},"geometry_name":"geom","properties":{"id_adr":"10220_0240_00033","id_bat":"BATIMENT0000000301149430","idu":"102200000B1597","type_lien":"GEO","nb_adr":1,"nb_bat":1}},{"type":"Feature","id":"lien_adresse_bati.2894423","geometry":{"type":"LineString","coordinates":[[3.79806356,48.5133552],[3.79812914,48.51358928]]},"geometry_name":"geom","properties":{"id_adr":"10220_0240_00033_bis","id_bat":"BATIMENT0000000301149301","idu":"102200000B1598","type_lien":"GEO","nb_adr":1,"nb_bat":1}},{"type":"Feature","id":"lien_adresse_bati.2708651","geometry":{"type":"LineString","coordinates":[[3.79973272,48.51315326],[3.79977577,48.51295705]]},"geometry_name":"geom","properties":{"id_adr":"10220_0240_00034","id_bat":"BATIMENT0000000301151750","idu":"102200000B1495","type_lien":"GEO","nb_adr":3,"nb_bat":2}},{"type":"Feature","id":"lien_adresse_bati.2871981","geometry":{"type":"LineString","coordinates":[[3.79973272,48.51315326],[3.79951744,48.5127938]]},"geometry_name":"geom","properties":{"id_adr":"10220_0240_00034","id_bat":"BATIMENT0000000301151813","idu":"102200000B1495","type_lien":"GEO","nb_adr":3,"nb_bat":2}},{"type":"Feature","id":"lien_adresse_bati.2866648","geometry":{"type":"LineString","coordinates":[[3.79965292,48.5131592],[3.79951744,48.5127938]]},"geometry_name":"geom","properties":{"id_adr":"10220_0240_00034_bis","id_bat":"BATIMENT0000000301151813","idu":"102200000B1495","type_lien":"GEO","nb_adr":3,"nb_bat":2}},{"type":"Feature","id":"lien_adresse_bati.2846942","geometry":{"type":"LineString","coordinates":[[3.79965292,48.5131592],[3.79977577,48.51295705]]},"geometry_name":"geom","properties":{"id_adr":"10220_0240_00034_bis","id_bat":"BATIMENT0000000301151750","idu":"102200000B1495","type_lien":"GEO","nb_adr":3,"nb_bat":2}},{"type":"Feature","id":"lien_adresse_bati.2700727","geometry":{"type":"LineString","coordinates":[[3.79971244,48.5131552],[3.79977577,48.51295705]]},"geometry_name":"geom","properties":{"id_adr":"10220_0240_00034_ter","id_bat":"BATIMENT0000000301151750","idu":"102200000B1495","type_lien":"GEO","nb_adr":3,"nb_bat":2}},{"type":"Feature","id":"lien_adresse_bati.2890414","geometry":{"type":"LineString","coordinates":[[3.79971244,48.5131552],[3.79951744,48.5127938]]},"geometry_name":"geom","properties":{"id_adr":"10220_0240_00034_ter","id_bat":"BATIMENT0000000301151813","idu":"102200000B1495","type_lien":"GEO","nb_adr":3,"nb_bat":2}},{"type":"Feature","id":"lien_adresse_bati.2723179","geometry":{"type":"LineString","coordinates":[[3.79823117,48.51333609],[3.79828081,48.51343931]]},"geometry_name":"geom","properties":{"id_adr":"10220_0240_00035","id_bat":"BATIMENT0000000301149515","idu":"102200000B1672","type_lien":"GEO","nb_adr":2,"nb_bat":2}},{"type":"Feature","id":"lien_adresse_bati.2684211","geometry":{"type":"LineString","coordinates":[[3.79823117,48.51333609],[3.79833484,48.51343374]]},"geometry_name":"geom","properties":{"id_adr":"10220_0240_00035","id_bat":"BATIMENT0000000301149516","idu":"102200000B1672","type_lien":"GEO","nb_adr":2,"nb_bat":2}},{"type":"Feature","id":"lien_adresse_bati.2706282","geometry":{"type":"LineString","coordinates":[[3.80006802,48.51312042],[3.80005034,48.5129821]]},"geometry_name":"geom","properties":{"id_adr":"10220_0240_00036","id_bat":"BATIMENT0000000301151767","idu":"102200000B0148","type_lien":"GEO","nb_adr":1,"nb_bat":2}},{"type":"Feature","id":"lien_adresse_bati.2848340","geometry":{"type":"LineString","coordinates":[[3.80006802,48.51312042],[3.79995291,48.51264492]]},"geometry_name":"geom","properties":{"id_adr":"10220_0240_00036","id_bat":"BATIMENT0000000301151790","idu":"102200000B0148","type_lien":"GEO","nb_adr":1,"nb_bat":2}},{"type":"Feature","id":"lien_adresse_bati.2853158","geometry":{"type":"LineString","coordinates":[[3.80045835,48.51305571],[3.80045488,48.51300538]]},"geometry_name":"geom","properties":{"id_adr":"10220_0240_00038","id_bat":"BATIMENT0000000301151765","idu":"102200000F0366","type_lien":"GEO","nb_adr":1,"nb_bat":3}},{"type":"Feature","id":"lien_adresse_bati.2710332","geometry":{"type":"LineString","coordinates":[[3.80045835,48.51305571],[3.80048839,48.51289467]]},"geometry_name":"geom","properties":{"id_adr":"10220_0240_00038","id_bat":"BATIMENT0000000301151766","idu":"102200000F0366","type_lien":"GEO","nb_adr":1,"nb_bat":3}},{"type":"Feature","id":"lien_adresse_bati.2731811","geometry":{"type":"LineString","coordinates":[[3.80045835,48.51305571],[3.80027306,48.51298117]]},"geometry_name":"geom","properties":{"id_adr":"10220_0240_00038","id_bat":"BATIMENT0000000301151764","idu":"102200000F0366","type_lien":"GEO","nb_adr":1,"nb_bat":3}},{"type":"Feature","id":"lien_adresse_bati.2837703","geometry":{"type":"LineString","coordinates":[[3.79866524,48.51329808],[3.79869524,48.51344497]]},"geometry_name":"geom","properties":{"id_adr":"10220_0240_00039","id_bat":"BATIMENT0000000301149422","idu":"102200000B0109","type_lien":"GEO","nb_adr":1,"nb_bat":1}},{"type":"Feature","id":"lien_adresse_bati.2663038","geometry":{"type":"LineString","coordinates":[[3.80096486,48.51297403],[3.80086178,48.51274128]]},"geometry_name":"geom","properties":{"id_adr":"10220_0240_00040","id_bat":"BATIMENT0000000301151780","idu":"102200000F0003","type_lien":"GEO","nb_adr":1,"nb_bat":1}},{"type":"Feature","id":"lien_adresse_bati.2890408","geometry":{"type":"LineString","coordinates":[[3.79895872,48.51327542],[3.7989602,48.51346118]]},"geometry_name":"geom","properties":{"id_adr":"10220_0240_00041","id_bat":"BATIMENT0000000301151769","idu":"102200000B1302","type_lien":"GEO","nb_adr":1,"nb_bat":2}},{"type":"Feature","id":"lien_adresse_bati.2727771","geometry":{"type":"LineString","coordinates":[[3.79895872,48.51327542],[3.79894555,48.51369957]]},"geometry_name":"geom","properties":{"id_adr":"10220_0240_00041","id_bat":"BATIMENT0000000301152001","idu":"102200000B1302","type_lien":"GEO","nb_adr":1,"nb_bat":2}},{"type":"Feature","id":"lien_adresse_bati.2891993","geometry":{"type":"LineString","coordinates":[[3.80139018,48.5128956],[3.80129664,48.51258046]]},"geometry_name":"geom","properties":{"id_adr":"10220_0240_00042","id_bat":"BATIMENT0000000325110390","idu":"102200000F0004","type_lien":"GEO","nb_adr":1,"nb_bat":1}},{"type":"Feature","id":"lien_adresse_bati.2734133","geometry":{"type":"LineString","coordinates":[[3.79925908,48.51325991],[3.79930646,48.51357041]]},"geometry_name":"geom","properties":{"id_adr":"10220_0240_00043","id_bat":"BATIMENT0000000301151781","idu":"102200000B1436","type_lien":"GEO","nb_adr":1,"nb_bat":1}},{"type":"Feature","id":"lien_adresse_bati.2813865","geometry":{"type":"LineString","coordinates":[[3.79952697,48.51324641],[3.79949521,48.51333905]]},"geometry_name":"geom","properties":{"id_adr":"10220_0240_00045","id_bat":"BATIMENT0000000301151751","idu":"102200000B0121","type_lien":"GEO","nb_adr":1,"nb_bat":1}},{"type":"Feature","id":"lien_adresse_bati.2795605","geometry":{"type":"LineString","coordinates":[[3.79976642,48.5132322],[3.79986349,48.51326384]]},"geometry_name":"geom","properties":{"id_adr":"10220_0240_00047","id_bat":"BATIMENT0000000301151811","idu":"102200000B0122","type_lien":"GEO","nb_adr":1,"nb_bat":2}},{"type":"Feature","id":"lien_adresse_bati.2713147","geometry":{"type":"LineString","coordinates":[[3.79976642,48.5132322],[3.79970844,48.51329863]]},"geometry_name":"geom","properties":{"id_adr":"10220_0240_00047","id_bat":"BATIMENT0000000301151773","idu":"102200000B0122","type_lien":"GEO","nb_adr":1,"nb_bat":2}},{"type":"Feature","id":"lien_adresse_bati.2719787","geometry":{"type":"LineString","coordinates":[[3.80026107,48.5131713],[3.80012934,48.51334716]]},"geometry_name":"geom","properties":{"id_adr":"10220_0240_00049","id_bat":"BATIMENT0000000301151776","idu":"102200000B1662","type_lien":"GEO","nb_adr":1,"nb_bat":1}},{"type":"Feature","id":"lien_adresse_bati.2777424","geometry":{"type":"LineString","coordinates":[[3.80364371,48.51248184],[3.8034419,48.51244408]]},"geometry_name":"geom","properties":{"id_adr":"10220_0240_00050","id_bat":"BATIMENT0000002341955039","idu":"102200000F0389","type_lien":"GEO","nb_adr":1,"nb_bat":1}},{"type":"Feature","id":"lien_adresse_bati.2817253","geometry":{"type":"LineString","coordinates":[[3.80378258,48.51244312],[3.80352083,48.51205715]]},"geometry_name":"geom","properties":{"id_adr":"10220_0240_00050_bis","id_bat":"BATIMENT0000002341955026","idu":"102200000F0402","type_lien":"GEO","nb_adr":2,"nb_bat":4}},{"type":"Feature","id":"lien_adresse_bati.2819115","geometry":{"type":"LineString","coordinates":[[3.80356664,48.51204695],[3.80317904,48.51202367]]},"geometry_name":"geom","properties":{"id_adr":"10220_0240_00050_bis","id_bat":"BATIMENT0000002330331297","idu":"102200000F0402","type_lien":"GEO","nb_adr":2,"nb_bat":4}},{"type":"Feature","id":"lien_adresse_bati.2666587","geometry":{"type":"LineString","coordinates":[[3.80378258,48.51244312],[3.80317904,48.51202367]]},"geometry_name":"geom","properties":{"id_adr":"10220_0240_00050_bis","id_bat":"BATIMENT0000002330331297","idu":"102200000F0402","type_lien":"GEO","nb_adr":2,"nb_bat":4}},{"type":"Feature","id":"lien_adresse_bati.2787531","geometry":{"type":"LineString","coordinates":[[3.80356664,48.51204695],[3.80352083,48.51205715]]},"geometry_name":"geom","properties":{"id_adr":"10220_0240_00050_bis","id_bat":"BATIMENT0000002341955026","idu":"102200000F0402","type_lien":"GEO","nb_adr":2,"nb_bat":4}},{"type":"Feature","id":"lien_adresse_bati.2875491","geometry":{"type":"LineString","coordinates":[[3.80046503,48.51313844],[3.80050125,48.51324939]]},"geometry_name":"geom","properties":{"id_adr":"10220_0240_00051","id_bat":"BATIMENT0000000301151754","idu":"102200000B0126","type_lien":"GEO","nb_adr":1,"nb_bat":3}},{"type":"Feature","id":"lien_adresse_bati.2835942","geometry":{"type":"LineString","coordinates":[[3.80046503,48.51313844],[3.80041648,48.51323997]]},"geometry_name":"geom","properties":{"id_adr":"10220_0240_00051","id_bat":"BATIMENT0000000301151755","idu":"102200000B0126","type_lien":"GEO","nb_adr":1,"nb_bat":3}},{"type":"Feature","id":"lien_adresse_bati.2808816","geometry":{"type":"LineString","coordinates":[[3.80046503,48.51313844],[3.8004774,48.51341674]]},"geometry_name":"geom","properties":{"id_adr":"10220_0240_00051","id_bat":"BATIMENT0000002341955036","idu":"102200000B0126","type_lien":"GEO","nb_adr":1,"nb_bat":3}},{"type":"Feature","id":"lien_adresse_bati.2720058","geometry":{"type":"LineString","coordinates":[[3.8040664,48.51240881],[3.80427924,48.51216105]]},"geometry_name":"geom","properties":{"id_adr":"10220_0240_00052","id_bat":"BATIMENT0000002006956403","idu":"102200000F0382","type_lien":"BAN","nb_adr":2,"nb_bat":1}},{"type":"Feature","id":"lien_adresse_bati.2801023","geometry":{"type":"LineString","coordinates":[[3.80430149,48.51237574],[3.80427924,48.51216105]]},"geometry_name":"geom","properties":{"id_adr":"10220_0240_00052_bis","id_bat":"BATIMENT0000002006956403","idu":"102200000F0382","type_lien":"GEO","nb_adr":2,"nb_bat":1}},{"type":"Feature","id":"lien_adresse_bati.2724248","geometry":{"type":"LineString","coordinates":[[3.80489743,48.51229883],[3.8048569,48.51212785]]},"geometry_name":"geom","properties":{"id_adr":"10220_0240_00054","id_bat":"BATIMENT0000000301151899","idu":"102200000F0367","type_lien":"GEO","nb_adr":1,"nb_bat":1}},{"type":"Feature","id":"lien_adresse_bati.2728172","geometry":{"type":"LineString","coordinates":[[3.80104581,48.51304366],[3.80108435,48.51310704]]},"geometry_name":"geom","properties":{"id_adr":"10220_0240_00055","id_bat":"BATIMENT0000000301151792","idu":"102200000B0143","type_lien":"GEO","nb_adr":1,"nb_bat":1}},{"type":"Feature","id":"lien_adresse_bati.2710365","geometry":{"type":"LineString","coordinates":[[3.80526187,48.51222439],[3.80527356,48.5121038]]},"geometry_name":"geom","properties":{"id_adr":"10220_0240_00056","id_bat":"BATIMENT0000000301151843","idu":"102200000F0136","type_lien":"GEO","nb_adr":2,"nb_bat":1}},{"type":"Feature","id":"lien_adresse_bati.2672804","geometry":{"type":"LineString","coordinates":[[3.80556163,48.51217018],[3.80551501,48.51204415]]},"geometry_name":"geom","properties":{"id_adr":"10220_0240_00058","id_bat":"BATIMENT0000000301151851","idu":"102200000F0368","type_lien":"GEO","nb_adr":2,"nb_bat":2}},{"type":"Feature","id":"lien_adresse_bati.2824583","geometry":{"type":"LineString","coordinates":[[3.80556163,48.51217018],[3.80556741,48.51188996]]},"geometry_name":"geom","properties":{"id_adr":"10220_0240_00058","id_bat":"BATIMENT0000000301151829","idu":"102200000F0368","type_lien":"GEO","nb_adr":2,"nb_bat":2}},{"type":"Feature","id":"lien_adresse_bati.2761486","geometry":{"type":"LineString","coordinates":[[3.80660048,48.51192743],[3.80626685,48.51153931]]},"geometry_name":"geom","properties":{"id_adr":"10220_0240_00060","id_bat":"BATIMENT0000000301151908","idu":"102200000F0370","type_lien":"GEO","nb_adr":1,"nb_bat":2}},{"type":"Feature","id":"lien_adresse_bati.2862727","geometry":{"type":"LineString","coordinates":[[3.80660048,48.51192743],[3.80640243,48.5113751]]},"geometry_name":"geom","properties":{"id_adr":"10220_0240_00060","id_bat":"BATIMENT0000000301151904","idu":"102200000F0370","type_lien":"GEO","nb_adr":1,"nb_bat":2}},{"type":"Feature","id":"lien_adresse_bati.2895687","geometry":{"type":"LineString","coordinates":[[3.8021572,48.51284904],[3.8022649,48.51294084]]},"geometry_name":"geom","properties":{"id_adr":"10220_0240_00061","id_bat":"BATIMENT0000000301151796","idu":"102200000B1627","type_lien":"GEO","nb_adr":1,"nb_bat":2}},{"type":"Feature","id":"lien_adresse_bati.2742226","geometry":{"type":"LineString","coordinates":[[3.8021572,48.51284904],[3.80206639,48.51294142]]},"geometry_name":"geom","properties":{"id_adr":"10220_0240_00061","id_bat":"BATIMENT0000000301151795","idu":"102200000B1627","type_lien":"GEO","nb_adr":1,"nb_bat":2}},{"type":"Feature","id":"lien_adresse_bati.2880606","geometry":{"type":"LineString","coordinates":[[3.80674889,48.51189314],[3.80668235,48.51181214]]},"geometry_name":"geom","properties":{"id_adr":"10220_0240_00062","id_bat":"BATIMENT0000000301151882","idu":"102200000F0371","type_lien":"GEO","nb_adr":1,"nb_bat":2}},{"type":"Feature","id":"lien_adresse_bati.2722434","geometry":{"type":"LineString","coordinates":[[3.80674889,48.51189314],[3.80674989,48.51167969]]},"geometry_name":"geom","properties":{"id_adr":"10220_0240_00062","id_bat":"BATIMENT0000000301151847","idu":"102200000F0371","type_lien":"GEO","nb_adr":2,"nb_bat":2}},{"type":"Feature","id":"lien_adresse_bati.2829335","geometry":{"type":"LineString","coordinates":[[3.80712676,48.51181141],[3.80678249,48.51167659]]},"geometry_name":"geom","properties":{"id_adr":"10220_0240_00062_bis","id_bat":"BATIMENT0000000301151847","idu":"102200000F0321","type_lien":"GEO","nb_adr":2,"nb_bat":3}},{"type":"Feature","id":"lien_adresse_bati.2787319","geometry":{"type":"LineString","coordinates":[[3.80712676,48.51181141],[3.80683021,48.5116782]]},"geometry_name":"geom","properties":{"id_adr":"10220_0240_00062_bis","id_bat":"BATIMENT0000000301151846","idu":"102200000F0321","type_lien":"GEO","nb_adr":1,"nb_bat":3}},{"type":"Feature","id":"lien_adresse_bati.2738430","geometry":{"type":"LineString","coordinates":[[3.80712676,48.51181141],[3.80684336,48.51173731]]},"geometry_name":"geom","properties":{"id_adr":"10220_0240_00062_bis","id_bat":"BATIMENT0000000301151845","idu":"102200000F0321","type_lien":"GEO","nb_adr":1,"nb_bat":3}},{"type":"Feature","id":"lien_adresse_bati.2716504","geometry":{"type":"LineString","coordinates":[[3.80256117,48.51279144],[3.80258332,48.51291168]]},"geometry_name":"geom","properties":{"id_adr":"10220_0240_00063","id_bat":"BATIMENT0000000301151785","idu":"102200000B0284","type_lien":"GEO","nb_adr":1,"nb_bat":1}},{"type":"Feature","id":"lien_adresse_bati.2884838","geometry":{"type":"LineString","coordinates":[[3.80748718,48.51174059],[3.80734823,48.51139427]]},"geometry_name":"geom","properties":{"id_adr":"10220_0240_00064","id_bat":"BATIMENT0000000301151856","idu":"102200000F0262","type_lien":"GEO","nb_adr":1,"nb_bat":2}},{"type":"Feature","id":"lien_adresse_bati.2710130","geometry":{"type":"LineString","coordinates":[[3.80748718,48.51174059],[3.80740398,48.5114262]]},"geometry_name":"geom","properties":{"id_adr":"10220_0240_00064","id_bat":"BATIMENT0000000301151857","idu":"102200000F0262","type_lien":"GEO","nb_adr":2,"nb_bat":2}},{"type":"Feature","id":"lien_adresse_bati.2865878","geometry":{"type":"LineString","coordinates":[[3.80325944,48.51267606],[3.80338918,48.51279299]]},"geometry_name":"geom","properties":{"id_adr":"10220_0240_00065","id_bat":"BATIMENT0000000301151778","idu":"102200000B0278","type_lien":"GEO","nb_adr":2,"nb_bat":1}},{"type":"Feature","id":"lien_adresse_bati.2793440","geometry":{"type":"LineString","coordinates":[[3.80291511,48.51273777],[3.80308228,48.51302947]]},"geometry_name":"geom","properties":{"id_adr":"10220_0240_00065_bis","id_bat":"BATIMENT0000000301151801","idu":"102200000B0282","type_lien":"GEO","nb_adr":1,"nb_bat":1}},{"type":"Feature","id":"lien_adresse_bati.2728702","geometry":{"type":"LineString","coordinates":[[3.80802621,48.51166135],[3.80757542,48.51154541]]},"geometry_name":"geom","properties":{"id_adr":"10220_0240_00066","id_bat":"BATIMENT0000000301151857","idu":"102200000F0372","type_lien":"GEO","nb_adr":2,"nb_bat":2}},{"type":"Feature","id":"lien_adresse_bati.2696068","geometry":{"type":"LineString","coordinates":[[3.80802621,48.51166135],[3.80816136,48.51151326]]},"geometry_name":"geom","properties":{"id_adr":"10220_0240_00066","id_bat":"BATIMENT0000000301151929","idu":"102200000F0372","type_lien":"GEO","nb_adr":1,"nb_bat":2}},{"type":"Feature","id":"lien_adresse_bati.2854091","geometry":{"type":"LineString","coordinates":[[3.80332557,48.51266212],[3.80338918,48.51279299]]},"geometry_name":"geom","properties":{"id_adr":"10220_0240_00067","id_bat":"BATIMENT0000000301151778","idu":"102200000B0278","type_lien":"GEO","nb_adr":2,"nb_bat":1}},{"type":"Feature","id":"lien_adresse_bati.2730894","geometry":{"type":"LineString","coordinates":[[3.80855955,48.51156506],[3.80854475,48.51144596]]},"geometry_name":"geom","properties":{"id_adr":"10220_0240_00068","id_bat":"BATIMENT0000002220709357","idu":"102200000F0386","type_lien":"GEO","nb_adr":1,"nb_bat":4}},{"type":"Feature","id":"lien_adresse_bati.2817752","geometry":{"type":"LineString","coordinates":[[3.80855955,48.51156506],[3.80855423,48.51114941]]},"geometry_name":"geom","properties":{"id_adr":"10220_0240_00068","id_bat":"BATIMENT0000002494155929","idu":"102200000F0386","type_lien":"GEO","nb_adr":2,"nb_bat":4}},{"type":"Feature","id":"lien_adresse_bati.2701266","geometry":{"type":"LineString","coordinates":[[3.80564933,48.51223796],[3.80539773,48.51247455]]},"geometry_name":"geom","properties":{"id_adr":"10220_0240_00068","id_bat":"BATIMENT0000002006956379","idu":"102200000B1626","type_lien":"GEO","nb_adr":3,"nb_bat":4}},{"type":"Feature","id":"lien_adresse_bati.2717331","geometry":{"type":"LineString","coordinates":[[3.80564933,48.51223796],[3.8055558,48.512364]]},"geometry_name":"geom","properties":{"id_adr":"10220_0240_00068","id_bat":"BATIMENT0000000301151880","idu":"102200000B1626","type_lien":"GEO","nb_adr":2,"nb_bat":4}},{"type":"Feature","id":"lien_adresse_bati.2680121","geometry":{"type":"LineString","coordinates":[[3.80357943,48.51261632],[3.80360299,48.51285232]]},"geometry_name":"geom","properties":{"id_adr":"10220_0240_00069","id_bat":"BATIMENT0000000301151752","idu":"102200000B0277","type_lien":"GEO","nb_adr":1,"nb_bat":1}},{"type":"Feature","id":"lien_adresse_bati.2840592","geometry":{"type":"LineString","coordinates":[[3.80389941,48.51255658],[3.80395276,48.51279238]]},"geometry_name":"geom","properties":{"id_adr":"10220_0240_00069_bis","id_bat":"BATIMENT0000000301151788","idu":"102200000B1438","type_lien":"GEO","nb_adr":1,"nb_bat":2}},{"type":"Feature","id":"lien_adresse_bati.2838862","geometry":{"type":"LineString","coordinates":[[3.80389941,48.51255658],[3.80391568,48.51299075]]},"geometry_name":"geom","properties":{"id_adr":"10220_0240_00069_bis","id_bat":"BATIMENT0000000301151800","idu":"102200000B1438","type_lien":"GEO","nb_adr":1,"nb_bat":2}},{"type":"Feature","id":"lien_adresse_bati.2700538","geometry":{"type":"LineString","coordinates":[[3.80427481,48.51249017],[3.80439424,48.51272776]]},"geometry_name":"geom","properties":{"id_adr":"10220_0240_00069_ter","id_bat":"BATIMENT0000000301151783","idu":"102200000B1451","type_lien":"GEO","nb_adr":1,"nb_bat":2}},{"type":"Feature","id":"lien_adresse_bati.2811641","geometry":{"type":"LineString","coordinates":[[3.80427481,48.51249017],[3.80454584,48.51284845]]},"geometry_name":"geom","properties":{"id_adr":"10220_0240_00069_ter","id_bat":"BATIMENT0000002006956397","idu":"102200000B1451","type_lien":"GEO","nb_adr":1,"nb_bat":2}},{"type":"Feature","id":"lien_adresse_bati.2791866","geometry":{"type":"LineString","coordinates":[[3.80889995,48.51151237],[3.80860584,48.51114271]]},"geometry_name":"geom","properties":{"id_adr":"10220_0240_00070","id_bat":"BATIMENT0000002494155929","idu":"102200000F0400","type_lien":"GEO","nb_adr":2,"nb_bat":3}},{"type":"Feature","id":"lien_adresse_bati.2861768","geometry":{"type":"LineString","coordinates":[[3.80889995,48.51151237],[3.80880899,48.51136514]]},"geometry_name":"geom","properties":{"id_adr":"10220_0240_00070","id_bat":"BATIMENT0000002321395956","idu":"102200000F0400","type_lien":"GEO","nb_adr":1,"nb_bat":3}},{"type":"Feature","id":"lien_adresse_bati.2900737","geometry":{"type":"LineString","coordinates":[[3.80889995,48.51151237],[3.80882997,48.51111386]]},"geometry_name":"geom","properties":{"id_adr":"10220_0240_00070","id_bat":"BATIMENT0000002494155933","idu":"102200000F0400","type_lien":"GEO","nb_adr":1,"nb_bat":3}},{"type":"Feature","id":"lien_adresse_bati.2786724","geometry":{"type":"LineString","coordinates":[[3.80462194,48.51243474],[3.80471944,48.51282582]]},"geometry_name":"geom","properties":{"id_adr":"10220_0240_00071","id_bat":"BATIMENT0000000301151933","idu":"102200000B1485","type_lien":"GEO","nb_adr":1,"nb_bat":4}},{"type":"Feature","id":"lien_adresse_bati.2793528","geometry":{"type":"LineString","coordinates":[[3.80462194,48.51243474],[3.80474101,48.51256852]]},"geometry_name":"geom","properties":{"id_adr":"10220_0240_00071","id_bat":"BATIMENT0000000301151902","idu":"102200000B1485","type_lien":"GEO","nb_adr":1,"nb_bat":4}},{"type":"Feature","id":"lien_adresse_bati.2885109","geometry":{"type":"LineString","coordinates":[[3.80462194,48.51243474],[3.8047147,48.5125238]]},"geometry_name":"geom","properties":{"id_adr":"10220_0240_00071","id_bat":"BATIMENT0000000301151901","idu":"102200000B1485","type_lien":"GEO","nb_adr":1,"nb_bat":4}},{"type":"Feature","id":"lien_adresse_bati.2897672","geometry":{"type":"LineString","coordinates":[[3.80462194,48.51243474],[3.80476364,48.51261397]]},"geometry_name":"geom","properties":{"id_adr":"10220_0240_00071","id_bat":"BATIMENT0000000301151903","idu":"102200000B1485","type_lien":"GEO","nb_adr":1,"nb_bat":4}},{"type":"Feature","id":"lien_adresse_bati.2818273","geometry":{"type":"LineString","coordinates":[[3.80489063,48.51238524],[3.80495836,48.51254762]]},"geometry_name":"geom","properties":{"id_adr":"10220_0240_00071_bis","id_bat":"BATIMENT0000002006956385","idu":"102200000B1654","type_lien":"GEO","nb_adr":1,"nb_bat":1}},{"type":"Feature","id":"lien_adresse_bati.2903501","geometry":{"type":"LineString","coordinates":[[3.80910244,48.5114732],[3.80917905,48.51131795]]},"geometry_name":"geom","properties":{"id_adr":"10220_0240_00072","id_bat":"BATIMENT0000002321395955","idu":"102200000F0404","type_lien":"GEO","nb_adr":1,"nb_bat":1}},{"type":"Feature","id":"lien_adresse_bati.2748300","geometry":{"type":"LineString","coordinates":[[3.80591797,48.51218576],[3.80622623,48.51250721]]},"geometry_name":"geom","properties":{"id_adr":"10220_0240_00073","id_bat":"BATIMENT0000000301151894","idu":"102200000B1622","type_lien":"GEO","nb_adr":3,"nb_bat":3}},{"type":"Feature","id":"lien_adresse_bati.2691023","geometry":{"type":"LineString","coordinates":[[3.80591797,48.51218576],[3.80592165,48.5123958]]},"geometry_name":"geom","properties":{"id_adr":"10220_0240_00073","id_bat":"BATIMENT0000000009355132","idu":"102200000B1622","type_lien":"GEO","nb_adr":3,"nb_bat":3}},{"type":"Feature","id":"lien_adresse_bati.2698258","geometry":{"type":"LineString","coordinates":[[3.80591797,48.51218576],[3.80611098,48.51251491]]},"geometry_name":"geom","properties":{"id_adr":"10220_0240_00073","id_bat":"BATIMENT0000000301151895","idu":"102200000B1622","type_lien":"GEO","nb_adr":3,"nb_bat":3}},{"type":"Feature","id":"lien_adresse_bati.2669348","geometry":{"type":"LineString","coordinates":[[3.80639274,48.51206559],[3.8064171,48.51228535]]},"geometry_name":"geom","properties":{"id_adr":"10220_0240_00073_bis","id_bat":"BATIMENT0000000301151833","idu":"102200000B1620","type_lien":"GEO","nb_adr":1,"nb_bat":4}},{"type":"Feature","id":"lien_adresse_bati.2754493","geometry":{"type":"LineString","coordinates":[[3.80639274,48.51206559],[3.80630125,48.5123681]]},"geometry_name":"geom","properties":{"id_adr":"10220_0240_00073_bis","id_bat":"BATIMENT0000000301151834","idu":"102200000B1620","type_lien":"GEO","nb_adr":1,"nb_bat":4}},{"type":"Feature","id":"lien_adresse_bati.2891128","geometry":{"type":"LineString","coordinates":[[3.80639274,48.51206559],[3.80665093,48.51224673]]},"geometry_name":"geom","properties":{"id_adr":"10220_0240_00073_bis","id_bat":"BATIMENT0000000301151831","idu":"102200000B1620","type_lien":"GEO","nb_adr":1,"nb_bat":4}},{"type":"Feature","id":"lien_adresse_bati.2831957","geometry":{"type":"LineString","coordinates":[[3.80639274,48.51206559],[3.80650498,48.51205968]]},"geometry_name":"geom","properties":{"id_adr":"10220_0240_00073_bis","id_bat":"BATIMENT0000000301151951","idu":"102200000B1620","type_lien":"GEO","nb_adr":1,"nb_bat":4}},{"type":"Feature","id":"lien_adresse_bati.2753745","geometry":{"type":"LineString","coordinates":[[3.80807474,48.51173569],[3.80836628,48.51190509]]},"geometry_name":"geom","properties":{"id_adr":"10220_0240_00077","id_bat":"BATIMENT0000000301151868","idu":"102200000B0239","type_lien":"GEO","nb_adr":1,"nb_bat":3}},{"type":"Feature","id":"lien_adresse_bati.2877360","geometry":{"type":"LineString","coordinates":[[3.80807474,48.51173569],[3.80790819,48.51186708]]},"geometry_name":"geom","properties":{"id_adr":"10220_0240_00077","id_bat":"BATIMENT0000000301151866","idu":"102200000B0239","type_lien":"GEO","nb_adr":1,"nb_bat":3}},{"type":"Feature","id":"lien_adresse_bati.2748098","geometry":{"type":"LineString","coordinates":[[3.80807474,48.51173569],[3.80807068,48.51205276]]},"geometry_name":"geom","properties":{"id_adr":"10220_0240_00077","id_bat":"BATIMENT0000000301151863","idu":"102200000B0239","type_lien":"GEO","nb_adr":1,"nb_bat":3}},{"type":"Feature","id":"lien_adresse_bati.2742363","geometry":{"type":"LineString","coordinates":[[3.80724816,48.51186996],[3.80728381,48.51194282]]},"geometry_name":"geom","properties":{"id_adr":"10220_0240_00079","id_bat":"BATIMENT0000000301151926","idu":"102200000B1619","type_lien":"GEO","nb_adr":1,"nb_bat":4}},{"type":"Feature","id":"lien_adresse_bati.2837725","geometry":{"type":"LineString","coordinates":[[3.80724816,48.51186996],[3.80734296,48.51204707]]},"geometry_name":"geom","properties":{"id_adr":"10220_0240_00079","id_bat":"BATIMENT0000000301151925","idu":"102200000B1619","type_lien":"GEO","nb_adr":1,"nb_bat":4}},{"type":"Feature","id":"lien_adresse_bati.2913057","geometry":{"type":"LineString","coordinates":[[3.80724816,48.51186996],[3.80719221,48.51209659]]},"geometry_name":"geom","properties":{"id_adr":"10220_0240_00079","id_bat":"BATIMENT0000000301151886","idu":"102200000B1619","type_lien":"GEO","nb_adr":1,"nb_bat":4}},{"type":"Feature","id":"lien_adresse_bati.2700246","geometry":{"type":"LineString","coordinates":[[3.80724816,48.51186996],[3.80719776,48.51207002]]},"geometry_name":"geom","properties":{"id_adr":"10220_0240_00079","id_bat":"BATIMENT0000000301151885","idu":"102200000B1619","type_lien":"GEO","nb_adr":1,"nb_bat":4}},{"type":"Feature","id":"lien_adresse_bati.2780908","geometry":{"type":"LineString","coordinates":[[3.80868538,48.51164697],[3.80870283,48.51176872]]},"geometry_name":"geom","properties":{"id_adr":"10220_0240_00081","id_bat":"BATIMENT0000000301151870","idu":"102200000B1315","type_lien":"GEO","nb_adr":2,"nb_bat":2}},{"type":"Feature","id":"lien_adresse_bati.2846907","geometry":{"type":"LineString","coordinates":[[3.80868538,48.51164697],[3.80870279,48.51208649]]},"geometry_name":"geom","properties":{"id_adr":"10220_0240_00081","id_bat":"BATIMENT0000000301151849","idu":"102200000B1315","type_lien":"GEO","nb_adr":2,"nb_bat":2}},{"type":"Feature","id":"lien_adresse_bati.2771490","geometry":{"type":"LineString","coordinates":[[3.80871374,48.51164228],[3.80870279,48.51208649]]},"geometry_name":"geom","properties":{"id_adr":"10220_0240_00083","id_bat":"BATIMENT0000000301151849","idu":"102200000B1315","type_lien":"GEO","nb_adr":2,"nb_bat":2}},{"type":"Feature","id":"lien_adresse_bati.2780764","geometry":{"type":"LineString","coordinates":[[3.80871374,48.51164228],[3.80870283,48.51176872]]},"geometry_name":"geom","properties":{"id_adr":"10220_0240_00083","id_bat":"BATIMENT0000000301151870","idu":"102200000B1315","type_lien":"GEO","nb_adr":2,"nb_bat":2}},{"type":"Feature","id":"lien_adresse_bati.2761099","geometry":{"type":"LineString","coordinates":[[3.80932031,48.51155269],[3.809369,48.51182539]]},"geometry_name":"geom","properties":{"id_adr":"10220_0240_00085","id_bat":"BATIMENT0000000301151887","idu":"102200000B1338","type_lien":"GEO","nb_adr":1,"nb_bat":1}},{"type":"Feature","id":"lien_adresse_bati.2750700","geometry":{"type":"LineString","coordinates":[[3.80983366,48.51147722],[3.80987535,48.51177291]]},"geometry_name":"geom","properties":{"id_adr":"10220_0240_00087","id_bat":"BATIMENT0000000301151862","idu":"102200000B1616","type_lien":"GEO","nb_adr":1,"nb_bat":2}},{"type":"Feature","id":"lien_adresse_bati.2873150","geometry":{"type":"LineString","coordinates":[[3.80983366,48.51147722],[3.80974122,48.51158503]]},"geometry_name":"geom","properties":{"id_adr":"10220_0240_00087","id_bat":"BATIMENT0000000301151824","idu":"102200000B1616","type_lien":"GEO","nb_adr":1,"nb_bat":2}},{"type":"Feature","id":"lien_adresse_bati.2707090","geometry":{"type":"LineString","coordinates":[[3.81027136,48.51141306],[3.81030254,48.51159772]]},"geometry_name":"geom","properties":{"id_adr":"10220_0240_00089","id_bat":"BATIMENT0000000301151915","idu":"102200000B1292","type_lien":"GEO","nb_adr":1,"nb_bat":1}},{"type":"Feature","id":"lien_adresse_bati.2690975","geometry":{"type":"LineString","coordinates":[[3.78657405,48.50925663],[3.78663501,48.50930838]]},"geometry_name":"geom","properties":{"id_adr":"10220_0250_00001","id_bat":"BATIMENT0000002006956394","idu":"102200000D0406","type_lien":"GEO","nb_adr":1,"nb_bat":1}},{"type":"Feature","id":"lien_adresse_bati.2772452","geometry":{"type":"LineString","coordinates":[[3.78691657,48.50880365],[3.78687692,48.50877017]]},"geometry_name":"geom","properties":{"id_adr":"10220_0250_00002","id_bat":"BATIMENT0000002006956400","idu":"102200000D2411","type_lien":"GEO","nb_adr":1,"nb_bat":1}},{"type":"Feature","id":"lien_adresse_bati.2839927","geometry":{"type":"LineString","coordinates":[[3.78696482,48.50913169],[3.7868841,48.50929326]]},"geometry_name":"geom","properties":{"id_adr":"10220_0250_00003","id_bat":"BATIMENT0000000301149548","idu":"102200000D2377","type_lien":"GEO","nb_adr":6,"nb_bat":12}},{"type":"Feature","id":"lien_adresse_bati.2908358","geometry":{"type":"LineString","coordinates":[[3.78696482,48.50913169],[3.7872634,48.50945043]]},"geometry_name":"geom","properties":{"id_adr":"10220_0250_00003","id_bat":"BATIMENT0000000301149546","idu":"102200000D2377","type_lien":"GEO","nb_adr":6,"nb_bat":12}},{"type":"Feature","id":"lien_adresse_bati.2691701","geometry":{"type":"LineString","coordinates":[[3.78696482,48.50913169],[3.78720105,48.50901907]]},"geometry_name":"geom","properties":{"id_adr":"10220_0250_00003","id_bat":"BATIMENT0000000301149528","idu":"102200000D2377","type_lien":"GEO","nb_adr":6,"nb_bat":12}},{"type":"Feature","id":"lien_adresse_bati.2903400","geometry":{"type":"LineString","coordinates":[[3.78696482,48.50913169],[3.78737322,48.50912492]]},"geometry_name":"geom","properties":{"id_adr":"10220_0250_00003","id_bat":"BATIMENT0000000301149527","idu":"102200000D2377","type_lien":"GEO","nb_adr":6,"nb_bat":12}},{"type":"Feature","id":"lien_adresse_bati.2776487","geometry":{"type":"LineString","coordinates":[[3.78696482,48.50913169],[3.78689785,48.50912899]]},"geometry_name":"geom","properties":{"id_adr":"10220_0250_00003","id_bat":"BATIMENT0000000301149549","idu":"102200000D2377","type_lien":"GEO","nb_adr":6,"nb_bat":12}},{"type":"Feature","id":"lien_adresse_bati.2793725","geometry":{"type":"LineString","coordinates":[[3.78696482,48.50913169],[3.78723676,48.50950863]]},"geometry_name":"geom","properties":{"id_adr":"10220_0250_00003","id_bat":"BATIMENT0000000301149544","idu":"102200000D2377","type_lien":"GEO","nb_adr":6,"nb_bat":12}},{"type":"Feature","id":"lien_adresse_bati.2707628","geometry":{"type":"LineString","coordinates":[[3.78696482,48.50913169],[3.78778526,48.50976052]]},"geometry_name":"geom","properties":{"id_adr":"10220_0250_00003","id_bat":"BATIMENT0000000301149803","idu":"102200000D2377","type_lien":"GEO","nb_adr":6,"nb_bat":12}},{"type":"Feature","id":"lien_adresse_bati.2863844","geometry":{"type":"LineString","coordinates":[[3.78696482,48.50913169],[3.78751537,48.50932431]]},"geometry_name":"geom","properties":{"id_adr":"10220_0250_00003","id_bat":"BATIMENT0000000301149543","idu":"102200000D2377","type_lien":"GEO","nb_adr":6,"nb_bat":12}},{"type":"Feature","id":"lien_adresse_bati.2884677","geometry":{"type":"LineString","coordinates":[[3.78696482,48.50913169],[3.78796448,48.50963381]]},"geometry_name":"geom","properties":{"id_adr":"10220_0250_00003","id_bat":"BATIMENT0000000301149810","idu":"102200000D2377","type_lien":"GEO","nb_adr":6,"nb_bat":12}},{"type":"Feature","id":"lien_adresse_bati.2863439","geometry":{"type":"LineString","coordinates":[[3.78696482,48.50913169],[3.78706902,48.50936985]]},"geometry_name":"geom","properties":{"id_adr":"10220_0250_00003","id_bat":"BATIMENT0000000301149545","idu":"102200000D2377","type_lien":"GEO","nb_adr":6,"nb_bat":12}},{"type":"Feature","id":"lien_adresse_bati.2700831","geometry":{"type":"LineString","coordinates":[[3.78696482,48.50913169],[3.78823726,48.50982317]]},"geometry_name":"geom","properties":{"id_adr":"10220_0250_00003","id_bat":"BATIMENT0000000301149424","idu":"102200000D2377","type_lien":"GEO","nb_adr":6,"nb_bat":12}},{"type":"Feature","id":"lien_adresse_bati.2736697","geometry":{"type":"LineString","coordinates":[[3.78696482,48.50913169],[3.78688008,48.50938939]]},"geometry_name":"geom","properties":{"id_adr":"10220_0250_00003","id_bat":"BATIMENT0000000301149547","idu":"102200000D2377","type_lien":"GEO","nb_adr":6,"nb_bat":12}},{"type":"Feature","id":"lien_adresse_bati.2859620","geometry":{"type":"LineString","coordinates":[[3.78753728,48.50830294],[3.78787285,48.50824494]]},"geometry_name":"geom","properties":{"id_adr":"10220_0250_00009","id_bat":"BATIMENT0000002480490942","idu":"102200000D1955","type_lien":"GEO","nb_adr":1,"nb_bat":1}},{"type":"Feature","id":"lien_adresse_bati.2675318","geometry":{"type":"LineString","coordinates":[[3.78813841,48.50749198],[3.78793972,48.50744652]]},"geometry_name":"geom","properties":{"id_adr":"10220_0250_00010","id_bat":"BATIMENT0000000301149808","idu":"102200000D1957","type_lien":"GEO","nb_adr":1,"nb_bat":3}},{"type":"Feature","id":"lien_adresse_bati.2848621","geometry":{"type":"LineString","coordinates":[[3.78813841,48.50749198],[3.78793556,48.50724436]]},"geometry_name":"geom","properties":{"id_adr":"10220_0250_00010","id_bat":"BATIMENT0000000335663870","idu":"102200000D1957","type_lien":"GEO","nb_adr":1,"nb_bat":3}},{"type":"Feature","id":"lien_adresse_bati.2742750","geometry":{"type":"LineString","coordinates":[[3.78813841,48.50749198],[3.78808333,48.50733311]]},"geometry_name":"geom","properties":{"id_adr":"10220_0250_00010","id_bat":"BATIMENT0000000301149668","idu":"102200000D1957","type_lien":"GEO","nb_adr":1,"nb_bat":3}},{"type":"Feature","id":"lien_adresse_bati.2711211","geometry":{"type":"LineString","coordinates":[[3.78767752,48.50772445],[3.78769947,48.50805896]]},"geometry_name":"geom","properties":{"id_adr":"10220_0250_00011","id_bat":"BATIMENT0000000301149824","idu":"102200000D1953","type_lien":"GEO","nb_adr":1,"nb_bat":2}},{"type":"Feature","id":"lien_adresse_bati.2703881","geometry":{"type":"LineString","coordinates":[[3.78767752,48.50772445],[3.78778323,48.50790907]]},"geometry_name":"geom","properties":{"id_adr":"10220_0250_00011","id_bat":"BATIMENT0000000301149360","idu":"102200000D1953","type_lien":"GEO","nb_adr":1,"nb_bat":2}},{"type":"Feature","id":"lien_adresse_bati.2834323","geometry":{"type":"LineString","coordinates":[[3.7879496,48.50763088],[3.78801747,48.50781575]]},"geometry_name":"geom","properties":{"id_adr":"10220_0250_00013","id_bat":"BATIMENT0000000301149319","idu":"102200000D1952","type_lien":"GEO","nb_adr":1,"nb_bat":1}},{"type":"Feature","id":"lien_adresse_bati.2767486","geometry":{"type":"LineString","coordinates":[[3.78815993,48.50757281],[3.78826711,48.50772277]]},"geometry_name":"geom","properties":{"id_adr":"10220_0250_00015","id_bat":"BATIMENT0000000301149627","idu":"102200000D1951","type_lien":"GEO","nb_adr":1,"nb_bat":1}},{"type":"Feature","id":"lien_adresse_bati.2677794","geometry":{"type":"LineString","coordinates":[[3.78843746,48.507481],[3.78854393,48.50761929]]},"geometry_name":"geom","properties":{"id_adr":"10220_0250_00017","id_bat":"BATIMENT0000000301149764","idu":"102200000D1950","type_lien":"GEO","nb_adr":1,"nb_bat":2}},{"type":"Feature","id":"lien_adresse_bati.2845734","geometry":{"type":"LineString","coordinates":[[3.78843746,48.507481],[3.78867438,48.50774156]]},"geometry_name":"geom","properties":{"id_adr":"10220_0250_00017","id_bat":"BATIMENT0000000301149793","idu":"102200000D1950","type_lien":"GEO","nb_adr":2,"nb_bat":2}},{"type":"Feature","id":"lien_adresse_bati.2807925","geometry":{"type":"LineString","coordinates":[[3.79540752,48.51455422],[3.7954565,48.51430167]]},"geometry_name":"geom","properties":{"id_adr":"10220_0260_00004","id_bat":"BATIMENT0000000301149973","idu":"102200000B0060","type_lien":"GEO","nb_adr":1,"nb_bat":1}},{"type":"Feature","id":"lien_adresse_bati.2733707","geometry":{"type":"LineString","coordinates":[[3.79519977,48.514337],[3.79505438,48.51443795]]},"geometry_name":"geom","properties":{"id_adr":"10220_0260_00005","id_bat":"BATIMENT0000000301149919","idu":"102200000B0025","type_lien":"GEO","nb_adr":1,"nb_bat":2}},{"type":"Feature","id":"lien_adresse_bati.2762575","geometry":{"type":"LineString","coordinates":[[3.79519977,48.514337],[3.79509568,48.51419605]]},"geometry_name":"geom","properties":{"id_adr":"10220_0260_00005","id_bat":"BATIMENT0000000301150026","idu":"102200000B0025","type_lien":"GEO","nb_adr":1,"nb_bat":2}},{"type":"Feature","id":"lien_adresse_bati.2741647","geometry":{"type":"LineString","coordinates":[[3.79518757,48.51397903],[3.79517172,48.51388732]]},"geometry_name":"geom","properties":{"id_adr":"10220_0260_00006","id_bat":"BATIMENT0000000301149907","idu":"102200000B1418","type_lien":"GEO","nb_adr":1,"nb_bat":1}},{"type":"Feature","id":"lien_adresse_bati.2736895","geometry":{"type":"LineString","coordinates":[[3.79529979,48.51459363],[3.79519497,48.51468663]]},"geometry_name":"geom","properties":{"id_adr":"10220_0260_00007","id_bat":"BATIMENT0000000301150001","idu":"102200000B0026","type_lien":"GEO","nb_adr":1,"nb_bat":1}},{"type":"Feature","id":"lien_adresse_bati.2777510","geometry":{"type":"LineString","coordinates":[[3.79536185,48.51475694],[3.79523289,48.51478036]]},"geometry_name":"geom","properties":{"id_adr":"10220_0260_00009","id_bat":"BATIMENT0000000301150003","idu":"102200000B0029","type_lien":"GEO","nb_adr":1,"nb_bat":2}},{"type":"Feature","id":"lien_adresse_bati.2795987","geometry":{"type":"LineString","coordinates":[[3.79536185,48.51475694],[3.79534987,48.51489829]]},"geometry_name":"geom","properties":{"id_adr":"10220_0260_00009","id_bat":"BATIMENT0000000301150011","idu":"102200000B0029","type_lien":"GEO","nb_adr":1,"nb_bat":2}},{"type":"Feature","id":"lien_adresse_bati.2789604","geometry":{"type":"LineString","coordinates":[[3.79543534,48.51495977],[3.79522276,48.51502803]]},"geometry_name":"geom","properties":{"id_adr":"10220_0260_00011","id_bat":"BATIMENT0000000301149999","idu":"102200000B0030","type_lien":"GEO","nb_adr":1,"nb_bat":1}},{"type":"Feature","id":"lien_adresse_bati.2728840","geometry":{"type":"LineString","coordinates":[[3.79562072,48.51513035],[3.79601289,48.5149424]]},"geometry_name":"geom","properties":{"id_adr":"10220_0260_00012","id_bat":"BATIMENT0000000301150015","idu":"102200000B1480","type_lien":"GEO","nb_adr":1,"nb_bat":2}},{"type":"Feature","id":"lien_adresse_bati.2812559","geometry":{"type":"LineString","coordinates":[[3.79562072,48.51513035],[3.7957965,48.51511342]]},"geometry_name":"geom","properties":{"id_adr":"10220_0260_00012","id_bat":"BATIMENT0000000301149957","idu":"102200000B1480","type_lien":"GEO","nb_adr":1,"nb_bat":2}},{"type":"Feature","id":"lien_adresse_bati.2840719","geometry":{"type":"LineString","coordinates":[[3.79548477,48.51509438],[3.79536799,48.51529227]]},"geometry_name":"geom","properties":{"id_adr":"10220_0260_00013","id_bat":"BATIMENT0000000301149916","idu":"102200000B0033","type_lien":"GEO","nb_adr":2,"nb_bat":1}},{"type":"Feature","id":"lien_adresse_bati.2783869","geometry":{"type":"LineString","coordinates":[[3.79573373,48.51543907],[3.79585734,48.51541981]]},"geometry_name":"geom","properties":{"id_adr":"10220_0260_00014","id_bat":"BATIMENT0000000301149989","idu":"102200000B1377","type_lien":"GEO","nb_adr":1,"nb_bat":1}},{"type":"Feature","id":"lien_adresse_bati.2905339","geometry":{"type":"LineString","coordinates":[[3.79553419,48.51522809],[3.79536799,48.51529227]]},"geometry_name":"geom","properties":{"id_adr":"10220_0260_00015","id_bat":"BATIMENT0000000301149916","idu":"102200000B0033","type_lien":"GEO","nb_adr":2,"nb_bat":1}},{"type":"Feature","id":"lien_adresse_bati.2826360","geometry":{"type":"LineString","coordinates":[[3.79560488,48.51542464],[3.79549106,48.51548458]]},"geometry_name":"geom","properties":{"id_adr":"10220_0260_00017","id_bat":"BATIMENT0000000301149947","idu":"102200000B1658","type_lien":"GEO","nb_adr":1,"nb_bat":2}},{"type":"Feature","id":"lien_adresse_bati.2695507","geometry":{"type":"LineString","coordinates":[[3.79560488,48.51542464],[3.79544781,48.51542254]]},"geometry_name":"geom","properties":{"id_adr":"10220_0260_00017","id_bat":"BATIMENT0000000301150031","idu":"102200000B1658","type_lien":"GEO","nb_adr":1,"nb_bat":2}},{"type":"Feature","id":"lien_adresse_bati.2887271","geometry":{"type":"LineString","coordinates":[[3.79565431,48.51555925],[3.79556977,48.51556313]]},"geometry_name":"geom","properties":{"id_adr":"10220_0260_00019","id_bat":"BATIMENT0000000301149944","idu":"102200000B0037","type_lien":"GEO","nb_adr":1,"nb_bat":2}},{"type":"Feature","id":"lien_adresse_bati.2802623","geometry":{"type":"LineString","coordinates":[[3.79565431,48.51555925],[3.79554649,48.51553117]]},"geometry_name":"geom","properties":{"id_adr":"10220_0260_00019","id_bat":"BATIMENT0000000301149945","idu":"102200000B0037","type_lien":"GEO","nb_adr":1,"nb_bat":2}},{"type":"Feature","id":"lien_adresse_bati.2831873","geometry":{"type":"LineString","coordinates":[[3.78958377,48.5084423],[3.78975194,48.50857747]]},"geometry_name":"geom","properties":{"id_adr":"10220_0265_00001","id_bat":"BATIMENT0000000301149366","idu":"102200000D1942","type_lien":"GEO","nb_adr":2,"nb_bat":1}},{"type":"Feature","id":"lien_adresse_bati.2704508","geometry":{"type":"LineString","coordinates":[[3.78881696,48.50849957],[3.78876677,48.50852999]]},"geometry_name":"geom","properties":{"id_adr":"10220_0265_00002","id_bat":"BATIMENT0000000301149584","idu":"102200000D2441","type_lien":"GEO","nb_adr":7,"nb_bat":1}},{"type":"Feature","id":"lien_adresse_bati.2679651","geometry":{"type":"LineString","coordinates":[[3.78938201,48.50862086],[3.78957777,48.50872032]]},"geometry_name":"geom","properties":{"id_adr":"10220_0265_00003","id_bat":"BATIMENT0000000301149306","idu":"102200000D1943","type_lien":"GEO","nb_adr":2,"nb_bat":1}},{"type":"Feature","id":"lien_adresse_bati.2860356","geometry":{"type":"LineString","coordinates":[[3.78874852,48.50844964],[3.78886156,48.50862853]]},"geometry_name":"geom","properties":{"id_adr":"10220_0265_00004","id_bat":"BATIMENT0000000301149584","idu":"102200000D2451","type_lien":"GEO","nb_adr":7,"nb_bat":1}},{"type":"Feature","id":"lien_adresse_bati.2899384","geometry":{"type":"LineString","coordinates":[[3.78931391,48.50868339],[3.78957777,48.50872032]]},"geometry_name":"geom","properties":{"id_adr":"10220_0265_00005","id_bat":"BATIMENT0000000301149306","idu":"102200000D1943","type_lien":"GEO","nb_adr":2,"nb_bat":1}},{"type":"Feature","id":"lien_adresse_bati.2740726","geometry":{"type":"LineString","coordinates":[[3.78870196,48.50841486],[3.78865765,48.50844591]]},"geometry_name":"geom","properties":{"id_adr":"10220_0265_00006","id_bat":"BATIMENT0000000301149584","idu":"102200000D2439","type_lien":"GEO","nb_adr":7,"nb_bat":2}},{"type":"Feature","id":"lien_adresse_bati.2771425","geometry":{"type":"LineString","coordinates":[[3.78870196,48.50841486],[3.78864216,48.50843499]]},"geometry_name":"geom","properties":{"id_adr":"10220_0265_00006","id_bat":"BATIMENT0000000301149583","idu":"102200000D2439","type_lien":"GEO","nb_adr":5,"nb_bat":2}},{"type":"Feature","id":"lien_adresse_bati.2866102","geometry":{"type":"LineString","coordinates":[[3.78886444,48.5088654],[3.78897328,48.50887143]]},"geometry_name":"geom","properties":{"id_adr":"10220_0265_00007","id_bat":"BATIMENT0000000301149625","idu":"102200000D1945","type_lien":"GEO","nb_adr":1,"nb_bat":1}},{"type":"Feature","id":"lien_adresse_bati.2816899","geometry":{"type":"LineString","coordinates":[[3.78864582,48.50837295],[3.78852522,48.50826713]]},"geometry_name":"geom","properties":{"id_adr":"10220_0265_00008","id_bat":"BATIMENT0000000301149583","idu":"102200000D2438","type_lien":"GEO","nb_adr":5,"nb_bat":1}},{"type":"Feature","id":"lien_adresse_bati.2876746","geometry":{"type":"LineString","coordinates":[[3.78900564,48.50862156],[3.78886156,48.50862853]]},"geometry_name":"geom","properties":{"id_adr":"10220_0265_00009","id_bat":"BATIMENT0000000301149584","idu":"102200000D2451","type_lien":"GEO","nb_adr":7,"nb_bat":1}},{"type":"Feature","id":"lien_adresse_bati.2788068","geometry":{"type":"LineString","coordinates":[[3.78858833,48.50833105],[3.78852522,48.50826713]]},"geometry_name":"geom","properties":{"id_adr":"10220_0265_00010","id_bat":"BATIMENT0000000301149583","idu":"102200000D2438","type_lien":"GEO","nb_adr":5,"nb_bat":1}},{"type":"Feature","id":"lien_adresse_bati.2819274","geometry":{"type":"LineString","coordinates":[[3.78884635,48.50874317],[3.78886156,48.50862853]]},"geometry_name":"geom","properties":{"id_adr":"10220_0265_00011","id_bat":"BATIMENT0000000301149584","idu":"102200000D2451","type_lien":"GEO","nb_adr":7,"nb_bat":1}},{"type":"Feature","id":"lien_adresse_bati.2891816","geometry":{"type":"LineString","coordinates":[[3.78853083,48.50828915],[3.78850178,48.5083187]]},"geometry_name":"geom","properties":{"id_adr":"10220_0265_00012","id_bat":"BATIMENT0000000301149583","idu":"102200000D2435","type_lien":"GEO","nb_adr":5,"nb_bat":1}},{"type":"Feature","id":"lien_adresse_bati.2691297","geometry":{"type":"LineString","coordinates":[[3.78877161,48.50881474],[3.78886156,48.50862853]]},"geometry_name":"geom","properties":{"id_adr":"10220_0265_00013","id_bat":"BATIMENT0000000301149584","idu":"102200000D2451","type_lien":"GEO","nb_adr":7,"nb_bat":1}},{"type":"Feature","id":"lien_adresse_bati.2694147","geometry":{"type":"LineString","coordinates":[[3.78847335,48.50824815],[3.78844243,48.50826913]]},"geometry_name":"geom","properties":{"id_adr":"10220_0265_00014","id_bat":"BATIMENT0000000301149583","idu":"102200000D2434","type_lien":"GEO","nb_adr":5,"nb_bat":1}},{"type":"Feature","id":"lien_adresse_bati.2740882","geometry":{"type":"LineString","coordinates":[[3.78871949,48.50886007],[3.78886156,48.50862853]]},"geometry_name":"geom","properties":{"id_adr":"10220_0265_00015","id_bat":"BATIMENT0000000301149584","idu":"102200000D2451","type_lien":"GEO","nb_adr":7,"nb_bat":1}},{"type":"Feature","id":"lien_adresse_bati.2665292","geometry":{"type":"LineString","coordinates":[[3.78693268,48.5098777],[3.78686634,48.50978733]]},"geometry_name":"geom","properties":{"id_adr":"10220_0270_00001","id_bat":"BATIMENT0000000301149537","idu":"102200000D0419","type_lien":"GEO","nb_adr":4,"nb_bat":1}},{"type":"Feature","id":"lien_adresse_bati.2772932","geometry":{"type":"LineString","coordinates":[[3.78705222,48.51017468],[3.78722888,48.51020545]]},"geometry_name":"geom","properties":{"id_adr":"10220_0270_00004","id_bat":"BATIMENT0000000301149636","idu":"102200000D1613","type_lien":"GEO","nb_adr":1,"nb_bat":1}},{"type":"Feature","id":"lien_adresse_bati.2883478","geometry":{"type":"LineString","coordinates":[[3.78705124,48.51037981],[3.78718668,48.51038251]]},"geometry_name":"geom","properties":{"id_adr":"10220_0270_00006","id_bat":"BATIMENT0000000301149612","idu":"102200000D0400","type_lien":"GEO","nb_adr":1,"nb_bat":2}},{"type":"Feature","id":"lien_adresse_bati.2758836","geometry":{"type":"LineString","coordinates":[[3.78705124,48.51037981],[3.78734837,48.51032786]]},"geometry_name":"geom","properties":{"id_adr":"10220_0270_00006","id_bat":"BATIMENT0000000301149614","idu":"102200000D0400","type_lien":"GEO","nb_adr":1,"nb_bat":2}},{"type":"Feature","id":"lien_adresse_bati.2702926","geometry":{"type":"LineString","coordinates":[[3.78692504,48.51090243],[3.78684977,48.51092739]]},"geometry_name":"geom","properties":{"id_adr":"10220_0270_00007","id_bat":"BATIMENT0000000301149288","idu":"102200000D1590","type_lien":"GEO","nb_adr":1,"nb_bat":1}},{"type":"Feature","id":"lien_adresse_bati.2908110","geometry":{"type":"LineString","coordinates":[[3.78704947,48.51053275],[3.78716913,48.51061923]]},"geometry_name":"geom","properties":{"id_adr":"10220_0270_00008","id_bat":"BATIMENT0000000301149581","idu":"102200000D1805","type_lien":"GEO","nb_adr":1,"nb_bat":3}},{"type":"Feature","id":"lien_adresse_bati.2708746","geometry":{"type":"LineString","coordinates":[[3.78704947,48.51053275],[3.78724871,48.51047483]]},"geometry_name":"geom","properties":{"id_adr":"10220_0270_00008","id_bat":"BATIMENT0000000301149609","idu":"102200000D1805","type_lien":"GEO","nb_adr":1,"nb_bat":3}},{"type":"Feature","id":"lien_adresse_bati.2857571","geometry":{"type":"LineString","coordinates":[[3.78704947,48.51053275],[3.7872793,48.51065835]]},"geometry_name":"geom","properties":{"id_adr":"10220_0270_00008","id_bat":"BATIMENT0000000301149580","idu":"102200000D1805","type_lien":"GEO","nb_adr":1,"nb_bat":3}},{"type":"Feature","id":"lien_adresse_bati.2883996","geometry":{"type":"LineString","coordinates":[[3.78704877,48.51075677],[3.78733265,48.51069664]]},"geometry_name":"geom","properties":{"id_adr":"10220_0270_00012","id_bat":"BATIMENT0000000301149579","idu":"102200000D2404","type_lien":"GEO","nb_adr":3,"nb_bat":6}},{"type":"Feature","id":"lien_adresse_bati.2786333","geometry":{"type":"LineString","coordinates":[[3.78704877,48.51075677],[3.78709917,48.51077667]]},"geometry_name":"geom","properties":{"id_adr":"10220_0270_00012","id_bat":"BATIMENT0000000301149599","idu":"102200000D2404","type_lien":"GEO","nb_adr":3,"nb_bat":6}},{"type":"Feature","id":"lien_adresse_bati.2878561","geometry":{"type":"LineString","coordinates":[[3.78704877,48.51075677],[3.78709588,48.51081074]]},"geometry_name":"geom","properties":{"id_adr":"10220_0270_00012","id_bat":"BATIMENT0000000301149600","idu":"102200000D2404","type_lien":"GEO","nb_adr":3,"nb_bat":6}},{"type":"Feature","id":"lien_adresse_bati.2811596","geometry":{"type":"LineString","coordinates":[[3.78704877,48.51075677],[3.78732902,48.5107291]]},"geometry_name":"geom","properties":{"id_adr":"10220_0270_00012","id_bat":"BATIMENT0000000301149577","idu":"102200000D2404","type_lien":"GEO","nb_adr":3,"nb_bat":6}},{"type":"Feature","id":"lien_adresse_bati.2813299","geometry":{"type":"LineString","coordinates":[[3.78704877,48.51075677],[3.78710176,48.51074517]]},"geometry_name":"geom","properties":{"id_adr":"10220_0270_00012","id_bat":"BATIMENT0000000301149601","idu":"102200000D2404","type_lien":"GEO","nb_adr":3,"nb_bat":6}},{"type":"Feature","id":"lien_adresse_bati.2758776","geometry":{"type":"LineString","coordinates":[[3.78704877,48.51075677],[3.78730807,48.51084279]]},"geometry_name":"geom","properties":{"id_adr":"10220_0270_00012","id_bat":"BATIMENT0000000301149598","idu":"102200000D2404","type_lien":"GEO","nb_adr":3,"nb_bat":6}},{"type":"Feature","id":"lien_adresse_bati.2748333","geometry":{"type":"LineString","coordinates":[[3.78706986,48.5108088],[3.78732902,48.5107291]]},"geometry_name":"geom","properties":{"id_adr":"10220_0270_00014","id_bat":"BATIMENT0000000301149577","idu":"102200000D2404","type_lien":"GEO","nb_adr":3,"nb_bat":6}},{"type":"Feature","id":"lien_adresse_bati.2672947","geometry":{"type":"LineString","coordinates":[[3.78706986,48.5108088],[3.78710176,48.51074517]]},"geometry_name":"geom","properties":{"id_adr":"10220_0270_00014","id_bat":"BATIMENT0000000301149601","idu":"102200000D2404","type_lien":"GEO","nb_adr":3,"nb_bat":6}},{"type":"Feature","id":"lien_adresse_bati.2688944","geometry":{"type":"LineString","coordinates":[[3.78706986,48.5108088],[3.78730807,48.51084279]]},"geometry_name":"geom","properties":{"id_adr":"10220_0270_00014","id_bat":"BATIMENT0000000301149598","idu":"102200000D2404","type_lien":"GEO","nb_adr":3,"nb_bat":6}},{"type":"Feature","id":"lien_adresse_bati.2847632","geometry":{"type":"LineString","coordinates":[[3.78706986,48.5108088],[3.78733265,48.51069664]]},"geometry_name":"geom","properties":{"id_adr":"10220_0270_00014","id_bat":"BATIMENT0000000301149579","idu":"102200000D2404","type_lien":"GEO","nb_adr":3,"nb_bat":6}},{"type":"Feature","id":"lien_adresse_bati.2719386","geometry":{"type":"LineString","coordinates":[[3.78706986,48.5108088],[3.78709917,48.51077667]]},"geometry_name":"geom","properties":{"id_adr":"10220_0270_00014","id_bat":"BATIMENT0000000301149599","idu":"102200000D2404","type_lien":"GEO","nb_adr":3,"nb_bat":6}},{"type":"Feature","id":"lien_adresse_bati.2867311","geometry":{"type":"LineString","coordinates":[[3.78706986,48.5108088],[3.78709588,48.51081074]]},"geometry_name":"geom","properties":{"id_adr":"10220_0270_00014","id_bat":"BATIMENT0000000301149600","idu":"102200000D2404","type_lien":"GEO","nb_adr":3,"nb_bat":6}},{"type":"Feature","id":"lien_adresse_bati.2762206","geometry":{"type":"LineString","coordinates":[[3.78706038,48.51089883],[3.7871031,48.51094848]]},"geometry_name":"geom","properties":{"id_adr":"10220_0270_00016","id_bat":"BATIMENT0000000301149604","idu":"102200000D2536","type_lien":"GEO","nb_adr":2,"nb_bat":3}},{"type":"Feature","id":"lien_adresse_bati.2813645","geometry":{"type":"LineString","coordinates":[[3.78706038,48.51089883],[3.78709201,48.51085589]]},"geometry_name":"geom","properties":{"id_adr":"10220_0270_00016","id_bat":"BATIMENT0000000301149602","idu":"102200000D2536","type_lien":"GEO","nb_adr":2,"nb_bat":3}},{"type":"Feature","id":"lien_adresse_bati.2847123","geometry":{"type":"LineString","coordinates":[[3.78706038,48.51089883],[3.78710804,48.5108851]]},"geometry_name":"geom","properties":{"id_adr":"10220_0270_00016","id_bat":"BATIMENT0000000301149603","idu":"102200000D2536","type_lien":"GEO","nb_adr":2,"nb_bat":3}},{"type":"Feature","id":"lien_adresse_bati.2712402","geometry":{"type":"LineString","coordinates":[[3.78704623,48.5109484],[3.7871031,48.51094848]]},"geometry_name":"geom","properties":{"id_adr":"10220_0270_00018","id_bat":"BATIMENT0000000301149604","idu":"102200000D2536","type_lien":"GEO","nb_adr":2,"nb_bat":3}},{"type":"Feature","id":"lien_adresse_bati.2752558","geometry":{"type":"LineString","coordinates":[[3.78704623,48.5109484],[3.78710804,48.5108851]]},"geometry_name":"geom","properties":{"id_adr":"10220_0270_00018","id_bat":"BATIMENT0000000301149603","idu":"102200000D2536","type_lien":"GEO","nb_adr":2,"nb_bat":3}},{"type":"Feature","id":"lien_adresse_bati.2716576","geometry":{"type":"LineString","coordinates":[[3.78704623,48.5109484],[3.78709201,48.51085589]]},"geometry_name":"geom","properties":{"id_adr":"10220_0270_00018","id_bat":"BATIMENT0000000301149602","idu":"102200000D2536","type_lien":"GEO","nb_adr":2,"nb_bat":3}},{"type":"Feature","id":"lien_adresse_bati.2860965","geometry":{"type":"LineString","coordinates":[[3.7870486,48.51101586],[3.78713255,48.51101387]]},"geometry_name":"geom","properties":{"id_adr":"10220_0270_00022","id_bat":"BATIMENT0000000301149605","idu":"102200000D2178","type_lien":"GEO","nb_adr":3,"nb_bat":1}},{"type":"Feature","id":"lien_adresse_bati.2767275","geometry":{"type":"LineString","coordinates":[[3.78704673,48.51098169],[3.78713255,48.51101387]]},"geometry_name":"geom","properties":{"id_adr":"10220_0270_00024","id_bat":"BATIMENT0000000301149605","idu":"102200000D2178","type_lien":"GEO","nb_adr":3,"nb_bat":1}},{"type":"Feature","id":"lien_adresse_bati.2672446","geometry":{"type":"LineString","coordinates":[[3.79591294,48.51564838],[3.79596718,48.51569816]]},"geometry_name":"geom","properties":{"id_adr":"10220_0280_00001","id_bat":"BATIMENT0000000301149912","idu":"102200000B1369","type_lien":"GEO","nb_adr":1,"nb_bat":1}},{"type":"Feature","id":"lien_adresse_bati.2806255","geometry":{"type":"LineString","coordinates":[[3.79620039,48.51558438],[3.7962647,48.51566492]]},"geometry_name":"geom","properties":{"id_adr":"10220_0280_00003","id_bat":"BATIMENT0000000301149992","idu":"102200000B1400","type_lien":"GEO","nb_adr":1,"nb_bat":2}},{"type":"Feature","id":"lien_adresse_bati.2807263","geometry":{"type":"LineString","coordinates":[[3.79620039,48.51558438],[3.79634198,48.51567116]]},"geometry_name":"geom","properties":{"id_adr":"10220_0280_00003","id_bat":"BATIMENT0000000301149990","idu":"102200000B1400","type_lien":"GEO","nb_adr":1,"nb_bat":2}},{"type":"Feature","id":"lien_adresse_bati.2909453","geometry":{"type":"LineString","coordinates":[[3.7972045,48.51509725],[3.79726052,48.51495233]]},"geometry_name":"geom","properties":{"id_adr":"10220_0280_00004","id_bat":"BATIMENT0000000301149923","idu":"102200000B1259","type_lien":"GEO","nb_adr":2,"nb_bat":1}},{"type":"Feature","id":"lien_adresse_bati.2669978","geometry":{"type":"LineString","coordinates":[[3.79735252,48.51503598],[3.79726052,48.51495233]]},"geometry_name":"geom","properties":{"id_adr":"10220_0280_00006","id_bat":"BATIMENT0000000301149923","idu":"102200000B1259","type_lien":"GEO","nb_adr":2,"nb_bat":1}},{"type":"Feature","id":"lien_adresse_bati.2853058","geometry":{"type":"LineString","coordinates":[[3.79756634,48.51493919],[3.79751698,48.5148545]]},"geometry_name":"geom","properties":{"id_adr":"10220_0280_00008","id_bat":"BATIMENT0000000301149975","idu":"102200000B1260","type_lien":"GEO","nb_adr":1,"nb_bat":1}},{"type":"Feature","id":"lien_adresse_bati.2855502","geometry":{"type":"LineString","coordinates":[[3.79699736,48.51527766],[3.79715607,48.5152521]]},"geometry_name":"geom","properties":{"id_adr":"10220_0280_00011","id_bat":"BATIMENT0000000301150008","idu":"102200000B0081","type_lien":"GEO","nb_adr":1,"nb_bat":3}},{"type":"Feature","id":"lien_adresse_bati.2893253","geometry":{"type":"LineString","coordinates":[[3.79699736,48.51527766],[3.79721168,48.51529885]]},"geometry_name":"geom","properties":{"id_adr":"10220_0280_00011","id_bat":"BATIMENT0000002220709431","idu":"102200000B0081","type_lien":"GEO","nb_adr":2,"nb_bat":3}},{"type":"Feature","id":"lien_adresse_bati.2797842","geometry":{"type":"LineString","coordinates":[[3.79699736,48.51527766],[3.79700201,48.51536135]]},"geometry_name":"geom","properties":{"id_adr":"10220_0280_00011","id_bat":"BATIMENT0000000301149952","idu":"102200000B0081","type_lien":"GEO","nb_adr":1,"nb_bat":3}},{"type":"Feature","id":"lien_adresse_bati.2834645","geometry":{"type":"LineString","coordinates":[[3.79811581,48.51465302],[3.79808276,48.51466966]]},"geometry_name":"geom","properties":{"id_adr":"10220_0280_00012","id_bat":"BATIMENT0000000301149958","idu":"102200000B1295","type_lien":"GEO","nb_adr":2,"nb_bat":1}},{"type":"Feature","id":"lien_adresse_bati.2667841","geometry":{"type":"LineString","coordinates":[[3.79731356,48.515146],[3.79742535,48.51524016]]},"geometry_name":"geom","properties":{"id_adr":"10220_0280_00013","id_bat":"BATIMENT0000000301150004","idu":"102200000B0085","type_lien":"GEO","nb_adr":1,"nb_bat":2}},{"type":"Feature","id":"lien_adresse_bati.2904860","geometry":{"type":"LineString","coordinates":[[3.79731356,48.515146],[3.79726548,48.51525728]]},"geometry_name":"geom","properties":{"id_adr":"10220_0280_00013","id_bat":"BATIMENT0000002220709431","idu":"102200000B0085","type_lien":"GEO","nb_adr":2,"nb_bat":2}},{"type":"Feature","id":"lien_adresse_bati.2714067","geometry":{"type":"LineString","coordinates":[[3.79815741,48.51462845],[3.79808276,48.51466966]]},"geometry_name":"geom","properties":{"id_adr":"10220_0280_00014","id_bat":"BATIMENT0000000301149958","idu":"102200000B1295","type_lien":"GEO","nb_adr":2,"nb_bat":1}},{"type":"Feature","id":"lien_adresse_bati.2791944","geometry":{"type":"LineString","coordinates":[[3.79749791,48.51506919],[3.79782485,48.51517225]]},"geometry_name":"geom","properties":{"id_adr":"10220_0280_00015","id_bat":"BATIMENT0000000301149988","idu":"102200000B0086","type_lien":"GEO","nb_adr":2,"nb_bat":2}},{"type":"Feature","id":"lien_adresse_bati.2789306","geometry":{"type":"LineString","coordinates":[[3.79749791,48.51506919],[3.79770619,48.51505326]]},"geometry_name":"geom","properties":{"id_adr":"10220_0280_00015","id_bat":"BATIMENT0000000301149932","idu":"102200000B0086","type_lien":"GEO","nb_adr":2,"nb_bat":2}},{"type":"Feature","id":"lien_adresse_bati.2776413","geometry":{"type":"LineString","coordinates":[[3.79758394,48.51502813],[3.79770619,48.51505326]]},"geometry_name":"geom","properties":{"id_adr":"10220_0280_00017","id_bat":"BATIMENT0000000301149932","idu":"102200000B0086","type_lien":"GEO","nb_adr":2,"nb_bat":2}},{"type":"Feature","id":"lien_adresse_bati.2665847","geometry":{"type":"LineString","coordinates":[[3.79758394,48.51502813],[3.79782485,48.51517225]]},"geometry_name":"geom","properties":{"id_adr":"10220_0280_00017","id_bat":"BATIMENT0000000301149988","idu":"102200000B0086","type_lien":"GEO","nb_adr":2,"nb_bat":2}},{"type":"Feature","id":"lien_adresse_bati.2859935","geometry":{"type":"LineString","coordinates":[[3.7986327,48.51445162],[3.79840745,48.51437547]]},"geometry_name":"geom","properties":{"id_adr":"10220_0280_00018","id_bat":"BATIMENT0000000301149893","idu":"102200000B0096","type_lien":"GEO","nb_adr":1,"nb_bat":2}},{"type":"Feature","id":"lien_adresse_bati.2760613","geometry":{"type":"LineString","coordinates":[[3.7986327,48.51445162],[3.79864805,48.51423471]]},"geometry_name":"geom","properties":{"id_adr":"10220_0280_00018","id_bat":"BATIMENT0000000301149883","idu":"102200000B0096","type_lien":"GEO","nb_adr":1,"nb_bat":2}},{"type":"Feature","id":"lien_adresse_bati.2768534","geometry":{"type":"LineString","coordinates":[[3.7978045,48.51492859],[3.79800427,48.51523816]]},"geometry_name":"geom","properties":{"id_adr":"10220_0280_00019","id_bat":"BATIMENT0000002220709354","idu":"102200000B0087","type_lien":"GEO","nb_adr":1,"nb_bat":2}},{"type":"Feature","id":"lien_adresse_bati.2778065","geometry":{"type":"LineString","coordinates":[[3.7978045,48.51492859],[3.79811309,48.51509753]]},"geometry_name":"geom","properties":{"id_adr":"10220_0280_00019","id_bat":"BATIMENT0000000301149994","idu":"102200000B0087","type_lien":"GEO","nb_adr":1,"nb_bat":2}},{"type":"Feature","id":"lien_adresse_bati.2771386","geometry":{"type":"LineString","coordinates":[[3.79905202,48.51433365],[3.79892481,48.51411611]]},"geometry_name":"geom","properties":{"id_adr":"10220_0280_00020","id_bat":"BATIMENT0000000301150013","idu":"102200000B0111","type_lien":"GEO","nb_adr":1,"nb_bat":1}},{"type":"Feature","id":"lien_adresse_bati.2786361","geometry":{"type":"LineString","coordinates":[[3.79829855,48.51464909],[3.79830806,48.51469567]]},"geometry_name":"geom","properties":{"id_adr":"10220_0280_00023","id_bat":"BATIMENT0000000301150000","idu":"102200000B0093","type_lien":"GEO","nb_adr":1,"nb_bat":1}},{"type":"Feature","id":"lien_adresse_bati.2915619","geometry":{"type":"LineString","coordinates":[[3.79884706,48.51447897],[3.79902451,48.51479424]]},"geometry_name":"geom","properties":{"id_adr":"10220_0280_00027","id_bat":"BATIMENT0000000301152002","idu":"102200000B1682","type_lien":"GEO","nb_adr":1,"nb_bat":1}},{"type":"Feature","id":"lien_adresse_bati.2686270","geometry":{"type":"LineString","coordinates":[[3.80008192,48.51403165],[3.79996793,48.51392684]]},"geometry_name":"geom","properties":{"id_adr":"10220_0280_00028","id_bat":"BATIMENT0000000301152010","idu":"102200000B0119","type_lien":"GEO","nb_adr":1,"nb_bat":3}},{"type":"Feature","id":"lien_adresse_bati.2755467","geometry":{"type":"LineString","coordinates":[[3.80008192,48.51403165],[3.79991882,48.51403616]]},"geometry_name":"geom","properties":{"id_adr":"10220_0280_00028","id_bat":"BATIMENT0000000335663861","idu":"102200000B0119","type_lien":"GEO","nb_adr":1,"nb_bat":3}},{"type":"Feature","id":"lien_adresse_bati.2732890","geometry":{"type":"LineString","coordinates":[[3.80008192,48.51403165],[3.80003782,48.51393689]]},"geometry_name":"geom","properties":{"id_adr":"10220_0280_00028","id_bat":"BATIMENT0000000301152009","idu":"102200000B0119","type_lien":"GEO","nb_adr":1,"nb_bat":3}},{"type":"Feature","id":"lien_adresse_bati.2817013","geometry":{"type":"LineString","coordinates":[[3.79921782,48.51437302],[3.79934283,48.51448175]]},"geometry_name":"geom","properties":{"id_adr":"10220_0280_00029","id_bat":"BATIMENT0000000301151992","idu":"102200000B1512","type_lien":"GEO","nb_adr":1,"nb_bat":1}},{"type":"Feature","id":"lien_adresse_bati.2907244","geometry":{"type":"LineString","coordinates":[[3.79954947,48.51427813],[3.79966166,48.51438251]]},"geometry_name":"geom","properties":{"id_adr":"10220_0280_00029_bis","id_bat":"BATIMENT0000000301151997","idu":"102200000B1513","type_lien":"GEO","nb_adr":1,"nb_bat":1}},{"type":"Feature","id":"lien_adresse_bati.2876407","geometry":{"type":"LineString","coordinates":[[3.80005226,48.51412901],[3.80013041,48.51424813]]},"geometry_name":"geom","properties":{"id_adr":"10220_0280_00031","id_bat":"BATIMENT0000000301151994","idu":"102200000B0115","type_lien":"GEO","nb_adr":1,"nb_bat":1}},{"type":"Feature","id":"lien_adresse_bati.2856523","geometry":{"type":"LineString","coordinates":[[3.81104607,48.51151573],[3.81080045,48.51156772]]},"geometry_name":"geom","properties":{"id_adr":"10220_0285_00001","id_bat":"BATIMENT0000000301151830","idu":"102200000B1517","type_lien":"GEO","nb_adr":1,"nb_bat":1}},{"type":"Feature","id":"lien_adresse_bati.2733183","geometry":{"type":"LineString","coordinates":[[3.78682515,48.5064994],[3.78655264,48.50669933]]},"geometry_name":"geom","properties":{"id_adr":"10220_0290_00005","id_bat":"BATIMENT0000002341955012","idu":"102200000D2368","type_lien":"GEO","nb_adr":1,"nb_bat":2}},{"type":"Feature","id":"lien_adresse_bati.2843099","geometry":{"type":"LineString","coordinates":[[3.78682515,48.5064994],[3.78677395,48.50660904]]},"geometry_name":"geom","properties":{"id_adr":"10220_0290_00005","id_bat":"BATIMENT0000000301149657","idu":"102200000D2368","type_lien":"GEO","nb_adr":1,"nb_bat":2}},{"type":"Feature","id":"lien_adresse_bati.2835104","geometry":{"type":"LineString","coordinates":[[3.78657901,48.50642636],[3.78659141,48.50621514]]},"geometry_name":"geom","properties":{"id_adr":"10220_0290_00006","id_bat":"BATIMENT0000000301149742","idu":"102200000D1878","type_lien":"GEO","nb_adr":1,"nb_bat":1}},{"type":"Feature","id":"lien_adresse_bati.2752969","geometry":{"type":"LineString","coordinates":[[3.78682531,48.50641933],[3.78701571,48.50625209]]},"geometry_name":"geom","properties":{"id_adr":"10220_0290_00006_a","id_bat":"BATIMENT0000000301149747","idu":"102200000D1877","type_lien":"GEO","nb_adr":5,"nb_bat":1}},{"type":"Feature","id":"lien_adresse_bati.2770747","geometry":{"type":"LineString","coordinates":[[3.78686861,48.50641814],[3.78701571,48.50625209]]},"geometry_name":"geom","properties":{"id_adr":"10220_0290_00006_b","id_bat":"BATIMENT0000000301149747","idu":"102200000D1877","type_lien":"GEO","nb_adr":5,"nb_bat":1}},{"type":"Feature","id":"lien_adresse_bati.2870871","geometry":{"type":"LineString","coordinates":[[3.78693493,48.5064168],[3.78701571,48.50625209]]},"geometry_name":"geom","properties":{"id_adr":"10220_0290_00006_c","id_bat":"BATIMENT0000000301149747","idu":"102200000D1877","type_lien":"GEO","nb_adr":5,"nb_bat":1}},{"type":"Feature","id":"lien_adresse_bati.2801031","geometry":{"type":"LineString","coordinates":[[3.78700124,48.50641457],[3.78701571,48.50625209]]},"geometry_name":"geom","properties":{"id_adr":"10220_0290_00008","id_bat":"BATIMENT0000000301149747","idu":"102200000D1877","type_lien":"GEO","nb_adr":5,"nb_bat":1}},{"type":"Feature","id":"lien_adresse_bati.2810349","geometry":{"type":"LineString","coordinates":[[3.78727632,48.50643164],[3.78701571,48.50625209]]},"geometry_name":"geom","properties":{"id_adr":"10220_0290_00008_bis","id_bat":"BATIMENT0000000301149747","idu":"102200000D1877","type_lien":"GEO","nb_adr":5,"nb_bat":1}},{"type":"Feature","id":"lien_adresse_bati.2873555","geometry":{"type":"LineString","coordinates":[[3.78781115,48.50679604],[3.78764892,48.50690147]]},"geometry_name":"geom","properties":{"id_adr":"10220_0290_00009","id_bat":"BATIMENT0000000301149667","idu":"102200000D1961","type_lien":"GEO","nb_adr":2,"nb_bat":1}},{"type":"Feature","id":"lien_adresse_bati.2710630","geometry":{"type":"LineString","coordinates":[[3.78817515,48.50669287],[3.78816019,48.50659851]]},"geometry_name":"geom","properties":{"id_adr":"10220_0290_00010","id_bat":"BATIMENT0000000301149675","idu":"102200000D1792","type_lien":"GEO","nb_adr":1,"nb_bat":1}},{"type":"Feature","id":"lien_adresse_bati.2793850","geometry":{"type":"LineString","coordinates":[[3.78801293,48.50698003],[3.78764892,48.50690147]]},"geometry_name":"geom","properties":{"id_adr":"10220_0290_00011","id_bat":"BATIMENT0000000301149667","idu":"102200000D1961","type_lien":"GEO","nb_adr":2,"nb_bat":1}},{"type":"Feature","id":"lien_adresse_bati.2731705","geometry":{"type":"LineString","coordinates":[[3.78875968,48.50658013],[3.78852427,48.50658754]]},"geometry_name":"geom","properties":{"id_adr":"10220_0290_00012","id_bat":"BATIMENT0000000301149637","idu":"102200000D1791","type_lien":"GEO","nb_adr":1,"nb_bat":2}},{"type":"Feature","id":"lien_adresse_bati.2685713","geometry":{"type":"LineString","coordinates":[[3.78875968,48.50658013],[3.78865584,48.50638249]]},"geometry_name":"geom","properties":{"id_adr":"10220_0290_00012","id_bat":"BATIMENT0000000292129099","idu":"102200000D1791","type_lien":"GEO","nb_adr":1,"nb_bat":2}},{"type":"Feature","id":"lien_adresse_bati.2734230","geometry":{"type":"LineString","coordinates":[[3.78833051,48.50685107],[3.78838625,48.50691152]]},"geometry_name":"geom","properties":{"id_adr":"10220_0290_00012_bis","id_bat":"BATIMENT0000000301149658","idu":"102200000D2065","type_lien":"GEO","nb_adr":2,"nb_bat":1}},{"type":"Feature","id":"lien_adresse_bati.2731320","geometry":{"type":"LineString","coordinates":[[3.78895366,48.50777626],[3.78869593,48.50792326]]},"geometry_name":"geom","properties":{"id_adr":"10220_0290_00013","id_bat":"BATIMENT0000000301149331","idu":"102200000D1949","type_lien":"GEO","nb_adr":1,"nb_bat":2}},{"type":"Feature","id":"lien_adresse_bati.2769406","geometry":{"type":"LineString","coordinates":[[3.78895366,48.50777626],[3.78870608,48.50775904]]},"geometry_name":"geom","properties":{"id_adr":"10220_0290_00013","id_bat":"BATIMENT0000000301149793","idu":"102200000D1949","type_lien":"GEO","nb_adr":2,"nb_bat":2}},{"type":"Feature","id":"lien_adresse_bati.2809961","geometry":{"type":"LineString","coordinates":[[3.78841442,48.50675875],[3.78838625,48.50691152]]},"geometry_name":"geom","properties":{"id_adr":"10220_0290_00014","id_bat":"BATIMENT0000000301149658","idu":"102200000D2065","type_lien":"GEO","nb_adr":2,"nb_bat":1}},{"type":"Feature","id":"lien_adresse_bati.2788127","geometry":{"type":"LineString","coordinates":[[3.78837342,48.50718365],[3.7886983,48.5068934]]},"geometry_name":"geom","properties":{"id_adr":"10220_0290_00014_bis","id_bat":"BATIMENT0000000301149686","idu":"102200000D2066","type_lien":"GEO","nb_adr":1,"nb_bat":2}},{"type":"Feature","id":"lien_adresse_bati.2699877","geometry":{"type":"LineString","coordinates":[[3.78837342,48.50718365],[3.78857352,48.50712061]]},"geometry_name":"geom","properties":{"id_adr":"10220_0290_00014_bis","id_bat":"BATIMENT0000000301149708","idu":"102200000D2066","type_lien":"GEO","nb_adr":1,"nb_bat":2}},{"type":"Feature","id":"lien_adresse_bati.2905278","geometry":{"type":"LineString","coordinates":[[3.78913192,48.50792621],[3.78861934,48.50816917]]},"geometry_name":"geom","properties":{"id_adr":"10220_0290_00015","id_bat":"BATIMENT0000002204516379","idu":"102200000D1948","type_lien":"GEO","nb_adr":1,"nb_bat":2}},{"type":"Feature","id":"lien_adresse_bati.2894722","geometry":{"type":"LineString","coordinates":[[3.78913192,48.50792621],[3.78890988,48.50803564]]},"geometry_name":"geom","properties":{"id_adr":"10220_0290_00015","id_bat":"BATIMENT0000000301149274","idu":"102200000D1948","type_lien":"GEO","nb_adr":1,"nb_bat":2}},{"type":"Feature","id":"lien_adresse_bati.2685854","geometry":{"type":"LineString","coordinates":[[3.78890938,48.50762271],[3.78935618,48.50748885]]},"geometry_name":"geom","properties":{"id_adr":"10220_0290_00016","id_bat":"BATIMENT0000002204516372","idu":"102200000D1924","type_lien":"GEO","nb_adr":2,"nb_bat":3}},{"type":"Feature","id":"lien_adresse_bati.2726344","geometry":{"type":"LineString","coordinates":[[3.78890938,48.50762271],[3.78916468,48.50749373]]},"geometry_name":"geom","properties":{"id_adr":"10220_0290_00016","id_bat":"BATIMENT0000000301149695","idu":"102200000D1924","type_lien":"GEO","nb_adr":2,"nb_bat":3}},{"type":"Feature","id":"lien_adresse_bati.2847262","geometry":{"type":"LineString","coordinates":[[3.78890938,48.50762271],[3.78911598,48.50754127]]},"geometry_name":"geom","properties":{"id_adr":"10220_0290_00016","id_bat":"BATIMENT0000000301149696","idu":"102200000D1924","type_lien":"GEO","nb_adr":2,"nb_bat":3}},{"type":"Feature","id":"lien_adresse_bati.2725776","geometry":{"type":"LineString","coordinates":[[3.78931544,48.50806533],[3.78908679,48.50823193]]},"geometry_name":"geom","properties":{"id_adr":"10220_0290_00017","id_bat":"BATIMENT0000000301149323","idu":"102200000D1947","type_lien":"GEO","nb_adr":1,"nb_bat":1}},{"type":"Feature","id":"lien_adresse_bati.2707988","geometry":{"type":"LineString","coordinates":[[3.78908884,48.50776186],[3.78937596,48.50763331]]},"geometry_name":"geom","properties":{"id_adr":"10220_0290_00018","id_bat":"BATIMENT0000000301149697","idu":"102200000D1925","type_lien":"GEO","nb_adr":1,"nb_bat":1}},{"type":"Feature","id":"lien_adresse_bati.2713887","geometry":{"type":"LineString","coordinates":[[3.78950013,48.50819275],[3.78931794,48.50833521]]},"geometry_name":"geom","properties":{"id_adr":"10220_0290_00019","id_bat":"BATIMENT0000000301149441","idu":"102200000D1946","type_lien":"GEO","nb_adr":1,"nb_bat":1}},{"type":"Feature","id":"lien_adresse_bati.2722235","geometry":{"type":"LineString","coordinates":[[3.7892766,48.50791355],[3.78959641,48.50775294]]},"geometry_name":"geom","properties":{"id_adr":"10220_0290_00020","id_bat":"BATIMENT0000000301149442","idu":"102200000D1926","type_lien":"GEO","nb_adr":1,"nb_bat":1}},{"type":"Feature","id":"lien_adresse_bati.2703623","geometry":{"type":"LineString","coordinates":[[3.78973106,48.50833336],[3.78975194,48.50857747]]},"geometry_name":"geom","properties":{"id_adr":"10220_0290_00021","id_bat":"BATIMENT0000000301149366","idu":"102200000D1942","type_lien":"GEO","nb_adr":2,"nb_bat":1}},{"type":"Feature","id":"lien_adresse_bati.2665100","geometry":{"type":"LineString","coordinates":[[3.78947514,48.50806157],[3.7899285,48.50769466]]},"geometry_name":"geom","properties":{"id_adr":"10220_0290_00022","id_bat":"BATIMENT0000000301149790","idu":"102200000D1927","type_lien":"GEO","nb_adr":1,"nb_bat":3}},{"type":"Feature","id":"lien_adresse_bati.2819015","geometry":{"type":"LineString","coordinates":[[3.78947514,48.50806157],[3.78997225,48.50772496]]},"geometry_name":"geom","properties":{"id_adr":"10220_0290_00022","id_bat":"BATIMENT0000000301149791","idu":"102200000D1927","type_lien":"GEO","nb_adr":1,"nb_bat":3}},{"type":"Feature","id":"lien_adresse_bati.2852455","geometry":{"type":"LineString","coordinates":[[3.78947514,48.50806157],[3.78967974,48.50793753]]},"geometry_name":"geom","properties":{"id_adr":"10220_0290_00022","id_bat":"BATIMENT0000000301149445","idu":"102200000D1927","type_lien":"GEO","nb_adr":1,"nb_bat":3}},{"type":"Feature","id":"lien_adresse_bati.2784932","geometry":{"type":"LineString","coordinates":[[3.79051458,48.50857735],[3.79044538,48.50878922]]},"geometry_name":"geom","properties":{"id_adr":"10220_0290_00023","id_bat":"BATIMENT0000000301149390","idu":"102200000D1940","type_lien":"GEO","nb_adr":1,"nb_bat":1}},{"type":"Feature","id":"lien_adresse_bati.2825048","geometry":{"type":"LineString","coordinates":[[3.78966662,48.50818985],[3.78990017,48.50803896]]},"geometry_name":"geom","properties":{"id_adr":"10220_0290_00024","id_bat":"BATIMENT0000000301149435","idu":"102200000D1928","type_lien":"GEO","nb_adr":2,"nb_bat":1}},{"type":"Feature","id":"lien_adresse_bati.2827953","geometry":{"type":"LineString","coordinates":[[3.7907967,48.50861056],[3.79075553,48.50879795]]},"geometry_name":"geom","properties":{"id_adr":"10220_0290_00025","id_bat":"BATIMENT0000000301149414","idu":"102200000D1939","type_lien":"GEO","nb_adr":1,"nb_bat":1}},{"type":"Feature","id":"lien_adresse_bati.2744051","geometry":{"type":"LineString","coordinates":[[3.78975548,48.50824683],[3.78990017,48.50803896]]},"geometry_name":"geom","properties":{"id_adr":"10220_0290_00026","id_bat":"BATIMENT0000000301149435","idu":"102200000D1928","type_lien":"GEO","nb_adr":2,"nb_bat":1}},{"type":"Feature","id":"lien_adresse_bati.2896022","geometry":{"type":"LineString","coordinates":[[3.79103104,48.50861799],[3.7910596,48.50879998]]},"geometry_name":"geom","properties":{"id_adr":"10220_0290_00027","id_bat":"BATIMENT0000000301149484","idu":"102200000D1938","type_lien":"GEO","nb_adr":1,"nb_bat":1}},{"type":"Feature","id":"lien_adresse_bati.2728642","geometry":{"type":"LineString","coordinates":[[3.79029327,48.50844568],[3.79038641,48.50827233]]},"geometry_name":"geom","properties":{"id_adr":"10220_0290_00028","id_bat":"BATIMENT0000000301149391","idu":"102200000D1930","type_lien":"GEO","nb_adr":1,"nb_bat":1}},{"type":"Feature","id":"lien_adresse_bati.2915725","geometry":{"type":"LineString","coordinates":[[3.79127205,48.50861909],[3.79130304,48.50883524]]},"geometry_name":"geom","properties":{"id_adr":"10220_0290_00029","id_bat":"BATIMENT0000000301149357","idu":"102200000D1937","type_lien":"GEO","nb_adr":1,"nb_bat":1}},{"type":"Feature","id":"lien_adresse_bati.2740980","geometry":{"type":"LineString","coordinates":[[3.79060288,48.50850659],[3.79066698,48.50832939]]},"geometry_name":"geom","properties":{"id_adr":"10220_0290_00030","id_bat":"BATIMENT0000000301149407","idu":"102200000D1931","type_lien":"GEO","nb_adr":1,"nb_bat":1}},{"type":"Feature","id":"lien_adresse_bati.2791952","geometry":{"type":"LineString","coordinates":[[3.79158341,48.50861611],[3.79161134,48.50885208]]},"geometry_name":"geom","properties":{"id_adr":"10220_0290_00031","id_bat":"BATIMENT0000000301149765","idu":"102200000D1936","type_lien":"GEO","nb_adr":1,"nb_bat":1}},{"type":"Feature","id":"lien_adresse_bati.2720215","geometry":{"type":"LineString","coordinates":[[3.79225229,48.50852979],[3.79237187,48.50820795]]},"geometry_name":"geom","properties":{"id_adr":"10220_0290_00032","id_bat":"BATIMENT0000002494156403","idu":"102200000D1932","type_lien":"GEO","nb_adr":1,"nb_bat":2}},{"type":"Feature","id":"lien_adresse_bati.2836624","geometry":{"type":"LineString","coordinates":[[3.79225229,48.50852979],[3.79224862,48.50834584]]},"geometry_name":"geom","properties":{"id_adr":"10220_0290_00032","id_bat":"BATIMENT0000000301149271","idu":"102200000D1932","type_lien":"GEO","nb_adr":1,"nb_bat":2}},{"type":"Feature","id":"lien_adresse_bati.2824297","geometry":{"type":"LineString","coordinates":[[3.79186092,48.50861337],[3.79186249,48.50876359]]},"geometry_name":"geom","properties":{"id_adr":"10220_0290_00033","id_bat":"BATIMENT0000000301149259","idu":"102200000D1935","type_lien":"GEO","nb_adr":1,"nb_bat":1}},{"type":"Feature","id":"lien_adresse_bati.2661662","geometry":{"type":"LineString","coordinates":[[3.79213981,48.50861241],[3.79217342,48.5088209]]},"geometry_name":"geom","properties":{"id_adr":"10220_0290_00035","id_bat":"BATIMENT0000000301149258","idu":"102200000D1934","type_lien":"GEO","nb_adr":1,"nb_bat":1}},{"type":"Feature","id":"lien_adresse_bati.2907224","geometry":{"type":"LineString","coordinates":[[3.79243221,48.50860956],[3.79244483,48.50881459]]},"geometry_name":"geom","properties":{"id_adr":"10220_0290_00037","id_bat":"BATIMENT0000000301149321","idu":"102200000D1933","type_lien":"GEO","nb_adr":1,"nb_bat":1}},{"type":"Feature","id":"lien_adresse_bati.2774140","geometry":{"type":"LineString","coordinates":[[3.78886944,48.50622675],[3.78892163,48.50614229]]},"geometry_name":"geom","properties":{"id_adr":"10220_0300_00001","id_bat":"BATIMENT0000000301149725","idu":"102200000D1778","type_lien":"GEO","nb_adr":1,"nb_bat":1}},{"type":"Feature","id":"lien_adresse_bati.2905212","geometry":{"type":"LineString","coordinates":[[3.78861567,48.50618705],[3.78848729,48.50624773]]},"geometry_name":"geom","properties":{"id_adr":"10220_0300_00002","id_bat":"BATIMENT0000000301149744","idu":"102200000D1777","type_lien":"GEO","nb_adr":1,"nb_bat":1}},{"type":"Feature","id":"lien_adresse_bati.2878517","geometry":{"type":"LineString","coordinates":[[3.7885832,48.50600824],[3.78870841,48.50596157]]},"geometry_name":"geom","properties":{"id_adr":"10220_0300_00003","id_bat":"BATIMENT0000000301149724","idu":"102200000D1790","type_lien":"GEO","nb_adr":1,"nb_bat":1}},{"type":"Feature","id":"lien_adresse_bati.2758340","geometry":{"type":"LineString","coordinates":[[3.78846022,48.50602255],[3.7883516,48.50609185]]},"geometry_name":"geom","properties":{"id_adr":"10220_0300_00004","id_bat":"BATIMENT0000000301149743","idu":"102200000D1776","type_lien":"GEO","nb_adr":1,"nb_bat":1}},{"type":"Feature","id":"lien_adresse_bati.2773931","geometry":{"type":"LineString","coordinates":[[3.78850075,48.50574699],[3.78862577,48.5057332]]},"geometry_name":"geom","properties":{"id_adr":"10220_0300_00005","id_bat":"BATIMENT0000000301149762","idu":"102200000D1789","type_lien":"GEO","nb_adr":1,"nb_bat":1}},{"type":"Feature","id":"lien_adresse_bati.2731073","geometry":{"type":"LineString","coordinates":[[3.78838295,48.50583594],[3.7882225,48.50583475]]},"geometry_name":"geom","properties":{"id_adr":"10220_0300_00006","id_bat":"BATIMENT0000000301149741","idu":"102200000D1775","type_lien":"GEO","nb_adr":1,"nb_bat":1}},{"type":"Feature","id":"lien_adresse_bati.2683933","geometry":{"type":"LineString","coordinates":[[3.78859577,48.50549357],[3.78873223,48.5055202]]},"geometry_name":"geom","properties":{"id_adr":"10220_0300_00007","id_bat":"BATIMENT0000000301149723","idu":"102200000D1788","type_lien":"GEO","nb_adr":1,"nb_bat":1}},{"type":"Feature","id":"lien_adresse_bati.2682419","geometry":{"type":"LineString","coordinates":[[3.78838846,48.50566227],[3.78823095,48.50567588]]},"geometry_name":"geom","properties":{"id_adr":"10220_0300_00008","id_bat":"BATIMENT0000000301149758","idu":"102200000D1774","type_lien":"GEO","nb_adr":1,"nb_bat":2}},{"type":"Feature","id":"lien_adresse_bati.2845139","geometry":{"type":"LineString","coordinates":[[3.78838846,48.50566227],[3.78797504,48.50562782]]},"geometry_name":"geom","properties":{"id_adr":"10220_0300_00008","id_bat":"BATIMENT0000002335004622","idu":"102200000D1774","type_lien":"GEO","nb_adr":1,"nb_bat":2}},{"type":"Feature","id":"lien_adresse_bati.2678644","geometry":{"type":"LineString","coordinates":[[3.7889025,48.50527382],[3.78891798,48.50536998]]},"geometry_name":"geom","properties":{"id_adr":"10220_0300_00009","id_bat":"BATIMENT0000000301149757","idu":"102200000D1787","type_lien":"GEO","nb_adr":1,"nb_bat":1}},{"type":"Feature","id":"lien_adresse_bati.2812858","geometry":{"type":"LineString","coordinates":[[3.78848166,48.50546733],[3.7883211,48.50545896]]},"geometry_name":"geom","properties":{"id_adr":"10220_0300_00010","id_bat":"BATIMENT0000000301149740","idu":"102200000D1773","type_lien":"GEO","nb_adr":1,"nb_bat":1}},{"type":"Feature","id":"lien_adresse_bati.2787974","geometry":{"type":"LineString","coordinates":[[3.78928433,48.50518762],[3.78929846,48.50530852]]},"geometry_name":"geom","properties":{"id_adr":"10220_0300_00011","id_bat":"BATIMENT0000000301149722","idu":"102200000D1786","type_lien":"GEO","nb_adr":1,"nb_bat":2}},{"type":"Feature","id":"lien_adresse_bati.2675009","geometry":{"type":"LineString","coordinates":[[3.78928433,48.50518762],[3.78942372,48.50552163]]},"geometry_name":"geom","properties":{"id_adr":"10220_0300_00011","id_bat":"BATIMENT0000000301149818","idu":"102200000D1786","type_lien":"GEO","nb_adr":1,"nb_bat":2}},{"type":"Feature","id":"lien_adresse_bati.2913407","geometry":{"type":"LineString","coordinates":[[3.78861634,48.5053306],[3.788136,48.50513451]]},"geometry_name":"geom","properties":{"id_adr":"10220_0300_00012","id_bat":"BATIMENT0000000301149748","idu":"102200000D1772","type_lien":"GEO","nb_adr":1,"nb_bat":3}},{"type":"Feature","id":"lien_adresse_bati.2761532","geometry":{"type":"LineString","coordinates":[[3.78861634,48.5053306],[3.78808087,48.50509665]]},"geometry_name":"geom","properties":{"id_adr":"10220_0300_00012","id_bat":"BATIMENT0000000301149749","idu":"102200000D1772","type_lien":"GEO","nb_adr":1,"nb_bat":3}},{"type":"Feature","id":"lien_adresse_bati.2801424","geometry":{"type":"LineString","coordinates":[[3.78861634,48.5053306],[3.78847538,48.50527491]]},"geometry_name":"geom","properties":{"id_adr":"10220_0300_00012","id_bat":"BATIMENT0000000301149731","idu":"102200000D1772","type_lien":"GEO","nb_adr":1,"nb_bat":3}},{"type":"Feature","id":"lien_adresse_bati.2746559","geometry":{"type":"LineString","coordinates":[[3.78973877,48.50524757],[3.78967125,48.505311]]},"geometry_name":"geom","properties":{"id_adr":"10220_0300_00013","id_bat":"BATIMENT0000000301149756","idu":"102200000D1785","type_lien":"GEO","nb_adr":1,"nb_bat":1}},{"type":"Feature","id":"lien_adresse_bati.2671846","geometry":{"type":"LineString","coordinates":[[3.78890651,48.50518023],[3.78883716,48.50506914]]},"geometry_name":"geom","properties":{"id_adr":"10220_0300_00014","id_bat":"BATIMENT0000000301149739","idu":"102200000D1771","type_lien":"GEO","nb_adr":1,"nb_bat":2}},{"type":"Feature","id":"lien_adresse_bati.2782160","geometry":{"type":"LineString","coordinates":[[3.78890651,48.50518023],[3.78903726,48.50492348]]},"geometry_name":"geom","properties":{"id_adr":"10220_0300_00014","id_bat":"BATIMENT0000002321386914","idu":"102200000D1771","type_lien":"GEO","nb_adr":1,"nb_bat":2}},{"type":"Feature","id":"lien_adresse_bati.2859496","geometry":{"type":"LineString","coordinates":[[3.79004726,48.50541555],[3.78989736,48.50544048]]},"geometry_name":"geom","properties":{"id_adr":"10220_0300_00015","id_bat":"BATIMENT0000000301149721","idu":"102200000D1784","type_lien":"GEO","nb_adr":1,"nb_bat":1}},{"type":"Feature","id":"lien_adresse_bati.2694604","geometry":{"type":"LineString","coordinates":[[3.78948356,48.50511162],[3.78964238,48.505026]]},"geometry_name":"geom","properties":{"id_adr":"10220_0300_00016","id_bat":"BATIMENT0000000301149734","idu":"102200000D1770","type_lien":"GEO","nb_adr":1,"nb_bat":2}},{"type":"Feature","id":"lien_adresse_bati.2701637","geometry":{"type":"LineString","coordinates":[[3.78948356,48.50511162],[3.78985039,48.50501795]]},"geometry_name":"geom","properties":{"id_adr":"10220_0300_00016","id_bat":"BATIMENT0000002204516378","idu":"102200000D1770","type_lien":"GEO","nb_adr":1,"nb_bat":2}},{"type":"Feature","id":"lien_adresse_bati.2719608","geometry":{"type":"LineString","coordinates":[[3.79020095,48.50564214],[3.79003362,48.50565207]]},"geometry_name":"geom","properties":{"id_adr":"10220_0300_00017","id_bat":"BATIMENT0000000301149755","idu":"102200000D1783","type_lien":"GEO","nb_adr":1,"nb_bat":1}},{"type":"Feature","id":"lien_adresse_bati.2870514","geometry":{"type":"LineString","coordinates":[[3.78993754,48.50523186],[3.79000617,48.50512479]]},"geometry_name":"geom","properties":{"id_adr":"10220_0300_00018","id_bat":"BATIMENT0000000301149736","idu":"102200000D1769","type_lien":"GEO","nb_adr":1,"nb_bat":1}},{"type":"Feature","id":"lien_adresse_bati.2746127","geometry":{"type":"LineString","coordinates":[[3.79018992,48.50589861],[3.79003363,48.50590575]]},"geometry_name":"geom","properties":{"id_adr":"10220_0300_00019","id_bat":"BATIMENT0000000301149717","idu":"102200000D1782","type_lien":"GEO","nb_adr":2,"nb_bat":1}},{"type":"Feature","id":"lien_adresse_bati.2717864","geometry":{"type":"LineString","coordinates":[[3.79011791,48.50534221],[3.79028077,48.50527893]]},"geometry_name":"geom","properties":{"id_adr":"10220_0300_00020","id_bat":"BATIMENT0000000301149738","idu":"102200000D1768","type_lien":"GEO","nb_adr":1,"nb_bat":2}},{"type":"Feature","id":"lien_adresse_bati.2860035","geometry":{"type":"LineString","coordinates":[[3.79011791,48.50534221],[3.79058001,48.50525785]]},"geometry_name":"geom","properties":{"id_adr":"10220_0300_00020","id_bat":"BATIMENT0000000301149746","idu":"102200000D1768","type_lien":"GEO","nb_adr":2,"nb_bat":2}},{"type":"Feature","id":"lien_adresse_bati.2785213","geometry":{"type":"LineString","coordinates":[[3.79001995,48.50611925],[3.78986064,48.50608252]]},"geometry_name":"geom","properties":{"id_adr":"10220_0300_00021","id_bat":"BATIMENT0000000301149720","idu":"102200000D1781","type_lien":"GEO","nb_adr":1,"nb_bat":2}},{"type":"Feature","id":"lien_adresse_bati.2781767","geometry":{"type":"LineString","coordinates":[[3.79001995,48.50611925],[3.79000463,48.5059825]]},"geometry_name":"geom","properties":{"id_adr":"10220_0300_00021","id_bat":"BATIMENT0000000301149717","idu":"102200000D1781","type_lien":"GEO","nb_adr":2,"nb_bat":2}},{"type":"Feature","id":"lien_adresse_bati.2762070","geometry":{"type":"LineString","coordinates":[[3.79026806,48.50551394],[3.7906154,48.5052986]]},"geometry_name":"geom","properties":{"id_adr":"10220_0300_00022","id_bat":"BATIMENT0000000301149746","idu":"102200000D1767","type_lien":"GEO","nb_adr":2,"nb_bat":2}},{"type":"Feature","id":"lien_adresse_bati.2834147","geometry":{"type":"LineString","coordinates":[[3.79026806,48.50551394],[3.79041112,48.50548435]]},"geometry_name":"geom","properties":{"id_adr":"10220_0300_00022","id_bat":"BATIMENT0000000301149737","idu":"102200000D1767","type_lien":"GEO","nb_adr":1,"nb_bat":2}},{"type":"Feature","id":"lien_adresse_bati.2781676","geometry":{"type":"LineString","coordinates":[[3.78967992,48.50628524],[3.78962363,48.50618801]]},"geometry_name":"geom","properties":{"id_adr":"10220_0300_00023","id_bat":"BATIMENT0000000301149719","idu":"102200000D1780","type_lien":"GEO","nb_adr":1,"nb_bat":1}},{"type":"Feature","id":"lien_adresse_bati.2905420","geometry":{"type":"LineString","coordinates":[[3.7903344,48.50569343],[3.79053019,48.50570427]]},"geometry_name":"geom","properties":{"id_adr":"10220_0300_00024","id_bat":"BATIMENT0000000301149735","idu":"102200000D1766","type_lien":"GEO","nb_adr":1,"nb_bat":1}},{"type":"Feature","id":"lien_adresse_bati.2791163","geometry":{"type":"LineString","coordinates":[[3.7892283,48.50632243],[3.78930215,48.50623827]]},"geometry_name":"geom","properties":{"id_adr":"10220_0300_00025","id_bat":"BATIMENT0000000301149718","idu":"102200000D1779","type_lien":"GEO","nb_adr":1,"nb_bat":1}},{"type":"Feature","id":"lien_adresse_bati.2803870","geometry":{"type":"LineString","coordinates":[[3.7903263,48.50587521],[3.79045504,48.50592797]]},"geometry_name":"geom","properties":{"id_adr":"10220_0300_00026","id_bat":"BATIMENT0000000301149763","idu":"102200000D1765","type_lien":"GEO","nb_adr":1,"nb_bat":1}},{"type":"Feature","id":"lien_adresse_bati.2808784","geometry":{"type":"LineString","coordinates":[[3.79022083,48.50606303],[3.79034489,48.50612058]]},"geometry_name":"geom","properties":{"id_adr":"10220_0300_00028","id_bat":"BATIMENT0000000301149733","idu":"102200000D1764","type_lien":"GEO","nb_adr":1,"nb_bat":1}},{"type":"Feature","id":"lien_adresse_bati.2684841","geometry":{"type":"LineString","coordinates":[[3.79004859,48.50622341],[3.79016227,48.50628878]]},"geometry_name":"geom","properties":{"id_adr":"10220_0300_00030","id_bat":"BATIMENT0000000301149732","idu":"102200000D1763","type_lien":"GEO","nb_adr":1,"nb_bat":1}},{"type":"Feature","id":"lien_adresse_bati.2737696","geometry":{"type":"LineString","coordinates":[[3.78984295,48.50632284],[3.78991009,48.5064236]]},"geometry_name":"geom","properties":{"id_adr":"10220_0300_00032","id_bat":"BATIMENT0000000301149674","idu":"102200000D1762","type_lien":"GEO","nb_adr":1,"nb_bat":1}},{"type":"Feature","id":"lien_adresse_bati.2687345","geometry":{"type":"LineString","coordinates":[[3.78956915,48.50639123],[3.78955646,48.50646014]]},"geometry_name":"geom","properties":{"id_adr":"10220_0300_00034","id_bat":"BATIMENT0000000301149672","idu":"102200000D1761","type_lien":"GEO","nb_adr":1,"nb_bat":2}},{"type":"Feature","id":"lien_adresse_bati.2679515","geometry":{"type":"LineString","coordinates":[[3.78956915,48.50639123],[3.7895688,48.50650324]]},"geometry_name":"geom","properties":{"id_adr":"10220_0300_00034","id_bat":"BATIMENT0000000301149673","idu":"102200000D1761","type_lien":"GEO","nb_adr":1,"nb_bat":2}},{"type":"Feature","id":"lien_adresse_bati.2795232","geometry":{"type":"LineString","coordinates":[[3.78924443,48.50640509],[3.78905405,48.50663246]]},"geometry_name":"geom","properties":{"id_adr":"10220_0300_00036","id_bat":"BATIMENT0000000301149659","idu":"102200000D1760","type_lien":"GEO","nb_adr":1,"nb_bat":2}},{"type":"Feature","id":"lien_adresse_bati.2694300","geometry":{"type":"LineString","coordinates":[[3.78924443,48.50640509],[3.78928217,48.50650514]]},"geometry_name":"geom","properties":{"id_adr":"10220_0300_00036","id_bat":"BATIMENT0000000301149671","idu":"102200000D1760","type_lien":"GEO","nb_adr":1,"nb_bat":2}},{"type":"Feature","id":"lien_adresse_bati.2901661","geometry":{"type":"LineString","coordinates":[[3.80568178,48.5123232],[3.80539773,48.51247455]]},"geometry_name":"geom","properties":{"id_adr":"10220_0310_00001","id_bat":"BATIMENT0000002006956379","idu":"102200000B1626","type_lien":"GEO","nb_adr":3,"nb_bat":2}},{"type":"Feature","id":"lien_adresse_bati.2771928","geometry":{"type":"LineString","coordinates":[[3.80568178,48.5123232],[3.8055558,48.512364]]},"geometry_name":"geom","properties":{"id_adr":"10220_0310_00001","id_bat":"BATIMENT0000000301151880","idu":"102200000B1626","type_lien":"GEO","nb_adr":2,"nb_bat":2}},{"type":"Feature","id":"lien_adresse_bati.2897113","geometry":{"type":"LineString","coordinates":[[3.80576674,48.51221287],[3.80622623,48.51250721]]},"geometry_name":"geom","properties":{"id_adr":"10220_0310_00004","id_bat":"BATIMENT0000000301151894","idu":"102200000B1622","type_lien":"GEO","nb_adr":3,"nb_bat":3}},{"type":"Feature","id":"lien_adresse_bati.2818548","geometry":{"type":"LineString","coordinates":[[3.80576674,48.51221287],[3.80592165,48.5123958]]},"geometry_name":"geom","properties":{"id_adr":"10220_0310_00004","id_bat":"BATIMENT0000000009355132","idu":"102200000B1622","type_lien":"GEO","nb_adr":3,"nb_bat":3}},{"type":"Feature","id":"lien_adresse_bati.2854665","geometry":{"type":"LineString","coordinates":[[3.80576674,48.51221287],[3.80611098,48.51251491]]},"geometry_name":"geom","properties":{"id_adr":"10220_0310_00004","id_bat":"BATIMENT0000000301151895","idu":"102200000B1622","type_lien":"GEO","nb_adr":3,"nb_bat":3}},{"type":"Feature","id":"lien_adresse_bati.2811315","geometry":{"type":"LineString","coordinates":[[3.80579784,48.51229813],[3.80592165,48.5123958]]},"geometry_name":"geom","properties":{"id_adr":"10220_0310_00004_bis","id_bat":"BATIMENT0000000009355132","idu":"102200000B1622","type_lien":"GEO","nb_adr":3,"nb_bat":3}},{"type":"Feature","id":"lien_adresse_bati.2816651","geometry":{"type":"LineString","coordinates":[[3.80579784,48.51229813],[3.80611098,48.51251491]]},"geometry_name":"geom","properties":{"id_adr":"10220_0310_00004_bis","id_bat":"BATIMENT0000000301151895","idu":"102200000B1622","type_lien":"GEO","nb_adr":3,"nb_bat":3}},{"type":"Feature","id":"lien_adresse_bati.2884649","geometry":{"type":"LineString","coordinates":[[3.80579784,48.51229813],[3.80622623,48.51250721]]},"geometry_name":"geom","properties":{"id_adr":"10220_0310_00004_bis","id_bat":"BATIMENT0000000301151894","idu":"102200000B1622","type_lien":"GEO","nb_adr":3,"nb_bat":3}},{"type":"Feature","id":"lien_adresse_bati.2844392","geometry":{"type":"LineString","coordinates":[[3.80579578,48.51260492],[3.80568743,48.51264711]]},"geometry_name":"geom","properties":{"id_adr":"10220_0310_00005","id_bat":"BATIMENT0000000301151943","idu":"102200000B1625","type_lien":"GEO","nb_adr":1,"nb_bat":2}},{"type":"Feature","id":"lien_adresse_bati.2721901","geometry":{"type":"LineString","coordinates":[[3.80579578,48.51260492],[3.80541048,48.51253266]]},"geometry_name":"geom","properties":{"id_adr":"10220_0310_00005","id_bat":"BATIMENT0000002006956379","idu":"102200000B1625","type_lien":"GEO","nb_adr":3,"nb_bat":2}},{"type":"Feature","id":"lien_adresse_bati.2727819","geometry":{"type":"LineString","coordinates":[[3.80593146,48.51262289],[3.80600926,48.51253107]]},"geometry_name":"geom","properties":{"id_adr":"10220_0310_00006","id_bat":"BATIMENT0000000301151896","idu":"102200000B1624","type_lien":"GEO","nb_adr":1,"nb_bat":2}},{"type":"Feature","id":"lien_adresse_bati.2863648","geometry":{"type":"LineString","coordinates":[[3.80593146,48.51262289],[3.80625663,48.51259807]]},"geometry_name":"geom","properties":{"id_adr":"10220_0310_00006","id_bat":"BATIMENT0000000301151888","idu":"102200000B1624","type_lien":"GEO","nb_adr":3,"nb_bat":2}},{"type":"Feature","id":"lien_adresse_bati.2804765","geometry":{"type":"LineString","coordinates":[[3.80589157,48.512759],[3.80577726,48.51279736]]},"geometry_name":"geom","properties":{"id_adr":"10220_0310_00007","id_bat":"BATIMENT0000000301151939","idu":"102200000B0272","type_lien":"GEO","nb_adr":1,"nb_bat":1}},{"type":"Feature","id":"lien_adresse_bati.2896105","geometry":{"type":"LineString","coordinates":[[3.80613794,48.5128428],[3.80620047,48.51294724]]},"geometry_name":"geom","properties":{"id_adr":"10220_0310_00009","id_bat":"BATIMENT0000000301151828","idu":"102200000B0192","type_lien":"GEO","nb_adr":1,"nb_bat":1}},{"type":"Feature","id":"lien_adresse_bati.2809274","geometry":{"type":"LineString","coordinates":[[3.8061771,48.51274807],[3.8061733,48.51271575]]},"geometry_name":"geom","properties":{"id_adr":"10220_0310_00010","id_bat":"BATIMENT0000000301151891","idu":"102200000B0257","type_lien":"GEO","nb_adr":3,"nb_bat":1}},{"type":"Feature","id":"lien_adresse_bati.2799754","geometry":{"type":"LineString","coordinates":[[3.80646005,48.51265709],[3.80628972,48.51267212]]},"geometry_name":"geom","properties":{"id_adr":"10220_0310_00012","id_bat":"BATIMENT0000000301151888","idu":"102200000B1623","type_lien":"GEO","nb_adr":3,"nb_bat":3}},{"type":"Feature","id":"lien_adresse_bati.2696579","geometry":{"type":"LineString","coordinates":[[3.80646005,48.51265709],[3.80624064,48.51269621]]},"geometry_name":"geom","properties":{"id_adr":"10220_0310_00012","id_bat":"BATIMENT0000000301151891","idu":"102200000B1623","type_lien":"GEO","nb_adr":3,"nb_bat":3}},{"type":"Feature","id":"lien_adresse_bati.2833889","geometry":{"type":"LineString","coordinates":[[3.80646005,48.51265709],[3.80638539,48.51255677]]},"geometry_name":"geom","properties":{"id_adr":"10220_0310_00012","id_bat":"BATIMENT0000000301151949","idu":"102200000B1623","type_lien":"GEO","nb_adr":2,"nb_bat":3}},{"type":"Feature","id":"lien_adresse_bati.2752829","geometry":{"type":"LineString","coordinates":[[3.80666656,48.5126143],[3.80624064,48.51269621]]},"geometry_name":"geom","properties":{"id_adr":"10220_0310_00014","id_bat":"BATIMENT0000000301151891","idu":"102200000B1623","type_lien":"GEO","nb_adr":3,"nb_bat":3}},{"type":"Feature","id":"lien_adresse_bati.2799332","geometry":{"type":"LineString","coordinates":[[3.80666656,48.5126143],[3.80638539,48.51255677]]},"geometry_name":"geom","properties":{"id_adr":"10220_0310_00014","id_bat":"BATIMENT0000000301151949","idu":"102200000B1623","type_lien":"GEO","nb_adr":2,"nb_bat":3}},{"type":"Feature","id":"lien_adresse_bati.2695189","geometry":{"type":"LineString","coordinates":[[3.80666656,48.5126143],[3.80628972,48.51267212]]},"geometry_name":"geom","properties":{"id_adr":"10220_0310_00014","id_bat":"BATIMENT0000000301151888","idu":"102200000B1623","type_lien":"GEO","nb_adr":3,"nb_bat":3}},{"type":"Feature","id":"lien_adresse_bati.2732117","geometry":{"type":"LineString","coordinates":[[3.80759451,48.51246766],[3.80750306,48.5124341]]},"geometry_name":"geom","properties":{"id_adr":"10220_0310_00015","id_bat":"BATIMENT0000000301151835","idu":"102200000B1617","type_lien":"GEO","nb_adr":2,"nb_bat":1}},{"type":"Feature","id":"lien_adresse_bati.2742853","geometry":{"type":"LineString","coordinates":[[3.80706913,48.51255399],[3.80686456,48.51254238]]},"geometry_name":"geom","properties":{"id_adr":"10220_0310_00018","id_bat":"BATIMENT0000002220709372","idu":"102200000B1588","type_lien":"GEO","nb_adr":2,"nb_bat":2}},{"type":"Feature","id":"lien_adresse_bati.2760070","geometry":{"type":"LineString","coordinates":[[3.80706913,48.51255399],[3.80721646,48.51250204]]},"geometry_name":"geom","properties":{"id_adr":"10220_0310_00018","id_bat":"BATIMENT0000000301151837","idu":"102200000B1588","type_lien":"GEO","nb_adr":2,"nb_bat":2}},{"type":"Feature","id":"lien_adresse_bati.2763258","geometry":{"type":"LineString","coordinates":[[3.80738242,48.51249969],[3.80737778,48.51246827]]},"geometry_name":"geom","properties":{"id_adr":"10220_0310_00022","id_bat":"BATIMENT0000000301151836","idu":"102200000B1587","type_lien":"GEO","nb_adr":1,"nb_bat":1}},{"type":"Feature","id":"lien_adresse_bati.2763589","geometry":{"type":"LineString","coordinates":[[3.80751208,48.51247811],[3.80750306,48.5124341]]},"geometry_name":"geom","properties":{"id_adr":"10220_0310_00024","id_bat":"BATIMENT0000000301151835","idu":"102200000B1617","type_lien":"GEO","nb_adr":2,"nb_bat":1}},{"type":"Feature","id":"lien_adresse_bati.2841871","geometry":{"type":"LineString","coordinates":[[3.80722442,48.51252685],[3.80721646,48.51250204]]},"geometry_name":"geom","properties":{"id_adr":"10220_0310_00026","id_bat":"BATIMENT0000000301151837","idu":"102200000B1588","type_lien":"GEO","nb_adr":2,"nb_bat":2}},{"type":"Feature","id":"lien_adresse_bati.2753170","geometry":{"type":"LineString","coordinates":[[3.80722442,48.51252685],[3.80686456,48.51254238]]},"geometry_name":"geom","properties":{"id_adr":"10220_0310_00026","id_bat":"BATIMENT0000002220709372","idu":"102200000B1588","type_lien":"GEO","nb_adr":2,"nb_bat":2}},{"type":"Feature","id":"lien_adresse_bati.2696422","geometry":{"type":"LineString","coordinates":[[3.80774949,48.51241982],[3.80779997,48.51235671]]},"geometry_name":"geom","properties":{"id_adr":"10220_0310_00027","id_bat":"BATIMENT0000000301151920","idu":"102200000B0241","type_lien":"BAN","nb_adr":2,"nb_bat":2}},{"type":"Feature","id":"lien_adresse_bati.2889054","geometry":{"type":"LineString","coordinates":[[3.80774949,48.51241982],[3.8077577,48.51242245]]},"geometry_name":"geom","properties":{"id_adr":"10220_0310_00027","id_bat":"BATIMENT0000000301151919","idu":"102200000B0241","type_lien":"BAN","nb_adr":2,"nb_bat":2}},{"type":"Feature","id":"lien_adresse_bati.2847845","geometry":{"type":"LineString","coordinates":[[3.80750198,48.51217411],[3.80739134,48.51216769]]},"geometry_name":"geom","properties":{"id_adr":"10220_0310_00028","id_bat":"BATIMENT0000000301151819","idu":"102200000B1618","type_lien":"GEO","nb_adr":1,"nb_bat":1}},{"type":"Feature","id":"lien_adresse_bati.2759221","geometry":{"type":"LineString","coordinates":[[3.80741521,48.51190301],[3.807346,48.51189673]]},"geometry_name":"geom","properties":{"id_adr":"10220_0310_00030","id_bat":"BATIMENT0000000301151927","idu":"102200000B0244","type_lien":"GEO","nb_adr":1,"nb_bat":1}},{"type":"Feature","id":"lien_adresse_bati.2796327","geometry":{"type":"LineString","coordinates":[[3.78001665,48.50477201],[3.78014217,48.50483247]]},"geometry_name":"geom","properties":{"id_adr":"10220_0320_00001","id_bat":"BATIMENT0000000301149208","idu":"102200000E0756","type_lien":"GEO","nb_adr":1,"nb_bat":4}},{"type":"Feature","id":"lien_adresse_bati.2843262","geometry":{"type":"LineString","coordinates":[[3.78001665,48.50477201],[3.78033904,48.5049966]]},"geometry_name":"geom","properties":{"id_adr":"10220_0320_00001","id_bat":"BATIMENT0000000301149220","idu":"102200000E0756","type_lien":"GEO","nb_adr":1,"nb_bat":4}},{"type":"Feature","id":"lien_adresse_bati.2787792","geometry":{"type":"LineString","coordinates":[[3.78001665,48.50477201],[3.77997775,48.50493305]]},"geometry_name":"geom","properties":{"id_adr":"10220_0320_00001","id_bat":"BATIMENT0000000301149213","idu":"102200000E0756","type_lien":"GEO","nb_adr":1,"nb_bat":4}},{"type":"Feature","id":"lien_adresse_bati.2831991","geometry":{"type":"LineString","coordinates":[[3.78001665,48.50477201],[3.78032244,48.50486896]]},"geometry_name":"geom","properties":{"id_adr":"10220_0320_00001","id_bat":"BATIMENT0000000325110334","idu":"102200000E0756","type_lien":"GEO","nb_adr":1,"nb_bat":4}},{"type":"Feature","id":"lien_adresse_bati.2678390","geometry":{"type":"LineString","coordinates":[[3.78009024,48.50462219],[3.78022995,48.50458754]]},"geometry_name":"geom","properties":{"id_adr":"10220_0320_00002","id_bat":"BATIMENT0000000301148547","idu":"102200000E0682","type_lien":"GEO","nb_adr":2,"nb_bat":1}},{"type":"Feature","id":"lien_adresse_bati.2804749","geometry":{"type":"LineString","coordinates":[[3.78012582,48.50473891],[3.78022995,48.50458754]]},"geometry_name":"geom","properties":{"id_adr":"10220_0320_00003","id_bat":"BATIMENT0000000301148547","idu":"102200000E0682","type_lien":"GEO","nb_adr":2,"nb_bat":1}},{"type":"Feature","id":"lien_adresse_bati.2811493","geometry":{"type":"LineString","coordinates":[[3.7799999,48.50510229],[3.78055343,48.50504443]]},"geometry_name":"geom","properties":{"id_adr":"10220_0320_00003_a","id_bat":"BATIMENT0000000325110335","idu":"102200000E0680","type_lien":"GEO","nb_adr":1,"nb_bat":3}},{"type":"Feature","id":"lien_adresse_bati.2775530","geometry":{"type":"LineString","coordinates":[[3.7799999,48.50510229],[3.77996318,48.50513687]]},"geometry_name":"geom","properties":{"id_adr":"10220_0320_00003_a","id_bat":"BATIMENT0000000301149214","idu":"102200000E0680","type_lien":"GEO","nb_adr":1,"nb_bat":3}},{"type":"Feature","id":"lien_adresse_bati.2893331","geometry":{"type":"LineString","coordinates":[[3.7799999,48.50510229],[3.78030193,48.50479856]]},"geometry_name":"geom","properties":{"id_adr":"10220_0320_00003_a","id_bat":"BATIMENT0000000301149209","idu":"102200000E0680","type_lien":"GEO","nb_adr":1,"nb_bat":3}},{"type":"Feature","id":"lien_adresse_bati.2680939","geometry":{"type":"LineString","coordinates":[[3.80572861,48.51166976],[3.80600014,48.51171768]]},"geometry_name":"geom","properties":{"id_adr":"10220_0330_00001","id_bat":"BATIMENT0000000301151965","idu":"102200000F0369","type_lien":"GEO","nb_adr":1,"nb_bat":1}},{"type":"Feature","id":"lien_adresse_bati.2731657","geometry":{"type":"LineString","coordinates":[[3.80571013,48.51214129],[3.80556741,48.51188996]]},"geometry_name":"geom","properties":{"id_adr":"10220_0330_00002","id_bat":"BATIMENT0000000301151829","idu":"102200000F0368","type_lien":"GEO","nb_adr":2,"nb_bat":2}},{"type":"Feature","id":"lien_adresse_bati.2702239","geometry":{"type":"LineString","coordinates":[[3.80571013,48.51214129],[3.80551501,48.51204415]]},"geometry_name":"geom","properties":{"id_adr":"10220_0330_00002","id_bat":"BATIMENT0000000301151851","idu":"102200000F0368","type_lien":"GEO","nb_adr":2,"nb_bat":2}},{"type":"Feature","id":"lien_adresse_bati.2853680","geometry":{"type":"LineString","coordinates":[[3.80557989,48.51150793],[3.80540271,48.51152019]]},"geometry_name":"geom","properties":{"id_adr":"10220_0330_00004","id_bat":"BATIMENT0000000301151878","idu":"102200000F0023","type_lien":"GEO","nb_adr":1,"nb_bat":1}},{"type":"Feature","id":"lien_adresse_bati.2665683","geometry":{"type":"LineString","coordinates":[[3.80564216,48.51115395],[3.80581444,48.51114145]]},"geometry_name":"geom","properties":{"id_adr":"10220_0330_00005","id_bat":"BATIMENT0000000301151858","idu":"102200000F0324","type_lien":"GEO","nb_adr":2,"nb_bat":1}},{"type":"Feature","id":"lien_adresse_bati.2821460","geometry":{"type":"LineString","coordinates":[[3.80553504,48.51123205],[3.80530621,48.51122595]]},"geometry_name":"geom","properties":{"id_adr":"10220_0330_00006","id_bat":"BATIMENT0000000301151907","idu":"102200000F0126","type_lien":"GEO","nb_adr":2,"nb_bat":1}},{"type":"Feature","id":"lien_adresse_bati.2799193","geometry":{"type":"LineString","coordinates":[[3.80554994,48.51132101],[3.80530621,48.51122595]]},"geometry_name":"geom","properties":{"id_adr":"10220_0330_00006_bis","id_bat":"BATIMENT0000000301151907","idu":"102200000F0126","type_lien":"GEO","nb_adr":2,"nb_bat":1}},{"type":"Feature","id":"lien_adresse_bati.2865420","geometry":{"type":"LineString","coordinates":[[3.80550235,48.51104335],[3.80505237,48.51114221]]},"geometry_name":"geom","properties":{"id_adr":"10220_0330_00008","id_bat":"BATIMENT0000000301151910","idu":"102200000F0127","type_lien":"GEO","nb_adr":1,"nb_bat":2}},{"type":"Feature","id":"lien_adresse_bati.2837117","geometry":{"type":"LineString","coordinates":[[3.80550235,48.51104335],[3.80525363,48.51102584]]},"geometry_name":"geom","properties":{"id_adr":"10220_0330_00008","id_bat":"BATIMENT0000000301151913","idu":"102200000F0127","type_lien":"GEO","nb_adr":1,"nb_bat":2}},{"type":"Feature","id":"lien_adresse_bati.2854093","geometry":{"type":"LineString","coordinates":[[3.80546695,48.51085377],[3.80502537,48.51082041]]},"geometry_name":"geom","properties":{"id_adr":"10220_0330_00010","id_bat":"BATIMENT0000000301151911","idu":"102200000F0128","type_lien":"GEO","nb_adr":1,"nb_bat":2}},{"type":"Feature","id":"lien_adresse_bati.2710917","geometry":{"type":"LineString","coordinates":[[3.80546695,48.51085377],[3.80526614,48.51087042]]},"geometry_name":"geom","properties":{"id_adr":"10220_0330_00010","id_bat":"BATIMENT0000000301151912","idu":"102200000F0128","type_lien":"GEO","nb_adr":1,"nb_bat":2}},{"type":"Feature","id":"lien_adresse_bati.2819675","geometry":{"type":"LineString","coordinates":[[3.80542763,48.51067411],[3.80523851,48.51067809]]},"geometry_name":"geom","properties":{"id_adr":"10220_0330_00012","id_bat":"BATIMENT0000000301151821","idu":"102200000F0129","type_lien":"GEO","nb_adr":1,"nb_bat":1}},{"type":"Feature","id":"lien_adresse_bati.2779147","geometry":{"type":"LineString","coordinates":[[3.80538981,48.51050343],[3.80510103,48.51054092]]},"geometry_name":"geom","properties":{"id_adr":"10220_0330_00014","id_bat":"BATIMENT0000000301151842","idu":"102200000F0130","type_lien":"GEO","nb_adr":1,"nb_bat":1}},{"type":"Feature","id":"lien_adresse_bati.2835793","geometry":{"type":"LineString","coordinates":[[3.80535335,48.51033365],[3.80497312,48.51034875]]},"geometry_name":"geom","properties":{"id_adr":"10220_0330_00016","id_bat":"BATIMENT0000000301151841","idu":"102200000F0131","type_lien":"GEO","nb_adr":1,"nb_bat":2}},{"type":"Feature","id":"lien_adresse_bati.2852661","geometry":{"type":"LineString","coordinates":[[3.80535335,48.51033365],[3.80527314,48.51035398]]},"geometry_name":"geom","properties":{"id_adr":"10220_0330_00016","id_bat":"BATIMENT0000000301151869","idu":"102200000F0131","type_lien":"GEO","nb_adr":1,"nb_bat":2}},{"type":"Feature","id":"lien_adresse_bati.2725714","geometry":{"type":"LineString","coordinates":[[3.80376071,48.50323823],[3.80395686,48.5031842]]},"geometry_name":"geom","properties":{"id_adr":"10220_0330_00051","id_bat":"BATIMENT0000000301150809","idu":"102200000F0373","type_lien":"GEO","nb_adr":4,"nb_bat":3}},{"type":"Feature","id":"lien_adresse_bati.2911493","geometry":{"type":"LineString","coordinates":[[3.80376071,48.50323823],[3.80426918,48.50333508]]},"geometry_name":"geom","properties":{"id_adr":"10220_0330_00051","id_bat":"BATIMENT0000002006956404","idu":"102200000F0373","type_lien":"GEO","nb_adr":4,"nb_bat":3}},{"type":"Feature","id":"lien_adresse_bati.2837024","geometry":{"type":"LineString","coordinates":[[3.80376071,48.50323823],[3.8039768,48.50302808]]},"geometry_name":"geom","properties":{"id_adr":"10220_0330_00051","id_bat":"BATIMENT0000000301150830","idu":"102200000F0373","type_lien":"GEO","nb_adr":4,"nb_bat":3}},{"type":"Feature","id":"lien_adresse_bati.2825156","geometry":{"type":"LineString","coordinates":[[3.80352184,48.50222595],[3.80243783,48.50219774]]},"geometry_name":"geom","properties":{"id_adr":"10220_0330_00054","id_bat":"BATIMENT0000000301150810","idu":"102200000F0085","type_lien":"GEO","nb_adr":2,"nb_bat":3}},{"type":"Feature","id":"lien_adresse_bati.2737144","geometry":{"type":"LineString","coordinates":[[3.80352184,48.50222595],[3.8033656,48.50225805]]},"geometry_name":"geom","properties":{"id_adr":"10220_0330_00054","id_bat":"BATIMENT0000002330331309","idu":"102200000F0085","type_lien":"GEO","nb_adr":2,"nb_bat":3}},{"type":"Feature","id":"lien_adresse_bati.2717719","geometry":{"type":"LineString","coordinates":[[3.80352184,48.50222595],[3.80280302,48.50214715]]},"geometry_name":"geom","properties":{"id_adr":"10220_0330_00054","id_bat":"BATIMENT0000000301150812","idu":"102200000F0085","type_lien":"GEO","nb_adr":2,"nb_bat":3}},{"type":"Feature","id":"lien_adresse_bati.2662316","geometry":{"type":"LineString","coordinates":[[3.80350012,48.50204527],[3.80243783,48.50219774]]},"geometry_name":"geom","properties":{"id_adr":"10220_0330_00056","id_bat":"BATIMENT0000000301150810","idu":"102200000F0085","type_lien":"GEO","nb_adr":2,"nb_bat":3}},{"type":"Feature","id":"lien_adresse_bati.2779024","geometry":{"type":"LineString","coordinates":[[3.80350012,48.50204527],[3.8033656,48.50225805]]},"geometry_name":"geom","properties":{"id_adr":"10220_0330_00056","id_bat":"BATIMENT0000002330331309","idu":"102200000F0085","type_lien":"GEO","nb_adr":2,"nb_bat":3}},{"type":"Feature","id":"lien_adresse_bati.2875914","geometry":{"type":"LineString","coordinates":[[3.80350012,48.50204527],[3.80280302,48.50214715]]},"geometry_name":"geom","properties":{"id_adr":"10220_0330_00056","id_bat":"BATIMENT0000000301150812","idu":"102200000F0085","type_lien":"GEO","nb_adr":2,"nb_bat":3}},{"type":"Feature","id":"lien_adresse_bati.2868703","geometry":{"type":"LineString","coordinates":[[3.80281002,48.50171167],[3.80227894,48.50179983]]},"geometry_name":"geom","properties":{"id_adr":"10220_0330_00058","id_bat":"BATIMENT0000000301150796","idu":"102200000F0376","type_lien":"GEO","nb_adr":2,"nb_bat":13}},{"type":"Feature","id":"lien_adresse_bati.2745558","geometry":{"type":"LineString","coordinates":[[3.80281002,48.50171167],[3.80217386,48.50149686]]},"geometry_name":"geom","properties":{"id_adr":"10220_0330_00058","id_bat":"BATIMENT0000000301150792","idu":"102200000F0376","type_lien":"GEO","nb_adr":2,"nb_bat":13}},{"type":"Feature","id":"lien_adresse_bati.2717313","geometry":{"type":"LineString","coordinates":[[3.80281002,48.50171167],[3.80203662,48.50181811]]},"geometry_name":"geom","properties":{"id_adr":"10220_0330_00058","id_bat":"BATIMENT0000000301150797","idu":"102200000F0376","type_lien":"GEO","nb_adr":2,"nb_bat":13}},{"type":"Feature","id":"lien_adresse_bati.2883241","geometry":{"type":"LineString","coordinates":[[3.80281002,48.50171167],[3.8019535,48.50126404]]},"geometry_name":"geom","properties":{"id_adr":"10220_0330_00058","id_bat":"BATIMENT0000000301150802","idu":"102200000F0376","type_lien":"GEO","nb_adr":2,"nb_bat":13}},{"type":"Feature","id":"lien_adresse_bati.2721467","geometry":{"type":"LineString","coordinates":[[3.80281002,48.50171167],[3.80215503,48.50137199]]},"geometry_name":"geom","properties":{"id_adr":"10220_0330_00058","id_bat":"BATIMENT0000000301150799","idu":"102200000F0376","type_lien":"GEO","nb_adr":2,"nb_bat":13}},{"type":"Feature","id":"lien_adresse_bati.2724882","geometry":{"type":"LineString","coordinates":[[3.80281002,48.50171167],[3.80200806,48.50163171]]},"geometry_name":"geom","properties":{"id_adr":"10220_0330_00058","id_bat":"BATIMENT0000002206051890","idu":"102200000F0376","type_lien":"GEO","nb_adr":2,"nb_bat":13}},{"type":"Feature","id":"lien_adresse_bati.2692713","geometry":{"type":"LineString","coordinates":[[3.80281002,48.50171167],[3.80189735,48.50110473]]},"geometry_name":"geom","properties":{"id_adr":"10220_0330_00058","id_bat":"BATIMENT0000000301150804","idu":"102200000F0376","type_lien":"GEO","nb_adr":2,"nb_bat":13}},{"type":"Feature","id":"lien_adresse_bati.2763250","geometry":{"type":"LineString","coordinates":[[3.80281002,48.50171167],[3.80197212,48.50138357]]},"geometry_name":"geom","properties":{"id_adr":"10220_0330_00058","id_bat":"BATIMENT0000000301150800","idu":"102200000F0376","type_lien":"GEO","nb_adr":2,"nb_bat":13}},{"type":"Feature","id":"lien_adresse_bati.2701905","geometry":{"type":"LineString","coordinates":[[3.80281002,48.50171167],[3.80214256,48.50119304]]},"geometry_name":"geom","properties":{"id_adr":"10220_0330_00058","id_bat":"BATIMENT0000000301150827","idu":"102200000F0376","type_lien":"GEO","nb_adr":2,"nb_bat":13}},{"type":"Feature","id":"lien_adresse_bati.2877210","geometry":{"type":"LineString","coordinates":[[3.80281002,48.50171167],[3.80225879,48.5016951]]},"geometry_name":"geom","properties":{"id_adr":"10220_0330_00058","id_bat":"BATIMENT0000000301150790","idu":"102200000F0376","type_lien":"GEO","nb_adr":2,"nb_bat":13}},{"type":"Feature","id":"lien_adresse_bati.2790662","geometry":{"type":"LineString","coordinates":[[3.80281002,48.50171167],[3.80186462,48.50118952]]},"geometry_name":"geom","properties":{"id_adr":"10220_0330_00058","id_bat":"BATIMENT0000000301150803","idu":"102200000F0376","type_lien":"GEO","nb_adr":2,"nb_bat":13}},{"type":"Feature","id":"lien_adresse_bati.2800556","geometry":{"type":"LineString","coordinates":[[3.80281002,48.50171167],[3.8021356,48.5012518]]},"geometry_name":"geom","properties":{"id_adr":"10220_0330_00058","id_bat":"BATIMENT0000000301150801","idu":"102200000F0376","type_lien":"GEO","nb_adr":2,"nb_bat":13}},{"type":"Feature","id":"lien_adresse_bati.2690637","geometry":{"type":"LineString","coordinates":[[3.80281002,48.50171167],[3.80281811,48.50168013]]},"geometry_name":"geom","properties":{"id_adr":"10220_0330_00058","id_bat":"BATIMENT0000000301150794","idu":"102200000F0376","type_lien":"GEO","nb_adr":2,"nb_bat":13}},{"type":"Feature","id":"lien_adresse_bati.2872077","geometry":{"type":"LineString","coordinates":[[3.80307007,48.50127809],[3.80306567,48.50130052]]},"geometry_name":"geom","properties":{"id_adr":"10220_0330_00060","id_bat":"BATIMENT0000000301150786","idu":"102200000F0364","type_lien":"GEO","nb_adr":2,"nb_bat":2}},{"type":"Feature","id":"lien_adresse_bati.2913705","geometry":{"type":"LineString","coordinates":[[3.80307007,48.50127809],[3.80293512,48.50131935]]},"geometry_name":"geom","properties":{"id_adr":"10220_0330_00060","id_bat":"BATIMENT0000000301150785","idu":"102200000F0364","type_lien":"GEO","nb_adr":5,"nb_bat":2}},{"type":"Feature","id":"lien_adresse_bati.2733391","geometry":{"type":"LineString","coordinates":[[3.78618751,48.51210291],[3.78630509,48.51213385]]},"geometry_name":"geom","properties":{"id_adr":"10220_0340_00006","id_bat":"BATIMENT0000000301149460","idu":"102200000D0269","type_lien":"GEO","nb_adr":1,"nb_bat":1}},{"type":"Feature","id":"lien_adresse_bati.2689528","geometry":{"type":"LineString","coordinates":[[3.78610159,48.51233289],[3.78626061,48.51228235]]},"geometry_name":"geom","properties":{"id_adr":"10220_0340_00008","id_bat":"BATIMENT0000000301149367","idu":"102200000D0272","type_lien":"GEO","nb_adr":1,"nb_bat":2}},{"type":"Feature","id":"lien_adresse_bati.2817123","geometry":{"type":"LineString","coordinates":[[3.78610159,48.51233289],[3.78617507,48.51239551]]},"geometry_name":"geom","properties":{"id_adr":"10220_0340_00008","id_bat":"BATIMENT0000000301149854","idu":"102200000D0272","type_lien":"GEO","nb_adr":1,"nb_bat":2}},{"type":"Feature","id":"lien_adresse_bati.2774563","geometry":{"type":"LineString","coordinates":[[3.78593342,48.51276672],[3.78616765,48.51283966]]},"geometry_name":"geom","properties":{"id_adr":"10220_0340_00010","id_bat":"BATIMENT0000000301149486","idu":"102200000D1739","type_lien":"GEO","nb_adr":4,"nb_bat":1}},{"type":"Feature","id":"lien_adresse_bati.2710964","geometry":{"type":"LineString","coordinates":[[3.78594909,48.51272793],[3.78635408,48.51281579]]},"geometry_name":"geom","properties":{"id_adr":"10220_0340_00012","id_bat":"BATIMENT0000000301149486","idu":"102200000D1740","type_lien":"GEO","nb_adr":4,"nb_bat":3}},{"type":"Feature","id":"lien_adresse_bati.2749706","geometry":{"type":"LineString","coordinates":[[3.78594909,48.51272793],[3.78607824,48.51274327]]},"geometry_name":"geom","properties":{"id_adr":"10220_0340_00012","id_bat":"BATIMENT0000000301149487","idu":"102200000D1740","type_lien":"GEO","nb_adr":1,"nb_bat":3}},{"type":"Feature","id":"lien_adresse_bati.2724413","geometry":{"type":"LineString","coordinates":[[3.78594909,48.51272793],[3.78644651,48.51283574]]},"geometry_name":"geom","properties":{"id_adr":"10220_0340_00012","id_bat":"BATIMENT0000000301149488","idu":"102200000D1740","type_lien":"GEO","nb_adr":1,"nb_bat":3}},{"type":"Feature","id":"lien_adresse_bati.2859989","geometry":{"type":"LineString","coordinates":[[3.78593342,48.51276672],[3.78616765,48.51283966]]},"geometry_name":"geom","properties":{"id_adr":"10220_0340_00012_bis","id_bat":"BATIMENT0000000301149486","idu":"102200000D1739","type_lien":"GEO","nb_adr":4,"nb_bat":1}},{"type":"Feature","id":"lien_adresse_bati.2775044","geometry":{"type":"LineString","coordinates":[[3.78591648,48.51281091],[3.78616765,48.51283966]]},"geometry_name":"geom","properties":{"id_adr":"10220_0340_00014","id_bat":"BATIMENT0000000301149486","idu":"102200000D1739","type_lien":"GEO","nb_adr":4,"nb_bat":1}},{"type":"Feature","id":"lien_adresse_bati.2830714","geometry":{"type":"LineString","coordinates":[[3.78803984,48.51129537],[3.78807482,48.51123538]]},"geometry_name":"geom","properties":{"id_adr":"10220_0350_00002","id_bat":"BATIMENT0000000301149785","idu":"102200000D2422","type_lien":"GEO","nb_adr":2,"nb_bat":3}},{"type":"Feature","id":"lien_adresse_bati.2759192","geometry":{"type":"LineString","coordinates":[[3.78803984,48.51129537],[3.78808661,48.51102877]]},"geometry_name":"geom","properties":{"id_adr":"10220_0350_00002","id_bat":"BATIMENT0000000301149553","idu":"102200000D2422","type_lien":"GEO","nb_adr":2,"nb_bat":3}},{"type":"Feature","id":"lien_adresse_bati.2875227","geometry":{"type":"LineString","coordinates":[[3.78803984,48.51129537],[3.78794807,48.51124268]]},"geometry_name":"geom","properties":{"id_adr":"10220_0350_00002","id_bat":"BATIMENT0000000301149786","idu":"102200000D2422","type_lien":"GEO","nb_adr":2,"nb_bat":3}},{"type":"Feature","id":"lien_adresse_bati.2731244","geometry":{"type":"LineString","coordinates":[[3.78842693,48.51128561],[3.78864999,48.51099237]]},"geometry_name":"geom","properties":{"id_adr":"10220_0350_00006","id_bat":"BATIMENT0000000301149617","idu":"102200000D0360","type_lien":"GEO","nb_adr":1,"nb_bat":2}},{"type":"Feature","id":"lien_adresse_bati.2841716","geometry":{"type":"LineString","coordinates":[[3.78842693,48.51128561],[3.78830258,48.51120982]]},"geometry_name":"geom","properties":{"id_adr":"10220_0350_00006","id_bat":"BATIMENT0000000301149343","idu":"102200000D0360","type_lien":"GEO","nb_adr":1,"nb_bat":2}},{"type":"Feature","id":"lien_adresse_bati.2797534","geometry":{"type":"LineString","coordinates":[[3.78881687,48.51128482],[3.78877668,48.51122324]]},"geometry_name":"geom","properties":{"id_adr":"10220_0350_00010","id_bat":"BATIMENT0000000301149276","idu":"102200000D0359","type_lien":"GEO","nb_adr":1,"nb_bat":2}},{"type":"Feature","id":"lien_adresse_bati.2714090","geometry":{"type":"LineString","coordinates":[[3.78881687,48.51128482],[3.78892939,48.51106925]]},"geometry_name":"geom","properties":{"id_adr":"10220_0350_00010","id_bat":"BATIMENT0000000301149337","idu":"102200000D0359","type_lien":"GEO","nb_adr":1,"nb_bat":2}},{"type":"Feature","id":"lien_adresse_bati.2669458","geometry":{"type":"LineString","coordinates":[[3.7872687,48.51142733],[3.78725455,48.51145965]]},"geometry_name":"geom","properties":{"id_adr":"10220_0350_00011","id_bat":"BATIMENT0000000301149503","idu":"102200000D0262","type_lien":"GEO","nb_adr":2,"nb_bat":1}},{"type":"Feature","id":"lien_adresse_bati.2725526","geometry":{"type":"LineString","coordinates":[[3.78908907,48.51128841],[3.78921137,48.51102626]]},"geometry_name":"geom","properties":{"id_adr":"10220_0350_00012","id_bat":"BATIMENT0000000301149852","idu":"102200000D0358","type_lien":"GEO","nb_adr":2,"nb_bat":3}},{"type":"Feature","id":"lien_adresse_bati.2831690","geometry":{"type":"LineString","coordinates":[[3.78908907,48.51128841],[3.78937857,48.51108286]]},"geometry_name":"geom","properties":{"id_adr":"10220_0350_00012","id_bat":"BATIMENT0000000301149590","idu":"102200000D0358","type_lien":"GEO","nb_adr":3,"nb_bat":3}},{"type":"Feature","id":"lien_adresse_bati.2892805","geometry":{"type":"LineString","coordinates":[[3.78908907,48.51128841],[3.78904456,48.51116387]]},"geometry_name":"geom","properties":{"id_adr":"10220_0350_00012","id_bat":"BATIMENT0000000301149339","idu":"102200000D0358","type_lien":"GEO","nb_adr":2,"nb_bat":3}},{"type":"Feature","id":"lien_adresse_bati.2906226","geometry":{"type":"LineString","coordinates":[[3.7891148,48.51128824],[3.78904456,48.51116387]]},"geometry_name":"geom","properties":{"id_adr":"10220_0350_00014","id_bat":"BATIMENT0000000301149339","idu":"102200000D0358","type_lien":"GEO","nb_adr":2,"nb_bat":3}},{"type":"Feature","id":"lien_adresse_bati.2770456","geometry":{"type":"LineString","coordinates":[[3.7891148,48.51128824],[3.78921137,48.51102626]]},"geometry_name":"geom","properties":{"id_adr":"10220_0350_00014","id_bat":"BATIMENT0000000301149852","idu":"102200000D0358","type_lien":"GEO","nb_adr":2,"nb_bat":3}},{"type":"Feature","id":"lien_adresse_bati.2696063","geometry":{"type":"LineString","coordinates":[[3.7891148,48.51128824],[3.78937857,48.51108286]]},"geometry_name":"geom","properties":{"id_adr":"10220_0350_00014","id_bat":"BATIMENT0000000301149590","idu":"102200000D0358","type_lien":"GEO","nb_adr":3,"nb_bat":3}},{"type":"Feature","id":"lien_adresse_bati.2747323","geometry":{"type":"LineString","coordinates":[[3.78773678,48.51140084],[3.78801199,48.51147341]]},"geometry_name":"geom","properties":{"id_adr":"10220_0350_00015","id_bat":"BATIMENT0000000301149375","idu":"102200000D2078","type_lien":"GEO","nb_adr":1,"nb_bat":3}},{"type":"Feature","id":"lien_adresse_bati.2690002","geometry":{"type":"LineString","coordinates":[[3.78773678,48.51140084],[3.78790264,48.51142338]]},"geometry_name":"geom","properties":{"id_adr":"10220_0350_00015","id_bat":"BATIMENT0000000301149873","idu":"102200000D2078","type_lien":"GEO","nb_adr":1,"nb_bat":3}},{"type":"Feature","id":"lien_adresse_bati.2723052","geometry":{"type":"LineString","coordinates":[[3.78773678,48.51140084],[3.78775125,48.51146375]]},"geometry_name":"geom","properties":{"id_adr":"10220_0350_00015","id_bat":"BATIMENT0000000301149376","idu":"102200000D2078","type_lien":"GEO","nb_adr":1,"nb_bat":3}},{"type":"Feature","id":"lien_adresse_bati.2714102","geometry":{"type":"LineString","coordinates":[[3.78945753,48.51130036],[3.78957342,48.51128203]]},"geometry_name":"geom","properties":{"id_adr":"10220_0350_00016","id_bat":"BATIMENT0000000301149378","idu":"102200000D0357","type_lien":"GEO","nb_adr":1,"nb_bat":5}},{"type":"Feature","id":"lien_adresse_bati.2906199","geometry":{"type":"LineString","coordinates":[[3.78945753,48.51130036],[3.78944806,48.51112684]]},"geometry_name":"geom","properties":{"id_adr":"10220_0350_00016","id_bat":"BATIMENT0000000301149590","idu":"102200000D0357","type_lien":"GEO","nb_adr":3,"nb_bat":5}},{"type":"Feature","id":"lien_adresse_bati.2740544","geometry":{"type":"LineString","coordinates":[[3.78945753,48.51130036],[3.78959579,48.51112338]]},"geometry_name":"geom","properties":{"id_adr":"10220_0350_00016","id_bat":"BATIMENT0000000301149474","idu":"102200000D0357","type_lien":"GEO","nb_adr":1,"nb_bat":5}},{"type":"Feature","id":"lien_adresse_bati.2815689","geometry":{"type":"LineString","coordinates":[[3.78945753,48.51130036],[3.78932464,48.51117394]]},"geometry_name":"geom","properties":{"id_adr":"10220_0350_00016","id_bat":"BATIMENT0000000301149588","idu":"102200000D0357","type_lien":"GEO","nb_adr":1,"nb_bat":5}},{"type":"Feature","id":"lien_adresse_bati.2681077","geometry":{"type":"LineString","coordinates":[[3.78945753,48.51130036],[3.78932303,48.51124609]]},"geometry_name":"geom","properties":{"id_adr":"10220_0350_00016","id_bat":"BATIMENT0000000301149589","idu":"102200000D0357","type_lien":"GEO","nb_adr":1,"nb_bat":5}},{"type":"Feature","id":"lien_adresse_bati.2763918","geometry":{"type":"LineString","coordinates":[[3.78831173,48.51136824],[3.78830243,48.51140926]]},"geometry_name":"geom","properties":{"id_adr":"10220_0350_00017","id_bat":"BATIMENT0000000301149511","idu":"102200000D0282","type_lien":"GEO","nb_adr":1,"nb_bat":1}},{"type":"Feature","id":"lien_adresse_bati.2686142","geometry":{"type":"LineString","coordinates":[[3.78819529,48.51136811],[3.78819087,48.51141374]]},"geometry_name":"geom","properties":{"id_adr":"10220_0350_00017_bis","id_bat":"BATIMENT0000000301149510","idu":"102200000D0281","type_lien":"GEO","nb_adr":2,"nb_bat":2}},{"type":"Feature","id":"lien_adresse_bati.2894427","geometry":{"type":"LineString","coordinates":[[3.78819529,48.51136811],[3.78815856,48.51154518]]},"geometry_name":"geom","properties":{"id_adr":"10220_0350_00017_bis","id_bat":"BATIMENT0000000301149285","idu":"102200000D0281","type_lien":"GEO","nb_adr":2,"nb_bat":2}},{"type":"Feature","id":"lien_adresse_bati.2710264","geometry":{"type":"LineString","coordinates":[[3.79002519,48.51132267],[3.78984541,48.51079859]]},"geometry_name":"geom","properties":{"id_adr":"10220_0350_00018","id_bat":"BATIMENT0000000301149280","idu":"102200000D0348","type_lien":"GEO","nb_adr":2,"nb_bat":4}},{"type":"Feature","id":"lien_adresse_bati.2903096","geometry":{"type":"LineString","coordinates":[[3.79002519,48.51132267],[3.79011345,48.51092364]]},"geometry_name":"geom","properties":{"id_adr":"10220_0350_00018","id_bat":"BATIMENT0000000301149851","idu":"102200000D0348","type_lien":"GEO","nb_adr":1,"nb_bat":4}},{"type":"Feature","id":"lien_adresse_bati.2870831","geometry":{"type":"LineString","coordinates":[[3.79002519,48.51132267],[3.79013589,48.51121146]]},"geometry_name":"geom","properties":{"id_adr":"10220_0350_00018","id_bat":"BATIMENT0000000301149318","idu":"102200000D0348","type_lien":"GEO","nb_adr":1,"nb_bat":4}},{"type":"Feature","id":"lien_adresse_bati.2775382","geometry":{"type":"LineString","coordinates":[[3.79002519,48.51132267],[3.78986582,48.5110786]]},"geometry_name":"geom","properties":{"id_adr":"10220_0350_00018","id_bat":"BATIMENT0000000301149485","idu":"102200000D0348","type_lien":"GEO","nb_adr":2,"nb_bat":4}},{"type":"Feature","id":"lien_adresse_bati.2902291","geometry":{"type":"LineString","coordinates":[[3.78818446,48.51136818],[3.78819087,48.51141374]]},"geometry_name":"geom","properties":{"id_adr":"10220_0350_00019","id_bat":"BATIMENT0000000301149510","idu":"102200000D0281","type_lien":"GEO","nb_adr":2,"nb_bat":2}},{"type":"Feature","id":"lien_adresse_bati.2880436","geometry":{"type":"LineString","coordinates":[[3.78818446,48.51136818],[3.78815856,48.51154518]]},"geometry_name":"geom","properties":{"id_adr":"10220_0350_00019","id_bat":"BATIMENT0000000301149285","idu":"102200000D0281","type_lien":"GEO","nb_adr":2,"nb_bat":2}},{"type":"Feature","id":"lien_adresse_bati.2910705","geometry":{"type":"LineString","coordinates":[[3.7904872,48.51134299],[3.79048207,48.51130355]]},"geometry_name":"geom","properties":{"id_adr":"10220_0350_00020","id_bat":"BATIMENT0000000301149529","idu":"102200000D2144","type_lien":"GEO","nb_adr":1,"nb_bat":1}},{"type":"Feature","id":"lien_adresse_bati.2700600","geometry":{"type":"LineString","coordinates":[[3.79030836,48.51133519],[3.79038389,48.511312]]},"geometry_name":"geom","properties":{"id_adr":"10220_0350_00020_a","id_bat":"BATIMENT0000000301149530","idu":"102200000D2143","type_lien":"GEO","nb_adr":1,"nb_bat":1}},{"type":"Feature","id":"lien_adresse_bati.2689756","geometry":{"type":"LineString","coordinates":[[3.78860009,48.51136543],[3.78857039,48.5114095]]},"geometry_name":"geom","properties":{"id_adr":"10220_0350_00021","id_bat":"BATIMENT0000000301149351","idu":"102200000D1692","type_lien":"GEO","nb_adr":1,"nb_bat":1}},{"type":"Feature","id":"lien_adresse_bati.2875160","geometry":{"type":"LineString","coordinates":[[3.79071621,48.51135496],[3.79068428,48.51128173]]},"geometry_name":"geom","properties":{"id_adr":"10220_0350_00022","id_bat":"BATIMENT0000000301149449","idu":"102200000D2218","type_lien":"GEO","nb_adr":1,"nb_bat":2}},{"type":"Feature","id":"lien_adresse_bati.2861000","geometry":{"type":"LineString","coordinates":[[3.79071621,48.51135496],[3.79070004,48.51115711]]},"geometry_name":"geom","properties":{"id_adr":"10220_0350_00022","id_bat":"BATIMENT0000000301149452","idu":"102200000D2218","type_lien":"GEO","nb_adr":1,"nb_bat":2}},{"type":"Feature","id":"lien_adresse_bati.2720746","geometry":{"type":"LineString","coordinates":[[3.78904693,48.51136696],[3.78904123,48.51143794]]},"geometry_name":"geom","properties":{"id_adr":"10220_0350_00023","id_bat":"BATIMENT0000000301149475","idu":"102200000D1684","type_lien":"GEO","nb_adr":2,"nb_bat":1}},{"type":"Feature","id":"lien_adresse_bati.2797797","geometry":{"type":"LineString","coordinates":[[3.78911735,48.51136829],[3.78904123,48.51143794]]},"geometry_name":"geom","properties":{"id_adr":"10220_0350_00023_bis","id_bat":"BATIMENT0000000301149475","idu":"102200000D1684","type_lien":"GEO","nb_adr":2,"nb_bat":1}},{"type":"Feature","id":"lien_adresse_bati.2860376","geometry":{"type":"LineString","coordinates":[[3.78935443,48.51137661],[3.78940037,48.51142544]]},"geometry_name":"geom","properties":{"id_adr":"10220_0350_00023_ter","id_bat":"BATIMENT0000000301149381","idu":"102200000D1685","type_lien":"GEO","nb_adr":1,"nb_bat":3}},{"type":"Feature","id":"lien_adresse_bati.2771549","geometry":{"type":"LineString","coordinates":[[3.78935443,48.51137661],[3.7892566,48.51157905]]},"geometry_name":"geom","properties":{"id_adr":"10220_0350_00023_ter","id_bat":"BATIMENT0000000301149385","idu":"102200000D1685","type_lien":"GEO","nb_adr":1,"nb_bat":3}},{"type":"Feature","id":"lien_adresse_bati.2914151","geometry":{"type":"LineString","coordinates":[[3.78935443,48.51137661],[3.78931718,48.51160629]]},"geometry_name":"geom","properties":{"id_adr":"10220_0350_00023_ter","id_bat":"BATIMENT0000000301149383","idu":"102200000D1685","type_lien":"GEO","nb_adr":2,"nb_bat":3}},{"type":"Feature","id":"lien_adresse_bati.2707847","geometry":{"type":"LineString","coordinates":[[3.79099006,48.51137833],[3.79102508,48.51133404]]},"geometry_name":"geom","properties":{"id_adr":"10220_0350_00024","id_bat":"BATIMENT0000000301149312","idu":"102200000D0343","type_lien":"GEO","nb_adr":1,"nb_bat":1}},{"type":"Feature","id":"lien_adresse_bati.2789802","geometry":{"type":"LineString","coordinates":[[3.78957661,48.51138503],[3.78948794,48.51152946]]},"geometry_name":"geom","properties":{"id_adr":"10220_0350_00025","id_bat":"BATIMENT0000000301149382","idu":"102200000D2158","type_lien":"GEO","nb_adr":1,"nb_bat":3}},{"type":"Feature","id":"lien_adresse_bati.2879652","geometry":{"type":"LineString","coordinates":[[3.78957661,48.51138503],[3.78966382,48.51169311]]},"geometry_name":"geom","properties":{"id_adr":"10220_0350_00025","id_bat":"BATIMENT0000000301149565","idu":"102200000D2158","type_lien":"GEO","nb_adr":1,"nb_bat":3}},{"type":"Feature","id":"lien_adresse_bati.2723082","geometry":{"type":"LineString","coordinates":[[3.78957661,48.51138503],[3.78938918,48.51160762]]},"geometry_name":"geom","properties":{"id_adr":"10220_0350_00025","id_bat":"BATIMENT0000000301149383","idu":"102200000D2158","type_lien":"GEO","nb_adr":2,"nb_bat":3}},{"type":"Feature","id":"lien_adresse_bati.2693882","geometry":{"type":"LineString","coordinates":[[3.78969172,48.51138697],[3.78973782,48.51143142]]},"geometry_name":"geom","properties":{"id_adr":"10220_0350_00025_bis","id_bat":"BATIMENT0000000301149388","idu":"102200000D2090","type_lien":"GEO","nb_adr":2,"nb_bat":1}},{"type":"Feature","id":"lien_adresse_bati.2894903","geometry":{"type":"LineString","coordinates":[[3.78988547,48.51139557],[3.79031007,48.51158332]]},"geometry_name":"geom","properties":{"id_adr":"10220_0350_00025_quater","id_bat":"BATIMENT0000000301149277","idu":"102200000D2395","type_lien":"GEO","nb_adr":2,"nb_bat":4}},{"type":"Feature","id":"lien_adresse_bati.2891621","geometry":{"type":"LineString","coordinates":[[3.78988547,48.51139557],[3.78994131,48.511453]]},"geometry_name":"geom","properties":{"id_adr":"10220_0350_00025_quater","id_bat":"BATIMENT0000000301149387","idu":"102200000D2395","type_lien":"GEO","nb_adr":2,"nb_bat":4}},{"type":"Feature","id":"lien_adresse_bati.2849563","geometry":{"type":"LineString","coordinates":[[3.78988547,48.51139557],[3.78986011,48.5116476]]},"geometry_name":"geom","properties":{"id_adr":"10220_0350_00025_quater","id_bat":"BATIMENT0000000301149564","idu":"102200000D2395","type_lien":"GEO","nb_adr":2,"nb_bat":4}},{"type":"Feature","id":"lien_adresse_bati.2690017","geometry":{"type":"LineString","coordinates":[[3.78988547,48.51139557],[3.79003481,48.51177001]]},"geometry_name":"geom","properties":{"id_adr":"10220_0350_00025_quater","id_bat":"BATIMENT0000000301149563","idu":"102200000D2395","type_lien":"GEO","nb_adr":2,"nb_bat":4}},{"type":"Feature","id":"lien_adresse_bati.2776723","geometry":{"type":"LineString","coordinates":[[3.789792,48.5113926],[3.78973782,48.51143142]]},"geometry_name":"geom","properties":{"id_adr":"10220_0350_00025_ter","id_bat":"BATIMENT0000000301149388","idu":"102200000D2090","type_lien":"GEO","nb_adr":2,"nb_bat":1}},{"type":"Feature","id":"lien_adresse_bati.2698290","geometry":{"type":"LineString","coordinates":[[3.79123598,48.51143427],[3.79115117,48.51135265]]},"geometry_name":"geom","properties":{"id_adr":"10220_0350_00026","id_bat":"BATIMENT0000000301149313","idu":"102200000D2131","type_lien":"GEO","nb_adr":3,"nb_bat":4}},{"type":"Feature","id":"lien_adresse_bati.2719230","geometry":{"type":"LineString","coordinates":[[3.79123598,48.51143427],[3.79138293,48.51141455]]},"geometry_name":"geom","properties":{"id_adr":"10220_0350_00026","id_bat":"BATIMENT0000000301149497","idu":"102200000D2131","type_lien":"GEO","nb_adr":3,"nb_bat":4}},{"type":"Feature","id":"lien_adresse_bati.2778512","geometry":{"type":"LineString","coordinates":[[3.79123598,48.51143427],[3.79134698,48.51114205]]},"geometry_name":"geom","properties":{"id_adr":"10220_0350_00026","id_bat":"BATIMENT0000000301149377","idu":"102200000D2131","type_lien":"GEO","nb_adr":3,"nb_bat":4}},{"type":"Feature","id":"lien_adresse_bati.2665418","geometry":{"type":"LineString","coordinates":[[3.79123598,48.51143427],[3.79204734,48.51136826]]},"geometry_name":"geom","properties":{"id_adr":"10220_0350_00026","id_bat":"BATIMENT0000000301149512","idu":"102200000D2131","type_lien":"GEO","nb_adr":3,"nb_bat":4}},{"type":"Feature","id":"lien_adresse_bati.2662897","geometry":{"type":"LineString","coordinates":[[3.79009956,48.51140585],[3.78994131,48.511453]]},"geometry_name":"geom","properties":{"id_adr":"10220_0350_00027","id_bat":"BATIMENT0000000301149387","idu":"102200000D2395","type_lien":"GEO","nb_adr":2,"nb_bat":4}},{"type":"Feature","id":"lien_adresse_bati.2836832","geometry":{"type":"LineString","coordinates":[[3.79009956,48.51140585],[3.79003481,48.51177001]]},"geometry_name":"geom","properties":{"id_adr":"10220_0350_00027","id_bat":"BATIMENT0000000301149563","idu":"102200000D2395","type_lien":"GEO","nb_adr":2,"nb_bat":4}},{"type":"Feature","id":"lien_adresse_bati.2856871","geometry":{"type":"LineString","coordinates":[[3.79009956,48.51140585],[3.79031007,48.51158332]]},"geometry_name":"geom","properties":{"id_adr":"10220_0350_00027","id_bat":"BATIMENT0000000301149277","idu":"102200000D2395","type_lien":"GEO","nb_adr":2,"nb_bat":4}},{"type":"Feature","id":"lien_adresse_bati.2716502","geometry":{"type":"LineString","coordinates":[[3.79009956,48.51140585],[3.78986011,48.5116476]]},"geometry_name":"geom","properties":{"id_adr":"10220_0350_00027","id_bat":"BATIMENT0000000301149564","idu":"102200000D2395","type_lien":"GEO","nb_adr":2,"nb_bat":4}},{"type":"Feature","id":"lien_adresse_bati.2780545","geometry":{"type":"LineString","coordinates":[[3.79123598,48.51143427],[3.79115117,48.51135265]]},"geometry_name":"geom","properties":{"id_adr":"10220_0350_00028","id_bat":"BATIMENT0000000301149313","idu":"102200000D2131","type_lien":"GEO","nb_adr":3,"nb_bat":4}},{"type":"Feature","id":"lien_adresse_bati.2795014","geometry":{"type":"LineString","coordinates":[[3.79123598,48.51143427],[3.79138293,48.51141455]]},"geometry_name":"geom","properties":{"id_adr":"10220_0350_00028","id_bat":"BATIMENT0000000301149497","idu":"102200000D2131","type_lien":"GEO","nb_adr":3,"nb_bat":4}},{"type":"Feature","id":"lien_adresse_bati.2703263","geometry":{"type":"LineString","coordinates":[[3.79123598,48.51143427],[3.79134698,48.51114205]]},"geometry_name":"geom","properties":{"id_adr":"10220_0350_00028","id_bat":"BATIMENT0000000301149377","idu":"102200000D2131","type_lien":"GEO","nb_adr":3,"nb_bat":4}},{"type":"Feature","id":"lien_adresse_bati.2898057","geometry":{"type":"LineString","coordinates":[[3.79123598,48.51143427],[3.79204734,48.51136826]]},"geometry_name":"geom","properties":{"id_adr":"10220_0350_00028","id_bat":"BATIMENT0000000301149512","idu":"102200000D2131","type_lien":"GEO","nb_adr":3,"nb_bat":4}},{"type":"Feature","id":"lien_adresse_bati.2728500","geometry":{"type":"LineString","coordinates":[[3.79123598,48.51143427],[3.79138293,48.51141455]]},"geometry_name":"geom","properties":{"id_adr":"10220_0350_00028_bis","id_bat":"BATIMENT0000000301149497","idu":"102200000D2131","type_lien":"GEO","nb_adr":3,"nb_bat":4}},{"type":"Feature","id":"lien_adresse_bati.2880780","geometry":{"type":"LineString","coordinates":[[3.79123598,48.51143427],[3.79134698,48.51114205]]},"geometry_name":"geom","properties":{"id_adr":"10220_0350_00028_bis","id_bat":"BATIMENT0000000301149377","idu":"102200000D2131","type_lien":"GEO","nb_adr":3,"nb_bat":4}},{"type":"Feature","id":"lien_adresse_bati.2783965","geometry":{"type":"LineString","coordinates":[[3.79123598,48.51143427],[3.79115117,48.51135265]]},"geometry_name":"geom","properties":{"id_adr":"10220_0350_00028_bis","id_bat":"BATIMENT0000000301149313","idu":"102200000D2131","type_lien":"GEO","nb_adr":3,"nb_bat":4}},{"type":"Feature","id":"lien_adresse_bati.2678115","geometry":{"type":"LineString","coordinates":[[3.79123598,48.51143427],[3.79204734,48.51136826]]},"geometry_name":"geom","properties":{"id_adr":"10220_0350_00028_bis","id_bat":"BATIMENT0000000301149512","idu":"102200000D2131","type_lien":"GEO","nb_adr":3,"nb_bat":4}},{"type":"Feature","id":"lien_adresse_bati.2830024","geometry":{"type":"LineString","coordinates":[[3.79052499,48.51142461],[3.79051985,48.51151056]]},"geometry_name":"geom","properties":{"id_adr":"10220_0350_00029","id_bat":"BATIMENT0000000301149315","idu":"102200000D2393","type_lien":"GEO","nb_adr":1,"nb_bat":1}},{"type":"Feature","id":"lien_adresse_bati.2709024","geometry":{"type":"LineString","coordinates":[[3.79157685,48.51177116],[3.79157765,48.51169125]]},"geometry_name":"geom","properties":{"id_adr":"10220_0350_00030","id_bat":"BATIMENT0000000301149266","idu":"102200000D2150","type_lien":"GEO","nb_adr":1,"nb_bat":2}},{"type":"Feature","id":"lien_adresse_bati.2895386","geometry":{"type":"LineString","coordinates":[[3.79157685,48.51177116],[3.7918501,48.51175427]]},"geometry_name":"geom","properties":{"id_adr":"10220_0350_00030","id_bat":"BATIMENT0000000301149533","idu":"102200000D2150","type_lien":"GEO","nb_adr":1,"nb_bat":2}},{"type":"Feature","id":"lien_adresse_bati.2863549","geometry":{"type":"LineString","coordinates":[[3.79079063,48.51144173],[3.79092543,48.51147997]]},"geometry_name":"geom","properties":{"id_adr":"10220_0350_00031","id_bat":"BATIMENT0000000301149299","idu":"102200000D0302","type_lien":"GEO","nb_adr":1,"nb_bat":2}},{"type":"Feature","id":"lien_adresse_bati.2838807","geometry":{"type":"LineString","coordinates":[[3.79079063,48.51144173],[3.79072152,48.51148897]]},"geometry_name":"geom","properties":{"id_adr":"10220_0350_00031","id_bat":"BATIMENT0000000301149540","idu":"102200000D0302","type_lien":"GEO","nb_adr":1,"nb_bat":2}},{"type":"Feature","id":"lien_adresse_bati.2794284","geometry":{"type":"LineString","coordinates":[[3.79106722,48.51146688],[3.79103282,48.51151775]]},"geometry_name":"geom","properties":{"id_adr":"10220_0350_00033","id_bat":"BATIMENT0000000301149298","idu":"102200000D0303","type_lien":"GEO","nb_adr":1,"nb_bat":1}},{"type":"Feature","id":"lien_adresse_bati.2710903","geometry":{"type":"LineString","coordinates":[[3.7922956,48.51238441],[3.79248474,48.51230848]]},"geometry_name":"geom","properties":{"id_adr":"10220_0350_00034","id_bat":"BATIMENT0000000301149777","idu":"102200000D2205","type_lien":"GEO","nb_adr":1,"nb_bat":1}},{"type":"Feature","id":"lien_adresse_bati.2694051","geometry":{"type":"LineString","coordinates":[[3.79144696,48.51177742],[3.79135648,48.51181566]]},"geometry_name":"geom","properties":{"id_adr":"10220_0350_00035","id_bat":"BATIMENT0000000301149373","idu":"102200000D1652","type_lien":"GEO","nb_adr":1,"nb_bat":1}},{"type":"Feature","id":"lien_adresse_bati.2704076","geometry":{"type":"LineString","coordinates":[[3.79288447,48.512824],[3.79301513,48.5127775]]},"geometry_name":"geom","properties":{"id_adr":"10220_0350_00036","id_bat":"BATIMENT0000000301149554","idu":"102200000D0315","type_lien":"GEO","nb_adr":2,"nb_bat":2}},{"type":"Feature","id":"lien_adresse_bati.2713417","geometry":{"type":"LineString","coordinates":[[3.79288447,48.512824],[3.79303482,48.51282624]]},"geometry_name":"geom","properties":{"id_adr":"10220_0350_00036","id_bat":"BATIMENT0000000301149555","idu":"102200000D0315","type_lien":"GEO","nb_adr":1,"nb_bat":2}},{"type":"Feature","id":"lien_adresse_bati.2682910","geometry":{"type":"LineString","coordinates":[[3.79341998,48.51358421],[3.79347257,48.51352527]]},"geometry_name":"geom","properties":{"id_adr":"10220_0350_00038","id_bat":"BATIMENT0000000301149789","idu":"102200000B0183","type_lien":"GEO","nb_adr":3,"nb_bat":6}},{"type":"Feature","id":"lien_adresse_bati.2752996","geometry":{"type":"LineString","coordinates":[[3.79341998,48.51358421],[3.79427337,48.5135644]]},"geometry_name":"geom","properties":{"id_adr":"10220_0350_00038","id_bat":"BATIMENT0000000301149358","idu":"102200000B0183","type_lien":"GEO","nb_adr":3,"nb_bat":6}},{"type":"Feature","id":"lien_adresse_bati.2672190","geometry":{"type":"LineString","coordinates":[[3.79341998,48.51358421],[3.79382534,48.51338609]]},"geometry_name":"geom","properties":{"id_adr":"10220_0350_00038","id_bat":"BATIMENT0000000301149867","idu":"102200000B0183","type_lien":"GEO","nb_adr":3,"nb_bat":6}},{"type":"Feature","id":"lien_adresse_bati.2817141","geometry":{"type":"LineString","coordinates":[[3.79341998,48.51358421],[3.79395465,48.5136244]]},"geometry_name":"geom","properties":{"id_adr":"10220_0350_00038","id_bat":"BATIMENT0000000301149359","idu":"102200000B0183","type_lien":"GEO","nb_adr":3,"nb_bat":6}},{"type":"Feature","id":"lien_adresse_bati.2726689","geometry":{"type":"LineString","coordinates":[[3.79341998,48.51358421],[3.79367781,48.51366622]]},"geometry_name":"geom","properties":{"id_adr":"10220_0350_00038","id_bat":"BATIMENT0000000301149874","idu":"102200000B0183","type_lien":"GEO","nb_adr":3,"nb_bat":6}},{"type":"Feature","id":"lien_adresse_bati.2676610","geometry":{"type":"LineString","coordinates":[[3.79341998,48.51358421],[3.79367896,48.51349072]]},"geometry_name":"geom","properties":{"id_adr":"10220_0350_00038","id_bat":"BATIMENT0000000301149788","idu":"102200000B0183","type_lien":"GEO","nb_adr":3,"nb_bat":6}},{"type":"Feature","id":"lien_adresse_bati.2718400","geometry":{"type":"LineString","coordinates":[[3.79155882,48.51192242],[3.7915255,48.51200774]]},"geometry_name":"geom","properties":{"id_adr":"10220_0350_00039","id_bat":"BATIMENT0000000301149308","idu":"102200000D0308","type_lien":"GEO","nb_adr":2,"nb_bat":1}},{"type":"Feature","id":"lien_adresse_bati.2901061","geometry":{"type":"LineString","coordinates":[[3.79347062,48.51370982],[3.79347257,48.51352527]]},"geometry_name":"geom","properties":{"id_adr":"10220_0350_00040","id_bat":"BATIMENT0000000301149789","idu":"102200000B0183","type_lien":"GEO","nb_adr":3,"nb_bat":6}},{"type":"Feature","id":"lien_adresse_bati.2715168","geometry":{"type":"LineString","coordinates":[[3.79347062,48.51370982],[3.79395465,48.5136244]]},"geometry_name":"geom","properties":{"id_adr":"10220_0350_00040","id_bat":"BATIMENT0000000301149359","idu":"102200000B0183","type_lien":"GEO","nb_adr":3,"nb_bat":6}},{"type":"Feature","id":"lien_adresse_bati.2876894","geometry":{"type":"LineString","coordinates":[[3.79347062,48.51370982],[3.79367781,48.51366622]]},"geometry_name":"geom","properties":{"id_adr":"10220_0350_00040","id_bat":"BATIMENT0000000301149874","idu":"102200000B0183","type_lien":"GEO","nb_adr":3,"nb_bat":6}},{"type":"Feature","id":"lien_adresse_bati.2874372","geometry":{"type":"LineString","coordinates":[[3.79347062,48.51370982],[3.79382534,48.51338609]]},"geometry_name":"geom","properties":{"id_adr":"10220_0350_00040","id_bat":"BATIMENT0000000301149867","idu":"102200000B0183","type_lien":"GEO","nb_adr":3,"nb_bat":6}},{"type":"Feature","id":"lien_adresse_bati.2780971","geometry":{"type":"LineString","coordinates":[[3.79347062,48.51370982],[3.79427337,48.5135644]]},"geometry_name":"geom","properties":{"id_adr":"10220_0350_00040","id_bat":"BATIMENT0000000301149358","idu":"102200000B0183","type_lien":"GEO","nb_adr":3,"nb_bat":6}},{"type":"Feature","id":"lien_adresse_bati.2692178","geometry":{"type":"LineString","coordinates":[[3.79347062,48.51370982],[3.79367896,48.51349072]]},"geometry_name":"geom","properties":{"id_adr":"10220_0350_00040","id_bat":"BATIMENT0000000301149788","idu":"102200000B0183","type_lien":"GEO","nb_adr":3,"nb_bat":6}},{"type":"Feature","id":"lien_adresse_bati.2861004","geometry":{"type":"LineString","coordinates":[[3.79167032,48.51204312],[3.79164357,48.51212427]]},"geometry_name":"geom","properties":{"id_adr":"10220_0350_00041","id_bat":"BATIMENT0000000301149416","idu":"102200000D0309","type_lien":"GEO","nb_adr":1,"nb_bat":2}},{"type":"Feature","id":"lien_adresse_bati.2765062","geometry":{"type":"LineString","coordinates":[[3.79167032,48.51204312],[3.79155967,48.5120519]]},"geometry_name":"geom","properties":{"id_adr":"10220_0350_00041","id_bat":"BATIMENT0000000301149308","idu":"102200000D0309","type_lien":"GEO","nb_adr":2,"nb_bat":2}},{"type":"Feature","id":"lien_adresse_bati.2874027","geometry":{"type":"LineString","coordinates":[[3.79245765,48.51262443],[3.79232631,48.51280254]]},"geometry_name":"geom","properties":{"id_adr":"10220_0350_00043","id_bat":"BATIMENT0000000301149773","idu":"102200000D2228","type_lien":"GEO","nb_adr":2,"nb_bat":1}},{"type":"Feature","id":"lien_adresse_bati.2701899","geometry":{"type":"LineString","coordinates":[[3.79230009,48.51250224],[3.79193291,48.5123459]]},"geometry_name":"geom","properties":{"id_adr":"10220_0350_00045","id_bat":"BATIMENT0000000301149792","idu":"102200000D2369","type_lien":"GEO","nb_adr":1,"nb_bat":3}},{"type":"Feature","id":"lien_adresse_bati.2877314","geometry":{"type":"LineString","coordinates":[[3.79230009,48.51250224],[3.79186527,48.51237388]]},"geometry_name":"geom","properties":{"id_adr":"10220_0350_00045","id_bat":"BATIMENT0000002220709430","idu":"102200000D2369","type_lien":"GEO","nb_adr":1,"nb_bat":3}},{"type":"Feature","id":"lien_adresse_bati.2751497","geometry":{"type":"LineString","coordinates":[[3.79230009,48.51250224],[3.79214005,48.51248174]]},"geometry_name":"geom","properties":{"id_adr":"10220_0350_00045","id_bat":"BATIMENT0000002220709429","idu":"102200000D2369","type_lien":"GEO","nb_adr":1,"nb_bat":3}},{"type":"Feature","id":"lien_adresse_bati.2704349","geometry":{"type":"LineString","coordinates":[[3.79253162,48.51268062],[3.79232631,48.51280254]]},"geometry_name":"geom","properties":{"id_adr":"10220_0350_00047","id_bat":"BATIMENT0000000301149773","idu":"102200000D2228","type_lien":"GEO","nb_adr":2,"nb_bat":1}},{"type":"Feature","id":"lien_adresse_bati.2866617","geometry":{"type":"LineString","coordinates":[[3.79357823,48.5100818],[3.79344387,48.50997127]]},"geometry_name":"geom","properties":{"id_adr":"10220_0353_00002","id_bat":"BATIMENT0000000325110377","idu":"102200000D2254","type_lien":"GEO","nb_adr":2,"nb_bat":1}},{"type":"Feature","id":"lien_adresse_bati.2860461","geometry":{"type":"LineString","coordinates":[[3.79375801,48.50988358],[3.79344387,48.50997127]]},"geometry_name":"geom","properties":{"id_adr":"10220_0353_00004","id_bat":"BATIMENT0000000325110377","idu":"102200000D2254","type_lien":"GEO","nb_adr":2,"nb_bat":1}},{"type":"Feature","id":"lien_adresse_bati.2726949","geometry":{"type":"LineString","coordinates":[[3.79386371,48.50980011],[3.79388077,48.50959983]]},"geometry_name":"geom","properties":{"id_adr":"10220_0353_00006","id_bat":"BATIMENT0000000325110368","idu":"102200000D2256","type_lien":"GEO","nb_adr":1,"nb_bat":1}},{"type":"Feature","id":"lien_adresse_bati.2771990","geometry":{"type":"LineString","coordinates":[[3.79399413,48.50991889],[3.79409607,48.50981083]]},"geometry_name":"geom","properties":{"id_adr":"10220_0353_00008","id_bat":"BATIMENT0000000325110379","idu":"102200000D2255","type_lien":"GEO","nb_adr":1,"nb_bat":1}},{"type":"Feature","id":"lien_adresse_bati.2790593","geometry":{"type":"LineString","coordinates":[[3.76593188,48.50312195],[3.76638138,48.50317157]]},"geometry_name":"geom","properties":{"id_adr":"10220_0354_00024","id_bat":"BATIMENT0000000325110257","idu":"102200000H0429","type_lien":"GEO","nb_adr":1,"nb_bat":1}},{"type":"Feature","id":"lien_adresse_bati.2844464","geometry":{"type":"LineString","coordinates":[[3.80494509,48.5113458],[3.80478962,48.51136137]]},"geometry_name":"geom","properties":{"id_adr":"10220_0355_00001","id_bat":"BATIMENT0000000301151909","idu":"102200000F0125","type_lien":"GEO","nb_adr":1,"nb_bat":2}},{"type":"Feature","id":"lien_adresse_bati.2812801","geometry":{"type":"LineString","coordinates":[[3.80494509,48.5113458],[3.80456889,48.51144761]]},"geometry_name":"geom","properties":{"id_adr":"10220_0355_00001","id_bat":"BATIMENT0000002330331345","idu":"102200000F0125","type_lien":"GEO","nb_adr":1,"nb_bat":2}},{"type":"Feature","id":"lien_adresse_bati.2755486","geometry":{"type":"LineString","coordinates":[[3.80491853,48.51120294],[3.80478442,48.51119859]]},"geometry_name":"geom","properties":{"id_adr":"10220_0355_00003","id_bat":"BATIMENT0000000301151874","idu":"102200000F0124","type_lien":"GEO","nb_adr":1,"nb_bat":1}},{"type":"Feature","id":"lien_adresse_bati.2762091","geometry":{"type":"LineString","coordinates":[[3.80487804,48.51103498],[3.80477293,48.51102361]]},"geometry_name":"geom","properties":{"id_adr":"10220_0355_00005","id_bat":"BATIMENT0000000301151839","idu":"102200000F0123","type_lien":"GEO","nb_adr":1,"nb_bat":2}},{"type":"Feature","id":"lien_adresse_bati.2666278","geometry":{"type":"LineString","coordinates":[[3.80487804,48.51103498],[3.80470643,48.51101352]]},"geometry_name":"geom","properties":{"id_adr":"10220_0355_00005","id_bat":"BATIMENT0000000301151840","idu":"102200000F0123","type_lien":"GEO","nb_adr":1,"nb_bat":2}},{"type":"Feature","id":"lien_adresse_bati.2754279","geometry":{"type":"LineString","coordinates":[[3.80483895,48.51086972],[3.80468638,48.5108604]]},"geometry_name":"geom","properties":{"id_adr":"10220_0355_00007","id_bat":"BATIMENT0000000301151825","idu":"102200000F0122","type_lien":"GEO","nb_adr":1,"nb_bat":1}},{"type":"Feature","id":"lien_adresse_bati.2671593","geometry":{"type":"LineString","coordinates":[[3.80479992,48.51070895],[3.80465365,48.5107062]]},"geometry_name":"geom","properties":{"id_adr":"10220_0355_00009","id_bat":"BATIMENT0000000301151820","idu":"102200000F0121","type_lien":"GEO","nb_adr":1,"nb_bat":2}},{"type":"Feature","id":"lien_adresse_bati.2693589","geometry":{"type":"LineString","coordinates":[[3.80479992,48.51070895],[3.80431425,48.51071503]]},"geometry_name":"geom","properties":{"id_adr":"10220_0355_00009","id_bat":"BATIMENT0000000301151815","idu":"102200000F0121","type_lien":"GEO","nb_adr":1,"nb_bat":2}},{"type":"Feature","id":"lien_adresse_bati.2797630","geometry":{"type":"LineString","coordinates":[[3.80476089,48.51054728],[3.80457849,48.51053187]]},"geometry_name":"geom","properties":{"id_adr":"10220_0355_00011","id_bat":"BATIMENT0000000301151914","idu":"102200000F0120","type_lien":"GEO","nb_adr":1,"nb_bat":1}},{"type":"Feature","id":"lien_adresse_bati.2771438","geometry":{"type":"LineString","coordinates":[[3.80444302,48.51030293],[3.80455146,48.51039936]]},"geometry_name":"geom","properties":{"id_adr":"10220_0355_00013","id_bat":"BATIMENT0000000301151804","idu":"102200000F0119","type_lien":"GEO","nb_adr":1,"nb_bat":1}},{"type":"Feature","id":"lien_adresse_bati.2677561","geometry":{"type":"LineString","coordinates":[[3.76835962,48.50490824],[3.76835596,48.50490533]]},"geometry_name":"geom","properties":{"id_adr":"10220_0361_00006","id_bat":"BATIMENT0000002330331420","idu":"102200000D2507","type_lien":"GEO","nb_adr":1,"nb_bat":1}},{"type":"Feature","id":"lien_adresse_bati.2816138","geometry":{"type":"LineString","coordinates":[[3.80023083,48.51349717],[3.80019536,48.51347979]]},"geometry_name":"geom","properties":{"id_adr":"10220_0370_00001","id_bat":"BATIMENT0000002220709376","idu":"102200000B1660","type_lien":"GEO","nb_adr":1,"nb_bat":1}},{"type":"Feature","id":"lien_adresse_bati.2900036","geometry":{"type":"LineString","coordinates":[[3.80032454,48.51369265],[3.80045519,48.5139059]]},"geometry_name":"geom","properties":{"id_adr":"10220_0370_00003","id_bat":"BATIMENT0000000301152012","idu":"102200000B0117","type_lien":"GEO","nb_adr":2,"nb_bat":2}},{"type":"Feature","id":"lien_adresse_bati.2863637","geometry":{"type":"LineString","coordinates":[[3.80032454,48.51369265],[3.8003505,48.51370904]]},"geometry_name":"geom","properties":{"id_adr":"10220_0370_00003","id_bat":"BATIMENT0000000301151982","idu":"102200000B0117","type_lien":"GEO","nb_adr":2,"nb_bat":2}},{"type":"Feature","id":"lien_adresse_bati.2673594","geometry":{"type":"LineString","coordinates":[[3.80041567,48.51380809],[3.80045519,48.5139059]]},"geometry_name":"geom","properties":{"id_adr":"10220_0370_00005","id_bat":"BATIMENT0000000301152012","idu":"102200000B0117","type_lien":"GEO","nb_adr":2,"nb_bat":2}},{"type":"Feature","id":"lien_adresse_bati.2894210","geometry":{"type":"LineString","coordinates":[[3.80041567,48.51380809],[3.8003505,48.51370904]]},"geometry_name":"geom","properties":{"id_adr":"10220_0370_00005","id_bat":"BATIMENT0000000301151982","idu":"102200000B0117","type_lien":"GEO","nb_adr":2,"nb_bat":2}},{"type":"Feature","id":"lien_adresse_bati.2661760","geometry":{"type":"LineString","coordinates":[[3.78415696,48.51177087],[3.78412662,48.51170464]]},"geometry_name":"geom","properties":{"id_adr":"10220_0380_00001","id_bat":"BATIMENT0000000301149123","idu":"102200000D0233","type_lien":"GEO","nb_adr":1,"nb_bat":1}},{"type":"Feature","id":"lien_adresse_bati.2864814","geometry":{"type":"LineString","coordinates":[[3.78377107,48.51177072],[3.78300933,48.51139904]]},"geometry_name":"geom","properties":{"id_adr":"10220_0380_00005","id_bat":"BATIMENT0000000301149145","idu":"102200000D2061","type_lien":"GEO","nb_adr":2,"nb_bat":1}},{"type":"Feature","id":"lien_adresse_bati.2764811","geometry":{"type":"LineString","coordinates":[[3.78301689,48.51167943],[3.78301037,48.51144633]]},"geometry_name":"geom","properties":{"id_adr":"10220_0380_00007","id_bat":"BATIMENT0000000301149145","idu":"102200000D0220","type_lien":"GEO","nb_adr":2,"nb_bat":4}},{"type":"Feature","id":"lien_adresse_bati.2832425","geometry":{"type":"LineString","coordinates":[[3.78301689,48.51167943],[3.78270836,48.51159536]]},"geometry_name":"geom","properties":{"id_adr":"10220_0380_00007","id_bat":"BATIMENT0000000301149125","idu":"102200000D0220","type_lien":"GEO","nb_adr":2,"nb_bat":4}},{"type":"Feature","id":"lien_adresse_bati.2740104","geometry":{"type":"LineString","coordinates":[[3.78301689,48.51167943],[3.78281199,48.51160453]]},"geometry_name":"geom","properties":{"id_adr":"10220_0380_00007","id_bat":"BATIMENT0000000301149126","idu":"102200000D0220","type_lien":"GEO","nb_adr":1,"nb_bat":4}},{"type":"Feature","id":"lien_adresse_bati.2831766","geometry":{"type":"LineString","coordinates":[[3.78301689,48.51167943],[3.78285294,48.51144526]]},"geometry_name":"geom","properties":{"id_adr":"10220_0380_00007","id_bat":"BATIMENT0000000301149144","idu":"102200000D0220","type_lien":"GEO","nb_adr":1,"nb_bat":4}},{"type":"Feature","id":"lien_adresse_bati.2861875","geometry":{"type":"LineString","coordinates":[[3.78529676,48.51166259],[3.78534385,48.51176663]]},"geometry_name":"geom","properties":{"id_adr":"10220_0380_00008","id_bat":"BATIMENT0000000301149235","idu":"102200000D0247","type_lien":"GEO","nb_adr":1,"nb_bat":2}},{"type":"Feature","id":"lien_adresse_bati.2772441","geometry":{"type":"LineString","coordinates":[[3.78529676,48.51166259],[3.78536773,48.51165525]]},"geometry_name":"geom","properties":{"id_adr":"10220_0380_00008","id_bat":"BATIMENT0000000301149302","idu":"102200000D0247","type_lien":"GEO","nb_adr":1,"nb_bat":2}},{"type":"Feature","id":"lien_adresse_bati.2688828","geometry":{"type":"LineString","coordinates":[[3.78225272,48.51164488],[3.78193842,48.51149851]]},"geometry_name":"geom","properties":{"id_adr":"10220_0380_00009","id_bat":"BATIMENT0000000301149149","idu":"102200000D0219","type_lien":"GEO","nb_adr":1,"nb_bat":6}},{"type":"Feature","id":"lien_adresse_bati.2722058","geometry":{"type":"LineString","coordinates":[[3.78225272,48.51164488],[3.78255997,48.51138872]]},"geometry_name":"geom","properties":{"id_adr":"10220_0380_00009","id_bat":"BATIMENT0000000301149183","idu":"102200000D0219","type_lien":"GEO","nb_adr":1,"nb_bat":6}},{"type":"Feature","id":"lien_adresse_bati.2781724","geometry":{"type":"LineString","coordinates":[[3.78225272,48.51164488],[3.78264953,48.51159281]]},"geometry_name":"geom","properties":{"id_adr":"10220_0380_00009","id_bat":"BATIMENT0000000301149125","idu":"102200000D0219","type_lien":"GEO","nb_adr":2,"nb_bat":6}},{"type":"Feature","id":"lien_adresse_bati.2911816","geometry":{"type":"LineString","coordinates":[[3.78225272,48.51164488],[3.78229994,48.51140649]]},"geometry_name":"geom","properties":{"id_adr":"10220_0380_00009","id_bat":"BATIMENT0000000301149128","idu":"102200000D0219","type_lien":"GEO","nb_adr":1,"nb_bat":6}},{"type":"Feature","id":"lien_adresse_bati.2885943","geometry":{"type":"LineString","coordinates":[[3.78225272,48.51164488],[3.7826563,48.51145645]]},"geometry_name":"geom","properties":{"id_adr":"10220_0380_00009","id_bat":"BATIMENT0000000301149184","idu":"102200000D0219","type_lien":"GEO","nb_adr":1,"nb_bat":6}},{"type":"Feature","id":"lien_adresse_bati.2848637","geometry":{"type":"LineString","coordinates":[[3.78225272,48.51164488],[3.78241597,48.51156039]]},"geometry_name":"geom","properties":{"id_adr":"10220_0380_00009","id_bat":"BATIMENT0000000301149131","idu":"102200000D0219","type_lien":"GEO","nb_adr":1,"nb_bat":6}},{"type":"Feature","id":"lien_adresse_bati.2690029","geometry":{"type":"LineString","coordinates":[[3.78597047,48.51135316],[3.78574206,48.51134879]]},"geometry_name":"geom","properties":{"id_adr":"10220_0380_00014","id_bat":"BATIMENT0000000301149344","idu":"102200000D1481","type_lien":"GEO","nb_adr":3,"nb_bat":2}},{"type":"Feature","id":"lien_adresse_bati.2909286","geometry":{"type":"LineString","coordinates":[[3.78597047,48.51135316],[3.78535726,48.51144703]]},"geometry_name":"geom","properties":{"id_adr":"10220_0380_00014","id_bat":"BATIMENT0000000292129134","idu":"102200000D1481","type_lien":"GEO","nb_adr":3,"nb_bat":2}},{"type":"Feature","id":"lien_adresse_bati.2856083","geometry":{"type":"LineString","coordinates":[[3.78765925,48.51191864],[3.78760112,48.51192573]]},"geometry_name":"geom","properties":{"id_adr":"10220_0390_00002","id_bat":"BATIMENT0000000301149853","idu":"102200000D0265","type_lien":"GEO","nb_adr":2,"nb_bat":1}},{"type":"Feature","id":"lien_adresse_bati.2822494","geometry":{"type":"LineString","coordinates":[[3.78562728,48.51103966],[3.78542828,48.51093666]]},"geometry_name":"geom","properties":{"id_adr":"10220_0400_00001","id_bat":"BATIMENT0000000301149249","idu":"102200000D0434","type_lien":"GEO","nb_adr":5,"nb_bat":2}},{"type":"Feature","id":"lien_adresse_bati.2842547","geometry":{"type":"LineString","coordinates":[[3.78562728,48.51103966],[3.78546705,48.5108565]]},"geometry_name":"geom","properties":{"id_adr":"10220_0400_00001","id_bat":"BATIMENT0000000301149246","idu":"102200000D0434","type_lien":"GEO","nb_adr":5,"nb_bat":2}},{"type":"Feature","id":"lien_adresse_bati.2791714","geometry":{"type":"LineString","coordinates":[[3.78565795,48.50910975],[3.78531412,48.50925416]]},"geometry_name":"geom","properties":{"id_adr":"10220_0400_00003","id_bat":"BATIMENT0000000301149135","idu":"102200000D0451","type_lien":"GEO","nb_adr":1,"nb_bat":2}},{"type":"Feature","id":"lien_adresse_bati.2749548","geometry":{"type":"LineString","coordinates":[[3.78565795,48.50910975],[3.78554053,48.50917927]]},"geometry_name":"geom","properties":{"id_adr":"10220_0400_00003","id_bat":"BATIMENT0000000301149405","idu":"102200000D0451","type_lien":"GEO","nb_adr":1,"nb_bat":2}},{"type":"Feature","id":"lien_adresse_bati.2708267","geometry":{"type":"LineString","coordinates":[[3.78562728,48.51103966],[3.78546705,48.5108565]]},"geometry_name":"geom","properties":{"id_adr":"10220_0400_00005","id_bat":"BATIMENT0000000301149246","idu":"102200000D0434","type_lien":"GEO","nb_adr":5,"nb_bat":2}},{"type":"Feature","id":"lien_adresse_bati.2784680","geometry":{"type":"LineString","coordinates":[[3.78562728,48.51103966],[3.78542828,48.51093666]]},"geometry_name":"geom","properties":{"id_adr":"10220_0400_00005","id_bat":"BATIMENT0000000301149249","idu":"102200000D0434","type_lien":"GEO","nb_adr":5,"nb_bat":2}},{"type":"Feature","id":"lien_adresse_bati.2852575","geometry":{"type":"LineString","coordinates":[[3.78562888,48.51105584],[3.78542828,48.51093666]]},"geometry_name":"geom","properties":{"id_adr":"10220_0400_00005_bis","id_bat":"BATIMENT0000000301149249","idu":"102200000D0434","type_lien":"GEO","nb_adr":5,"nb_bat":2}},{"type":"Feature","id":"lien_adresse_bati.2714565","geometry":{"type":"LineString","coordinates":[[3.78562888,48.51105584],[3.78546705,48.5108565]]},"geometry_name":"geom","properties":{"id_adr":"10220_0400_00005_bis","id_bat":"BATIMENT0000000301149246","idu":"102200000D0434","type_lien":"GEO","nb_adr":5,"nb_bat":2}},{"type":"Feature","id":"lien_adresse_bati.2685562","geometry":{"type":"LineString","coordinates":[[3.78578748,48.50898924],[3.78621604,48.5094818]]},"geometry_name":"geom","properties":{"id_adr":"10220_0400_00006","id_bat":"BATIMENT0000000301149569","idu":"102200000D0409","type_lien":"GEO","nb_adr":4,"nb_bat":3}},{"type":"Feature","id":"lien_adresse_bati.2821470","geometry":{"type":"LineString","coordinates":[[3.78578748,48.50898924],[3.78625231,48.50946342]]},"geometry_name":"geom","properties":{"id_adr":"10220_0400_00006","id_bat":"BATIMENT0000000301149573","idu":"102200000D0409","type_lien":"GEO","nb_adr":4,"nb_bat":3}},{"type":"Feature","id":"lien_adresse_bati.2786777","geometry":{"type":"LineString","coordinates":[[3.78578748,48.50898924],[3.78596486,48.50947171]]},"geometry_name":"geom","properties":{"id_adr":"10220_0400_00006","id_bat":"BATIMENT0000000301149624","idu":"102200000D0409","type_lien":"GEO","nb_adr":4,"nb_bat":3}},{"type":"Feature","id":"lien_adresse_bati.2727925","geometry":{"type":"LineString","coordinates":[[3.78566714,48.50936159],[3.78543204,48.50935145]]},"geometry_name":"geom","properties":{"id_adr":"10220_0400_00007","id_bat":"BATIMENT0000000301149628","idu":"102200000D0449","type_lien":"GEO","nb_adr":1,"nb_bat":1}},{"type":"Feature","id":"lien_adresse_bati.2806584","geometry":{"type":"LineString","coordinates":[[3.7856399,48.5095318],[3.78524695,48.50968238]]},"geometry_name":"geom","properties":{"id_adr":"10220_0400_00009","id_bat":"BATIMENT0000000301149130","idu":"102200000D0447","type_lien":"GEO","nb_adr":2,"nb_bat":3}},{"type":"Feature","id":"lien_adresse_bati.2678879","geometry":{"type":"LineString","coordinates":[[3.7856399,48.5095318],[3.785643,48.50971561]]},"geometry_name":"geom","properties":{"id_adr":"10220_0400_00009","id_bat":"BATIMENT0000000301149524","idu":"102200000D0447","type_lien":"GEO","nb_adr":2,"nb_bat":3}},{"type":"Feature","id":"lien_adresse_bati.2885946","geometry":{"type":"LineString","coordinates":[[3.7856399,48.5095318],[3.78562484,48.50956369]]},"geometry_name":"geom","properties":{"id_adr":"10220_0400_00009","id_bat":"BATIMENT0000000301149478","idu":"102200000D0447","type_lien":"GEO","nb_adr":2,"nb_bat":3}},{"type":"Feature","id":"lien_adresse_bati.2698708","geometry":{"type":"LineString","coordinates":[[3.78578748,48.50898924],[3.78596486,48.50947171]]},"geometry_name":"geom","properties":{"id_adr":"10220_0400_00010","id_bat":"BATIMENT0000000301149624","idu":"102200000D0409","type_lien":"GEO","nb_adr":4,"nb_bat":3}},{"type":"Feature","id":"lien_adresse_bati.2832140","geometry":{"type":"LineString","coordinates":[[3.78578748,48.50898924],[3.78625231,48.50946342]]},"geometry_name":"geom","properties":{"id_adr":"10220_0400_00010","id_bat":"BATIMENT0000000301149573","idu":"102200000D0409","type_lien":"GEO","nb_adr":4,"nb_bat":3}},{"type":"Feature","id":"lien_adresse_bati.2807919","geometry":{"type":"LineString","coordinates":[[3.78578748,48.50898924],[3.78621604,48.5094818]]},"geometry_name":"geom","properties":{"id_adr":"10220_0400_00010","id_bat":"BATIMENT0000000301149569","idu":"102200000D0409","type_lien":"GEO","nb_adr":4,"nb_bat":3}},{"type":"Feature","id":"lien_adresse_bati.2896886","geometry":{"type":"LineString","coordinates":[[3.78570283,48.50966543],[3.78524695,48.50968238]]},"geometry_name":"geom","properties":{"id_adr":"10220_0400_00011","id_bat":"BATIMENT0000000301149130","idu":"102200000D0447","type_lien":"GEO","nb_adr":2,"nb_bat":3}},{"type":"Feature","id":"lien_adresse_bati.2860765","geometry":{"type":"LineString","coordinates":[[3.78570283,48.50966543],[3.78562484,48.50956369]]},"geometry_name":"geom","properties":{"id_adr":"10220_0400_00011","id_bat":"BATIMENT0000000301149478","idu":"102200000D0447","type_lien":"GEO","nb_adr":2,"nb_bat":3}},{"type":"Feature","id":"lien_adresse_bati.2743166","geometry":{"type":"LineString","coordinates":[[3.78570283,48.50966543],[3.785643,48.50971561]]},"geometry_name":"geom","properties":{"id_adr":"10220_0400_00011","id_bat":"BATIMENT0000000301149524","idu":"102200000D0447","type_lien":"GEO","nb_adr":2,"nb_bat":3}},{"type":"Feature","id":"lien_adresse_bati.2822328","geometry":{"type":"LineString","coordinates":[[3.78571243,48.50985428],[3.78556852,48.50987374]]},"geometry_name":"geom","properties":{"id_adr":"10220_0400_00013","id_bat":"BATIMENT0000000301149349","idu":"102200000D0444","type_lien":"GEO","nb_adr":1,"nb_bat":1}},{"type":"Feature","id":"lien_adresse_bati.2672961","geometry":{"type":"LineString","coordinates":[[3.78578748,48.50898924],[3.78625231,48.50946342]]},"geometry_name":"geom","properties":{"id_adr":"10220_0400_00014","id_bat":"BATIMENT0000000301149573","idu":"102200000D0409","type_lien":"GEO","nb_adr":4,"nb_bat":3}},{"type":"Feature","id":"lien_adresse_bati.2813581","geometry":{"type":"LineString","coordinates":[[3.78578748,48.50898924],[3.78596486,48.50947171]]},"geometry_name":"geom","properties":{"id_adr":"10220_0400_00014","id_bat":"BATIMENT0000000301149624","idu":"102200000D0409","type_lien":"GEO","nb_adr":4,"nb_bat":3}},{"type":"Feature","id":"lien_adresse_bati.2705640","geometry":{"type":"LineString","coordinates":[[3.78578748,48.50898924],[3.78621604,48.5094818]]},"geometry_name":"geom","properties":{"id_adr":"10220_0400_00014","id_bat":"BATIMENT0000000301149569","idu":"102200000D0409","type_lien":"GEO","nb_adr":4,"nb_bat":3}},{"type":"Feature","id":"lien_adresse_bati.2855187","geometry":{"type":"LineString","coordinates":[[3.78573355,48.50999899],[3.78565122,48.51012699]]},"geometry_name":"geom","properties":{"id_adr":"10220_0400_00015","id_bat":"BATIMENT0000000301149401","idu":"102200000D0443","type_lien":"GEO","nb_adr":2,"nb_bat":3}},{"type":"Feature","id":"lien_adresse_bati.2913182","geometry":{"type":"LineString","coordinates":[[3.78573355,48.50999899],[3.78560162,48.51000427]]},"geometry_name":"geom","properties":{"id_adr":"10220_0400_00015","id_bat":"BATIMENT0000000301149490","idu":"102200000D0443","type_lien":"GEO","nb_adr":1,"nb_bat":3}},{"type":"Feature","id":"lien_adresse_bati.2894578","geometry":{"type":"LineString","coordinates":[[3.78573355,48.50999899],[3.78561759,48.51009286]]},"geometry_name":"geom","properties":{"id_adr":"10220_0400_00015","id_bat":"BATIMENT0000000301149400","idu":"102200000D0443","type_lien":"GEO","nb_adr":1,"nb_bat":3}},{"type":"Feature","id":"lien_adresse_bati.2798035","geometry":{"type":"LineString","coordinates":[[3.78578748,48.50898924],[3.78625231,48.50946342]]},"geometry_name":"geom","properties":{"id_adr":"10220_0400_00016","id_bat":"BATIMENT0000000301149573","idu":"102200000D0409","type_lien":"GEO","nb_adr":4,"nb_bat":3}},{"type":"Feature","id":"lien_adresse_bati.2882206","geometry":{"type":"LineString","coordinates":[[3.78578748,48.50898924],[3.78621604,48.5094818]]},"geometry_name":"geom","properties":{"id_adr":"10220_0400_00016","id_bat":"BATIMENT0000000301149569","idu":"102200000D0409","type_lien":"GEO","nb_adr":4,"nb_bat":3}},{"type":"Feature","id":"lien_adresse_bati.2816894","geometry":{"type":"LineString","coordinates":[[3.78578748,48.50898924],[3.78596486,48.50947171]]},"geometry_name":"geom","properties":{"id_adr":"10220_0400_00016","id_bat":"BATIMENT0000000301149624","idu":"102200000D0409","type_lien":"GEO","nb_adr":4,"nb_bat":3}},{"type":"Feature","id":"lien_adresse_bati.2768188","geometry":{"type":"LineString","coordinates":[[3.78574574,48.51017973],[3.78565347,48.51019031]]},"geometry_name":"geom","properties":{"id_adr":"10220_0400_00017","id_bat":"BATIMENT0000000301149401","idu":"102200000D0440","type_lien":"GEO","nb_adr":2,"nb_bat":1}},{"type":"Feature","id":"lien_adresse_bati.2705823","geometry":{"type":"LineString","coordinates":[[3.78562728,48.51103966],[3.78542828,48.51093666]]},"geometry_name":"geom","properties":{"id_adr":"10220_0400_00019","id_bat":"BATIMENT0000000301149249","idu":"102200000D0434","type_lien":"GEO","nb_adr":5,"nb_bat":2}},{"type":"Feature","id":"lien_adresse_bati.2848261","geometry":{"type":"LineString","coordinates":[[3.78562728,48.51103966],[3.78546705,48.5108565]]},"geometry_name":"geom","properties":{"id_adr":"10220_0400_00019","id_bat":"BATIMENT0000000301149246","idu":"102200000D0434","type_lien":"GEO","nb_adr":5,"nb_bat":2}},{"type":"Feature","id":"lien_adresse_bati.2824325","geometry":{"type":"LineString","coordinates":[[3.78568423,48.51068393],[3.78548439,48.51069279]]},"geometry_name":"geom","properties":{"id_adr":"10220_0400_00021","id_bat":"BATIMENT0000000301149245","idu":"102200000D1865","type_lien":"GEO","nb_adr":1,"nb_bat":2}},{"type":"Feature","id":"lien_adresse_bati.2753085","geometry":{"type":"LineString","coordinates":[[3.78568423,48.51068393],[3.78520754,48.51058248]]},"geometry_name":"geom","properties":{"id_adr":"10220_0400_00021","id_bat":"BATIMENT0000000301149129","idu":"102200000D1865","type_lien":"GEO","nb_adr":3,"nb_bat":2}},{"type":"Feature","id":"lien_adresse_bati.2806547","geometry":{"type":"LineString","coordinates":[[3.78558152,48.51096799],[3.78542828,48.51093666]]},"geometry_name":"geom","properties":{"id_adr":"10220_0400_00023","id_bat":"BATIMENT0000000301149249","idu":"102200000D0434","type_lien":"GEO","nb_adr":5,"nb_bat":2}},{"type":"Feature","id":"lien_adresse_bati.2671066","geometry":{"type":"LineString","coordinates":[[3.78558152,48.51096799],[3.78546705,48.5108565]]},"geometry_name":"geom","properties":{"id_adr":"10220_0400_00023","id_bat":"BATIMENT0000000301149246","idu":"102200000D0434","type_lien":"GEO","nb_adr":5,"nb_bat":2}},{"type":"Feature","id":"lien_adresse_bati.2791350","geometry":{"type":"LineString","coordinates":[[3.78681123,48.50791821],[3.786984,48.507918]]},"geometry_name":"geom","properties":{"id_adr":"10220_0404_00001","id_bat":"BATIMENT0000002006956376","idu":"102200000D2488","type_lien":"GEO","nb_adr":12,"nb_bat":1}},{"type":"Feature","id":"lien_adresse_bati.2695150","geometry":{"type":"LineString","coordinates":[[3.78693366,48.50795698],[3.786984,48.507918]]},"geometry_name":"geom","properties":{"id_adr":"10220_0404_00002","id_bat":"BATIMENT0000002006956376","idu":"102200000D2488","type_lien":"GEO","nb_adr":12,"nb_bat":1}},{"type":"Feature","id":"lien_adresse_bati.2888963","geometry":{"type":"LineString","coordinates":[[3.78681201,48.50778956],[3.786984,48.507918]]},"geometry_name":"geom","properties":{"id_adr":"10220_0404_00003","id_bat":"BATIMENT0000002006956376","idu":"102200000D2488","type_lien":"GEO","nb_adr":12,"nb_bat":1}},{"type":"Feature","id":"lien_adresse_bati.2860704","geometry":{"type":"LineString","coordinates":[[3.78693089,48.50777257],[3.78706389,48.50791531]]},"geometry_name":"geom","properties":{"id_adr":"10220_0404_00004","id_bat":"BATIMENT0000002006956376","idu":"102200000D2485","type_lien":"GEO","nb_adr":12,"nb_bat":1}},{"type":"Feature","id":"lien_adresse_bati.2866940","geometry":{"type":"LineString","coordinates":[[3.78681909,48.50790106],[3.786984,48.507918]]},"geometry_name":"geom","properties":{"id_adr":"10220_0404_00005","id_bat":"BATIMENT0000002006956376","idu":"102200000D2488","type_lien":"GEO","nb_adr":12,"nb_bat":1}},{"type":"Feature","id":"lien_adresse_bati.2715620","geometry":{"type":"LineString","coordinates":[[3.78693641,48.5078697],[3.786984,48.507918]]},"geometry_name":"geom","properties":{"id_adr":"10220_0404_00006","id_bat":"BATIMENT0000002006956376","idu":"102200000D2488","type_lien":"GEO","nb_adr":12,"nb_bat":1}},{"type":"Feature","id":"lien_adresse_bati.2694146","geometry":{"type":"LineString","coordinates":[[3.78681123,48.50791821],[3.786984,48.507918]]},"geometry_name":"geom","properties":{"id_adr":"10220_0404_00007","id_bat":"BATIMENT0000002006956376","idu":"102200000D2488","type_lien":"GEO","nb_adr":12,"nb_bat":1}},{"type":"Feature","id":"lien_adresse_bati.2730637","geometry":{"type":"LineString","coordinates":[[3.78694192,48.50796592],[3.786984,48.507918]]},"geometry_name":"geom","properties":{"id_adr":"10220_0404_00008","id_bat":"BATIMENT0000002006956376","idu":"102200000D2488","type_lien":"GEO","nb_adr":12,"nb_bat":1}},{"type":"Feature","id":"lien_adresse_bati.2845245","geometry":{"type":"LineString","coordinates":[[3.78692346,48.50763768],[3.786984,48.507918]]},"geometry_name":"geom","properties":{"id_adr":"10220_0404_00010","id_bat":"BATIMENT0000002006956376","idu":"102200000D2488","type_lien":"GEO","nb_adr":12,"nb_bat":1}},{"type":"Feature","id":"lien_adresse_bati.2917951","geometry":{"type":"LineString","coordinates":[[3.78695293,48.50815837],[3.786984,48.507918]]},"geometry_name":"geom","properties":{"id_adr":"10220_0404_00012","id_bat":"BATIMENT0000002006956376","idu":"102200000D2488","type_lien":"GEO","nb_adr":12,"nb_bat":1}},{"type":"Feature","id":"lien_adresse_bati.2767202","geometry":{"type":"LineString","coordinates":[[3.7871683,48.50816504],[3.786984,48.507918]]},"geometry_name":"geom","properties":{"id_adr":"10220_0404_00014","id_bat":"BATIMENT0000002006956376","idu":"102200000D2488","type_lien":"GEO","nb_adr":12,"nb_bat":1}},{"type":"Feature","id":"lien_adresse_bati.2790487","geometry":{"type":"LineString","coordinates":[[3.78692346,48.50763768],[3.786984,48.507918]]},"geometry_name":"geom","properties":{"id_adr":"10220_0404_00016","id_bat":"BATIMENT0000002006956376","idu":"102200000D2488","type_lien":"GEO","nb_adr":12,"nb_bat":1}},{"type":"Feature","id":"lien_adresse_bati.2717040","geometry":{"type":"LineString","coordinates":[[3.76107458,48.50190897],[3.7609931,48.50225495]]},"geometry_name":"geom","properties":{"id_adr":"10220_0406_00004","id_bat":"BATIMENT0000000325110250","idu":"102200000H0458","type_lien":"GEO","nb_adr":2,"nb_bat":1}},{"type":"Feature","id":"lien_adresse_bati.2835628","geometry":{"type":"LineString","coordinates":[[3.75969634,48.50274096],[3.75971673,48.50298563]]},"geometry_name":"geom","properties":{"id_adr":"10220_0406_00006","id_bat":"BATIMENT0000000325110252","idu":"102200000H0496","type_lien":"GEO","nb_adr":3,"nb_bat":4}},{"type":"Feature","id":"lien_adresse_bati.2752380","geometry":{"type":"LineString","coordinates":[[3.75969634,48.50274096],[3.75931215,48.50145038]]},"geometry_name":"geom","properties":{"id_adr":"10220_0406_00006","id_bat":"BATIMENT0000000325110253","idu":"102200000H0496","type_lien":"GEO","nb_adr":1,"nb_bat":4}},{"type":"Feature","id":"lien_adresse_bati.2692612","geometry":{"type":"LineString","coordinates":[[3.75969634,48.50274096],[3.7598015,48.50242685]]},"geometry_name":"geom","properties":{"id_adr":"10220_0406_00006","id_bat":"BATIMENT0000000325110252","idu":"102200000H0496","type_lien":"GEO","nb_adr":3,"nb_bat":4}},{"type":"Feature","id":"lien_adresse_bati.2877777","geometry":{"type":"LineString","coordinates":[[3.75969634,48.50274096],[3.75950465,48.50343366]]},"geometry_name":"geom","properties":{"id_adr":"10220_0406_00006","id_bat":"BATIMENT0000000325110252","idu":"102200000H0496","type_lien":"GEO","nb_adr":3,"nb_bat":4}},{"type":"Feature","id":"lien_adresse_bati.2774004","geometry":{"type":"LineString","coordinates":[[3.76049426,48.50156543],[3.76018497,48.50180187]]},"geometry_name":"geom","properties":{"id_adr":"10220_0406_00008","id_bat":"BATIMENT0000002006956374","idu":"102200000H0502","type_lien":"GEO","nb_adr":3,"nb_bat":1}},{"type":"Feature","id":"lien_adresse_bati.2732288","geometry":{"type":"LineString","coordinates":[[3.76064443,48.50165263],[3.76018497,48.50180187]]},"geometry_name":"geom","properties":{"id_adr":"10220_0406_00010","id_bat":"BATIMENT0000002006956374","idu":"102200000H0502","type_lien":"GEO","nb_adr":3,"nb_bat":1}},{"type":"Feature","id":"lien_adresse_bati.2681113","geometry":{"type":"LineString","coordinates":[[3.76093117,48.50182173],[3.76040606,48.50232978]]},"geometry_name":"geom","properties":{"id_adr":"10220_0406_00012","id_bat":"BATIMENT0000002006956392","idu":"102200000H0510","type_lien":"GEO","nb_adr":2,"nb_bat":1}},{"type":"Feature","id":"lien_adresse_bati.2803275","geometry":{"type":"LineString","coordinates":[[3.76124391,48.50201045],[3.7609931,48.50225495]]},"geometry_name":"geom","properties":{"id_adr":"10220_0406_00014","id_bat":"BATIMENT0000000325110250","idu":"102200000H0458","type_lien":"GEO","nb_adr":2,"nb_bat":1}},{"type":"Feature","id":"lien_adresse_bati.2759662","geometry":{"type":"LineString","coordinates":[[3.76046967,48.50155029],[3.76018497,48.50180187]]},"geometry_name":"geom","properties":{"id_adr":"10220_0406_00016","id_bat":"BATIMENT0000002006956374","idu":"102200000H0502","type_lien":"GEO","nb_adr":3,"nb_bat":1}},{"type":"Feature","id":"lien_adresse_bati.2896649","geometry":{"type":"LineString","coordinates":[[3.76079052,48.50173806],[3.76040606,48.50232978]]},"geometry_name":"geom","properties":{"id_adr":"10220_0406_00018","id_bat":"BATIMENT0000002006956392","idu":"102200000H0510","type_lien":"GEO","nb_adr":2,"nb_bat":1}},{"type":"Feature","id":"lien_adresse_bati.2718443","geometry":{"type":"LineString","coordinates":[[3.75906865,48.5007136],[3.75846536,48.50112521]]},"geometry_name":"geom","properties":{"id_adr":"10220_0406_00020","id_bat":"BATIMENT0000000325110254","idu":"102200000H0451","type_lien":"GEO","nb_adr":2,"nb_bat":1}},{"type":"Feature","id":"lien_adresse_bati.2691435","geometry":{"type":"LineString","coordinates":[[3.7611918,48.50187134],[3.76128003,48.50114088]]},"geometry_name":"geom","properties":{"id_adr":"10220_0406_00021","id_bat":"BATIMENT0000002330331124","idu":"102200000H0497","type_lien":"GEO","nb_adr":1,"nb_bat":2}},{"type":"Feature","id":"lien_adresse_bati.2688207","geometry":{"type":"LineString","coordinates":[[3.7611918,48.50187134],[3.76027969,48.50067722]]},"geometry_name":"geom","properties":{"id_adr":"10220_0406_00021","id_bat":"BATIMENT0000002489607885","idu":"102200000H0497","type_lien":"GEO","nb_adr":1,"nb_bat":2}},{"type":"Feature","id":"lien_adresse_bati.2772764","geometry":{"type":"LineString","coordinates":[[3.75866049,48.5004787],[3.75836782,48.50060669]]},"geometry_name":"geom","properties":{"id_adr":"10220_0406_00022","id_bat":"BATIMENT0000002006956395","idu":"102200000H0450","type_lien":"GEO","nb_adr":1,"nb_bat":1}},{"type":"Feature","id":"lien_adresse_bati.2799084","geometry":{"type":"LineString","coordinates":[[3.78584461,48.51126673],[3.78535726,48.51144703]]},"geometry_name":"geom","properties":{"id_adr":"10220_0410_00001","id_bat":"BATIMENT0000000292129134","idu":"102200000D1481","type_lien":"GEO","nb_adr":3,"nb_bat":2}},{"type":"Feature","id":"lien_adresse_bati.2686495","geometry":{"type":"LineString","coordinates":[[3.78584461,48.51126673],[3.78574206,48.51134879]]},"geometry_name":"geom","properties":{"id_adr":"10220_0410_00001","id_bat":"BATIMENT0000000301149344","idu":"102200000D1481","type_lien":"GEO","nb_adr":3,"nb_bat":2}},{"type":"Feature","id":"lien_adresse_bati.2911637","geometry":{"type":"LineString","coordinates":[[3.78601997,48.51113242],[3.78611328,48.51103091]]},"geometry_name":"geom","properties":{"id_adr":"10220_0410_00002","id_bat":"BATIMENT0000000301149286","idu":"102200000D1544","type_lien":"GEO","nb_adr":2,"nb_bat":5}},{"type":"Feature","id":"lien_adresse_bati.2792444","geometry":{"type":"LineString","coordinates":[[3.78601997,48.51113242],[3.78590146,48.51105334]]},"geometry_name":"geom","properties":{"id_adr":"10220_0410_00002","id_bat":"BATIMENT0000000301149620","idu":"102200000D1544","type_lien":"GEO","nb_adr":1,"nb_bat":5}},{"type":"Feature","id":"lien_adresse_bati.2837872","geometry":{"type":"LineString","coordinates":[[3.78601997,48.51113242],[3.78596599,48.51068222]]},"geometry_name":"geom","properties":{"id_adr":"10220_0410_00002","id_bat":"BATIMENT0000000301149295","idu":"102200000D1544","type_lien":"GEO","nb_adr":1,"nb_bat":5}},{"type":"Feature","id":"lien_adresse_bati.2854921","geometry":{"type":"LineString","coordinates":[[3.78601997,48.51113242],[3.78610946,48.51105536]]},"geometry_name":"geom","properties":{"id_adr":"10220_0410_00002","id_bat":"BATIMENT0000000301149287","idu":"102200000D1544","type_lien":"GEO","nb_adr":1,"nb_bat":5}},{"type":"Feature","id":"lien_adresse_bati.2870918","geometry":{"type":"LineString","coordinates":[[3.78601997,48.51113242],[3.78595287,48.51103715]]},"geometry_name":"geom","properties":{"id_adr":"10220_0410_00002","id_bat":"BATIMENT0000000301149621","idu":"102200000D1544","type_lien":"GEO","nb_adr":1,"nb_bat":5}},{"type":"Feature","id":"lien_adresse_bati.2771049","geometry":{"type":"LineString","coordinates":[[3.78584461,48.51126673],[3.78535726,48.51144703]]},"geometry_name":"geom","properties":{"id_adr":"10220_0410_00003","id_bat":"BATIMENT0000000292129134","idu":"102200000D1481","type_lien":"GEO","nb_adr":3,"nb_bat":2}},{"type":"Feature","id":"lien_adresse_bati.2917651","geometry":{"type":"LineString","coordinates":[[3.78584461,48.51126673],[3.78574206,48.51134879]]},"geometry_name":"geom","properties":{"id_adr":"10220_0410_00003","id_bat":"BATIMENT0000000301149344","idu":"102200000D1481","type_lien":"GEO","nb_adr":3,"nb_bat":2}},{"type":"Feature","id":"lien_adresse_bati.2711236","geometry":{"type":"LineString","coordinates":[[3.78619781,48.51107367],[3.78637488,48.5106778]]},"geometry_name":"geom","properties":{"id_adr":"10220_0410_00004","id_bat":"BATIMENT0000000301149594","idu":"102200000D2192","type_lien":"GEO","nb_adr":1,"nb_bat":2}},{"type":"Feature","id":"lien_adresse_bati.2668202","geometry":{"type":"LineString","coordinates":[[3.78619781,48.51107367],[3.78610319,48.51093834]]},"geometry_name":"geom","properties":{"id_adr":"10220_0410_00004","id_bat":"BATIMENT0000000301149286","idu":"102200000D2192","type_lien":"GEO","nb_adr":2,"nb_bat":2}},{"type":"Feature","id":"lien_adresse_bati.2882599","geometry":{"type":"LineString","coordinates":[[3.78647351,48.51149107],[3.78663017,48.51169018]]},"geometry_name":"geom","properties":{"id_adr":"10220_0410_00005","id_bat":"BATIMENT0000000301149311","idu":"102200000D0254","type_lien":"GEO","nb_adr":1,"nb_bat":2}},{"type":"Feature","id":"lien_adresse_bati.2791533","geometry":{"type":"LineString","coordinates":[[3.78647351,48.51149107],[3.78646457,48.51166276]]},"geometry_name":"geom","properties":{"id_adr":"10220_0410_00005","id_bat":"BATIMENT0000000301149550","idu":"102200000D0254","type_lien":"GEO","nb_adr":1,"nb_bat":2}},{"type":"Feature","id":"lien_adresse_bati.2691575","geometry":{"type":"LineString","coordinates":[[3.78632448,48.51103325],[3.7862945,48.51098559]]},"geometry_name":"geom","properties":{"id_adr":"10220_0410_00006","id_bat":"BATIMENT0000000009355510","idu":"102200000D2193","type_lien":"GEO","nb_adr":2,"nb_bat":2}},{"type":"Feature","id":"lien_adresse_bati.2873962","geometry":{"type":"LineString","coordinates":[[3.78632448,48.51103325],[3.78638643,48.51074768]]},"geometry_name":"geom","properties":{"id_adr":"10220_0410_00006","id_bat":"BATIMENT0000000301149593","idu":"102200000D2193","type_lien":"GEO","nb_adr":2,"nb_bat":2}},{"type":"Feature","id":"lien_adresse_bati.2685658","geometry":{"type":"LineString","coordinates":[[3.7863164,48.511036],[3.7862945,48.51098559]]},"geometry_name":"geom","properties":{"id_adr":"10220_0410_00006_bis","id_bat":"BATIMENT0000000009355510","idu":"102200000D2193","type_lien":"GEO","nb_adr":2,"nb_bat":2}},{"type":"Feature","id":"lien_adresse_bati.2794726","geometry":{"type":"LineString","coordinates":[[3.7863164,48.511036],[3.78638643,48.51074768]]},"geometry_name":"geom","properties":{"id_adr":"10220_0410_00006_bis","id_bat":"BATIMENT0000000301149593","idu":"102200000D2193","type_lien":"GEO","nb_adr":2,"nb_bat":2}},{"type":"Feature","id":"lien_adresse_bati.2713788","geometry":{"type":"LineString","coordinates":[[3.78678208,48.51148183],[3.7868953,48.51163897]]},"geometry_name":"geom","properties":{"id_adr":"10220_0410_00007","id_bat":"BATIMENT0000000301149492","idu":"102200000D0255","type_lien":"GEO","nb_adr":1,"nb_bat":2}},{"type":"Feature","id":"lien_adresse_bati.2834988","geometry":{"type":"LineString","coordinates":[[3.78678208,48.51148183],[3.7867717,48.51155162]]},"geometry_name":"geom","properties":{"id_adr":"10220_0410_00007","id_bat":"BATIMENT0000000301149500","idu":"102200000D0255","type_lien":"GEO","nb_adr":1,"nb_bat":2}},{"type":"Feature","id":"lien_adresse_bati.2771011","geometry":{"type":"LineString","coordinates":[[3.78707022,48.51146463],[3.78719531,48.51155287]]},"geometry_name":"geom","properties":{"id_adr":"10220_0410_00007_bis","id_bat":"BATIMENT0000000301149501","idu":"102200000D1547","type_lien":"GEO","nb_adr":1,"nb_bat":1}},{"type":"Feature","id":"lien_adresse_bati.2866378","geometry":{"type":"LineString","coordinates":[[3.78660677,48.5109873],[3.78663089,48.51083473]]},"geometry_name":"geom","properties":{"id_adr":"10220_0410_00008","id_bat":"BATIMENT0000000301149618","idu":"102200000D0427","type_lien":"GEO","nb_adr":1,"nb_bat":2}},{"type":"Feature","id":"lien_adresse_bati.2710566","geometry":{"type":"LineString","coordinates":[[3.78660677,48.5109873],[3.78638896,48.51086355]]},"geometry_name":"geom","properties":{"id_adr":"10220_0410_00008","id_bat":"BATIMENT0000000301149597","idu":"102200000D0427","type_lien":"GEO","nb_adr":1,"nb_bat":2}},{"type":"Feature","id":"lien_adresse_bati.2712494","geometry":{"type":"LineString","coordinates":[[3.787131,48.51145433],[3.78713944,48.51147817]]},"geometry_name":"geom","properties":{"id_adr":"10220_0410_00009","id_bat":"BATIMENT0000000301149502","idu":"102200000D0260","type_lien":"GEO","nb_adr":1,"nb_bat":1}},{"type":"Feature","id":"lien_adresse_bati.2676937","geometry":{"type":"LineString","coordinates":[[3.78727013,48.51143272],[3.78725455,48.51145965]]},"geometry_name":"geom","properties":{"id_adr":"10220_0410_00011","id_bat":"BATIMENT0000000301149503","idu":"102200000D0262","type_lien":"GEO","nb_adr":2,"nb_bat":1}},{"type":"Feature","id":"lien_adresse_bati.2849973","geometry":{"type":"LineString","coordinates":[[3.78748091,48.51140343],[3.78748049,48.51146686]]},"geometry_name":"geom","properties":{"id_adr":"10220_0410_00013","id_bat":"BATIMENT0000000301149476","idu":"102200000D0263","type_lien":"GEO","nb_adr":1,"nb_bat":1}},{"type":"Feature","id":"lien_adresse_bati.2786018","geometry":{"type":"LineString","coordinates":[[3.78710731,48.51104876],[3.78713255,48.51101387]]},"geometry_name":"geom","properties":{"id_adr":"10220_0410_00020","id_bat":"BATIMENT0000000301149605","idu":"102200000D2178","type_lien":"GEO","nb_adr":3,"nb_bat":1}},{"type":"Feature","id":"lien_adresse_bati.2872856","geometry":{"type":"LineString","coordinates":[[3.79199944,48.50639935],[3.79202819,48.50639556]]},"geometry_name":"geom","properties":{"id_adr":"10220_0415_00001","id_bat":"BATIMENT0000000325110358","idu":"102200000D2337","type_lien":"GEO","nb_adr":1,"nb_bat":1}},{"type":"Feature","id":"lien_adresse_bati.2793336","geometry":{"type":"LineString","coordinates":[[3.79726731,48.51343882],[3.797183,48.51368421]]},"geometry_name":"geom","properties":{"id_adr":"10220_0420_00001","id_bat":"BATIMENT0000000301149985","idu":"102200000B0069","type_lien":"GEO","nb_adr":3,"nb_bat":2}},{"type":"Feature","id":"lien_adresse_bati.2906059","geometry":{"type":"LineString","coordinates":[[3.79726731,48.51343882],[3.79722664,48.5135241]]},"geometry_name":"geom","properties":{"id_adr":"10220_0420_00001","id_bat":"BATIMENT0000000301149322","idu":"102200000B0069","type_lien":"GEO","nb_adr":2,"nb_bat":2}},{"type":"Feature","id":"lien_adresse_bati.2748240","geometry":{"type":"LineString","coordinates":[[3.79748084,48.51394657],[3.79718917,48.51373204]]},"geometry_name":"geom","properties":{"id_adr":"10220_0420_00003","id_bat":"BATIMENT0000000301149985","idu":"102200000B0070","type_lien":"GEO","nb_adr":3,"nb_bat":1}},{"type":"Feature","id":"lien_adresse_bati.2851624","geometry":{"type":"LineString","coordinates":[[3.79761946,48.51397983],[3.79769346,48.51390426]]},"geometry_name":"geom","properties":{"id_adr":"10220_0420_00004","id_bat":"BATIMENT0000000301149928","idu":"102200000B1233","type_lien":"GEO","nb_adr":2,"nb_bat":1}},{"type":"Feature","id":"lien_adresse_bati.2854720","geometry":{"type":"LineString","coordinates":[[3.79755264,48.51412692],[3.79746903,48.51423882]]},"geometry_name":"geom","properties":{"id_adr":"10220_0420_00005","id_bat":"BATIMENT0000000301149903","idu":"102200000B1405","type_lien":"GEO","nb_adr":1,"nb_bat":1}},{"type":"Feature","id":"lien_adresse_bati.2915842","geometry":{"type":"LineString","coordinates":[[3.79763926,48.51439172],[3.79765221,48.51448592]]},"geometry_name":"geom","properties":{"id_adr":"10220_0420_00005_bis","id_bat":"BATIMENT0000000292129039","idu":"102200000B1406","type_lien":"GEO","nb_adr":1,"nb_bat":2}},{"type":"Feature","id":"lien_adresse_bati.2785240","geometry":{"type":"LineString","coordinates":[[3.79763926,48.51439172],[3.79755589,48.51435495]]},"geometry_name":"geom","properties":{"id_adr":"10220_0420_00005_bis","id_bat":"BATIMENT0000000301149974","idu":"102200000B1406","type_lien":"GEO","nb_adr":1,"nb_bat":2}},{"type":"Feature","id":"lien_adresse_bati.2846434","geometry":{"type":"LineString","coordinates":[[3.79758141,48.51388202],[3.79769346,48.51390426]]},"geometry_name":"geom","properties":{"id_adr":"10220_0420_00006","id_bat":"BATIMENT0000000301149928","idu":"102200000B1233","type_lien":"GEO","nb_adr":2,"nb_bat":1}},{"type":"Feature","id":"lien_adresse_bati.2851021","geometry":{"type":"LineString","coordinates":[[3.79775464,48.51485516],[3.79762055,48.51463051]]},"geometry_name":"geom","properties":{"id_adr":"10220_0420_00007","id_bat":"BATIMENT0000002220709427","idu":"102200000B0073","type_lien":"GEO","nb_adr":2,"nb_bat":1}},{"type":"Feature","id":"lien_adresse_bati.2893032","geometry":{"type":"LineString","coordinates":[[3.79779425,48.51452203],[3.79787214,48.51453995]]},"geometry_name":"geom","properties":{"id_adr":"10220_0420_00008","id_bat":"BATIMENT0000000301149879","idu":"102200000B1239","type_lien":"GEO","nb_adr":1,"nb_bat":2}},{"type":"Feature","id":"lien_adresse_bati.2892817","geometry":{"type":"LineString","coordinates":[[3.79779425,48.51452203],[3.79821398,48.51440914]]},"geometry_name":"geom","properties":{"id_adr":"10220_0420_00008","id_bat":"BATIMENT0000000301149892","idu":"102200000B1239","type_lien":"GEO","nb_adr":1,"nb_bat":2}},{"type":"Feature","id":"lien_adresse_bati.2674262","geometry":{"type":"LineString","coordinates":[[3.79761417,48.5146114],[3.79762055,48.51463051]]},"geometry_name":"geom","properties":{"id_adr":"10220_0420_00009","id_bat":"BATIMENT0000002220709427","idu":"102200000B0073","type_lien":"BAN","nb_adr":2,"nb_bat":1}},{"type":"Feature","id":"lien_adresse_bati.2731275","geometry":{"type":"LineString","coordinates":[[3.79782162,48.5146298],[3.79786819,48.51462555]]},"geometry_name":"geom","properties":{"id_adr":"10220_0420_00010","id_bat":"BATIMENT0000000301149877","idu":"102200000B1238","type_lien":"GEO","nb_adr":1,"nb_bat":1}},{"type":"Feature","id":"lien_adresse_bati.2667948","geometry":{"type":"LineString","coordinates":[[3.79270927,48.50848716],[3.79285563,48.508362]]},"geometry_name":"geom","properties":{"id_adr":"10220_0425_00001","id_bat":"BATIMENT0000000325110367","idu":"102200000D2281","type_lien":"GEO","nb_adr":4,"nb_bat":1}},{"type":"Feature","id":"lien_adresse_bati.2748135","geometry":{"type":"LineString","coordinates":[[3.79258055,48.51036285],[3.7926188,48.51034561]]},"geometry_name":"geom","properties":{"id_adr":"10220_0425_00002","id_bat":"BATIMENT0000002321368328","idu":"102200000D2495","type_lien":"BAN","nb_adr":1,"nb_bat":2}},{"type":"Feature","id":"lien_adresse_bati.2841295","geometry":{"type":"LineString","coordinates":[[3.79258055,48.51036285],[3.79226421,48.51035029]]},"geometry_name":"geom","properties":{"id_adr":"10220_0425_00002","id_bat":"BATIMENT0000002321368326","idu":"102200000D2495","type_lien":"BAN","nb_adr":1,"nb_bat":2}},{"type":"Feature","id":"lien_adresse_bati.2866536","geometry":{"type":"LineString","coordinates":[[3.79269437,48.5083973],[3.79285563,48.508362]]},"geometry_name":"geom","properties":{"id_adr":"10220_0425_00003","id_bat":"BATIMENT0000000325110367","idu":"102200000D2281","type_lien":"GEO","nb_adr":4,"nb_bat":1}},{"type":"Feature","id":"lien_adresse_bati.2679941","geometry":{"type":"LineString","coordinates":[[3.79268219,48.50830831],[3.79285563,48.508362]]},"geometry_name":"geom","properties":{"id_adr":"10220_0425_00005","id_bat":"BATIMENT0000000325110367","idu":"102200000D2281","type_lien":"GEO","nb_adr":4,"nb_bat":1}},{"type":"Feature","id":"lien_adresse_bati.2712969","geometry":{"type":"LineString","coordinates":[[3.79267137,48.50821932],[3.79285563,48.508362]]},"geometry_name":"geom","properties":{"id_adr":"10220_0425_00007","id_bat":"BATIMENT0000000325110367","idu":"102200000D2281","type_lien":"GEO","nb_adr":4,"nb_bat":1}},{"type":"Feature","id":"lien_adresse_bati.2844117","geometry":{"type":"LineString","coordinates":[[3.79266054,48.50812943],[3.79286884,48.50800659]]},"geometry_name":"geom","properties":{"id_adr":"10220_0425_00009","id_bat":"BATIMENT0000000325110385","idu":"102200000D2282","type_lien":"GEO","nb_adr":3,"nb_bat":1}},{"type":"Feature","id":"lien_adresse_bati.2796801","geometry":{"type":"LineString","coordinates":[[3.79264693,48.50803506],[3.79286884,48.50800659]]},"geometry_name":"geom","properties":{"id_adr":"10220_0425_00011","id_bat":"BATIMENT0000000325110385","idu":"102200000D2282","type_lien":"GEO","nb_adr":3,"nb_bat":1}},{"type":"Feature","id":"lien_adresse_bati.2790960","geometry":{"type":"LineString","coordinates":[[3.79252628,48.50802507],[3.79237275,48.50803445]]},"geometry_name":"geom","properties":{"id_adr":"10220_0425_00012","id_bat":"BATIMENT0000000325110381","idu":"102200000D2242","type_lien":"GEO","nb_adr":1,"nb_bat":1}},{"type":"Feature","id":"lien_adresse_bati.2712226","geometry":{"type":"LineString","coordinates":[[3.79264842,48.50804405],[3.79286884,48.50800659]]},"geometry_name":"geom","properties":{"id_adr":"10220_0425_00013","id_bat":"BATIMENT0000000325110385","idu":"102200000D2282","type_lien":"GEO","nb_adr":3,"nb_bat":1}},{"type":"Feature","id":"lien_adresse_bati.2742364","geometry":{"type":"LineString","coordinates":[[3.79262027,48.50779414],[3.79286907,48.50763865]]},"geometry_name":"geom","properties":{"id_adr":"10220_0425_00015","id_bat":"BATIMENT0000000325110370","idu":"102200000D2300","type_lien":"GEO","nb_adr":2,"nb_bat":1}},{"type":"Feature","id":"lien_adresse_bati.2687504","geometry":{"type":"LineString","coordinates":[[3.79247871,48.50756478],[3.79225785,48.50759814]]},"geometry_name":"geom","properties":{"id_adr":"10220_0425_00016","id_bat":"BATIMENT0000000325110376","idu":"102200000D2244","type_lien":"GEO","nb_adr":1,"nb_bat":1}},{"type":"Feature","id":"lien_adresse_bati.2705047","geometry":{"type":"LineString","coordinates":[[3.79260608,48.50766109],[3.79286907,48.50763865]]},"geometry_name":"geom","properties":{"id_adr":"10220_0425_00017","id_bat":"BATIMENT0000000325110370","idu":"102200000D2300","type_lien":"GEO","nb_adr":2,"nb_bat":1}},{"type":"Feature","id":"lien_adresse_bati.2709660","geometry":{"type":"LineString","coordinates":[[3.79246071,48.50735888],[3.79223115,48.50740716]]},"geometry_name":"geom","properties":{"id_adr":"10220_0425_00018","id_bat":"BATIMENT0000002006956382","idu":"102200000D2245","type_lien":"GEO","nb_adr":1,"nb_bat":1}},{"type":"Feature","id":"lien_adresse_bati.2744914","geometry":{"type":"LineString","coordinates":[[3.79258459,48.50740394],[3.79281117,48.50738443]]},"geometry_name":"geom","properties":{"id_adr":"10220_0425_00019","id_bat":"BATIMENT0000000325110365","idu":"102200000D2301","type_lien":"GEO","nb_adr":3,"nb_bat":1}},{"type":"Feature","id":"lien_adresse_bati.2770341","geometry":{"type":"LineString","coordinates":[[3.79258624,48.50742372],[3.79281117,48.50738443]]},"geometry_name":"geom","properties":{"id_adr":"10220_0425_00021","id_bat":"BATIMENT0000000325110365","idu":"102200000D2301","type_lien":"GEO","nb_adr":3,"nb_bat":1}},{"type":"Feature","id":"lien_adresse_bati.2738684","geometry":{"type":"LineString","coordinates":[[3.79242572,48.50692459],[3.79221963,48.50694984]]},"geometry_name":"geom","properties":{"id_adr":"10220_0425_00022","id_bat":"BATIMENT0000000325110378","idu":"102200000D2247","type_lien":"GEO","nb_adr":1,"nb_bat":1}},{"type":"Feature","id":"lien_adresse_bati.2814904","geometry":{"type":"LineString","coordinates":[[3.79258647,48.50743901],[3.79281117,48.50738443]]},"geometry_name":"geom","properties":{"id_adr":"10220_0425_00023","id_bat":"BATIMENT0000000325110365","idu":"102200000D2301","type_lien":"GEO","nb_adr":3,"nb_bat":1}},{"type":"Feature","id":"lien_adresse_bati.2697691","geometry":{"type":"LineString","coordinates":[[3.79240875,48.506698],[3.79223317,48.5067255]]},"geometry_name":"geom","properties":{"id_adr":"10220_0425_00024","id_bat":"BATIMENT0000000325110360","idu":"102200000D2248","type_lien":"GEO","nb_adr":1,"nb_bat":1}},{"type":"Feature","id":"lien_adresse_bati.2662321","geometry":{"type":"LineString","coordinates":[[3.79256291,48.50713419],[3.79278177,48.50698924]]},"geometry_name":"geom","properties":{"id_adr":"10220_0425_00025","id_bat":"BATIMENT0000000325110351","idu":"102200000D2317","type_lien":"GEO","nb_adr":3,"nb_bat":1}},{"type":"Feature","id":"lien_adresse_bati.2713007","geometry":{"type":"LineString","coordinates":[[3.79255309,48.5070218],[3.79278177,48.50698924]]},"geometry_name":"geom","properties":{"id_adr":"10220_0425_00027","id_bat":"BATIMENT0000000325110351","idu":"102200000D2317","type_lien":"GEO","nb_adr":3,"nb_bat":1}},{"type":"Feature","id":"lien_adresse_bati.2832289","geometry":{"type":"LineString","coordinates":[[3.79255301,48.5070164],[3.79278177,48.50698924]]},"geometry_name":"geom","properties":{"id_adr":"10220_0425_00029","id_bat":"BATIMENT0000000325110351","idu":"102200000D2317","type_lien":"GEO","nb_adr":3,"nb_bat":1}},{"type":"Feature","id":"lien_adresse_bati.2809261","geometry":{"type":"LineString","coordinates":[[3.77855719,48.50093655],[3.77858644,48.50085494]]},"geometry_name":"geom","properties":{"id_adr":"10220_0430_00003","id_bat":"BATIMENT0000000301148736","idu":"102200000E0788","type_lien":"GEO","nb_adr":1,"nb_bat":2}},{"type":"Feature","id":"lien_adresse_bati.2870969","geometry":{"type":"LineString","coordinates":[[3.77855719,48.50093655],[3.77884954,48.5008745]]},"geometry_name":"geom","properties":{"id_adr":"10220_0430_00003","id_bat":"BATIMENT0000000301148712","idu":"102200000E0788","type_lien":"GEO","nb_adr":1,"nb_bat":2}},{"type":"Feature","id":"lien_adresse_bati.2662718","geometry":{"type":"LineString","coordinates":[[3.7780918,48.5006823],[3.7779225,48.50074206]]},"geometry_name":"geom","properties":{"id_adr":"10220_0430_00006","id_bat":"BATIMENT0000000301148884","idu":"102200000E0994","type_lien":"GEO","nb_adr":2,"nb_bat":2}},{"type":"Feature","id":"lien_adresse_bati.2870760","geometry":{"type":"LineString","coordinates":[[3.7780918,48.5006823],[3.77807692,48.50072857]]},"geometry_name":"geom","properties":{"id_adr":"10220_0430_00006","id_bat":"BATIMENT0000000301148852","idu":"102200000E0994","type_lien":"GEO","nb_adr":2,"nb_bat":2}},{"type":"Feature","id":"lien_adresse_bati.2787501","geometry":{"type":"LineString","coordinates":[[3.77814359,48.50070535],[3.7779225,48.50074206]]},"geometry_name":"geom","properties":{"id_adr":"10220_0430_00006_bis","id_bat":"BATIMENT0000000301148884","idu":"102200000E0994","type_lien":"GEO","nb_adr":2,"nb_bat":2}},{"type":"Feature","id":"lien_adresse_bati.2688495","geometry":{"type":"LineString","coordinates":[[3.77814359,48.50070535],[3.77807692,48.50072857]]},"geometry_name":"geom","properties":{"id_adr":"10220_0430_00006_bis","id_bat":"BATIMENT0000000301148852","idu":"102200000E0994","type_lien":"GEO","nb_adr":2,"nb_bat":2}},{"type":"Feature","id":"lien_adresse_bati.2814625","geometry":{"type":"LineString","coordinates":[[3.77786093,48.50035815],[3.77789249,48.50034147]]},"geometry_name":"geom","properties":{"id_adr":"10220_0430_00009","id_bat":"BATIMENT0000000301148888","idu":"102200000E0589","type_lien":"GEO","nb_adr":2,"nb_bat":1}},{"type":"Feature","id":"lien_adresse_bati.2835749","geometry":{"type":"LineString","coordinates":[[3.77767516,48.50033687],[3.77759326,48.50038327]]},"geometry_name":"geom","properties":{"id_adr":"10220_0430_00010","id_bat":"BATIMENT0000000301148880","idu":"102200000E0043","type_lien":"GEO","nb_adr":1,"nb_bat":1}},{"type":"Feature","id":"lien_adresse_bati.2911339","geometry":{"type":"LineString","coordinates":[[3.77770071,48.50023415],[3.77791536,48.50016527]]},"geometry_name":"geom","properties":{"id_adr":"10220_0430_00011","id_bat":"BATIMENT0000000301148885","idu":"102200000E0256","type_lien":"GEO","nb_adr":1,"nb_bat":1}},{"type":"Feature","id":"lien_adresse_bati.2866517","geometry":{"type":"LineString","coordinates":[[3.77791708,48.50040186],[3.77789249,48.50034147]]},"geometry_name":"geom","properties":{"id_adr":"10220_0430_00011_bis","id_bat":"BATIMENT0000000301148888","idu":"102200000E0589","type_lien":"GEO","nb_adr":2,"nb_bat":1}},{"type":"Feature","id":"lien_adresse_bati.2750256","geometry":{"type":"LineString","coordinates":[[3.7775148,48.50020388],[3.77707971,48.50027303]]},"geometry_name":"geom","properties":{"id_adr":"10220_0430_00012","id_bat":"BATIMENT0000000301148876","idu":"102200000E0786","type_lien":"GEO","nb_adr":1,"nb_bat":1}},{"type":"Feature","id":"lien_adresse_bati.2905632","geometry":{"type":"LineString","coordinates":[[3.77740971,48.50032871],[3.77742183,48.50033043]]},"geometry_name":"geom","properties":{"id_adr":"10220_0430_00012_a","id_bat":"BATIMENT0000000301148874","idu":"102200000E0525","type_lien":"GEO","nb_adr":1,"nb_bat":1}},{"type":"Feature","id":"lien_adresse_bati.2898564","geometry":{"type":"LineString","coordinates":[[3.77732543,48.50003059],[3.77711128,48.50008237]]},"geometry_name":"geom","properties":{"id_adr":"10220_0430_00012_b","id_bat":"BATIMENT0000000301148903","idu":"102200000E0038","type_lien":"GEO","nb_adr":1,"nb_bat":1}},{"type":"Feature","id":"lien_adresse_bati.2885889","geometry":{"type":"LineString","coordinates":[[3.77723346,48.49994482],[3.77717293,48.4999848]]},"geometry_name":"geom","properties":{"id_adr":"10220_0430_00014","id_bat":"BATIMENT0000000301148878","idu":"102200000E0037","type_lien":"GEO","nb_adr":1,"nb_bat":1}},{"type":"Feature","id":"lien_adresse_bati.2692104","geometry":{"type":"LineString","coordinates":[[3.77720244,48.4997696],[3.77782597,48.49966395]]},"geometry_name":"geom","properties":{"id_adr":"10220_0430_00017","id_bat":"BATIMENT0000000292129075","idu":"102200000H0359","type_lien":"GEO","nb_adr":2,"nb_bat":2}},{"type":"Feature","id":"lien_adresse_bati.2695498","geometry":{"type":"LineString","coordinates":[[3.77720244,48.4997696],[3.77757919,48.49961604]]},"geometry_name":"geom","properties":{"id_adr":"10220_0430_00017","id_bat":"BATIMENT0000000301148889","idu":"102200000H0359","type_lien":"GEO","nb_adr":2,"nb_bat":2}},{"type":"Feature","id":"lien_adresse_bati.2667343","geometry":{"type":"LineString","coordinates":[[3.77708974,48.49965518],[3.77782597,48.49966395]]},"geometry_name":"geom","properties":{"id_adr":"10220_0430_00021","id_bat":"BATIMENT0000000292129075","idu":"102200000H0359","type_lien":"GEO","nb_adr":2,"nb_bat":2}},{"type":"Feature","id":"lien_adresse_bati.2843405","geometry":{"type":"LineString","coordinates":[[3.77708974,48.49965518],[3.77757919,48.49961604]]},"geometry_name":"geom","properties":{"id_adr":"10220_0430_00021","id_bat":"BATIMENT0000000301148889","idu":"102200000H0359","type_lien":"GEO","nb_adr":2,"nb_bat":2}},{"type":"Feature","id":"lien_adresse_bati.2776284","geometry":{"type":"LineString","coordinates":[[3.76048617,48.50717198],[3.76060809,48.50720943]]},"geometry_name":"geom","properties":{"id_adr":"10220_0501_00002","id_bat":"BATIMENT0000000301150047","idu":"102200000D2197","type_lien":"BAN","nb_adr":1,"nb_bat":1}},{"type":"Feature","id":"lien_adresse_bati.2825842","geometry":{"type":"LineString","coordinates":[[3.76047511,48.50734298],[3.7605935,48.50736651]]},"geometry_name":"geom","properties":{"id_adr":"10220_0501_00004","id_bat":"BATIMENT0000000301150057","idu":"102200000D2195","type_lien":"BAN","nb_adr":1,"nb_bat":1}},{"type":"Feature","id":"lien_adresse_bati.2798900","geometry":{"type":"LineString","coordinates":[[3.76047732,48.5074959],[3.76062923,48.50753316]]},"geometry_name":"geom","properties":{"id_adr":"10220_0501_00006","id_bat":"BATIMENT0000000301150058","idu":"102200000D2194","type_lien":"BAN","nb_adr":1,"nb_bat":1}},{"type":"Feature","id":"lien_adresse_bati.2772274","geometry":{"type":"LineString","coordinates":[[3.76060216,48.50770202],[3.7607786,48.50769414]]},"geometry_name":"geom","properties":{"id_adr":"10220_0501_00008","id_bat":"BATIMENT0000000301150048","idu":"102200000D2200","type_lien":"BAN","nb_adr":1,"nb_bat":2}},{"type":"Feature","id":"lien_adresse_bati.2822401","geometry":{"type":"LineString","coordinates":[[3.76060216,48.50770202],[3.76081481,48.50775823]]},"geometry_name":"geom","properties":{"id_adr":"10220_0501_00008","id_bat":"BATIMENT0000000301150049","idu":"102200000D2200","type_lien":"BAN","nb_adr":1,"nb_bat":2}},{"type":"Feature","id":"lien_adresse_bati.2811489","geometry":{"type":"LineString","coordinates":[[3.76079495,48.50792569],[3.76103301,48.50817757]]},"geometry_name":"geom","properties":{"id_adr":"10220_0501_00010","id_bat":"BATIMENT0000000301150053","idu":"102200000D0886","type_lien":"BAN","nb_adr":5,"nb_bat":5}},{"type":"Feature","id":"lien_adresse_bati.2686470","geometry":{"type":"LineString","coordinates":[[3.76079495,48.50792569],[3.76129227,48.5080597]]},"geometry_name":"geom","properties":{"id_adr":"10220_0501_00010","id_bat":"BATIMENT0000000301150055","idu":"102200000D0886","type_lien":"BAN","nb_adr":3,"nb_bat":5}},{"type":"Feature","id":"lien_adresse_bati.2664048","geometry":{"type":"LineString","coordinates":[[3.76079495,48.50792569],[3.76100558,48.5078915]]},"geometry_name":"geom","properties":{"id_adr":"10220_0501_00010","id_bat":"BATIMENT0000000301150050","idu":"102200000D0886","type_lien":"BAN","nb_adr":3,"nb_bat":5}},{"type":"Feature","id":"lien_adresse_bati.2736596","geometry":{"type":"LineString","coordinates":[[3.76079495,48.50792569],[3.7614503,48.50817429]]},"geometry_name":"geom","properties":{"id_adr":"10220_0501_00010","id_bat":"BATIMENT0000000121067140","idu":"102200000D0886","type_lien":"BAN","nb_adr":3,"nb_bat":5}},{"type":"Feature","id":"lien_adresse_bati.2891990","geometry":{"type":"LineString","coordinates":[[3.76079495,48.50792569],[3.76159781,48.50809507]]},"geometry_name":"geom","properties":{"id_adr":"10220_0501_00010","id_bat":"BATIMENT0000000301150054","idu":"102200000D0886","type_lien":"BAN","nb_adr":3,"nb_bat":5}},{"type":"Feature","id":"lien_adresse_bati.2910728","geometry":{"type":"LineString","coordinates":[[3.77793594,48.50313483],[3.77760684,48.50289132]]},"geometry_name":"geom","properties":{"id_adr":"10220_8v9lvn_00308","id_bat":"BATIMENT0000000301149026","idu":"102200000E0087","type_lien":"GEO","nb_adr":4,"nb_bat":2}},{"type":"Feature","id":"lien_adresse_bati.2693492","geometry":{"type":"LineString","coordinates":[[3.77793594,48.50313483],[3.77775788,48.50304142]]},"geometry_name":"geom","properties":{"id_adr":"10220_8v9lvn_00308","id_bat":"BATIMENT0000000301148920","idu":"102200000E0087","type_lien":"GEO","nb_adr":4,"nb_bat":2}},{"type":"Feature","id":"lien_adresse_bati.2695628","geometry":{"type":"LineString","coordinates":[[3.77773906,48.50291301],[3.77760684,48.50289132]]},"geometry_name":"geom","properties":{"id_adr":"10220_8v9lvn_00312","id_bat":"BATIMENT0000000301149026","idu":"102200000E0087","type_lien":"BAN","nb_adr":4,"nb_bat":2}},{"type":"Feature","id":"lien_adresse_bati.2795065","geometry":{"type":"LineString","coordinates":[[3.77773906,48.50291301],[3.77775788,48.50304142]]},"geometry_name":"geom","properties":{"id_adr":"10220_8v9lvn_00312","id_bat":"BATIMENT0000000301148920","idu":"102200000E0087","type_lien":"BAN","nb_adr":4,"nb_bat":2}},{"type":"Feature","id":"lien_adresse_bati.2685894","geometry":{"type":"LineString","coordinates":[[3.77784693,48.5031579],[3.77775788,48.50304142]]},"geometry_name":"geom","properties":{"id_adr":"10220_8v9lvn_00312_a","id_bat":"BATIMENT0000000301148920","idu":"102200000E0087","type_lien":"GEO","nb_adr":4,"nb_bat":2}},{"type":"Feature","id":"lien_adresse_bati.2720933","geometry":{"type":"LineString","coordinates":[[3.77784693,48.5031579],[3.77760684,48.50289132]]},"geometry_name":"geom","properties":{"id_adr":"10220_8v9lvn_00312_a","id_bat":"BATIMENT0000000301149026","idu":"102200000E0087","type_lien":"GEO","nb_adr":4,"nb_bat":2}},{"type":"Feature","id":"lien_adresse_bati.2686939","geometry":{"type":"LineString","coordinates":[[3.77793594,48.50313483],[3.77760684,48.50289132]]},"geometry_name":"geom","properties":{"id_adr":"10220_8v9lvn_00315","id_bat":"BATIMENT0000000301149026","idu":"102200000E0087","type_lien":"GEO","nb_adr":4,"nb_bat":2}},{"type":"Feature","id":"lien_adresse_bati.2803674","geometry":{"type":"LineString","coordinates":[[3.77793594,48.50313483],[3.77775788,48.50304142]]},"geometry_name":"geom","properties":{"id_adr":"10220_8v9lvn_00315","id_bat":"BATIMENT0000000301148920","idu":"102200000E0087","type_lien":"GEO","nb_adr":4,"nb_bat":2}},{"type":"Feature","id":"lien_adresse_bati.2790340","geometry":{"type":"LineString","coordinates":[[3.77331137,48.50193432],[3.77333485,48.50192545]]},"geometry_name":"geom","properties":{"id_adr":"10220_8v9lvn_00390","id_bat":"BATIMENT0000000301148935","idu":"102200000E0641","type_lien":"BAN","nb_adr":5,"nb_bat":2}},{"type":"Feature","id":"lien_adresse_bati.2842289","geometry":{"type":"LineString","coordinates":[[3.77331137,48.50193432],[3.77332944,48.50181181]]},"geometry_name":"geom","properties":{"id_adr":"10220_8v9lvn_00390","id_bat":"BATIMENT0000000292129079","idu":"102200000E0641","type_lien":"BAN","nb_adr":3,"nb_bat":2}},{"type":"Feature","id":"lien_adresse_bati.2684777","geometry":{"type":"LineString","coordinates":[[3.76785611,48.50380495],[3.76789964,48.50381384]]},"geometry_name":"geom","properties":{"id_adr":"10220_b021_00383","id_bat":"BATIMENT0000000301148520","idu":"102200000D1465","type_lien":"BAN","nb_adr":3,"nb_bat":1}},{"type":"Feature","id":"lien_adresse_bati.2787466","geometry":{"type":"LineString","coordinates":[[3.76782459,48.5036864],[3.76789964,48.50381384]]},"geometry_name":"geom","properties":{"id_adr":"10220_b021_00383_a","id_bat":"BATIMENT0000000301148520","idu":"102200000D1465","type_lien":"GEO","nb_adr":3,"nb_bat":1}},{"type":"Feature","id":"lien_adresse_bati.2895140","geometry":{"type":"LineString","coordinates":[[3.76809779,48.50459326],[3.76802503,48.50461723]]},"geometry_name":"geom","properties":{"id_adr":"10220_b021_00384","id_bat":"BATIMENT0000000301148515","idu":"102200000D2502","type_lien":"GEO","nb_adr":1,"nb_bat":1}},{"type":"Feature","id":"lien_adresse_bati.2885222","geometry":{"type":"LineString","coordinates":[[3.76799961,48.5040829],[3.76796971,48.50387651]]},"geometry_name":"geom","properties":{"id_adr":"10220_b021_00385","id_bat":"BATIMENT0000000301148520","idu":"102200000D1466","type_lien":"GEO","nb_adr":3,"nb_bat":3}},{"type":"Feature","id":"lien_adresse_bati.2844849","geometry":{"type":"LineString","coordinates":[[3.76799961,48.5040829],[3.76810419,48.50425187]]},"geometry_name":"geom","properties":{"id_adr":"10220_b021_00385","id_bat":"BATIMENT0000000301148519","idu":"102200000D1466","type_lien":"GEO","nb_adr":1,"nb_bat":3}},{"type":"Feature","id":"lien_adresse_bati.2892400","geometry":{"type":"LineString","coordinates":[[3.76799961,48.5040829],[3.76808406,48.50421203]]},"geometry_name":"geom","properties":{"id_adr":"10220_b021_00385","id_bat":"BATIMENT0000000301148518","idu":"102200000D1466","type_lien":"GEO","nb_adr":1,"nb_bat":3}},{"type":"Feature","id":"lien_adresse_bati.2825005","geometry":{"type":"LineString","coordinates":[[3.76829092,48.50474675],[3.76822668,48.50459198]]},"geometry_name":"geom","properties":{"id_adr":"10220_b021_00484","id_bat":"BATIMENT0000000301148522","idu":"102200000D2499","type_lien":"GEO","nb_adr":1,"nb_bat":1}},{"type":"Feature","id":"lien_adresse_bati.2859899","geometry":{"type":"LineString","coordinates":[[3.80502486,48.48610138],[3.80484046,48.48621104]]},"geometry_name":"geom","properties":{"id_adr":"10220_b034_00480","id_bat":"BATIMENT0000000301150069","idu":"10220000ZK0034","type_lien":"GEO","nb_adr":2,"nb_bat":4}},{"type":"Feature","id":"lien_adresse_bati.2790184","geometry":{"type":"LineString","coordinates":[[3.80502486,48.48610138],[3.80484296,48.48606565]]},"geometry_name":"geom","properties":{"id_adr":"10220_b034_00480","id_bat":"BATIMENT0000000301150067","idu":"10220000ZK0034","type_lien":"GEO","nb_adr":2,"nb_bat":4}},{"type":"Feature","id":"lien_adresse_bati.2856018","geometry":{"type":"LineString","coordinates":[[3.80502486,48.48610138],[3.80488418,48.48637088]]},"geometry_name":"geom","properties":{"id_adr":"10220_b034_00480","id_bat":"BATIMENT0000000301150071","idu":"10220000ZK0034","type_lien":"GEO","nb_adr":2,"nb_bat":4}},{"type":"Feature","id":"lien_adresse_bati.2786270","geometry":{"type":"LineString","coordinates":[[3.80502486,48.48610138],[3.80474039,48.48603951]]},"geometry_name":"geom","properties":{"id_adr":"10220_b034_00480","id_bat":"BATIMENT0000000301150068","idu":"10220000ZK0034","type_lien":"GEO","nb_adr":2,"nb_bat":4}},{"type":"Feature","id":"lien_adresse_bati.2842633","geometry":{"type":"LineString","coordinates":[[3.80503334,48.48612472],[3.80484296,48.48606565]]},"geometry_name":"geom","properties":{"id_adr":"10220_b034_00481","id_bat":"BATIMENT0000000301150067","idu":"10220000ZK0034","type_lien":"GEO","nb_adr":2,"nb_bat":4}},{"type":"Feature","id":"lien_adresse_bati.2684848","geometry":{"type":"LineString","coordinates":[[3.80503334,48.48612472],[3.80474039,48.48603951]]},"geometry_name":"geom","properties":{"id_adr":"10220_b034_00481","id_bat":"BATIMENT0000000301150068","idu":"10220000ZK0034","type_lien":"GEO","nb_adr":2,"nb_bat":4}},{"type":"Feature","id":"lien_adresse_bati.2842021","geometry":{"type":"LineString","coordinates":[[3.80503334,48.48612472],[3.80484046,48.48621104]]},"geometry_name":"geom","properties":{"id_adr":"10220_b034_00481","id_bat":"BATIMENT0000000301150069","idu":"10220000ZK0034","type_lien":"GEO","nb_adr":2,"nb_bat":4}},{"type":"Feature","id":"lien_adresse_bati.2772108","geometry":{"type":"LineString","coordinates":[[3.80503334,48.48612472],[3.80488418,48.48637088]]},"geometry_name":"geom","properties":{"id_adr":"10220_b034_00481","id_bat":"BATIMENT0000000301150071","idu":"10220000ZK0034","type_lien":"GEO","nb_adr":2,"nb_bat":4}},{"type":"Feature","id":"lien_adresse_bati.2882608","geometry":{"type":"LineString","coordinates":[[3.7876079,48.51192528],[3.78760112,48.51192573]]},"geometry_name":"geom","properties":{"id_adr":"10220_b059_00160","id_bat":"BATIMENT0000000301149853","idu":"102200000D0265","type_lien":"BAN","nb_adr":2,"nb_bat":1}},{"type":"Feature","id":"lien_adresse_bati.2917297","geometry":{"type":"LineString","coordinates":[[3.78738588,48.5115669],[3.78749549,48.51156977]]},"geometry_name":"geom","properties":{"id_adr":"10220_b059_00161","id_bat":"BATIMENT0000000301149294","idu":"102200000D0264","type_lien":"BAN","nb_adr":1,"nb_bat":2}},{"type":"Feature","id":"lien_adresse_bati.2748267","geometry":{"type":"LineString","coordinates":[[3.78738588,48.5115669],[3.78753415,48.51159065]]},"geometry_name":"geom","properties":{"id_adr":"10220_b059_00161","id_bat":"BATIMENT0000000301149293","idu":"102200000D0264","type_lien":"BAN","nb_adr":1,"nb_bat":2}},{"type":"Feature","id":"lien_adresse_bati.2851162","geometry":{"type":"LineString","coordinates":[[3.80165857,48.51256003],[3.80164591,48.51281312]]},"geometry_name":"geom","properties":{"id_adr":"10220_b078_00046","id_bat":"BATIMENT0000000301151798","idu":"102200000F0005","type_lien":"BAN","nb_adr":1,"nb_bat":1}},{"type":"Feature","id":"lien_adresse_bati.2882809","geometry":{"type":"LineString","coordinates":[[3.80546435,48.51174262],[3.80548855,48.51173157]]},"geometry_name":"geom","properties":{"id_adr":"10220_b078_00048","id_bat":"BATIMENT0000000301151921","idu":"102200000F0117","type_lien":"BAN","nb_adr":1,"nb_bat":2}},{"type":"Feature","id":"lien_adresse_bati.2883118","geometry":{"type":"LineString","coordinates":[[3.80546435,48.51174262],[3.80508393,48.51174469]]},"geometry_name":"geom","properties":{"id_adr":"10220_b078_00048","id_bat":"BATIMENT0000000009355147","idu":"102200000F0117","type_lien":"BAN","nb_adr":1,"nb_bat":2}},{"type":"Feature","id":"lien_adresse_bati.2916102","geometry":{"type":"LineString","coordinates":[[3.78350517,48.51227986],[3.78358346,48.51230884]]},"geometry_name":"geom","properties":{"id_adr":"10220_b087_00176","id_bat":"BATIMENT0000000301149132","idu":"102200000D0235","type_lien":"GEO","nb_adr":1,"nb_bat":2}},{"type":"Feature","id":"lien_adresse_bati.2842411","geometry":{"type":"LineString","coordinates":[[3.78350517,48.51227986],[3.78367691,48.51234625]]},"geometry_name":"geom","properties":{"id_adr":"10220_b087_00176","id_bat":"BATIMENT0000000325110338","idu":"102200000D0235","type_lien":"GEO","nb_adr":1,"nb_bat":2}},{"type":"Feature","id":"lien_adresse_bati.2882669","geometry":{"type":"LineString","coordinates":[[3.78428194,48.50047697],[3.78429664,48.50050926]]},"geometry_name":"geom","properties":{"id_adr":"10220_b089_00432","id_bat":"BATIMENT0000000301148604","idu":"102200000H0372","type_lien":"BAN","nb_adr":1,"nb_bat":1}},{"type":"Feature","id":"lien_adresse_bati.2838528","geometry":{"type":"LineString","coordinates":[[3.79388315,48.49981045],[3.79365664,48.50000529]]},"geometry_name":"geom","properties":{"id_adr":"10220_b089_00445","id_bat":"BATIMENT0000002330331378","idu":"102200000H0061","type_lien":"BAN","nb_adr":1,"nb_bat":4}},{"type":"Feature","id":"lien_adresse_bati.2759405","geometry":{"type":"LineString","coordinates":[[3.79388315,48.49981045],[3.7939224,48.49985382]]},"geometry_name":"geom","properties":{"id_adr":"10220_b089_00445","id_bat":"BATIMENT0000000301149050","idu":"102200000H0061","type_lien":"BAN","nb_adr":1,"nb_bat":4}},{"type":"Feature","id":"lien_adresse_bati.2819879","geometry":{"type":"LineString","coordinates":[[3.79388315,48.49981045],[3.79369493,48.49991696]]},"geometry_name":"geom","properties":{"id_adr":"10220_b089_00445","id_bat":"BATIMENT0000002330331379","idu":"102200000H0061","type_lien":"BAN","nb_adr":1,"nb_bat":4}},{"type":"Feature","id":"lien_adresse_bati.2682950","geometry":{"type":"LineString","coordinates":[[3.79388315,48.49981045],[3.79358589,48.49962333]]},"geometry_name":"geom","properties":{"id_adr":"10220_b089_00445","id_bat":"BATIMENT0000002330331380","idu":"102200000H0061","type_lien":"BAN","nb_adr":1,"nb_bat":4}},{"type":"Feature","id":"lien_adresse_bati.2840146","geometry":{"type":"LineString","coordinates":[[3.79497155,48.50338732],[3.79539599,48.50354866]]},"geometry_name":"geom","properties":{"id_adr":"10220_b090_00456","id_bat":"BATIMENT0000000301149035","idu":"102200000D2418","type_lien":"GEO","nb_adr":2,"nb_bat":3}},{"type":"Feature","id":"lien_adresse_bati.2672166","geometry":{"type":"LineString","coordinates":[[3.79497155,48.50338732],[3.79615555,48.50386719]]},"geometry_name":"geom","properties":{"id_adr":"10220_b090_00456","id_bat":"BATIMENT0000000301149037","idu":"102200000D2418","type_lien":"GEO","nb_adr":2,"nb_bat":3}},{"type":"Feature","id":"lien_adresse_bati.2772855","geometry":{"type":"LineString","coordinates":[[3.79497155,48.50338732],[3.79567057,48.50377263]]},"geometry_name":"geom","properties":{"id_adr":"10220_b090_00456","id_bat":"BATIMENT0000000301149036","idu":"102200000D2418","type_lien":"GEO","nb_adr":2,"nb_bat":3}},{"type":"Feature","id":"lien_adresse_bati.2691290","geometry":{"type":"LineString","coordinates":[[3.79482039,48.5019876],[3.79539599,48.50354866]]},"geometry_name":"geom","properties":{"id_adr":"10220_b090_00456_a","id_bat":"BATIMENT0000000301149035","idu":"102200000D2418","type_lien":"GEO","nb_adr":2,"nb_bat":3}},{"type":"Feature","id":"lien_adresse_bati.2876829","geometry":{"type":"LineString","coordinates":[[3.79482039,48.5019876],[3.79615555,48.50386719]]},"geometry_name":"geom","properties":{"id_adr":"10220_b090_00456_a","id_bat":"BATIMENT0000000301149037","idu":"102200000D2418","type_lien":"GEO","nb_adr":2,"nb_bat":3}},{"type":"Feature","id":"lien_adresse_bati.2669808","geometry":{"type":"LineString","coordinates":[[3.79482039,48.5019876],[3.79567057,48.50377263]]},"geometry_name":"geom","properties":{"id_adr":"10220_b090_00456_a","id_bat":"BATIMENT0000000301149036","idu":"102200000D2418","type_lien":"GEO","nb_adr":2,"nb_bat":3}},{"type":"Feature","id":"lien_adresse_bati.2708233","geometry":{"type":"LineString","coordinates":[[3.79792367,48.5024661],[3.798679,48.50290621]]},"geometry_name":"geom","properties":{"id_adr":"10220_b090_00456_b","id_bat":"BATIMENT0000000301149029","idu":"102200000D2372","type_lien":"GEO","nb_adr":2,"nb_bat":7}},{"type":"Feature","id":"lien_adresse_bati.2799272","geometry":{"type":"LineString","coordinates":[[3.79792367,48.5024661],[3.79837906,48.50257234]]},"geometry_name":"geom","properties":{"id_adr":"10220_b090_00456_b","id_bat":"BATIMENT0000000009358758","idu":"102200000D2372","type_lien":"GEO","nb_adr":2,"nb_bat":7}},{"type":"Feature","id":"lien_adresse_bati.2873211","geometry":{"type":"LineString","coordinates":[[3.79792367,48.5024661],[3.79875139,48.50099186]]},"geometry_name":"geom","properties":{"id_adr":"10220_b090_00456_b","id_bat":"BATIMENT0000000009358754","idu":"102200000D2372","type_lien":"GEO","nb_adr":2,"nb_bat":7}},{"type":"Feature","id":"lien_adresse_bati.2690489","geometry":{"type":"LineString","coordinates":[[3.79792367,48.5024661],[3.79805696,48.50183935]]},"geometry_name":"geom","properties":{"id_adr":"10220_b090_00456_b","id_bat":"BATIMENT0000000301149027","idu":"102200000D2372","type_lien":"GEO","nb_adr":2,"nb_bat":7}},{"type":"Feature","id":"lien_adresse_bati.2849236","geometry":{"type":"LineString","coordinates":[[3.79792367,48.5024661],[3.7982494,48.50291328]]},"geometry_name":"geom","properties":{"id_adr":"10220_b090_00456_b","id_bat":"BATIMENT0000000301149028","idu":"102200000D2372","type_lien":"GEO","nb_adr":2,"nb_bat":7}},{"type":"Feature","id":"lien_adresse_bati.2871756","geometry":{"type":"LineString","coordinates":[[3.79792367,48.5024661],[3.79828678,48.50105033]]},"geometry_name":"geom","properties":{"id_adr":"10220_b090_00456_b","id_bat":"BATIMENT0000000301149032","idu":"102200000D2372","type_lien":"GEO","nb_adr":2,"nb_bat":7}},{"type":"Feature","id":"lien_adresse_bati.2756512","geometry":{"type":"LineString","coordinates":[[3.79792367,48.5024661],[3.79825911,48.50234149]]},"geometry_name":"geom","properties":{"id_adr":"10220_b090_00456_b","id_bat":"BATIMENT0000000301149030","idu":"102200000D2372","type_lien":"GEO","nb_adr":2,"nb_bat":7}},{"type":"Feature","id":"lien_adresse_bati.2743247","geometry":{"type":"LineString","coordinates":[[3.76114586,48.50803679],[3.76159781,48.50809507]]},"geometry_name":"geom","properties":{"id_adr":"10220_B095_99999","id_bat":"BATIMENT0000000301150054","idu":"102200000D0886","type_lien":"GEO","nb_adr":3,"nb_bat":5}},{"type":"Feature","id":"lien_adresse_bati.2743873","geometry":{"type":"LineString","coordinates":[[3.76114586,48.50803679],[3.76129227,48.5080597]]},"geometry_name":"geom","properties":{"id_adr":"10220_B095_99999","id_bat":"BATIMENT0000000301150055","idu":"102200000D0886","type_lien":"GEO","nb_adr":3,"nb_bat":5}},{"type":"Feature","id":"lien_adresse_bati.2844037","geometry":{"type":"LineString","coordinates":[[3.76114586,48.50803679],[3.7614503,48.50817429]]},"geometry_name":"geom","properties":{"id_adr":"10220_B095_99999","id_bat":"BATIMENT0000000121067140","idu":"102200000D0886","type_lien":"GEO","nb_adr":3,"nb_bat":5}},{"type":"Feature","id":"lien_adresse_bati.2716318","geometry":{"type":"LineString","coordinates":[[3.76114586,48.50803679],[3.76103301,48.50817757]]},"geometry_name":"geom","properties":{"id_adr":"10220_B095_99999","id_bat":"BATIMENT0000000301150053","idu":"102200000D0886","type_lien":"GEO","nb_adr":5,"nb_bat":5}},{"type":"Feature","id":"lien_adresse_bati.2802352","geometry":{"type":"LineString","coordinates":[[3.76114586,48.50803679],[3.76100558,48.5078915]]},"geometry_name":"geom","properties":{"id_adr":"10220_B095_99999","id_bat":"BATIMENT0000000301150050","idu":"102200000D0886","type_lien":"GEO","nb_adr":3,"nb_bat":5}},{"type":"Feature","id":"lien_adresse_bati.2674553","geometry":{"type":"LineString","coordinates":[[3.79986728,48.50164156],[3.79957212,48.50178704]]},"geometry_name":"geom","properties":{"id_adr":"10220_b53xlf_00456","id_bat":"BATIMENT0000000301150765","idu":"102200000F0272","type_lien":"BAN","nb_adr":1,"nb_bat":2}},{"type":"Feature","id":"lien_adresse_bati.2708295","geometry":{"type":"LineString","coordinates":[[3.79986728,48.50164156],[3.79959255,48.50146887]]},"geometry_name":"geom","properties":{"id_adr":"10220_b53xlf_00456","id_bat":"BATIMENT0000000301150763","idu":"102200000F0272","type_lien":"BAN","nb_adr":1,"nb_bat":2}},{"type":"Feature","id":"lien_adresse_bati.2802563","geometry":{"type":"LineString","coordinates":[[3.80502142,48.50317212],[3.80395686,48.5031842]]},"geometry_name":"geom","properties":{"id_adr":"10220_b53xlf_00457","id_bat":"BATIMENT0000000301150809","idu":"102200000F0373","type_lien":"BAN","nb_adr":4,"nb_bat":3}},{"type":"Feature","id":"lien_adresse_bati.2758647","geometry":{"type":"LineString","coordinates":[[3.80502142,48.50317212],[3.8039768,48.50302808]]},"geometry_name":"geom","properties":{"id_adr":"10220_b53xlf_00457","id_bat":"BATIMENT0000000301150830","idu":"102200000F0373","type_lien":"BAN","nb_adr":4,"nb_bat":3}},{"type":"Feature","id":"lien_adresse_bati.2861713","geometry":{"type":"LineString","coordinates":[[3.80502142,48.50317212],[3.80426918,48.50333508]]},"geometry_name":"geom","properties":{"id_adr":"10220_b53xlf_00457","id_bat":"BATIMENT0000002006956404","idu":"102200000F0373","type_lien":"BAN","nb_adr":4,"nb_bat":3}},{"type":"Feature","id":"lien_adresse_bati.2798498","geometry":{"type":"LineString","coordinates":[[3.80502142,48.50317212],[3.80395686,48.5031842]]},"geometry_name":"geom","properties":{"id_adr":"10220_b53xlf_00458","id_bat":"BATIMENT0000000301150809","idu":"102200000F0373","type_lien":"BAN","nb_adr":4,"nb_bat":3}},{"type":"Feature","id":"lien_adresse_bati.2678301","geometry":{"type":"LineString","coordinates":[[3.80502142,48.50317212],[3.8039768,48.50302808]]},"geometry_name":"geom","properties":{"id_adr":"10220_b53xlf_00458","id_bat":"BATIMENT0000000301150830","idu":"102200000F0373","type_lien":"BAN","nb_adr":4,"nb_bat":3}},{"type":"Feature","id":"lien_adresse_bati.2905085","geometry":{"type":"LineString","coordinates":[[3.80502142,48.50317212],[3.80426918,48.50333508]]},"geometry_name":"geom","properties":{"id_adr":"10220_b53xlf_00458","id_bat":"BATIMENT0000002006956404","idu":"102200000F0373","type_lien":"BAN","nb_adr":4,"nb_bat":3}},{"type":"Feature","id":"lien_adresse_bati.2807046","geometry":{"type":"LineString","coordinates":[[3.80502142,48.50317212],[3.8039768,48.50302808]]},"geometry_name":"geom","properties":{"id_adr":"10220_b53xlf_00459","id_bat":"BATIMENT0000000301150830","idu":"102200000F0373","type_lien":"BAN","nb_adr":4,"nb_bat":3}},{"type":"Feature","id":"lien_adresse_bati.2907211","geometry":{"type":"LineString","coordinates":[[3.80502142,48.50317212],[3.80395686,48.5031842]]},"geometry_name":"geom","properties":{"id_adr":"10220_b53xlf_00459","id_bat":"BATIMENT0000000301150809","idu":"102200000F0373","type_lien":"BAN","nb_adr":4,"nb_bat":3}},{"type":"Feature","id":"lien_adresse_bati.2686316","geometry":{"type":"LineString","coordinates":[[3.80502142,48.50317212],[3.80426918,48.50333508]]},"geometry_name":"geom","properties":{"id_adr":"10220_b53xlf_00459","id_bat":"BATIMENT0000002006956404","idu":"102200000F0373","type_lien":"BAN","nb_adr":4,"nb_bat":3}},{"type":"Feature","id":"lien_adresse_bati.2797995","geometry":{"type":"LineString","coordinates":[[3.80281068,48.5011359],[3.80274696,48.5013118]]},"geometry_name":"geom","properties":{"id_adr":"10220_b53xlf_00486","id_bat":"BATIMENT0000000301150785","idu":"102200000F0385","type_lien":"BAN","nb_adr":5,"nb_bat":4}},{"type":"Feature","id":"lien_adresse_bati.2885148","geometry":{"type":"LineString","coordinates":[[3.80281068,48.5011359],[3.80306567,48.50130052]]},"geometry_name":"geom","properties":{"id_adr":"10220_b53xlf_00486","id_bat":"BATIMENT0000000301150786","idu":"102200000F0364","type_lien":"BAN","nb_adr":2,"nb_bat":4}},{"type":"Feature","id":"lien_adresse_bati.2814972","geometry":{"type":"LineString","coordinates":[[3.80281068,48.5011359],[3.80293512,48.50131935]]},"geometry_name":"geom","properties":{"id_adr":"10220_b53xlf_00486","id_bat":"BATIMENT0000000301150785","idu":"102200000F0364","type_lien":"BAN","nb_adr":5,"nb_bat":4}},{"type":"Feature","id":"lien_adresse_bati.2767910","geometry":{"type":"LineString","coordinates":[[3.80281068,48.5011359],[3.80249007,48.50136246]]},"geometry_name":"geom","properties":{"id_adr":"10220_b53xlf_00486","id_bat":"BATIMENT0000000301150785","idu":"102200000F0384","type_lien":"BAN","nb_adr":5,"nb_bat":4}},{"type":"Feature","id":"lien_adresse_bati.2839288","geometry":{"type":"LineString","coordinates":[[3.80535209,48.50266608],[3.80409471,48.50250664]]},"geometry_name":"geom","properties":{"id_adr":"10220_b53xlf_00488","id_bat":"BATIMENT0000000301150752","idu":"102200000F0374","type_lien":"BAN","nb_adr":1,"nb_bat":2}},{"type":"Feature","id":"lien_adresse_bati.2787847","geometry":{"type":"LineString","coordinates":[[3.80535209,48.50266608],[3.80452093,48.50253682]]},"geometry_name":"geom","properties":{"id_adr":"10220_b53xlf_00488","id_bat":"BATIMENT0000000301150813","idu":"102200000F0374","type_lien":"BAN","nb_adr":1,"nb_bat":2}},{"type":"Feature","id":"lien_adresse_bati.2735491","geometry":{"type":"LineString","coordinates":[[3.80565832,48.50144949],[3.80544764,48.50133701]]},"geometry_name":"geom","properties":{"id_adr":"10220_b53xlf_00489","id_bat":"BATIMENT0000000301150817","idu":"102200000F0316","type_lien":"BAN","nb_adr":2,"nb_bat":2}},{"type":"Feature","id":"lien_adresse_bati.2693214","geometry":{"type":"LineString","coordinates":[[3.80565832,48.50144949],[3.80553516,48.50135501]]},"geometry_name":"geom","properties":{"id_adr":"10220_b53xlf_00489","id_bat":"BATIMENT0000000301150824","idu":"102200000F0316","type_lien":"BAN","nb_adr":1,"nb_bat":2}},{"type":"Feature","id":"lien_adresse_bati.2877505","geometry":{"type":"LineString","coordinates":[[3.80534944,48.50125816],[3.80528618,48.50132512]]},"geometry_name":"geom","properties":{"id_adr":"10220_beatyf_00002","id_bat":"BATIMENT0000000301150817","idu":"102200000F0318","type_lien":"GEO","nb_adr":2,"nb_bat":2}},{"type":"Feature","id":"lien_adresse_bati.2709552","geometry":{"type":"LineString","coordinates":[[3.80534944,48.50125816],[3.8051495,48.50109574]]},"geometry_name":"geom","properties":{"id_adr":"10220_beatyf_00002","id_bat":"BATIMENT0000000301150823","idu":"102200000F0318","type_lien":"GEO","nb_adr":1,"nb_bat":2}},{"type":"Feature","id":"lien_adresse_bati.2688702","geometry":{"type":"LineString","coordinates":[[3.80312048,48.50076856],[3.80312172,48.50076373]]},"geometry_name":"geom","properties":{"id_adr":"10220_beatyf_00003","id_bat":"BATIMENT0000000301150784","idu":"102200000F0260","type_lien":"GEO","nb_adr":8,"nb_bat":1}},{"type":"Feature","id":"lien_adresse_bati.2903388","geometry":{"type":"LineString","coordinates":[[3.8042605,48.50131142],[3.80435784,48.50134699]]},"geometry_name":"geom","properties":{"id_adr":"10220_beatyf_00004","id_bat":"BATIMENT0000000301150788","idu":"102200000F0375","type_lien":"GEO","nb_adr":1,"nb_bat":4}},{"type":"Feature","id":"lien_adresse_bati.2773156","geometry":{"type":"LineString","coordinates":[[3.8042605,48.50131142],[3.80435412,48.50162206]]},"geometry_name":"geom","properties":{"id_adr":"10220_beatyf_00004","id_bat":"BATIMENT0000000301150789","idu":"102200000F0375","type_lien":"GEO","nb_adr":1,"nb_bat":4}},{"type":"Feature","id":"lien_adresse_bati.2890451","geometry":{"type":"LineString","coordinates":[[3.8042605,48.50131142],[3.8043524,48.50171699]]},"geometry_name":"geom","properties":{"id_adr":"10220_beatyf_00004","id_bat":"BATIMENT0000002220709359","idu":"102200000F0375","type_lien":"GEO","nb_adr":1,"nb_bat":4}},{"type":"Feature","id":"lien_adresse_bati.2804703","geometry":{"type":"LineString","coordinates":[[3.8042605,48.50131142],[3.80453261,48.50223756]]},"geometry_name":"geom","properties":{"id_adr":"10220_beatyf_00004","id_bat":"BATIMENT0000002330331308","idu":"102200000F0375","type_lien":"GEO","nb_adr":1,"nb_bat":4}},{"type":"Feature","id":"lien_adresse_bati.2776352","geometry":{"type":"LineString","coordinates":[[3.80252053,48.50137177],[3.80249007,48.50136246]]},"geometry_name":"geom","properties":{"id_adr":"10220_beatyf_00008","id_bat":"BATIMENT0000000301150785","idu":"102200000F0384","type_lien":"GEO","nb_adr":5,"nb_bat":1}},{"type":"Feature","id":"lien_adresse_bati.2792479","geometry":{"type":"LineString","coordinates":[[3.79808997,48.50182894],[3.79805696,48.50183935]]},"geometry_name":"geom","properties":{"id_adr":"10220_beatyf_00020","id_bat":"BATIMENT0000000301149027","idu":"102200000D2372","type_lien":"GEO","nb_adr":2,"nb_bat":7}},{"type":"Feature","id":"lien_adresse_bati.2873598","geometry":{"type":"LineString","coordinates":[[3.79808997,48.50182894],[3.79825911,48.50234149]]},"geometry_name":"geom","properties":{"id_adr":"10220_beatyf_00020","id_bat":"BATIMENT0000000301149030","idu":"102200000D2372","type_lien":"GEO","nb_adr":2,"nb_bat":7}},{"type":"Feature","id":"lien_adresse_bati.2910529","geometry":{"type":"LineString","coordinates":[[3.79808997,48.50182894],[3.7982494,48.50291328]]},"geometry_name":"geom","properties":{"id_adr":"10220_beatyf_00020","id_bat":"BATIMENT0000000301149028","idu":"102200000D2372","type_lien":"GEO","nb_adr":2,"nb_bat":7}},{"type":"Feature","id":"lien_adresse_bati.2773104","geometry":{"type":"LineString","coordinates":[[3.79808997,48.50182894],[3.79828678,48.50105033]]},"geometry_name":"geom","properties":{"id_adr":"10220_beatyf_00020","id_bat":"BATIMENT0000000301149032","idu":"102200000D2372","type_lien":"GEO","nb_adr":2,"nb_bat":7}},{"type":"Feature","id":"lien_adresse_bati.2708012","geometry":{"type":"LineString","coordinates":[[3.79808997,48.50182894],[3.798679,48.50290621]]},"geometry_name":"geom","properties":{"id_adr":"10220_beatyf_00020","id_bat":"BATIMENT0000000301149029","idu":"102200000D2372","type_lien":"GEO","nb_adr":2,"nb_bat":7}},{"type":"Feature","id":"lien_adresse_bati.2683549","geometry":{"type":"LineString","coordinates":[[3.79808997,48.50182894],[3.79837906,48.50257234]]},"geometry_name":"geom","properties":{"id_adr":"10220_beatyf_00020","id_bat":"BATIMENT0000000009358758","idu":"102200000D2372","type_lien":"GEO","nb_adr":2,"nb_bat":7}},{"type":"Feature","id":"lien_adresse_bati.2788030","geometry":{"type":"LineString","coordinates":[[3.79808997,48.50182894],[3.79875139,48.50099186]]},"geometry_name":"geom","properties":{"id_adr":"10220_beatyf_00020","id_bat":"BATIMENT0000000009358754","idu":"102200000D2372","type_lien":"GEO","nb_adr":2,"nb_bat":7}},{"type":"Feature","id":"lien_adresse_bati.2731994","geometry":{"type":"LineString","coordinates":[[3.79533025,48.50124019],[3.79532287,48.5012445]]},"geometry_name":"geom","properties":{"id_adr":"10220_beatyf_00026","id_bat":"BATIMENT0000000301149033","idu":"102200000D2419","type_lien":"GEO","nb_adr":1,"nb_bat":4}},{"type":"Feature","id":"lien_adresse_bati.2682691","geometry":{"type":"LineString","coordinates":[[3.79533025,48.50124019],[3.79585531,48.50181162]]},"geometry_name":"geom","properties":{"id_adr":"10220_beatyf_00026","id_bat":"BATIMENT0000000301149038","idu":"102200000D2419","type_lien":"GEO","nb_adr":2,"nb_bat":4}},{"type":"Feature","id":"lien_adresse_bati.2905727","geometry":{"type":"LineString","coordinates":[[3.79533025,48.50124019],[3.79513609,48.50205116]]},"geometry_name":"geom","properties":{"id_adr":"10220_beatyf_00026","id_bat":"BATIMENT0000000301149034","idu":"102200000D2419","type_lien":"GEO","nb_adr":1,"nb_bat":4}},{"type":"Feature","id":"lien_adresse_bati.2775011","geometry":{"type":"LineString","coordinates":[[3.79533025,48.50124019],[3.79565973,48.50167658]]},"geometry_name":"geom","properties":{"id_adr":"10220_beatyf_00026","id_bat":"BATIMENT0000000301149039","idu":"102200000D2419","type_lien":"GEO","nb_adr":1,"nb_bat":4}},{"type":"Feature","id":"lien_adresse_bati.2681541","geometry":{"type":"LineString","coordinates":[[3.80525325,48.5121039],[3.80527356,48.5121038]]},"geometry_name":"geom","properties":{"id_adr":"10220_igw52m_00046","id_bat":"BATIMENT0000000301151843","idu":"102200000F0136","type_lien":"BAN","nb_adr":2,"nb_bat":1}},{"type":"Feature","id":"lien_adresse_bati.2687801","geometry":{"type":"LineString","coordinates":[[3.80577119,48.51100374],[3.80581444,48.51114145]]},"geometry_name":"geom","properties":{"id_adr":"10220_igw52m_00046_a","id_bat":"BATIMENT0000000301151858","idu":"102200000F0324","type_lien":"GEO","nb_adr":2,"nb_bat":1}},{"type":"Feature","id":"lien_adresse_bati.2683809","geometry":{"type":"LineString","coordinates":[[3.78859867,48.50919913],[3.78860148,48.50920361]]},"geometry_name":"geom","properties":{"id_adr":"10220_kx5ava_00003","id_bat":"BATIMENT0000000301149783","idu":"102200000D2112","type_lien":"GEO","nb_adr":1,"nb_bat":1}},{"type":"Feature","id":"lien_adresse_bati.2785878","geometry":{"type":"LineString","coordinates":[[3.80329169,48.50045702],[3.80312172,48.50076373]]},"geometry_name":"geom","properties":{"id_adr":"10220_nkx02c_00002","id_bat":"BATIMENT0000000301150784","idu":"102200000F0260","type_lien":"GEO","nb_adr":8,"nb_bat":1}},{"type":"Feature","id":"lien_adresse_bati.2676941","geometry":{"type":"LineString","coordinates":[[3.80269244,48.50048536],[3.80312172,48.50076373]]},"geometry_name":"geom","properties":{"id_adr":"10220_nkx02c_00004","id_bat":"BATIMENT0000000301150784","idu":"102200000F0260","type_lien":"GEO","nb_adr":8,"nb_bat":1}},{"type":"Feature","id":"lien_adresse_bati.2689794","geometry":{"type":"LineString","coordinates":[[3.80198905,48.5005207],[3.80312172,48.50076373]]},"geometry_name":"geom","properties":{"id_adr":"10220_nkx02c_00006","id_bat":"BATIMENT0000000301150784","idu":"102200000F0260","type_lien":"GEO","nb_adr":8,"nb_bat":1}},{"type":"Feature","id":"lien_adresse_bati.2788549","geometry":{"type":"LineString","coordinates":[[3.80143298,48.50054065],[3.80312172,48.50076373]]},"geometry_name":"geom","properties":{"id_adr":"10220_nkx02c_00008","id_bat":"BATIMENT0000000301150784","idu":"102200000F0260","type_lien":"GEO","nb_adr":8,"nb_bat":1}},{"type":"Feature","id":"lien_adresse_bati.2734456","geometry":{"type":"LineString","coordinates":[[3.80192044,48.5011689],[3.80281811,48.50168013]]},"geometry_name":"geom","properties":{"id_adr":"10220_nkx02c_00018","id_bat":"BATIMENT0000000301150794","idu":"102200000F0376","type_lien":"GEO","nb_adr":2,"nb_bat":13}},{"type":"Feature","id":"lien_adresse_bati.2771126","geometry":{"type":"LineString","coordinates":[[3.80192044,48.5011689],[3.80217386,48.50149686]]},"geometry_name":"geom","properties":{"id_adr":"10220_nkx02c_00018","id_bat":"BATIMENT0000000301150792","idu":"102200000F0376","type_lien":"GEO","nb_adr":2,"nb_bat":13}},{"type":"Feature","id":"lien_adresse_bati.2687233","geometry":{"type":"LineString","coordinates":[[3.80192044,48.5011689],[3.80200806,48.50163171]]},"geometry_name":"geom","properties":{"id_adr":"10220_nkx02c_00018","id_bat":"BATIMENT0000002206051890","idu":"102200000F0376","type_lien":"GEO","nb_adr":2,"nb_bat":13}},{"type":"Feature","id":"lien_adresse_bati.2681331","geometry":{"type":"LineString","coordinates":[[3.80192044,48.5011689],[3.80214256,48.50119304]]},"geometry_name":"geom","properties":{"id_adr":"10220_nkx02c_00018","id_bat":"BATIMENT0000000301150827","idu":"102200000F0376","type_lien":"GEO","nb_adr":2,"nb_bat":13}},{"type":"Feature","id":"lien_adresse_bati.2771189","geometry":{"type":"LineString","coordinates":[[3.80192044,48.5011689],[3.80186462,48.50118952]]},"geometry_name":"geom","properties":{"id_adr":"10220_nkx02c_00018","id_bat":"BATIMENT0000000301150803","idu":"102200000F0376","type_lien":"GEO","nb_adr":2,"nb_bat":13}},{"type":"Feature","id":"lien_adresse_bati.2708683","geometry":{"type":"LineString","coordinates":[[3.80192044,48.5011689],[3.80203662,48.50181811]]},"geometry_name":"geom","properties":{"id_adr":"10220_nkx02c_00018","id_bat":"BATIMENT0000000301150797","idu":"102200000F0376","type_lien":"GEO","nb_adr":2,"nb_bat":13}},{"type":"Feature","id":"lien_adresse_bati.2667081","geometry":{"type":"LineString","coordinates":[[3.80192044,48.5011689],[3.8021356,48.5012518]]},"geometry_name":"geom","properties":{"id_adr":"10220_nkx02c_00018","id_bat":"BATIMENT0000000301150801","idu":"102200000F0376","type_lien":"GEO","nb_adr":2,"nb_bat":13}},{"type":"Feature","id":"lien_adresse_bati.2666506","geometry":{"type":"LineString","coordinates":[[3.80192044,48.5011689],[3.80197212,48.50138357]]},"geometry_name":"geom","properties":{"id_adr":"10220_nkx02c_00018","id_bat":"BATIMENT0000000301150800","idu":"102200000F0376","type_lien":"GEO","nb_adr":2,"nb_bat":13}},{"type":"Feature","id":"lien_adresse_bati.2878279","geometry":{"type":"LineString","coordinates":[[3.80192044,48.5011689],[3.80215503,48.50137199]]},"geometry_name":"geom","properties":{"id_adr":"10220_nkx02c_00018","id_bat":"BATIMENT0000000301150799","idu":"102200000F0376","type_lien":"GEO","nb_adr":2,"nb_bat":13}},{"type":"Feature","id":"lien_adresse_bati.2905118","geometry":{"type":"LineString","coordinates":[[3.80192044,48.5011689],[3.80189735,48.50110473]]},"geometry_name":"geom","properties":{"id_adr":"10220_nkx02c_00018","id_bat":"BATIMENT0000000301150804","idu":"102200000F0376","type_lien":"GEO","nb_adr":2,"nb_bat":13}},{"type":"Feature","id":"lien_adresse_bati.2717730","geometry":{"type":"LineString","coordinates":[[3.80192044,48.5011689],[3.8019535,48.50126404]]},"geometry_name":"geom","properties":{"id_adr":"10220_nkx02c_00018","id_bat":"BATIMENT0000000301150802","idu":"102200000F0376","type_lien":"GEO","nb_adr":2,"nb_bat":13}},{"type":"Feature","id":"lien_adresse_bati.2744194","geometry":{"type":"LineString","coordinates":[[3.80192044,48.5011689],[3.80225879,48.5016951]]},"geometry_name":"geom","properties":{"id_adr":"10220_nkx02c_00018","id_bat":"BATIMENT0000000301150790","idu":"102200000F0376","type_lien":"GEO","nb_adr":2,"nb_bat":13}},{"type":"Feature","id":"lien_adresse_bati.2837855","geometry":{"type":"LineString","coordinates":[[3.80192044,48.5011689],[3.80227894,48.50179983]]},"geometry_name":"geom","properties":{"id_adr":"10220_nkx02c_00018","id_bat":"BATIMENT0000000301150796","idu":"102200000F0376","type_lien":"GEO","nb_adr":2,"nb_bat":13}},{"type":"Feature","id":"lien_adresse_bati.2663189","geometry":{"type":"LineString","coordinates":[[3.79604026,48.50173023],[3.79608606,48.50178594]]},"geometry_name":"geom","properties":{"id_adr":"10220_nkx02c_00456","id_bat":"BATIMENT0000000301149038","idu":"102200000D2416","type_lien":"GEO","nb_adr":2,"nb_bat":1}},{"type":"Feature","id":"lien_adresse_bati.2810535","geometry":{"type":"LineString","coordinates":[[3.80210945,48.50051539],[3.80312172,48.50076373]]},"geometry_name":"geom","properties":{"id_adr":"10220_nkx02c_00456_e","id_bat":"BATIMENT0000000301150784","idu":"102200000F0260","type_lien":"GEO","nb_adr":8,"nb_bat":1}},{"type":"Feature","id":"lien_adresse_bati.2691837","geometry":{"type":"LineString","coordinates":[[3.80301842,48.50046877],[3.80312172,48.50076373]]},"geometry_name":"geom","properties":{"id_adr":"10220_nkx02c_00456_g","id_bat":"BATIMENT0000000301150784","idu":"102200000F0260","type_lien":"GEO","nb_adr":8,"nb_bat":1}},{"type":"Feature","id":"lien_adresse_bati.2721688","geometry":{"type":"LineString","coordinates":[[3.80233397,48.50050308],[3.80312172,48.50076373]]},"geometry_name":"geom","properties":{"id_adr":"10220_nkx02c_00486","id_bat":"BATIMENT0000000301150784","idu":"102200000F0260","type_lien":"GEO","nb_adr":8,"nb_bat":1}},{"type":"Feature","id":"lien_adresse_bati.2893503","geometry":{"type":"LineString","coordinates":[[3.79017616,48.51073871],[3.79018805,48.51076403]]},"geometry_name":"geom","properties":{"id_adr":"10220_nm85ly_00007","id_bat":"BATIMENT0000000301149438","idu":"102200000D1605","type_lien":"BAN","nb_adr":1,"nb_bat":1}},{"type":"Feature","id":"lien_adresse_bati.2672913","geometry":{"type":"LineString","coordinates":[[3.79294755,48.51224962],[3.79288292,48.51219277]]},"geometry_name":"geom","properties":{"id_adr":"10220_nm85ly_00016","id_bat":"BATIMENT0000000301149797","idu":"102200000D2215","type_lien":"BAN","nb_adr":1,"nb_bat":1}},{"type":"Feature","id":"lien_adresse_bati.2722719","geometry":{"type":"LineString","coordinates":[[3.78438203,48.51079509],[3.78447545,48.51078636]]},"geometry_name":"geom","properties":{"id_adr":"10220_nm85ly_00188","id_bat":"BATIMENT0000002341955008","idu":"102200000D0472","type_lien":"BAN","nb_adr":1,"nb_bat":1}},{"type":"Feature","id":"lien_adresse_bati.2760318","geometry":{"type":"LineString","coordinates":[[3.78476285,48.51090953],[3.78477982,48.51091352]]},"geometry_name":"geom","properties":{"id_adr":"10220_nm85ly_00190","id_bat":"BATIMENT0000000301149171","idu":"102200000D0465","type_lien":"BAN","nb_adr":1,"nb_bat":1}},{"type":"Feature","id":"lien_adresse_bati.2877673","geometry":{"type":"LineString","coordinates":[[3.78501564,48.51061098],[3.78507566,48.51056964]]},"geometry_name":"geom","properties":{"id_adr":"10220_nm85ly_00194","id_bat":"BATIMENT0000000301149129","idu":"102200000D1873","type_lien":"BAN","nb_adr":3,"nb_bat":2}},{"type":"Feature","id":"lien_adresse_bati.2915383","geometry":{"type":"LineString","coordinates":[[3.78501564,48.51061098],[3.78491681,48.51070199]]},"geometry_name":"geom","properties":{"id_adr":"10220_nm85ly_00194","id_bat":"BATIMENT0000000301149136","idu":"102200000D1873","type_lien":"BAN","nb_adr":2,"nb_bat":2}},{"type":"Feature","id":"lien_adresse_bati.2715275","geometry":{"type":"LineString","coordinates":[[3.78624614,48.51050389],[3.78622659,48.51058138]]},"geometry_name":"geom","properties":{"id_adr":"10220_nm85ly_00202","id_bat":"BATIMENT0000000301149596","idu":"102200000D0429","type_lien":"BAN","nb_adr":1,"nb_bat":1}},{"type":"Feature","id":"lien_adresse_bati.2757703","geometry":{"type":"LineString","coordinates":[[3.78725229,48.51078511],[3.78730807,48.51084279]]},"geometry_name":"geom","properties":{"id_adr":"10220_nm85ly_00211","id_bat":"BATIMENT0000000301149598","idu":"102200000D2404","type_lien":"BAN","nb_adr":3,"nb_bat":6}},{"type":"Feature","id":"lien_adresse_bati.2836210","geometry":{"type":"LineString","coordinates":[[3.78725229,48.51078511],[3.78709917,48.51077667]]},"geometry_name":"geom","properties":{"id_adr":"10220_nm85ly_00211","id_bat":"BATIMENT0000000301149599","idu":"102200000D2404","type_lien":"BAN","nb_adr":3,"nb_bat":6}},{"type":"Feature","id":"lien_adresse_bati.2864735","geometry":{"type":"LineString","coordinates":[[3.78725229,48.51078511],[3.78709588,48.51081074]]},"geometry_name":"geom","properties":{"id_adr":"10220_nm85ly_00211","id_bat":"BATIMENT0000000301149600","idu":"102200000D2404","type_lien":"BAN","nb_adr":3,"nb_bat":6}},{"type":"Feature","id":"lien_adresse_bati.2681754","geometry":{"type":"LineString","coordinates":[[3.78725229,48.51078511],[3.78732902,48.5107291]]},"geometry_name":"geom","properties":{"id_adr":"10220_nm85ly_00211","id_bat":"BATIMENT0000000301149577","idu":"102200000D2404","type_lien":"BAN","nb_adr":3,"nb_bat":6}},{"type":"Feature","id":"lien_adresse_bati.2757701","geometry":{"type":"LineString","coordinates":[[3.78725229,48.51078511],[3.78733265,48.51069664]]},"geometry_name":"geom","properties":{"id_adr":"10220_nm85ly_00211","id_bat":"BATIMENT0000000301149579","idu":"102200000D2404","type_lien":"BAN","nb_adr":3,"nb_bat":6}},{"type":"Feature","id":"lien_adresse_bati.2814968","geometry":{"type":"LineString","coordinates":[[3.78725229,48.51078511],[3.78710176,48.51074517]]},"geometry_name":"geom","properties":{"id_adr":"10220_nm85ly_00211","id_bat":"BATIMENT0000000301149601","idu":"102200000D2404","type_lien":"BAN","nb_adr":3,"nb_bat":6}},{"type":"Feature","id":"lien_adresse_bati.2886141","geometry":{"type":"LineString","coordinates":[[3.78797306,48.51099624],[3.78807482,48.51123538]]},"geometry_name":"geom","properties":{"id_adr":"10220_nm85ly_00218","id_bat":"BATIMENT0000000301149785","idu":"102200000D2422","type_lien":"BAN","nb_adr":2,"nb_bat":3}},{"type":"Feature","id":"lien_adresse_bati.2841129","geometry":{"type":"LineString","coordinates":[[3.78797306,48.51099624],[3.78794807,48.51124268]]},"geometry_name":"geom","properties":{"id_adr":"10220_nm85ly_00218","id_bat":"BATIMENT0000000301149786","idu":"102200000D2422","type_lien":"BAN","nb_adr":2,"nb_bat":3}},{"type":"Feature","id":"lien_adresse_bati.2679031","geometry":{"type":"LineString","coordinates":[[3.78797306,48.51099624],[3.78808661,48.51102877]]},"geometry_name":"geom","properties":{"id_adr":"10220_nm85ly_00218","id_bat":"BATIMENT0000000301149553","idu":"102200000D2422","type_lien":"BAN","nb_adr":2,"nb_bat":3}},{"type":"Feature","id":"lien_adresse_bati.2719977","geometry":{"type":"LineString","coordinates":[[3.78885727,48.51036963],[3.78886194,48.51038804]]},"geometry_name":"geom","properties":{"id_adr":"10220_nm85ly_00227","id_bat":"BATIMENT0000000301149656","idu":"102200000D1578","type_lien":"BAN","nb_adr":3,"nb_bat":1}},{"type":"Feature","id":"lien_adresse_bati.2784805","geometry":{"type":"LineString","coordinates":[[3.76102006,48.50832458],[3.76103301,48.50817757]]},"geometry_name":"geom","properties":{"id_adr":"10220_rden75_00002","id_bat":"BATIMENT0000000301150053","idu":"102200000D0886","type_lien":"GEO","nb_adr":5,"nb_bat":5}},{"type":"Feature","id":"lien_adresse_bati.2763725","geometry":{"type":"LineString","coordinates":[[3.76102006,48.50832458],[3.76129227,48.5080597]]},"geometry_name":"geom","properties":{"id_adr":"10220_rden75_00002","id_bat":"BATIMENT0000000301150055","idu":"102200000D0886","type_lien":"GEO","nb_adr":3,"nb_bat":5}},{"type":"Feature","id":"lien_adresse_bati.2753470","geometry":{"type":"LineString","coordinates":[[3.76102006,48.50832458],[3.7614503,48.50817429]]},"geometry_name":"geom","properties":{"id_adr":"10220_rden75_00002","id_bat":"BATIMENT0000000121067140","idu":"102200000D0886","type_lien":"GEO","nb_adr":3,"nb_bat":5}},{"type":"Feature","id":"lien_adresse_bati.2830862","geometry":{"type":"LineString","coordinates":[[3.76102006,48.50832458],[3.76100558,48.5078915]]},"geometry_name":"geom","properties":{"id_adr":"10220_rden75_00002","id_bat":"BATIMENT0000000301150050","idu":"102200000D0886","type_lien":"GEO","nb_adr":3,"nb_bat":5}},{"type":"Feature","id":"lien_adresse_bati.2793402","geometry":{"type":"LineString","coordinates":[[3.76102006,48.50832458],[3.76159781,48.50809507]]},"geometry_name":"geom","properties":{"id_adr":"10220_rden75_00002","id_bat":"BATIMENT0000000301150054","idu":"102200000D0886","type_lien":"GEO","nb_adr":3,"nb_bat":5}},{"type":"Feature","id":"lien_adresse_bati.2766002","geometry":{"type":"LineString","coordinates":[[3.76112795,48.50876201],[3.76093841,48.50900037]]},"geometry_name":"geom","properties":{"id_adr":"10220_rden75_00003","id_bat":"BATIMENT0000000009355573","idu":"10323000ZH0135","type_lien":"GEO","nb_adr":1,"nb_bat":1}},{"type":"Feature","id":"lien_adresse_bati.2816231","geometry":{"type":"LineString","coordinates":[[3.76110916,48.50849314],[3.76117039,48.50843275]]},"geometry_name":"geom","properties":{"id_adr":"10220_rden75_00004","id_bat":"BATIMENT0000000301150053","idu":"102200000D0887","type_lien":"GEO","nb_adr":5,"nb_bat":3}},{"type":"Feature","id":"lien_adresse_bati.2736142","geometry":{"type":"LineString","coordinates":[[3.76110916,48.50849314],[3.76129806,48.50864647]]},"geometry_name":"geom","properties":{"id_adr":"10220_rden75_00004","id_bat":"BATIMENT0000000009355577","idu":"102200000D0887","type_lien":"GEO","nb_adr":2,"nb_bat":3}},{"type":"Feature","id":"lien_adresse_bati.2896591","geometry":{"type":"LineString","coordinates":[[3.76110916,48.50849314],[3.76162911,48.50873316]]},"geometry_name":"geom","properties":{"id_adr":"10220_rden75_00004","id_bat":"BATIMENT0000000301150051","idu":"102200000D0887","type_lien":"GEO","nb_adr":2,"nb_bat":3}},{"type":"Feature","id":"lien_adresse_bati.2883024","geometry":{"type":"LineString","coordinates":[[3.76134437,48.50921403],[3.7618277,48.50961689]]},"geometry_name":"geom","properties":{"id_adr":"10220_rden75_00005","id_bat":"BATIMENT0000002006956405","idu":"10323000ZH0063","type_lien":"GEO","nb_adr":3,"nb_bat":1}},{"type":"Feature","id":"lien_adresse_bati.2766712","geometry":{"type":"LineString","coordinates":[[3.76124539,48.50873787],[3.76162911,48.50873316]]},"geometry_name":"geom","properties":{"id_adr":"10220_rden75_00006","id_bat":"BATIMENT0000000301150051","idu":"102200000D0887","type_lien":"GEO","nb_adr":2,"nb_bat":3}},{"type":"Feature","id":"lien_adresse_bati.2678416","geometry":{"type":"LineString","coordinates":[[3.76124539,48.50873787],[3.76129806,48.50864647]]},"geometry_name":"geom","properties":{"id_adr":"10220_rden75_00006","id_bat":"BATIMENT0000000009355577","idu":"102200000D0887","type_lien":"GEO","nb_adr":2,"nb_bat":3}},{"type":"Feature","id":"lien_adresse_bati.2762680","geometry":{"type":"LineString","coordinates":[[3.76124539,48.50873787],[3.76117039,48.50843275]]},"geometry_name":"geom","properties":{"id_adr":"10220_rden75_00006","id_bat":"BATIMENT0000000301150053","idu":"102200000D0887","type_lien":"GEO","nb_adr":5,"nb_bat":3}},{"type":"Feature","id":"lien_adresse_bati.2911984","geometry":{"type":"LineString","coordinates":[[3.76137456,48.50896195],[3.7618277,48.50961689]]},"geometry_name":"geom","properties":{"id_adr":"10220_rden75_00008","id_bat":"BATIMENT0000002006956405","idu":"10323000ZH0063","type_lien":"GEO","nb_adr":3,"nb_bat":1}},{"type":"Feature","id":"lien_adresse_bati.2842143","geometry":{"type":"LineString","coordinates":[[3.76144778,48.5091558],[3.7618277,48.50961689]]},"geometry_name":"geom","properties":{"id_adr":"10220_rden75_00010","id_bat":"BATIMENT0000002006956405","idu":"10323000ZH0063","type_lien":"GEO","nb_adr":3,"nb_bat":1}},{"type":"Feature","id":"lien_adresse_bati.2870324","geometry":{"type":"LineString","coordinates":[[3.78367619,48.51158242],[3.78367348,48.51158277]]},"geometry_name":"geom","properties":{"id_adr":"10220_tc6w36_00178","id_bat":"BATIMENT0000000301149143","idu":"102200000D2060","type_lien":"BAN","nb_adr":1,"nb_bat":2}},{"type":"Feature","id":"lien_adresse_bati.2882924","geometry":{"type":"LineString","coordinates":[[3.78367619,48.51158242],[3.78350913,48.51172029]]},"geometry_name":"geom","properties":{"id_adr":"10220_tc6w36_00178","id_bat":"BATIMENT0000000301149157","idu":"102200000D2060","type_lien":"BAN","nb_adr":1,"nb_bat":2}},{"type":"Feature","id":"lien_adresse_bati.2767260","geometry":{"type":"LineString","coordinates":[[3.7871016,48.50678725],[3.78600902,48.5068768]]},"geometry_name":"geom","properties":{"id_adr":"10220_td3q0b_00001","id_bat":"BATIMENT0000000301149687","idu":"102200000D0084","type_lien":"GEO","nb_adr":2,"nb_bat":2}},{"type":"Feature","id":"lien_adresse_bati.2877636","geometry":{"type":"LineString","coordinates":[[3.7871016,48.50678725],[3.78639885,48.50678697]]},"geometry_name":"geom","properties":{"id_adr":"10220_td3q0b_00001","id_bat":"BATIMENT0000000301149829","idu":"102200000D0084","type_lien":"GEO","nb_adr":2,"nb_bat":2}},{"type":"Feature","id":"lien_adresse_bati.2868894","geometry":{"type":"LineString","coordinates":[[3.78715629,48.50709366],[3.78639167,48.50730294]]},"geometry_name":"geom","properties":{"id_adr":"10220_td3q0b_00003_a","id_bat":"BATIMENT0000000301149645","idu":"102200000D0087","type_lien":"GEO","nb_adr":1,"nb_bat":1}},{"type":"Feature","id":"lien_adresse_bati.2800847","geometry":{"type":"LineString","coordinates":[[3.79535836,48.51318712],[3.79534993,48.51315217]]},"geometry_name":"geom","properties":{"id_adr":"10220_v4jgni_00035","id_bat":"BATIMENT0000000301149482","idu":"102200000B1320","type_lien":"BAN","nb_adr":2,"nb_bat":1}},{"type":"Feature","id":"lien_adresse_bati.2672175","geometry":{"type":"LineString","coordinates":[[3.80776178,48.51233877],[3.8077577,48.51242245]]},"geometry_name":"geom","properties":{"id_adr":"10220_v4jgni_00059","id_bat":"BATIMENT0000000301151919","idu":"102200000B0241","type_lien":"BAN","nb_adr":2,"nb_bat":2}},{"type":"Feature","id":"lien_adresse_bati.2662749","geometry":{"type":"LineString","coordinates":[[3.80776178,48.51233877],[3.80779997,48.51235671]]},"geometry_name":"geom","properties":{"id_adr":"10220_v4jgni_00059","id_bat":"BATIMENT0000000301151920","idu":"102200000B0241","type_lien":"BAN","nb_adr":2,"nb_bat":2}},{"type":"Feature","id":"lien_adresse_bati.2832712","geometry":{"type":"LineString","coordinates":[[3.80270307,48.51356956],[3.80268643,48.51355887]]},"geometry_name":"geom","properties":{"id_adr":"10220_v4jgni_00078","id_bat":"BATIMENT0000000301151777","idu":"102200000B1630","type_lien":"BAN","nb_adr":1,"nb_bat":1}},{"type":"Feature","id":"lien_adresse_bati.2823032","geometry":{"type":"LineString","coordinates":[[3.79121604,48.49960783],[3.79114852,48.49961868]]},"geometry_name":"geom","properties":{"id_adr":"10220_vgroe2_99999","id_bat":"BATIMENT0000002494157581","idu":"102200000H0512","type_lien":"GEO","nb_adr":1,"nb_bat":1}},{"type":"Feature","id":"lien_adresse_bati.2832313","geometry":{"type":"LineString","coordinates":[[3.75130394,48.503559],[3.75070668,48.50368434]]},"geometry_name":"geom","properties":{"id_adr":"10323_0045_00001","id_bat":"BATIMENT0000002220709448","idu":"10323000AM0088","type_lien":"GEO","nb_adr":1,"nb_bat":3}},{"type":"Feature","id":"lien_adresse_bati.2745184","geometry":{"type":"LineString","coordinates":[[3.75130394,48.503559],[3.75088537,48.50354163]]},"geometry_name":"geom","properties":{"id_adr":"10323_0045_00001","id_bat":"BATIMENT0000002204517037","idu":"10323000AM0088","type_lien":"GEO","nb_adr":1,"nb_bat":3}},{"type":"Feature","id":"lien_adresse_bati.2709329","geometry":{"type":"LineString","coordinates":[[3.75130394,48.503559],[3.75110531,48.50401102]]},"geometry_name":"geom","properties":{"id_adr":"10323_0045_00001","id_bat":"BATIMENT0000002204517036","idu":"10323000AM0088","type_lien":"GEO","nb_adr":1,"nb_bat":3}},{"type":"Feature","id":"lien_adresse_bati.2861903","geometry":{"type":"LineString","coordinates":[[3.75108634,48.50263826],[3.7515321,48.5025703]]},"geometry_name":"geom","properties":{"id_adr":"10323_0045_00007","id_bat":"BATIMENT0000002006956171","idu":"10323000AM0119","type_lien":"GEO","nb_adr":7,"nb_bat":1}},{"type":"Feature","id":"lien_adresse_bati.2676419","geometry":{"type":"LineString","coordinates":[[3.75155934,48.50296003],[3.7515321,48.5025703]]},"geometry_name":"geom","properties":{"id_adr":"10323_0045_00007_a","id_bat":"BATIMENT0000002006956171","idu":"10323000AM0119","type_lien":"GEO","nb_adr":7,"nb_bat":1}},{"type":"Feature","id":"lien_adresse_bati.2674591","geometry":{"type":"LineString","coordinates":[[3.75150984,48.50281191],[3.7515321,48.5025703]]},"geometry_name":"geom","properties":{"id_adr":"10323_0045_00007_b","id_bat":"BATIMENT0000002006956171","idu":"10323000AM0119","type_lien":"GEO","nb_adr":7,"nb_bat":1}},{"type":"Feature","id":"lien_adresse_bati.2815092","geometry":{"type":"LineString","coordinates":[[3.75146975,48.50265922],[3.7515321,48.5025703]]},"geometry_name":"geom","properties":{"id_adr":"10323_0045_00007_c","id_bat":"BATIMENT0000002006956171","idu":"10323000AM0119","type_lien":"GEO","nb_adr":7,"nb_bat":1}},{"type":"Feature","id":"lien_adresse_bati.2789855","geometry":{"type":"LineString","coordinates":[[3.75144055,48.50251097],[3.7515321,48.5025703]]},"geometry_name":"geom","properties":{"id_adr":"10323_0045_00007_d","id_bat":"BATIMENT0000002006956171","idu":"10323000AM0119","type_lien":"GEO","nb_adr":7,"nb_bat":1}},{"type":"Feature","id":"lien_adresse_bati.2705650","geometry":{"type":"LineString","coordinates":[[3.75138982,48.50237185],[3.7515321,48.5025703]]},"geometry_name":"geom","properties":{"id_adr":"10323_0045_00007_e","id_bat":"BATIMENT0000002006956171","idu":"10323000AM0119","type_lien":"GEO","nb_adr":7,"nb_bat":1}},{"type":"Feature","id":"lien_adresse_bati.2817176","geometry":{"type":"LineString","coordinates":[[3.75136043,48.5022101],[3.7515321,48.5025703]]},"geometry_name":"geom","properties":{"id_adr":"10323_0045_00007_f","id_bat":"BATIMENT0000002006956171","idu":"10323000AM0119","type_lien":"GEO","nb_adr":7,"nb_bat":1}},{"type":"Feature","id":"lien_adresse_bati.2867042","geometry":{"type":"LineString","coordinates":[[3.75071752,48.50628679],[3.75071906,48.50644505]]},"geometry_name":"geom","properties":{"id_adr":"10323_0090_00001","id_bat":"BATIMENT0000000300131793","idu":"10323000AO0145","type_lien":"GEO","nb_adr":2,"nb_bat":1}},{"type":"Feature","id":"lien_adresse_bati.2664810","geometry":{"type":"LineString","coordinates":[[3.75092315,48.50637095],[3.75117203,48.50641658]]},"geometry_name":"geom","properties":{"id_adr":"10323_0090_00002","id_bat":"BATIMENT0000000009359150","idu":"10323000AO0174","type_lien":"GEO","nb_adr":7,"nb_bat":2}},{"type":"Feature","id":"lien_adresse_bati.2870384","geometry":{"type":"LineString","coordinates":[[3.75092315,48.50637095],[3.7510403,48.50635627]]},"geometry_name":"geom","properties":{"id_adr":"10323_0090_00002","id_bat":"BATIMENT0000000300131795","idu":"10323000AO0174","type_lien":"GEO","nb_adr":2,"nb_bat":2}},{"type":"Feature","id":"lien_adresse_bati.2852116","geometry":{"type":"LineString","coordinates":[[3.75081266,48.50640763],[3.75071906,48.50644505]]},"geometry_name":"geom","properties":{"id_adr":"10323_0090_00003","id_bat":"BATIMENT0000000300131793","idu":"10323000AO0145","type_lien":"GEO","nb_adr":2,"nb_bat":1}},{"type":"Feature","id":"lien_adresse_bati.2916094","geometry":{"type":"LineString","coordinates":[[3.75089579,48.50654025],[3.75078516,48.5065787]]},"geometry_name":"geom","properties":{"id_adr":"10323_0090_00005","id_bat":"BATIMENT0000000300131790","idu":"10323000AO0146","type_lien":"GEO","nb_adr":1,"nb_bat":1}},{"type":"Feature","id":"lien_adresse_bati.2722132","geometry":{"type":"LineString","coordinates":[[3.75094575,48.50653094],[3.75119579,48.50648522]]},"geometry_name":"geom","properties":{"id_adr":"10323_0090_00006","id_bat":"BATIMENT0000000009359150","idu":"10323000AO0173","type_lien":"GEO","nb_adr":7,"nb_bat":2}},{"type":"Feature","id":"lien_adresse_bati.2825945","geometry":{"type":"LineString","coordinates":[[3.75094575,48.50653094],[3.75104726,48.5065366]]},"geometry_name":"geom","properties":{"id_adr":"10323_0090_00006","id_bat":"BATIMENT0000000300131796","idu":"10323000AO0173","type_lien":"GEO","nb_adr":1,"nb_bat":2}},{"type":"Feature","id":"lien_adresse_bati.2732531","geometry":{"type":"LineString","coordinates":[[3.75091277,48.50659143],[3.75079952,48.50662048]]},"geometry_name":"geom","properties":{"id_adr":"10323_0090_00007","id_bat":"BATIMENT0000000300131789","idu":"10323000AO0147","type_lien":"GEO","nb_adr":1,"nb_bat":2}},{"type":"Feature","id":"lien_adresse_bati.2880610","geometry":{"type":"LineString","coordinates":[[3.75091277,48.50659143],[3.75052641,48.50666829]]},"geometry_name":"geom","properties":{"id_adr":"10323_0090_00007","id_bat":"BATIMENT0000000300131960","idu":"10323000AO0147","type_lien":"GEO","nb_adr":1,"nb_bat":2}},{"type":"Feature","id":"lien_adresse_bati.2784490","geometry":{"type":"LineString","coordinates":[[3.75097386,48.50660273],[3.7510604,48.50657418]]},"geometry_name":"geom","properties":{"id_adr":"10323_0090_00008","id_bat":"BATIMENT0000000300131797","idu":"10323000AO0172","type_lien":"GEO","nb_adr":1,"nb_bat":2}},{"type":"Feature","id":"lien_adresse_bati.2733357","geometry":{"type":"LineString","coordinates":[[3.75097386,48.50660273],[3.75123669,48.50655661]]},"geometry_name":"geom","properties":{"id_adr":"10323_0090_00008","id_bat":"BATIMENT0000000009359150","idu":"10323000AO0172","type_lien":"GEO","nb_adr":7,"nb_bat":2}},{"type":"Feature","id":"lien_adresse_bati.2886816","geometry":{"type":"LineString","coordinates":[[3.75093668,48.50665425],[3.75082924,48.50669337]]},"geometry_name":"geom","properties":{"id_adr":"10323_0090_00009","id_bat":"BATIMENT0000000300131907","idu":"10323000AO0148","type_lien":"GEO","nb_adr":1,"nb_bat":2}},{"type":"Feature","id":"lien_adresse_bati.2790587","geometry":{"type":"LineString","coordinates":[[3.75093668,48.50665425],[3.75071835,48.50671154]]},"geometry_name":"geom","properties":{"id_adr":"10323_0090_00009","id_bat":"BATIMENT0000000300132041","idu":"10323000AO0148","type_lien":"GEO","nb_adr":1,"nb_bat":2}},{"type":"Feature","id":"lien_adresse_bati.2808637","geometry":{"type":"LineString","coordinates":[[3.75102887,48.50666266],[3.75111986,48.50668278]]},"geometry_name":"geom","properties":{"id_adr":"10323_0090_00010","id_bat":"BATIMENT0000000300131787","idu":"10323000AO0171","type_lien":"GEO","nb_adr":2,"nb_bat":2}},{"type":"Feature","id":"lien_adresse_bati.2878208","geometry":{"type":"LineString","coordinates":[[3.75102887,48.50666266],[3.75122723,48.50660909]]},"geometry_name":"geom","properties":{"id_adr":"10323_0090_00010","id_bat":"BATIMENT0000000009359150","idu":"10323000AO0171","type_lien":"GEO","nb_adr":7,"nb_bat":2}},{"type":"Feature","id":"lien_adresse_bati.2684916","geometry":{"type":"LineString","coordinates":[[3.75096198,48.50671886],[3.7508495,48.50674873]]},"geometry_name":"geom","properties":{"id_adr":"10323_0090_00011","id_bat":"BATIMENT0000000300131908","idu":"10323000AO0149","type_lien":"GEO","nb_adr":1,"nb_bat":1}},{"type":"Feature","id":"lien_adresse_bati.2862089","geometry":{"type":"LineString","coordinates":[[3.75101339,48.50671674],[3.75111986,48.50668278]]},"geometry_name":"geom","properties":{"id_adr":"10323_0090_00012","id_bat":"BATIMENT0000000300131787","idu":"10323000AO0171","type_lien":"GEO","nb_adr":2,"nb_bat":2}},{"type":"Feature","id":"lien_adresse_bati.2706673","geometry":{"type":"LineString","coordinates":[[3.75101339,48.50671674],[3.75122723,48.50660909]]},"geometry_name":"geom","properties":{"id_adr":"10323_0090_00012","id_bat":"BATIMENT0000000009359150","idu":"10323000AO0171","type_lien":"GEO","nb_adr":7,"nb_bat":2}},{"type":"Feature","id":"lien_adresse_bati.2724435","geometry":{"type":"LineString","coordinates":[[3.75098181,48.50677991],[3.75085382,48.50681528]]},"geometry_name":"geom","properties":{"id_adr":"10323_0090_00013","id_bat":"BATIMENT0000000300131909","idu":"10323000AO0150","type_lien":"GEO","nb_adr":1,"nb_bat":1}},{"type":"Feature","id":"lien_adresse_bati.2706543","geometry":{"type":"LineString","coordinates":[[3.75103735,48.50678226],[3.75117973,48.5067981]]},"geometry_name":"geom","properties":{"id_adr":"10323_0090_00014","id_bat":"BATIMENT0000000300131786","idu":"10323000AO0170","type_lien":"GEO","nb_adr":1,"nb_bat":1}},{"type":"Feature","id":"lien_adresse_bati.2695713","geometry":{"type":"LineString","coordinates":[[3.75100441,48.50684544],[3.75089399,48.50686953]]},"geometry_name":"geom","properties":{"id_adr":"10323_0090_00015","id_bat":"BATIMENT0000000300131910","idu":"10323000AO0151","type_lien":"GEO","nb_adr":1,"nb_bat":1}},{"type":"Feature","id":"lien_adresse_bati.2735675","geometry":{"type":"LineString","coordinates":[[3.7510256,48.50690738],[3.75091886,48.50694472]]},"geometry_name":"geom","properties":{"id_adr":"10323_0090_00017","id_bat":"BATIMENT0000000300131634","idu":"10323000AO0152","type_lien":"GEO","nb_adr":1,"nb_bat":1}},{"type":"Feature","id":"lien_adresse_bati.2707217","geometry":{"type":"LineString","coordinates":[[3.75107963,48.50689894],[3.7511984,48.50690991]]},"geometry_name":"geom","properties":{"id_adr":"10323_0090_00018","id_bat":"BATIMENT0000000300131667","idu":"10323000AO0222","type_lien":"GEO","nb_adr":2,"nb_bat":2}},{"type":"Feature","id":"lien_adresse_bati.2903867","geometry":{"type":"LineString","coordinates":[[3.75107963,48.50689894],[3.75133904,48.50687073]]},"geometry_name":"geom","properties":{"id_adr":"10323_0090_00018","id_bat":"BATIMENT0000000300131965","idu":"10323000AO0222","type_lien":"GEO","nb_adr":1,"nb_bat":2}},{"type":"Feature","id":"lien_adresse_bati.2890390","geometry":{"type":"LineString","coordinates":[[3.75104668,48.50696123],[3.75093442,48.50698488]]},"geometry_name":"geom","properties":{"id_adr":"10323_0090_00019","id_bat":"BATIMENT0000000300131635","idu":"10323000AO0153","type_lien":"GEO","nb_adr":1,"nb_bat":1}},{"type":"Feature","id":"lien_adresse_bati.2892866","geometry":{"type":"LineString","coordinates":[[3.7510979,48.50694561],[3.75121453,48.50695432]]},"geometry_name":"geom","properties":{"id_adr":"10323_0090_00020","id_bat":"BATIMENT0000000300131668","idu":"10323000AO0169","type_lien":"GEO","nb_adr":1,"nb_bat":2}},{"type":"Feature","id":"lien_adresse_bati.2828567","geometry":{"type":"LineString","coordinates":[[3.7510979,48.50694561],[3.75120536,48.50692927]]},"geometry_name":"geom","properties":{"id_adr":"10323_0090_00020","id_bat":"BATIMENT0000000300131667","idu":"10323000AO0169","type_lien":"GEO","nb_adr":2,"nb_bat":2}},{"type":"Feature","id":"lien_adresse_bati.2892263","geometry":{"type":"LineString","coordinates":[[3.75106498,48.50710505],[3.7509934,48.50717366]]},"geometry_name":"geom","properties":{"id_adr":"10323_0090_00021","id_bat":"BATIMENT0000000300131664","idu":"10323000AO0154","type_lien":"GEO","nb_adr":1,"nb_bat":1}},{"type":"Feature","id":"lien_adresse_bati.2726016","geometry":{"type":"LineString","coordinates":[[3.75117968,48.50707824],[3.75128867,48.50712393]]},"geometry_name":"geom","properties":{"id_adr":"10323_0090_00022","id_bat":"BATIMENT0000000300131624","idu":"10323000AO0168","type_lien":"GEO","nb_adr":1,"nb_bat":1}},{"type":"Feature","id":"lien_adresse_bati.2851525","geometry":{"type":"LineString","coordinates":[[3.75091392,48.50723915],[3.75074782,48.5072168]]},"geometry_name":"geom","properties":{"id_adr":"10323_0090_00023","id_bat":"BATIMENT0000000300131660","idu":"10323000AO0155","type_lien":"GEO","nb_adr":1,"nb_bat":2}},{"type":"Feature","id":"lien_adresse_bati.2817570","geometry":{"type":"LineString","coordinates":[[3.75091392,48.50723915],[3.75087664,48.50715527]]},"geometry_name":"geom","properties":{"id_adr":"10323_0090_00023","id_bat":"BATIMENT0000000300131662","idu":"10323000AO0155","type_lien":"GEO","nb_adr":1,"nb_bat":2}},{"type":"Feature","id":"lien_adresse_bati.2717811","geometry":{"type":"LineString","coordinates":[[3.75067228,48.50728836],[3.75058801,48.50725589]]},"geometry_name":"geom","properties":{"id_adr":"10323_0090_00023_bis","id_bat":"BATIMENT0000002341954991","idu":"10323000AO0156","type_lien":"BAN","nb_adr":1,"nb_bat":1}},{"type":"Feature","id":"lien_adresse_bati.2697654","geometry":{"type":"LineString","coordinates":[[3.75133394,48.50716722],[3.75136424,48.50710877]]},"geometry_name":"geom","properties":{"id_adr":"10323_0090_00024","id_bat":"BATIMENT0000000300131623","idu":"10323000AO0167","type_lien":"GEO","nb_adr":1,"nb_bat":2}},{"type":"Feature","id":"lien_adresse_bati.2877081","geometry":{"type":"LineString","coordinates":[[3.75133394,48.50716722],[3.7513384,48.50697647]]},"geometry_name":"geom","properties":{"id_adr":"10323_0090_00024","id_bat":"BATIMENT0000000300131669","idu":"10323000AO0167","type_lien":"GEO","nb_adr":1,"nb_bat":2}},{"type":"Feature","id":"lien_adresse_bati.2900335","geometry":{"type":"LineString","coordinates":[[3.75088477,48.50728342],[3.75097979,48.50734157]]},"geometry_name":"geom","properties":{"id_adr":"10323_0090_00025","id_bat":"BATIMENT0000000300131666","idu":"10323000AO0160","type_lien":"GEO","nb_adr":1,"nb_bat":1}},{"type":"Feature","id":"lien_adresse_bati.2694115","geometry":{"type":"LineString","coordinates":[[3.75133783,48.50724996],[3.75140872,48.50728782]]},"geometry_name":"geom","properties":{"id_adr":"10323_0090_00026","id_bat":"BATIMENT0000000300131630","idu":"10323000AO0165","type_lien":"GEO","nb_adr":2,"nb_bat":2}},{"type":"Feature","id":"lien_adresse_bati.2743165","geometry":{"type":"LineString","coordinates":[[3.75133783,48.50724996],[3.75142003,48.50722246]]},"geometry_name":"geom","properties":{"id_adr":"10323_0090_00026","id_bat":"BATIMENT0000000300131631","idu":"10323000AO0165","type_lien":"GEO","nb_adr":1,"nb_bat":2}},{"type":"Feature","id":"lien_adresse_bati.2730429","geometry":{"type":"LineString","coordinates":[[3.75128848,48.50730156],[3.75138908,48.50731575]]},"geometry_name":"geom","properties":{"id_adr":"10323_0090_00028","id_bat":"BATIMENT0000000300131630","idu":"10323000AO0164","type_lien":"GEO","nb_adr":2,"nb_bat":2}},{"type":"Feature","id":"lien_adresse_bati.2852429","geometry":{"type":"LineString","coordinates":[[3.75128848,48.50730156],[3.75135761,48.50734745]]},"geometry_name":"geom","properties":{"id_adr":"10323_0090_00028","id_bat":"BATIMENT0000000300131629","idu":"10323000AO0164","type_lien":"GEO","nb_adr":1,"nb_bat":2}},{"type":"Feature","id":"lien_adresse_bati.2744647","geometry":{"type":"LineString","coordinates":[[3.75108569,48.50732173],[3.75106685,48.50737702]]},"geometry_name":"geom","properties":{"id_adr":"10323_0090_00029","id_bat":"BATIMENT0000000300131665","idu":"10323000AO0161","type_lien":"GEO","nb_adr":1,"nb_bat":1}},{"type":"Feature","id":"lien_adresse_bati.2858945","geometry":{"type":"LineString","coordinates":[[3.75122128,48.50733617],[3.75130582,48.50742539]]},"geometry_name":"geom","properties":{"id_adr":"10323_0090_00030","id_bat":"BATIMENT0000000300131671","idu":"10323000AO0163","type_lien":"GEO","nb_adr":1,"nb_bat":2}},{"type":"Feature","id":"lien_adresse_bati.2854916","geometry":{"type":"LineString","coordinates":[[3.75122128,48.50733617],[3.75125245,48.50741821]]},"geometry_name":"geom","properties":{"id_adr":"10323_0090_00030","id_bat":"BATIMENT0000000300131670","idu":"10323000AO0163","type_lien":"GEO","nb_adr":1,"nb_bat":2}},{"type":"Feature","id":"lien_adresse_bati.2667688","geometry":{"type":"LineString","coordinates":[[3.75604044,48.5051312],[3.75866179,48.50445592]]},"geometry_name":"geom","properties":{"id_adr":"10323_0524_00007","id_bat":"BATIMENT0000002321528206","idu":"10323000AM0125","type_lien":"GEO","nb_adr":7,"nb_bat":6}},{"type":"Feature","id":"lien_adresse_bati.2915834","geometry":{"type":"LineString","coordinates":[[3.75604044,48.5051312],[3.75798027,48.50457816]]},"geometry_name":"geom","properties":{"id_adr":"10323_0524_00007","id_bat":"BATIMENT0000002321528204","idu":"10323000AM0125","type_lien":"GEO","nb_adr":7,"nb_bat":6}},{"type":"Feature","id":"lien_adresse_bati.2811102","geometry":{"type":"LineString","coordinates":[[3.75604044,48.5051312],[3.75612969,48.50489808]]},"geometry_name":"geom","properties":{"id_adr":"10323_0524_00007","id_bat":"BATIMENT0000002321528202","idu":"10323000AM0125","type_lien":"GEO","nb_adr":7,"nb_bat":6}},{"type":"Feature","id":"lien_adresse_bati.2854639","geometry":{"type":"LineString","coordinates":[[3.75604044,48.5051312],[3.75766056,48.50453169]]},"geometry_name":"geom","properties":{"id_adr":"10323_0524_00007","id_bat":"BATIMENT0000002321528207","idu":"10323000AM0125","type_lien":"GEO","nb_adr":7,"nb_bat":6}},{"type":"Feature","id":"lien_adresse_bati.2692048","geometry":{"type":"LineString","coordinates":[[3.75604044,48.5051312],[3.75506561,48.50492779]]},"geometry_name":"geom","properties":{"id_adr":"10323_0524_00007","id_bat":"BATIMENT0000002321528201","idu":"10323000AM0125","type_lien":"GEO","nb_adr":7,"nb_bat":6}},{"type":"Feature","id":"lien_adresse_bati.2790125","geometry":{"type":"LineString","coordinates":[[3.75604044,48.5051312],[3.7573676,48.5042717]]},"geometry_name":"geom","properties":{"id_adr":"10323_0524_00007","id_bat":"BATIMENT0000002321528208","idu":"10323000AM0125","type_lien":"GEO","nb_adr":7,"nb_bat":6}},{"type":"Feature","id":"lien_adresse_bati.2861358","geometry":{"type":"LineString","coordinates":[[3.75639008,48.5050624],[3.75798027,48.50457816]]},"geometry_name":"geom","properties":{"id_adr":"10323_0524_00009","id_bat":"BATIMENT0000002321528204","idu":"10323000AM0125","type_lien":"GEO","nb_adr":7,"nb_bat":6}},{"type":"Feature","id":"lien_adresse_bati.2860286","geometry":{"type":"LineString","coordinates":[[3.75639008,48.5050624],[3.75766056,48.50453169]]},"geometry_name":"geom","properties":{"id_adr":"10323_0524_00009","id_bat":"BATIMENT0000002321528207","idu":"10323000AM0125","type_lien":"GEO","nb_adr":7,"nb_bat":6}},{"type":"Feature","id":"lien_adresse_bati.2703665","geometry":{"type":"LineString","coordinates":[[3.75639008,48.5050624],[3.75612969,48.50489808]]},"geometry_name":"geom","properties":{"id_adr":"10323_0524_00009","id_bat":"BATIMENT0000002321528202","idu":"10323000AM0125","type_lien":"GEO","nb_adr":7,"nb_bat":6}},{"type":"Feature","id":"lien_adresse_bati.2679964","geometry":{"type":"LineString","coordinates":[[3.75639008,48.5050624],[3.75866179,48.50445592]]},"geometry_name":"geom","properties":{"id_adr":"10323_0524_00009","id_bat":"BATIMENT0000002321528206","idu":"10323000AM0125","type_lien":"GEO","nb_adr":7,"nb_bat":6}},{"type":"Feature","id":"lien_adresse_bati.2797412","geometry":{"type":"LineString","coordinates":[[3.75639008,48.5050624],[3.75506561,48.50492779]]},"geometry_name":"geom","properties":{"id_adr":"10323_0524_00009","id_bat":"BATIMENT0000002321528201","idu":"10323000AM0125","type_lien":"GEO","nb_adr":7,"nb_bat":6}},{"type":"Feature","id":"lien_adresse_bati.2749271","geometry":{"type":"LineString","coordinates":[[3.75639008,48.5050624],[3.7573676,48.5042717]]},"geometry_name":"geom","properties":{"id_adr":"10323_0524_00009","id_bat":"BATIMENT0000002321528208","idu":"10323000AM0125","type_lien":"GEO","nb_adr":7,"nb_bat":6}},{"type":"Feature","id":"lien_adresse_bati.2912457","geometry":{"type":"LineString","coordinates":[[3.7575597,48.50486963],[3.75612969,48.50489808]]},"geometry_name":"geom","properties":{"id_adr":"10323_0524_00011","id_bat":"BATIMENT0000002321528202","idu":"10323000AM0125","type_lien":"GEO","nb_adr":7,"nb_bat":6}},{"type":"Feature","id":"lien_adresse_bati.2891303","geometry":{"type":"LineString","coordinates":[[3.7575597,48.50486963],[3.7573676,48.5042717]]},"geometry_name":"geom","properties":{"id_adr":"10323_0524_00011","id_bat":"BATIMENT0000002321528208","idu":"10323000AM0125","type_lien":"GEO","nb_adr":7,"nb_bat":6}},{"type":"Feature","id":"lien_adresse_bati.2814619","geometry":{"type":"LineString","coordinates":[[3.7575597,48.50486963],[3.75766056,48.50453169]]},"geometry_name":"geom","properties":{"id_adr":"10323_0524_00011","id_bat":"BATIMENT0000002321528207","idu":"10323000AM0125","type_lien":"GEO","nb_adr":7,"nb_bat":6}},{"type":"Feature","id":"lien_adresse_bati.2873307","geometry":{"type":"LineString","coordinates":[[3.7575597,48.50486963],[3.75506561,48.50492779]]},"geometry_name":"geom","properties":{"id_adr":"10323_0524_00011","id_bat":"BATIMENT0000002321528201","idu":"10323000AM0125","type_lien":"GEO","nb_adr":7,"nb_bat":6}},{"type":"Feature","id":"lien_adresse_bati.2842325","geometry":{"type":"LineString","coordinates":[[3.7575597,48.50486963],[3.75798027,48.50457816]]},"geometry_name":"geom","properties":{"id_adr":"10323_0524_00011","id_bat":"BATIMENT0000002321528204","idu":"10323000AM0125","type_lien":"GEO","nb_adr":7,"nb_bat":6}},{"type":"Feature","id":"lien_adresse_bati.2662824","geometry":{"type":"LineString","coordinates":[[3.7575597,48.50486963],[3.75866179,48.50445592]]},"geometry_name":"geom","properties":{"id_adr":"10323_0524_00011","id_bat":"BATIMENT0000002321528206","idu":"10323000AM0125","type_lien":"GEO","nb_adr":7,"nb_bat":6}},{"type":"Feature","id":"lien_adresse_bati.2790070","geometry":{"type":"LineString","coordinates":[[3.75832981,48.50476126],[3.75766056,48.50453169]]},"geometry_name":"geom","properties":{"id_adr":"10323_0524_00013","id_bat":"BATIMENT0000002321528207","idu":"10323000AM0125","type_lien":"GEO","nb_adr":7,"nb_bat":6}},{"type":"Feature","id":"lien_adresse_bati.2865584","geometry":{"type":"LineString","coordinates":[[3.75832981,48.50476126],[3.7573676,48.5042717]]},"geometry_name":"geom","properties":{"id_adr":"10323_0524_00013","id_bat":"BATIMENT0000002321528208","idu":"10323000AM0125","type_lien":"GEO","nb_adr":7,"nb_bat":6}},{"type":"Feature","id":"lien_adresse_bati.2665082","geometry":{"type":"LineString","coordinates":[[3.75832981,48.50476126],[3.75506561,48.50492779]]},"geometry_name":"geom","properties":{"id_adr":"10323_0524_00013","id_bat":"BATIMENT0000002321528201","idu":"10323000AM0125","type_lien":"GEO","nb_adr":7,"nb_bat":6}},{"type":"Feature","id":"lien_adresse_bati.2915461","geometry":{"type":"LineString","coordinates":[[3.75832981,48.50476126],[3.75798027,48.50457816]]},"geometry_name":"geom","properties":{"id_adr":"10323_0524_00013","id_bat":"BATIMENT0000002321528204","idu":"10323000AM0125","type_lien":"GEO","nb_adr":7,"nb_bat":6}},{"type":"Feature","id":"lien_adresse_bati.2828397","geometry":{"type":"LineString","coordinates":[[3.75832981,48.50476126],[3.75866179,48.50445592]]},"geometry_name":"geom","properties":{"id_adr":"10323_0524_00013","id_bat":"BATIMENT0000002321528206","idu":"10323000AM0125","type_lien":"GEO","nb_adr":7,"nb_bat":6}},{"type":"Feature","id":"lien_adresse_bati.2853620","geometry":{"type":"LineString","coordinates":[[3.75832981,48.50476126],[3.75612969,48.50489808]]},"geometry_name":"geom","properties":{"id_adr":"10323_0524_00013","id_bat":"BATIMENT0000002321528202","idu":"10323000AM0125","type_lien":"GEO","nb_adr":7,"nb_bat":6}},{"type":"Feature","id":"lien_adresse_bati.2843573","geometry":{"type":"LineString","coordinates":[[3.75625221,48.504044],[3.75798027,48.50457816]]},"geometry_name":"geom","properties":{"id_adr":"10323_0524_00015","id_bat":"BATIMENT0000002321528204","idu":"10323000AM0125","type_lien":"GEO","nb_adr":7,"nb_bat":6}},{"type":"Feature","id":"lien_adresse_bati.2743217","geometry":{"type":"LineString","coordinates":[[3.75625221,48.504044],[3.75612969,48.50489808]]},"geometry_name":"geom","properties":{"id_adr":"10323_0524_00015","id_bat":"BATIMENT0000002321528202","idu":"10323000AM0125","type_lien":"GEO","nb_adr":7,"nb_bat":6}},{"type":"Feature","id":"lien_adresse_bati.2741092","geometry":{"type":"LineString","coordinates":[[3.75625221,48.504044],[3.75866179,48.50445592]]},"geometry_name":"geom","properties":{"id_adr":"10323_0524_00015","id_bat":"BATIMENT0000002321528206","idu":"10323000AM0125","type_lien":"GEO","nb_adr":7,"nb_bat":6}},{"type":"Feature","id":"lien_adresse_bati.2883331","geometry":{"type":"LineString","coordinates":[[3.75625221,48.504044],[3.75506561,48.50492779]]},"geometry_name":"geom","properties":{"id_adr":"10323_0524_00015","id_bat":"BATIMENT0000002321528201","idu":"10323000AM0125","type_lien":"GEO","nb_adr":7,"nb_bat":6}},{"type":"Feature","id":"lien_adresse_bati.2812016","geometry":{"type":"LineString","coordinates":[[3.75625221,48.504044],[3.7573676,48.5042717]]},"geometry_name":"geom","properties":{"id_adr":"10323_0524_00015","id_bat":"BATIMENT0000002321528208","idu":"10323000AM0125","type_lien":"GEO","nb_adr":7,"nb_bat":6}},{"type":"Feature","id":"lien_adresse_bati.2886721","geometry":{"type":"LineString","coordinates":[[3.75625221,48.504044],[3.75766056,48.50453169]]},"geometry_name":"geom","properties":{"id_adr":"10323_0524_00015","id_bat":"BATIMENT0000002321528207","idu":"10323000AM0125","type_lien":"GEO","nb_adr":7,"nb_bat":6}},{"type":"Feature","id":"lien_adresse_bati.2886891","geometry":{"type":"LineString","coordinates":[[3.75595981,48.50442101],[3.75506561,48.50492779]]},"geometry_name":"geom","properties":{"id_adr":"10323_0524_00017","id_bat":"BATIMENT0000002321528201","idu":"10323000AM0125","type_lien":"GEO","nb_adr":7,"nb_bat":6}},{"type":"Feature","id":"lien_adresse_bati.2900323","geometry":{"type":"LineString","coordinates":[[3.75595981,48.50442101],[3.75766056,48.50453169]]},"geometry_name":"geom","properties":{"id_adr":"10323_0524_00017","id_bat":"BATIMENT0000002321528207","idu":"10323000AM0125","type_lien":"GEO","nb_adr":7,"nb_bat":6}},{"type":"Feature","id":"lien_adresse_bati.2838497","geometry":{"type":"LineString","coordinates":[[3.75595981,48.50442101],[3.75798027,48.50457816]]},"geometry_name":"geom","properties":{"id_adr":"10323_0524_00017","id_bat":"BATIMENT0000002321528204","idu":"10323000AM0125","type_lien":"GEO","nb_adr":7,"nb_bat":6}},{"type":"Feature","id":"lien_adresse_bati.2676931","geometry":{"type":"LineString","coordinates":[[3.75595981,48.50442101],[3.7573676,48.5042717]]},"geometry_name":"geom","properties":{"id_adr":"10323_0524_00017","id_bat":"BATIMENT0000002321528208","idu":"10323000AM0125","type_lien":"GEO","nb_adr":7,"nb_bat":6}},{"type":"Feature","id":"lien_adresse_bati.2890458","geometry":{"type":"LineString","coordinates":[[3.75595981,48.50442101],[3.75866179,48.50445592]]},"geometry_name":"geom","properties":{"id_adr":"10323_0524_00017","id_bat":"BATIMENT0000002321528206","idu":"10323000AM0125","type_lien":"GEO","nb_adr":7,"nb_bat":6}},{"type":"Feature","id":"lien_adresse_bati.2811321","geometry":{"type":"LineString","coordinates":[[3.75595981,48.50442101],[3.75612969,48.50489808]]},"geometry_name":"geom","properties":{"id_adr":"10323_0524_00017","id_bat":"BATIMENT0000002321528202","idu":"10323000AM0125","type_lien":"GEO","nb_adr":7,"nb_bat":6}},{"type":"Feature","id":"lien_adresse_bati.2713912","geometry":{"type":"LineString","coordinates":[[3.75739977,48.50420042],[3.75766056,48.50453169]]},"geometry_name":"geom","properties":{"id_adr":"10323_0524_00019","id_bat":"BATIMENT0000002321528207","idu":"10323000AM0125","type_lien":"GEO","nb_adr":7,"nb_bat":6}},{"type":"Feature","id":"lien_adresse_bati.2835777","geometry":{"type":"LineString","coordinates":[[3.75739977,48.50420042],[3.75866179,48.50445592]]},"geometry_name":"geom","properties":{"id_adr":"10323_0524_00019","id_bat":"BATIMENT0000002321528206","idu":"10323000AM0125","type_lien":"GEO","nb_adr":7,"nb_bat":6}},{"type":"Feature","id":"lien_adresse_bati.2857542","geometry":{"type":"LineString","coordinates":[[3.75739977,48.50420042],[3.75506561,48.50492779]]},"geometry_name":"geom","properties":{"id_adr":"10323_0524_00019","id_bat":"BATIMENT0000002321528201","idu":"10323000AM0125","type_lien":"GEO","nb_adr":7,"nb_bat":6}},{"type":"Feature","id":"lien_adresse_bati.2750611","geometry":{"type":"LineString","coordinates":[[3.75739977,48.50420042],[3.75612969,48.50489808]]},"geometry_name":"geom","properties":{"id_adr":"10323_0524_00019","id_bat":"BATIMENT0000002321528202","idu":"10323000AM0125","type_lien":"GEO","nb_adr":7,"nb_bat":6}},{"type":"Feature","id":"lien_adresse_bati.2762755","geometry":{"type":"LineString","coordinates":[[3.75739977,48.50420042],[3.75798027,48.50457816]]},"geometry_name":"geom","properties":{"id_adr":"10323_0524_00019","id_bat":"BATIMENT0000002321528204","idu":"10323000AM0125","type_lien":"GEO","nb_adr":7,"nb_bat":6}},{"type":"Feature","id":"lien_adresse_bati.2759012","geometry":{"type":"LineString","coordinates":[[3.75739977,48.50420042],[3.7573676,48.5042717]]},"geometry_name":"geom","properties":{"id_adr":"10323_0524_00019","id_bat":"BATIMENT0000002321528208","idu":"10323000AM0125","type_lien":"GEO","nb_adr":7,"nb_bat":6}},{"type":"Feature","id":"lien_adresse_bati.2785394","geometry":{"type":"LineString","coordinates":[[3.75011847,48.53228325],[3.75052052,48.53252785]]},"geometry_name":"geom","properties":{"id_adr":"10323_0601_99999","id_bat":"BATIMENT0000000009350384","idu":"10323000ZC0147","type_lien":"GEO","nb_adr":1,"nb_bat":1}},{"type":"Feature","id":"lien_adresse_bati.2848919","geometry":{"type":"LineString","coordinates":[[3.75324229,48.50523893],[3.75352111,48.50513987]]},"geometry_name":"geom","properties":{"id_adr":"10323_0751_00001","id_bat":"BATIMENT0000002292173215","idu":"10323000AM0083","type_lien":"BAN","nb_adr":2,"nb_bat":2}},{"type":"Feature","id":"lien_adresse_bati.2840618","geometry":{"type":"LineString","coordinates":[[3.75324229,48.50523893],[3.75276024,48.50509093]]},"geometry_name":"geom","properties":{"id_adr":"10323_0751_00001","id_bat":"BATIMENT0000002292173214","idu":"10323000AM0083","type_lien":"BAN","nb_adr":2,"nb_bat":2}},{"type":"Feature","id":"lien_adresse_bati.2868340","geometry":{"type":"LineString","coordinates":[[3.75327799,48.50489685],[3.75276024,48.50509093]]},"geometry_name":"geom","properties":{"id_adr":"10323_0751_00005","id_bat":"BATIMENT0000002292173214","idu":"10323000AM0083","type_lien":"BAN","nb_adr":2,"nb_bat":2}},{"type":"Feature","id":"lien_adresse_bati.2670137","geometry":{"type":"LineString","coordinates":[[3.75327799,48.50489685],[3.75352111,48.50513987]]},"geometry_name":"geom","properties":{"id_adr":"10323_0751_00005","id_bat":"BATIMENT0000002292173215","idu":"10323000AM0083","type_lien":"BAN","nb_adr":2,"nb_bat":2}},{"type":"Feature","id":"lien_adresse_bati.2902845","geometry":{"type":"LineString","coordinates":[[3.76023827,48.50725543],[3.76007201,48.50726449]]},"geometry_name":"geom","properties":{"id_adr":"10323_0908_00001","id_bat":"BATIMENT0000002477106099","idu":"10323000ZH0143","type_lien":"GEO","nb_adr":1,"nb_bat":2}},{"type":"Feature","id":"lien_adresse_bati.2752927","geometry":{"type":"LineString","coordinates":[[3.76023827,48.50725543],[3.76024362,48.50730308]]},"geometry_name":"geom","properties":{"id_adr":"10323_0908_00001","id_bat":"BATIMENT0000000300132091","idu":"10323000ZH0143","type_lien":"GEO","nb_adr":1,"nb_bat":2}},{"type":"Feature","id":"lien_adresse_bati.2695752","geometry":{"type":"LineString","coordinates":[[3.75977942,48.50735732],[3.75965085,48.50736039]]},"geometry_name":"geom","properties":{"id_adr":"10323_0908_00009","id_bat":"BATIMENT0000000300132093","idu":"10323000ZH0132","type_lien":"GEO","nb_adr":1,"nb_bat":1}},{"type":"Feature","id":"lien_adresse_bati.2847204","geometry":{"type":"LineString","coordinates":[[3.74869047,48.50597841],[3.74957432,48.50607]]},"geometry_name":"geom","properties":{"id_adr":"10323_1005_00013","id_bat":"BATIMENT0000002215487986","idu":"10323000AO0549","type_lien":"BAN","nb_adr":7,"nb_bat":1}},{"type":"Feature","id":"lien_adresse_bati.2860052","geometry":{"type":"LineString","coordinates":[[3.74940974,48.50609982],[3.74957432,48.50607]]},"geometry_name":"geom","properties":{"id_adr":"10323_1005_00013_d","id_bat":"BATIMENT0000002215487986","idu":"10323000AO0549","type_lien":"GEO","nb_adr":7,"nb_bat":1}},{"type":"Feature","id":"lien_adresse_bati.2857938","geometry":{"type":"LineString","coordinates":[[3.7495894,48.5060717],[3.74957432,48.50607]]},"geometry_name":"geom","properties":{"id_adr":"10323_1005_00013_e","id_bat":"BATIMENT0000002215487986","idu":"10323000AO0549","type_lien":"GEO","nb_adr":7,"nb_bat":1}},{"type":"Feature","id":"lien_adresse_bati.2726082","geometry":{"type":"LineString","coordinates":[[3.74975952,48.50603914],[3.74957432,48.50607]]},"geometry_name":"geom","properties":{"id_adr":"10323_1005_00013_f","id_bat":"BATIMENT0000002215487986","idu":"10323000AO0549","type_lien":"GEO","nb_adr":7,"nb_bat":1}},{"type":"Feature","id":"lien_adresse_bati.2747081","geometry":{"type":"LineString","coordinates":[[3.74989992,48.50601126],[3.74957432,48.50607]]},"geometry_name":"geom","properties":{"id_adr":"10323_1005_00013_g","id_bat":"BATIMENT0000002215487986","idu":"10323000AO0549","type_lien":"GEO","nb_adr":7,"nb_bat":1}},{"type":"Feature","id":"lien_adresse_bati.2854823","geometry":{"type":"LineString","coordinates":[[3.75003968,48.50593841],[3.74957432,48.50607]]},"geometry_name":"geom","properties":{"id_adr":"10323_1005_00013_h","id_bat":"BATIMENT0000002215487986","idu":"10323000AO0549","type_lien":"GEO","nb_adr":7,"nb_bat":1}},{"type":"Feature","id":"lien_adresse_bati.2687961","geometry":{"type":"LineString","coordinates":[[3.75006939,48.50602819],[3.74957432,48.50607]]},"geometry_name":"geom","properties":{"id_adr":"10323_1005_00013_i","id_bat":"BATIMENT0000002215487986","idu":"10323000AO0549","type_lien":"GEO","nb_adr":7,"nb_bat":1}},{"type":"Feature","id":"lien_adresse_bati.2866622","geometry":{"type":"LineString","coordinates":[[3.74940391,48.51100012],[3.74945247,48.51113596]]},"geometry_name":"geom","properties":{"id_adr":"10323_1020_00065","id_bat":"BATIMENT0000000300131578","idu":"10323000BZ0094","type_lien":"GEO","nb_adr":1,"nb_bat":1}},{"type":"Feature","id":"lien_adresse_bati.2687114","geometry":{"type":"LineString","coordinates":[[3.74984286,48.51082912],[3.75058311,48.5113707]]},"geometry_name":"geom","properties":{"id_adr":"10323_1020_00067","id_bat":"BATIMENT0000002341954996","idu":"10323000ZH0034","type_lien":"GEO","nb_adr":1,"nb_bat":3}},{"type":"Feature","id":"lien_adresse_bati.2790210","geometry":{"type":"LineString","coordinates":[[3.74984286,48.51082912],[3.75046636,48.51120729]]},"geometry_name":"geom","properties":{"id_adr":"10323_1020_00067","id_bat":"BATIMENT0000002341955014","idu":"10323000ZH0034","type_lien":"GEO","nb_adr":1,"nb_bat":3}},{"type":"Feature","id":"lien_adresse_bati.2901799","geometry":{"type":"LineString","coordinates":[[3.74984286,48.51082912],[3.75013244,48.51147986]]},"geometry_name":"geom","properties":{"id_adr":"10323_1020_00067","id_bat":"BATIMENT0000000300131571","idu":"10323000ZH0034","type_lien":"GEO","nb_adr":1,"nb_bat":3}},{"type":"Feature","id":"lien_adresse_bati.2751016","geometry":{"type":"LineString","coordinates":[[3.74953733,48.51086164],[3.74938137,48.51018016]]},"geometry_name":"geom","properties":{"id_adr":"10323_1020_00068","id_bat":"BATIMENT0000000300131607","idu":"10323000BZ0023","type_lien":"GEO","nb_adr":1,"nb_bat":2}},{"type":"Feature","id":"lien_adresse_bati.2852748","geometry":{"type":"LineString","coordinates":[[3.74953733,48.51086164],[3.74941167,48.51050072]]},"geometry_name":"geom","properties":{"id_adr":"10323_1020_00068","id_bat":"BATIMENT0000000292128638","idu":"10323000BZ0023","type_lien":"GEO","nb_adr":1,"nb_bat":2}},{"type":"Feature","id":"lien_adresse_bati.2818635","geometry":{"type":"LineString","coordinates":[[3.74995363,48.51071597],[3.74991185,48.51049311]]},"geometry_name":"geom","properties":{"id_adr":"10323_1020_00070","id_bat":"BATIMENT0000000300131584","idu":"10323000BZ0034","type_lien":"GEO","nb_adr":1,"nb_bat":1}},{"type":"Feature","id":"lien_adresse_bati.2837386","geometry":{"type":"LineString","coordinates":[[3.75034829,48.5106676],[3.75060967,48.51081397]]},"geometry_name":"geom","properties":{"id_adr":"10323_1020_00073","id_bat":"BATIMENT0000000009355630","idu":"10323000BZ0087","type_lien":"GEO","nb_adr":1,"nb_bat":2}},{"type":"Feature","id":"lien_adresse_bati.2904347","geometry":{"type":"LineString","coordinates":[[3.75034829,48.5106676],[3.75033415,48.51076729]]},"geometry_name":"geom","properties":{"id_adr":"10323_1020_00073","id_bat":"BATIMENT0000000300131621","idu":"10323000BZ0087","type_lien":"GEO","nb_adr":1,"nb_bat":2}},{"type":"Feature","id":"lien_adresse_bati.2750950","geometry":{"type":"LineString","coordinates":[[3.74982844,48.50953555],[3.74987225,48.50956955]]},"geometry_name":"geom","properties":{"id_adr":"10323_1020_00076","id_bat":"BATIMENT0000000292128660","idu":"10323000BZ0030","type_lien":"GEO","nb_adr":1,"nb_bat":1}},{"type":"Feature","id":"lien_adresse_bati.2854370","geometry":{"type":"LineString","coordinates":[[3.75183213,48.51028308],[3.75278972,48.51106217]]},"geometry_name":"geom","properties":{"id_adr":"10323_1020_00089","id_bat":"BATIMENT0000000009355615","idu":"10323000ZH0043","type_lien":"GEO","nb_adr":1,"nb_bat":2}},{"type":"Feature","id":"lien_adresse_bati.2737772","geometry":{"type":"LineString","coordinates":[[3.75183213,48.51028308],[3.75276975,48.51128517]]},"geometry_name":"geom","properties":{"id_adr":"10323_1020_00089","id_bat":"BATIMENT0000000009355589","idu":"10323000ZH0043","type_lien":"GEO","nb_adr":1,"nb_bat":2}},{"type":"Feature","id":"lien_adresse_bati.2749606","geometry":{"type":"LineString","coordinates":[[3.75195744,48.50986216],[3.75192295,48.50970541]]},"geometry_name":"geom","properties":{"id_adr":"10323_1020_00090","id_bat":"BATIMENT0000000292128696","idu":"10323000BZ0044","type_lien":"GEO","nb_adr":1,"nb_bat":2}},{"type":"Feature","id":"lien_adresse_bati.2702396","geometry":{"type":"LineString","coordinates":[[3.75195744,48.50986216],[3.75206307,48.51010011]]},"geometry_name":"geom","properties":{"id_adr":"10323_1020_00090","id_bat":"BATIMENT0000000292128321","idu":"10323000BZ0044","type_lien":"GEO","nb_adr":1,"nb_bat":2}},{"type":"Feature","id":"lien_adresse_bati.2737829","geometry":{"type":"LineString","coordinates":[[3.75269205,48.50982242],[3.75270975,48.50990374]]},"geometry_name":"geom","properties":{"id_adr":"10323_1020_00096","id_bat":"BATIMENT0000000300131614","idu":"10323000BZ0067","type_lien":"GEO","nb_adr":1,"nb_bat":2}},{"type":"Feature","id":"lien_adresse_bati.2867217","geometry":{"type":"LineString","coordinates":[[3.75269205,48.50982242],[3.75276093,48.50971611]]},"geometry_name":"geom","properties":{"id_adr":"10323_1020_00096","id_bat":"BATIMENT0000000300131591","idu":"10323000BZ0067","type_lien":"GEO","nb_adr":1,"nb_bat":2}},{"type":"Feature","id":"lien_adresse_bati.2772355","geometry":{"type":"LineString","coordinates":[[3.75039154,48.53271873],[3.75072097,48.53263228]]},"geometry_name":"geom","properties":{"id_adr":"10323_1154_00001","id_bat":"BATIMENT0000002220709417","idu":"10323000ZC0149","type_lien":"GEO","nb_adr":2,"nb_bat":2}},{"type":"Feature","id":"lien_adresse_bati.2847215","geometry":{"type":"LineString","coordinates":[[3.75039154,48.53271873],[3.75043986,48.5327886]]},"geometry_name":"geom","properties":{"id_adr":"10323_1154_00001","id_bat":"BATIMENT0000000300125959","idu":"10323000ZC0149","type_lien":"GEO","nb_adr":2,"nb_bat":2}},{"type":"Feature","id":"lien_adresse_bati.2811337","geometry":{"type":"LineString","coordinates":[[3.75102492,48.53230271],[3.75117115,48.53215682]]},"geometry_name":"geom","properties":{"id_adr":"10323_1154_00003","id_bat":"BATIMENT0000000300125958","idu":"10323000ZC0145","type_lien":"GEO","nb_adr":1,"nb_bat":2}},{"type":"Feature","id":"lien_adresse_bati.2902174","geometry":{"type":"LineString","coordinates":[[3.75102492,48.53230271],[3.75079569,48.53228021]]},"geometry_name":"geom","properties":{"id_adr":"10323_1154_00003","id_bat":"BATIMENT0000000300125960","idu":"10323000ZC0145","type_lien":"GEO","nb_adr":1,"nb_bat":2}},{"type":"Feature","id":"lien_adresse_bati.2769321","geometry":{"type":"LineString","coordinates":[[3.74945658,48.50653585],[3.74950308,48.50661557]]},"geometry_name":"geom","properties":{"id_adr":"10323_1240_00065","id_bat":"BATIMENT0000000300131762","idu":"10323000AO0137","type_lien":"GEO","nb_adr":1,"nb_bat":3}},{"type":"Feature","id":"lien_adresse_bati.2775520","geometry":{"type":"LineString","coordinates":[[3.74945658,48.50653585],[3.74955516,48.50660573]]},"geometry_name":"geom","properties":{"id_adr":"10323_1240_00065","id_bat":"BATIMENT0000000300131761","idu":"10323000AO0137","type_lien":"GEO","nb_adr":2,"nb_bat":3}},{"type":"Feature","id":"lien_adresse_bati.2696358","geometry":{"type":"LineString","coordinates":[[3.74945658,48.50653585],[3.74955368,48.50688829]]},"geometry_name":"geom","properties":{"id_adr":"10323_1240_00065","id_bat":"BATIMENT0000000300131959","idu":"10323000AO0137","type_lien":"GEO","nb_adr":1,"nb_bat":3}},{"type":"Feature","id":"lien_adresse_bati.2668088","geometry":{"type":"LineString","coordinates":[[3.74960246,48.50651243],[3.74972537,48.50672873]]},"geometry_name":"geom","properties":{"id_adr":"10323_1240_00067","id_bat":"BATIMENT0000000300131970","idu":"10323000AO0552","type_lien":"GEO","nb_adr":1,"nb_bat":2}},{"type":"Feature","id":"lien_adresse_bati.2758159","geometry":{"type":"LineString","coordinates":[[3.74960246,48.50651243],[3.7495981,48.50659985]]},"geometry_name":"geom","properties":{"id_adr":"10323_1240_00067","id_bat":"BATIMENT0000000300131761","idu":"10323000AO0552","type_lien":"GEO","nb_adr":2,"nb_bat":2}},{"type":"Feature","id":"lien_adresse_bati.2710140","geometry":{"type":"LineString","coordinates":[[3.7497389,48.50649088],[3.74980047,48.50658402]]},"geometry_name":"geom","properties":{"id_adr":"10323_1240_00069","id_bat":"BATIMENT0000000300131764","idu":"10323000AO0407","type_lien":"GEO","nb_adr":2,"nb_bat":1}},{"type":"Feature","id":"lien_adresse_bati.2876276","geometry":{"type":"LineString","coordinates":[[3.7497389,48.50649088],[3.74980047,48.50658402]]},"geometry_name":"geom","properties":{"id_adr":"10323_1240_00069_bis","id_bat":"BATIMENT0000000300131764","idu":"10323000AO0407","type_lien":"GEO","nb_adr":2,"nb_bat":1}},{"type":"Feature","id":"lien_adresse_bati.2664125","geometry":{"type":"LineString","coordinates":[[3.74990229,48.50646106],[3.75025655,48.50700765]]},"geometry_name":"geom","properties":{"id_adr":"10323_1240_00071","id_bat":"BATIMENT0000000300131638","idu":"10323000AO0410","type_lien":"GEO","nb_adr":2,"nb_bat":4}},{"type":"Feature","id":"lien_adresse_bati.2865374","geometry":{"type":"LineString","coordinates":[[3.74990229,48.50646106],[3.75002096,48.50664474]]},"geometry_name":"geom","properties":{"id_adr":"10323_1240_00071","id_bat":"BATIMENT0000000300131900","idu":"10323000AO0410","type_lien":"GEO","nb_adr":2,"nb_bat":4}},{"type":"Feature","id":"lien_adresse_bati.2693967","geometry":{"type":"LineString","coordinates":[[3.74990229,48.50646106],[3.75012316,48.5068645]]},"geometry_name":"geom","properties":{"id_adr":"10323_1240_00071","id_bat":"BATIMENT0000000300132040","idu":"10323000AO0410","type_lien":"GEO","nb_adr":2,"nb_bat":4}},{"type":"Feature","id":"lien_adresse_bati.2891499","geometry":{"type":"LineString","coordinates":[[3.74990229,48.50646106],[3.75006594,48.50657082]]},"geometry_name":"geom","properties":{"id_adr":"10323_1240_00071","id_bat":"BATIMENT0000000325110240","idu":"10323000AO0410","type_lien":"GEO","nb_adr":2,"nb_bat":4}},{"type":"Feature","id":"lien_adresse_bati.2712230","geometry":{"type":"LineString","coordinates":[[3.74990365,48.50646195],[3.75002096,48.50664474]]},"geometry_name":"geom","properties":{"id_adr":"10323_1240_00071_bis","id_bat":"BATIMENT0000000300131900","idu":"10323000AO0410","type_lien":"GEO","nb_adr":2,"nb_bat":4}},{"type":"Feature","id":"lien_adresse_bati.2844049","geometry":{"type":"LineString","coordinates":[[3.74990365,48.50646195],[3.75012316,48.5068645]]},"geometry_name":"geom","properties":{"id_adr":"10323_1240_00071_bis","id_bat":"BATIMENT0000000300132040","idu":"10323000AO0410","type_lien":"GEO","nb_adr":2,"nb_bat":4}},{"type":"Feature","id":"lien_adresse_bati.2914761","geometry":{"type":"LineString","coordinates":[[3.74990365,48.50646195],[3.75006594,48.50657082]]},"geometry_name":"geom","properties":{"id_adr":"10323_1240_00071_bis","id_bat":"BATIMENT0000000325110240","idu":"10323000AO0410","type_lien":"GEO","nb_adr":2,"nb_bat":4}},{"type":"Feature","id":"lien_adresse_bati.2781217","geometry":{"type":"LineString","coordinates":[[3.74990365,48.50646195],[3.75025655,48.50700765]]},"geometry_name":"geom","properties":{"id_adr":"10323_1240_00071_bis","id_bat":"BATIMENT0000000300131638","idu":"10323000AO0410","type_lien":"GEO","nb_adr":2,"nb_bat":4}},{"type":"Feature","id":"lien_adresse_bati.2666136","geometry":{"type":"LineString","coordinates":[[3.75030344,48.50639556],[3.7503368,48.50655045]]},"geometry_name":"geom","properties":{"id_adr":"10323_1240_00075","id_bat":"BATIMENT0000000300131783","idu":"10323000AO0142","type_lien":"GEO","nb_adr":1,"nb_bat":1}},{"type":"Feature","id":"lien_adresse_bati.2732730","geometry":{"type":"LineString","coordinates":[[3.75043446,48.50637404],[3.75046979,48.5064304]]},"geometry_name":"geom","properties":{"id_adr":"10323_1240_00077","id_bat":"BATIMENT0000000300131791","idu":"10323000AO0143","type_lien":"GEO","nb_adr":1,"nb_bat":1}},{"type":"Feature","id":"lien_adresse_bati.2897916","geometry":{"type":"LineString","coordinates":[[3.75056684,48.50635341],[3.75064311,48.50643219]]},"geometry_name":"geom","properties":{"id_adr":"10323_1240_00079","id_bat":"BATIMENT0000000300131792","idu":"10323000AO0144","type_lien":"GEO","nb_adr":1,"nb_bat":1}},{"type":"Feature","id":"lien_adresse_bati.2906347","geometry":{"type":"LineString","coordinates":[[3.75068352,48.50618174],[3.75157982,48.50557099]]},"geometry_name":"geom","properties":{"id_adr":"10323_1240_00080","id_bat":"BATIMENT0000000300131823","idu":"10323000AM0012","type_lien":"BAN","nb_adr":4,"nb_bat":4}},{"type":"Feature","id":"lien_adresse_bati.2662274","geometry":{"type":"LineString","coordinates":[[3.75068352,48.50618174],[3.75117781,48.50563929]]},"geometry_name":"geom","properties":{"id_adr":"10323_1240_00080","id_bat":"BATIMENT0000000300131824","idu":"10323000AM0012","type_lien":"BAN","nb_adr":4,"nb_bat":4}},{"type":"Feature","id":"lien_adresse_bati.2879208","geometry":{"type":"LineString","coordinates":[[3.75068352,48.50618174],[3.75119138,48.50551416]]},"geometry_name":"geom","properties":{"id_adr":"10323_1240_00080","id_bat":"BATIMENT0000000300131825","idu":"10323000AM0012","type_lien":"BAN","nb_adr":4,"nb_bat":4}},{"type":"Feature","id":"lien_adresse_bati.2917459","geometry":{"type":"LineString","coordinates":[[3.75068352,48.50618174],[3.75075329,48.50571164]]},"geometry_name":"geom","properties":{"id_adr":"10323_1240_00080","id_bat":"BATIMENT0000000300131778","idu":"10323000AM0012","type_lien":"BAN","nb_adr":4,"nb_bat":4}},{"type":"Feature","id":"lien_adresse_bati.2841992","geometry":{"type":"LineString","coordinates":[[3.75078791,48.50619188],[3.75075329,48.50571164]]},"geometry_name":"geom","properties":{"id_adr":"10323_1240_00080_a","id_bat":"BATIMENT0000000300131778","idu":"10323000AM0012","type_lien":"GEO","nb_adr":4,"nb_bat":4}},{"type":"Feature","id":"lien_adresse_bati.2733092","geometry":{"type":"LineString","coordinates":[[3.75078791,48.50619188],[3.75119138,48.50551416]]},"geometry_name":"geom","properties":{"id_adr":"10323_1240_00080_a","id_bat":"BATIMENT0000000300131825","idu":"10323000AM0012","type_lien":"GEO","nb_adr":4,"nb_bat":4}},{"type":"Feature","id":"lien_adresse_bati.2910925","geometry":{"type":"LineString","coordinates":[[3.75078791,48.50619188],[3.75117781,48.50563929]]},"geometry_name":"geom","properties":{"id_adr":"10323_1240_00080_a","id_bat":"BATIMENT0000000300131824","idu":"10323000AM0012","type_lien":"GEO","nb_adr":4,"nb_bat":4}},{"type":"Feature","id":"lien_adresse_bati.2887171","geometry":{"type":"LineString","coordinates":[[3.75078791,48.50619188],[3.75157982,48.50557099]]},"geometry_name":"geom","properties":{"id_adr":"10323_1240_00080_a","id_bat":"BATIMENT0000000300131823","idu":"10323000AM0012","type_lien":"GEO","nb_adr":4,"nb_bat":4}},{"type":"Feature","id":"lien_adresse_bati.2893645","geometry":{"type":"LineString","coordinates":[[3.75156058,48.50607094],[3.75157982,48.50557099]]},"geometry_name":"geom","properties":{"id_adr":"10323_1240_00080_b","id_bat":"BATIMENT0000000300131823","idu":"10323000AM0012","type_lien":"GEO","nb_adr":4,"nb_bat":4}},{"type":"Feature","id":"lien_adresse_bati.2725267","geometry":{"type":"LineString","coordinates":[[3.75156058,48.50607094],[3.75119138,48.50551416]]},"geometry_name":"geom","properties":{"id_adr":"10323_1240_00080_b","id_bat":"BATIMENT0000000300131825","idu":"10323000AM0012","type_lien":"GEO","nb_adr":4,"nb_bat":4}},{"type":"Feature","id":"lien_adresse_bati.2899944","geometry":{"type":"LineString","coordinates":[[3.75156058,48.50607094],[3.75075329,48.50571164]]},"geometry_name":"geom","properties":{"id_adr":"10323_1240_00080_b","id_bat":"BATIMENT0000000300131778","idu":"10323000AM0012","type_lien":"GEO","nb_adr":4,"nb_bat":4}},{"type":"Feature","id":"lien_adresse_bati.2678689","geometry":{"type":"LineString","coordinates":[[3.75156058,48.50607094],[3.75117781,48.50563929]]},"geometry_name":"geom","properties":{"id_adr":"10323_1240_00080_b","id_bat":"BATIMENT0000000300131824","idu":"10323000AM0012","type_lien":"GEO","nb_adr":4,"nb_bat":4}},{"type":"Feature","id":"lien_adresse_bati.2829835","geometry":{"type":"LineString","coordinates":[[3.7523319,48.50595091],[3.75117781,48.50563929]]},"geometry_name":"geom","properties":{"id_adr":"10323_1240_00080_c","id_bat":"BATIMENT0000000300131824","idu":"10323000AM0012","type_lien":"GEO","nb_adr":4,"nb_bat":4}},{"type":"Feature","id":"lien_adresse_bati.2823199","geometry":{"type":"LineString","coordinates":[[3.7523319,48.50595091],[3.75157982,48.50557099]]},"geometry_name":"geom","properties":{"id_adr":"10323_1240_00080_c","id_bat":"BATIMENT0000000300131823","idu":"10323000AM0012","type_lien":"GEO","nb_adr":4,"nb_bat":4}},{"type":"Feature","id":"lien_adresse_bati.2664518","geometry":{"type":"LineString","coordinates":[[3.7523319,48.50595091],[3.75119138,48.50551416]]},"geometry_name":"geom","properties":{"id_adr":"10323_1240_00080_c","id_bat":"BATIMENT0000000300131825","idu":"10323000AM0012","type_lien":"GEO","nb_adr":4,"nb_bat":4}},{"type":"Feature","id":"lien_adresse_bati.2820077","geometry":{"type":"LineString","coordinates":[[3.7523319,48.50595091],[3.75075329,48.50571164]]},"geometry_name":"geom","properties":{"id_adr":"10323_1240_00080_c","id_bat":"BATIMENT0000000300131778","idu":"10323000AM0012","type_lien":"GEO","nb_adr":4,"nb_bat":4}},{"type":"Feature","id":"lien_adresse_bati.2693729","geometry":{"type":"LineString","coordinates":[[3.75107291,48.50642938],[3.75117203,48.50641658]]},"geometry_name":"geom","properties":{"id_adr":"10323_1240_00083","id_bat":"BATIMENT0000000009359150","idu":"10323000AO0174","type_lien":"GEO","nb_adr":7,"nb_bat":2}},{"type":"Feature","id":"lien_adresse_bati.2911452","geometry":{"type":"LineString","coordinates":[[3.75107291,48.50642938],[3.7510403,48.50635627]]},"geometry_name":"geom","properties":{"id_adr":"10323_1240_00083","id_bat":"BATIMENT0000000300131795","idu":"10323000AO0174","type_lien":"GEO","nb_adr":2,"nb_bat":2}},{"type":"Feature","id":"lien_adresse_bati.2810582","geometry":{"type":"LineString","coordinates":[[3.75122598,48.50624579],[3.75124198,48.50643415]]},"geometry_name":"geom","properties":{"id_adr":"10323_1240_00085","id_bat":"BATIMENT0000000009359150","idu":"10323000AO0421","type_lien":"GEO","nb_adr":7,"nb_bat":1}},{"type":"Feature","id":"lien_adresse_bati.2670297","geometry":{"type":"LineString","coordinates":[[3.75129208,48.50622918],[3.75137926,48.50645588]]},"geometry_name":"geom","properties":{"id_adr":"10323_1240_00085_bis","id_bat":"BATIMENT0000000300131784","idu":"10323000AO0420","type_lien":"GEO","nb_adr":1,"nb_bat":1}},{"type":"Feature","id":"lien_adresse_bati.2881972","geometry":{"type":"LineString","coordinates":[[3.75137437,48.50620886],[3.75161326,48.50655506]]},"geometry_name":"geom","properties":{"id_adr":"10323_1240_00087","id_bat":"BATIMENT0000000300131923","idu":"10323000AM0018","type_lien":"GEO","nb_adr":2,"nb_bat":4}},{"type":"Feature","id":"lien_adresse_bati.2875598","geometry":{"type":"LineString","coordinates":[[3.75137437,48.50620886],[3.75170578,48.50636016]]},"geometry_name":"geom","properties":{"id_adr":"10323_1240_00087","id_bat":"BATIMENT0000000300131780","idu":"10323000AM0018","type_lien":"GEO","nb_adr":2,"nb_bat":4}},{"type":"Feature","id":"lien_adresse_bati.2697374","geometry":{"type":"LineString","coordinates":[[3.75137437,48.50620886],[3.7515852,48.50646682]]},"geometry_name":"geom","properties":{"id_adr":"10323_1240_00087","id_bat":"BATIMENT0000000300131782","idu":"10323000AM0018","type_lien":"GEO","nb_adr":2,"nb_bat":4}},{"type":"Feature","id":"lien_adresse_bati.2778243","geometry":{"type":"LineString","coordinates":[[3.75137437,48.50620886],[3.75172129,48.50627939]]},"geometry_name":"geom","properties":{"id_adr":"10323_1240_00087","id_bat":"BATIMENT0000000300132042","idu":"10323000AM0018","type_lien":"GEO","nb_adr":2,"nb_bat":4}},{"type":"Feature","id":"lien_adresse_bati.2742021","geometry":{"type":"LineString","coordinates":[[3.75160229,48.50614715],[3.75170578,48.50636016]]},"geometry_name":"geom","properties":{"id_adr":"10323_1240_00087_bis","id_bat":"BATIMENT0000000300131780","idu":"10323000AM0018","type_lien":"GEO","nb_adr":2,"nb_bat":4}},{"type":"Feature","id":"lien_adresse_bati.2732935","geometry":{"type":"LineString","coordinates":[[3.75160229,48.50614715],[3.75161326,48.50655506]]},"geometry_name":"geom","properties":{"id_adr":"10323_1240_00087_bis","id_bat":"BATIMENT0000000300131923","idu":"10323000AM0018","type_lien":"GEO","nb_adr":2,"nb_bat":4}},{"type":"Feature","id":"lien_adresse_bati.2904387","geometry":{"type":"LineString","coordinates":[[3.75160229,48.50614715],[3.7515852,48.50646682]]},"geometry_name":"geom","properties":{"id_adr":"10323_1240_00087_bis","id_bat":"BATIMENT0000000300131782","idu":"10323000AM0018","type_lien":"GEO","nb_adr":2,"nb_bat":4}},{"type":"Feature","id":"lien_adresse_bati.2673116","geometry":{"type":"LineString","coordinates":[[3.75160229,48.50614715],[3.75172129,48.50627939]]},"geometry_name":"geom","properties":{"id_adr":"10323_1240_00087_bis","id_bat":"BATIMENT0000000300132042","idu":"10323000AM0018","type_lien":"GEO","nb_adr":2,"nb_bat":4}},{"type":"Feature","id":"lien_adresse_bati.2774842","geometry":{"type":"LineString","coordinates":[[3.75229254,48.50603842],[3.75244961,48.50618587]]},"geometry_name":"geom","properties":{"id_adr":"10323_1240_00089","id_bat":"BATIMENT0000002493213663","idu":"10323000AM0127","type_lien":"GEO","nb_adr":2,"nb_bat":1}},{"type":"Feature","id":"lien_adresse_bati.2913177","geometry":{"type":"LineString","coordinates":[[3.75232633,48.50603461],[3.75244961,48.50618587]]},"geometry_name":"geom","properties":{"id_adr":"10323_1240_00093","id_bat":"BATIMENT0000002493213663","idu":"10323000AM0127","type_lien":"GEO","nb_adr":2,"nb_bat":1}},{"type":"Feature","id":"lien_adresse_bati.2915301","geometry":{"type":"LineString","coordinates":[[3.75475749,48.50572861],[3.75584716,48.50554716]]},"geometry_name":"geom","properties":{"id_adr":"10323_1240_00103","id_bat":"BATIMENT0000002006956163","idu":"10323000AM0110","type_lien":"GEO","nb_adr":10,"nb_bat":6}},{"type":"Feature","id":"lien_adresse_bati.2778545","geometry":{"type":"LineString","coordinates":[[3.75475749,48.50572861],[3.75510253,48.50567154]]},"geometry_name":"geom","properties":{"id_adr":"10323_1240_00103","id_bat":"BATIMENT0000002006956173","idu":"10323000AM0110","type_lien":"GEO","nb_adr":10,"nb_bat":6}},{"type":"Feature","id":"lien_adresse_bati.2875974","geometry":{"type":"LineString","coordinates":[[3.75475749,48.50572861],[3.75590683,48.50582117]]},"geometry_name":"geom","properties":{"id_adr":"10323_1240_00103","id_bat":"BATIMENT0000000300131822","idu":"10323000AM0110","type_lien":"GEO","nb_adr":10,"nb_bat":6}},{"type":"Feature","id":"lien_adresse_bati.2701109","geometry":{"type":"LineString","coordinates":[[3.75475749,48.50572861],[3.75525592,48.50593236]]},"geometry_name":"geom","properties":{"id_adr":"10323_1240_00103","id_bat":"BATIMENT0000000300131808","idu":"10323000AM0110","type_lien":"GEO","nb_adr":10,"nb_bat":6}},{"type":"Feature","id":"lien_adresse_bati.2680329","geometry":{"type":"LineString","coordinates":[[3.75475749,48.50572861],[3.75470784,48.50585386]]},"geometry_name":"geom","properties":{"id_adr":"10323_1240_00103","id_bat":"BATIMENT0000000300131807","idu":"10323000AM0110","type_lien":"GEO","nb_adr":10,"nb_bat":6}},{"type":"Feature","id":"lien_adresse_bati.2837397","geometry":{"type":"LineString","coordinates":[[3.75475749,48.50572861],[3.75631908,48.50558374]]},"geometry_name":"geom","properties":{"id_adr":"10323_1240_00103","id_bat":"BATIMENT0000000300131921","idu":"10323000AM0110","type_lien":"GEO","nb_adr":10,"nb_bat":6}},{"type":"Feature","id":"lien_adresse_bati.2734735","geometry":{"type":"LineString","coordinates":[[3.75479129,48.50581926],[3.75584716,48.50554716]]},"geometry_name":"geom","properties":{"id_adr":"10323_1240_00105","id_bat":"BATIMENT0000002006956163","idu":"10323000AM0110","type_lien":"GEO","nb_adr":10,"nb_bat":6}},{"type":"Feature","id":"lien_adresse_bati.2903526","geometry":{"type":"LineString","coordinates":[[3.75479129,48.50581926],[3.75631908,48.50558374]]},"geometry_name":"geom","properties":{"id_adr":"10323_1240_00105","id_bat":"BATIMENT0000000300131921","idu":"10323000AM0110","type_lien":"GEO","nb_adr":10,"nb_bat":6}},{"type":"Feature","id":"lien_adresse_bati.2843383","geometry":{"type":"LineString","coordinates":[[3.75479129,48.50581926],[3.75590683,48.50582117]]},"geometry_name":"geom","properties":{"id_adr":"10323_1240_00105","id_bat":"BATIMENT0000000300131822","idu":"10323000AM0110","type_lien":"GEO","nb_adr":10,"nb_bat":6}},{"type":"Feature","id":"lien_adresse_bati.2858923","geometry":{"type":"LineString","coordinates":[[3.75479129,48.50581926],[3.75470784,48.50585386]]},"geometry_name":"geom","properties":{"id_adr":"10323_1240_00105","id_bat":"BATIMENT0000000300131807","idu":"10323000AM0110","type_lien":"GEO","nb_adr":10,"nb_bat":6}},{"type":"Feature","id":"lien_adresse_bati.2742030","geometry":{"type":"LineString","coordinates":[[3.75479129,48.50581926],[3.75525592,48.50593236]]},"geometry_name":"geom","properties":{"id_adr":"10323_1240_00105","id_bat":"BATIMENT0000000300131808","idu":"10323000AM0110","type_lien":"GEO","nb_adr":10,"nb_bat":6}},{"type":"Feature","id":"lien_adresse_bati.2916438","geometry":{"type":"LineString","coordinates":[[3.75479129,48.50581926],[3.75510253,48.50567154]]},"geometry_name":"geom","properties":{"id_adr":"10323_1240_00105","id_bat":"BATIMENT0000002006956173","idu":"10323000AM0110","type_lien":"GEO","nb_adr":10,"nb_bat":6}},{"type":"Feature","id":"lien_adresse_bati.2728367","geometry":{"type":"LineString","coordinates":[[3.75480819,48.50586504],[3.75510253,48.50567154]]},"geometry_name":"geom","properties":{"id_adr":"10323_1240_00107","id_bat":"BATIMENT0000002006956173","idu":"10323000AM0110","type_lien":"GEO","nb_adr":10,"nb_bat":6}},{"type":"Feature","id":"lien_adresse_bati.2795124","geometry":{"type":"LineString","coordinates":[[3.75480819,48.50586504],[3.75631908,48.50558374]]},"geometry_name":"geom","properties":{"id_adr":"10323_1240_00107","id_bat":"BATIMENT0000000300131921","idu":"10323000AM0110","type_lien":"GEO","nb_adr":10,"nb_bat":6}},{"type":"Feature","id":"lien_adresse_bati.2692879","geometry":{"type":"LineString","coordinates":[[3.75480819,48.50586504],[3.75470784,48.50585386]]},"geometry_name":"geom","properties":{"id_adr":"10323_1240_00107","id_bat":"BATIMENT0000000300131807","idu":"10323000AM0110","type_lien":"GEO","nb_adr":10,"nb_bat":6}},{"type":"Feature","id":"lien_adresse_bati.2693221","geometry":{"type":"LineString","coordinates":[[3.75480819,48.50586504],[3.75525592,48.50593236]]},"geometry_name":"geom","properties":{"id_adr":"10323_1240_00107","id_bat":"BATIMENT0000000300131808","idu":"10323000AM0110","type_lien":"GEO","nb_adr":10,"nb_bat":6}},{"type":"Feature","id":"lien_adresse_bati.2881683","geometry":{"type":"LineString","coordinates":[[3.75480819,48.50586504],[3.75584716,48.50554716]]},"geometry_name":"geom","properties":{"id_adr":"10323_1240_00107","id_bat":"BATIMENT0000002006956163","idu":"10323000AM0110","type_lien":"GEO","nb_adr":10,"nb_bat":6}},{"type":"Feature","id":"lien_adresse_bati.2898228","geometry":{"type":"LineString","coordinates":[[3.75480819,48.50586504],[3.75590683,48.50582117]]},"geometry_name":"geom","properties":{"id_adr":"10323_1240_00107","id_bat":"BATIMENT0000000300131822","idu":"10323000AM0110","type_lien":"GEO","nb_adr":10,"nb_bat":6}},{"type":"Feature","id":"lien_adresse_bati.2866260","geometry":{"type":"LineString","coordinates":[[3.75483654,48.50595392],[3.75631908,48.50558374]]},"geometry_name":"geom","properties":{"id_adr":"10323_1240_00109","id_bat":"BATIMENT0000000300131921","idu":"10323000AM0110","type_lien":"GEO","nb_adr":10,"nb_bat":6}},{"type":"Feature","id":"lien_adresse_bati.2890922","geometry":{"type":"LineString","coordinates":[[3.75483654,48.50595392],[3.75470784,48.50585386]]},"geometry_name":"geom","properties":{"id_adr":"10323_1240_00109","id_bat":"BATIMENT0000000300131807","idu":"10323000AM0110","type_lien":"GEO","nb_adr":10,"nb_bat":6}},{"type":"Feature","id":"lien_adresse_bati.2849405","geometry":{"type":"LineString","coordinates":[[3.75483654,48.50595392],[3.75584716,48.50554716]]},"geometry_name":"geom","properties":{"id_adr":"10323_1240_00109","id_bat":"BATIMENT0000002006956163","idu":"10323000AM0110","type_lien":"GEO","nb_adr":10,"nb_bat":6}},{"type":"Feature","id":"lien_adresse_bati.2703110","geometry":{"type":"LineString","coordinates":[[3.75483654,48.50595392],[3.75510253,48.50567154]]},"geometry_name":"geom","properties":{"id_adr":"10323_1240_00109","id_bat":"BATIMENT0000002006956173","idu":"10323000AM0110","type_lien":"GEO","nb_adr":10,"nb_bat":6}},{"type":"Feature","id":"lien_adresse_bati.2699959","geometry":{"type":"LineString","coordinates":[[3.75483654,48.50595392],[3.75525592,48.50593236]]},"geometry_name":"geom","properties":{"id_adr":"10323_1240_00109","id_bat":"BATIMENT0000000300131808","idu":"10323000AM0110","type_lien":"GEO","nb_adr":10,"nb_bat":6}},{"type":"Feature","id":"lien_adresse_bati.2915314","geometry":{"type":"LineString","coordinates":[[3.75483654,48.50595392],[3.75590683,48.50582117]]},"geometry_name":"geom","properties":{"id_adr":"10323_1240_00109","id_bat":"BATIMENT0000000300131822","idu":"10323000AM0110","type_lien":"GEO","nb_adr":10,"nb_bat":6}},{"type":"Feature","id":"lien_adresse_bati.2832644","geometry":{"type":"LineString","coordinates":[[3.75522534,48.50587678],[3.75470784,48.50585386]]},"geometry_name":"geom","properties":{"id_adr":"10323_1240_00111","id_bat":"BATIMENT0000000300131807","idu":"10323000AM0110","type_lien":"GEO","nb_adr":10,"nb_bat":6}},{"type":"Feature","id":"lien_adresse_bati.2707413","geometry":{"type":"LineString","coordinates":[[3.75522534,48.50587678],[3.75525592,48.50593236]]},"geometry_name":"geom","properties":{"id_adr":"10323_1240_00111","id_bat":"BATIMENT0000000300131808","idu":"10323000AM0110","type_lien":"GEO","nb_adr":10,"nb_bat":6}},{"type":"Feature","id":"lien_adresse_bati.2696623","geometry":{"type":"LineString","coordinates":[[3.75522534,48.50587678],[3.75590683,48.50582117]]},"geometry_name":"geom","properties":{"id_adr":"10323_1240_00111","id_bat":"BATIMENT0000000300131822","idu":"10323000AM0110","type_lien":"GEO","nb_adr":10,"nb_bat":6}},{"type":"Feature","id":"lien_adresse_bati.2888903","geometry":{"type":"LineString","coordinates":[[3.75522534,48.50587678],[3.75631908,48.50558374]]},"geometry_name":"geom","properties":{"id_adr":"10323_1240_00111","id_bat":"BATIMENT0000000300131921","idu":"10323000AM0110","type_lien":"GEO","nb_adr":10,"nb_bat":6}},{"type":"Feature","id":"lien_adresse_bati.2750813","geometry":{"type":"LineString","coordinates":[[3.75522534,48.50587678],[3.75510253,48.50567154]]},"geometry_name":"geom","properties":{"id_adr":"10323_1240_00111","id_bat":"BATIMENT0000002006956173","idu":"10323000AM0110","type_lien":"GEO","nb_adr":10,"nb_bat":6}},{"type":"Feature","id":"lien_adresse_bati.2859115","geometry":{"type":"LineString","coordinates":[[3.75522534,48.50587678],[3.75584716,48.50554716]]},"geometry_name":"geom","properties":{"id_adr":"10323_1240_00111","id_bat":"BATIMENT0000002006956163","idu":"10323000AM0110","type_lien":"GEO","nb_adr":10,"nb_bat":6}},{"type":"Feature","id":"lien_adresse_bati.2871096","geometry":{"type":"LineString","coordinates":[[3.75588307,48.50576644],[3.75590683,48.50582117]]},"geometry_name":"geom","properties":{"id_adr":"10323_1240_00113","id_bat":"BATIMENT0000000300131822","idu":"10323000AM0110","type_lien":"GEO","nb_adr":10,"nb_bat":6}},{"type":"Feature","id":"lien_adresse_bati.2787378","geometry":{"type":"LineString","coordinates":[[3.75588307,48.50576644],[3.75525592,48.50593236]]},"geometry_name":"geom","properties":{"id_adr":"10323_1240_00113","id_bat":"BATIMENT0000000300131808","idu":"10323000AM0110","type_lien":"GEO","nb_adr":10,"nb_bat":6}},{"type":"Feature","id":"lien_adresse_bati.2711604","geometry":{"type":"LineString","coordinates":[[3.75588307,48.50576644],[3.75631908,48.50558374]]},"geometry_name":"geom","properties":{"id_adr":"10323_1240_00113","id_bat":"BATIMENT0000000300131921","idu":"10323000AM0110","type_lien":"GEO","nb_adr":10,"nb_bat":6}},{"type":"Feature","id":"lien_adresse_bati.2749692","geometry":{"type":"LineString","coordinates":[[3.75588307,48.50576644],[3.75510253,48.50567154]]},"geometry_name":"geom","properties":{"id_adr":"10323_1240_00113","id_bat":"BATIMENT0000002006956173","idu":"10323000AM0110","type_lien":"GEO","nb_adr":10,"nb_bat":6}},{"type":"Feature","id":"lien_adresse_bati.2683727","geometry":{"type":"LineString","coordinates":[[3.75588307,48.50576644],[3.75584716,48.50554716]]},"geometry_name":"geom","properties":{"id_adr":"10323_1240_00113","id_bat":"BATIMENT0000002006956163","idu":"10323000AM0110","type_lien":"GEO","nb_adr":10,"nb_bat":6}},{"type":"Feature","id":"lien_adresse_bati.2878054","geometry":{"type":"LineString","coordinates":[[3.75588307,48.50576644],[3.75470784,48.50585386]]},"geometry_name":"geom","properties":{"id_adr":"10323_1240_00113","id_bat":"BATIMENT0000000300131807","idu":"10323000AM0110","type_lien":"GEO","nb_adr":10,"nb_bat":6}},{"type":"Feature","id":"lien_adresse_bati.2878047","geometry":{"type":"LineString","coordinates":[[3.75628718,48.50571889],[3.75584716,48.50554716]]},"geometry_name":"geom","properties":{"id_adr":"10323_1240_00115","id_bat":"BATIMENT0000002006956163","idu":"10323000AM0110","type_lien":"GEO","nb_adr":10,"nb_bat":6}},{"type":"Feature","id":"lien_adresse_bati.2885057","geometry":{"type":"LineString","coordinates":[[3.75628718,48.50571889],[3.75525592,48.50593236]]},"geometry_name":"geom","properties":{"id_adr":"10323_1240_00115","id_bat":"BATIMENT0000000300131808","idu":"10323000AM0110","type_lien":"GEO","nb_adr":10,"nb_bat":6}},{"type":"Feature","id":"lien_adresse_bati.2879066","geometry":{"type":"LineString","coordinates":[[3.75628718,48.50571889],[3.75510253,48.50567154]]},"geometry_name":"geom","properties":{"id_adr":"10323_1240_00115","id_bat":"BATIMENT0000002006956173","idu":"10323000AM0110","type_lien":"GEO","nb_adr":10,"nb_bat":6}},{"type":"Feature","id":"lien_adresse_bati.2791195","geometry":{"type":"LineString","coordinates":[[3.75628718,48.50571889],[3.75590683,48.50582117]]},"geometry_name":"geom","properties":{"id_adr":"10323_1240_00115","id_bat":"BATIMENT0000000300131822","idu":"10323000AM0110","type_lien":"GEO","nb_adr":10,"nb_bat":6}},{"type":"Feature","id":"lien_adresse_bati.2788834","geometry":{"type":"LineString","coordinates":[[3.75628718,48.50571889],[3.75470784,48.50585386]]},"geometry_name":"geom","properties":{"id_adr":"10323_1240_00115","id_bat":"BATIMENT0000000300131807","idu":"10323000AM0110","type_lien":"GEO","nb_adr":10,"nb_bat":6}},{"type":"Feature","id":"lien_adresse_bati.2753690","geometry":{"type":"LineString","coordinates":[[3.75628718,48.50571889],[3.75631908,48.50558374]]},"geometry_name":"geom","properties":{"id_adr":"10323_1240_00115","id_bat":"BATIMENT0000000300131921","idu":"10323000AM0110","type_lien":"GEO","nb_adr":10,"nb_bat":6}},{"type":"Feature","id":"lien_adresse_bati.2902570","geometry":{"type":"LineString","coordinates":[[3.75624797,48.50562827],[3.75525592,48.50593236]]},"geometry_name":"geom","properties":{"id_adr":"10323_1240_00117","id_bat":"BATIMENT0000000300131808","idu":"10323000AM0110","type_lien":"GEO","nb_adr":10,"nb_bat":6}},{"type":"Feature","id":"lien_adresse_bati.2862735","geometry":{"type":"LineString","coordinates":[[3.75624797,48.50562827],[3.75510253,48.50567154]]},"geometry_name":"geom","properties":{"id_adr":"10323_1240_00117","id_bat":"BATIMENT0000002006956173","idu":"10323000AM0110","type_lien":"GEO","nb_adr":10,"nb_bat":6}},{"type":"Feature","id":"lien_adresse_bati.2802685","geometry":{"type":"LineString","coordinates":[[3.75624797,48.50562827],[3.75470784,48.50585386]]},"geometry_name":"geom","properties":{"id_adr":"10323_1240_00117","id_bat":"BATIMENT0000000300131807","idu":"10323000AM0110","type_lien":"GEO","nb_adr":10,"nb_bat":6}},{"type":"Feature","id":"lien_adresse_bati.2697162","geometry":{"type":"LineString","coordinates":[[3.75624797,48.50562827],[3.75590683,48.50582117]]},"geometry_name":"geom","properties":{"id_adr":"10323_1240_00117","id_bat":"BATIMENT0000000300131822","idu":"10323000AM0110","type_lien":"GEO","nb_adr":10,"nb_bat":6}},{"type":"Feature","id":"lien_adresse_bati.2708428","geometry":{"type":"LineString","coordinates":[[3.75624797,48.50562827],[3.75584716,48.50554716]]},"geometry_name":"geom","properties":{"id_adr":"10323_1240_00117","id_bat":"BATIMENT0000002006956163","idu":"10323000AM0110","type_lien":"GEO","nb_adr":10,"nb_bat":6}},{"type":"Feature","id":"lien_adresse_bati.2735263","geometry":{"type":"LineString","coordinates":[[3.75624797,48.50562827],[3.75631908,48.50558374]]},"geometry_name":"geom","properties":{"id_adr":"10323_1240_00117","id_bat":"BATIMENT0000000300131921","idu":"10323000AM0110","type_lien":"GEO","nb_adr":10,"nb_bat":6}},{"type":"Feature","id":"lien_adresse_bati.2746123","geometry":{"type":"LineString","coordinates":[[3.75622969,48.50558161],[3.75470784,48.50585386]]},"geometry_name":"geom","properties":{"id_adr":"10323_1240_00119","id_bat":"BATIMENT0000000300131807","idu":"10323000AM0110","type_lien":"GEO","nb_adr":10,"nb_bat":6}},{"type":"Feature","id":"lien_adresse_bati.2723570","geometry":{"type":"LineString","coordinates":[[3.75622969,48.50558161],[3.75525592,48.50593236]]},"geometry_name":"geom","properties":{"id_adr":"10323_1240_00119","id_bat":"BATIMENT0000000300131808","idu":"10323000AM0110","type_lien":"GEO","nb_adr":10,"nb_bat":6}},{"type":"Feature","id":"lien_adresse_bati.2812478","geometry":{"type":"LineString","coordinates":[[3.75622969,48.50558161],[3.75510253,48.50567154]]},"geometry_name":"geom","properties":{"id_adr":"10323_1240_00119","id_bat":"BATIMENT0000002006956173","idu":"10323000AM0110","type_lien":"GEO","nb_adr":10,"nb_bat":6}},{"type":"Feature","id":"lien_adresse_bati.2680782","geometry":{"type":"LineString","coordinates":[[3.75622969,48.50558161],[3.75584716,48.50554716]]},"geometry_name":"geom","properties":{"id_adr":"10323_1240_00119","id_bat":"BATIMENT0000002006956163","idu":"10323000AM0110","type_lien":"GEO","nb_adr":10,"nb_bat":6}},{"type":"Feature","id":"lien_adresse_bati.2719137","geometry":{"type":"LineString","coordinates":[[3.75622969,48.50558161],[3.75590683,48.50582117]]},"geometry_name":"geom","properties":{"id_adr":"10323_1240_00119","id_bat":"BATIMENT0000000300131822","idu":"10323000AM0110","type_lien":"GEO","nb_adr":10,"nb_bat":6}},{"type":"Feature","id":"lien_adresse_bati.2717938","geometry":{"type":"LineString","coordinates":[[3.75622969,48.50558161],[3.75631908,48.50558374]]},"geometry_name":"geom","properties":{"id_adr":"10323_1240_00119","id_bat":"BATIMENT0000000300131921","idu":"10323000AM0110","type_lien":"GEO","nb_adr":10,"nb_bat":6}},{"type":"Feature","id":"lien_adresse_bati.2873078","geometry":{"type":"LineString","coordinates":[[3.75619455,48.50549187],[3.75584716,48.50554716]]},"geometry_name":"geom","properties":{"id_adr":"10323_1240_00121","id_bat":"BATIMENT0000002006956163","idu":"10323000AM0110","type_lien":"GEO","nb_adr":10,"nb_bat":6}},{"type":"Feature","id":"lien_adresse_bati.2836398","geometry":{"type":"LineString","coordinates":[[3.75619455,48.50549187],[3.75510253,48.50567154]]},"geometry_name":"geom","properties":{"id_adr":"10323_1240_00121","id_bat":"BATIMENT0000002006956173","idu":"10323000AM0110","type_lien":"GEO","nb_adr":10,"nb_bat":6}},{"type":"Feature","id":"lien_adresse_bati.2792210","geometry":{"type":"LineString","coordinates":[[3.75619455,48.50549187],[3.75631908,48.50558374]]},"geometry_name":"geom","properties":{"id_adr":"10323_1240_00121","id_bat":"BATIMENT0000000300131921","idu":"10323000AM0110","type_lien":"GEO","nb_adr":10,"nb_bat":6}},{"type":"Feature","id":"lien_adresse_bati.2859232","geometry":{"type":"LineString","coordinates":[[3.75619455,48.50549187],[3.75470784,48.50585386]]},"geometry_name":"geom","properties":{"id_adr":"10323_1240_00121","id_bat":"BATIMENT0000000300131807","idu":"10323000AM0110","type_lien":"GEO","nb_adr":10,"nb_bat":6}},{"type":"Feature","id":"lien_adresse_bati.2685183","geometry":{"type":"LineString","coordinates":[[3.75619455,48.50549187],[3.75590683,48.50582117]]},"geometry_name":"geom","properties":{"id_adr":"10323_1240_00121","id_bat":"BATIMENT0000000300131822","idu":"10323000AM0110","type_lien":"GEO","nb_adr":10,"nb_bat":6}},{"type":"Feature","id":"lien_adresse_bati.2662600","geometry":{"type":"LineString","coordinates":[[3.75619455,48.50549187],[3.75525592,48.50593236]]},"geometry_name":"geom","properties":{"id_adr":"10323_1240_00121","id_bat":"BATIMENT0000000300131808","idu":"10323000AM0110","type_lien":"GEO","nb_adr":10,"nb_bat":6}},{"type":"Feature","id":"lien_adresse_bati.2843230","geometry":{"type":"LineString","coordinates":[[3.75275047,48.50257015],[3.7525951,48.50246588]]},"geometry_name":"geom","properties":{"id_adr":"10323_1296_00002_a","id_bat":"BATIMENT0000002006956154","idu":"10323000AM0118","type_lien":"GEO","nb_adr":6,"nb_bat":1}},{"type":"Feature","id":"lien_adresse_bati.2825121","geometry":{"type":"LineString","coordinates":[[3.75252049,48.5025806],[3.7525951,48.50246588]]},"geometry_name":"geom","properties":{"id_adr":"10323_1296_00002_b","id_bat":"BATIMENT0000002006956154","idu":"10323000AM0118","type_lien":"GEO","nb_adr":6,"nb_bat":1}},{"type":"Feature","id":"lien_adresse_bati.2668227","geometry":{"type":"LineString","coordinates":[[3.75229018,48.50256857],[3.7525951,48.50246588]]},"geometry_name":"geom","properties":{"id_adr":"10323_1296_00002_c","id_bat":"BATIMENT0000002006956154","idu":"10323000AM0118","type_lien":"GEO","nb_adr":6,"nb_bat":1}},{"type":"Feature","id":"lien_adresse_bati.2876263","geometry":{"type":"LineString","coordinates":[[3.75224009,48.50237996],[3.7525951,48.50246588]]},"geometry_name":"geom","properties":{"id_adr":"10323_1296_00002_d","id_bat":"BATIMENT0000002006956154","idu":"10323000AM0118","type_lien":"GEO","nb_adr":6,"nb_bat":1}},{"type":"Feature","id":"lien_adresse_bati.2812212","geometry":{"type":"LineString","coordinates":[[3.75249999,48.50237832],[3.7525951,48.50246588]]},"geometry_name":"geom","properties":{"id_adr":"10323_1296_00002_e","id_bat":"BATIMENT0000002006956154","idu":"10323000AM0118","type_lien":"GEO","nb_adr":6,"nb_bat":1}},{"type":"Feature","id":"lien_adresse_bati.2864143","geometry":{"type":"LineString","coordinates":[[3.75275982,48.50237217],[3.7525951,48.50246588]]},"geometry_name":"geom","properties":{"id_adr":"10323_1296_00002_f","id_bat":"BATIMENT0000002006956154","idu":"10323000AM0118","type_lien":"GEO","nb_adr":6,"nb_bat":1}},{"type":"Feature","id":"lien_adresse_bati.2761165","geometry":{"type":"LineString","coordinates":[[3.7533718,48.50294406],[3.75335724,48.50329704]]},"geometry_name":"geom","properties":{"id_adr":"10323_1296_00005","id_bat":"BATIMENT0000002220709443","idu":"10323000AM0106","type_lien":"GEO","nb_adr":1,"nb_bat":2}},{"type":"Feature","id":"lien_adresse_bati.2775602","geometry":{"type":"LineString","coordinates":[[3.7533718,48.50294406],[3.75384025,48.50360685]]},"geometry_name":"geom","properties":{"id_adr":"10323_1296_00005","id_bat":"BATIMENT0000002220709425","idu":"10323000AM0106","type_lien":"GEO","nb_adr":1,"nb_bat":2}},{"type":"Feature","id":"lien_adresse_bati.2764574","geometry":{"type":"LineString","coordinates":[[3.75601233,48.50242889],[3.75784696,48.50119171]]},"geometry_name":"geom","properties":{"id_adr":"10323_1296_00008","id_bat":"BATIMENT0000000325110254","idu":"10323000AM0102","type_lien":"GEO","nb_adr":2,"nb_bat":6}},{"type":"Feature","id":"lien_adresse_bati.2871843","geometry":{"type":"LineString","coordinates":[[3.75601233,48.50242889],[3.75378293,48.50113724]]},"geometry_name":"geom","properties":{"id_adr":"10323_1296_00008","id_bat":"BATIMENT0000002220709355","idu":"10323000AM0102","type_lien":"GEO","nb_adr":1,"nb_bat":6}},{"type":"Feature","id":"lien_adresse_bati.2771358","geometry":{"type":"LineString","coordinates":[[3.75601233,48.50242889],[3.7575044,48.5010389]]},"geometry_name":"geom","properties":{"id_adr":"10323_1296_00008","id_bat":"BATIMENT0000002206127463","idu":"10323000AM0102","type_lien":"GEO","nb_adr":1,"nb_bat":6}},{"type":"Feature","id":"lien_adresse_bati.2681001","geometry":{"type":"LineString","coordinates":[[3.75601233,48.50242889],[3.75538337,48.50151887]]},"geometry_name":"geom","properties":{"id_adr":"10323_1296_00008","id_bat":"BATIMENT0000002206127459","idu":"10323000AM0102","type_lien":"GEO","nb_adr":1,"nb_bat":6}},{"type":"Feature","id":"lien_adresse_bati.2715393","geometry":{"type":"LineString","coordinates":[[3.75601233,48.50242889],[3.75726742,48.50107993]]},"geometry_name":"geom","properties":{"id_adr":"10323_1296_00008","id_bat":"BATIMENT0000002206127462","idu":"10323000AM0102","type_lien":"GEO","nb_adr":1,"nb_bat":6}},{"type":"Feature","id":"lien_adresse_bati.2891769","geometry":{"type":"LineString","coordinates":[[3.75601233,48.50242889],[3.75707118,48.50108379]]},"geometry_name":"geom","properties":{"id_adr":"10323_1296_00008","id_bat":"BATIMENT0000002220709365","idu":"10323000AM0102","type_lien":"GEO","nb_adr":1,"nb_bat":6}},{"type":"Feature","id":"lien_adresse_bati.2760707","geometry":{"type":"LineString","coordinates":[[3.75246233,48.50985357],[3.75257454,48.50992553]]},"geometry_name":"geom","properties":{"id_adr":"10323_1440_00001","id_bat":"BATIMENT0000000300131615","idu":"10323000BZ0066","type_lien":"GEO","nb_adr":1,"nb_bat":2}},{"type":"Feature","id":"lien_adresse_bati.2714446","geometry":{"type":"LineString","coordinates":[[3.75246233,48.50985357],[3.75250591,48.50977334]]},"geometry_name":"geom","properties":{"id_adr":"10323_1440_00001","id_bat":"BATIMENT0000000009355612","idu":"10323000BZ0066","type_lien":"GEO","nb_adr":2,"nb_bat":2}},{"type":"Feature","id":"lien_adresse_bati.2695838","geometry":{"type":"LineString","coordinates":[[3.75242965,48.50993474],[3.75230892,48.50996636]]},"geometry_name":"geom","properties":{"id_adr":"10323_1440_00002","id_bat":"BATIMENT0000000300131610","idu":"10323000BZ0046","type_lien":"GEO","nb_adr":1,"nb_bat":2}},{"type":"Feature","id":"lien_adresse_bati.2886325","geometry":{"type":"LineString","coordinates":[[3.75242965,48.50993474],[3.75217002,48.50986331]]},"geometry_name":"geom","properties":{"id_adr":"10323_1440_00002","id_bat":"BATIMENT0000000300132013","idu":"10323000BZ0046","type_lien":"GEO","nb_adr":1,"nb_bat":2}},{"type":"Feature","id":"lien_adresse_bati.2756542","geometry":{"type":"LineString","coordinates":[[3.75240413,48.50966591],[3.75241825,48.50972093]]},"geometry_name":"geom","properties":{"id_adr":"10323_1440_00003","id_bat":"BATIMENT0000000009355612","idu":"10323000BZ0168","type_lien":"GEO","nb_adr":2,"nb_bat":1}},{"type":"Feature","id":"lien_adresse_bati.2907675","geometry":{"type":"LineString","coordinates":[[3.75236571,48.50972463],[3.752293,48.50975322]]},"geometry_name":"geom","properties":{"id_adr":"10323_1440_00004","id_bat":"BATIMENT0000000300131875","idu":"10323000BZ0047","type_lien":"GEO","nb_adr":1,"nb_bat":1}},{"type":"Feature","id":"lien_adresse_bati.2678149","geometry":{"type":"LineString","coordinates":[[3.7522574,48.50906409],[3.75240245,48.50909151]]},"geometry_name":"geom","properties":{"id_adr":"10323_1440_00005","id_bat":"BATIMENT0000000009355604","idu":"10323000BZ0161","type_lien":"GEO","nb_adr":1,"nb_bat":1}},{"type":"Feature","id":"lien_adresse_bati.2830754","geometry":{"type":"LineString","coordinates":[[3.75233017,48.50960701],[3.75223055,48.50964677]]},"geometry_name":"geom","properties":{"id_adr":"10323_1440_00006","id_bat":"BATIMENT0000000300131876","idu":"10323000BZ0048","type_lien":"GEO","nb_adr":1,"nb_bat":1}},{"type":"Feature","id":"lien_adresse_bati.2698246","geometry":{"type":"LineString","coordinates":[[3.75215261,48.50874359],[3.75223048,48.50869743]]},"geometry_name":"geom","properties":{"id_adr":"10323_1440_00009","id_bat":"BATIMENT0000000292128686","idu":"10323000BZ0151","type_lien":"GEO","nb_adr":2,"nb_bat":1}},{"type":"Feature","id":"lien_adresse_bati.2917108","geometry":{"type":"LineString","coordinates":[[3.75212674,48.50873296],[3.75223048,48.50869743]]},"geometry_name":"geom","properties":{"id_adr":"10323_1440_00009_bis","id_bat":"BATIMENT0000000292128686","idu":"10323000BZ0151","type_lien":"GEO","nb_adr":2,"nb_bat":1}},{"type":"Feature","id":"lien_adresse_bati.2688174","geometry":{"type":"LineString","coordinates":[[3.75217037,48.50922658],[3.75207284,48.50922343]]},"geometry_name":"geom","properties":{"id_adr":"10323_1440_00010","id_bat":"BATIMENT0000000300131588","idu":"10323000BZ0159","type_lien":"GEO","nb_adr":1,"nb_bat":1}},{"type":"Feature","id":"lien_adresse_bati.2909271","geometry":{"type":"LineString","coordinates":[[3.75211772,48.50895432],[3.75191741,48.50903296]]},"geometry_name":"geom","properties":{"id_adr":"10323_1440_00014","id_bat":"BATIMENT0000000300131589","idu":"10323000BZ0055","type_lien":"GEO","nb_adr":1,"nb_bat":1}},{"type":"Feature","id":"lien_adresse_bati.2898759","geometry":{"type":"LineString","coordinates":[[3.76209992,48.50493056],[3.76173247,48.50485072]]},"geometry_name":"geom","properties":{"id_adr":"10323_begypd_00016","id_bat":"BATIMENT0000002330331400","idu":"10323000AM0065","type_lien":"GEO","nb_adr":1,"nb_bat":2}},{"type":"Feature","id":"lien_adresse_bati.2873605","geometry":{"type":"LineString","coordinates":[[3.76209992,48.50493056],[3.76211481,48.50488373]]},"geometry_name":"geom","properties":{"id_adr":"10323_begypd_00016","id_bat":"BATIMENT0000002006956398","idu":"10323000AM0065","type_lien":"GEO","nb_adr":1,"nb_bat":2}},{"type":"Feature","id":"lien_adresse_bati.2815032","geometry":{"type":"LineString","coordinates":[[3.74939373,48.53246774],[3.74962731,48.53212621]]},"geometry_name":"geom","properties":{"id_adr":"10323_ki1zic_01930","id_bat":"BATIMENT0000000300125961","idu":"10323000ZC0095","type_lien":"BAN","nb_adr":1,"nb_bat":8}},{"type":"Feature","id":"lien_adresse_bati.2774611","geometry":{"type":"LineString","coordinates":[[3.74939373,48.53246774],[3.74980035,48.53210675]]},"geometry_name":"geom","properties":{"id_adr":"10323_ki1zic_01930","id_bat":"BATIMENT0000000300125963","idu":"10323000ZC0095","type_lien":"BAN","nb_adr":1,"nb_bat":8}},{"type":"Feature","id":"lien_adresse_bati.2907518","geometry":{"type":"LineString","coordinates":[[3.74939373,48.53246774],[3.74991054,48.53209259]]},"geometry_name":"geom","properties":{"id_adr":"10323_ki1zic_01930","id_bat":"BATIMENT0000000300125964","idu":"10323000ZC0095","type_lien":"BAN","nb_adr":1,"nb_bat":8}},{"type":"Feature","id":"lien_adresse_bati.2687383","geometry":{"type":"LineString","coordinates":[[3.74939373,48.53246774],[3.74973118,48.53264891]]},"geometry_name":"geom","properties":{"id_adr":"10323_ki1zic_01930","id_bat":"BATIMENT0000000009350374","idu":"10323000ZC0095","type_lien":"BAN","nb_adr":2,"nb_bat":8}},{"type":"Feature","id":"lien_adresse_bati.2827057","geometry":{"type":"LineString","coordinates":[[3.74939373,48.53246774],[3.74961861,48.53234352]]},"geometry_name":"geom","properties":{"id_adr":"10323_ki1zic_01930","id_bat":"BATIMENT0000000300125957","idu":"10323000ZC0095","type_lien":"BAN","nb_adr":1,"nb_bat":8}},{"type":"Feature","id":"lien_adresse_bati.2862140","geometry":{"type":"LineString","coordinates":[[3.74939373,48.53246774],[3.74959765,48.53204589]]},"geometry_name":"geom","properties":{"id_adr":"10323_ki1zic_01930","id_bat":"BATIMENT0000000300125962","idu":"10323000ZC0095","type_lien":"BAN","nb_adr":1,"nb_bat":8}},{"type":"Feature","id":"lien_adresse_bati.2890756","geometry":{"type":"LineString","coordinates":[[3.74939373,48.53246774],[3.74958186,48.53241004]]},"geometry_name":"geom","properties":{"id_adr":"10323_ki1zic_01930","id_bat":"BATIMENT0000000300125956","idu":"10323000ZC0095","type_lien":"BAN","nb_adr":1,"nb_bat":8}},{"type":"Feature","id":"lien_adresse_bati.2665552","geometry":{"type":"LineString","coordinates":[[3.74939373,48.53246774],[3.74965774,48.53267465]]},"geometry_name":"geom","properties":{"id_adr":"10323_ki1zic_01930","id_bat":"BATIMENT0000000009350374","idu":"10323000ZC0023","type_lien":"BAN","nb_adr":2,"nb_bat":8}},{"type":"Feature","id":"lien_adresse_bati.2793978","geometry":{"type":"LineString","coordinates":[[3.749662,48.53323072],[3.75072097,48.53263228]]},"geometry_name":"geom","properties":{"id_adr":"10323_ki1zic_01932","id_bat":"BATIMENT0000002220709417","idu":"10323000ZC0149","type_lien":"BAN","nb_adr":2,"nb_bat":2}},{"type":"Feature","id":"lien_adresse_bati.2673915","geometry":{"type":"LineString","coordinates":[[3.749662,48.53323072],[3.75043986,48.5327886]]},"geometry_name":"geom","properties":{"id_adr":"10323_ki1zic_01932","id_bat":"BATIMENT0000000300125959","idu":"10323000ZC0149","type_lien":"BAN","nb_adr":2,"nb_bat":2}},{"type":"Feature","id":"lien_adresse_bati.22106328","geometry":{"type":"LineString","coordinates":[[3.82966687,48.53356295],[3.8294405,48.53325288]]},"geometry_name":"geom","properties":{"id_adr":"51155_0020_00005","id_bat":"BATIMENT0000000065310289","idu":"51155000AC0137","type_lien":"BAN","nb_adr":2,"nb_bat":4}},{"type":"Feature","id":"lien_adresse_bati.22123310","geometry":{"type":"LineString","coordinates":[[3.82966687,48.53356295],[3.82944786,48.53330404]]},"geometry_name":"geom","properties":{"id_adr":"51155_0020_00005","id_bat":"BATIMENT0000000065310289","idu":"51155000AC0075","type_lien":"BAN","nb_adr":2,"nb_bat":4}},{"type":"Feature","id":"lien_adresse_bati.22157914","geometry":{"type":"LineString","coordinates":[[3.82966687,48.53356295],[3.82936209,48.5331342]]},"geometry_name":"geom","properties":{"id_adr":"51155_0020_00005","id_bat":"BATIMENT0000000065310295","idu":"51155000AC0137","type_lien":"BAN","nb_adr":1,"nb_bat":4}},{"type":"Feature","id":"lien_adresse_bati.22292275","geometry":{"type":"LineString","coordinates":[[3.82966687,48.53356295],[3.82956402,48.53346893]]},"geometry_name":"geom","properties":{"id_adr":"51155_0020_00005","id_bat":"BATIMENT0000002223915389","idu":"51155000AC0075","type_lien":"BAN","nb_adr":1,"nb_bat":4}},{"type":"Feature","id":"lien_adresse_bati.22157758","geometry":{"type":"LineString","coordinates":[[3.82951931,48.53365395],[3.82999744,48.53377409]]},"geometry_name":"geom","properties":{"id_adr":"51155_0020_00006","id_bat":"BATIMENT0000002223915566","idu":"51155000AC0071","type_lien":"BAN","nb_adr":2,"nb_bat":5}},{"type":"Feature","id":"lien_adresse_bati.22127652","geometry":{"type":"LineString","coordinates":[[3.82951931,48.53365395],[3.82958853,48.53387678]]},"geometry_name":"geom","properties":{"id_adr":"51155_0020_00006","id_bat":"BATIMENT0000002223915394","idu":"51155000AC0069","type_lien":"BAN","nb_adr":1,"nb_bat":5}},{"type":"Feature","id":"lien_adresse_bati.22229537","geometry":{"type":"LineString","coordinates":[[3.82951931,48.53365395],[3.82954494,48.53375362]]},"geometry_name":"geom","properties":{"id_adr":"51155_0020_00006","id_bat":"BATIMENT0000002223915395","idu":"51155000AC0069","type_lien":"BAN","nb_adr":1,"nb_bat":5}},{"type":"Feature","id":"lien_adresse_bati.22139577","geometry":{"type":"LineString","coordinates":[[3.82951931,48.53365395],[3.8299187,48.53358612]]},"geometry_name":"geom","properties":{"id_adr":"51155_0020_00006","id_bat":"BATIMENT0000002223915535","idu":"51155000AC0071","type_lien":"BAN","nb_adr":2,"nb_bat":5}},{"type":"Feature","id":"lien_adresse_bati.22266642","geometry":{"type":"LineString","coordinates":[[3.82951931,48.53365395],[3.83006727,48.53375358]]},"geometry_name":"geom","properties":{"id_adr":"51155_0020_00006","id_bat":"BATIMENT0000002223915567","idu":"51155000AC0071","type_lien":"BAN","nb_adr":2,"nb_bat":5}},{"type":"Feature","id":"lien_adresse_bati.22335882","geometry":{"type":"LineString","coordinates":[[3.82922048,48.53360205],[3.82911356,48.53348675]]},"geometry_name":"geom","properties":{"id_adr":"51155_0020_00011","id_bat":"BATIMENT0000000321302744","idu":"51155000AC0223","type_lien":"BAN","nb_adr":1,"nb_bat":1}},{"type":"Feature","id":"lien_adresse_bati.22073839","geometry":{"type":"LineString","coordinates":[[3.82764306,48.53407185],[3.82774428,48.53421977]]},"geometry_name":"geom","properties":{"id_adr":"51155_0020_00012","id_bat":"BATIMENT0000002223915455","idu":"51155000AC0200","type_lien":"BAN","nb_adr":1,"nb_bat":1}},{"type":"Feature","id":"lien_adresse_bati.22303650","geometry":{"type":"LineString","coordinates":[[3.82878764,48.53364106],[3.82856773,48.53354677]]},"geometry_name":"geom","properties":{"id_adr":"51155_0020_00013","id_bat":"BATIMENT0000002223915407","idu":"51155000AC0085","type_lien":"BAN","nb_adr":2,"nb_bat":2}},{"type":"Feature","id":"lien_adresse_bati.22348423","geometry":{"type":"LineString","coordinates":[[3.82878764,48.53364106],[3.82861429,48.5335087]]},"geometry_name":"geom","properties":{"id_adr":"51155_0020_00013","id_bat":"BATIMENT0000002223915407","idu":"51155000AC0084","type_lien":"BAN","nb_adr":2,"nb_bat":2}},{"type":"Feature","id":"lien_adresse_bati.22265805","geometry":{"type":"LineString","coordinates":[[3.82722546,48.53421869],[3.82749729,48.53459713]]},"geometry_name":"geom","properties":{"id_adr":"51155_0020_00014","id_bat":"BATIMENT0000002223915409","idu":"51155000AC0242","type_lien":"BAN","nb_adr":2,"nb_bat":2}},{"type":"Feature","id":"lien_adresse_bati.22046400","geometry":{"type":"LineString","coordinates":[[3.82722546,48.53421869],[3.82734311,48.53446822]]},"geometry_name":"geom","properties":{"id_adr":"51155_0020_00014","id_bat":"BATIMENT0000002223915411","idu":"51155000AC0242","type_lien":"BAN","nb_adr":4,"nb_bat":2}},{"type":"Feature","id":"lien_adresse_bati.22017270","geometry":{"type":"LineString","coordinates":[[3.82703768,48.53433695],[3.8270917,48.53445078]]},"geometry_name":"geom","properties":{"id_adr":"51155_0020_00016","id_bat":"BATIMENT0000002223915446","idu":"51155000AC0093","type_lien":"BAN","nb_adr":3,"nb_bat":3}},{"type":"Feature","id":"lien_adresse_bati.22278885","geometry":{"type":"LineString","coordinates":[[3.82703768,48.53433695],[3.82729852,48.53467109]]},"geometry_name":"geom","properties":{"id_adr":"51155_0020_00016","id_bat":"BATIMENT0000002223915470","idu":"51155000AC0093","type_lien":"BAN","nb_adr":2,"nb_bat":3}},{"type":"Feature","id":"lien_adresse_bati.22160476","geometry":{"type":"LineString","coordinates":[[3.82703768,48.53433695],[3.82727518,48.53454752]]},"geometry_name":"geom","properties":{"id_adr":"51155_0020_00016","id_bat":"BATIMENT0000002223915411","idu":"51155000AC0093","type_lien":"BAN","nb_adr":4,"nb_bat":3}},{"type":"Feature","id":"lien_adresse_bati.22313376","geometry":{"type":"LineString","coordinates":[[3.82691592,48.53434679],[3.82705781,48.53443622]]},"geometry_name":"geom","properties":{"id_adr":"51155_0020_00018","id_bat":"BATIMENT0000002223915446","idu":"51155000AC0095","type_lien":"BAN","nb_adr":3,"nb_bat":2}},{"type":"Feature","id":"lien_adresse_bati.22328227","geometry":{"type":"LineString","coordinates":[[3.82691592,48.53434679],[3.82684766,48.53452494]]},"geometry_name":"geom","properties":{"id_adr":"51155_0020_00018","id_bat":"BATIMENT0000002223915435","idu":"51155000AC0095","type_lien":"BAN","nb_adr":1,"nb_bat":2}},{"type":"Feature","id":"lien_adresse_bati.21995936","geometry":{"type":"LineString","coordinates":[[3.82604206,48.53476669],[3.82608624,48.53485029]]},"geometry_name":"geom","properties":{"id_adr":"51155_0020_00020","id_bat":"BATIMENT0000002223915989","idu":"51155000AC0013","type_lien":"BAN","nb_adr":1,"nb_bat":2}},{"type":"Feature","id":"lien_adresse_bati.22325048","geometry":{"type":"LineString","coordinates":[[3.82604206,48.53476669],[3.82626236,48.53499726]]},"geometry_name":"geom","properties":{"id_adr":"51155_0020_00020","id_bat":"BATIMENT0000002223915378","idu":"51155000AC0013","type_lien":"BAN","nb_adr":1,"nb_bat":2}},{"type":"Feature","id":"lien_adresse_bati.22246565","geometry":{"type":"LineString","coordinates":[[3.82792351,48.533818],[3.82747505,48.53356395]]},"geometry_name":"geom","properties":{"id_adr":"51155_0020_00021","id_bat":"BATIMENT0000002223915449","idu":"51155000AC0226","type_lien":"BAN","nb_adr":1,"nb_bat":3}},{"type":"Feature","id":"lien_adresse_bati.22254385","geometry":{"type":"LineString","coordinates":[[3.82792351,48.533818],[3.82802248,48.533772]]},"geometry_name":"geom","properties":{"id_adr":"51155_0020_00021","id_bat":"BATIMENT0000002223915428","idu":"51155000AC0226","type_lien":"BAN","nb_adr":1,"nb_bat":3}},{"type":"Feature","id":"lien_adresse_bati.22129285","geometry":{"type":"LineString","coordinates":[[3.82792351,48.533818],[3.82777916,48.53369675]]},"geometry_name":"geom","properties":{"id_adr":"51155_0020_00021","id_bat":"BATIMENT0000002223915426","idu":"51155000AC0226","type_lien":"BAN","nb_adr":1,"nb_bat":3}},{"type":"Feature","id":"lien_adresse_bati.22348009","geometry":{"type":"LineString","coordinates":[[3.82780303,48.5339088],[3.82763586,48.5338301]]},"geometry_name":"geom","properties":{"id_adr":"51155_0020_00021_bis","id_bat":"BATIMENT0000002223915420","idu":"51155000AC0225","type_lien":"BAN","nb_adr":1,"nb_bat":1}},{"type":"Feature","id":"lien_adresse_bati.22175100","geometry":{"type":"LineString","coordinates":[[3.82571883,48.53488589],[3.8257508,48.53496587]]},"geometry_name":"geom","properties":{"id_adr":"51155_0020_00022","id_bat":"BATIMENT0000002223916002","idu":"51155000AC0011","type_lien":"BAN","nb_adr":1,"nb_bat":1}},{"type":"Feature","id":"lien_adresse_bati.22022424","geometry":{"type":"LineString","coordinates":[[3.82733168,48.53408301],[3.82742271,48.53387712]]},"geometry_name":"geom","properties":{"id_adr":"51155_0020_00023","id_bat":"BATIMENT0000002223915447","idu":"51155000AC0100","type_lien":"BAN","nb_adr":1,"nb_bat":2}},{"type":"Feature","id":"lien_adresse_bati.22331747","geometry":{"type":"LineString","coordinates":[[3.82733168,48.53408301],[3.82717039,48.53408043]]},"geometry_name":"geom","properties":{"id_adr":"51155_0020_00023","id_bat":"BATIMENT0000002223915425","idu":"51155000AC0100","type_lien":"BAN","nb_adr":1,"nb_bat":2}},{"type":"Feature","id":"lien_adresse_bati.22238766","geometry":{"type":"LineString","coordinates":[[3.82521995,48.53503329],[3.82582061,48.53528486]]},"geometry_name":"geom","properties":{"id_adr":"51155_0020_00024","id_bat":"BATIMENT0000002223916000","idu":"51155000AC0010","type_lien":"BAN","nb_adr":1,"nb_bat":3}},{"type":"Feature","id":"lien_adresse_bati.22179712","geometry":{"type":"LineString","coordinates":[[3.82521995,48.53503329],[3.82572597,48.53521503]]},"geometry_name":"geom","properties":{"id_adr":"51155_0020_00024","id_bat":"BATIMENT0000002223916001","idu":"51155000AC0010","type_lien":"BAN","nb_adr":1,"nb_bat":3}},{"type":"Feature","id":"lien_adresse_bati.22112367","geometry":{"type":"LineString","coordinates":[[3.82521995,48.53503329],[3.82522525,48.53520038]]},"geometry_name":"geom","properties":{"id_adr":"51155_0020_00024","id_bat":"BATIMENT0000002223916015","idu":"51155000AC0010","type_lien":"BAN","nb_adr":1,"nb_bat":3}},{"type":"Feature","id":"lien_adresse_bati.22029023","geometry":{"type":"LineString","coordinates":[[3.8269952,48.5342203],[3.82684632,48.53416837]]},"geometry_name":"geom","properties":{"id_adr":"51155_0020_00025","id_bat":"BATIMENT0000002223915454","idu":"51155000AC0166","type_lien":"BAN","nb_adr":1,"nb_bat":1}},{"type":"Feature","id":"lien_adresse_bati.22186328","geometry":{"type":"LineString","coordinates":[[3.82605419,48.53467665],[3.82592097,48.53460418]]},"geometry_name":"geom","properties":{"id_adr":"51155_0020_00029","id_bat":"BATIMENT0000002223916018","idu":"51155000AC0267","type_lien":"BAN","nb_adr":1,"nb_bat":2}},{"type":"Feature","id":"lien_adresse_bati.22104327","geometry":{"type":"LineString","coordinates":[[3.82605419,48.53467665],[3.82602326,48.53451798]]},"geometry_name":"geom","properties":{"id_adr":"51155_0020_00029","id_bat":"BATIMENT0000002223916024","idu":"51155000AC0267","type_lien":"BAN","nb_adr":1,"nb_bat":2}},{"type":"Feature","id":"lien_adresse_bati.21983699","geometry":{"type":"LineString","coordinates":[[3.82560977,48.53484166],[3.82531463,48.5345311]]},"geometry_name":"geom","properties":{"id_adr":"51155_0020_00031","id_bat":"BATIMENT0000002223916008","idu":"51155000AC0122","type_lien":"BAN","nb_adr":2,"nb_bat":3}},{"type":"Feature","id":"lien_adresse_bati.22201353","geometry":{"type":"LineString","coordinates":[[3.82560977,48.53484166],[3.82552021,48.53478666]]},"geometry_name":"geom","properties":{"id_adr":"51155_0020_00031","id_bat":"BATIMENT0000002223916007","idu":"51155000AC0122","type_lien":"BAN","nb_adr":2,"nb_bat":3}},{"type":"Feature","id":"lien_adresse_bati.22020595","geometry":{"type":"LineString","coordinates":[[3.82560977,48.53484166],[3.82537255,48.53477111]]},"geometry_name":"geom","properties":{"id_adr":"51155_0020_00031","id_bat":"BATIMENT0000002223916006","idu":"51155000AC0122","type_lien":"BAN","nb_adr":2,"nb_bat":3}},{"type":"Feature","id":"lien_adresse_bati.22079113","geometry":{"type":"LineString","coordinates":[[3.82524577,48.53495215],[3.82537255,48.53477111]]},"geometry_name":"geom","properties":{"id_adr":"51155_0020_00033","id_bat":"BATIMENT0000002223916006","idu":"51155000AC0122","type_lien":"BAN","nb_adr":2,"nb_bat":7}},{"type":"Feature","id":"lien_adresse_bati.21982547","geometry":{"type":"LineString","coordinates":[[3.82524577,48.53495215],[3.82552021,48.53478666]]},"geometry_name":"geom","properties":{"id_adr":"51155_0020_00033","id_bat":"BATIMENT0000002223916007","idu":"51155000AC0122","type_lien":"BAN","nb_adr":2,"nb_bat":7}},{"type":"Feature","id":"lien_adresse_bati.21990998","geometry":{"type":"LineString","coordinates":[[3.82524577,48.53495215],[3.82531463,48.5345311]]},"geometry_name":"geom","properties":{"id_adr":"51155_0020_00033","id_bat":"BATIMENT0000002223916008","idu":"51155000AC0122","type_lien":"BAN","nb_adr":2,"nb_bat":7}},{"type":"Feature","id":"lien_adresse_bati.22290377","geometry":{"type":"LineString","coordinates":[[3.82524577,48.53495215],[3.82494278,48.5347537]]},"geometry_name":"geom","properties":{"id_adr":"51155_0020_00033","id_bat":"BATIMENT0000002207413352","idu":"51155000AC0126","type_lien":"BAN","nb_adr":1,"nb_bat":7}},{"type":"Feature","id":"lien_adresse_bati.22186853","geometry":{"type":"LineString","coordinates":[[3.82524577,48.53495215],[3.82500426,48.53441654]]},"geometry_name":"geom","properties":{"id_adr":"51155_0020_00033","id_bat":"BATIMENT0000002223916003","idu":"51155000AC0126","type_lien":"BAN","nb_adr":1,"nb_bat":7}},{"type":"Feature","id":"lien_adresse_bati.22328306","geometry":{"type":"LineString","coordinates":[[3.82524577,48.53495215],[3.8249894,48.53461612]]},"geometry_name":"geom","properties":{"id_adr":"51155_0020_00033","id_bat":"BATIMENT0000002223916023","idu":"51155000AC0126","type_lien":"BAN","nb_adr":1,"nb_bat":7}},{"type":"Feature","id":"lien_adresse_bati.22337010","geometry":{"type":"LineString","coordinates":[[3.82524577,48.53495215],[3.82496739,48.53436831]]},"geometry_name":"geom","properties":{"id_adr":"51155_0020_00033","id_bat":"BATIMENT0000002223916004","idu":"51155000AC0126","type_lien":"BAN","nb_adr":1,"nb_bat":7}},{"type":"Feature","id":"lien_adresse_bati.22293518","geometry":{"type":"LineString","coordinates":[[3.82436905,48.53519213],[3.82410733,48.53500172]]},"geometry_name":"geom","properties":{"id_adr":"51155_0020_00045","id_bat":"BATIMENT0000002223916017","idu":"51155000AC0240","type_lien":"BAN","nb_adr":1,"nb_bat":2}},{"type":"Feature","id":"lien_adresse_bati.22124804","geometry":{"type":"LineString","coordinates":[[3.82436905,48.53519213],[3.82394968,48.53466729]]},"geometry_name":"geom","properties":{"id_adr":"51155_0020_00045","id_bat":"BATIMENT0000002223915994","idu":"51155000AC0240","type_lien":"BAN","nb_adr":1,"nb_bat":2}},{"type":"Feature","id":"lien_adresse_bati.22018334","geometry":{"type":"LineString","coordinates":[[3.82353435,48.53465814],[3.82346082,48.53463612]]},"geometry_name":"geom","properties":{"id_adr":"51155_0020_00047","id_bat":"BATIMENT0000002223915992","idu":"511550000F0075","type_lien":"BAN","nb_adr":1,"nb_bat":1}},{"type":"Feature","id":"lien_adresse_bati.22162655","geometry":{"type":"LineString","coordinates":[[3.82362,48.53493643],[3.82355653,48.53490576]]},"geometry_name":"geom","properties":{"id_adr":"51155_0020_00047_bis","id_bat":"BATIMENT0000000321302735","idu":"511550000F0590","type_lien":"BAN","nb_adr":1,"nb_bat":1}},{"type":"Feature","id":"lien_adresse_bati.21985630","geometry":{"type":"LineString","coordinates":[[3.8302772,48.53446731],[3.830247,48.53448518]]},"geometry_name":"geom","properties":{"id_adr":"51155_0030_00001","id_bat":"BATIMENT0000002223915549","idu":"51155000AC0048","type_lien":"BAN","nb_adr":1,"nb_bat":2}},{"type":"Feature","id":"lien_adresse_bati.22119889","geometry":{"type":"LineString","coordinates":[[3.8302772,48.53446731],[3.83049188,48.53448911]]},"geometry_name":"geom","properties":{"id_adr":"51155_0030_00001","id_bat":"BATIMENT0000002223915548","idu":"51155000AC0048","type_lien":"BAN","nb_adr":1,"nb_bat":2}},{"type":"Feature","id":"lien_adresse_bati.22284745","geometry":{"type":"LineString","coordinates":[[3.82996269,48.53428058],[3.83001844,48.53420553]]},"geometry_name":"geom","properties":{"id_adr":"51155_0030_00003","id_bat":"BATIMENT0000002223915600","idu":"51155000AC0049","type_lien":"BAN","nb_adr":1,"nb_bat":3}},{"type":"Feature","id":"lien_adresse_bati.22222777","geometry":{"type":"LineString","coordinates":[[3.82996269,48.53428058],[3.83007557,48.53432055]]},"geometry_name":"geom","properties":{"id_adr":"51155_0030_00003","id_bat":"BATIMENT0000002223915590","idu":"51155000AC0049","type_lien":"BAN","nb_adr":1,"nb_bat":3}},{"type":"Feature","id":"lien_adresse_bati.22006125","geometry":{"type":"LineString","coordinates":[[3.82996269,48.53428058],[3.83022875,48.53427018]]},"geometry_name":"geom","properties":{"id_adr":"51155_0030_00003","id_bat":"BATIMENT0000002223915589","idu":"51155000AC0280","type_lien":"BAN","nb_adr":1,"nb_bat":3}},{"type":"Feature","id":"lien_adresse_bati.22249135","geometry":{"type":"LineString","coordinates":[[3.82942763,48.5338525],[3.82877352,48.53407053]]},"geometry_name":"geom","properties":{"id_adr":"51155_0030_00008","id_bat":"BATIMENT0000002223915457","idu":"51155000AC0067","type_lien":"BAN","nb_adr":1,"nb_bat":4}},{"type":"Feature","id":"lien_adresse_bati.22215151","geometry":{"type":"LineString","coordinates":[[3.82942763,48.5338525],[3.82937784,48.53378763]]},"geometry_name":"geom","properties":{"id_adr":"51155_0030_00008","id_bat":"BATIMENT0000002223915463","idu":"51155000AC0068","type_lien":"BAN","nb_adr":1,"nb_bat":4}},{"type":"Feature","id":"lien_adresse_bati.22293661","geometry":{"type":"LineString","coordinates":[[3.82942763,48.5338525],[3.82949645,48.533986]]},"geometry_name":"geom","properties":{"id_adr":"51155_0030_00008","id_bat":"BATIMENT0000000238874602","idu":"51155000AC0068","type_lien":"BAN","nb_adr":1,"nb_bat":4}},{"type":"Feature","id":"lien_adresse_bati.22181763","geometry":{"type":"LineString","coordinates":[[3.82942763,48.5338525],[3.82923186,48.53390833]]},"geometry_name":"geom","properties":{"id_adr":"51155_0030_00008","id_bat":"BATIMENT0000002223915464","idu":"51155000AC0068","type_lien":"BAN","nb_adr":1,"nb_bat":4}},{"type":"Feature","id":"lien_adresse_bati.22179456","geometry":{"type":"LineString","coordinates":[[3.82638812,48.53437745],[3.82654874,48.53429819]]},"geometry_name":"geom","properties":{"id_adr":"51155_0050_00001","id_bat":"BATIMENT0000002223915450","idu":"51155000AC0253","type_lien":"BAN","nb_adr":1,"nb_bat":1}},{"type":"Feature","id":"lien_adresse_bati.22325404","geometry":{"type":"LineString","coordinates":[[3.82620765,48.53409983],[3.82637305,48.53409778]]},"geometry_name":"geom","properties":{"id_adr":"51155_0050_00003","id_bat":"BATIMENT0000002223915398","idu":"51155000AC0147","type_lien":"BAN","nb_adr":1,"nb_bat":1}},{"type":"Feature","id":"lien_adresse_bati.22183831","geometry":{"type":"LineString","coordinates":[[3.82618226,48.53420796],[3.82607937,48.53426175]]},"geometry_name":"geom","properties":{"id_adr":"51155_0050_00004","id_bat":"BATIMENT0000002223916022","idu":"51155000AC0153","type_lien":"BAN","nb_adr":1,"nb_bat":1}},{"type":"Feature","id":"lien_adresse_bati.22207134","geometry":{"type":"LineString","coordinates":[[3.82609958,48.53411857],[3.82596525,48.53415106]]},"geometry_name":"geom","properties":{"id_adr":"51155_0050_00006","id_bat":"BATIMENT0000002223916020","idu":"51155000AC0154","type_lien":"BAN","nb_adr":2,"nb_bat":1}},{"type":"Feature","id":"lien_adresse_bati.22118984","geometry":{"type":"LineString","coordinates":[[3.82597201,48.53375961],[3.82609546,48.53373103]]},"geometry_name":"geom","properties":{"id_adr":"51155_0050_00007","id_bat":"BATIMENT0000002223915988","idu":"51155000AC0108","type_lien":"BAN","nb_adr":2,"nb_bat":2}},{"type":"Feature","id":"lien_adresse_bati.22163334","geometry":{"type":"LineString","coordinates":[[3.82597201,48.53375961],[3.82596601,48.5336364]]},"geometry_name":"geom","properties":{"id_adr":"51155_0050_00007","id_bat":"BATIMENT0000002223915995","idu":"51155000AC0108","type_lien":"BAN","nb_adr":1,"nb_bat":2}},{"type":"Feature","id":"lien_adresse_bati.22229062","geometry":{"type":"LineString","coordinates":[[3.82603016,48.5340111],[3.82589544,48.53405387]]},"geometry_name":"geom","properties":{"id_adr":"51155_0050_00008","id_bat":"BATIMENT0000002223916019","idu":"51155000AC0116","type_lien":"BAN","nb_adr":1,"nb_bat":2}},{"type":"Feature","id":"lien_adresse_bati.22305853","geometry":{"type":"LineString","coordinates":[[3.82603016,48.5340111],[3.82593975,48.53409949]]},"geometry_name":"geom","properties":{"id_adr":"51155_0050_00008","id_bat":"BATIMENT0000002223916020","idu":"51155000AC0116","type_lien":"BAN","nb_adr":2,"nb_bat":2}},{"type":"Feature","id":"lien_adresse_bati.22015305","geometry":{"type":"LineString","coordinates":[[3.82621481,48.53369495],[3.82615992,48.5337345]]},"geometry_name":"geom","properties":{"id_adr":"51155_0050_00009","id_bat":"BATIMENT0000002223915988","idu":"51155000AC0107","type_lien":"BAN","nb_adr":2,"nb_bat":3}},{"type":"Feature","id":"lien_adresse_bati.22070984","geometry":{"type":"LineString","coordinates":[[3.82621481,48.53369495],[3.82624204,48.53370924]]},"geometry_name":"geom","properties":{"id_adr":"51155_0050_00009","id_bat":"BATIMENT0000002223915377","idu":"51155000AC0107","type_lien":"BAN","nb_adr":1,"nb_bat":3}},{"type":"Feature","id":"lien_adresse_bati.22161171","geometry":{"type":"LineString","coordinates":[[3.82621481,48.53369495],[3.82613516,48.53341274]]},"geometry_name":"geom","properties":{"id_adr":"51155_0050_00009","id_bat":"BATIMENT0000002223915987","idu":"51155000AC0107","type_lien":"BAN","nb_adr":1,"nb_bat":3}},{"type":"Feature","id":"lien_adresse_bati.22326571","geometry":{"type":"LineString","coordinates":[[3.82593336,48.53388582],[3.82579758,48.53390823]]},"geometry_name":"geom","properties":{"id_adr":"51155_0050_00010","id_bat":"BATIMENT0000002223916010","idu":"51155000AC0115","type_lien":"BAN","nb_adr":1,"nb_bat":1}},{"type":"Feature","id":"lien_adresse_bati.22034957","geometry":{"type":"LineString","coordinates":[[3.82586437,48.53380534],[3.82573923,48.53383317]]},"geometry_name":"geom","properties":{"id_adr":"51155_0050_00012","id_bat":"BATIMENT0000002223916011","idu":"51155000AC0114","type_lien":"BAN","nb_adr":1,"nb_bat":1}},{"type":"Feature","id":"lien_adresse_bati.22137596","geometry":{"type":"LineString","coordinates":[[3.82587664,48.53372429],[3.82567781,48.53377471]]},"geometry_name":"geom","properties":{"id_adr":"51155_0050_00014","id_bat":"BATIMENT0000002223916013","idu":"51155000AC0112","type_lien":"BAN","nb_adr":1,"nb_bat":4}},{"type":"Feature","id":"lien_adresse_bati.21991892","geometry":{"type":"LineString","coordinates":[[3.82587664,48.53372429],[3.82574616,48.53364378]]},"geometry_name":"geom","properties":{"id_adr":"51155_0050_00014","id_bat":"BATIMENT0000002223915997","idu":"51155000AC0112","type_lien":"BAN","nb_adr":1,"nb_bat":4}},{"type":"Feature","id":"lien_adresse_bati.22301259","geometry":{"type":"LineString","coordinates":[[3.82587664,48.53372429],[3.82557004,48.53367534]]},"geometry_name":"geom","properties":{"id_adr":"51155_0050_00014","id_bat":"BATIMENT0000002223916029","idu":"51155000AC0112","type_lien":"BAN","nb_adr":2,"nb_bat":4}},{"type":"Feature","id":"lien_adresse_bati.22046915","geometry":{"type":"LineString","coordinates":[[3.82587664,48.53372429],[3.82554176,48.53372329]]},"geometry_name":"geom","properties":{"id_adr":"51155_0050_00014","id_bat":"BATIMENT0000002223916029","idu":"51155000AC0113","type_lien":"BAN","nb_adr":2,"nb_bat":4}},{"type":"Feature","id":"lien_adresse_bati.22067183","geometry":{"type":"LineString","coordinates":[[3.83087373,48.53278985],[3.83113914,48.53299829]]},"geometry_name":"geom","properties":{"id_adr":"51155_0070_00001","id_bat":"BATIMENT0000002223915514","idu":"51155000AD0137","type_lien":"BAN","nb_adr":3,"nb_bat":6}},{"type":"Feature","id":"lien_adresse_bati.22059710","geometry":{"type":"LineString","coordinates":[[3.83102628,48.53301369],[3.83113914,48.53299829]]},"geometry_name":"geom","properties":{"id_adr":"51155_0070_00001","id_bat":"BATIMENT0000002223915514","idu":"51155000AD0137","type_lien":"BAN","nb_adr":3,"nb_bat":6}},{"type":"Feature","id":"lien_adresse_bati.22327113","geometry":{"type":"LineString","coordinates":[[3.83102628,48.53301369],[3.83098195,48.53283883]]},"geometry_name":"geom","properties":{"id_adr":"51155_0070_00001","id_bat":"BATIMENT0000002223915494","idu":"51155000AD0137","type_lien":"BAN","nb_adr":3,"nb_bat":6}},{"type":"Feature","id":"lien_adresse_bati.22223551","geometry":{"type":"LineString","coordinates":[[3.83103554,48.53274374],[3.83113914,48.53299829]]},"geometry_name":"geom","properties":{"id_adr":"51155_0070_00001","id_bat":"BATIMENT0000002223915514","idu":"51155000AD0137","type_lien":"BAN","nb_adr":3,"nb_bat":6}},{"type":"Feature","id":"lien_adresse_bati.22345780","geometry":{"type":"LineString","coordinates":[[3.83087373,48.53278985],[3.83098195,48.53283883]]},"geometry_name":"geom","properties":{"id_adr":"51155_0070_00001","id_bat":"BATIMENT0000002223915494","idu":"51155000AD0137","type_lien":"BAN","nb_adr":3,"nb_bat":6}},{"type":"Feature","id":"lien_adresse_bati.22125297","geometry":{"type":"LineString","coordinates":[[3.83103554,48.53274374],[3.83098195,48.53283883]]},"geometry_name":"geom","properties":{"id_adr":"51155_0070_00001","id_bat":"BATIMENT0000002223915494","idu":"51155000AD0137","type_lien":"BAN","nb_adr":3,"nb_bat":6}},{"type":"Feature","id":"lien_adresse_bati.22063102","geometry":{"type":"LineString","coordinates":[[3.82992252,48.53259858],[3.82947235,48.53263246]]},"geometry_name":"geom","properties":{"id_adr":"51155_0070_00002","id_bat":"BATIMENT0000002223915388","idu":"51155000AC0080","type_lien":"BAN","nb_adr":1,"nb_bat":1}},{"type":"Feature","id":"lien_adresse_bati.22206518","geometry":{"type":"LineString","coordinates":[[3.83074813,48.53255683],[3.83111214,48.53236401]]},"geometry_name":"geom","properties":{"id_adr":"51155_0070_00003","id_bat":"BATIMENT0000002223915498","idu":"511550000F0240","type_lien":"BAN","nb_adr":1,"nb_bat":1}},{"type":"Feature","id":"lien_adresse_bati.22041902","geometry":{"type":"LineString","coordinates":[[3.83042251,48.53252312],[3.8302036,48.53208599]]},"geometry_name":"geom","properties":{"id_adr":"51155_0070_00005","id_bat":"BATIMENT0000002223915485","idu":"511550000F0568","type_lien":"BAN","nb_adr":1,"nb_bat":2}},{"type":"Feature","id":"lien_adresse_bati.22015301","geometry":{"type":"LineString","coordinates":[[3.83042251,48.53252312],[3.83058763,48.53234375]]},"geometry_name":"geom","properties":{"id_adr":"51155_0070_00005","id_bat":"BATIMENT0000002223915512","idu":"511550000F0568","type_lien":"BAN","nb_adr":1,"nb_bat":2}},{"type":"Feature","id":"lien_adresse_bati.22181605","geometry":{"type":"LineString","coordinates":[[3.83049006,48.53422292],[3.83072385,48.5340768]]},"geometry_name":"geom","properties":{"id_adr":"51155_0080_00001","id_bat":"BATIMENT0000002223915942","idu":"51155000AC0279","type_lien":"BAN","nb_adr":2,"nb_bat":2}},{"type":"Feature","id":"lien_adresse_bati.22298520","geometry":{"type":"LineString","coordinates":[[3.83049006,48.53422292],[3.8304551,48.5341485]]},"geometry_name":"geom","properties":{"id_adr":"51155_0080_00001","id_bat":"BATIMENT0000002223915943","idu":"51155000AC0279","type_lien":"BAN","nb_adr":2,"nb_bat":2}},{"type":"Feature","id":"lien_adresse_bati.22064432","geometry":{"type":"LineString","coordinates":[[3.83097637,48.53413856],[3.83156866,48.53415099]]},"geometry_name":"geom","properties":{"id_adr":"51155_0090_00001","id_bat":"BATIMENT0000002223915568","idu":"51155000AD0132","type_lien":"BAN","nb_adr":3,"nb_bat":3}},{"type":"Feature","id":"lien_adresse_bati.22081702","geometry":{"type":"LineString","coordinates":[[3.83097637,48.53413856],[3.83117452,48.53425227]]},"geometry_name":"geom","properties":{"id_adr":"51155_0090_00001","id_bat":"BATIMENT0000002223915569","idu":"51155000AD0132","type_lien":"BAN","nb_adr":3,"nb_bat":3}},{"type":"Feature","id":"lien_adresse_bati.22076768","geometry":{"type":"LineString","coordinates":[[3.83097637,48.53413856],[3.83124282,48.53403394]]},"geometry_name":"geom","properties":{"id_adr":"51155_0090_00001","id_bat":"BATIMENT0000000065310167","idu":"51155000AD0132","type_lien":"BAN","nb_adr":3,"nb_bat":3}},{"type":"Feature","id":"lien_adresse_bati.22150009","geometry":{"type":"LineString","coordinates":[[3.8309654,48.53430057],[3.83102279,48.53440908]]},"geometry_name":"geom","properties":{"id_adr":"51155_0090_00002","id_bat":"BATIMENT0000002223915597","idu":"51155000AC0044","type_lien":"BAN","nb_adr":1,"nb_bat":4}},{"type":"Feature","id":"lien_adresse_bati.22145950","geometry":{"type":"LineString","coordinates":[[3.8309654,48.53430057],[3.83072705,48.53423135]]},"geometry_name":"geom","properties":{"id_adr":"51155_0090_00002","id_bat":"BATIMENT0000002223915576","idu":"51155000AC0044","type_lien":"BAN","nb_adr":1,"nb_bat":4}},{"type":"Feature","id":"lien_adresse_bati.22141291","geometry":{"type":"LineString","coordinates":[[3.8309654,48.53430057],[3.83093778,48.53428047]]},"geometry_name":"geom","properties":{"id_adr":"51155_0090_00002","id_bat":"BATIMENT0000002223915591","idu":"51155000AC0044","type_lien":"BAN","nb_adr":1,"nb_bat":4}},{"type":"Feature","id":"lien_adresse_bati.22144195","geometry":{"type":"LineString","coordinates":[[3.8309654,48.53430057],[3.83075209,48.53421735]]},"geometry_name":"geom","properties":{"id_adr":"51155_0090_00002","id_bat":"BATIMENT0000002223915575","idu":"51155000AC0044","type_lien":"BAN","nb_adr":1,"nb_bat":4}},{"type":"Feature","id":"lien_adresse_bati.22294005","geometry":{"type":"LineString","coordinates":[[3.83078576,48.53407692],[3.83072385,48.5340768]]},"geometry_name":"geom","properties":{"id_adr":"51155_0090_00004","id_bat":"BATIMENT0000002223915942","idu":"51155000AC0279","type_lien":"BAN","nb_adr":2,"nb_bat":2}},{"type":"Feature","id":"lien_adresse_bati.22154353","geometry":{"type":"LineString","coordinates":[[3.83078576,48.53407692],[3.8304551,48.5341485]]},"geometry_name":"geom","properties":{"id_adr":"51155_0090_00004","id_bat":"BATIMENT0000002223915943","idu":"51155000AC0279","type_lien":"BAN","nb_adr":2,"nb_bat":2}},{"type":"Feature","id":"lien_adresse_bati.22312992","geometry":{"type":"LineString","coordinates":[[3.83070207,48.53392457],[3.83063422,48.53389106]]},"geometry_name":"geom","properties":{"id_adr":"51155_0090_00006","id_bat":"BATIMENT0000002223915610","idu":"51155000AC0053","type_lien":"BAN","nb_adr":2,"nb_bat":6}},{"type":"Feature","id":"lien_adresse_bati.22129207","geometry":{"type":"LineString","coordinates":[[3.83070207,48.53392457],[3.83058573,48.5339199]]},"geometry_name":"geom","properties":{"id_adr":"51155_0090_00006","id_bat":"BATIMENT0000002223915611","idu":"51155000AC0053","type_lien":"BAN","nb_adr":3,"nb_bat":6}},{"type":"Feature","id":"lien_adresse_bati.22128982","geometry":{"type":"LineString","coordinates":[[3.83070207,48.53392457],[3.83067352,48.5339412]]},"geometry_name":"geom","properties":{"id_adr":"51155_0090_00006","id_bat":"BATIMENT0000002223915610","idu":"51155000AC0052","type_lien":"BAN","nb_adr":2,"nb_bat":6}},{"type":"Feature","id":"lien_adresse_bati.22292434","geometry":{"type":"LineString","coordinates":[[3.83070207,48.53392457],[3.83040876,48.53410989]]},"geometry_name":"geom","properties":{"id_adr":"51155_0090_00006","id_bat":"BATIMENT0000002223915624","idu":"51155000AC0051","type_lien":"BAN","nb_adr":1,"nb_bat":6}},{"type":"Feature","id":"lien_adresse_bati.22083629","geometry":{"type":"LineString","coordinates":[[3.83070207,48.53392457],[3.83069974,48.5340025]]},"geometry_name":"geom","properties":{"id_adr":"51155_0090_00006","id_bat":"BATIMENT0000002223915611","idu":"51155000AC0051","type_lien":"BAN","nb_adr":3,"nb_bat":6}},{"type":"Feature","id":"lien_adresse_bati.22076740","geometry":{"type":"LineString","coordinates":[[3.83070207,48.53392457],[3.83061479,48.53395704]]},"geometry_name":"geom","properties":{"id_adr":"51155_0090_00006","id_bat":"BATIMENT0000002223915611","idu":"51155000AC0052","type_lien":"BAN","nb_adr":3,"nb_bat":6}},{"type":"Feature","id":"lien_adresse_bati.22078191","geometry":{"type":"LineString","coordinates":[[3.83057035,48.53356204],[3.83030855,48.53347867]]},"geometry_name":"geom","properties":{"id_adr":"51155_0090_00012","id_bat":"BATIMENT0000002223915482","idu":"51155000AC0259","type_lien":"GEO","nb_adr":9,"nb_bat":4}},{"type":"Feature","id":"lien_adresse_bati.22097620","geometry":{"type":"LineString","coordinates":[[3.83057035,48.53356204],[3.83034218,48.53352379]]},"geometry_name":"geom","properties":{"id_adr":"51155_0090_00012","id_bat":"BATIMENT0000002223915537","idu":"51155000AC0259","type_lien":"GEO","nb_adr":5,"nb_bat":4}},{"type":"Feature","id":"lien_adresse_bati.22072072","geometry":{"type":"LineString","coordinates":[[3.83057035,48.53356204],[3.83038772,48.53365622]]},"geometry_name":"geom","properties":{"id_adr":"51155_0090_00012","id_bat":"BATIMENT0000002223915525","idu":"51155000AC0259","type_lien":"GEO","nb_adr":9,"nb_bat":4}},{"type":"Feature","id":"lien_adresse_bati.22284202","geometry":{"type":"LineString","coordinates":[[3.83057035,48.53356204],[3.83046353,48.53362981]]},"geometry_name":"geom","properties":{"id_adr":"51155_0090_00012","id_bat":"BATIMENT0000002223915527","idu":"51155000AC0259","type_lien":"GEO","nb_adr":5,"nb_bat":4}},{"type":"Feature","id":"lien_adresse_bati.22023044","geometry":{"type":"LineString","coordinates":[[3.83040753,48.5332879],[3.82974794,48.53337449]]},"geometry_name":"geom","properties":{"id_adr":"51155_0090_00014","id_bat":"BATIMENT0000002223915939","idu":"51155000AC0180","type_lien":"BAN","nb_adr":1,"nb_bat":5}},{"type":"Feature","id":"lien_adresse_bati.22026850","geometry":{"type":"LineString","coordinates":[[3.83040753,48.5332879],[3.83004826,48.53341508]]},"geometry_name":"geom","properties":{"id_adr":"51155_0090_00014","id_bat":"BATIMENT0000002223915938","idu":"51155000AC0180","type_lien":"BAN","nb_adr":1,"nb_bat":5}},{"type":"Feature","id":"lien_adresse_bati.22310398","geometry":{"type":"LineString","coordinates":[[3.83040753,48.5332879],[3.83032782,48.5332624]]},"geometry_name":"geom","properties":{"id_adr":"51155_0090_00014","id_bat":"BATIMENT0000002223915487","idu":"51155000AC0179","type_lien":"BAN","nb_adr":1,"nb_bat":5}},{"type":"Feature","id":"lien_adresse_bati.22107636","geometry":{"type":"LineString","coordinates":[[3.83040753,48.5332879],[3.83029348,48.53333652]]},"geometry_name":"geom","properties":{"id_adr":"51155_0090_00014","id_bat":"BATIMENT0000002223915486","idu":"51155000AC0179","type_lien":"BAN","nb_adr":1,"nb_bat":5}},{"type":"Feature","id":"lien_adresse_bati.22126327","geometry":{"type":"LineString","coordinates":[[3.83040753,48.5332879],[3.82986471,48.53318205]]},"geometry_name":"geom","properties":{"id_adr":"51155_0090_00014","id_bat":"BATIMENT0000002223915505","idu":"51155000AC0180","type_lien":"BAN","nb_adr":1,"nb_bat":5}},{"type":"Feature","id":"lien_adresse_bati.22125668","geometry":{"type":"LineString","coordinates":[[3.83052458,48.53298121],[3.83038008,48.53276961]]},"geometry_name":"geom","properties":{"id_adr":"51155_0090_00016","id_bat":"BATIMENT0000002223915488","idu":"51155000AC0078","type_lien":"BAN","nb_adr":1,"nb_bat":2}},{"type":"Feature","id":"lien_adresse_bati.22206079","geometry":{"type":"LineString","coordinates":[[3.83052458,48.53298121],[3.83034555,48.53296092]]},"geometry_name":"geom","properties":{"id_adr":"51155_0090_00016","id_bat":"BATIMENT0000002223915489","idu":"51155000AC0078","type_lien":"BAN","nb_adr":1,"nb_bat":2}},{"type":"Feature","id":"lien_adresse_bati.22197188","geometry":{"type":"LineString","coordinates":[[3.83288438,48.53316262],[3.83257365,48.53309731]]},"geometry_name":"geom","properties":{"id_adr":"51155_0100_00004","id_bat":"BATIMENT0000002223915381","idu":"51155000AD0114","type_lien":"BAN","nb_adr":1,"nb_bat":1}},{"type":"Feature","id":"lien_adresse_bati.22176515","geometry":{"type":"LineString","coordinates":[[3.83269019,48.5328761],[3.83257561,48.53295417]]},"geometry_name":"geom","properties":{"id_adr":"51155_0100_00006","id_bat":"BATIMENT0000002223915492","idu":"51155000AD0140","type_lien":"BAN","nb_adr":1,"nb_bat":2}},{"type":"Feature","id":"lien_adresse_bati.22334170","geometry":{"type":"LineString","coordinates":[[3.83269019,48.5328761],[3.83224781,48.5329536]]},"geometry_name":"geom","properties":{"id_adr":"51155_0100_00006","id_bat":"BATIMENT0000002223915495","idu":"51155000AD0140","type_lien":"BAN","nb_adr":1,"nb_bat":2}},{"type":"Feature","id":"lien_adresse_bati.22215340","geometry":{"type":"LineString","coordinates":[[3.83241603,48.53267111],[3.83236414,48.53267552]]},"geometry_name":"geom","properties":{"id_adr":"51155_0100_00008","id_bat":"BATIMENT0000002223915518","idu":"51155000AD0207","type_lien":"BAN","nb_adr":1,"nb_bat":2}},{"type":"Feature","id":"lien_adresse_bati.22268703","geometry":{"type":"LineString","coordinates":[[3.83241603,48.53267111],[3.83233288,48.53280978]]},"geometry_name":"geom","properties":{"id_adr":"51155_0100_00008","id_bat":"BATIMENT0000002223915496","idu":"51155000AD0207","type_lien":"BAN","nb_adr":1,"nb_bat":2}},{"type":"Feature","id":"lien_adresse_bati.22003672","geometry":{"type":"LineString","coordinates":[[3.83221831,48.53386898],[3.83235414,48.53388419]]},"geometry_name":"geom","properties":{"id_adr":"51155_0110_00001","id_bat":"BATIMENT0000002223915545","idu":"51155000AD0126","type_lien":"BAN","nb_adr":2,"nb_bat":1}},{"type":"Feature","id":"lien_adresse_bati.22080126","geometry":{"type":"LineString","coordinates":[[3.83198451,48.53373208],[3.83158795,48.53385061]]},"geometry_name":"geom","properties":{"id_adr":"51155_0110_00002","id_bat":"BATIMENT0000002223915534","idu":"51155000AD0127","type_lien":"GEO","nb_adr":3,"nb_bat":4}},{"type":"Feature","id":"lien_adresse_bati.22304730","geometry":{"type":"LineString","coordinates":[[3.83198451,48.53373208],[3.83174871,48.53378866]]},"geometry_name":"geom","properties":{"id_adr":"51155_0110_00002","id_bat":"BATIMENT0000002223915529","idu":"51155000AD0127","type_lien":"GEO","nb_adr":3,"nb_bat":4}},{"type":"Feature","id":"lien_adresse_bati.22157838","geometry":{"type":"LineString","coordinates":[[3.83198451,48.53373208],[3.83183773,48.53391563]]},"geometry_name":"geom","properties":{"id_adr":"51155_0110_00002","id_bat":"BATIMENT0000002223915605","idu":"51155000AD0127","type_lien":"GEO","nb_adr":3,"nb_bat":4}},{"type":"Feature","id":"lien_adresse_bati.21965428","geometry":{"type":"LineString","coordinates":[[3.83198451,48.53373208],[3.83186701,48.53374112]]},"geometry_name":"geom","properties":{"id_adr":"51155_0110_00002","id_bat":"BATIMENT0000002223915528","idu":"51155000AD0127","type_lien":"GEO","nb_adr":3,"nb_bat":4}},{"type":"Feature","id":"lien_adresse_bati.22229914","geometry":{"type":"LineString","coordinates":[[3.83177947,48.5335302],[3.83192967,48.53352043]]},"geometry_name":"geom","properties":{"id_adr":"51155_0110_00005","id_bat":"BATIMENT0000002223915478","idu":"51155000AD0123","type_lien":"BAN","nb_adr":1,"nb_bat":1}},{"type":"Feature","id":"lien_adresse_bati.22117591","geometry":{"type":"LineString","coordinates":[[3.83284943,48.53266807],[3.83291766,48.53235095]]},"geometry_name":"geom","properties":{"id_adr":"51155_0140_00001","id_bat":"BATIMENT0000002223915382","idu":"51155000AD0149","type_lien":"BAN","nb_adr":2,"nb_bat":3}},{"type":"Feature","id":"lien_adresse_bati.22039371","geometry":{"type":"LineString","coordinates":[[3.83284943,48.53266807],[3.83303752,48.53229724]]},"geometry_name":"geom","properties":{"id_adr":"51155_0140_00001","id_bat":"BATIMENT0000002223915382","idu":"51155000AD0148","type_lien":"BAN","nb_adr":2,"nb_bat":3}},{"type":"Feature","id":"lien_adresse_bati.22215239","geometry":{"type":"LineString","coordinates":[[3.83284943,48.53266807],[3.83311003,48.53256934]]},"geometry_name":"geom","properties":{"id_adr":"51155_0140_00001","id_bat":"BATIMENT0000002223915680","idu":"51155000AD0149","type_lien":"BAN","nb_adr":1,"nb_bat":3}},{"type":"Feature","id":"lien_adresse_bati.22204974","geometry":{"type":"LineString","coordinates":[[3.8326139,48.53233686],[3.83253587,48.53236578]]},"geometry_name":"geom","properties":{"id_adr":"51155_0140_00006","id_bat":"BATIMENT0000002223915510","idu":"51155000AD0147","type_lien":"BAN","nb_adr":1,"nb_bat":2}},{"type":"Feature","id":"lien_adresse_bati.22108197","geometry":{"type":"LineString","coordinates":[[3.8326139,48.53233686],[3.83225129,48.53202099]]},"geometry_name":"geom","properties":{"id_adr":"51155_0140_00006","id_bat":"BATIMENT0000002223915511","idu":"51155000AD0147","type_lien":"BAN","nb_adr":1,"nb_bat":2}},{"type":"Feature","id":"lien_adresse_bati.22215251","geometry":{"type":"LineString","coordinates":[[3.83156976,48.53482712],[3.83159514,48.53495668]]},"geometry_name":"geom","properties":{"id_adr":"51155_0150_00001","id_bat":"BATIMENT0000002223915558","idu":"51155000AC0286","type_lien":"BAN","nb_adr":1,"nb_bat":4}},{"type":"Feature","id":"lien_adresse_bati.22346720","geometry":{"type":"LineString","coordinates":[[3.83156976,48.53482712],[3.83146829,48.53507615]]},"geometry_name":"geom","properties":{"id_adr":"51155_0150_00001","id_bat":"BATIMENT0000002223915559","idu":"51155000AC0286","type_lien":"BAN","nb_adr":2,"nb_bat":4}},{"type":"Feature","id":"lien_adresse_bati.22197369","geometry":{"type":"LineString","coordinates":[[3.83156976,48.53482712],[3.83092152,48.53489435]]},"geometry_name":"geom","properties":{"id_adr":"51155_0150_00001","id_bat":"BATIMENT0000002223915606","idu":"51155000AC0286","type_lien":"BAN","nb_adr":2,"nb_bat":4}},{"type":"Feature","id":"lien_adresse_bati.22154285","geometry":{"type":"LineString","coordinates":[[3.83156976,48.53482712],[3.83129594,48.53503653]]},"geometry_name":"geom","properties":{"id_adr":"51155_0150_00001","id_bat":"BATIMENT0000002223915560","idu":"51155000AC0286","type_lien":"BAN","nb_adr":2,"nb_bat":4}},{"type":"Feature","id":"lien_adresse_bati.21972805","geometry":{"type":"LineString","coordinates":[[3.83144401,48.5345851],[3.8316389,48.53457015]]},"geometry_name":"geom","properties":{"id_adr":"51155_0150_00002","id_bat":"BATIMENT0000002223915555","idu":"51155000AD0033","type_lien":"BAN","nb_adr":2,"nb_bat":2}},{"type":"Feature","id":"lien_adresse_bati.22157893","geometry":{"type":"LineString","coordinates":[[3.83144401,48.5345851],[3.83152611,48.53446615]]},"geometry_name":"geom","properties":{"id_adr":"51155_0150_00002","id_bat":"BATIMENT0000002223915554","idu":"51155000AD0033","type_lien":"BAN","nb_adr":2,"nb_bat":2}},{"type":"Feature","id":"lien_adresse_bati.22295383","geometry":{"type":"LineString","coordinates":[[3.83199749,48.53531891],[3.83138509,48.53516621]]},"geometry_name":"geom","properties":{"id_adr":"51155_0150_00003","id_bat":"BATIMENT0000002223915561","idu":"51155000AC0170","type_lien":"BAN","nb_adr":1,"nb_bat":4}},{"type":"Feature","id":"lien_adresse_bati.21997262","geometry":{"type":"LineString","coordinates":[[3.83199749,48.53531891],[3.83147046,48.53509752]]},"geometry_name":"geom","properties":{"id_adr":"51155_0150_00003","id_bat":"BATIMENT0000002223915559","idu":"51155000AC0170","type_lien":"BAN","nb_adr":2,"nb_bat":4}},{"type":"Feature","id":"lien_adresse_bati.22198611","geometry":{"type":"LineString","coordinates":[[3.83199749,48.53531891],[3.83133029,48.53515088]]},"geometry_name":"geom","properties":{"id_adr":"51155_0150_00003","id_bat":"BATIMENT0000002223915560","idu":"51155000AC0170","type_lien":"BAN","nb_adr":2,"nb_bat":4}},{"type":"Feature","id":"lien_adresse_bati.22192757","geometry":{"type":"LineString","coordinates":[[3.83180216,48.53496043],[3.83192558,48.53497025]]},"geometry_name":"geom","properties":{"id_adr":"51155_0150_00006","id_bat":"BATIMENT0000002223915573","idu":"51155000AD0030","type_lien":"BAN","nb_adr":1,"nb_bat":1}},{"type":"Feature","id":"lien_adresse_bati.22008574","geometry":{"type":"LineString","coordinates":[[3.83204689,48.53518812],[3.83218604,48.53518633]]},"geometry_name":"geom","properties":{"id_adr":"51155_0150_00008","id_bat":"BATIMENT0000002223915582","idu":"51155000AD0027","type_lien":"GEO","nb_adr":1,"nb_bat":1}},{"type":"Feature","id":"lien_adresse_bati.22188532","geometry":{"type":"LineString","coordinates":[[3.83287889,48.53537572],[3.83262351,48.53507498]]},"geometry_name":"geom","properties":{"id_adr":"51155_0160_00011","id_bat":"BATIMENT0000002223915621","idu":"51155000AD0024","type_lien":"BAN","nb_adr":1,"nb_bat":2}},{"type":"Feature","id":"lien_adresse_bati.22156394","geometry":{"type":"LineString","coordinates":[[3.82713172,48.53514595],[3.82728045,48.53508149]]},"geometry_name":"geom","properties":{"id_adr":"51155_0190_00007","id_bat":"BATIMENT0000002223915430","idu":"51155000AC0263","type_lien":"BAN","nb_adr":1,"nb_bat":2}},{"type":"Feature","id":"lien_adresse_bati.22259407","geometry":{"type":"LineString","coordinates":[[3.82713172,48.53514595],[3.82736271,48.53511466]]},"geometry_name":"geom","properties":{"id_adr":"51155_0190_00007","id_bat":"BATIMENT0000000238874573","idu":"51155000AC0263","type_lien":"BAN","nb_adr":1,"nb_bat":2}},{"type":"Feature","id":"lien_adresse_bati.22031284","geometry":{"type":"LineString","coordinates":[[3.82695237,48.53494029],[3.82724477,48.5349368]]},"geometry_name":"geom","properties":{"id_adr":"51155_0190_00009","id_bat":"BATIMENT0000002223915434","idu":"51155000AC0281","type_lien":"BAN","nb_adr":2,"nb_bat":2}},{"type":"Feature","id":"lien_adresse_bati.22280952","geometry":{"type":"LineString","coordinates":[[3.82695237,48.53494029],[3.82704004,48.53494193]]},"geometry_name":"geom","properties":{"id_adr":"51155_0190_00009","id_bat":"BATIMENT0000002223915474","idu":"51155000AC0281","type_lien":"BAN","nb_adr":2,"nb_bat":2}},{"type":"Feature","id":"lien_adresse_bati.22161342","geometry":{"type":"LineString","coordinates":[[3.8265281,48.53466436],[3.82645208,48.5346972]]},"geometry_name":"geom","properties":{"id_adr":"51155_0190_00010","id_bat":"BATIMENT0000002223915456","idu":"51155000AC0014","type_lien":"BAN","nb_adr":1,"nb_bat":1}},{"type":"Feature","id":"lien_adresse_bati.22123550","geometry":{"type":"LineString","coordinates":[[3.82699201,48.53487704],[3.82704004,48.53494193]]},"geometry_name":"geom","properties":{"id_adr":"51155_0200_00001","id_bat":"BATIMENT0000002223915474","idu":"51155000AC0281","type_lien":"BAN","nb_adr":2,"nb_bat":2}},{"type":"Feature","id":"lien_adresse_bati.22243123","geometry":{"type":"LineString","coordinates":[[3.82699201,48.53487704],[3.82724477,48.5349368]]},"geometry_name":"geom","properties":{"id_adr":"51155_0200_00001","id_bat":"BATIMENT0000002223915434","idu":"51155000AC0281","type_lien":"BAN","nb_adr":2,"nb_bat":2}},{"type":"Feature","id":"lien_adresse_bati.22245326","geometry":{"type":"LineString","coordinates":[[3.82752096,48.53491834],[3.82747751,48.53493169]]},"geometry_name":"geom","properties":{"id_adr":"51155_0200_00001_bis","id_bat":"BATIMENT0000002223915432","idu":"51155000AC0264","type_lien":"BAN","nb_adr":1,"nb_bat":2}},{"type":"Feature","id":"lien_adresse_bati.22036591","geometry":{"type":"LineString","coordinates":[[3.82752096,48.53491834],[3.8275021,48.53496795]]},"geometry_name":"geom","properties":{"id_adr":"51155_0200_00001_bis","id_bat":"BATIMENT0000002223915433","idu":"51155000AC0264","type_lien":"BAN","nb_adr":1,"nb_bat":2}},{"type":"Feature","id":"lien_adresse_bati.22324005","geometry":{"type":"LineString","coordinates":[[3.82704477,48.53478671],[3.82693316,48.53475261]]},"geometry_name":"geom","properties":{"id_adr":"51155_0200_00002","id_bat":"BATIMENT0000002223915438","idu":"51155000AC0094","type_lien":"BAN","nb_adr":1,"nb_bat":1}},{"type":"Feature","id":"lien_adresse_bati.22133842","geometry":{"type":"LineString","coordinates":[[3.82774681,48.53463789],[3.82806628,48.53492987]]},"geometry_name":"geom","properties":{"id_adr":"51155_0200_00003","id_bat":"BATIMENT0000002223915448","idu":"51155000AC0140","type_lien":"BAN","nb_adr":1,"nb_bat":2}},{"type":"Feature","id":"lien_adresse_bati.22166984","geometry":{"type":"LineString","coordinates":[[3.82774681,48.53463789],[3.82784258,48.53471728]]},"geometry_name":"geom","properties":{"id_adr":"51155_0200_00003","id_bat":"BATIMENT0000002223915451","idu":"51155000AC0140","type_lien":"BAN","nb_adr":1,"nb_bat":2}},{"type":"Feature","id":"lien_adresse_bati.22182214","geometry":{"type":"LineString","coordinates":[[3.82727375,48.53470415],[3.82729852,48.53467109]]},"geometry_name":"geom","properties":{"id_adr":"51155_0200_00004","id_bat":"BATIMENT0000002223915470","idu":"51155000AC0093","type_lien":"BAN","nb_adr":2,"nb_bat":5}},{"type":"Feature","id":"lien_adresse_bati.22152748","geometry":{"type":"LineString","coordinates":[[3.82727375,48.53470415],[3.8270917,48.53445078]]},"geometry_name":"geom","properties":{"id_adr":"51155_0200_00004","id_bat":"BATIMENT0000002223915446","idu":"51155000AC0093","type_lien":"BAN","nb_adr":3,"nb_bat":5}},{"type":"Feature","id":"lien_adresse_bati.22040891","geometry":{"type":"LineString","coordinates":[[3.82727375,48.53470415],[3.82727518,48.53454752]]},"geometry_name":"geom","properties":{"id_adr":"51155_0200_00004","id_bat":"BATIMENT0000002223915411","idu":"51155000AC0093","type_lien":"BAN","nb_adr":4,"nb_bat":5}},{"type":"Feature","id":"lien_adresse_bati.22302083","geometry":{"type":"LineString","coordinates":[[3.82727375,48.53470415],[3.82749729,48.53459713]]},"geometry_name":"geom","properties":{"id_adr":"51155_0200_00004","id_bat":"BATIMENT0000002223915409","idu":"51155000AC0242","type_lien":"BAN","nb_adr":2,"nb_bat":5}},{"type":"Feature","id":"lien_adresse_bati.22227035","geometry":{"type":"LineString","coordinates":[[3.82727375,48.53470415],[3.82734311,48.53446822]]},"geometry_name":"geom","properties":{"id_adr":"51155_0200_00004","id_bat":"BATIMENT0000002223915411","idu":"51155000AC0242","type_lien":"BAN","nb_adr":4,"nb_bat":5}},{"type":"Feature","id":"lien_adresse_bati.22095742","geometry":{"type":"LineString","coordinates":[[3.82801642,48.53455504],[3.82816189,48.53468222]]},"geometry_name":"geom","properties":{"id_adr":"51155_0200_00005","id_bat":"BATIMENT0000002223915436","idu":"51155000AC0029","type_lien":"BAN","nb_adr":1,"nb_bat":1}},{"type":"Feature","id":"lien_adresse_bati.22110819","geometry":{"type":"LineString","coordinates":[[3.82786729,48.53454709],[3.82776578,48.53450961]]},"geometry_name":"geom","properties":{"id_adr":"51155_0200_00006","id_bat":"BATIMENT0000002223915437","idu":"51155000AC0091","type_lien":"BAN","nb_adr":1,"nb_bat":2}},{"type":"Feature","id":"lien_adresse_bati.22077706","geometry":{"type":"LineString","coordinates":[[3.82786729,48.53454709],[3.82788607,48.53442686]]},"geometry_name":"geom","properties":{"id_adr":"51155_0200_00006","id_bat":"BATIMENT0000002223915423","idu":"51155000AC0091","type_lien":"BAN","nb_adr":1,"nb_bat":2}},{"type":"Feature","id":"lien_adresse_bati.22026045","geometry":{"type":"LineString","coordinates":[[3.82835304,48.53442675],[3.82847577,48.53457645]]},"geometry_name":"geom","properties":{"id_adr":"51155_0200_00007","id_bat":"BATIMENT0000002223915440","idu":"51155000AC0219","type_lien":"BAN","nb_adr":1,"nb_bat":1}},{"type":"Feature","id":"lien_adresse_bati.22211385","geometry":{"type":"LineString","coordinates":[[3.82882177,48.53425796],[3.82877891,48.53435047]]},"geometry_name":"geom","properties":{"id_adr":"51155_0200_00009","id_bat":"BATIMENT0000002223915406","idu":"51155000AC0168","type_lien":"GEO","nb_adr":1,"nb_bat":2}},{"type":"Feature","id":"lien_adresse_bati.22061904","geometry":{"type":"LineString","coordinates":[[3.82882177,48.53425796],[3.82898737,48.53442]]},"geometry_name":"geom","properties":{"id_adr":"51155_0200_00009","id_bat":"BATIMENT0000002223915405","idu":"51155000AC0168","type_lien":"GEO","nb_adr":1,"nb_bat":2}},{"type":"Feature","id":"lien_adresse_bati.22020100","geometry":{"type":"LineString","coordinates":[[3.82864804,48.53423578],[3.82871273,48.53408667]]},"geometry_name":"geom","properties":{"id_adr":"51155_0200_00010","id_bat":"BATIMENT0000002223915458","idu":"51155000AC0065","type_lien":"BAN","nb_adr":1,"nb_bat":2}},{"type":"Feature","id":"lien_adresse_bati.22260614","geometry":{"type":"LineString","coordinates":[[3.82864804,48.53423578],[3.82845082,48.53405498]]},"geometry_name":"geom","properties":{"id_adr":"51155_0200_00010","id_bat":"BATIMENT0000002223915453","idu":"51155000AC0065","type_lien":"BAN","nb_adr":1,"nb_bat":2}},{"type":"Feature","id":"lien_adresse_bati.22023906","geometry":{"type":"LineString","coordinates":[[3.82899976,48.53420634],[3.82907044,48.53428546]]},"geometry_name":"geom","properties":{"id_adr":"51155_0200_00011","id_bat":"BATIMENT0000002223915404","idu":"51155000AC0160","type_lien":"BAN","nb_adr":1,"nb_bat":3}},{"type":"Feature","id":"lien_adresse_bati.21997947","geometry":{"type":"LineString","coordinates":[[3.82899976,48.53420634],[3.82910438,48.53443776]]},"geometry_name":"geom","properties":{"id_adr":"51155_0200_00011","id_bat":"BATIMENT0000000238874638","idu":"51155000AC0160","type_lien":"BAN","nb_adr":1,"nb_bat":3}},{"type":"Feature","id":"lien_adresse_bati.22090906","geometry":{"type":"LineString","coordinates":[[3.82899976,48.53420634],[3.82920028,48.53446758]]},"geometry_name":"geom","properties":{"id_adr":"51155_0200_00011","id_bat":"BATIMENT0000002223915465","idu":"51155000AC0160","type_lien":"BAN","nb_adr":1,"nb_bat":3}},{"type":"Feature","id":"lien_adresse_bati.21996020","geometry":{"type":"LineString","coordinates":[[3.82920193,48.53414195],[3.82947722,48.53451825]]},"geometry_name":"geom","properties":{"id_adr":"51155_0200_00013","id_bat":"BATIMENT0000002223915396","idu":"51155000AC0221","type_lien":"BAN","nb_adr":1,"nb_bat":1}},{"type":"Feature","id":"lien_adresse_bati.22059831","geometry":{"type":"LineString","coordinates":[[3.83010527,48.53387476],[3.82997446,48.53384576]]},"geometry_name":"geom","properties":{"id_adr":"51155_0200_00014","id_bat":"BATIMENT0000002223915565","idu":"51155000AC0158","type_lien":"BAN","nb_adr":1,"nb_bat":4}},{"type":"Feature","id":"lien_adresse_bati.22036458","geometry":{"type":"LineString","coordinates":[[3.83010527,48.53387476],[3.82999744,48.53377409]]},"geometry_name":"geom","properties":{"id_adr":"51155_0200_00014","id_bat":"BATIMENT0000002223915566","idu":"51155000AC0071","type_lien":"BAN","nb_adr":2,"nb_bat":4}},{"type":"Feature","id":"lien_adresse_bati.22157764","geometry":{"type":"LineString","coordinates":[[3.83010527,48.53387476],[3.8299187,48.53358612]]},"geometry_name":"geom","properties":{"id_adr":"51155_0200_00014","id_bat":"BATIMENT0000002223915535","idu":"51155000AC0071","type_lien":"BAN","nb_adr":2,"nb_bat":4}},{"type":"Feature","id":"lien_adresse_bati.22335826","geometry":{"type":"LineString","coordinates":[[3.83010527,48.53387476],[3.83006727,48.53375358]]},"geometry_name":"geom","properties":{"id_adr":"51155_0200_00014","id_bat":"BATIMENT0000002223915567","idu":"51155000AC0071","type_lien":"BAN","nb_adr":2,"nb_bat":4}},{"type":"Feature","id":"lien_adresse_bati.22093453","geometry":{"type":"LineString","coordinates":[[3.82987658,48.53397531],[3.82994581,48.53414666]]},"geometry_name":"geom","properties":{"id_adr":"51155_0200_00017","id_bat":"BATIMENT0000002223915599","idu":"51155000AC0055","type_lien":"BAN","nb_adr":1,"nb_bat":2}},{"type":"Feature","id":"lien_adresse_bati.22058672","geometry":{"type":"LineString","coordinates":[[3.82987658,48.53397531],[3.82983776,48.53404699]]},"geometry_name":"geom","properties":{"id_adr":"51155_0200_00017","id_bat":"BATIMENT0000002223915601","idu":"51155000AC0055","type_lien":"BAN","nb_adr":1,"nb_bat":2}},{"type":"Feature","id":"lien_adresse_bati.22086006","geometry":{"type":"LineString","coordinates":[[3.83143787,48.53334367],[3.83124127,48.53321062]]},"geometry_name":"geom","properties":{"id_adr":"51155_0200_00018","id_bat":"BATIMENT0000002223915513","idu":"51155000AD0138","type_lien":"BAN","nb_adr":1,"nb_bat":2}},{"type":"Feature","id":"lien_adresse_bati.21979056","geometry":{"type":"LineString","coordinates":[[3.83143787,48.53334367],[3.83163255,48.53324446]]},"geometry_name":"geom","properties":{"id_adr":"51155_0200_00018","id_bat":"BATIMENT0000002223915497","idu":"51155000AD0138","type_lien":"BAN","nb_adr":1,"nb_bat":2}},{"type":"Feature","id":"lien_adresse_bati.22246247","geometry":{"type":"LineString","coordinates":[[3.83123813,48.53356098],[3.83127068,48.53357145]]},"geometry_name":"geom","properties":{"id_adr":"51155_0200_00023","id_bat":"BATIMENT0000002223915539","idu":"51155000AD0130","type_lien":"BAN","nb_adr":1,"nb_bat":1}},{"type":"Feature","id":"lien_adresse_bati.22268007","geometry":{"type":"LineString","coordinates":[[3.8316004,48.53334253],[3.83174385,48.53339371]]},"geometry_name":"geom","properties":{"id_adr":"51155_0200_00025","id_bat":"BATIMENT0000002223915480","idu":"51155000AD0122","type_lien":"BAN","nb_adr":1,"nb_bat":2}},{"type":"Feature","id":"lien_adresse_bati.22056479","geometry":{"type":"LineString","coordinates":[[3.8316004,48.53334253],[3.83187711,48.53328007]]},"geometry_name":"geom","properties":{"id_adr":"51155_0200_00025","id_bat":"BATIMENT0000002223915493","idu":"51155000AD0122","type_lien":"BAN","nb_adr":2,"nb_bat":2}},{"type":"Feature","id":"lien_adresse_bati.22243392","geometry":{"type":"LineString","coordinates":[[3.83199104,48.53320486],[3.83208229,48.53320103]]},"geometry_name":"geom","properties":{"id_adr":"51155_0200_00027","id_bat":"BATIMENT0000002223915500","idu":"51155000AD0121","type_lien":"BAN","nb_adr":1,"nb_bat":2}},{"type":"Feature","id":"lien_adresse_bati.22339507","geometry":{"type":"LineString","coordinates":[[3.83199104,48.53320486],[3.83190809,48.53326306]]},"geometry_name":"geom","properties":{"id_adr":"51155_0200_00027","id_bat":"BATIMENT0000002223915493","idu":"51155000AD0121","type_lien":"BAN","nb_adr":2,"nb_bat":2}},{"type":"Feature","id":"lien_adresse_bati.22295628","geometry":{"type":"LineString","coordinates":[[3.83220775,48.53320334],[3.83217743,48.53320837]]},"geometry_name":"geom","properties":{"id_adr":"51155_0200_00029","id_bat":"BATIMENT0000002223915502","idu":"51155000AD0120","type_lien":"BAN","nb_adr":1,"nb_bat":1}},{"type":"Feature","id":"lien_adresse_bati.21998401","geometry":{"type":"LineString","coordinates":[[3.83223555,48.53324813],[3.83231553,48.5332087]]},"geometry_name":"geom","properties":{"id_adr":"51155_0200_00031","id_bat":"BATIMENT0000002223915516","idu":"51155000AD0119","type_lien":"BAN","nb_adr":1,"nb_bat":2}},{"type":"Feature","id":"lien_adresse_bati.22251808","geometry":{"type":"LineString","coordinates":[[3.83223555,48.53324813],[3.83219741,48.53324205]]},"geometry_name":"geom","properties":{"id_adr":"51155_0200_00031","id_bat":"BATIMENT0000002223915501","idu":"51155000AD0119","type_lien":"BAN","nb_adr":1,"nb_bat":2}},{"type":"Feature","id":"lien_adresse_bati.22102115","geometry":{"type":"LineString","coordinates":[[3.83230355,48.53326564],[3.83237902,48.53344128]]},"geometry_name":"geom","properties":{"id_adr":"51155_0200_00033","id_bat":"BATIMENT0000002223915481","idu":"51155000AD0118","type_lien":"BAN","nb_adr":1,"nb_bat":2}},{"type":"Feature","id":"lien_adresse_bati.22290137","geometry":{"type":"LineString","coordinates":[[3.83230355,48.53326564],[3.83223645,48.53330115]]},"geometry_name":"geom","properties":{"id_adr":"51155_0200_00033","id_bat":"BATIMENT0000002223915503","idu":"51155000AD0118","type_lien":"BAN","nb_adr":1,"nb_bat":2}},{"type":"Feature","id":"lien_adresse_bati.21999410","geometry":{"type":"LineString","coordinates":[[3.82818341,48.53397813],[3.82829304,48.53392933]]},"geometry_name":"geom","properties":{"id_adr":"51155_0230_00003","id_bat":"BATIMENT0000002223915443","idu":"51155000AC0066","type_lien":"BAN","nb_adr":1,"nb_bat":1}},{"type":"Feature","id":"lien_adresse_bati.22103399","geometry":{"type":"LineString","coordinates":[[3.83318992,48.53363727],[3.83285436,48.53351642]]},"geometry_name":"geom","properties":{"id_adr":"51155_0240_00002","id_bat":"BATIMENT0000002223915523","idu":"51155000AD0271","type_lien":"BAN","nb_adr":3,"nb_bat":4}},{"type":"Feature","id":"lien_adresse_bati.22339823","geometry":{"type":"LineString","coordinates":[[3.83318992,48.53363727],[3.83282761,48.53338726]]},"geometry_name":"geom","properties":{"id_adr":"51155_0240_00002","id_bat":"BATIMENT0000002223915379","idu":"51155000AD0271","type_lien":"BAN","nb_adr":2,"nb_bat":4}},{"type":"Feature","id":"lien_adresse_bati.22267868","geometry":{"type":"LineString","coordinates":[[3.83293415,48.53373802],[3.83282761,48.53338726]]},"geometry_name":"geom","properties":{"id_adr":"51155_0240_00004","id_bat":"BATIMENT0000002223915379","idu":"51155000AD0271","type_lien":"BAN","nb_adr":2,"nb_bat":5}},{"type":"Feature","id":"lien_adresse_bati.22175187","geometry":{"type":"LineString","coordinates":[[3.83293415,48.53373802],[3.83285436,48.53351642]]},"geometry_name":"geom","properties":{"id_adr":"51155_0240_00004","id_bat":"BATIMENT0000002223915523","idu":"51155000AD0271","type_lien":"BAN","nb_adr":3,"nb_bat":5}},{"type":"Feature","id":"lien_adresse_bati.22077391","geometry":{"type":"LineString","coordinates":[[3.8325458,48.53401963],[3.83256069,48.53414733]]},"geometry_name":"geom","properties":{"id_adr":"51155_0240_00005","id_bat":"BATIMENT0000002223915543","idu":"51155000AD0038","type_lien":"BAN","nb_adr":1,"nb_bat":5}},{"type":"Feature","id":"lien_adresse_bati.22106855","geometry":{"type":"LineString","coordinates":[[3.8325458,48.53401963],[3.83301326,48.53422433]]},"geometry_name":"geom","properties":{"id_adr":"51155_0240_00005","id_bat":"BATIMENT0000002223915386","idu":"51155000AD0038","type_lien":"BAN","nb_adr":1,"nb_bat":5}},{"type":"Feature","id":"lien_adresse_bati.22139923","geometry":{"type":"LineString","coordinates":[[3.8325458,48.53401963],[3.83278166,48.53433171]]},"geometry_name":"geom","properties":{"id_adr":"51155_0240_00005","id_bat":"BATIMENT0000002223915580","idu":"51155000AD0038","type_lien":"BAN","nb_adr":1,"nb_bat":5}},{"type":"Feature","id":"lien_adresse_bati.22140811","geometry":{"type":"LineString","coordinates":[[3.8325458,48.53401963],[3.8331327,48.53400097]]},"geometry_name":"geom","properties":{"id_adr":"51155_0240_00005","id_bat":"BATIMENT0000002223915765","idu":"51155000AD0038","type_lien":"BAN","nb_adr":2,"nb_bat":5}},{"type":"Feature","id":"lien_adresse_bati.21964297","geometry":{"type":"LineString","coordinates":[[3.8325458,48.53401963],[3.83271406,48.5343666]]},"geometry_name":"geom","properties":{"id_adr":"51155_0240_00005","id_bat":"BATIMENT0000002223915579","idu":"51155000AD0038","type_lien":"BAN","nb_adr":1,"nb_bat":5}},{"type":"Feature","id":"lien_adresse_bati.21990248","geometry":{"type":"LineString","coordinates":[[3.83275922,48.53381122],[3.83262668,48.5337691]]},"geometry_name":"geom","properties":{"id_adr":"51155_0240_00008","id_bat":"BATIMENT0000002223915521","idu":"51155000AD0116","type_lien":"BAN","nb_adr":1,"nb_bat":2}},{"type":"Feature","id":"lien_adresse_bati.21970977","geometry":{"type":"LineString","coordinates":[[3.83275922,48.53381122],[3.83281454,48.53352873]]},"geometry_name":"geom","properties":{"id_adr":"51155_0240_00008","id_bat":"BATIMENT0000002223915523","idu":"51155000AD0116","type_lien":"BAN","nb_adr":3,"nb_bat":2}},{"type":"Feature","id":"lien_adresse_bati.22239445","geometry":{"type":"LineString","coordinates":[[3.83253025,48.53389379],[3.832384,48.53386779]]},"geometry_name":"geom","properties":{"id_adr":"51155_0240_00010","id_bat":"BATIMENT0000002223915545","idu":"51155000AD0125","type_lien":"BAN","nb_adr":2,"nb_bat":2}},{"type":"Feature","id":"lien_adresse_bati.22080150","geometry":{"type":"LineString","coordinates":[[3.83253025,48.53389379],[3.8324072,48.53382022]]},"geometry_name":"geom","properties":{"id_adr":"51155_0240_00010","id_bat":"BATIMENT0000002223915544","idu":"51155000AD0125","type_lien":"BAN","nb_adr":1,"nb_bat":2}},{"type":"Feature","id":"lien_adresse_bati.22029603","geometry":{"type":"LineString","coordinates":[[3.83171105,48.53434033],[3.83170556,48.5345365]]},"geometry_name":"geom","properties":{"id_adr":"51155_0240_00011","id_bat":"BATIMENT0000002223915555","idu":"51155000AD0034","type_lien":"BAN","nb_adr":2,"nb_bat":4}},{"type":"Feature","id":"lien_adresse_bati.22055326","geometry":{"type":"LineString","coordinates":[[3.83171105,48.53434033],[3.83189227,48.53441998]]},"geometry_name":"geom","properties":{"id_adr":"51155_0240_00011","id_bat":"BATIMENT0000002223915585","idu":"51155000AD0034","type_lien":"BAN","nb_adr":1,"nb_bat":4}},{"type":"Feature","id":"lien_adresse_bati.22305725","geometry":{"type":"LineString","coordinates":[[3.83171105,48.53434033],[3.83172451,48.53446327]]},"geometry_name":"geom","properties":{"id_adr":"51155_0240_00011","id_bat":"BATIMENT0000002223915553","idu":"51155000AD0034","type_lien":"BAN","nb_adr":1,"nb_bat":4}},{"type":"Feature","id":"lien_adresse_bati.22045289","geometry":{"type":"LineString","coordinates":[[3.83171105,48.53434033],[3.83161473,48.53443745]]},"geometry_name":"geom","properties":{"id_adr":"51155_0240_00011","id_bat":"BATIMENT0000002223915554","idu":"51155000AD0034","type_lien":"BAN","nb_adr":2,"nb_bat":4}},{"type":"Feature","id":"lien_adresse_bati.22023596","geometry":{"type":"LineString","coordinates":[[3.83203283,48.53413117],[3.83124282,48.53403394]]},"geometry_name":"geom","properties":{"id_adr":"51155_0240_00012","id_bat":"BATIMENT0000000065310167","idu":"51155000AD0132","type_lien":"BAN","nb_adr":3,"nb_bat":3}},{"type":"Feature","id":"lien_adresse_bati.22169495","geometry":{"type":"LineString","coordinates":[[3.83203283,48.53413117],[3.83117452,48.53425227]]},"geometry_name":"geom","properties":{"id_adr":"51155_0240_00012","id_bat":"BATIMENT0000002223915569","idu":"51155000AD0132","type_lien":"BAN","nb_adr":3,"nb_bat":3}},{"type":"Feature","id":"lien_adresse_bati.22006195","geometry":{"type":"LineString","coordinates":[[3.83203283,48.53413117],[3.83156866,48.53415099]]},"geometry_name":"geom","properties":{"id_adr":"51155_0240_00012","id_bat":"BATIMENT0000002223915568","idu":"51155000AD0132","type_lien":"BAN","nb_adr":3,"nb_bat":3}},{"type":"Feature","id":"lien_adresse_bati.22299554","geometry":{"type":"LineString","coordinates":[[3.83102135,48.53458356],[3.83134642,48.53459876]]},"geometry_name":"geom","properties":{"id_adr":"51155_0240_00013","id_bat":"BATIMENT0000002223915552","idu":"51155000AC0285","type_lien":"GEO","nb_adr":1,"nb_bat":3}},{"type":"Feature","id":"lien_adresse_bati.21961567","geometry":{"type":"LineString","coordinates":[[3.83102135,48.53458356],[3.83113365,48.53455218]]},"geometry_name":"geom","properties":{"id_adr":"51155_0240_00013","id_bat":"BATIMENT0000002223915551","idu":"51155000AC0285","type_lien":"GEO","nb_adr":1,"nb_bat":3}},{"type":"Feature","id":"lien_adresse_bati.22261124","geometry":{"type":"LineString","coordinates":[[3.83102135,48.53458356],[3.83083756,48.53478166]]},"geometry_name":"geom","properties":{"id_adr":"51155_0240_00013","id_bat":"BATIMENT0000002223915606","idu":"51155000AC0285","type_lien":"GEO","nb_adr":2,"nb_bat":3}},{"type":"Feature","id":"lien_adresse_bati.22177350","geometry":{"type":"LineString","coordinates":[[3.83137258,48.5343517],[3.83124282,48.53403394]]},"geometry_name":"geom","properties":{"id_adr":"51155_0240_00014","id_bat":"BATIMENT0000000065310167","idu":"51155000AD0132","type_lien":"BAN","nb_adr":3,"nb_bat":3}},{"type":"Feature","id":"lien_adresse_bati.22149175","geometry":{"type":"LineString","coordinates":[[3.83137258,48.5343517],[3.83156866,48.53415099]]},"geometry_name":"geom","properties":{"id_adr":"51155_0240_00014","id_bat":"BATIMENT0000002223915568","idu":"51155000AD0132","type_lien":"BAN","nb_adr":3,"nb_bat":3}},{"type":"Feature","id":"lien_adresse_bati.22309639","geometry":{"type":"LineString","coordinates":[[3.83137258,48.5343517],[3.83117452,48.53425227]]},"geometry_name":"geom","properties":{"id_adr":"51155_0240_00014","id_bat":"BATIMENT0000002223915569","idu":"51155000AD0132","type_lien":"BAN","nb_adr":3,"nb_bat":3}},{"type":"Feature","id":"lien_adresse_bati.22307418","geometry":{"type":"LineString","coordinates":[[3.83043174,48.53481708],[3.83036902,48.53524034]]},"geometry_name":"geom","properties":{"id_adr":"51155_0240_00015","id_bat":"BATIMENT0000002223915564","idu":"51155000AC0037","type_lien":"BAN","nb_adr":3,"nb_bat":5}},{"type":"Feature","id":"lien_adresse_bati.22273986","geometry":{"type":"LineString","coordinates":[[3.83043174,48.53481708],[3.83075073,48.53491558]]},"geometry_name":"geom","properties":{"id_adr":"51155_0240_00015","id_bat":"BATIMENT0000002223915596","idu":"51155000AC0037","type_lien":"BAN","nb_adr":3,"nb_bat":5}},{"type":"Feature","id":"lien_adresse_bati.22205143","geometry":{"type":"LineString","coordinates":[[3.83043174,48.53481708],[3.8300604,48.53509639]]},"geometry_name":"geom","properties":{"id_adr":"51155_0240_00015","id_bat":"BATIMENT0000002223915617","idu":"51155000AC0037","type_lien":"BAN","nb_adr":3,"nb_bat":5}},{"type":"Feature","id":"lien_adresse_bati.22244277","geometry":{"type":"LineString","coordinates":[[3.83043174,48.53481708],[3.83068499,48.53528298]]},"geometry_name":"geom","properties":{"id_adr":"51155_0240_00015","id_bat":"BATIMENT0000002223915578","idu":"51155000AC0037","type_lien":"BAN","nb_adr":3,"nb_bat":5}},{"type":"Feature","id":"lien_adresse_bati.22320555","geometry":{"type":"LineString","coordinates":[[3.83043174,48.53481708],[3.83028098,48.5349626]]},"geometry_name":"geom","properties":{"id_adr":"51155_0240_00015","id_bat":"BATIMENT0000002223915563","idu":"51155000AC0037","type_lien":"BAN","nb_adr":3,"nb_bat":5}},{"type":"Feature","id":"lien_adresse_bati.22303930","geometry":{"type":"LineString","coordinates":[[3.83088769,48.53452602],[3.83063663,48.53437521]]},"geometry_name":"geom","properties":{"id_adr":"51155_0240_00016","id_bat":"BATIMENT0000002223915586","idu":"51155000AC0045","type_lien":"BAN","nb_adr":1,"nb_bat":1}},{"type":"Feature","id":"lien_adresse_bati.22303134","geometry":{"type":"LineString","coordinates":[[3.83001471,48.53499991],[3.83075073,48.53491558]]},"geometry_name":"geom","properties":{"id_adr":"51155_0240_00017","id_bat":"BATIMENT0000002223915596","idu":"51155000AC0037","type_lien":"BAN","nb_adr":3,"nb_bat":10}},{"type":"Feature","id":"lien_adresse_bati.22238431","geometry":{"type":"LineString","coordinates":[[3.82993401,48.53503646],[3.83068499,48.53528298]]},"geometry_name":"geom","properties":{"id_adr":"51155_0240_00017","id_bat":"BATIMENT0000002223915578","idu":"51155000AC0037","type_lien":"BAN","nb_adr":3,"nb_bat":10}},{"type":"Feature","id":"lien_adresse_bati.22252184","geometry":{"type":"LineString","coordinates":[[3.82993401,48.53503646],[3.8300604,48.53509639]]},"geometry_name":"geom","properties":{"id_adr":"51155_0240_00017","id_bat":"BATIMENT0000002223915617","idu":"51155000AC0037","type_lien":"BAN","nb_adr":3,"nb_bat":10}},{"type":"Feature","id":"lien_adresse_bati.22344402","geometry":{"type":"LineString","coordinates":[[3.83001471,48.53499991],[3.83036902,48.53524034]]},"geometry_name":"geom","properties":{"id_adr":"51155_0240_00017","id_bat":"BATIMENT0000002223915564","idu":"51155000AC0037","type_lien":"BAN","nb_adr":3,"nb_bat":10}},{"type":"Feature","id":"lien_adresse_bati.22074137","geometry":{"type":"LineString","coordinates":[[3.83001471,48.53499991],[3.83028098,48.5349626]]},"geometry_name":"geom","properties":{"id_adr":"51155_0240_00017","id_bat":"BATIMENT0000002223915563","idu":"51155000AC0037","type_lien":"BAN","nb_adr":3,"nb_bat":10}},{"type":"Feature","id":"lien_adresse_bati.22208614","geometry":{"type":"LineString","coordinates":[[3.82993401,48.53503646],[3.83036902,48.53524034]]},"geometry_name":"geom","properties":{"id_adr":"51155_0240_00017","id_bat":"BATIMENT0000002223915564","idu":"51155000AC0037","type_lien":"BAN","nb_adr":3,"nb_bat":10}},{"type":"Feature","id":"lien_adresse_bati.22018221","geometry":{"type":"LineString","coordinates":[[3.83001471,48.53499991],[3.8300604,48.53509639]]},"geometry_name":"geom","properties":{"id_adr":"51155_0240_00017","id_bat":"BATIMENT0000002223915617","idu":"51155000AC0037","type_lien":"BAN","nb_adr":3,"nb_bat":10}},{"type":"Feature","id":"lien_adresse_bati.21977885","geometry":{"type":"LineString","coordinates":[[3.83001471,48.53499991],[3.83068499,48.53528298]]},"geometry_name":"geom","properties":{"id_adr":"51155_0240_00017","id_bat":"BATIMENT0000002223915578","idu":"51155000AC0037","type_lien":"BAN","nb_adr":3,"nb_bat":10}},{"type":"Feature","id":"lien_adresse_bati.22196674","geometry":{"type":"LineString","coordinates":[[3.82993401,48.53503646],[3.83028098,48.5349626]]},"geometry_name":"geom","properties":{"id_adr":"51155_0240_00017","id_bat":"BATIMENT0000002223915563","idu":"51155000AC0037","type_lien":"BAN","nb_adr":3,"nb_bat":10}},{"type":"Feature","id":"lien_adresse_bati.22023330","geometry":{"type":"LineString","coordinates":[[3.82993401,48.53503646],[3.83075073,48.53491558]]},"geometry_name":"geom","properties":{"id_adr":"51155_0240_00017","id_bat":"BATIMENT0000002223915596","idu":"51155000AC0037","type_lien":"BAN","nb_adr":3,"nb_bat":10}},{"type":"Feature","id":"lien_adresse_bati.22121999","geometry":{"type":"LineString","coordinates":[[3.83052413,48.5346635],[3.8303051,48.53465851]]},"geometry_name":"geom","properties":{"id_adr":"51155_0240_00018","id_bat":"BATIMENT0000002223915550","idu":"51155000AC0046","type_lien":"BAN","nb_adr":1,"nb_bat":2}},{"type":"Feature","id":"lien_adresse_bati.22210807","geometry":{"type":"LineString","coordinates":[[3.83052413,48.5346635],[3.83054673,48.53457375]]},"geometry_name":"geom","properties":{"id_adr":"51155_0240_00018","id_bat":"BATIMENT0000002223915547","idu":"51155000AC0046","type_lien":"BAN","nb_adr":1,"nb_bat":2}},{"type":"Feature","id":"lien_adresse_bati.22051220","geometry":{"type":"LineString","coordinates":[[3.82986947,48.5350666],[3.829927,48.53517595]]},"geometry_name":"geom","properties":{"id_adr":"51155_0240_00019","id_bat":"BATIMENT0000002223915541","idu":"51155000AC0204","type_lien":"GEO","nb_adr":2,"nb_bat":1}},{"type":"Feature","id":"lien_adresse_bati.22212672","geometry":{"type":"LineString","coordinates":[[3.82973241,48.53513683],[3.829927,48.53517595]]},"geometry_name":"geom","properties":{"id_adr":"51155_0240_00019_bis","id_bat":"BATIMENT0000002223915541","idu":"51155000AC0204","type_lien":"BAN","nb_adr":2,"nb_bat":1}},{"type":"Feature","id":"lien_adresse_bati.22335636","geometry":{"type":"LineString","coordinates":[[3.83007987,48.53483753],[3.83012225,48.53475065]]},"geometry_name":"geom","properties":{"id_adr":"51155_0240_00020","id_bat":"BATIMENT0000002207413357","idu":"51155000AC0171","type_lien":"BAN","nb_adr":1,"nb_bat":5}},{"type":"Feature","id":"lien_adresse_bati.22201923","geometry":{"type":"LineString","coordinates":[[3.83007987,48.53483753],[3.82980468,48.5346101]]},"geometry_name":"geom","properties":{"id_adr":"51155_0240_00020","id_bat":"BATIMENT0000002223915592","idu":"51155000AC0171","type_lien":"BAN","nb_adr":1,"nb_bat":5}},{"type":"Feature","id":"lien_adresse_bati.22126018","geometry":{"type":"LineString","coordinates":[[3.83007987,48.53483753],[3.83004868,48.53464031]]},"geometry_name":"geom","properties":{"id_adr":"51155_0240_00020","id_bat":"BATIMENT0000002223915587","idu":"51155000AC0171","type_lien":"BAN","nb_adr":1,"nb_bat":5}},{"type":"Feature","id":"lien_adresse_bati.22121210","geometry":{"type":"LineString","coordinates":[[3.83007987,48.53483753],[3.82999103,48.53465886]]},"geometry_name":"geom","properties":{"id_adr":"51155_0240_00020","id_bat":"BATIMENT0000002223915588","idu":"51155000AC0171","type_lien":"BAN","nb_adr":1,"nb_bat":5}},{"type":"Feature","id":"lien_adresse_bati.22085223","geometry":{"type":"LineString","coordinates":[[3.83007987,48.53483753],[3.82986424,48.53480778]]},"geometry_name":"geom","properties":{"id_adr":"51155_0240_00020","id_bat":"BATIMENT0000002223915593","idu":"51155000AC0171","type_lien":"BAN","nb_adr":1,"nb_bat":5}},{"type":"Feature","id":"lien_adresse_bati.22045293","geometry":{"type":"LineString","coordinates":[[3.82978403,48.53497454],[3.82970486,48.53491211]]},"geometry_name":"geom","properties":{"id_adr":"51155_0240_00022","id_bat":"BATIMENT0000002223915602","idu":"51155000AC0143","type_lien":"BAN","nb_adr":1,"nb_bat":4}},{"type":"Feature","id":"lien_adresse_bati.22096949","geometry":{"type":"LineString","coordinates":[[3.82978403,48.53497454],[3.82948375,48.53478001]]},"geometry_name":"geom","properties":{"id_adr":"51155_0240_00022","id_bat":"BATIMENT0000002223915462","idu":"51155000AC0143","type_lien":"BAN","nb_adr":3,"nb_bat":4}},{"type":"Feature","id":"lien_adresse_bati.22024023","geometry":{"type":"LineString","coordinates":[[3.82978403,48.53497454],[3.82952138,48.53476953]]},"geometry_name":"geom","properties":{"id_adr":"51155_0240_00022","id_bat":"BATIMENT0000002223915391","idu":"51155000AC0143","type_lien":"BAN","nb_adr":1,"nb_bat":4}},{"type":"Feature","id":"lien_adresse_bati.22124452","geometry":{"type":"LineString","coordinates":[[3.82978403,48.53497454],[3.8295753,48.53489021]]},"geometry_name":"geom","properties":{"id_adr":"51155_0240_00022","id_bat":"BATIMENT0000002223915390","idu":"51155000AC0143","type_lien":"BAN","nb_adr":3,"nb_bat":4}},{"type":"Feature","id":"lien_adresse_bati.22276295","geometry":{"type":"LineString","coordinates":[[3.82960937,48.53506572],[3.82923737,48.53505504]]},"geometry_name":"geom","properties":{"id_adr":"51155_0240_00024","id_bat":"BATIMENT0000002223915403","idu":"51155000AC0060","type_lien":"BAN","nb_adr":2,"nb_bat":6}},{"type":"Feature","id":"lien_adresse_bati.22117278","geometry":{"type":"LineString","coordinates":[[3.82960937,48.53506572],[3.82951247,48.53508551]]},"geometry_name":"geom","properties":{"id_adr":"51155_0240_00024","id_bat":"BATIMENT0000002223915397","idu":"51155000AC0060","type_lien":"BAN","nb_adr":2,"nb_bat":6}},{"type":"Feature","id":"lien_adresse_bati.22004575","geometry":{"type":"LineString","coordinates":[[3.82960937,48.53506572],[3.82903647,48.53474315]]},"geometry_name":"geom","properties":{"id_adr":"51155_0240_00024","id_bat":"BATIMENT0000002223915400","idu":"51155000AC0060","type_lien":"BAN","nb_adr":2,"nb_bat":6}},{"type":"Feature","id":"lien_adresse_bati.22278405","geometry":{"type":"LineString","coordinates":[[3.82960937,48.53506572],[3.82942085,48.53480273]]},"geometry_name":"geom","properties":{"id_adr":"51155_0240_00024","id_bat":"BATIMENT0000002223915462","idu":"51155000AC0060","type_lien":"BAN","nb_adr":3,"nb_bat":6}},{"type":"Feature","id":"lien_adresse_bati.22116897","geometry":{"type":"LineString","coordinates":[[3.82960937,48.53506572],[3.82905452,48.53488548]]},"geometry_name":"geom","properties":{"id_adr":"51155_0240_00024","id_bat":"BATIMENT0000002223915402","idu":"51155000AC0060","type_lien":"BAN","nb_adr":2,"nb_bat":6}},{"type":"Feature","id":"lien_adresse_bati.22288458","geometry":{"type":"LineString","coordinates":[[3.82960937,48.53506572],[3.82953175,48.53490654]]},"geometry_name":"geom","properties":{"id_adr":"51155_0240_00024","id_bat":"BATIMENT0000002223915390","idu":"51155000AC0060","type_lien":"BAN","nb_adr":3,"nb_bat":6}},{"type":"Feature","id":"lien_adresse_bati.22313809","geometry":{"type":"LineString","coordinates":[[3.82943486,48.53516589],[3.82953175,48.53490654]]},"geometry_name":"geom","properties":{"id_adr":"51155_0240_00024_bis","id_bat":"BATIMENT0000002223915390","idu":"51155000AC0060","type_lien":"BAN","nb_adr":3,"nb_bat":6}},{"type":"Feature","id":"lien_adresse_bati.21961917","geometry":{"type":"LineString","coordinates":[[3.82943486,48.53516589],[3.82942085,48.53480273]]},"geometry_name":"geom","properties":{"id_adr":"51155_0240_00024_bis","id_bat":"BATIMENT0000002223915462","idu":"51155000AC0060","type_lien":"BAN","nb_adr":3,"nb_bat":6}},{"type":"Feature","id":"lien_adresse_bati.22136818","geometry":{"type":"LineString","coordinates":[[3.82943486,48.53516589],[3.82903647,48.53474315]]},"geometry_name":"geom","properties":{"id_adr":"51155_0240_00024_bis","id_bat":"BATIMENT0000002223915400","idu":"51155000AC0060","type_lien":"BAN","nb_adr":2,"nb_bat":6}},{"type":"Feature","id":"lien_adresse_bati.22309025","geometry":{"type":"LineString","coordinates":[[3.82943486,48.53516589],[3.82923737,48.53505504]]},"geometry_name":"geom","properties":{"id_adr":"51155_0240_00024_bis","id_bat":"BATIMENT0000002223915403","idu":"51155000AC0060","type_lien":"BAN","nb_adr":2,"nb_bat":6}},{"type":"Feature","id":"lien_adresse_bati.21964630","geometry":{"type":"LineString","coordinates":[[3.82943486,48.53516589],[3.82905452,48.53488548]]},"geometry_name":"geom","properties":{"id_adr":"51155_0240_00024_bis","id_bat":"BATIMENT0000002223915402","idu":"51155000AC0060","type_lien":"BAN","nb_adr":2,"nb_bat":6}},{"type":"Feature","id":"lien_adresse_bati.22259173","geometry":{"type":"LineString","coordinates":[[3.82943486,48.53516589],[3.82951247,48.53508551]]},"geometry_name":"geom","properties":{"id_adr":"51155_0240_00024_bis","id_bat":"BATIMENT0000002223915397","idu":"51155000AC0060","type_lien":"BAN","nb_adr":2,"nb_bat":6}},{"type":"Feature","id":"lien_adresse_bati.22085862","geometry":{"type":"LineString","coordinates":[[3.82924609,48.53522118],[3.82877884,48.53461]]},"geometry_name":"geom","properties":{"id_adr":"51155_0240_00026","id_bat":"BATIMENT0000002223915466","idu":"51155000AC0217","type_lien":"BAN","nb_adr":1,"nb_bat":3}},{"type":"Feature","id":"lien_adresse_bati.22333377","geometry":{"type":"LineString","coordinates":[[3.82924609,48.53522118],[3.82863475,48.53484153]]},"geometry_name":"geom","properties":{"id_adr":"51155_0240_00026","id_bat":"BATIMENT0000002223915467","idu":"51155000AC0217","type_lien":"BAN","nb_adr":1,"nb_bat":3}},{"type":"Feature","id":"lien_adresse_bati.22172416","geometry":{"type":"LineString","coordinates":[[3.82924609,48.53522118],[3.82853981,48.53466918]]},"geometry_name":"geom","properties":{"id_adr":"51155_0240_00026","id_bat":"BATIMENT0000002223915441","idu":"51155000AC0217","type_lien":"BAN","nb_adr":1,"nb_bat":3}},{"type":"Feature","id":"lien_adresse_bati.22035900","geometry":{"type":"LineString","coordinates":[[3.82897392,48.53514212],[3.82879909,48.53488916]]},"geometry_name":"geom","properties":{"id_adr":"51155_0240_00030","id_bat":"BATIMENT0000002223915439","idu":"51155000AC0062","type_lien":"BAN","nb_adr":1,"nb_bat":3}},{"type":"Feature","id":"lien_adresse_bati.22298089","geometry":{"type":"LineString","coordinates":[[3.82897392,48.53514212],[3.82882242,48.53511319]]},"geometry_name":"geom","properties":{"id_adr":"51155_0240_00030","id_bat":"BATIMENT0000002223915459","idu":"51155000AC0062","type_lien":"BAN","nb_adr":1,"nb_bat":3}},{"type":"Feature","id":"lien_adresse_bati.22137680","geometry":{"type":"LineString","coordinates":[[3.82897392,48.53514212],[3.82890622,48.53520258]]},"geometry_name":"geom","properties":{"id_adr":"51155_0240_00030","id_bat":"BATIMENT0000002223915460","idu":"51155000AC0062","type_lien":"BAN","nb_adr":2,"nb_bat":3}},{"type":"Feature","id":"lien_adresse_bati.22072054","geometry":{"type":"LineString","coordinates":[[3.81800228,48.52823708],[3.81760157,48.5280762]]},"geometry_name":"geom","properties":{"id_adr":"51155_60rqy3_00001","id_bat":"BATIMENT0000000238874567","idu":"511550000F0548","type_lien":"BAN","nb_adr":2,"nb_bat":2}},{"type":"Feature","id":"lien_adresse_bati.21984458","geometry":{"type":"LineString","coordinates":[[3.81800228,48.52823708],[3.81725421,48.52764423]]},"geometry_name":"geom","properties":{"id_adr":"51155_60rqy3_00001","id_bat":"BATIMENT0000002223913204","idu":"511550000F0548","type_lien":"BAN","nb_adr":2,"nb_bat":2}},{"type":"Feature","id":"lien_adresse_bati.22114298","geometry":{"type":"LineString","coordinates":[[3.81792173,48.52828261],[3.81725421,48.52764423]]},"geometry_name":"geom","properties":{"id_adr":"51155_60rqy3_00001_bis","id_bat":"BATIMENT0000002223913204","idu":"511550000F0548","type_lien":"BAN","nb_adr":2,"nb_bat":2}},{"type":"Feature","id":"lien_adresse_bati.22280374","geometry":{"type":"LineString","coordinates":[[3.81792173,48.52828261],[3.81760157,48.5280762]]},"geometry_name":"geom","properties":{"id_adr":"51155_60rqy3_00001_bis","id_bat":"BATIMENT0000000238874567","idu":"511550000F0548","type_lien":"BAN","nb_adr":2,"nb_bat":2}},{"type":"Feature","id":"lien_adresse_bati.22299885","geometry":{"type":"LineString","coordinates":[[3.83178703,48.53400695],[3.83186701,48.53374112]]},"geometry_name":"geom","properties":{"id_adr":"51155_b2knsd_00001","id_bat":"BATIMENT0000002223915528","idu":"51155000AD0127","type_lien":"BAN","nb_adr":3,"nb_bat":4}},{"type":"Feature","id":"lien_adresse_bati.22278367","geometry":{"type":"LineString","coordinates":[[3.83178703,48.53400695],[3.83174871,48.53378866]]},"geometry_name":"geom","properties":{"id_adr":"51155_b2knsd_00001","id_bat":"BATIMENT0000002223915529","idu":"51155000AD0127","type_lien":"BAN","nb_adr":3,"nb_bat":4}},{"type":"Feature","id":"lien_adresse_bati.22004311","geometry":{"type":"LineString","coordinates":[[3.83178703,48.53400695],[3.83158795,48.53385061]]},"geometry_name":"geom","properties":{"id_adr":"51155_b2knsd_00001","id_bat":"BATIMENT0000002223915534","idu":"51155000AD0127","type_lien":"BAN","nb_adr":3,"nb_bat":4}},{"type":"Feature","id":"lien_adresse_bati.22230569","geometry":{"type":"LineString","coordinates":[[3.83178703,48.53400695],[3.83183773,48.53391563]]},"geometry_name":"geom","properties":{"id_adr":"51155_b2knsd_00001","id_bat":"BATIMENT0000002223915605","idu":"51155000AD0127","type_lien":"BAN","nb_adr":3,"nb_bat":4}},{"type":"Feature","id":"lien_adresse_bati.22196275","geometry":{"type":"LineString","coordinates":[[3.83199505,48.53405497],[3.83174871,48.53378866]]},"geometry_name":"geom","properties":{"id_adr":"51155_b2knsd_00003","id_bat":"BATIMENT0000002223915529","idu":"51155000AD0127","type_lien":"GEO","nb_adr":3,"nb_bat":4}},{"type":"Feature","id":"lien_adresse_bati.22083655","geometry":{"type":"LineString","coordinates":[[3.83199505,48.53405497],[3.83186701,48.53374112]]},"geometry_name":"geom","properties":{"id_adr":"51155_b2knsd_00003","id_bat":"BATIMENT0000002223915528","idu":"51155000AD0127","type_lien":"GEO","nb_adr":3,"nb_bat":4}},{"type":"Feature","id":"lien_adresse_bati.22203278","geometry":{"type":"LineString","coordinates":[[3.83199505,48.53405497],[3.83158795,48.53385061]]},"geometry_name":"geom","properties":{"id_adr":"51155_b2knsd_00003","id_bat":"BATIMENT0000002223915534","idu":"51155000AD0127","type_lien":"GEO","nb_adr":3,"nb_bat":4}},{"type":"Feature","id":"lien_adresse_bati.22326711","geometry":{"type":"LineString","coordinates":[[3.83199505,48.53405497],[3.83183773,48.53391563]]},"geometry_name":"geom","properties":{"id_adr":"51155_b2knsd_00003","id_bat":"BATIMENT0000002223915605","idu":"51155000AD0127","type_lien":"GEO","nb_adr":3,"nb_bat":4}},{"type":"Feature","id":"lien_adresse_bati.21962558","geometry":{"type":"LineString","coordinates":[[3.74985045,48.53409495],[3.75059574,48.53387834]]},"geometry_name":"geom","properties":{"id_adr":"51492_0080_00002","id_bat":"BATIMENT0000002223917523","idu":"51492000YC0103","type_lien":"GEO","nb_adr":1,"nb_bat":2}},{"type":"Feature","id":"lien_adresse_bati.22235528","geometry":{"type":"LineString","coordinates":[[3.74985045,48.53409495],[3.75131721,48.53355087]]},"geometry_name":"geom","properties":{"id_adr":"51492_0080_00002","id_bat":"BATIMENT0000002223917530","idu":"51492000YC0103","type_lien":"GEO","nb_adr":1,"nb_bat":2}},{"type":"Feature","id":"lien_adresse_bati.21988694","geometry":{"type":"LineString","coordinates":[[3.74996436,48.53457732],[3.7501736,48.53465921]]},"geometry_name":"geom","properties":{"id_adr":"51492_0080_00006","id_bat":"BATIMENT0000002223917525","idu":"51492000YC0104","type_lien":"GEO","nb_adr":1,"nb_bat":3}},{"type":"Feature","id":"lien_adresse_bati.22125584","geometry":{"type":"LineString","coordinates":[[3.74996436,48.53457732],[3.75037065,48.53445376]]},"geometry_name":"geom","properties":{"id_adr":"51492_0080_00006","id_bat":"BATIMENT0000002223917527","idu":"51492000YC0104","type_lien":"GEO","nb_adr":1,"nb_bat":3}},{"type":"Feature","id":"lien_adresse_bati.22083880","geometry":{"type":"LineString","coordinates":[[3.74996436,48.53457732],[3.75016066,48.53461477]]},"geometry_name":"geom","properties":{"id_adr":"51492_0080_00006","id_bat":"BATIMENT0000002223917524","idu":"51492000YC0104","type_lien":"GEO","nb_adr":1,"nb_bat":3}}]}