{"type":"FeatureCollection","metadata":{"source":"IGN BD TOPO V3 — BDTOPO_V3:voie_ferree_nommee","service":"https://data.geopf.fr/wfs/ows","request":"GetFeature BDTOPO_V3:voie_ferree_nommee BBOX 755390,6819514,761486,6826372 EPSG:2154 (emprise du terrain V1.7)","retrievedAt":"2026-09-24T19:17:23.149Z","license":"Licence Ouverte Etalab 2.0 — © IGN","crs":"CRS84 (longitude, latitude, altitude BD TOPO)"},"features":[{"type":"Feature","id":"voie_ferree_nommee.154","geometry":{"type":"MultiLineString","coordinates":[[[2.7073968,48.58679652],[2.70580736,48.58686096],[2.7038072,48.58690368],[2.70124594,48.58690447],[2.69945641,48.58686398],[2.69849933,48.58683548],[2.69829056,48.58682955],[2.69734973,48.58680377],[2.69623809,48.58677216],[2.69594527,48.58676421],[2.69434289,48.58671873],[2.69192715,48.58664684],[2.68951142,48.58657399],[2.68709569,48.586502],[2.68650188,48.58649054],[2.68612771,48.58648326],[2.68343948,48.58640688],[2.68186556,48.5863676],[2.68029163,48.5863301],[2.67870547,48.58629794],[2.67694292,48.58628597],[2.67527784,48.58629853],[2.67352055,48.58631262],[2.67133455,48.58636867],[2.66965695,48.58643059],[2.66744353,48.58653147],[2.66700274,48.58655272],[2.66574944,48.58662657],[2.66468061,48.58669013],[2.66300129,48.58680593],[2.66127979,48.58694317],[2.65966943,48.587087],[2.65798975,48.58725489],[2.65473459,48.5876152],[2.65137173,48.58805787],[2.65095236,48.58811691],[2.6480518,48.58855903],[2.64627355,48.58885421],[2.6440023,48.58926122],[2.64220469,48.58960485],[2.64002129,48.59004534],[2.639747,48.59010118],[2.63894041,48.59026785],[2.63647682,48.59082436],[2.6364062,48.59084034],[2.63511457,48.59114043],[2.63374128,48.59148073],[2.63284064,48.59171004],[2.63096451,48.59220528],[2.62974309,48.59253881],[2.62904746,48.59272824],[2.62639637,48.59349445],[2.62612184,48.59357994],[2.62537303,48.59380697],[2.62409682,48.59420684],[2.62358578,48.59436714],[2.62260979,48.59469058],[2.62218703,48.59483137],[2.62197633,48.59490086],[2.62067544,48.5953312],[2.61711182,48.59659982],[2.61529765,48.59729291],[2.61343566,48.59802629],[2.61099658,48.59903122],[2.60892858,48.59991228],[2.6076753,48.60047306],[2.60628034,48.60111342],[2.60447152,48.60195478],[2.60345204,48.60243444],[2.60235633,48.60294801],[2.60001516,48.6040394],[2.59888538,48.60456542],[2.59765345,48.60514325],[2.59755,48.60519058],[2.5965073,48.60567459],[2.59518547,48.60629438],[2.5949241,48.60641672],[2.59443543,48.60663904],[2.59381054,48.60693646],[2.59324012,48.60720527],[2.59274728,48.60743836],[2.59252133,48.60754013],[2.59193192,48.60780707],[2.5912907,48.60810711],[2.5908319,48.60832142],[2.59047657,48.60848751],[2.58997961,48.60872507],[2.58946769,48.60896618],[2.58892994,48.6092144],[2.58849158,48.60941617],[2.58796332,48.60966352],[2.58741187,48.60992697],[2.58699515,48.61013511],[2.58659744,48.61033882],[2.58616701,48.61056401],[2.5857938,48.61075791],[2.58539184,48.61098409],[2.58498159,48.61122913],[2.58468308,48.61140979],[2.58441182,48.61157435],[2.5841351,48.6117434],[2.58379697,48.611959],[2.58352835,48.61213347],[2.58297051,48.61251202],[2.5826758,48.61272417],[2.58232644,48.61298471],[2.58206169,48.61318257],[2.58201248,48.61322917],[2.58184193,48.61335181],[2.58164675,48.61350135],[2.58150619,48.6136052],[2.58134508,48.61373416],[2.5813246,48.61375028],[2.58109797,48.61393029],[2.58076606,48.61421247],[2.58023059,48.61467204],[2.579755,48.61510663],[2.57937489,48.61547679],[2.57898512,48.6158658],[2.5786335,48.61623426],[2.57833791,48.61655164],[2.57819696,48.61670226],[2.57778616,48.61717396],[2.57737808,48.61764386],[2.57720134,48.61785732],[2.57710413,48.61796671],[2.57700424,48.6180725],[2.57680561,48.61830837],[2.57675767,48.61836487],[2.57656184,48.61858995],[2.57631938,48.61887783],[2.57606334,48.61916567],[2.57580179,48.61946338],[2.57531,48.62004631],[2.57503474,48.62036016],[2.57477047,48.62065786],[2.57428702,48.62121293],[2.57410066,48.62143894],[2.57393773,48.62162006],[2.57356648,48.6220568],[2.5733816,48.62226752],[2.57323638,48.62243881],[2.57307336,48.62263072],[2.57258691,48.62321546],[2.57244569,48.62339576],[2.57230859,48.62356887],[2.57217692,48.623742],[2.57200398,48.62398335],[2.57188045,48.62415651],[2.57172117,48.62438712],[2.57159754,48.62457107],[2.57146426,48.62477478],[2.57135978,48.62494082],[2.57124976,48.62512032],[2.57120434,48.62519842],[2.57114928,48.62529447],[2.57104744,48.62546951],[2.57094691,48.62564905],[2.57081176,48.62591482],[2.57069876,48.62612579],[2.57060357,48.62631615],[2.57049852,48.62655144],[2.57038785,48.6268092],[2.5702661,48.62709391],[2.57015943,48.62736068],[2.56988032,48.62813505],[2.56980636,48.62838305],[2.56972668,48.62866701],[2.56964704,48.62894647],[2.56958263,48.6291882],[2.56943449,48.62971118],[2.56917923,48.6305531],[2.56885116,48.63166551],[2.56878435,48.63186856],[2.56872328,48.63203384],[2.56864711,48.63221977],[2.56856544,48.63241376],[2.56849491,48.63257452],[2.56841209,48.63274333],[2.56832101,48.6329265],[2.56815842,48.63322455],[2.56801256,48.63346778],[2.56788469,48.63366881],[2.56773626,48.63389405],[2.56758928,48.6341085],[2.56726113,48.63456785],[2.56721856,48.63462887],[2.56701535,48.63491327],[2.56682313,48.63518152],[2.56665423,48.63542018],[2.56650723,48.63563553],[2.56639036,48.6358177],[2.56625143,48.63604207],[2.56623354,48.63607169],[2.56612068,48.63626197],[2.56598713,48.63649176],[2.56584229,48.63677278],[2.56581335,48.63682574],[2.56579406,48.63686075],[2.56577611,48.63689757],[2.56576234,48.63692181],[2.56568514,48.63706634],[2.56534138,48.6377667]],[[2.75306674,48.56952632],[2.75291291,48.56966813],[2.75290202,48.569678],[2.7527441,48.5698243],[2.75140773,48.57094774],[2.75046721,48.57176706],[2.74899734,48.57300714],[2.74813202,48.57367637],[2.74739065,48.57421632],[2.74659767,48.57477505],[2.74568376,48.57538659],[2.74351342,48.57678342],[2.74273549,48.57729717],[2.74203243,48.57774452],[2.74123954,48.57826004],[2.74051887,48.57870014],[2.73920163,48.57942409],[2.73843645,48.57981101],[2.73797033,48.58003307],[2.73698388,48.58047527],[2.73566622,48.58099408],[2.73555754,48.58103792],[2.73554396,48.58104239],[2.73499105,48.58126694],[2.73473305,48.58134822],[2.73472354,48.5813518],[2.73433237,48.58149305],[2.73427268,48.58150192],[2.73204577,48.58218597],[2.72917009,48.58299624],[2.72844385,48.58316999],[2.72911358,48.58291245],[2.73053277,48.58244612],[2.73194934,48.58195367],[2.73286506,48.58157253],[2.73359464,48.58126832],[2.7347456,48.58074376],[2.73507587,48.58057988],[2.73591714,48.58016616],[2.73644305,48.57991546],[2.73734553,48.57945779],[2.73780356,48.57922492],[2.73897104,48.57863289],[2.73908794,48.57856928],[2.74109385,48.57756618],[2.74334868,48.57637647],[2.74348871,48.57629221],[2.74582035,48.57489393],[2.74699662,48.57412643],[2.7479908,48.57344579],[2.74973066,48.57215951],[2.75023542,48.57176747],[2.75133608,48.57090891],[2.75287491,48.56967794],[2.75288851,48.56966808],[2.75306674,48.56952632]],[[2.75306674,48.56952632],[2.75312389,48.56947786],[2.75312797,48.56947517],[2.75358106,48.5691082],[2.75383151,48.56888203],[2.75441105,48.56842626],[2.75618525,48.56697354],[2.75620436,48.56694389],[2.75684242,48.56642706],[2.7573976,48.56595323],[2.75817301,48.56533142],[2.75872806,48.56487828],[2.75987764,48.56392978],[2.7604912,48.56342097],[2.76052792,48.56339136],[2.76055785,48.56336623],[2.76169789,48.5624159],[2.76363495,48.56081856],[2.76503053,48.5596708],[2.76666953,48.5583202],[2.76876002,48.55658634],[2.76905924,48.55633684],[2.7692455,48.55619688],[2.77044095,48.55520608],[2.77048986,48.55517829],[2.77068706,48.55501315],[2.7725529,48.5534659],[2.77516103,48.55131551],[2.77614554,48.55048978],[2.77662543,48.55011556],[2.7772944,48.54956269],[2.77730528,48.54955281],[2.77735831,48.54950884],[2.77740998,48.54946575],[2.77754186,48.54935805],[2.77835356,48.5486912],[2.77847181,48.54860146],[2.77958111,48.54771835],[2.78070656,48.54685056],[2.78154233,48.54624039],[2.78164969,48.54616233],[2.78288498,48.54525333],[2.7850859,48.54375326],[2.78578408,48.54330474],[2.7858601,48.5432662],[2.78681377,48.54261842],[2.78779575,48.54199588],[2.78892157,48.54130972],[2.78920267,48.541142],[2.78998211,48.5406801],[2.79159933,48.53972401],[2.79280519,48.53898397],[2.79424301,48.53815167],[2.79541344,48.53744573],[2.797245,48.53635589],[2.79767676,48.53609576],[2.79882537,48.53540324],[2.8009853,48.53412499],[2.80195187,48.53355177],[2.80309354,48.53287449],[2.80430985,48.53215055],[2.80478088,48.53187246],[2.80534287,48.53153784],[2.80641529,48.5308847],[2.80730314,48.53032481],[2.8085629,48.52953972],[2.80941826,48.52896267],[2.81011478,48.52848521],[2.81114255,48.52778698],[2.811956,48.52717296],[2.81216378,48.52701496],[2.81281697,48.52652122],[2.8141098,48.52552562],[2.81462044,48.52512161],[2.81664287,48.52342905],[2.8171021,48.52299975],[2.81886963,48.52135173],[2.81909664,48.5211011],[2.81951789,48.52067894],[2.82019323,48.51999988],[2.82119762,48.5189228],[2.82201452,48.51801545],[2.82261696,48.5172535],[2.82288472,48.51695254],[2.82299765,48.51679348],[2.82323004,48.51654195],[2.82336476,48.51634424],[2.8237617,48.51587884],[2.82381477,48.51580246],[2.82401209,48.51550769],[2.82429892,48.51517167],[2.82494077,48.5143459],[2.82604637,48.51289829],[2.82668278,48.51206261],[2.8285891,48.50958431],[2.82942667,48.50848172],[2.8302642,48.50737913],[2.8311017,48.50627653],[2.8315924,48.50565831],[2.83256991,48.50435978],[2.83318434,48.50356181],[2.83320744,48.50353305],[2.83323463,48.50349711],[2.83362613,48.50298399],[2.83414539,48.50230462],[2.83487802,48.50135298],[2.83549781,48.5005496],[2.83687292,48.49886836],[2.83833717,48.4972196],[2.83966522,48.49581983],[2.84133358,48.49420369],[2.8426297,48.49302155],[2.8438427,48.4920066],[2.84511527,48.49096923],[2.84686506,48.4896248],[2.84719331,48.48937333],[2.84807349,48.48873125],[2.85202215,48.48598435],[2.85203573,48.48596817],[2.85205201,48.4859511],[2.85447906,48.48425385],[2.85759463,48.48208688],[2.85764208,48.48205455],[2.85768546,48.48202491],[2.85796068,48.48183003],[2.85940723,48.48081249],[2.86270004,48.47849626],[2.86402573,48.47757209],[2.86530394,48.47668023],[2.86667835,48.475721],[2.86684366,48.47562313],[2.86724215,48.47534289],[2.86903798,48.47409173],[2.87083373,48.47283964],[2.87263074,48.47158662],[2.87654706,48.46884064],[2.87759318,48.46809144],[2.87875584,48.4672461],[2.87958109,48.4666316],[2.87964342,48.46658578],[2.87967595,48.46655883],[2.88048225,48.4659425],[2.88160699,48.4650719],[2.88277918,48.46413746],[2.88400288,48.46313469],[2.88487969,48.46239156],[2.88512769,48.46218219],[2.88595572,48.46146149],[2.88700059,48.46053588],[2.88809836,48.45952215],[2.88872856,48.45893259],[2.88951866,48.45819294],[2.89086713,48.45690323],[2.89161382,48.45619591],[2.89289303,48.45499337],[2.89353942,48.45436872],[2.89411533,48.45381326],[2.89514918,48.45284079],[2.89519254,48.45280034],[2.89522777,48.45276709],[2.8959486,48.45208131],[2.89637947,48.45167055],[2.89825869,48.44988282],[2.89907021,48.44911253],[2.89919214,48.44899838],[2.9007745,48.44748474],[2.90215355,48.44617603],[2.90301372,48.44535987],[2.9036883,48.44472078],[2.90370591,48.4447037],[2.90467846,48.44378416],[2.90482883,48.44363045],[2.90490467,48.44356034],[2.90572685,48.44277472],[2.90710834,48.44147673],[2.90799005,48.44062637],[2.90895976,48.43970139],[2.9092875,48.43938947],[2.91098301,48.43777771],[2.91330402,48.43556542],[2.91402846,48.43487053],[2.91420721,48.43468983],[2.91440083,48.43451184],[2.91475151,48.43418823],[2.91478129,48.43415946],[2.91547996,48.43349063],[2.91597417,48.43301687],[2.91643449,48.43259076],[2.9173849,48.43170978],[2.91753381,48.43157764],[2.91848412,48.43073893],[2.91946817,48.42991643],[2.92007591,48.42940765],[2.92032223,48.42921439],[2.92156194,48.4282382],[2.92355118,48.42676949],[2.92382315,48.42658254],[2.9252398,48.42561092],[2.92558076,48.42537633],[2.9267294,48.42462674],[2.92811061,48.42379451],[2.92951476,48.42295059],[2.92978125,48.42279061],[2.93081871,48.42221635],[2.93150177,48.42183889],[2.9320455,48.42153782],[2.93304771,48.4210148],[2.93465033,48.4202177],[2.93497625,48.42006404],[2.93524267,48.41993464],[2.9354063,48.41985556],[2.93583094,48.41964977],[2.93625287,48.41945388],[2.93669778,48.4192436],[2.93774578,48.41877543],[2.93858821,48.41840702],[2.93896683,48.41824438],[2.94037579,48.41764413],[2.94043934,48.41761627],[2.94207137,48.41692435],[2.94430502,48.41597989],[2.94517169,48.41561323],[2.94666838,48.41498056],[2.94856794,48.41417441],[2.95042282,48.41338981],[2.95150029,48.41293593],[2.95165982,48.41286582],[2.95192345,48.41275077],[2.95251828,48.41249731],[2.95296575,48.41230676],[2.95302659,48.41228069],[2.95478942,48.41152837],[2.95488675,48.41148792],[2.95571541,48.41114007],[2.95580869,48.41109962],[2.95643728,48.41083445],[2.95647648,48.41081737],[2.95710101,48.4105549],[2.9577323,48.41027534],[2.95858257,48.40989598],[2.95935985,48.40953819],[2.96013442,48.40917049],[2.9602331,48.40912015],[2.9607184,48.4088756],[2.96204854,48.4081959],[2.96250815,48.40794864],[2.96325026,48.40755032],[2.96418974,48.40701171],[2.96437358,48.40690561],[2.96529277,48.40636519],[2.96561314,48.40616826],[2.96618898,48.40581396],[2.96702706,48.4052708],[2.96723658,48.40513141],[2.96735418,48.40505407],[2.96757317,48.40490749],[2.96817198,48.40450191],[2.96830175,48.40441018],[2.96833824,48.40438589],[2.96890462,48.4039902],[2.96946694,48.4035693],[2.96947505,48.40356391],[2.96959129,48.40348117],[2.96996166,48.40320866],[2.97021173,48.4030234],[2.97107546,48.40235606],[2.97115656,48.40229311],[2.9719919,48.40163386],[2.9724893,48.40124532],[2.97251363,48.40122553],[2.97276368,48.40103216],[2.97300833,48.40084059],[2.97369765,48.40029375],[2.9742126,48.39987822],[2.97424774,48.39985124],[2.97479917,48.39941952],[2.97554792,48.3988349],[2.97608716,48.39842116],[2.97636827,48.3981981],[2.97649937,48.39809377],[2.97668857,48.39794356],[2.97760891,48.39722041],[2.97783865,48.39704142],[2.97790217,48.39699015],[2.97795893,48.39694698],[2.97799136,48.3969209],[2.9780738,48.39685703],[2.97844949,48.39656381],[2.97848327,48.39653593],[2.97887247,48.39623281],[2.97894004,48.39618064],[2.97898463,48.39614557],[2.97903734,48.39610509],[2.97909274,48.39606192],[2.97968734,48.3955888],[2.9806603,48.39482784],[2.98228723,48.39355687],[2.98265476,48.39326633],[2.98355196,48.39256022],[2.98465991,48.39170929],[2.98582456,48.39086824],[2.98603263,48.39071353],[2.98649739,48.39036991],[2.98695269,48.39005867],[2.98700268,48.39002359],[2.98705537,48.38998851],[2.98715399,48.38992104],[2.98791461,48.38939752],[2.98900889,48.3886608],[2.98941552,48.38840173],[2.9894574,48.38837384],[2.98952765,48.38832886],[2.9902747,48.38784491],[2.99125138,48.38723591],[2.99146077,48.38710637],[2.99151885,48.38707039],[2.99157289,48.3870389],[2.99158369,48.38703171],[2.99162827,48.38700472],[2.99164448,48.38699572],[2.99201731,48.38676543],[2.99212673,48.38669976],[2.99308986,48.38611594],[2.99359776,48.38581278],[2.9936653,48.3857723],[2.99395571,48.38560047],[2.99494987,48.38503733],[2.99571708,48.38461091],[2.9958562,48.38453445],[2.99627762,48.38430504],[2.996826,48.38400457],[2.99801324,48.38338382],[2.99839547,48.3831877],[2.99909779,48.38282604],[3.00023635,48.38225925],[3.00065233,48.38206402],[3.00120067,48.38180491],[3.00137354,48.38172213],[3.00177195,48.3815269],[3.00218387,48.38134336],[3.00281592,48.38104915],[3.00330211,48.38082602],[3.0038018,48.38060379],[3.00454997,48.38027088],[3.00537242,48.37989298],[3.00637311,48.37945749],[3.00717257,48.37913266],[3.00798823,48.37880963],[3.00876202,48.37851808],[3.00962763,48.37818963],[3.01042436,48.37790976],[3.01115087,48.37765509],[3.01191788,48.3773977],[3.01259846,48.37717901],[3.01336006,48.37694231],[3.01412166,48.37671911],[3.01486029,48.3764986],[3.01542338,48.37633118],[3.01696815,48.37592162],[3.01851021,48.37554982],[3.01971063,48.37526803],[3.02076792,48.37504563],[3.0223221,48.37473856],[3.02378312,48.37448096],[3.02432863,48.37438639],[3.02499028,48.37428548],[3.02531165,48.37423863],[3.02576399,48.37417106],[3.02659037,48.37405212],[3.02748291,48.37393226],[3.0283822,48.37382319],[3.02948674,48.37370236],[3.03054402,48.37358693],[3.03135015,48.37351745],[3.03205635,48.37345878],[3.0329192,48.37339736],[3.03372804,48.37335395],[3.03489201,48.37328884],[3.03608705,48.37324799],[3.03838531,48.37316],[3.03848523,48.37315637],[3.04027441,48.3730955],[3.04172196,48.37305541],[3.04319651,48.3730108],[3.04586337,48.37290544],[3.04768899,48.37284534],[3.04997641,48.37276072],[3.05123759,48.3727107],[3.05235969,48.37267332],[3.0526365,48.37266331],[3.05359656,48.37263049],[3.05595688,48.37255022],[3.05926239,48.37242986],[3.06212768,48.37232223],[3.06373721,48.3722593],[3.06426922,48.37223832],[3.0644056,48.37224094],[3.06567485,48.37218986],[3.06647287,48.37216693],[3.06724118,48.372144],[3.06821205,48.37212365],[3.06912349,48.37209703],[3.07036709,48.37205762],[3.07172005,48.37200372],[3.07303249,48.37194354],[3.07416534,48.37189426],[3.07642163,48.37181815],[3.07757205,48.37177962],[3.07837816,48.37175569],[3.07981615,48.37169086],[3.08215884,48.37161098],[3.0844259,48.37153292],[3.08737346,48.37142462],[3.09039528,48.37131349],[3.09334417,48.37120684],[3.09546132,48.37113228],[3.09567871,48.37112761],[3.09744886,48.37106859],[3.09880582,48.37101708],[3.10102014,48.37092705],[3.10137525,48.37091505],[3.10380023,48.37083108],[3.10667616,48.37072596],[3.10948052,48.37062983],[3.11252113,48.37051093],[3.11513105,48.37041935],[3.11611263,48.37038331],[3.11702129,48.37034643],[3.11721166,48.37033634],[3.11730618,48.37033535],[3.1174115,48.37033524],[3.11769232,48.37031697],[3.11850373,48.37026668],[3.11979716,48.3702051],[3.12061664,48.37014129],[3.12076244,48.37012945],[3.12085155,48.37012306],[3.12190324,48.37004821],[3.12301294,48.369949],[3.12312364,48.36993898],[3.12415639,48.36984614],[3.12539431,48.36972878],[3.12704385,48.36952369],[3.12781191,48.3694257],[3.12820877,48.36937489],[3.12868526,48.36931409],[3.13039271,48.36905852],[3.1317411,48.3688519],[3.13296117,48.36863461],[3.13337552,48.36856577],[3.1334835,48.36854765],[3.13374937,48.36849967],[3.13451594,48.36835485],[3.13514484,48.36823358],[3.13611108,48.36803185],[3.13720685,48.36779397],[3.13829719,48.36754978],[3.13931194,48.36731918],[3.14035228,48.36706784],[3.14159633,48.36675596],[3.14269592,48.36645235],[3.14379553,48.36616042],[3.14493148,48.36583335],[3.14628861,48.36542143],[3.14671083,48.36528595],[3.14794377,48.36489216],[3.14999132,48.36419862],[3.15288554,48.3631117],[3.15576995,48.36194195],[3.15802022,48.36094301],[3.15860666,48.36066513],[3.160006,48.36000737],[3.1621694,48.35890591],[3.16245242,48.35875347],[3.16491204,48.35743922],[3.16597538,48.35687543],[3.16676514,48.35646136],[3.1675535,48.3560383],[3.16831757,48.35562156],[3.16911669,48.35519306],[3.1700937,48.35467704],[3.17114744,48.35410152],[3.1725677,48.35333562],[3.17436387,48.35237481],[3.17567626,48.35167291],[3.17693201,48.35099627],[3.17701151,48.35095386],[3.17819177,48.35031601],[3.17827126,48.3502736],[3.17835075,48.3502321],[3.17846528,48.35017165],[3.18010226,48.34929646],[3.18176613,48.34840682],[3.18321711,48.34763714],[3.18366571,48.34739443],[3.18474747,48.34681064],[3.18641117,48.34591733],[3.18771248,48.34522431],[3.18819741,48.34496262],[3.18886688,48.34459898],[3.1905803,48.34368394],[3.19078235,48.34357655],[3.19207544,48.34288349],[3.19260748,48.34259742],[3.19277046,48.34251168],[3.19337116,48.34218051],[3.1943827,48.34164263],[3.19601379,48.34077713],[3.1967572,48.34036833],[3.19699558,48.34023747],[3.19822924,48.33957593],[3.19907772,48.33912286],[3.19982111,48.33872124],[3.20033962,48.33844685],[3.20076787,48.3382176],[3.20130792,48.33793148],[3.20134157,48.33791073],[3.20143987,48.33785478],[3.20182232,48.33764809],[3.20241758,48.33733668],[3.20359183,48.33669857],[3.20445507,48.33624813],[3.20515524,48.33585645],[3.20575044,48.33554052],[3.20636991,48.33522185],[3.20723706,48.33474798],[3.20858763,48.33402855],[3.20875324,48.33393738],[3.20927299,48.33365936],[3.2102815,48.33311954],[3.21099644,48.3327305],[3.21174507,48.33233419],[3.21249772,48.33193337],[3.21305782,48.33163456],[3.21397599,48.33112997],[3.21491171,48.33063163],[3.21538698,48.33038065],[3.21557682,48.33028223],[3.21642094,48.32982724],[3.21771469,48.32912939],[3.21841205,48.32875922],[3.21876208,48.32857324],[3.21991442,48.3279521],[3.22100488,48.32738055],[3.22108699,48.32733541],[3.22220426,48.32673051],[3.22313042,48.32624113],[3.22397575,48.32578517],[3.22498393,48.32523804],[3.22575121,48.3248353],[3.22626131,48.32455272],[3.22646321,48.32444257],[3.22688451,48.32421773],[3.22723188,48.32405422],[3.22761278,48.32384655],[3.22869884,48.32323355],[3.22960712,48.32269376],[3.23049784,48.322154],[3.23155382,48.32146456],[3.23233118,48.320925],[3.23347826,48.3201031],[3.23461157,48.31922903],[3.23555376,48.3184588],[3.23618133,48.31792402],[3.23706939,48.31712599],[3.23777597,48.31646958],[3.23871598,48.31553737],[3.23895904,48.31529756],[3.24006263,48.31415898],[3.24117293,48.31302217],[3.24185617,48.312301],[3.24277709,48.3113553],[3.24356239,48.31054843],[3.24436781,48.30972082],[3.24500802,48.30904651],[3.24585901,48.30816841],[3.24668052,48.30733535],[3.24734504,48.30668166],[3.2480271,48.30603063],[3.24874684,48.30536692],[3.24900201,48.30514145],[3.24932165,48.30486006],[3.2498751,48.30440003],[3.25042184,48.30395081],[3.25112176,48.3033834],[3.25206628,48.30264721],[3.25302149,48.3018939],[3.25318941,48.30175948],[3.25411768,48.30101971],[3.25517763,48.30018788],[3.25522063,48.30015539],[3.25628052,48.29931995],[3.25648068,48.29916296],[3.25721011,48.29859095],[3.25805353,48.29789452],[3.25885655,48.29721437],[3.25947675,48.29665067],[3.26044706,48.29572361],[3.26050744,48.2956632],[3.26123193,48.29493012],[3.2612601,48.29490036],[3.2613513,48.29480209],[3.26139289,48.29476061],[3.26205013,48.29406546],[3.26216007,48.29393925],[3.26278482,48.29322258],[3.26341069,48.29246451],[3.26403093,48.29166236],[3.26451706,48.29100536],[3.26512227,48.29016905],[3.26568041,48.28936073],[3.26581022,48.2891706],[3.26639117,48.28834333],[3.26690509,48.28759628],[3.26744443,48.28681409],[3.26752339,48.28669965],[3.26807748,48.28590392],[3.26876262,48.28490275],[3.26929524,48.28413406],[3.26946654,48.28388984],[3.27007536,48.2830004],[3.27052367,48.28235966],[3.27120748,48.28138007],[3.27178549,48.28054108],[3.27241035,48.279639],[3.27298566,48.27880631],[3.27332545,48.27830796],[3.27349537,48.27806194],[3.27398233,48.27735271],[3.27465918,48.27635602],[3.2750712,48.27575763],[3.27562236,48.27496097],[3.27724905,48.27262321],[3.27740154,48.27240242],[3.27880733,48.27037287],[3.27988926,48.26879485],[3.28023163,48.26829827],[3.28027308,48.26823609],[3.28031188,48.26818202],[3.28127474,48.26678331],[3.28260671,48.26486456],[3.28292229,48.26440762],[3.28297844,48.26432471],[3.28301189,48.26427874],[3.28364837,48.26335587],[3.28447339,48.26216621],[3.28550285,48.26066383],[3.28596148,48.2600077],[3.28634118,48.25945972],[3.28654844,48.2591659],[3.28661396,48.25907307],[3.28674101,48.2588955],[3.28711254,48.25833495],[3.28759362,48.25760318],[3.28817926,48.25677397],[3.28914029,48.2553626],[3.29024727,48.2537961],[3.29138575,48.25208824],[3.29194549,48.25122849],[3.29228348,48.25071119],[3.29284696,48.24980103],[3.29355307,48.24862238],[3.29411875,48.24763303],[3.29466176,48.24668602],[3.29519276,48.24576603],[3.2957344,48.24482262],[3.29585044,48.24461628],[3.29622526,48.24395671],[3.29666558,48.2432079],[3.29717416,48.24238423],[3.29760131,48.24169393],[3.29801546,48.24108824],[3.29853918,48.24032841],[3.29881846,48.23993271],[3.29899886,48.23967942],[3.29941452,48.23910881],[3.2998477,48.23853995],[3.30031042,48.23795842],[3.3007906,48.23736875],[3.30110617,48.23696755],[3.3016065,48.23637242],[3.30209895,48.2358133],[3.30241476,48.23545618],[3.30250978,48.23534977],[3.30294747,48.23487626],[3.30333975,48.23446856],[3.30367168,48.23410779],[3.30374934,48.23402841],[3.30384575,48.23393009],[3.30404527,48.23373073],[3.30451923,48.23324453],[3.30492901,48.23283947],[3.30532941,48.23244523],[3.30575005,48.23205724],[3.30635283,48.23149692],[3.30704003,48.23086439],[3.30729059,48.23064509],[3.30770195,48.23028771],[3.30828752,48.22978411],[3.30882893,48.2293292],[3.3096127,48.22864062],[3.30998247,48.22831573],[3.31057189,48.22778691],[3.31122035,48.22722554],[3.31177639,48.22674809],[3.31249039,48.22611636],[3.31306917,48.22561725],[3.3136962,48.22508471],[3.31445568,48.22440786],[3.31462044,48.22426165],[3.31535987,48.22361454],[3.3162398,48.22282217],[3.3162706,48.2227933],[3.31635628,48.22271119],[3.31649151,48.22258306],[3.31730689,48.22180976],[3.31768569,48.22143533],[3.31886033,48.22018056],[3.31976158,48.21914787],[3.32047503,48.21823535],[3.3212336,48.21721923],[3.3218782,48.2162844],[3.32224895,48.21570482],[3.32253286,48.21523706],[3.32302054,48.21440792],[3.32344278,48.21366713],[3.32375396,48.21303913],[3.32408092,48.21235169],[3.32428142,48.21189765],[3.32431464,48.21182647],[3.32446472,48.21149404],[3.32453238,48.21133189],[3.32455361,48.21128144],[3.32458281,48.21121388],[3.32465978,48.21103281],[3.32488763,48.21043202],[3.32516015,48.20965295],[3.32538475,48.20896399],[3.32564215,48.20813727],[3.32575434,48.20777524],[3.32588631,48.20734657],[3.32605897,48.20675043],[3.32610778,48.20659014],[3.32632505,48.20580671],[3.32662063,48.20484671],[3.32684495,48.20411816],[3.32710875,48.20324463],[3.32737721,48.20247365],[3.32763508,48.20173331],[3.32770647,48.20152435],[3.3277779,48.2013226],[3.32815074,48.20045686],[3.3285277,48.1996073],[3.32895043,48.19876121],[3.3293733,48.19793852],[3.32997653,48.19690566],[3.33036566,48.19628911],[3.33087096,48.19552646],[3.33136851,48.19481782],[3.33183679,48.19416685],[3.33193153,48.19403701],[3.33246964,48.19336334],[3.33312275,48.19257508],[3.33333113,48.19232884],[3.33373591,48.1918571],[3.33447776,48.19106317],[3.33462484,48.19091249],[3.33528532,48.19023666],[3.3358029,48.1897331],[3.33586709,48.18966903],[3.33594734,48.18959232],[3.33597141,48.18956885],[3.33651861,48.1890688],[3.33716889,48.18848747],[3.33781397,48.18793765],[3.33849532,48.18737961],[3.33908305,48.18691273],[3.33958118,48.18653428],[3.34018647,48.18608083],[3.34077183,48.18566793],[3.341589,48.18510679],[3.34175912,48.18498752],[3.34237542,48.18457812],[3.34264471,48.18439828],[3.34283368,48.18428255],[3.34284841,48.18427261],[3.34294892,48.18421023],[3.3429811,48.18419215],[3.34335101,48.18396702],[3.34343543,48.18391368],[3.34356142,48.18383863],[3.34434821,48.18337384],[3.3448496,48.18309253],[3.34548505,48.18273795],[3.34641684,48.18222953],[3.34749353,48.18166128],[3.34859725,48.18111454],[3.34967434,48.18061376],[3.34992115,48.18050055],[3.35106949,48.17999595],[3.35204488,48.17958453],[3.35282188,48.17928527],[3.35308759,48.1791828],[3.35405248,48.17881548],[3.35520009,48.17841342],[3.356137,48.17809116],[3.35715722,48.17775425],[3.35838156,48.17736542],[3.35874538,48.17725094],[3.35896688,48.17718008],[3.35944212,48.17703106],[3.35987709,48.17689476],[3.36117527,48.17648768],[3.36234181,48.17611428],[3.36242235,48.17608794],[3.36349359,48.17574902],[3.36436611,48.17546738],[3.36708653,48.17452675],[3.36901838,48.17375678],[3.37007537,48.17331706],[3.37048844,48.1731349],[3.37116436,48.17283764],[3.37235632,48.17227509],[3.37334029,48.17178968],[3.37427035,48.17129094],[3.37516424,48.1708175],[3.37617304,48.1702366],[3.37654807,48.17000955],[3.3767155,48.16990824],[3.37677979,48.16986934],[3.37725127,48.16958619],[3.37811903,48.16904082],[3.37875375,48.16863746],[3.37957293,48.16807514],[3.38031835,48.16754455],[3.38033976,48.16752828],[3.38044682,48.16745235],[3.38049902,48.16741619],[3.38140872,48.16672759],[3.38216297,48.16612047],[3.38304814,48.16539414],[3.38389157,48.16466345],[3.38394903,48.16461197],[3.38407062,48.1645009],[3.38430445,48.16428688],[3.38458772,48.1640295],[3.38543715,48.16320609],[3.38626106,48.16239086],[3.38698464,48.16165333],[3.38767224,48.16096361],[3.38828233,48.16034522],[3.38832907,48.16029917],[3.38921952,48.15940001],[3.39027168,48.15836803],[3.39036382,48.15827865],[3.39043992,48.15820371],[3.39046263,48.15818294],[3.39128114,48.15738568],[3.39209448,48.15662082],[3.39293756,48.15587836],[3.39355875,48.15532199],[3.39363356,48.15525516],[3.39453424,48.15448819],[3.39535616,48.15380427],[3.39715927,48.15234229],[3.39871269,48.15112947],[3.39891588,48.15096952],[3.39997064,48.1501489],[3.40047992,48.14974854],[3.40121911,48.14916744],[3.4024783,48.14818593],[3.40320681,48.14762104],[3.40453143,48.1465907],[3.4068169,48.14480116],[3.40885101,48.14321402],[3.40898064,48.14311278],[3.41093717,48.14159246],[3.41299511,48.13998985],[3.41309398,48.13991122],[3.41463595,48.13870092],[3.41468806,48.13866025],[3.41646918,48.13727182],[3.41665758,48.13712538],[3.41707444,48.13679816],[3.41867775,48.1355489],[3.42065917,48.13401841],[3.42165449,48.13324549],[3.42242808,48.13265332],[3.42315758,48.1320973],[3.42370283,48.13169941],[3.4238632,48.13158276],[3.42436968,48.1312129],[3.42510886,48.13069552],[3.42583725,48.13017458],[3.42643744,48.12976029],[3.42735841,48.12912256],[3.42809236,48.12863038],[3.42886385,48.12812906],[3.42968747,48.12759245],[3.42974496,48.12755445],[3.43058459,48.12700698],[3.43149,48.12645026],[3.43256929,48.12579302],[3.43350555,48.12523437],[3.43475749,48.12449369],[3.4357782,48.12391311],[3.43691518,48.12325651],[3.43794376,48.1226588],[3.43851088,48.12232914],[3.43855769,48.12230197],[3.43866871,48.12223767],[3.43888271,48.12211359],[3.43995268,48.12148781],[3.44097861,48.12090357],[3.44202722,48.12030124],[3.44346626,48.11946437],[3.44477426,48.11871077],[3.4458,48.11811569],[3.44615294,48.11789749],[3.44709437,48.11734861],[3.44717997,48.11729969],[3.44726289,48.11725259],[3.44737256,48.11719098],[3.44794763,48.11686215],[3.44822576,48.11669912],[3.44884486,48.11633412],[3.44978499,48.11579602],[3.45078788,48.11521449],[3.45191246,48.11456498],[3.45238848,48.1142887],[3.45315064,48.11384574],[3.45449179,48.1130739],[3.45538096,48.11256115],[3.45580617,48.11231744],[3.45602545,48.11219152],[3.45685994,48.11173026],[3.45749904,48.11136063],[3.45770361,48.11124376],[3.45885078,48.1105851],[3.45972109,48.11007599],[3.45989356,48.10997633],[3.4609056,48.10939017],[3.46194444,48.10879759],[3.46320912,48.10806734],[3.46346033,48.10790978],[3.46424106,48.10746127],[3.46513411,48.10695203],[3.46585866,48.10653523],[3.46652974,48.10615104],[3.46729963,48.10569805],[3.46825941,48.10514533],[3.46900399,48.10472033],[3.46975115,48.10428362],[3.47051307,48.10384685],[3.4711826,48.10344733],[3.47232554,48.10280295],[3.47319692,48.10229283],[3.4740737,48.10178719],[3.4748435,48.10133775],[3.47522173,48.10111936],[3.47565212,48.10087466],[3.47607442,48.10062819],[3.47646198,48.10040256],[3.47737348,48.09988055],[3.47821009,48.09939752],[3.47849612,48.09923709],[3.47861772,48.0991655],[3.47872202,48.09911199],[3.47909627,48.0989026],[3.47989822,48.0984521],[3.48076318,48.09799054],[3.48152395,48.09759509],[3.48231149,48.09718963],[3.48304808,48.09679697],[3.48383319,48.096423],[3.48461675,48.09602744],[3.48568945,48.0955227],[3.48586869,48.09543917],[3.48671658,48.09503073],[3.48757134,48.09464025],[3.48848635,48.09423062],[3.48857465,48.09419156],[3.48936133,48.09384994],[3.48992322,48.09360464],[3.49018411,48.09349197],[3.49038878,48.09340113],[3.49155958,48.09291213],[3.49180846,48.0928094],[3.49245612,48.09254483],[3.49341427,48.09215928],[3.49419187,48.09185906],[3.49480225,48.09163153],[3.49540852,48.09139682],[3.49583678,48.09123034],[3.49697473,48.0908305],[3.49806837,48.09043354],[3.49927046,48.09000101],[3.49945652,48.08993363],[3.50031722,48.08962223],[3.50115122,48.08932802],[3.50126767,48.08928613],[3.50137878,48.08924696],[3.50153809,48.08919139],[3.50252455,48.08882994],[3.50307601,48.08862962],[3.50346692,48.08849476],[3.50398631,48.08831167],[3.50457127,48.08810399],[3.50507857,48.08792184],[3.50549081,48.0877716],[3.50615074,48.0875402],[3.50674378,48.08733607],[3.50723099,48.0871621],[3.50775849,48.08698705],[3.50821387,48.08685461],[3.50903873,48.08659728],[3.50925834,48.08652974],[3.51073257,48.08606442],[3.51220729,48.08565308],[3.51351083,48.08531805],[3.51358319,48.08530154],[3.51363949,48.08529049],[3.51503819,48.08493793],[3.51651632,48.08460661],[3.5174854,48.08440978],[3.51905913,48.0841068],[3.5204023,48.08384981],[3.52180587,48.08359073],[3.5232833,48.08333222],[3.52495094,48.08302604],[3.52663198,48.08271888],[3.52802078,48.08246609],[3.52973264,48.08215515],[3.53007843,48.0820861],[3.53054626,48.08199941],[3.53165883,48.08179192],[3.53245892,48.08162813],[3.53263182,48.08159405],[3.53279664,48.08155821],[3.53295076,48.08152602],[3.53357386,48.08139092],[3.53403755,48.08129523],[3.53493114,48.0810815],[3.53537994,48.08097508],[3.53579792,48.08087509],[3.5362655,48.08076588],[3.53676377,48.08063762],[3.53779366,48.08036026],[3.53853276,48.08014541],[3.53913407,48.07998249],[3.53942722,48.07989026],[3.53976316,48.07977893],[3.54010588,48.07967477],[3.54043517,48.07957068],[3.54066812,48.07950122],[3.54098934,48.07939626],[3.54126774,48.07930589],[3.54167997,48.07917081],[3.54218315,48.07900022],[3.54269701,48.07882417],[3.54276791,48.07879775],[3.54288298,48.07875673],[3.54322414,48.07863277],[3.5434623,48.07854798],[3.54380219,48.07843123],[3.54411792,48.07831639],[3.5445566,48.07814338],[3.5450462,48.07796024],[3.54519202,48.07790647],[3.54529369,48.07786911],[3.54569486,48.07770527],[3.54601583,48.0775778],[3.54640895,48.07741579],[3.54674323,48.07727746],[3.54711632,48.07712635],[3.54771522,48.0768662],[3.54830614,48.07661418],[3.54873249,48.07642052],[3.5490599,48.07626781],[3.54945546,48.07608329],[3.54947148,48.07607512],[3.5497735,48.07593423],[3.55001803,48.0758188],[3.55037881,48.07564794],[3.55067536,48.07549897],[3.55104667,48.07530826],[3.55132857,48.07517105],[3.55175867,48.07495217],[3.55209927,48.07477959],[3.55245857,48.07459613],[3.55275494,48.07443096],[3.55281634,48.07439648],[3.5529939,48.07429756],[3.55309669,48.07424038],[3.55327162,48.07414687],[3.55360546,48.07396982],[3.55387241,48.07381739],[3.55413398,48.07366318],[3.55440761,48.07350801],[3.55462917,48.07338008],[3.55499211,48.0731624],[3.55532309,48.07297006],[3.55562992,48.07277964],[3.55600879,48.07254478],[3.55638101,48.07231715],[3.5568037,48.07203618],[3.55712236,48.0718232],[3.55746374,48.07159932],[3.55765709,48.07147242],[3.55778511,48.07138902],[3.55821298,48.07109183],[3.55849424,48.07089792],[3.55881398,48.07066063],[3.55906056,48.07048938],[3.55936167,48.07026838],[3.55962818,48.07007724],[3.56004498,48.06975129],[3.56037272,48.06950946],[3.56066441,48.0692885],[3.56089476,48.06910653],[3.56119565,48.06886662],[3.56137142,48.068729],[3.56158172,48.06855612],[3.56185329,48.06833705],[3.56192113,48.06827733],[3.56201294,48.0681995],[3.56230167,48.06795335],[3.56261573,48.06768999],[3.56278063,48.06754162],[3.56296291,48.06738596],[3.56309195,48.06727376],[3.56334726,48.06704217],[3.56350685,48.06689922],[3.56365443,48.06676353],[3.56367169,48.06674545],[3.56387781,48.06655998],[3.56404931,48.06640078],[3.56418619,48.06626874],[3.56432181,48.06614481],[3.5644388,48.06603716],[3.56454911,48.06593134],[3.56484554,48.06565455],[3.56501436,48.06549626],[3.56515918,48.06535428],[3.56536771,48.06514361],[3.56557374,48.06495094],[3.56594443,48.0645883],[3.56624878,48.06429977],[3.56654906,48.06400766],[3.5668362,48.06374261],[3.56712595,48.06347034],[3.56750333,48.06310767],[3.56782886,48.06279294],[3.56809327,48.06253699],[3.5683152,48.06232714],[3.56836969,48.06227559],[3.56843483,48.06221588],[3.56872733,48.0619517],[3.56893582,48.06173921],[3.56913916,48.06154835],[3.56941822,48.06128333],[3.56959087,48.06110972],[3.56980213,48.06090712],[3.56998156,48.06073977],[3.57021408,48.06051637],[3.57041744,48.0603282],[3.57061938,48.06013285],[3.5709289,48.05983078],[3.57117614,48.05960371],[3.57144715,48.05934052],[3.57173159,48.05907907],[3.57200786,48.05880596],[3.57215141,48.05867388],[3.57232148,48.05851197],[3.57261629,48.05821627],[3.57282621,48.05801547],[3.57308658,48.05776313],[3.57332837,48.05753158],[3.57356227,48.05731446],[3.57397809,48.05691468],[3.57420131,48.05670302],[3.57445917,48.05646869],[3.57462915,48.05629957],[3.57487094,48.05606802],[3.57507687,48.05587264],[3.57541021,48.05554344],[3.57563072,48.05533089],[3.57584204,48.05513728],[3.57606133,48.05493642],[3.57631244,48.05469942],[3.57643074,48.05459265],[3.57653976,48.05449673],[3.57672982,48.05432392],[3.57696102,48.05410771],[3.57725735,48.05383359],[3.57756698,48.0535477],[3.57794834,48.05319397],[3.57824617,48.05293513],[3.57865029,48.05257678],[3.57890813,48.05234334],[3.57918863,48.05209629],[3.57954235,48.05179398],[3.58003723,48.05139109],[3.58053444,48.05095578],[3.58073928,48.05078649],[3.58112121,48.05048854],[3.58141391,48.05025402],[3.58174927,48.04999319],[3.58200718,48.04976873],[3.58239834,48.04945723],[3.5826059,48.04929242],[3.58290117,48.04904799],[3.58312737,48.04887049],[3.58350002,48.04858517],[3.58373815,48.04839321],[3.58414142,48.04808614],[3.58455665,48.04776911],[3.58482939,48.04755268],[3.58520211,48.04727546],[3.58551497,48.04704622],[3.58572511,48.0468742],[3.58597137,48.04669119],[3.58627357,48.04647011],[3.58654369,48.04626088],[3.58675004,48.04610957],[3.58705093,48.04589209],[3.58735302,48.04566201],[3.58762056,48.0454627],[3.5879121,48.04524976],[3.58827544,48.04497617],[3.58851099,48.04479771],[3.58856288,48.04475696],[3.5886161,48.0447153],[3.58896077,48.0444535],[3.58935089,48.04417618],[3.5896714,48.0439145],[3.58990834,48.04374053],[3.59038222,48.04339349],[3.59072274,48.0431227],[3.59098217,48.04291982],[3.59129619,48.04267977],[3.59158225,48.04245875],[3.59189374,48.04223311],[3.59217721,48.04202111],[3.59253654,48.04175382],[3.59286646,48.04149569],[3.59322186,48.04123742],[3.59377544,48.04082157],[3.59442364,48.04034765],[3.59499573,48.0399092],[3.59557716,48.0394662],[3.59617073,48.03903034],[3.5965816,48.03869529],[3.59667476,48.03862733],[3.59680121,48.03853579],[3.59733219,48.03814344],[3.59751853,48.03800931],[3.59779661,48.03779911],[3.59825572,48.03746111],[3.59877471,48.03707781],[3.59924838,48.03672263],[3.59962351,48.03643455],[3.60007721,48.03609477],[3.60068136,48.03565073],[3.60107237,48.03534456],[3.60158731,48.03496397],[3.60211147,48.03456803],[3.60265961,48.03415756],[3.60304535,48.03386221],[3.60354835,48.03349517],[3.60372255,48.03335748],[3.60398327,48.03315997],[3.60450735,48.03276041],[3.6049224,48.03244781],[3.60532931,48.03212804],[3.60567393,48.03187609],[3.60607312,48.03158607],[3.6066236,48.03115127],[3.6069164,48.03094458],[3.60724229,48.03069902],[3.60753365,48.03048424],[3.6078782,48.03022778],[3.60824139,48.02995953],[3.60848607,48.02976928],[3.60884132,48.02951097],[3.60916325,48.02927262],[3.60944532,48.02906778],[3.60972736,48.02886024],[3.61014647,48.02855659],[3.61046855,48.02833174],[3.61069605,48.02816588],[3.6109169,48.02800544],[3.61113913,48.0278477],[3.61134665,48.02769454],[3.61158487,48.02752772],[3.61185233,48.02733734],[3.61186565,48.02732917],[3.61218385,48.02711784],[3.61245798,48.02692473],[3.61271609,48.0267389],[3.61301824,48.02653214],[3.61331903,48.0263245],[3.61362252,48.02611863],[3.61387933,48.02593731],[3.61418283,48.02573234],[3.61463796,48.02541589],[3.61496138,48.02519372],[3.61543127,48.02487809],[3.61578392,48.02463237],[3.6160673,48.0244293],[3.61634687,48.02424516],[3.6166183,48.02405295],[3.61688447,48.02386977],[3.61714801,48.023692],[3.61747406,48.02346711],[3.61784936,48.02321046],[3.6179119,48.02316694],[3.61797181,48.02312793],[3.61819526,48.02296297],[3.61856142,48.02272796],[3.61887809,48.02250582],[3.61917486,48.02230267],[3.61947568,48.02210131],[3.61973916,48.02191994],[3.61997737,48.02175669],[3.62024621,48.02157439],[3.62052298,48.02138305],[3.62078114,48.0212053],[3.62101935,48.02104296],[3.62127882,48.0208634],[3.62153168,48.02069198],[3.62179381,48.02051061],[3.62201342,48.02036366],[3.62227686,48.02018049],[3.62248304,48.02003271],[3.62273596,48.01986668],[3.62296744,48.01970347],[3.6232855,48.0194885],[3.62351838,48.01932978],[3.62380978,48.01912936],[3.62408928,48.01894339],[3.62433138,48.01877112],[3.62456692,48.01861148],[3.6249555,48.01834934],[3.62513377,48.0182242],[3.62538392,48.01805279],[3.62573658,48.01781603],[3.62605985,48.01758933],[3.62633132,48.017407],[3.62657614,48.01723921],[3.62674109,48.01712224],[3.62695135,48.01698163],[3.62722276,48.0167939],[3.62742105,48.01666145],[3.6275993,48.01653631],[3.62780685,48.01639302],[3.62799709,48.01626151],[3.62820331,48.01611912],[3.6284322,48.01596671],[3.62864237,48.0158189],[3.62885659,48.01567287],[3.62906281,48.01553138],[3.62927699,48.01538264],[3.6294912,48.01523661],[3.6297148,48.01509052],[3.62990104,48.01496174],[3.6301485,48.01479212],[3.63041458,48.01460891],[3.63056093,48.01450914],[3.63072461,48.01440027],[3.63108249,48.01415537],[3.63150684,48.01386151],[3.63189922,48.01358583],[3.63223843,48.01335092],[3.63264557,48.01307606],[3.63304604,48.01280482],[3.63331743,48.01261978],[3.63360069,48.01241757],[3.63380428,48.01228238],[3.63404639,48.01211639],[3.63426185,48.01196494],[3.63450268,48.01180345],[3.63482588,48.01157763],[3.6350773,48.01140528],[3.63530884,48.01125284],[3.63560812,48.01104604],[3.6358742,48.01086642],[3.63609366,48.01071404],[3.63630242,48.01056353],[3.6365446,48.01040473],[3.63679462,48.01022879],[3.63708465,48.01003373],[3.6373507,48.0098523],[3.63763659,48.00964827],[3.63810347,48.00932806],[3.63842792,48.00909682],[3.63889237,48.00879822],[3.6390387,48.00869933],[3.63919302,48.0085959],[3.63965983,48.00827119],[3.63999769,48.00804077],[3.64056831,48.00765159],[3.64112026,48.00727061],[3.64152592,48.00699302],[3.64185441,48.00676534],[3.64232379,48.0064343],[3.64237165,48.00639985],[3.64240888,48.00637354],[3.6431989,48.00583197],[3.64359017,48.00558594],[3.64397588,48.00532285],[3.64429233,48.00509973],[3.64464744,48.00485751],[3.64506892,48.00456002],[3.64539476,48.00433774],[3.64592148,48.00398388],[3.64631251,48.00371985],[3.64671671,48.00343595],[3.64701868,48.0032372],[3.64738966,48.00297868],[3.64799736,48.00255956],[3.64848936,48.00222027],[3.64880314,48.00200076],[3.64937902,48.0016133],[3.6499827,48.0011969],[3.65061812,48.00074611],[3.65118351,48.00037941],[3.65136431,48.00025242],[3.65169136,48.00002382],[3.65231362,47.9995947],[3.65297972,47.99913384],[3.65362335,47.99870009],[3.6541778,47.99831993],[3.65475078,47.99792077],[3.65535723,47.99751872],[3.6558716,47.99715227],[3.6561851,47.99691564],[3.65707588,47.99630501],[3.65762765,47.99592935],[3.65824186,47.99550744],[3.65872043,47.99517718],[3.65919103,47.99485236],[3.65956599,47.99460098],[3.65961779,47.99456109],[3.65967361,47.99452208],[3.66017232,47.9941944],[3.66043423,47.99401654],[3.66095,47.99366086],[3.66129823,47.99341682],[3.66173825,47.99311556],[3.66210646,47.99286151],[3.66249991,47.99258931],[3.66292664,47.99229892],[3.66300906,47.99224266],[3.66312738,47.9921628],[3.6635912,47.9918362],[3.66415616,47.99145054],[3.66458944,47.99114931],[3.6650227,47.99084627],[3.66542152,47.99057673],[3.66589872,47.99025095],[3.66645958,47.9898617],[3.66706441,47.98945149],[3.66790846,47.98887614],[3.66842544,47.98851772],[3.66894112,47.98816291],[3.66951254,47.98776458],[3.66998183,47.98745232],[3.67041377,47.98715648],[3.67095711,47.9867646],[3.67150491,47.98640869],[3.67199267,47.98607563],[3.67253619,47.98569994],[3.67298268,47.9853905],[3.67338135,47.98511554],[3.67398213,47.98471162],[3.67447236,47.98436502],[3.67507033,47.98395211],[3.67550099,47.98366436],[3.67616679,47.98321145],[3.6766012,47.98290387],[3.67719511,47.98249097],[3.67754331,47.98225588],[3.6777613,47.98211153],[3.67784631,47.98205075],[3.6779167,47.98199994],[3.67803097,47.98192099],[3.67811865,47.98185929],[3.67836578,47.98168777],[3.67856643,47.98155072],[3.67876309,47.98141639],[3.67893318,47.98130021],[3.67923751,47.98109507],[3.67940096,47.98098433],[3.67989671,47.98065478],[3.6806422,47.98015009],[3.68099144,47.97989428]],[[3.68099144,47.97989428],[3.68179491,47.97931366],[3.6821843,47.97905401],[3.6825377,47.97880987],[3.68296163,47.97852752],[3.6833856,47.97824787],[3.68385349,47.97794457],[3.6843613,47.97761853],[3.68475613,47.97736694],[3.68516308,47.97712069],[3.68563524,47.97683805],[3.6860622,47.97658447],[3.6865278,47.97631356],[3.68705341,47.97601981],[3.68738877,47.97583516],[3.68762837,47.97570776],[3.68773753,47.97565043],[3.68827657,47.97535928],[3.68884642,47.97506796],[3.68904885,47.97496868],[3.6893099,47.97484206],[3.68982,47.97459428],[3.69036341,47.9743319],[3.69092705,47.9740802],[3.69138528,47.97386421],[3.69162248,47.97375932],[3.69184368,47.97366173],[3.69203025,47.97358053],[3.69282467,47.97324647],[3.69345655,47.97298806],[3.69407382,47.97273962],[3.69455787,47.97255227],[3.69497387,47.97238872],[3.69529802,47.97227341],[3.69550472,47.97219479],[3.69572739,47.97210708],[3.69592474,47.97203121],[3.69611411,47.9719599],[3.69631819,47.97188579],[3.69653697,47.9718089],[3.69674908,47.97173475],[3.69693982,47.97166522],[3.69718122,47.97157649],[3.69735456,47.97150887],[3.69756257,47.97142844],[3.69777456,47.97134528],[3.69801193,47.97125568],[3.69825069,47.97116966],[3.69846008,47.97109192],[3.6986855,47.97101139],[3.69886693,47.97094821],[3.69904972,47.97088593],[3.69925247,47.97081362],[3.6994739,47.97073491],[3.69971136,47.9706525],[3.69991008,47.97057932],[3.70009954,47.97051609],[3.70028093,47.97045022],[3.70046499,47.97038342],[3.70069447,47.97030556],[3.70086652,47.97024244]],[[3.70709659,47.96790933],[3.70693158,47.96799672],[3.70676509,47.96807331],[3.70661195,47.96814623],[3.70645886,47.96822275],[3.70629908,47.96830021],[3.70612728,47.96838133],[3.70596347,47.96845791],[3.70578367,47.96854179],[3.70561986,47.96861837],[3.70545198,47.96869138],[3.70530951,47.96876063],[3.70516299,47.9688281],[3.70505512,47.96887915],[3.70494855,47.96892749],[3.70482203,47.96898674],[3.70466757,47.96906147],[3.70456367,47.96910889],[3.70447714,47.9691526],[3.70436794,47.96920455],[3.7042574,47.96925651],[3.70411878,47.96931314],[3.70400965,47.96937049],[3.70389113,47.969427],[3.7037659,47.96948265],[3.70365004,47.96953824],[3.70353948,47.9695884],[3.70344228,47.96963578],[3.70330911,47.96969957],[3.70318258,47.96975883],[3.70299343,47.96984546],[3.7028123,47.96993023],[3.70265114,47.97000589],[3.70248198,47.9700843],[3.7023222,47.97016265],[3.70216898,47.97023017],[3.70203845,47.97029124],[3.70188131,47.97036598],[3.70174276,47.9704289],[3.70159624,47.97049637],[3.70148304,47.97055015],[3.7013325,47.97061854],[3.70117398,47.97069059],[3.70100351,47.9707717],[3.70084097,47.97084466],[3.70069579,47.97091213],[3.70053595,47.97098688],[3.70039214,47.97105703],[3.70026424,47.97111449],[3.70010573,47.97118743],[3.69995654,47.97125672],[3.69977667,47.97133608],[3.69960879,47.97141088],[3.69942627,47.97149296],[3.69925708,47.97156956],[3.69908655,47.97164707],[3.69890668,47.97172644],[3.69870544,47.97181223],[3.69853357,47.97188975],[3.69834433,47.97197007],[3.69814178,47.97205857],[3.69796456,47.97213612],[3.69782726,47.97219273],[3.697686,47.97225387],[3.6975421,47.97231772],[3.69725837,47.972449],[3.69661596,47.97272099],[3.69590148,47.97301591],[3.69527768,47.97327699],[3.69467369,47.97351635],[3.69413118,47.97374274],[3.69376066,47.97390062],[3.69355802,47.97398281],[3.69332605,47.97407688],[3.69301544,47.9742047],[3.69232611,47.97447875],[3.69175545,47.9747062],[3.69130507,47.97490774],[3.69121438,47.97494247],[3.69078641,47.97511508],[3.69045049,47.97525564],[3.69009455,47.97540263],[3.68962662,47.97559526],[3.68907211,47.9758298],[3.68858162,47.97604057],[3.68808582,47.97625586],[3.68759013,47.97647925],[3.68711978,47.97669349],[3.68666821,47.97690942],[3.68617533,47.97714448],[3.6852603,47.9775908],[3.68481951,47.97781205],[3.68443476,47.97801408],[3.68397151,47.97826157],[3.6835017,47.97851989],[3.68302523,47.97878184],[3.68160976,47.97961262],[3.68099144,47.97989428]],[[3.70086652,47.97024244],[3.7010477,47.97016126],[3.70126236,47.97007718],[3.70148105,47.96999488],[3.70166373,47.96992539],[3.7018184,47.96986597],[3.70196907,47.96980838],[3.70211585,47.9697598],[3.70229191,47.96969665],[3.70241328,47.96965273],[3.70265206,47.96956941],[3.70286278,47.96949255],[3.70307208,47.9694094],[3.70325471,47.96933631],[3.70342274,47.96927411],[3.70359345,47.96921189],[3.70378284,47.96914326],[3.7039869,47.96907004],[3.70414692,47.96900969],[3.70433892,47.96893654],[3.70451089,47.96886801],[3.70466553,47.96880679],[3.70476952,47.96876657],[3.70495217,47.96869527],[3.70515213,47.96861578],[3.70531877,47.96854998],[3.70549476,47.96848233],[3.70566141,47.96841743],[3.70584135,47.96834435],[3.70601865,47.96827399],[3.70620524,47.96819727],[3.70637588,47.96813055],[3.70655717,47.96805836],[3.70671037,47.96798995],[3.70688494,47.967916],[3.70704619,47.96784843],[3.70720344,47.96778269],[3.70736201,47.96771514],[3.70750327,47.96765579],[3.7076272,47.96760375],[3.70779372,47.96752895],[3.70794695,47.96746323],[3.70813486,47.9673856],[3.70832415,47.96731066]],[[3.70086652,47.97024244],[3.70106011,47.97018728],[3.70129772,47.97011657],[3.70148991,47.97005693],[3.70170468,47.96998185],[3.70190071,47.96990868],[3.70209013,47.96984185],[3.70226763,47.9697859],[3.70238501,47.9697447],[3.70254912,47.96968972],[3.70274522,47.96962195],[3.70294261,47.96954967],[3.70313336,47.96948283],[3.70332145,47.96941781],[3.70348151,47.96936016],[3.70362961,47.96931157],[3.70380033,47.96924935],[3.70396305,47.96919168],[3.70413113,47.96913308],[3.70430051,47.96907176],[3.70448855,47.96900224],[3.70466988,47.96893276],[3.70482186,47.96887335],[3.70493255,47.96883219],[3.70509517,47.96876641],[3.70524708,47.9687016],[3.70540834,47.96863494],[3.70558823,47.96855736],[3.70574414,47.96849163],[3.705928,47.96841043],[3.7060825,47.9683393],[3.70625968,47.96825994],[3.70642083,47.96818518],[3.70658741,47.96811488],[3.70674987,47.96803741],[3.7069071,47.96796986],[3.70709659,47.96790933]],[[3.70832415,47.96731066],[3.70812462,47.96742166],[3.70790759,47.96752646],[3.70773585,47.96761119],[3.70756936,47.96768779],[3.70742287,47.96775617],[3.70724172,47.96783916],[3.70709659,47.96790933]],[[4.07160565,47.69543344],[4.0713939,47.69577744],[4.07120527,47.69607801],[4.07103621,47.69635681],[4.07096007,47.69648263],[4.070795,47.69676139],[4.07057415,47.69711717],[4.07034534,47.69747572],[4.07012545,47.69781349],[4.06993553,47.69811678],[4.06976355,47.6983839],[4.06957871,47.69867454],[4.06938369,47.69898957],[4.06920018,47.6992802],[4.06906195,47.699502],[4.06882936,47.69987229],[4.06867681,47.70011132],[4.06851909,47.7003585],[4.06840154,47.70054771],[4.06827759,47.70075048],[4.06814181,47.70096145],[4.06800489,47.70118234],[4.06783583,47.70146293],[4.06761234,47.70182233],[4.06742364,47.7021211],[4.06725048,47.70239722],[4.06710834,47.70262446],[4.06695061,47.70287164],[4.06680833,47.70309167],[4.06668954,47.70328629],[4.06651881,47.70355069],[4.06634315,47.70383584],[4.06617891,47.70409118],[4.06601105,47.70436635],[4.06580934,47.70468234],[4.06563485,47.70495938],[4.06545912,47.70524092],[4.06526147,47.70556047],[4.06505607,47.7058927],[4.06485055,47.70621862],[4.06466432,47.70650927],[4.06449358,47.70677456],[4.06435533,47.70699726],[4.06421565,47.70721456],[4.06406192,47.7074635],[4.06386804,47.70777221],[4.06366131,47.70810535],[4.06339359,47.70852365],[4.06323214,47.70878706],[4.06305114,47.70907315],[4.06289079,47.70932485],[4.06270724,47.70961726],[4.06253778,47.70988074],[4.0623491,47.71018311],[4.06221734,47.71039764],[4.06205991,47.71066281],[4.06191519,47.71089636],[4.06167338,47.71127752],[4.06146236,47.71159718],[4.06129182,47.71187417],[4.0611071,47.7121756],[4.06093893,47.71243726],[4.06083428,47.71260744],[4.06065864,47.71289618],[4.06048143,47.71317323],[4.06027576,47.71349464],[4.06008299,47.71379434],[4.05988909,47.71410394],[4.0597015,47.71439639],[4.05947917,47.71475216],[4.05931627,47.71501197],[4.05913928,47.71530072],[4.05896213,47.71558137],[4.05878521,47.71587372],[4.05862606,47.71612089],[4.05843745,47.71642955],[4.05826943,47.71670021],[4.05804846,47.71705867],[4.05787412,47.71734739],[4.05775386,47.7175384],[4.05755851,47.71784352],[4.05735314,47.71818203],[4.05716094,47.71851231],[4.05696608,47.71884262],[4.05682533,47.71907703],[4.05669126,47.71931138],[4.05655325,47.71954936],[4.05639982,47.71981719],[4.05624654,47.72009222],[4.05606998,47.72040436],[4.05591006,47.72068124],[4.05570383,47.72104496],[4.05548704,47.72141417],[4.05530119,47.7217291],[4.05512704,47.72202861],[4.05491702,47.72240316],[4.05477005,47.72266103],[4.05469001,47.72279587],[4.05460745,47.72293794],[4.05444237,47.72322477],[4.05430194,47.72347627],[4.05410329,47.72381921],[4.0540182,47.7239685],[4.05393962,47.72410963],[4.05377069,47.7244046],[4.0536054,47.72468063],[4.05345722,47.7249457],[4.05328186,47.72525242],[4.05307803,47.72560441],[4.05289507,47.72593191],[4.05271331,47.72625309],[4.05252501,47.72658063],[4.05237665,47.72683671],[4.05219732,47.72714617],[4.05196394,47.72755602],[4.05175873,47.72790622],[4.05153806,47.72828446],[4.05143896,47.72846808],[4.05129597,47.7287268],[4.05104953,47.72915118],[4.05083799,47.72951943],[4.05066766,47.7298126],[4.05053609,47.73004152],[4.05044058,47.7302044],[4.05030248,47.73044057],[4.05018006,47.73066041],[4.05001236,47.73095175],[4.04987824,47.73118699],[4.04979049,47.7313381],[4.04967322,47.73154798],[4.04954304,47.73178048],[4.04941779,47.73199224],[4.04930044,47.73219852],[4.04916886,47.73242743],[4.04901677,47.73269884],[4.04888774,47.73292233],[4.04873145,47.73318386],[4.0485455,47.73349788],[4.04840471,47.73373407],[4.04832585,47.7338626],[4.04819921,47.73407166],[4.04801711,47.73437844],[4.04782962,47.73468256],[4.04767839,47.73493055],[4.04752587,47.73518125],[4.04730862,47.73553245],[4.04710822,47.73585919],[4.04709913,47.73587187],[4.0469325,47.7361515],[4.04675261,47.73643575],[4.04665304,47.73659686],[4.04657422,47.73672809],[4.04638684,47.73703851],[4.04619826,47.73735614],[4.04606911,47.73757422],[4.04584506,47.73792007],[4.04565102,47.73823145],[4.0454907,47.73849392],[4.04524864,47.73887414],[4.04508711,47.73914292],[4.04497469,47.73933025],[4.04481402,47.73957472],[4.04469895,47.73976297],[4.0445762,47.73996749],[4.04444038,47.74018654],[4.04421792,47.74054677],[4.04400576,47.74088801],[4.04391008,47.74104459],[4.04383381,47.74117039],[4.04372786,47.74134776],[4.0436051,47.74155228],[4.04346288,47.74178578],[4.04332455,47.74201294],[4.04319637,47.74221391],[4.04304908,47.74246096],[4.0428794,47.74272351],[4.04273985,47.74295699],[4.04261822,47.7431516],[4.04251087,47.74332628],[4.0424102,47.7435009],[4.04230417,47.74367467],[4.0421631,47.74389915],[4.04197418,47.74420148],[4.0417557,47.74456257],[4.04161598,47.74478794],[4.04146708,47.7450215],[4.04138044,47.74516359],[4.04129251,47.74530749],[4.04109207,47.74563602],[4.04093158,47.74589128],[4.04076597,47.74615829],[4.04062515,47.74639628],[4.04048151,47.74662619],[4.04033271,47.74686604],[4.04017885,47.74711944],[4.03999919,47.74741898],[4.0398413,47.74767152],[4.03971057,47.74787971],[4.03952544,47.74817299],[4.03935996,47.7484472],[4.03918649,47.74872237],[4.03904682,47.74895134],[4.03890723,47.74918481],[4.03871425,47.74948627],[4.03853178,47.74977953],[4.03839084,47.75001211],[4.03822138,47.75028815],[4.03804047,47.75059309],[4.03788129,47.75084924],[4.03769237,47.75115425],[4.03752029,47.75143302],[4.03737142,47.75167017],[4.03717979,47.7519734],[4.03701811,47.75223857],[4.0368822,47.7524558],[4.03671909,47.75271648],[4.03663108,47.75285768],[4.0365703,47.75295813],[4.03638272,47.75326403],[4.03621452,47.75353736],[4.03603596,47.75382698],[4.03588218,47.75408667],[4.0357293,47.75432476],[4.03562954,47.75447956],[4.03556352,47.75458546],[4.03540445,47.7548479],[4.03520106,47.75516564],[4.03501719,47.7554571],[4.03488132,47.75567793],[4.03472614,47.75593494],[4.03457867,47.75617657],[4.03443362,47.75640558],[4.03407426,47.75700914],[4.03393719,47.75723718],[4.03378446,47.75748336],[4.03360953,47.75775494],[4.03346079,47.75800108],[4.03333533,47.75820831],[4.03321885,47.75839657],[4.03312818,47.75853958],[4.03300802,47.75874497],[4.03287476,47.75896308],[4.0327234,47.75921194],[4.0325991,47.75941016],[4.03245686,47.75964725],[4.03233274,47.75985537],[4.03216557,47.76011518],[4.03202319,47.76034506],[4.031903,47.76054955],[4.0317993,47.76070888],[4.03169822,47.76086639],[4.0315637,47.761089],[4.03145248,47.76127361],[4.03125424,47.76158409],[4.03113391,47.76178138],[4.03095661,47.76207007],[4.03080559,47.76233694],[4.03071493,47.76248085],[4.03065286,47.76258491],[4.03050131,47.76282478],[4.03036926,47.76303747],[4.03021386,47.76328547],[4.03004178,47.76356871],[4.02988517,47.76382302],[4.02973879,47.76405474],[4.02962218,47.76423759],[4.02948502,47.76446292],[4.0293283,47.76471183],[4.0291807,47.76494986],[4.02906169,47.76514713],[4.02894528,47.76534078],[4.02886244,47.76547562],[4.02879122,47.76558966],[4.0287018,47.76572906],[4.02855558,47.76596978],[4.02845075,47.76614082],[4.02834979,47.76630553],[4.02820745,47.766539],[4.02806893,47.76676345],[4.02794329,47.76696348],[4.02780223,47.76719514],[4.02765326,47.76743138],[4.02751328,47.76764953],[4.02737071,47.76787221],[4.02723479,47.76809303],[4.02709222,47.76831571],[4.02694189,47.76855106],[4.02682265,47.76873752],[4.02671766,47.76890136],[4.02663454,47.76902181],[4.02653338,47.76917661],[4.02636855,47.76942199],[4.026218,47.76964653],[4.02604661,47.76989827],[4.02593751,47.77005674],[4.02587264,47.77015452],[4.02576746,47.77030846],[4.02563634,47.77050223],[4.02548441,47.77072499],[4.02531546,47.770965],[4.02515168,47.77119596],[4.02501254,47.7713898],[4.02489952,47.77155281],[4.0246953,47.77183363],[4.02451455,47.77208544],[4.02435963,47.77229202],[4.02418655,47.77252576],[4.02400961,47.77276764],[4.02389507,47.77292166],[4.02375967,47.77310196],[4.02363202,47.7732687],[4.02352386,47.77340736],[4.02341444,47.77354963],[4.02327108,47.77373271],[4.02312661,47.77392749],[4.02298198,47.77411418],[4.02280873,47.77433982],[4.02261973,47.77458],[4.02248561,47.77475759],[4.02230555,47.77497699],[4.0220996,47.77523891],[4.02190139,47.77548637],[4.02172785,47.77569761],[4.02154515,47.77591883],[4.02140026,47.77609202],[4.02125536,47.7762652],[4.02111301,47.77643206],[4.02088068,47.77671132],[4.0206053,47.77704406],[4.02036624,47.77732067],[4.02017553,47.77754286],[4.02002803,47.77771966],[4.01986873,47.77790827],[4.01969483,47.77810151],[4.01955372,47.77826385],[4.01943609,47.77839719],[4.01928839,47.7785641],[4.01915636,47.77871286],[4.01894331,47.77895415],[4.01865042,47.77927983],[4.01842276,47.77952574],[4.01824885,47.77971897],[4.01807877,47.77990317],[4.01791527,47.78008191],[4.01775953,47.78024798],[4.0175148,47.78050934],[4.01731717,47.78071988],[4.01709331,47.78095495],[4.01682368,47.78124172],[4.0166515,47.78138633],[4.01634355,47.78169414],[4.01618522,47.78186473],[4.01614593,47.78190558],[4.01610932,47.7819464],[4.0158591,47.7822006],[4.01557075,47.78248663],[4.01531402,47.78274989],[4.01499941,47.78305955],[4.0147071,47.78334831],[4.01436492,47.78368341],[4.01397416,47.78406214],[4.0136646,47.78435735],[4.01336671,47.78463446],[4.01322498,47.7847662],[4.01315202,47.78486224],[4.01275562,47.78522661],[4.01241056,47.78555183],[4.01201258,47.7859036],[4.0116961,47.78618717],[4.01141783,47.7864434],[4.01114073,47.78669152],[4.01087408,47.78692694],[4.01058656,47.78718865],[4.01028294,47.7874469],[4.0100188,47.7876742],[4.00976005,47.78790416],[4.00941565,47.78819606],[4.00911471,47.78845518],[4.00882803,47.78869167],[4.00848638,47.78898804],[4.00819058,47.78923722],[4.00789862,47.78947735],[4.00758432,47.78973749],[4.00726463,47.78999496],[4.00696868,47.79023693],[4.00667662,47.79047257],[4.00638846,47.79070277],[4.00615152,47.79088662],[4.00583428,47.79113327],[4.00555399,47.7913562],[4.00517488,47.79165108],[4.00481011,47.79192784],[4.00446358,47.79218014],[4.00414892,47.79242226],[4.00374726,47.79272633],[4.00341666,47.79297399],[4.00306741,47.79322451],[4.00275777,47.79345038],[4.00250218,47.79363889],[4.00217286,47.79388383],[4.00190934,47.7940769],[4.00165488,47.7942546],[4.00136627,47.79446319],[4.00107377,47.79467811],[4.0007668,47.79490485],[4.00043207,47.79514714],[4.00021997,47.79530466],[3.99996568,47.79549225],[3.99970744,47.79568258],[3.99948343,47.7958465],[3.99921983,47.79603597],[3.99899577,47.7961972],[3.99871247,47.79640483],[3.9985096,47.79655688],[3.99824214,47.79675448],[3.99789817,47.79700403],[3.99762534,47.79720077],[3.99733543,47.79741296],[3.99705072,47.79761791],[3.9967634,47.79782557],[3.99644853,47.79806047],[3.99612412,47.79828555],[3.99581311,47.79851322],[3.99541638,47.79880012],[3.99512132,47.79902315],[3.99481291,47.79924719],[3.99457306,47.79942294],[3.99429628,47.79962421],[3.99400491,47.799831],[3.99371351,47.80003599],[3.9934143,47.80025275],[3.99312311,47.80046944],[3.99285036,47.80067247],[3.99259202,47.80086008],[3.99231524,47.80106224],[3.99223746,47.80111781],[3.99202132,47.80127625],[3.9916852,47.80152032],[3.99145191,47.80169061],[3.99123836,47.80184453],[3.99099842,47.80201668],[3.99071253,47.80223242],[3.99047539,47.80241174],[3.99025288,47.80258734],[3.99002758,47.80275666],[3.98979842,47.80293411],[3.98959316,47.80310326],[3.98939041,47.80326429],[3.98916542,47.8034507],[3.98891779,47.80364091],[3.98871903,47.803801],[3.98841377,47.8040538],[3.98809532,47.80431571],[3.98780323,47.8045585],[3.98759032,47.80474841],[3.98732596,47.80497386],[3.98706164,47.80520111],[3.98682636,47.80541011],[3.98655034,47.80565546],[3.98631373,47.80586447],[3.98603769,47.80610891],[3.98577233,47.80635327],[3.98547402,47.8066222],[3.98534135,47.80674483],[3.98501335,47.80706982],[3.98475855,47.80730778],[3.984538,47.80751935],[3.98428863,47.80776177],[3.98398683,47.80805953],[3.98370753,47.8083454],[3.98345041,47.80860318],[3.98322359,47.80883731],[3.98305846,47.80901151],[3.98283557,47.809242],[3.98263645,47.80945699],[3.98258136,47.80951236],[3.98252628,47.80956862],[3.98239396,47.80971104],[3.98204035,47.81009834],[3.98178385,47.81039032],[3.98156394,47.81063788],[3.98131652,47.81091538],[3.98102868,47.81124722],[3.98076058,47.81156269],[3.98043236,47.81195157],[3.98018935,47.81225153],[3.97984975,47.81267561],[3.97958198,47.81300998],[3.97933782,47.81332075],[3.97907934,47.81365143],[3.97869164,47.81414972],[3.97844886,47.81446317],[3.97809357,47.81490808],[3.97783235,47.81523608],[3.97753221,47.81562832],[3.97732722,47.81589015],[3.97703752,47.8162688],[3.9768415,47.81650986],[3.97650728,47.81693928],[3.97626322,47.81725724],[3.97615874,47.81738952],[3.97599689,47.81759969],[3.97578801,47.81786875],[3.97556737,47.81815231],[3.97532051,47.81846399],[3.97511288,47.81872854],[3.97490002,47.81899943],[3.9746273,47.81935903],[3.97435957,47.81969879],[3.97406304,47.82007208],[3.97369717,47.82052696],[3.97343436,47.82084417],[3.97316509,47.82117403],[3.97291392,47.82147044],[3.97264924,47.82175976],[3.97239282,47.82206161],[3.97212047,47.8223699],[3.97182585,47.82270267],[3.97149576,47.82306993],[3.97118891,47.823392],[3.97085977,47.82373856],[3.97052559,47.82410135],[3.97020012,47.82442987],[3.96982595,47.8247993],[3.96949641,47.82512425],[3.96921007,47.82540024],[3.96891712,47.82567989],[3.96853362,47.82605208],[3.96823119,47.8263255],[3.96781307,47.82670519],[3.9673951,47.82709297],[3.96705569,47.82739189],[3.9666635,47.82772815],[3.96635029,47.82799805],[3.96624619,47.82807992],[3.96603166,47.8282635],[3.9657881,47.82846802],[3.96554723,47.82867342],[3.9653312,47.82884891],[3.96508223,47.82904988],[3.96483455,47.82924903],[3.96462374,47.82941728],[3.96441433,47.82958912],[3.96422851,47.82973466],[3.96403878,47.82988653],[3.96392937,47.82997113],[3.96385825,47.83002932],[3.96371052,47.83013855],[3.96361032,47.83021498],[3.9634416,47.83034597],[3.96325169,47.83048794],[3.9630737,47.83062352],[3.96287318,47.83077007],[3.96268859,47.8309111],[3.96249081,47.83106123],[3.96227175,47.83121784],[3.96206067,47.83137169],[3.96184554,47.83152376],[3.96163047,47.83167944],[3.96141141,47.83183605],[3.96118694,47.8319891],[3.96098235,47.83213299],[3.96080284,47.83225957],[3.96057835,47.83241172],[3.96036984,47.83256104],[3.96013079,47.83272141],[3.95989435,47.83287816],[3.95964996,47.83303947],[3.9594002,47.83319902],[3.95914789,47.8333658],[3.95891413,47.83352342],[3.95866694,47.83367756],[3.95844352,47.83381619],[3.9582599,47.8339374],[3.95801937,47.83409058],[3.95774568,47.83425843],[3.95750906,47.83440617],[3.95728571,47.8345484],[3.95706878,47.83467618],[3.9568519,47.83480666],[3.95672361,47.83488331],[3.95657814,47.83497091],[3.95646972,47.8350375],[3.95640096,47.83507946],[3.95623563,47.83517802],[3.95592337,47.83535698],[3.95579239,47.83543275],[3.95524104,47.83577207],[3.95481758,47.83601223],[3.95434506,47.8362753],[3.95378374,47.83658138],[3.95332303,47.83683265],[3.95273764,47.83713893],[3.95202903,47.83750741],[3.9513203,47.83786959],[3.9507081,47.83817337],[3.94996586,47.83853131],[3.94929515,47.83885356],[3.949201,47.83889663],[3.94912943,47.83893141],[3.9486242,47.83916231],[3.9481045,47.83940683],[3.94735934,47.83975308],[3.94657446,47.84012214],[3.94591948,47.84042895],[3.94535985,47.84068458],[3.94471939,47.84098136],[3.94420495,47.84122312],[3.94363076,47.84148786],[3.94286957,47.8418387],[3.94218685,47.84216641],[3.94149841,47.84247346],[3.94075462,47.84282685],[3.94014191,47.84310808],[3.93953463,47.84339467],[3.93882111,47.8437217],[3.93808244,47.84406423],[3.93751224,47.84433161],[3.93723373,47.84445984],[3.93678407,47.84466325],[3.93674028,47.8446825],[3.93602806,47.84500951],[3.93524123,47.8453524],[3.93447822,47.84568161],[3.93398712,47.84588713],[3.93342964,47.84611928],[3.9329318,47.84632216],[3.9322321,47.84660314],[3.93148976,47.84689345],[3.93091056,47.84710866],[3.93052271,47.84725575],[3.93014415,47.84739916],[3.92960871,47.84759422],[3.92917027,47.8477543],[3.92859473,47.84795057],[3.92800999,47.84815591],[3.92746641,47.84834472],[3.92688936,47.848532],[3.9262539,47.84874313],[3.92569948,47.84892482],[3.92511043,47.84911397],[3.92484316,47.84919979],[3.92482191,47.84920805],[3.9243844,47.84934651],[3.92410251,47.84943784],[3.92380467,47.84953469],[3.92327947,47.84970533],[3.92292185,47.84982516],[3.92250705,47.84996253],[3.9218289,47.85018207],[3.92134093,47.85034161],[3.92083547,47.85049499],[3.92041801,47.85063418],[3.92003364,47.8507542],[3.91939536,47.85095991],[3.91895126,47.8511056],[3.91848581,47.85125416],[3.91802168,47.8514018],[3.91756013,47.85154402],[3.91709869,47.85169253],[3.9166411,47.85183202],[3.91622895,47.85197025],[3.91581929,47.85209765],[3.915403,47.85222871],[3.91501606,47.85235593],[3.91465701,47.85247214],[3.91424602,47.85260045],[3.91387106,47.85272488],[3.91348146,47.85285302],[3.9131503,47.85295821],[3.91278844,47.85306723],[3.91201858,47.85332343],[3.91196008,47.85334279],[3.91191354,47.85335845],[3.91148108,47.85348332],[3.91059393,47.85376292],[3.90978649,47.8540122],[3.90940864,47.85412494],[3.90912662,47.85421173],[3.90884602,47.85430301],[3.90850149,47.85440918],[3.90804934,47.85455669],[3.90723409,47.85482041],[3.90683908,47.85494677],[3.90644803,47.8550704],[3.90604244,47.85520404],[3.90567932,47.85531935],[3.90520716,47.8554706],[3.90480682,47.8555988],[3.90435856,47.85573996],[3.90392765,47.85588009],[3.90348602,47.8560185],[3.90306708,47.85615403],[3.90260286,47.85630161],[3.90216129,47.85644362],[3.90172244,47.8565892],[3.9014258,47.85668238],[3.90088828,47.85684492],[3.90081381,47.85686979],[3.90075397,47.85689005],[3.90006368,47.85711316],[3.89963001,47.85724879],[3.89921373,47.85738519],[3.8988493,47.85750319],[3.89843692,47.85763326],[3.89802196,47.85776874],[3.89758574,47.85791249],[3.89720137,47.85803873],[3.89680245,47.85817409],[3.89639698,47.85831759],[3.89611785,47.85841963],[3.8955766,47.85860107],[3.89512876,47.8587701],[3.8947008,47.85892907],[3.89420385,47.85912097],[3.89372295,47.85931274],[3.89317163,47.85953295],[3.89260592,47.85977217],[3.89212506,47.85996754],[3.8916592,47.86017989],[3.89129013,47.8603429],[3.89070059,47.86059759],[3.89061432,47.86063695],[3.89052012,47.86068177],[3.89007173,47.86090028],[3.88939111,47.86122765],[3.88854235,47.86165801],[3.88843098,47.86171645],[3.88807951,47.86189282],[3.88755852,47.86217038],[3.88710643,47.86240871],[3.88666384,47.86265596],[3.88620805,47.86291322],[3.88585314,47.86312561],[3.88550479,47.86332985],[3.8851288,47.8635613],[3.88476612,47.86378904],[3.88439941,47.86401592],[3.88408174,47.86421632],[3.88384877,47.86436208],[3.88372834,47.86443949],[3.88335935,47.86469068],[3.88293586,47.86496208],[3.88259748,47.86520494],[3.88222321,47.86546066],[3.88191394,47.8656844],[3.88137083,47.8660836],[3.88088201,47.86644998],[3.8804503,47.86679254],[3.88007277,47.86709509],[3.87974125,47.86734958],[3.87928995,47.86772108],[3.87888103,47.86806796],[3.87852503,47.86837934],[3.87825189,47.86860639],[3.87798815,47.86883518],[3.87768376,47.86911376],[3.87732116,47.86943149],[3.87703516,47.86969014],[3.87678476,47.86991702],[3.8765144,47.87015125],[3.87625739,47.87038358],[3.87600708,47.87061676],[3.87565789,47.87093797],[3.87546551,47.87111492],[3.87508569,47.87144446],[3.87474292,47.87175033],[3.87444364,47.87201627],[3.87417731,47.87225227],[3.87392027,47.87248369],[3.87370018,47.87268514],[3.87344707,47.87291203],[3.87316757,47.87316162],[3.87282501,47.87348098],[3.87268784,47.8735999],[3.87255468,47.8737188],[3.8723069,47.87394475],[3.87204056,47.87418164],[3.87176917,47.87443656],[3.87146974,47.8746953],[3.87120082,47.8749385],[3.87093186,47.87517901],[3.87069304,47.87538149],[3.87048339,47.87556845],[3.87027506,47.8757536],[3.8700339,47.8759768],[3.86981511,47.87617733],[3.8695632,47.8763979],[3.86931277,47.87662747],[3.86904784,47.87687064],[3.86879865,47.87709389],[3.86850094,47.8773778],[3.86823335,47.87762189],[3.86796318,47.8778723],[3.86770511,47.87812622],[3.86732331,47.87850435],[3.86697439,47.87884804],[3.8666836,47.8791472],[3.86639013,47.87944638],[3.86611264,47.87974094],[3.86583522,47.88003999],[3.86557111,47.88033535],[3.86527669,47.88065883],[3.86503244,47.88094144],[3.86472906,47.88129019],[3.86452672,47.88151759],[3.86434694,47.88173402],[3.86424989,47.88185444],[3.86399415,47.88217133],[3.86373444,47.88249185],[3.86350003,47.88280409],[3.86345411,47.88286023],[3.86339517,47.88293806],[3.86319197,47.88319606],[3.86294818,47.88350837],[3.86269029,47.88385857],[3.86243117,47.88421599],[3.86216541,47.88457705],[3.86192717,47.88490191],[3.86168487,47.885225],[3.86142859,47.88559319],[3.86117088,47.885956],[3.86087515,47.88636768],[3.86061345,47.88673231],[3.86036481,47.88707794],[3.860136,47.88740813],[3.85992159,47.88771931],[3.85969768,47.88802245],[3.85944507,47.88837081],[3.85923842,47.88866573],[3.85899881,47.8889915],[3.85876602,47.88932531],[3.8587254,47.88937871],[3.8585748,47.88958142],[3.85837592,47.88986098],[3.85811296,47.89023281],[3.85788788,47.89054766],[3.85762862,47.89090057],[3.85741555,47.89121353],[3.85718506,47.89152482],[3.85693769,47.89186864],[3.85675713,47.89212376],[3.85651754,47.89245222],[3.85628843,47.8927671],[3.85617299,47.89291104],[3.85580537,47.89343394],[3.85550562,47.89385013],[3.8552689,47.89419207],[3.85492463,47.89466978],[3.85456216,47.89518094],[3.85421526,47.89566227],[3.85378327,47.89626213],[3.85347974,47.89669544],[3.85315496,47.89713881],[3.85278974,47.89764728],[3.85249119,47.89805806],[3.85221387,47.89845788],[3.85186833,47.89894279],[3.85154119,47.89940778],[3.85150978,47.89945211],[3.85148502,47.89949369],[3.85121809,47.89987453],[3.85104109,47.90010442],[3.85087188,47.90031895],[3.8504764,47.90086362],[3.8500725,47.90138406],[3.84968544,47.90187017],[3.84919302,47.90246414],[3.84868479,47.90307443],[3.84822759,47.90361234],[3.84787125,47.90401272],[3.84746345,47.90445937],[3.84705837,47.9049096],[3.8466687,47.90531922],[3.84620929,47.90580494],[3.84578118,47.90623913],[3.84543186,47.90657825],[3.84508666,47.90692364],[3.84477561,47.90722918],[3.84441824,47.90756746],[3.84424546,47.9077298],[3.84398694,47.90797107],[3.84370749,47.90824398],[3.84326954,47.90865123],[3.84288247,47.90897531],[3.84252332,47.90928749],[3.84215102,47.90961507],[3.8420044,47.90973942],[3.84160138,47.91007171],[3.84130406,47.91031595],[3.84091531,47.91062024],[3.84055602,47.91092521],[3.84019123,47.91122123],[3.83980646,47.91152368],[3.83938714,47.91184258],[3.83891994,47.91218162],[3.83879837,47.91228239],[3.83864907,47.91240766],[3.8383925,47.9126066],[3.83790787,47.91294486],[3.83748853,47.91326375],[3.83707646,47.91353489],[3.83668321,47.9138113],[3.83626485,47.91410858],[3.83573237,47.91447057],[3.83508323,47.91490629],[3.83454113,47.91525395],[3.83413962,47.91551691],[3.83343169,47.91596203],[3.8328365,47.91633976],[3.83249316,47.9165573],[3.83241498,47.91660915],[3.83235801,47.91664735],[3.83192979,47.91691679],[3.8312748,47.91732463],[3.83063052,47.91773329],[3.82993969,47.91816208],[3.82938406,47.9185044],[3.82894795,47.91878468],[3.82835026,47.9191786],[3.82784625,47.91948366],[3.82740736,47.91975855],[3.82691678,47.92006711],[3.82626189,47.92048662],[3.82582432,47.9207615],[3.82568379,47.92085068],[3.82488962,47.92135577],[3.82434343,47.921707],[3.82366181,47.92213208],[3.82317385,47.92243971],[3.8226421,47.92277373],[3.82210506,47.92311229],[3.82154927,47.92345098],[3.8210518,47.92375146],[3.82055034,47.92405376],[3.82006448,47.92432716],[3.81945527,47.92467611],[3.81903847,47.92491302],[3.81847415,47.92522205],[3.81798411,47.92548556],[3.81740126,47.92580912],[3.81713295,47.92595049],[3.81661887,47.92621956],[3.81612193,47.92647051],[3.81563165,47.92672052],[3.81510281,47.92698789],[3.81471201,47.927176],[3.81453519,47.92725913],[3.81441423,47.92731756],[3.81417238,47.92743894],[3.81360465,47.92770387],[3.81355547,47.92772761],[3.81292125,47.9280236],[3.81243981,47.92824023],[3.81186804,47.92850429],[3.81133057,47.9287357],[3.81078518,47.92897436],[3.81017316,47.92923508],[3.80923221,47.92961597],[3.80913774,47.92965622],[3.8086027,47.9298723],[3.80812617,47.93006188],[3.80768026,47.93023955],[3.80707312,47.93047052],[3.8066377,47.93063461],[3.80605702,47.93084469],[3.80540049,47.93108769],[3.80492226,47.93125477],[3.80432552,47.93146675],[3.8038831,47.93161108],[3.80338878,47.93177736],[3.80277982,47.93197952],[3.80219625,47.93217791],[3.80155633,47.93236947],[3.80101389,47.93254327],[3.80039664,47.93272928],[3.79985551,47.93290126],[3.79907682,47.93312796],[3.79818227,47.93339864],[3.79723845,47.93368854],[3.79654108,47.93389217],[3.79599312,47.93405698],[3.79530661,47.93427043],[3.79478533,47.93442876],[3.79424669,47.9345908],[3.79345742,47.93482923],[3.79290407,47.93499316],[3.79235081,47.93516339],[3.79178419,47.93533551],[3.79086287,47.93561261],[3.78978425,47.93593937],[3.78886561,47.93621733],[3.7882749,47.9363923],[3.78821489,47.9364098],[3.78744156,47.93664358],[3.78674693,47.93685613],[3.78607354,47.93705684],[3.78539623,47.93726386],[3.78464286,47.93749029],[3.7840748,47.93765968],[3.78393348,47.93770383],[3.7838735,47.93772313],[3.78307084,47.93796878],[3.78223342,47.93821915],[3.78171602,47.93837289],[3.7812333,47.9385174],[3.78065597,47.93869494],[3.77978128,47.93896264],[3.77930523,47.9391062],[3.77865449,47.93930221],[3.77835967,47.93938246],[3.77785704,47.93954059],[3.77777439,47.93956723],[3.77773309,47.93958281],[3.77732115,47.93971423],[3.77724914,47.93973631],[3.77708113,47.93978782],[3.77659173,47.93993505],[3.77599431,47.94011449],[3.77539554,47.94029394],[3.77477277,47.94048075],[3.77421532,47.94064732],[3.77368588,47.94080561],[3.77323655,47.94094626],[3.77318588,47.94096189],[3.77280456,47.9410823],[3.77234711,47.94121761],[3.77191101,47.94134827],[3.77145882,47.94147724],[3.77095477,47.94163264],[3.77051332,47.94176334],[3.77001989,47.94191237],[3.7695571,47.9420504],[3.76909702,47.94219021],[3.76861562,47.94233825],[3.76797289,47.94253775],[3.76789952,47.94255803],[3.76780618,47.94258744],[3.76749548,47.94268397],[3.76715536,47.94278339],[3.76664192,47.94293974],[3.76613788,47.94309782],[3.76563239,47.94324781],[3.76513371,47.94340676],[3.7646524,47.94356199],[3.76410431,47.94373115],[3.76360031,47.94389282],[3.76307897,47.94406001],[3.76255631,47.944229],[3.76204311,47.94440332],[3.76153781,47.9445686],[3.76112318,47.94470538],[3.76066196,47.94486226],[3.76018613,47.94502824],[3.75969817,47.94518889],[3.75922241,47.94536026],[3.75874796,47.94552982],[3.7582761,47.94569307],[3.75819078,47.94572152],[3.75809212,47.94575455],[3.75767369,47.94590755],[3.75729916,47.94603956],[3.75691544,47.94618423],[3.75652762,47.94632352],[3.75617449,47.94645359],[3.75578407,47.9465992],[3.75539633,47.94674479],[3.75497656,47.94689868],[3.75455963,47.94706426],[3.75411854,47.94722639],[3.75363615,47.94740498],[3.75321108,47.9475643],[3.75271001,47.9477484],[3.75236883,47.94787209],[3.75202389,47.94801379],[3.75167088,47.94815375],[3.75127917,47.94830475],[3.75088624,47.94846386],[3.75048525,47.94862121],[3.75000834,47.94881055],[3.74953274,47.94899718],[3.7490998,47.94917004],[3.74866821,47.94934379],[3.74821397,47.94952577],[3.74776511,47.94971043],[3.74730418,47.94989335],[3.74695498,47.95002067],[3.74653,47.95018897],[3.74611183,47.95036532],[3.74567344,47.9505328],[3.74523907,47.95070025],[3.74478875,47.9508777],[3.74438517,47.95104405],[3.74414935,47.95113734],[3.74387893,47.95124615],[3.74346186,47.95140719],[3.7429969,47.95159192],[3.7425306,47.95177666],[3.74208823,47.95194865],[3.741602,47.95214612],[3.74111835,47.95233636],[3.74066938,47.95251649],[3.74018589,47.95271843],[3.73971163,47.95291041],[3.73928526,47.95307869],[3.73887772,47.95325225],[3.73844482,47.95343226],[3.73803604,47.95361302],[3.73767111,47.95376831],[3.73727686,47.95393458],[3.73687197,47.95410721],[3.73645373,47.95428263],[3.73603025,47.95446708],[3.73563738,47.95463693],[3.73522726,47.95481949],[3.73481447,47.95500297],[3.73437639,47.9551983],[3.73398889,47.95536992],[3.73351881,47.95557625],[3.73305678,47.95578432],[3.73255346,47.95601065],[3.73209677,47.95621779],[3.73165073,47.95642036],[3.7312193,47.95661384],[3.73078668,47.95681813],[3.73033404,47.95702883],[3.72989738,47.95723224],[3.72945535,47.95743478],[3.72900939,47.95764454],[3.72854479,47.95786341],[3.72813477,47.95805675],[3.72777002,47.9582291],[3.72771412,47.95825645],[3.72754769,47.95833307],[3.7272881,47.95845528],[3.72689005,47.95864313],[3.7264946,47.95882467],[3.72609116,47.95900986],[3.72567984,47.95920769],[3.725315,47.95937464],[3.72490502,47.95957246],[3.7245202,47.95974853],[3.72410083,47.95994551],[3.72370937,47.96012701],[3.72335127,47.96029751],[3.72294922,47.96048808],[3.72272566,47.96060195],[3.72243139,47.96073785],[3.72214386,47.96087641],[3.72159267,47.96113629],[3.72107068,47.96137619],[3.72051957,47.96164236],[3.72017601,47.96180016],[3.71992563,47.96191328],[3.71938509,47.96216949],[3.71891369,47.96238656],[3.71841436,47.96261911],[3.71796161,47.96282886],[3.71772568,47.9629203],[3.71752326,47.96301333],[3.71734081,47.96309635],[3.71712772,47.96319304],[3.71690929,47.96329067],[3.71669359,47.96339278],[3.71649385,47.9634858],[3.71630876,47.96357242],[3.71609041,47.96367635],[3.7158907,47.96377206],[3.71568165,47.96387053],[3.71548724,47.96396171],[3.7152609,47.96406928],[3.71505851,47.96416501],[3.71488942,47.96424614],[3.714723,47.96432635],[3.71467105,47.96434916],[3.71462577,47.96437014],[3.71438865,47.96447417],[3.71421691,47.96455711],[3.71401848,47.96464832],[3.71383736,47.96473221],[3.71362428,47.9648298],[3.71339257,47.9649383],[3.71313559,47.96506046],[3.71287991,47.96517991],[3.7126002,47.9653058],[3.71235914,47.96541615],[3.71214208,47.96551826],[3.71191706,47.96562582],[3.71169334,47.96573067],[3.71148301,47.96583454],[3.71128995,47.96592751],[3.7110876,47.96602683],[3.71087857,47.96612799],[3.71064686,47.96623739],[3.71045508,47.96632584],[3.71023406,47.96643247],[3.70999569,47.96654461],[3.70977861,47.96664491],[3.70956688,47.96674519],[3.70930986,47.96686554],[3.70911673,47.966954],[3.70892229,47.96704427],[3.70870917,47.96714095],[3.70851864,47.96722309],[3.70832415,47.96731066]],[[4.07160565,47.69543344],[4.07166275,47.69522318],[4.07177617,47.69502861],[4.07189622,47.69483217],[4.07201102,47.69464029],[4.07214115,47.69441496],[4.07218231,47.69433987],[4.07221325,47.69428737],[4.07229446,47.69414891],[4.072374,47.69399335],[4.07247577,47.69381689],[4.07264344,47.6935354],[4.07277196,47.69329658],[4.07290721,47.6930613],[4.0729946,47.69289847],[4.07310256,47.69269854],[4.07321294,47.692486],[4.07331419,47.69228343],[4.07339867,47.69210893],[4.07345356,47.6919878],[4.07357638,47.69173103],[4.07369626,47.69146078],[4.07380215,47.69122397],[4.07388599,47.69101796],[4.07398303,47.69080554],[4.0740529,47.69063386],[4.07413035,47.69044142],[4.07423358,47.69020553],[4.07431243,47.69001667],[4.07443603,47.68973289],[4.0745351,47.68948894],[4.07459351,47.68934437],[4.07466336,47.6891718],[4.07477667,47.68890702],[4.0749115,47.68858532],[4.07499794,47.68837659],[4.07509211,47.68815428],[4.07518644,47.68794008],[4.07533051,47.6876138],[4.07548379,47.68728203],[4.07561166,47.68701261],[4.07581023,47.68661291],[4.07594865,47.68633799],[4.07614533,47.68597702],[4.07629341,47.68571821],[4.07652001,47.68532095],[4.07670561,47.68500599],[4.07690691,47.68467648],[4.07708271,47.68440481],[4.07715046,47.68426106],[4.07725892,47.68408723],[4.07743599,47.68381195],[4.07765509,47.68350658],[4.07782233,47.68327279],[4.07805717,47.68295467],[4.07826999,47.68266826],[4.07853128,47.68233999],[4.07863387,47.68220582],[4.07873398,47.68208067],[4.07899815,47.68176318],[4.07924932,47.68146201],[4.07962848,47.68103093],[4.07994915,47.68067331],[4.0801748,47.68042908],[4.0804057,47.6801812],[4.08063829,47.67995041],[4.08095954,47.67962248],[4.08136747,47.67923074],[4.08161339,47.67900072],[4.08190119,47.67873251],[4.08230693,47.67836509]],[[4.07878655,47.68408575],[4.0785937,47.68437108],[4.07842087,47.68465802],[4.07822846,47.68496495],[4.07801761,47.68528375],[4.07781342,47.68560159],[4.07762508,47.68591298],[4.07731607,47.68638751],[4.07723444,47.68650438],[4.07707938,47.68674705],[4.07687873,47.68704325],[4.07665779,47.68739095],[4.07650788,47.68762547],[4.07633511,47.68791601],[4.07614143,47.68822745],[4.07594913,47.68854157],[4.07583169,47.68873349],[4.07569735,47.68894716],[4.075568,47.68914368],[4.07542216,47.68938176],[4.07522315,47.68969415],[4.07508514,47.68992406],[4.07489917,47.69022192],[4.07473641,47.69048086],[4.07459806,47.69069457],[4.07444299,47.69093813],[4.0742687,47.69122058],[4.07408371,47.69150133],[4.07390037,47.69179827],[4.07373006,47.69207978],[4.07357233,47.69232427],[4.07341723,47.69256693],[4.07324152,47.6928458],[4.07307746,47.69310745],[4.0728825,47.69342339],[4.07271581,47.69368686],[4.07251053,47.69402],[4.07236051,47.69425092],[4.07229201,47.69435866],[4.0721228,47.69462936],[4.07197419,47.69486386],[4.07178168,47.69516988],[4.07160565,47.69543344]],[[4.08230693,47.67836509],[4.08218949,47.67855521],[4.08208631,47.6787254],[4.08189118,47.67902786],[4.08168351,47.67936914],[4.08150143,47.67965798],[4.08131156,47.67995769],[4.08113729,47.68023745],[4.08097337,47.68050181],[4.08080417,47.68076892],[4.08062595,47.68105142],[4.08042078,47.68138548],[4.08023099,47.68168968],[4.08003473,47.68200295],[4.07984722,47.68228824],[4.0797297,47.68247476],[4.07970385,47.6825146],[4.079558,47.68275089],[4.07941071,47.68298179],[4.0792727,47.6832099],[4.07914473,47.68340732],[4.0790289,47.68361183],[4.07893749,47.683772],[4.07878655,47.68408575]],[[4.07878655,47.68408575],[4.0791567,47.68360345],[4.0793584,47.68329463],[4.07955111,47.683003],[4.0797541,47.68269237],[4.07984327,47.68255382],[4.07990922,47.68245329],[4.08010189,47.68215986],[4.080301,47.68185557],[4.08049097,47.68156036],[4.08062167,47.68136652],[4.08079257,47.68111739],[4.08094006,47.68089729],[4.08110183,47.68065815],[4.08125354,47.68044881],[4.08142723,47.68020596],[4.08161149,47.67995851],[4.08176219,47.67976538],[4.08192196,47.67955957],[4.08211443,47.67932284],[4.08229927,47.67910419],[4.08251809,47.67885282],[4.082754,47.67858959],[4.08285032,47.67847528],[4.08303036,47.67828368],[4.08318821,47.67811478],[4.08335415,47.67795032],[4.08354489,47.67776042],[4.08369381,47.67761141],[4.08384948,47.67746684],[4.08403124,47.67729412],[4.0841843,47.67715228],[4.08435046,47.67699951],[4.08448784,47.67687311],[4.08464123,47.67674747],[4.08479714,47.6766146],[4.08499373,47.67645074],[4.08515628,47.67631691],[4.08533308,47.67616314],[4.08549055,47.67604196],[4.08553513,47.67600553],[4.08561126,47.67594812],[4.08574238,47.67584158],[4.08591312,47.67571757],[4.08607572,47.67558644],[4.08630167,47.67542501],[4.08654075,47.67525356],[4.08677594,47.67508754],[4.08689431,47.67500993],[4.08693153,47.67493937]],[[4.08230693,47.67836509],[4.08237273,47.67825826],[4.08254228,47.67800915],[4.08264283,47.67784079],[4.08276278,47.67764344],[4.08293574,47.67736549],[4.08309092,47.67713091],[4.0832356,47.67690452],[4.08339804,47.67663387],[4.08355924,47.67636773],[4.08371425,47.67612505],[4.08389125,47.67584976],[4.084028,47.67562705],[4.0841467,47.67543421],[4.08418014,47.67537449],[4.08422013,47.67530931],[4.08428606,47.67520878],[4.08439989,47.67503849],[4.0845395,47.67482566],[4.08466854,47.67461742],[4.08481934,47.67436488],[4.08493946,47.67417653],[4.08508031,47.67395918],[4.08518345,47.67378809],[4.08527778,47.67364229],[4.08538997,47.67345761],[4.08554252,47.67322575],[4.0856187,47.67310532],[4.08582401,47.67278116],[4.08597764,47.67253759],[4.08609635,47.67234565],[4.08617625,47.67221168],[4.08627416,47.67204604],[4.08641513,47.67183499],[4.08651315,47.67167475],[4.0866166,47.67151896],[4.0866655,47.67143389],[4.08679479,47.67123825],[4.08693933,47.67100647],[4.08707622,47.67079185],[4.08721178,47.67057725],[4.08735624,47.67034187],[4.0873794,47.67030114],[4.08741798,47.67023237],[4.08753012,47.67004589],[4.08764907,47.66986655],[4.08780508,47.66960945],[4.0879495,47.66937227],[4.08809793,47.66913594],[4.08824777,47.6689032],[4.08839226,47.66866961],[4.08853151,47.66844057],[4.08869031,47.66818975],[4.0888181,47.66798692],[4.08898977,47.66771437],[4.08912915,47.66749163],[4.08928015,47.66725078],[4.08943643,47.66700807],[4.08956172,47.66681337],[4.08971397,47.6665689],[4.08981991,47.66640589],[4.0899384,47.66620494],[4.09008682,47.66596861],[4.09022878,47.66574225],[4.09035015,47.66555208],[4.09051676,47.66529308],[4.09064585,47.66508933],[4.0907851,47.66486119],[4.09092322,47.66464296],[4.09106515,47.66441569],[4.09120438,47.66418665],[4.09127652,47.66406535],[4.09136291,47.66392412],[4.09150387,47.66371486],[4.09166271,47.66346763],[4.09184879,47.66318414],[4.09200613,47.66292882],[4.09221926,47.66260007],[4.09236636,47.66236555],[4.09250317,47.66214913],[4.0926645,47.66189377],[4.09281767,47.66163039],[4.09292065,47.66145389],[4.09306768,47.66121577],[4.0931877,47.66102561],[4.09332713,47.66080737],[4.09346393,47.66059095],[4.09363032,47.66032294],[4.09386379,47.65994718],[4.09404698,47.65965381],[4.09424321,47.65934681],[4.09449978,47.65892853],[4.09479274,47.6584658],[4.09505333,47.65804928],[4.09526231,47.65771515],[4.09547668,47.65738368],[4.0955708,47.65723067],[4.09570252,47.65702689],[4.09582998,47.65681056],[4.09592659,47.65664942],[4.09606332,47.65643029],[4.09622591,47.65617312],[4.09635751,47.65596394],[4.0965161,47.65570681],[4.09669548,47.65542427],[4.09680118,47.65525134],[4.09693535,47.65503764],[4.09704629,47.65486106],[4.09716248,47.65467994],[4.09731606,47.65443905],[4.09747603,47.6541846],[4.09766183,47.65389029],[4.09781776,47.65363408],[4.09799724,47.65335694],[4.09813908,47.65312786],[4.09827201,47.65291957],[4.09844871,47.65263705],[4.09857382,47.65243694],[4.09873239,47.6521798],[4.09895803,47.6518158],[4.09923399,47.65137212],[4.09954618,47.65087679],[4.09975372,47.65053997],[4.10000016,47.65015147],[4.10020655,47.64982366],[4.10025941,47.64973855],[4.10038721,47.6495402],[4.10055342,47.64926678],[4.10067318,47.64906672],[4.10081618,47.64883042],[4.10096988,47.64859673],[4.10107823,47.64842467],[4.10122916,47.6481856],[4.10136464,47.64797278],[4.10150781,47.64774549],[4.10170249,47.64743219],[4.10184317,47.64721302],[4.1019888,47.6469758],[4.1021849,47.64666699],[4.10237961,47.64635549],[4.10251495,47.64613637],[4.10262956,47.64594535],[4.10280126,47.64568087],[4.10298415,47.64537759],[4.10316705,47.6450752],[4.10330194,47.64483448],[4.10344615,47.64459366],[4.103567,47.64438278],[4.10369554,47.64415742],[4.10382919,47.64392121],[4.10398099,47.64366142],[4.10411584,47.6434189],[4.10421593,47.64323522],[4.10439318,47.64291758],[4.10454224,47.64265421],[4.10467049,47.64241535],[4.10479891,47.64218459],[4.10491572,47.64197194],[4.10500564,47.64181176],[4.10515449,47.6415385],[4.10529306,47.64128333],[4.10544573,47.64100193],[4.1055677,47.64078113],[4.10567409,47.64058029],[4.10580751,47.64033417],[4.10596037,47.64006177],[4.1060809,47.63983648],[4.10619779,47.63962833],[4.10634505,47.63934338],[4.10649526,47.6390719],[4.10663775,47.638814],[4.10680343,47.63851807],[4.10698563,47.63818417],[4.10707552,47.63802309],[4.10713026,47.63790104],[4.10735016,47.63752268],[4.10764689,47.63699596],[4.10794825,47.63643589],[4.10830135,47.63580241],[4.10854349,47.63534101],[4.10864891,47.63515908],[4.10883593,47.63480173],[4.10917979,47.63417283],[4.10960726,47.63340271],[4.10990346,47.63285258],[4.11035539,47.63204262],[4.11075565,47.63131056],[4.11131252,47.63029705],[4.11163722,47.62971063],[4.11196044,47.62911703],[4.11240458,47.62831973],[4.11265331,47.62785917],[4.1129626,47.6273008],[4.11322182,47.62683293],[4.11356571,47.62621032],[4.1139246,47.62554166],[4.11420179,47.6250421],[4.1144748,47.62453359],[4.11471489,47.62410731],[4.11500225,47.62358515],[4.11535655,47.62295343],[4.11546152,47.62275169],[4.11572162,47.622264],[4.11595261,47.6218486],[4.11627461,47.6212649],[4.11677778,47.62036799],[4.11723924,47.6195147],[4.11779578,47.61849755],[4.11829369,47.61760609],[4.11861633,47.61705568],[4.11889173,47.61653812],[4.119321,47.61574004],[4.11976741,47.61493458],[4.12013666,47.61425949],[4.1204879,47.61361428],[4.12078665,47.61306949],[4.12105575,47.61257089],[4.12138421,47.61198351],[4.12165575,47.61147499],[4.12194929,47.61093655],[4.12240566,47.61010218],[4.12251187,47.60989861],[4.12285051,47.60929042],[4.12322902,47.60861613],[4.12343081,47.60827391],[4.12355812,47.60806114],[4.12394616,47.60733454],[4.12428599,47.60672093],[4.124354,47.60660055],[4.12465019,47.60606387],[4.12507824,47.60527927],[4.12541544,47.60466838],[4.12588174,47.60380509],[4.12623806,47.60315531],[4.1265471,47.6025987],[4.12689947,47.60195165],[4.12724592,47.60133977],[4.12763438,47.60063745],[4.12791251,47.60013155],[4.12822955,47.59957756],[4.12869956,47.59870522],[4.12908528,47.59800112],[4.12937608,47.59746629],[4.1297324,47.59682009],[4.13000243,47.59631066],[4.1302315,47.59587814],[4.1305111,47.5953182],[4.13072832,47.5948921],[4.13091207,47.59451943],[4.13109925,47.59412063],[4.13124021,47.59380149],[4.13127579,47.59372192],[4.13154933,47.59306572],[4.13174367,47.59256512],[4.13192397,47.59209346],[4.13208241,47.59165802],[4.13220802,47.59130572],[4.13234669,47.59087948],[4.1324812,47.59044517],[4.13260182,47.5900461],[4.13275306,47.58952251],[4.13286776,47.5890956],[4.13299353,47.58856325],[4.13309909,47.58808241],[4.13319034,47.58767913],[4.13326926,47.58719675],[4.13333826,47.58681169],[4.13342337,47.58630764],[4.13349227,47.58579205],[4.13356209,47.58525755],[4.13358655,47.58509347],[4.13361949,47.58463944],[4.13366531,47.58410247],[4.13369499,47.58349453],[4.13371455,47.58284889],[4.13373015,47.5822672],[4.13371871,47.58179109],[4.13370905,47.58133568],[4.13368591,47.58074716],[4.13365652,47.58023972],[4.13360443,47.57966589],[4.13353233,47.57890141],[4.13343806,47.57828297],[4.1333349,47.57762231],[4.13322188,47.57699776],[4.1330788,47.57627357],[4.13292215,47.57559903],[4.13275099,47.57493003],[4.13258721,47.57435818],[4.13242401,47.57381333],[4.13237268,47.57365089],[4.13226142,47.57329728],[4.13208481,47.57274716],[4.13185074,47.57205896],[4.13162834,47.57141926],[4.13139029,47.5707311],[4.13119286,47.57013887],[4.13096591,47.5694722],[4.13072174,47.56874539],[4.13049493,47.56808413],[4.13042897,47.56785881],[4.1302268,47.5671676],[4.1300429,47.56652212],[4.12991322,47.56605076],[4.1297821,47.56544798],[4.1296266,47.56476171],[4.12950776,47.5641102],[4.12946064,47.56383159],[4.1294223,47.5635907],[4.12932388,47.5629615],[4.12925711,47.56244541],[4.12920032,47.56183471],[4.12914256,47.56130414],[4.12911225,47.56087682],[4.12906665,47.56016609],[4.12905823,47.55913811],[4.12906831,47.55873381],[4.12908583,47.5581782],[4.12914316,47.55736654],[4.12920913,47.55664932],[4.12928569,47.55586718],[4.12938144,47.5552379],[4.12946427,47.55462674],[4.12959428,47.5539197],[4.12974638,47.55325116],[4.12989507,47.55261056],[4.1300763,47.55187422],[4.13027397,47.55122324],[4.13044789,47.5506445],[4.13063478,47.55005034],[4.13067236,47.54994105],[4.13082212,47.54947778],[4.13107709,47.54864529],[4.13131235,47.54788682],[4.13150251,47.54732233],[4.13167246,47.54680845],[4.13187149,47.54616105],[4.13205066,47.54558046],[4.1322732,47.54485091],[4.13243421,47.5442921],[4.13257666,47.54373618],[4.13269642,47.54323898],[4.13280606,47.54270318],[4.13287331,47.54242615],[4.13292672,47.54212316],[4.1329943,47.5417363],[4.13305482,47.54132971],[4.13312008,47.54089606],[4.13318157,47.54041024],[4.13320977,47.5401723],[4.13322364,47.54007404],[4.13323845,47.53995776],[4.13325229,47.5398577],[4.1332895,47.53941803],[4.13335263,47.53882146],[4.13339105,47.53831335],[4.13344962,47.53768982],[4.13350167,47.53719778],[4.13353875,47.53668969],[4.13358814,47.53613466],[4.1336416,47.5355841],[4.13368491,47.53499312],[4.13372837,47.53447236],[4.13379243,47.53385778],[4.13382712,47.53329929],[4.13388542,47.53272617],[4.13393263,47.53219457],[4.13398,47.53167018],[4.13402415,47.5311197],[4.13409617,47.53031599],[4.13413537,47.52978266],[4.13419333,47.52919424],[4.13423071,47.52870055],[4.1342727,47.5281735],[4.13432376,47.52776069],[4.13437809,47.52712639],[4.13442637,47.52658308],[4.13447431,47.52602356],[4.1345439,47.52535671],[4.13458663,47.52486476],[4.13463596,47.52424581],[4.13467719,47.52374578],[4.13471453,47.5233133],[4.13475205,47.5228268],[4.13481052,47.52226268],[4.13485883,47.52172116],[4.13488601,47.52124827],[4.13493612,47.52066622],[4.13500158,47.52018125],[4.13505504,47.51963159],[4.13512337,47.51909437],[4.13519049,47.51856258],[4.13523471,47.51820385],[4.13526978,47.51791543],[4.13528983,47.51767037],[4.13530399,47.51752349],[4.13538833,47.51705184],[4.13539895,47.51698872],[4.13541329,47.51691296],[4.13559949,47.51591907],[4.13582033,47.51499237],[4.1361363,47.51372714],[4.13671441,47.51185529],[4.13678938,47.5116313],[4.13705849,47.51085176],[4.13745036,47.50978474],[4.13787751,47.50875249],[4.13815783,47.50812678],[4.1383469,47.50770811],[4.13885544,47.50663185],[4.13958217,47.50519604],[4.14024243,47.50400936],[4.14107092,47.50261396],[4.14160201,47.50178952],[4.14181421,47.50146155],[4.14199567,47.501187],[4.14211164,47.50101841],[4.14240804,47.50058969],[4.14256009,47.50036944],[4.14289042,47.49991247],[4.14325187,47.49942008],[4.14353847,47.49903106],[4.14394156,47.49849866],[4.14441612,47.49789263],[4.14488589,47.49731095],[4.14520704,47.49692338],[4.1454192,47.49665752],[4.14566533,47.49636522],[4.14608823,47.49589112],[4.14631784,47.49563409],[4.14673048,47.4951781],[4.1469772,47.4949137],[4.14724197,47.49462391],[4.14756805,47.4942822],[4.14785521,47.49398409],[4.14819457,47.49364225],[4.14860815,47.49323126],[4.14892536,47.49291034],[4.14917262,47.49267203],[4.14937682,47.49247016],[4.1496253,47.49222734],[4.1500052,47.49185718],[4.15030202,47.49157697],[4.15059738,47.49129047],[4.15089149,47.49100849],[4.15112051,47.49078746],[4.15141201,47.4905073],[4.15176342,47.49017253],[4.15182196,47.49011524],[4.15187407,47.49006791],[4.15196639,47.48997607],[4.15226171,47.48968867],[4.15254782,47.48940585],[4.15277167,47.48919208],[4.15305659,47.48891558],[4.1533832,47.48860176],[4.15363942,47.48834985],[4.15391661,47.48808513],[4.15415205,47.48785503],[4.15459952,47.48741847],[4.15487547,47.48715826],[4.15519698,47.48685528],[4.15537143,47.4866924],[4.15550398,47.48655695],[4.15555337,47.48650695],[4.15569652,47.48637049],[4.15581107,47.48626312],[4.15592159,47.48615309],[4.15604516,47.48603303],[4.15611281,47.48596754],[4.15632227,47.4857656],[4.15654988,47.48554278],[4.15682581,47.48528256],[4.15716286,47.48496232],[4.15744654,47.48469213],[4.15775344,47.48439019],[4.15807992,47.48407275],[4.158297,47.48385543],[4.15855964,47.48359534],[4.15912152,47.48304869],[4.15946899,47.48272024],[4.15976312,47.48244273],[4.16016629,47.4820498],[4.16050061,47.48172778],[4.16054218,47.48168505],[4.16059683,47.48163319],[4.16104853,47.48121277],[4.16150084,47.48075992],[4.16161655,47.48064534],[4.16232419,47.47996488],[4.16308514,47.47923257],[4.16388502,47.47845935],[4.16438701,47.47797269],[4.16443509,47.4779245],[4.16450137,47.47785811],[4.16501654,47.47736682],[4.16564201,47.47675828],[4.1662234,47.47619969],[4.16674099,47.47569936],[4.1673704,47.47509077],[4.16817172,47.47432831],[4.16861765,47.47389261],[4.16934696,47.47317858],[4.16993614,47.47261539],[4.1706226,47.4719468],[4.17126627,47.47132634],[4.17180064,47.47080871],[4.17186698,47.47074592],[4.17228034,47.47034114],[4.17299027,47.46965609],[4.17364415,47.46901931],[4.17427989,47.46840341],[4.17449044,47.46819693],[4.17498842,47.46771746],[4.1755527,47.4671743],[4.17605185,47.46668852],[4.1765876,47.46617715],[4.17721405,47.46556493],[4.17769516,47.46510543],[4.17818246,47.46462605],[4.17869614,47.46413921],[4.17936905,47.46346799],[4.17965359,47.46318692],[4.17999938,47.46285392],[4.18034655,47.4625236],[4.18072494,47.46216415],[4.18105638,47.46184299],[4.18119291,47.46171377],[4.18125266,47.46165375],[4.18175176,47.46117063],[4.18187134,47.46105508],[4.18206229,47.46086499],[4.18235215,47.46058566],[4.18268491,47.46026538],[4.18299939,47.45995879],[4.18332672,47.45963317],[4.18372458,47.45925551],[4.18406883,47.4589153],[4.18434954,47.45864326],[4.18469246,47.45830307],[4.18500196,47.45801273],[4.18527758,47.45775065],[4.18563653,47.45741569],[4.18595091,47.45710639],[4.18625087,47.45680534],[4.18631326,47.45674529],[4.18662764,47.45643599],[4.18694601,47.45612755],[4.1872721,47.45580823],[4.18761116,47.45547526],[4.18791527,47.45518227],[4.18826737,47.45483927],[4.18861315,47.45451074],[4.18894699,47.45418233],[4.18927708,47.45386476],[4.18961091,47.45353635],[4.18999667,47.45315609],[4.1903554,47.45281391],[4.1906946,47.45248904],[4.19102341,47.45217418],[4.19133517,47.4518694],[4.19163011,47.45158369],[4.19195902,47.45127423],[4.19231002,47.45094383],[4.1926517,47.45061172],[4.19297147,47.45030955],[4.19332586,47.44995301],[4.19344402,47.44983566],[4.19372068,47.44956454],[4.19401575,47.44928603],[4.19437041,47.44894208],[4.19471101,47.44862259],[4.19501853,47.44830793],[4.1953537,47.44798309],[4.19571632,47.44763996],[4.19604891,47.44731874],[4.1963969,47.44697485],[4.19672319,47.446669],[4.1970323,47.44636693],[4.19733881,47.44606758],[4.19763491,47.44577735],[4.19791805,47.44550164],[4.19820122,47.44522684],[4.19852463,47.44491201],[4.19881028,47.44462998],[4.19907144,47.44438061],[4.19937785,47.44407766],[4.19969338,47.44376741],[4.19998809,47.44347538],[4.20031656,47.44315059],[4.20063725,47.44283398],[4.20096859,47.44251907],[4.20121499,47.44226354],[4.20148874,47.44198433],[4.20170911,47.44175158],[4.20187763,47.44157338],[4.20211741,47.44131882],[4.20236759,47.44105426],[4.20263175,47.44076253],[4.20280922,47.44056984],[4.20301487,47.44033184],[4.20319745,47.44013009],[4.20344614,47.43985923],[4.20366991,47.43960123],[4.20393265,47.43930592],[4.20415774,47.43904791],[4.20441493,47.43874185],[4.2047279,47.43837939],[4.20514155,47.43789165],[4.20534438,47.43764738],[4.20553164,47.43741856],[4.20576384,47.43712356],[4.205956,47.43687669],[4.20616571,47.43658463],[4.20648146,47.43616992],[4.20674048,47.43582872],[4.20692088,47.43559098],[4.20711544,47.43533328],[4.20731907,47.43506648],[4.20751864,47.43479612],[4.20770523,47.4345385],[4.20790845,47.4342537],[4.20813859,47.4339272],[4.20838283,47.43357896],[4.20852049,47.43338756],[4.20866555,47.43317179],[4.20880935,47.43295872],[4.20898531,47.43270121],[4.20914835,47.43245914],[4.20932543,47.43219261],[4.20949472,47.43193337],[4.20966143,47.43167775],[4.20982673,47.43141855],[4.21004848,47.43107413],[4.21019957,47.43083218],[4.21036075,47.43056672],[4.21052078,47.43030937],[4.21067058,47.43006924],[4.21071654,47.42998953],[4.2107511,47.42993335],[4.21088529,47.42970688],[4.21103472,47.42945055],[4.21118789,47.42918336],[4.21134219,47.42890807],[4.21148124,47.42866174],[4.21160758,47.42844075],[4.21176215,47.42817716],[4.21191364,47.42789469],[4.21209837,47.42755695],[4.21224094,47.42729078],[4.21237817,47.42702376],[4.21253059,47.42672418],[4.21266789,47.42645986],[4.21277337,47.42625529],[4.21295489,47.42589328],[4.21306147,47.4256788],[4.21318474,47.42543984],[4.21329977,47.42518835],[4.21346084,47.42486077],[4.213595,47.42457577],[4.21373059,47.42429527],[4.21385684,47.42401216],[4.21405173,47.42359689],[4.2142339,47.42320606],[4.21438438,47.42288038],[4.21453127,47.42257184],[4.21455796,47.42252025],[4.214831,47.421925],[4.21498933,47.42159474],[4.21513382,47.42129793],[4.21523492,47.4210763],[4.21545531,47.42061665],[4.21561312,47.42026388],[4.21578804,47.41990553],[4.21593867,47.41958705],[4.21610035,47.41922975],[4.21629551,47.41882797],[4.21640794,47.41858011],[4.21648505,47.41841275],[4.21677766,47.41780469],[4.21695365,47.41743553],[4.21708396,47.41715777],[4.21721291,47.41687823],[4.21735581,47.41657063],[4.21748734,47.41628836],[4.21760759,47.41603502],[4.21772807,47.41579157],[4.2178811,47.41546316],[4.21797989,47.41525776],[4.21808623,47.41503427],[4.21819874,47.41479091],[4.21831891,47.41453397],[4.21844411,47.41426527],[4.21862354,47.41387356],[4.21867037,47.41377493],[4.21881122,47.41349436],[4.21890967,47.41327456],[4.21909563,47.41287827],[4.21944232,47.41214359],[4.21974104,47.41151565],[4.22008368,47.41077831],[4.22021557,47.41051314],[4.22035723,47.41021095],[4.22049261,47.40992413],[4.22061006,47.40966541],[4.22073291,47.40941114],[4.22085944,47.40914332],[4.22097819,47.40888369],[4.22109194,47.40863761],[4.22119794,47.40840061],[4.22131983,47.40816255],[4.22142227,47.40794361],[4.22154762,47.407683],[4.22164901,47.40747667],[4.22176036,47.40724142],[4.22186753,47.40699811],[4.22198532,47.40675469],[4.22209034,47.40653301],[4.22219276,47.40631406],[4.222304,47.40607431],[4.22242157,47.40582189],[4.22254056,47.40557305],[4.22264165,47.40535412],[4.22275413,47.40511075],[4.22286191,47.40489444],[4.22296823,47.40467185],[4.2230731,47.40444387],[4.22319201,47.40419233],[4.22328945,47.40398784],[4.22341479,47.40372723],[4.2235135,47.40352002],[4.22362362,47.40329019],[4.22371812,47.40307312],[4.22383866,47.40283507],[4.2239563,47.40258625],[4.22409028,47.40229764],[4.22422906,47.40198737],[4.22437447,47.40167704],[4.22446674,47.4014789],[4.22453257,47.40134226],[4.22472725,47.40092516],[4.22489294,47.4005741],[4.22503956,47.40025925],[4.22519783,47.39993167],[4.2253823,47.39953269],[4.22553387,47.39920248],[4.22570243,47.39886128],[4.22584287,47.3985663],[4.22596053,47.39831928],[4.22608551,47.39804426],[4.22621339,47.39778003],[4.22630681,47.39757467],[4.22641182,47.39735389],[4.22656863,47.39702182],[4.22672037,47.39669971],[4.22679229,47.39653959],[4.22692401,47.39626991],[4.22704913,47.3960012],[4.22719195,47.39569539],[4.22733629,47.39539766],[4.22744615,47.39515792],[4.22752956,47.39497877],[4.2276371,47.39475346],[4.22774201,47.39452908],[4.22783561,47.39433182],[4.22791901,47.39415268],[4.22803032,47.39391832],[4.22813903,47.39368669],[4.2281503,47.39365776],[4.2281693,47.39361885],[4.2282693,47.39341162],[4.22839825,47.39313746],[4.22853226,47.39285245],[4.22865742,47.39258644],[4.22884574,47.39218381],[4.22896333,47.39193498],[4.22910239,47.39163911],[4.22920213,47.39142108],[4.22926527,47.39128356],[4.22932985,47.39115143],[4.22945382,47.39089173],[4.22960296,47.39057324],[4.22975075,47.39025387],[4.22988847,47.38995801],[4.23000239,47.38972272],[4.23013143,47.38945306],[4.23025666,47.38919065],[4.23039042,47.38889573],[4.23048884,47.38867861],[4.23067121,47.38830665],[4.23076586,47.38809858],[4.23090345,47.38779732],[4.23104271,47.38751134],[4.23116526,47.38724805],[4.23129294,47.38697751],[4.23145486,47.38663907],[4.23161896,47.38628081],[4.23177183,47.38595237],[4.2319135,47.38565647],[4.23201972,47.38543297],[4.23216993,47.38510456],[4.2324345,47.38456156],[4.23257818,47.38423773],[4.23267189,47.38404677],[4.23271633,47.38396167],[4.23282995,47.38371468],[4.2329929,47.38336452],[4.23308253,47.3831691],[4.23320495,47.38290131],[4.23334023,47.38261628],[4.2334932,47.38229324],[4.23361203,47.38204259],[4.23372836,47.38179827],[4.23383482,47.38158557],[4.23394829,47.38133227],[4.23407224,47.38107347],[4.2341972,47.38080114],[4.23434856,47.38046642],[4.23458251,47.37997686],[4.23473378,47.37963854],[4.23487753,47.3793192],[4.23503789,47.37897267],[4.23514938,47.37869149],[4.2351871,47.37860285],[4.2353193,47.37829984],[4.23546135,47.37796431],[4.23562582,47.37756642],[4.23579266,47.3771568],[4.23596462,47.37673903],[4.23617864,47.37619116],[4.23629631,47.375891],[4.23642025,47.37557547],[4.23656019,47.37520665],[4.23667579,47.3748741],[4.23677314,47.37461287],[4.23687002,47.37433094],[4.23696839,47.3740562],[4.23707034,47.37376431],[4.23716944,47.37346435],[4.23726661,47.37319502],[4.23735729,47.37293206],[4.2374441,47.37267364],[4.23752847,47.37242425],[4.23761499,47.37215323],[4.23772225,47.37180457],[4.23781135,47.37153082],[4.2378989,47.37124719],[4.23797852,47.37096454],[4.23806725,47.37067459],[4.2381455,47.37039015],[4.23820554,47.37017794],[4.2382816,47.36991333],[4.23835044,47.36968032],[4.23840145,47.369479],[4.23845141,47.3692894],[4.23851595,47.36904292],[4.23860519,47.36871786],[4.23868242,47.36844694],[4.23869813,47.36838104],[4.23872023,47.36830518],[4.23878848,47.36804696],[4.23884324,47.3678357],[4.23890683,47.36760544],[4.23896531,47.36738334],[4.23902884,47.36715038],[4.23908639,47.36694539],[4.2391375,47.36674857],[4.23919362,47.3665391],[4.23927403,47.36623393],[4.23935579,47.36592965],[4.23942159,47.36568046],[4.2394912,47.36542402],[4.23956074,47.36516489],[4.23961913,47.36493918],[4.23969749,47.36466015],[4.23977639,47.36434689],[4.23985936,47.3640381],[4.23994752,47.36372474],[4.24001913,47.36344037],[4.24007942,47.36318224],[4.24015254,47.36290596],[4.24023797,47.36258903],[4.24032619,47.36227838],[4.24039219,47.36203819],[4.24045908,47.36177908],[4.24052957,47.36150373],[4.24060864,47.36119857],[4.24069779,47.3608708],[4.24077996,47.36058542],[4.24086917,47.36026035],[4.24094245,47.35999127],[4.24101453,47.3597276],[4.24105729,47.35957139],[4.24120744,47.35901698],[4.24139805,47.35832169],[4.2415863,47.35763903],[4.24191317,47.35659206],[4.24221842,47.35569837],[4.24253208,47.3548253],[4.24255847,47.35476379],[4.24258357,47.3547032],[4.24269563,47.35439319],[4.24301595,47.35357947],[4.24336138,47.35276367],[4.24361576,47.35219284],[4.24395351,47.35144645],[4.24431193,47.35073495],[4.24495489,47.34949731],[4.24517451,47.3490853],[4.24550362,47.34848215],[4.24601897,47.34762761],[4.24660148,47.34669942],[4.24728479,47.3456639],[4.24801141,47.34461171],[4.24899369,47.34327676],[4.24973532,47.34230362],[4.25005403,47.34188334],[4.25049114,47.34131502],[4.25082278,47.34088199],[4.25109905,47.34051708],[4.25131106,47.34023659],[4.25147306,47.34002687],[4.25152965,47.33995423],[4.25158743,47.33987618],[4.25163115,47.33981989],[4.25175851,47.33965825],[4.25191006,47.33945495],[4.25203351,47.33929606],[4.2522392,47.33902914],[4.25254238,47.33862612],[4.25288273,47.33817048],[4.25307545,47.33791541],[4.25340197,47.33749142],[4.25364733,47.33716555],[4.25394964,47.33678325],[4.25426089,47.33638644],[4.25457925,47.33595444],[4.25483262,47.33563208],[4.25507166,47.33531978],[4.25532621,47.33499111],[4.25552794,47.33472603],[4.25577573,47.33439202],[4.25600978,47.33409328],[4.25623204,47.33380007],[4.25654957,47.33339058],[4.25680513,47.33304928],[4.25706985,47.33270339],[4.25733055,47.33235574],[4.25759912,47.3320053],[4.25787953,47.33165113],[4.25825738,47.33116085],[4.25851807,47.33081319],[4.25879705,47.33045543],[4.25908933,47.33004351],[4.25919409,47.32988031],[4.25941539,47.32960421],[4.25967644,47.32927275],[4.25992794,47.32892969],[4.26017824,47.32859205],[4.26040789,47.32827714],[4.26062339,47.32798039],[4.26084131,47.3276737],[4.26103849,47.32738615],[4.26123566,47.3270986],[4.26147914,47.32675293],[4.261744,47.3263593],[4.2619511,47.32604373],[4.26214647,47.32573639],[4.26233332,47.32546065],[4.26249925,47.32519685],[4.26267532,47.32491313],[4.26286673,47.32460673],[4.26289856,47.32455236],[4.26306428,47.32427955],[4.26324292,47.3239931],[4.26344048,47.32366683],[4.2636315,47.32334423],[4.2638098,47.32304337],[4.26398269,47.32273807],[4.26415171,47.32243732],[4.26430557,47.32216734],[4.26449984,47.32181409],[4.26469152,47.32146357],[4.26489827,47.32107867],[4.26507444,47.32074452],[4.26517962,47.3205444],[4.26529886,47.32032251],[4.26555443,47.31981823],[4.26576777,47.31937654],[4.26596352,47.31897465],[4.266126,47.31862174],[4.26635903,47.3181168],[4.26661674,47.31753597],[4.26685041,47.31700221],[4.26724288,47.31607327],[4.26754889,47.31529563],[4.26783296,47.31459836],[4.26819488,47.31361032],[4.2684474,47.31286748],[4.26871354,47.31208486],[4.26904779,47.31099178],[4.26929193,47.3101752],[4.26956679,47.30920251],[4.2697553,47.30844145],[4.26993723,47.30768227],[4.27000298,47.30738353],[4.27002951,47.3072743],[4.27014966,47.30670126],[4.27032783,47.30578365],[4.2704746,47.30493751],[4.27057307,47.304344],[4.27066994,47.30368298],[4.27075355,47.30307702],[4.27084498,47.30235394],[4.27092133,47.30172105],[4.27098519,47.30111981],[4.27105179,47.30046633],[4.27111008,47.29990927],[4.27116884,47.29937201],[4.2712344,47.29873114],[4.27131034,47.29802533],[4.27135415,47.29769532],[4.27138342,47.29731055],[4.27143865,47.29684806],[4.27147949,47.29644875],[4.27156119,47.29565104],[4.2716486,47.29487127],[4.2717329,47.29401591],[4.27179587,47.29337776],[4.27187459,47.29267822],[4.27195711,47.29202726],[4.27200677,47.29166567],[4.2721016,47.29103168],[4.27222544,47.2902263],[4.27232941,47.28964352],[4.27240613,47.28925103],[4.27252237,47.28868343],[4.27263724,47.28811404],[4.27277719,47.28754257],[4.27291482,47.28698464],[4.27310349,47.28629109],[4.27323324,47.28579177],[4.2733716,47.28532116],[4.27341458,47.28518023],[4.27355501,47.28474112],[4.27374739,47.28414927],[4.27399016,47.28345062],[4.27418956,47.28293162],[4.27441689,47.2823637],[4.27457184,47.28197934],[4.27477551,47.2814738],[4.27501634,47.28091743],[4.27535127,47.28020066],[4.27582527,47.27921225],[4.27633185,47.27820367],[4.27639682,47.27804269],[4.2766302,47.27761965],[4.27711649,47.27676076],[4.2776327,47.27588082],[4.27811922,47.27508854],[4.27850598,47.27449633],[4.27883766,47.27398037],[4.27914946,47.27351865],[4.27961336,47.27283375],[4.28008538,47.27215687],[4.2804715,47.27159528],[4.28091387,47.27095203],[4.28129998,47.27039044],[4.28190778,47.26952928],[4.28198307,47.2694141],[4.28226257,47.26898693],[4.28269252,47.26837893],[4.28306321,47.26783821],[4.28349147,47.26721582],[4.2836962,47.26692634],[4.28393529,47.26658065],[4.28419468,47.26619872],[4.28442739,47.26586301],[4.28457442,47.26565069],[4.28473905,47.26539946],[4.28492058,47.26513635],[4.28515315,47.26479523],[4.28536497,47.26447145],[4.28558956,47.26412862],[4.28576328,47.26387099],[4.28592391,47.2636189],[4.2861063,47.26333687],[4.28633424,47.26296879],[4.28655063,47.26261524],[4.2868177,47.26216929],[4.28711705,47.26169058],[4.28731422,47.26136335],[4.28748708,47.26107061],[4.28767002,47.26075705],[4.28785949,47.26043982],[4.28802304,47.26014538],[4.28820455,47.25982733],[4.28845406,47.25936717],[4.28868096,47.25895678],[4.28895221,47.25846576],[4.28916824,47.25804379],[4.28927624,47.25785981],[4.28950963,47.25744484],[4.28972316,47.2570292],[4.2898154,47.2568499],[4.28992906,47.25662624],[4.29013235,47.25622511],[4.29036549,47.25574532],[4.29058709,47.25528096],[4.29072303,47.25499403],[4.29084487,47.25472616],[4.29104481,47.25429625],[4.29124048,47.25385379],[4.29143769,47.25342031],[4.29159674,47.25305029],[4.29179609,47.25259608],[4.29198477,47.25213839],[4.29216367,47.25171411],[4.29234342,47.25127003],[4.29259572,47.25065406],[4.2927905,47.25017558],[4.29297019,47.24972969],[4.29315523,47.24928645],[4.29337479,47.24873927],[4.29356098,47.2482888],[4.29375333,47.24782026],[4.29394315,47.24735625],[4.29413795,47.24687957],[4.29430526,47.24646983],[4.29448517,47.24603384],[4.29466529,47.24560685],[4.29483864,47.24517363],[4.29501076,47.24474403],[4.29518062,47.24433066],[4.29535663,47.24389831],[4.29553134,47.24346687],[4.29569488,47.24306618],[4.29581542,47.24274609],[4.29594562,47.24244301],[4.29612335,47.24202775],[4.29632316,47.24154111],[4.29655349,47.24100461],[4.29676661,47.2404674],[4.29690364,47.24011922],[4.29711368,47.23961895],[4.29729564,47.23916042],[4.29743923,47.23881037],[4.29749801,47.23867105],[4.29775533,47.23804871],[4.29793847,47.23758476],[4.29817117,47.23703832],[4.29839804,47.23646944],[4.29861901,47.23593033],[4.29892923,47.23520025],[4.29917599,47.23457982],[4.29939058,47.23405069],[4.2995804,47.23359116],[4.29978253,47.23309369],[4.29995626,47.23267936],[4.30014593,47.23221353],[4.30034742,47.23174487],[4.30055932,47.23121487],[4.30076041,47.23073001],[4.3009375,47.23029133],[4.3011685,47.2297314],[4.30149795,47.22892545],[4.30161615,47.2286207],[4.30195335,47.22780746],[4.30213443,47.22737054],[4.30252512,47.22641984],[4.30268566,47.22600836],[4.30287677,47.22554971],[4.30305643,47.2251092],[4.30324853,47.22463704],[4.30344065,47.22416578],[4.30381122,47.22325942],[4.30404073,47.22269499],[4.30438387,47.22185737],[4.30473537,47.22098363],[4.30502987,47.22026631],[4.30510229,47.22009172],[4.30515569,47.21995065],[4.30523664,47.21974625],[4.3053016,47.21959155],[4.30538907,47.21938348],[4.30545654,47.21922335],[4.30552369,47.21904972],[4.30559219,47.21887697],[4.30564971,47.21874217],[4.30569826,47.21861916],[4.30580707,47.21836493],[4.30588051,47.21817862],[4.30593892,47.2180258],[4.30601652,47.21784754],[4.30607882,47.21769197],[4.30615372,47.21751105],[4.30622856,47.21732743],[4.30631599,47.21711845],[4.30640322,47.21690137],[4.30646821,47.21674757],[4.3065107,47.21664715],[4.30655308,47.21654223],[4.30660306,47.21642371],[4.30666791,47.21626451],[4.30673032,47.21611344],[4.30680737,47.21591269],[4.30686581,47.21576166],[4.30694588,47.21557618],[4.30700445,47.21543055],[4.3070634,47.21530023],[4.30712563,47.21514196],[4.30719816,47.21497277],[4.30727677,47.2147819],[4.30734147,47.2146164],[4.30741995,47.21442013],[4.30748499,47.21426903],[4.30754074,47.21411623],[4.30760812,47.2139525],[4.30767762,47.21376714],[4.30773867,47.21361518],[4.30781098,47.21343699],[4.30789611,47.21324244],[4.30797459,47.21304617],[4.30803796,47.21288068],[4.30810919,47.2127124],[4.30820178,47.21249887],[4.30827636,47.21230534],[4.30835152,47.21213612],[4.30842145,47.21196875],[4.30850025,47.21178598],[4.3085765,47.21160684],[4.30864117,47.21144044],[4.30873122,47.21123143],[4.30880112,47.21106317],[4.30887673,47.21085793],[4.30897934,47.21062176],[4.30905316,47.21045166],[4.30913782,47.21023821],[4.30922443,47.21005084],[4.30930695,47.20985813],[4.30939806,47.2096383],[4.30949575,47.2094175],[4.30958448,47.20920851],[4.30967329,47.20900311],[4.30977477,47.20877507],[4.30986389,47.20858227],[4.30997174,47.20834515],[4.31006339,47.20814783],[4.3102337,47.20776233],[4.31037461,47.20747171],[4.31050428,47.20720823],[4.31061907,47.20698453],[4.31069856,47.20683057],[4.31079005,47.20662694],[4.31088447,47.20643499],[4.31097391,47.2062557],[4.31105686,47.20608098],[4.31114513,47.20590801],[4.31123714,47.20572599],[4.3113229,47.20555844],[4.31141256,47.20538815],[4.31151609,47.2051907],[4.31161449,47.2049996],[4.31172067,47.20480301],[4.31180628,47.20462916],[4.31190718,47.20443263],[4.31200071,47.2042587],[4.31209783,47.20406942],[4.31219131,47.20389368],[4.31229759,47.20370069],[4.31244569,47.2034352],[4.31256475,47.20322495],[4.31268753,47.20300477],[4.31279636,47.20280815],[4.31297094,47.20249103],[4.31304454,47.20236684],[4.31313837,47.20220551],[4.31323107,47.20205229],[4.31333621,47.20186741],[4.3134351,47.20169702],[4.31355702,47.20149575],[4.31365489,47.20133797],[4.3137321,47.20119933],[4.31385075,47.20102691],[4.31418988,47.20046932],[4.31442119,47.20009573],[4.31480125,47.19948364],[4.31513093,47.19897298],[4.31532547,47.19866283],[4.31556844,47.1982801],[4.31577491,47.19797162],[4.31599431,47.19765219],[4.31602229,47.19760775],[4.31618238,47.19734751],[4.31638714,47.19702374],[4.31673489,47.19649666],[4.31700878,47.19608296],[4.31713558,47.19586632],[4.31734335,47.19555782],[4.31753549,47.19525851],[4.31770727,47.19499093],[4.31787287,47.19474054],[4.31803054,47.19449023],[4.31817562,47.19426528],[4.31830694,47.194072],[4.31844819,47.1938525],[4.31860061,47.19360405],[4.31874219,47.19339805],[4.31889748,47.19315857],[4.3190628,47.19289737],[4.31924851,47.19260623],[4.31944096,47.19232041],[4.31958863,47.19209363],[4.31970606,47.19192661],[4.31987681,47.19167166],[4.31998862,47.1914912],[4.32005347,47.19138872],[4.32013489,47.19126173],[4.32020621,47.19115377],[4.32035143,47.19093512],[4.32052985,47.19067017],[4.32071058,47.19039168],[4.32086691,47.19014139],[4.32100692,47.18992639],[4.32114327,47.18972315],[4.3213011,47.18948094],[4.32144741,47.18925327],[4.32158355,47.18904192],[4.32172887,47.18882777],[4.32188285,47.1885901],[4.32205322,47.18832074],[4.32220877,47.18809296],[4.32238565,47.18781992],[4.32256894,47.1875387],[4.32273686,47.18727746],[4.32291631,47.18700169],[4.3232258,47.18653535],[4.32355147,47.1860292],[4.32370284,47.18579336],[4.32385813,47.18555568],[4.32400459,47.18533521],[4.32426525,47.18492524],[4.32442951,47.18467665],[4.32459111,47.18442719],[4.32475516,47.1841705],[4.32492729,47.18392002],[4.32508367,47.18367332],[4.32523484,47.18343028],[4.32539768,47.1831781],[4.32555672,47.18293227],[4.32577684,47.182593],[4.32600604,47.18224732],[4.32621978,47.18191712],[4.326323,47.18176467],[4.32656084,47.18139458],[4.32673522,47.18112876],[4.32687635,47.18090745],[4.32702901,47.18067159],[4.32718436,47.1804375],[4.32735486,47.18017533],[4.32743884,47.18004651],[4.32751394,47.1799322],[4.32768696,47.17966549],[4.32785361,47.17940787],[4.32799975,47.17917569],[4.32814439,47.17893632],[4.32830113,47.17870582],[4.32845488,47.17846094],[4.32864822,47.17816159],[4.32880192,47.17791491],[4.32891618,47.17772902],[4.32906731,47.17748507],[4.32922731,47.17722662],[4.32937087,47.17699717],[4.32950556,47.17678312],[4.32964262,47.17655825],[4.32980762,47.17628803],[4.32994593,47.17606044],[4.33009156,47.17580845],[4.33023339,47.17556281],[4.33039073,47.17530349],[4.33055925,47.17501612],[4.33070127,47.17477858],[4.3308467,47.17451849],[4.33099358,47.17426378],[4.33113023,47.1740227],[4.33126204,47.17379969],[4.33142165,47.17352593],[4.33154677,47.17329939],[4.33166813,47.17308099],[4.33175051,47.17294138],[4.33188304,47.17269404],[4.33202577,47.17243218],[4.33215222,47.17220652],[4.33226861,47.17200079],[4.33237847,47.17179783],[4.33250333,47.17156139],[4.33263691,47.17130323],[4.33277211,47.17105766],[4.33290219,47.17081846],[4.33307114,47.17049597],[4.33324277,47.17017524],[4.33333856,47.16999136],[4.33337756,47.16991347],[4.33353485,47.16960012],[4.33369367,47.16929575],[4.33383995,47.16901763],[4.33396914,47.16874332],[4.33412286,47.16844621],[4.33427846,47.16811847],[4.3344143,47.16784588],[4.33453501,47.16760228],[4.33466691,47.16733063],[4.33481902,47.16702184],[4.33497854,47.16669315],[4.33512787,47.16637898],[4.33526435,47.16607937],[4.33540953,47.16575805],[4.33553379,47.16549819],[4.33567385,47.16518323],[4.33579509,47.16490811],[4.33585798,47.16478222],[4.33594686,47.16458671],[4.33607837,47.16429976],[4.33622846,47.16396397],[4.33636292,47.16363647],[4.33650153,47.16331702],[4.33664198,47.16301826],[4.33676659,47.16271968],[4.33691663,47.1623821],[4.33704947,47.1620429],[4.3371906,47.16171893],[4.33732903,47.16139228],[4.33740741,47.16119958],[4.33741963,47.16115982],[4.33742712,47.16114263],[4.33751036,47.16093277],[4.33757713,47.16075101],[4.33770634,47.16042537],[4.3378469,47.16007888],[4.33790037,47.1599459],[4.33864339,47.15802572],[4.33884858,47.15746509],[4.33934786,47.15609698],[4.340025,47.15423878],[4.34033977,47.15336173],[4.34062372,47.15257237],[4.34084439,47.15194582],[4.34160805,47.1498561],[4.34163864,47.1497594],[4.34167383,47.14968875],[4.3419492,47.14892741],[4.34216407,47.14833424],[4.34297815,47.14604762],[4.34358858,47.14438195],[4.34456566,47.14186292],[4.34460158,47.14176886],[4.34464645,47.14166299],[4.34566559,47.139247],[4.34631305,47.13780239],[4.34660302,47.13715521],[4.34667425,47.1369959],[4.3470791,47.13614119],[4.34843915,47.13338354],[4.34846445,47.13334002],[4.3484806,47.13330022],[4.34930811,47.13172742],[4.35013554,47.13015372],[4.35091084,47.12876521],[4.35156136,47.12766359],[4.3515804,47.12763365],[4.35159937,47.12760101],[4.3521198,47.12673142],[4.35271119,47.12574664],[4.35273894,47.12569589],[4.35278355,47.12563324],[4.35318293,47.12498836],[4.35374838,47.124075],[4.35376864,47.12404145],[4.35378645,47.12401513],[4.35400861,47.12366856],[4.35460284,47.12274677],[4.35462668,47.12269786],[4.35468024,47.1226243],[4.35649144,47.11979102],[4.35824151,47.11705206],[4.3596206,47.11488202],[4.35996516,47.11431879],[4.36014377,47.11402675],[4.36049506,47.11341662],[4.36075994,47.11293718],[4.36107001,47.11236715],[4.36133921,47.11184983],[4.3615073,47.11150749],[4.36169794,47.11111806],[4.36191226,47.11067432],[4.36205157,47.11039354],[4.3623755,47.10969458],[4.36251758,47.10936695],[4.36258768,47.10921845],[4.36264699,47.10906018],[4.36290698,47.10844121],[4.3630423,47.10810736],[4.36321352,47.10768123],[4.36348294,47.1069658],[4.36378775,47.10608608],[4.36398403,47.10550388],[4.36413955,47.10497889],[4.36434602,47.10433084],[4.3645299,47.10367585],[4.36466427,47.1031493],[4.36485249,47.10240602],[4.36496908,47.10185447],[4.36507653,47.10135886],[4.36513157,47.10108448],[4.36518426,47.10082183],[4.36526094,47.10041302],[4.36531537,47.10011523],[4.36542684,47.09936204],[4.36551619,47.0987766],[4.36559875,47.09807958],[4.36566693,47.09743946],[4.36569656,47.09709964],[4.36572923,47.09672377],[4.36574379,47.0965174],[4.36575393,47.09639752],[4.3657706,47.09617041],[4.36580529,47.09545775],[4.36580989,47.09532713],[4.36582652,47.09473444],[4.36583405,47.09404281],[4.36583666,47.09362497],[4.36583692,47.09358355],[4.36582701,47.0932442],[4.36580993,47.09251774],[4.36579704,47.09221714],[4.36578035,47.09187067],[4.36573822,47.09135251],[4.36571915,47.09101597],[4.36570968,47.0908504],[4.36566186,47.09041965],[4.36565506,47.0903594],[4.36561321,47.08985204],[4.36553899,47.08931625],[4.36545691,47.0886779],[4.36543785,47.08855027],[4.36538645,47.08818619],[4.36537554,47.08811969],[4.36529567,47.08756866],[4.36518051,47.08676952],[4.36512761,47.08639826],[4.36500444,47.08564694],[4.36497323,47.08545551],[4.36492638,47.0851148],[4.36487146,47.08471565],[4.36485563,47.08461138],[4.36484638,47.08455836],[4.36483829,47.08449903],[4.36476068,47.08398489],[4.36474513,47.08389143],[4.36471547,47.08370899],[4.36470258,47.08361639],[4.3645649,47.08275989],[4.36447778,47.08218193],[4.36444291,47.08195002],[4.36433695,47.08130475],[4.36426596,47.08079143],[4.36425478,47.08071413],[4.3641902,47.08024576],[4.36410516,47.07974971],[4.36409541,47.07967689],[4.36407316,47.07952678],[4.36407013,47.07951151],[4.36405211,47.07937215],[4.36402481,47.07917887],[4.36392782,47.07873159],[4.36385146,47.07831829],[4.36375613,47.07778004],[4.36360409,47.07708399],[4.3635159,47.07672395],[4.36342503,47.07636214],[4.36325084,47.07572848],[4.36306821,47.07512553],[4.36287052,47.07455247],[4.36265269,47.07391212],[4.36244624,47.07330495],[4.36225379,47.07278225],[4.36220685,47.07264594],[4.36219695,47.07261904],[4.36191068,47.07182551],[4.36156585,47.07085259],[4.36140254,47.07038718],[4.36113622,47.06965194],[4.36106819,47.06946275],[4.36083408,47.06880277],[4.36078577,47.06866377],[4.36074895,47.06856245],[4.36073625,47.06852929],[4.36053613,47.06796256],[4.360336,47.06739493],[4.36024803,47.06714654],[4.36014175,47.06685154],[4.36002121,47.06651349],[4.35994887,47.06630994],[4.35979422,47.06587324],[4.35956598,47.0652357],[4.35948658,47.06501332],[4.35938027,47.06471652],[4.35932924,47.06457395],[4.35910349,47.06393008],[4.35889698,47.0633175],[4.35866832,47.0625575],[4.35860929,47.0623592],[4.35859624,47.06231163],[4.35852722,47.06208282],[4.35844506,47.06180285],[4.35827278,47.06113584],[4.35814415,47.06057997],[4.35805627,47.0601776],[4.35804905,47.06015247],[4.35804295,47.06011922],[4.35802971,47.06006445],[4.35792497,47.0595155],[4.35792356,47.05951192],[4.35782921,47.05895655],[4.35773799,47.05836872],[4.35771012,47.05815114],[4.3576802,47.05790477],[4.35761858,47.0573409],[4.35757939,47.05693526],[4.35755572,47.05667531],[4.35753625,47.05642521],[4.35751313,47.05613463],[4.35751047,47.05608154],[4.35748556,47.05545781],[4.35747721,47.05507342],[4.35747755,47.05503469],[4.35747801,47.05500047],[4.35747714,47.05475646],[4.35747667,47.05426661],[4.35747786,47.05420897],[4.35748718,47.0536893],[4.3575152,47.05307486],[4.35753655,47.05277115],[4.35756224,47.05237825],[4.35762358,47.05162205],[4.35768895,47.0510783],[4.35775951,47.0505318],[4.35784166,47.05002658],[4.35786592,47.04989122],[4.35795006,47.04941299],[4.35809452,47.04866211],[4.35819239,47.04820623],[4.35822419,47.04810861],[4.35824808,47.04801108],[4.35832839,47.04769497],[4.35852393,47.04693268],[4.35870586,47.04631013],[4.35871429,47.04627851],[4.35884344,47.04586188],[4.35893618,47.04556904],[4.35913518,47.04499671],[4.35934239,47.04443689],[4.35962661,47.04374469],[4.35981669,47.04328952],[4.35990488,47.04307778],[4.36014461,47.04255449],[4.36045894,47.04190786],[4.36049785,47.04183176],[4.36073392,47.04137245],[4.36101831,47.04084503],[4.36111519,47.04066469],[4.36151881,47.03995578],[4.36166547,47.03971272],[4.3619234,47.03928556],[4.36237975,47.03857872],[4.3624699,47.03844529],[4.36249784,47.03840444],[4.36252452,47.03836541],[4.36275946,47.03801956],[4.36317805,47.03743562],[4.36351196,47.03699315],[4.36358465,47.03689865],[4.36387797,47.03651789],[4.36391883,47.03646698],[4.36442723,47.03584146],[4.36445914,47.03580146],[4.36489373,47.03527856],[4.36526106,47.0348564],[4.36564545,47.03443224],[4.36605694,47.03398615],[4.36644586,47.03358534],[4.36749299,47.03254912],[4.36784018,47.03221724],[4.36796629,47.03210048],[4.36801518,47.03205488],[4.36837425,47.03172466],[4.36892157,47.03123552],[4.36951205,47.03073506],[4.37012229,47.03023527],[4.37057822,47.02988228],[4.37104821,47.02951291],[4.37162981,47.02907918],[4.3721287,47.02870767],[4.37259966,47.028377],[4.37314845,47.02800039],[4.37370663,47.02763086],[4.37427148,47.02726485],[4.37473804,47.02696935],[4.37520985,47.02667378],[4.3756988,47.0263789],[4.37633178,47.02600037],[4.37645392,47.02593588],[4.37659271,47.02585318],[4.37683293,47.02571975],[4.37763272,47.02527348],[4.37806538,47.0250441],[4.37837201,47.02488196],[4.3789803,47.02456944],[4.37945879,47.0243305],[4.38047732,47.02384018],[4.38172683,47.02326874],[4.3820355,47.02313538],[4.38276359,47.0228232],[4.38359358,47.02248008],[4.38368871,47.02244112],[4.38380206,47.02239384],[4.38456484,47.02210015],[4.3850018,47.02193822],[4.38559268,47.02171952],[4.38567875,47.02168697],[4.38583013,47.02163383],[4.38697211,47.02123742],[4.38703734,47.02121412],[4.38713394,47.02118144],[4.38808832,47.02086381],[4.38962998,47.02039413],[4.39064834,47.02010812],[4.39124318,47.01994247],[4.39285721,47.0195241],[4.39472687,47.019063],[4.39514416,47.01895711],[4.39653729,47.01860348],[4.39792135,47.01825626],[4.39836223,47.01814646],[4.39993337,47.01775373],[4.40168369,47.01731557],[4.40331883,47.0169049],[4.40488732,47.01651392],[4.40540662,47.01638334],[4.40651451,47.0161033],[4.40783581,47.01577743],[4.4095624,47.01534304],[4.41105608,47.0149646],[4.41128234,47.01490691],[4.41135433,47.01489072],[4.41163682,47.01481793],[4.41196908,47.01473552],[4.41210121,47.01470329],[4.41295135,47.01448758],[4.41384071,47.01426148],[4.41405914,47.01420657],[4.41485965,47.01400676],[4.41578171,47.01377304],[4.41660964,47.01356478],[4.41734482,47.01338466],[4.41765093,47.01330976],[4.41846321,47.01310798],[4.41883075,47.01301612],[4.41914207,47.01293935],[4.41927551,47.0129071],[4.41991752,47.01273892],[4.42028244,47.01264798],[4.42039492,47.01261958],[4.42098757,47.01247722],[4.42173828,47.01228788],[4.42256616,47.01207957],[4.4233522,47.01188258],[4.42403869,47.01170482],[4.42430817,47.01163937],[4.42450961,47.01159005],[4.4250812,47.01144883],[4.42524732,47.01140806],[4.42587491,47.01124362],[4.42592332,47.01123222],[4.42595991,47.01122186],[4.42597168,47.01121901],[4.42676287,47.01101833],[4.4269734,47.0109644],[4.42729114,47.01088213],[4.42759973,47.01080268],[4.42830946,47.0106084],[4.42904392,47.0104039],[4.42983702,47.01017706],[4.43035817,47.01002113],[4.43061545,47.0099432],[4.43143681,47.00968988],[4.43201774,47.00950528],[4.43256982,47.00932464],[4.43297164,47.00918728],[4.4331439,47.00913021],[4.43319877,47.00911422],[4.43335543,47.00906455],[4.43368544,47.00894969],[4.43442632,47.00869105],[4.43531519,47.00835403],[4.43578565,47.00817438],[4.43613486,47.00803947],[4.43730635,47.00758905],[4.43872022,47.00699693],[4.43984838,47.0065029],[4.44081988,47.00605854],[4.44095903,47.00599467],[4.44171319,47.00564487],[4.44267068,47.00517005],[4.44373284,47.00462278],[4.44405215,47.004454],[4.44463493,47.00414504],[4.44562621,47.00360674],[4.44636394,47.00318598],[4.44732771,47.00260479],[4.44865359,47.00178401],[4.44881283,47.00168476],[4.44980608,47.00102664],[4.44990427,47.00095787],[4.45074559,47.00037818],[4.45106211,47.00015629],[4.45177266,46.99965838],[4.45291816,46.9987912],[4.45303174,46.99870783],[4.45310151,46.99865922],[4.45338383,46.99843865],[4.45425159,46.99776856],[4.45522958,46.99698901],[4.45601848,46.99637302],[4.45614611,46.99627416],[4.45658976,46.99593628],[4.45664005,46.99589782],[4.45687863,46.99571561],[4.45744931,46.99525726],[4.45852504,46.9943963],[4.45939867,46.99370448],[4.45960869,46.99353794],[4.46061774,46.99274444],[4.46131493,46.99219712],[4.46158295,46.99198571],[4.46222048,46.99147155],[4.46241494,46.9913142],[4.46309789,46.99077695],[4.46407092,46.9900181],[4.4651612,46.9891677],[4.46622044,46.98833839],[4.46702177,46.98770506],[4.46707731,46.98766653],[4.46712627,46.98762809],[4.46723304,46.98753758],[4.46788113,46.98702866],[4.46862972,46.98644102],[4.46895697,46.98618381],[4.47009844,46.98528588],[4.47017187,46.98522821],[4.47038312,46.98506073],[4.47084563,46.98469734],[4.47127075,46.98436233],[4.47209384,46.98371068],[4.47247123,46.9834114],[4.47269279,46.98323657],[4.47318744,46.98284665],[4.47353662,46.98257474],[4.47366029,46.9824777],[4.47437773,46.9818625],[4.4751387,46.98120351],[4.47586913,46.980535],[4.47646102,46.97994931],[4.47675864,46.97966994],[4.47684048,46.97958335],[4.47690442,46.97951589],[4.47713361,46.97928423],[4.47746142,46.97895405],[4.47796998,46.97840183],[4.478482,46.97783245],[4.47870798,46.97758012],[4.47926101,46.97692286],[4.47956088,46.9765345],[4.48044011,46.97539489],[4.48117316,46.9743472],[4.48142042,46.97396041],[4.48176742,46.97342105],[4.4822596,46.97261058],[4.48303788,46.97120029],[4.48340286,46.97045447],[4.48350601,46.97023433],[4.48366882,46.96988734],[4.48403754,46.96903882],[4.48424369,46.96849766],[4.4842825,46.9683783],[4.48434184,46.96823975],[4.48488742,46.96664694],[4.48512376,46.96581723],[4.48547887,46.96433132],[4.48555322,46.96402149],[4.48567745,46.96327697],[4.48586873,46.96181388],[4.48588269,46.9616516],[4.4859347,46.9610557],[4.48598579,46.96018695],[4.48600812,46.95980304],[4.48606095,46.95885412],[4.48606388,46.95881717],[4.48606544,46.95877842],[4.4860723,46.95864506],[4.48608651,46.95834861],[4.48612004,46.95775024],[4.48612357,46.95768716],[4.48614125,46.95732582],[4.48615317,46.95708974],[4.48618079,46.95656348],[4.48618975,46.95645891],[4.48631046,46.9549652],[4.48633892,46.95470909],[4.48635771,46.95453145],[4.48640976,46.95408052],[4.4864712,46.95358895],[4.48657227,46.95295999],[4.48661018,46.95276049],[4.48673111,46.95213668],[4.48695098,46.9511892],[4.48703925,46.95081255],[4.4871641,46.95037959],[4.48732019,46.94983907],[4.48739211,46.9495851],[4.48756731,46.94907045],[4.48779537,46.94837411],[4.48787926,46.94812539],[4.48811275,46.94743528],[4.48811634,46.94742263],[4.48864044,46.94587328],[4.48869875,46.94569873],[4.48898889,46.94482238],[4.48906776,46.94458273],[4.48955577,46.94315721],[4.48995479,46.94193906],[4.49011289,46.94147325],[4.49030374,46.94090796],[4.49042406,46.9405507],[4.49072594,46.9396733],[4.49095633,46.93892109],[4.4911545,46.93824044],[4.49123372,46.93796655],[4.4915281,46.93677046],[4.49179015,46.93540369],[4.49188785,46.93475135],[4.49192112,46.93457531],[4.4919545,46.93421287],[4.49199334,46.93380984],[4.49207086,46.93290291],[4.49208042,46.93267766],[4.49210681,46.93210909],[4.4921037,46.93199657],[4.49209463,46.93047661],[4.49206381,46.92974038],[4.49198025,46.92866534],[4.491694,46.92567392],[4.49169693,46.92563696],[4.49169724,46.92550548],[4.49155399,46.92402868],[4.49139988,46.92230077],[4.49138329,46.92212808],[4.49128477,46.92122434],[4.49101836,46.91837763],[4.49098702,46.91805115],[4.49077092,46.91583686],[4.49071729,46.91522609],[4.49069587,46.91497332],[4.49068608,46.91485638],[4.49041541,46.9121394],[4.49041251,46.91203408],[4.49027089,46.91056625],[4.4902083,46.90991598],[4.49012482,46.90903185],[4.49009952,46.90878093],[4.49009748,46.90875484],[4.49009607,46.90875126],[4.49009555,46.90873235],[4.49004546,46.90820169],[4.48980713,46.90570221],[4.48972386,46.90482528],[4.48960706,46.90358947],[4.4895058,46.90253626],[4.48940133,46.90146148],[4.48895959,46.89677184],[4.4888956,46.89611709],[4.48880703,46.89518979],[4.48879606,46.89507736],[4.48871686,46.8942517],[4.48866122,46.89366167],[4.48851747,46.89211282],[4.48846666,46.89155515],[4.48837638,46.89032619],[4.48833443,46.8897558],[4.48830146,46.88941673],[4.48828337,46.88852003],[4.48829905,46.88756167],[4.48830926,46.88740754],[4.48836285,46.8862992],[4.48844182,46.88563629],[4.48848469,46.88514134],[4.48857282,46.88466832],[4.48857312,46.88458367],[4.48879845,46.88336864],[4.48912487,46.88200912],[4.48920811,46.88169286],[4.48927495,46.88144885],[4.48932888,46.88126084],[4.48954496,46.88061777],[4.48971024,46.88008522],[4.49000684,46.8792664],[4.49022351,46.87869266],[4.49030002,46.87846653],[4.49038681,46.87823217],[4.49045481,46.87803047],[4.49085197,46.87700143],[4.49099338,46.87660426],[4.49143265,46.87543598],[4.49173163,46.87456219],[4.4918461,46.87428425],[4.49198793,46.87385556],[4.49216079,46.8733139],[4.49233899,46.87272804],[4.49258544,46.87190266],[4.49282837,46.87085489],[4.49292327,46.87029622],[4.49303347,46.86972115],[4.49321723,46.86838508],[4.49326328,46.8679126],[4.49335966,46.86693156],[4.49339835,46.86671583],[4.4934109,46.86636176],[4.49356359,46.8647091],[4.49357566,46.86457566],[4.49362547,46.8640491],[4.49363646,46.86363831],[4.49365899,46.86355067],[4.49392646,46.86063396],[4.49397199,46.85995256],[4.4940604,46.85911211],[4.4941184,46.85835941],[4.49418447,46.85751835],[4.49420127,46.85741367],[4.49423493,46.85687291],[4.49432757,46.85585319],[4.49438807,46.854335],[4.49438188,46.85425313],[4.49440825,46.85401955],[4.49441645,46.85322246],[4.49439835,46.85209072],[4.49428382,46.85031814],[4.49425874,46.85007532],[4.49412827,46.84881896],[4.49411311,46.84850757],[4.49409584,46.84826195],[4.49406505,46.84804982],[4.49399772,46.84751217],[4.49389888,46.84645081],[4.49344617,46.84217011],[4.49333104,46.84108825],[4.49329736,46.84077079],[4.49322473,46.8400405],[4.49322498,46.83995404],[4.49317504,46.8394756],[4.49316783,46.83940455],[4.49316278,46.83936409],[4.49300922,46.83779193],[4.49279908,46.83573782],[4.49258821,46.83351351],[4.49254875,46.8329863],[4.49250511,46.83240241],[4.49245064,46.8313774],[4.49243314,46.83045637],[4.49244215,46.8295449],[4.49246339,46.82869631],[4.49252004,46.8277518],[4.49254489,46.82732012],[4.49261884,46.82652758],[4.49266908,46.82606495],[4.492674,46.82595772],[4.49272235,46.82552213],[4.49273313,46.82543734],[4.49279754,46.82487006],[4.49284503,46.82445069],[4.49293825,46.82364349],[4.49299392,46.82314026],[4.4930758,46.82239805],[4.49319758,46.82138965],[4.4933314,46.82029465],[4.49333775,46.82019191],[4.49349063,46.81888413],[4.49349721,46.81883721],[4.493622,46.8177009],[4.49363949,46.8175737],[4.49371301,46.81705222],[4.49373714,46.81678535],[4.49376037,46.81653379],[4.49386845,46.81564805],[4.49404316,46.81413376],[4.49411154,46.8135214],[4.49412254,46.81344471],[4.4941314,46.81338516],[4.49417199,46.8130019],[4.49417812,46.81293878],[4.49418695,46.81287833],[4.49431555,46.81178609],[4.49434661,46.81153263],[4.49436769,46.81134594],[4.49437622,46.81127469],[4.49438898,46.81116646],[4.49448507,46.81037002],[4.49467862,46.80868438],[4.49470351,46.80844541],[4.49485563,46.80716014],[4.49495356,46.80633577],[4.4950354,46.80564128],[4.49525523,46.80410118],[4.49527372,46.80401088],[4.49527547,46.80388388],[4.4954067,46.80303115],[4.49546761,46.80262421],[4.49554851,46.80208643],[4.49586864,46.79995246],[4.49620556,46.79776243],[4.4962279,46.79762165],[4.49623566,46.79757022],[4.49628464,46.79720666],[4.49630044,46.7971137],[4.49631322,46.79705409],[4.4963872,46.79655152],[4.49662484,46.79499407],[4.49667978,46.79470428],[4.49671153,46.79447693],[4.49674563,46.79423964],[4.49678275,46.79401671],[4.4968142,46.79377856],[4.49684278,46.79353143],[4.49685012,46.7934647],[4.49687075,46.79330953],[4.49690536,46.79304342],[4.49694535,46.79282947],[4.49698251,46.79256062],[4.49702872,46.79223942],[4.49709714,46.79182067],[4.49716131,46.79139027],[4.49722864,46.79097964],[4.49731509,46.79040666],[4.4973877,46.7899023],[4.49746568,46.78940238],[4.49753812,46.78893945],[4.49756986,46.7887121],[4.49760613,46.78845857],[4.49768336,46.78797937],[4.49774807,46.78756877],[4.49786855,46.7867567],[4.4978788,46.78670073],[4.49788769,46.78664298],[4.49800961,46.78588312],[4.49809939,46.78519393],[4.49814918,46.7849078],[4.49822862,46.78441416],[4.49830087,46.7838972],[4.4983575,46.7834795],[4.49856047,46.78218996],[4.49883371,46.78036006],[4.49886394,46.78012552],[4.49887179,46.78007769],[4.49887162,46.78007139],[4.49888538,46.78000007],[4.49923388,46.77757392],[4.49937171,46.77630053],[4.49940034,46.77586609],[4.49940705,46.77568229],[4.49941724,46.77552906],[4.49943927,46.77514063],[4.49950257,46.7736845],[4.49952689,46.77295203],[4.49953729,46.7728069],[4.49954588,46.77259606],[4.49957333,46.77192928],[4.49965923,46.76963173]],[[4.08693153,47.67493937],[4.0868147,47.67496206],[4.08672112,47.67501334],[4.08638707,47.67523338],[4.0861123,47.67541957],[4.08584929,47.67559394],[4.08564312,47.67574528],[4.08547468,47.67585127],[4.08539719,47.6759078],[4.08534732,47.67594607],[4.08516347,47.676081],[4.08487702,47.67628259],[4.08464337,47.67645939],[4.08442549,47.67662524],[4.08422866,47.6767774],[4.08399371,47.67695601],[4.08372873,47.6771655],[4.08355027,47.67730398],[4.08335482,47.67745882],[4.08315163,47.67762633],[4.08299575,47.677761],[4.08282144,47.67790664],[4.08267347,47.67803674],[4.08230693,47.67836509]],[[4.24389351,47.65126664],[4.24361481,47.65142714],[4.24353326,47.65147212],[4.24345562,47.65151345],[4.24290977,47.65181543],[4.24242711,47.65208522],[4.24166145,47.65250295],[4.24146663,47.65260404],[4.24106137,47.65282259],[4.24057586,47.65308521],[4.24006411,47.6533652],[4.23982318,47.65348928],[4.23957443,47.65362065],[4.23902932,47.65389919],[4.23848,47.65416878],[4.23794872,47.65441206],[4.237515,47.6546111],[4.23704942,47.65481497],[4.23661781,47.65499058],[4.23618082,47.65516354],[4.23568284,47.65534974],[4.23517809,47.65553152],[4.23475511,47.65567732],[4.23428572,47.65583261],[4.23370886,47.65600794],[4.23363079,47.65603127],[4.23354221,47.65606101],[4.2331346,47.65618054],[4.23250046,47.65635647],[4.23186592,47.65651529],[4.23140209,47.6566237],[4.23083752,47.65675478],[4.23032436,47.6568619],[4.22989991,47.65694469],[4.22930297,47.65705899],[4.2288199,47.65714239],[4.22840439,47.65720887],[4.2278109,47.65729973],[4.22734471,47.65736404],[4.22681181,47.65742455],[4.22621247,47.65749295],[4.22553189,47.6575631],[4.22491638,47.65762357],[4.22436456,47.65767256],[4.22381411,47.65772334],[4.22325552,47.65776789],[4.22312522,47.65778006],[4.22303087,47.65779095],[4.2223619,47.65784476],[4.22146025,47.6579199],[4.22101341,47.65795698],[4.22043223,47.65800445],[4.21991098,47.65805041],[4.21909443,47.65811834],[4.21840559,47.65817773],[4.21781515,47.658228],[4.21736037,47.65826784],[4.21681245,47.65831316],[4.21623934,47.65836413],[4.21549852,47.65842315],[4.21502243,47.65846321],[4.21441206,47.65851637],[4.21385618,47.65856355],[4.21329366,47.6586117],[4.21275499,47.6586542],[4.21208471,47.65870976],[4.21151032,47.65876343],[4.21077222,47.65882509],[4.21017109,47.65887453],[4.2095381,47.65892969],[4.20882242,47.6589812],[4.20835947,47.6590139],[4.20765166,47.65905992],[4.20695313,47.65910405],[4.20634883,47.65913189],[4.20569787,47.65915841],[4.20506421,47.65918385],[4.20423853,47.65920316],[4.20355273,47.65922103],[4.20273194,47.65922048],[4.2020057,47.65921805],[4.20144189,47.65920944],[4.20108859,47.65920047],[4.200618,47.65919],[4.19995537,47.6591716],[4.19923933,47.65914835],[4.19863123,47.65912578],[4.19812978,47.65910572],[4.19748818,47.65907448],[4.19672126,47.65904003],[4.19583178,47.65900683],[4.19518885,47.6589756],[4.19490081,47.65896504],[4.19438873,47.65894597],[4.19368067,47.65892169],[4.19317644,47.65889624],[4.19249516,47.65887799],[4.19181768,47.65885069],[4.19119102,47.65883187],[4.19056186,47.65882028],[4.18986229,47.6588184],[4.18932924,47.65881483],[4.18867642,47.65881787],[4.18811966,47.65882623],[4.18758432,47.65883977],[4.18700241,47.65885559],[4.18644457,47.65887565],[4.18577626,47.65890134],[4.18521317,47.65892506],[4.18469945,47.65895187],[4.18392511,47.65900293],[4.18331333,47.65905413],[4.18252215,47.65912695],[4.18191573,47.6591799],[4.18136391,47.65923139],[4.18061287,47.65931189],[4.17983532,47.65939896],[4.17925584,47.65946512],[4.17869233,47.65953022],[4.17819794,47.65958831],[4.1775614,47.65966494],[4.17742715,47.6596798],[4.17696738,47.65973664],[4.1763666,47.6598039],[4.1757075,47.65988525],[4.17506162,47.65996196],[4.17447684,47.66002995],[4.17369139,47.66012246],[4.17297361,47.66020168],[4.17220818,47.66029578],[4.17140019,47.660393],[4.17062396,47.66048089],[4.16993683,47.66056069],[4.16924315,47.66064595],[4.16880058,47.66069808],[4.16797513,47.66079005],[4.16722426,47.66088037],[4.16630196,47.6609913],[4.16562547,47.66107096],[4.16491834,47.66115093],[4.16421124,47.66123269],[4.16353626,47.66132043],[4.16243039,47.66144666],[4.16160899,47.66154214],[4.1609206,47.6616264],[4.16035302,47.66169055],[4.16029985,47.66169647],[4.16025998,47.66170137],[4.15939336,47.66180089],[4.15875412,47.66187834],[4.15802716,47.66196657],[4.15728147,47.66205137],[4.15669792,47.66211656],[4.15589255,47.66221454],[4.155014,47.66231775],[4.1541434,47.66241907],[4.15350008,47.66249383],[4.15280361,47.66257542],[4.15195041,47.66268015],[4.1513004,47.66275407],[4.15066115,47.66283238],[4.14994469,47.66291414],[4.14905691,47.6630228],[4.14830069,47.66311484],[4.14757609,47.66319037],[4.14680928,47.66328612],[4.14641459,47.6633359],[4.14582566,47.66340019],[4.14513987,47.66348342],[4.14443009,47.66356689],[4.14361674,47.66366757],[4.1431421,47.66371812],[4.14253197,47.663788],[4.14188476,47.66386904],[4.14133044,47.66393207],[4.1412254,47.66394299],[4.1411523,47.66395181],[4.14090633,47.66397762],[4.14024564,47.66405158],[4.13945732,47.66413938],[4.13874219,47.66422287],[4.13793687,47.66432613],[4.13734929,47.66439216],[4.13667409,47.66447344],[4.13609328,47.6645448],[4.13556822,47.66460572],[4.13519068,47.66464809],[4.13475727,47.66469551],[4.13425876,47.66475166],[4.13384678,47.66480426],[4.13336968,47.6648647],[4.13305595,47.66490015],[4.13264385,47.66494735],[4.13226897,47.66498969],[4.13187951,47.66503577],[4.13148603,47.66508099],[4.13113508,47.66512129],[4.13072036,47.66517032],[4.13039332,47.66520679],[4.13003699,47.66524444],[4.12961285,47.66528905],[4.12922602,47.66533419],[4.12882584,47.66537767],[4.12834722,47.66543],[4.12790442,47.66547478],[4.12753741,47.66551163],[4.12712378,47.66554982],[4.12673285,47.6655896],[4.12623544,47.6656358],[4.12583112,47.665673],[4.12541357,47.66571483],[4.12502132,47.66575551],[4.12459709,47.6657965],[4.12406917,47.66584929],[4.12371007,47.66588245],[4.12331635,47.66591684],[4.12318466,47.66592801],[4.12307162,47.665939],[4.12275652,47.66597353],[4.12266878,47.66598337],[4.12223657,47.66602533],[4.12176312,47.66607038],[4.12134278,47.66610682],[4.12090662,47.66615061],[4.12041862,47.6662012],[4.11985466,47.66625162],[4.11938259,47.66629935],[4.11904739,47.66632866],[4.1187774,47.66635375],[4.11850874,47.66637882],[4.11831584,47.66639417],[4.11806587,47.66642087],[4.11772007,47.66645298],[4.11733439,47.66648998],[4.11688889,47.66653384],[4.11652315,47.66656884],[4.11615341,47.66660298],[4.11575314,47.66664371],[4.11534091,47.66668545],[4.11492196,47.66672455],[4.11459612,47.66675557],[4.11421044,47.66679255],[4.1139112,47.66682151],[4.11355343,47.66685462],[4.11312792,47.66689918],[4.11277418,47.66693406],[4.11239252,47.6669728],[4.11207588,47.66699741],[4.1117314,47.66702949],[4.11138959,47.66706155],[4.11106376,47.66709345],[4.11051725,47.66715086],[4.11012093,47.66718883],[4.10973799,47.66723027],[4.10940044,47.66727488],[4.10906829,47.66732305],[4.10873071,47.66736676],[4.10835059,47.66741537],[4.1080077,47.66746003],[4.10761576,47.66751685],[4.10718527,47.66757854],[4.10673237,47.66765214],[4.10633257,47.66771534],[4.10585593,47.66780087],[4.10548274,47.66786291],[4.10520401,47.66791685],[4.10480442,47.66799084],[4.10436514,47.66807871],[4.10401753,47.66815311],[4.10364862,47.66822861],[4.10327312,47.66830777],[4.10292839,47.66839293],[4.10257963,47.66847634],[4.10219099,47.66856462],[4.10182369,47.6686536],[4.10153997,47.66872469],[4.10120723,47.66880974],[4.10087449,47.66889479],[4.10047295,47.66900389],[4.10012436,47.66909629],[4.09980924,47.66919557],[4.09945962,47.66930238],[4.09921703,47.66936497],[4.09870454,47.66952282],[4.09863564,47.66954237],[4.09856145,47.66956377],[4.09820132,47.66967788],[4.09783337,47.66980105],[4.09738736,47.66995197],[4.09702346,47.67007781],[4.09660799,47.67022303],[4.09619123,47.67037097],[4.09583806,47.6705003],[4.09556306,47.6706073],[4.09527867,47.67071169],[4.09499967,47.67081872],[4.0947062,47.67093489],[4.09437441,47.67106762],[4.09398847,47.67122426],[4.09370177,47.67134577],[4.09336885,47.67148841],[4.09310338,47.67160611],[4.09273489,47.67176889],[4.09233489,47.67195536],[4.09190577,47.6721511],[4.09151646,47.67233927],[4.09123,47.67247337],[4.09096101,47.67261451],[4.09073282,47.67273096],[4.09055084,47.67282537],[4.09048887,47.67285836],[4.09021456,47.67300044],[4.08989282,47.67316907],[4.08959347,47.67332489],[4.08930614,47.6734824],[4.08903873,47.67363612],[4.08877255,47.67378533],[4.08848813,47.6739545],[4.08822465,47.67410549],[4.08790615,47.67430289],[4.08759699,47.6745011],[4.08738387,47.67463811],[4.08714713,47.67479334],[4.08693153,47.67493937]],[[4.24389351,47.65126664],[4.24442303,47.65095043],[4.24483075,47.65072464],[4.24525983,47.65050041],[4.24561765,47.65030576],[4.24606784,47.6500732],[4.24649828,47.64985076],[4.24694222,47.64963628],[4.2473479,47.64943751],[4.24782006,47.64923352],[4.24823025,47.6490572],[4.24870798,47.64886395],[4.24917922,47.64867797],[4.2497066,47.64850039],[4.25017457,47.64834595],[4.25073406,47.64817433],[4.25131638,47.64801056],[4.25187772,47.64786141],[4.2524751,47.64771548],[4.25296289,47.64761123],[4.25344143,47.64751067],[4.25392155,47.64742],[4.25445078,47.6473225],[4.25462997,47.64729447],[4.25512252,47.64722346],[4.25547962,47.64717011],[4.25600684,47.64710053],[4.25653542,47.64703184],[4.25681838,47.64699819],[4.25713723,47.64696145],[4.25733691,47.6469557]],[[4.24389351,47.65126664],[4.24448938,47.65099653],[4.24483454,47.65082992],[4.24520338,47.65065045],[4.24557234,47.65047638],[4.24597843,47.65029471],[4.2463714,47.65012218],[4.24680674,47.64993839],[4.24732558,47.64973661],[4.24784846,47.64953658],[4.24827512,47.64938079],[4.24875213,47.64921366],[4.24918842,47.64907126],[4.24969501,47.64891551],[4.25016076,47.64878],[4.25068233,47.64863849],[4.25123702,47.64848942],[4.25148075,47.64843009],[4.25198282,47.64830949],[4.25295847,47.64810369],[4.25343979,47.6480076],[4.2538935,47.64792712],[4.25442276,47.64783051],[4.25473961,47.647765],[4.25501304,47.64772245],[4.25552657,47.64763682],[4.25580414,47.64760053],[4.2561332,47.64754478],[4.25657382,47.64747432],[4.25681304,47.64745015]],[[4.49965923,46.76963173],[4.49963319,46.76944836],[4.49966343,46.76840872],[4.49971141,46.76715721],[4.49979654,46.76597006],[4.49981267,46.76574741],[4.49998653,46.76449876],[4.50005784,46.76399712],[4.50013504,46.76351881],[4.50014272,46.76346468],[4.5001997,46.76310821],[4.50028203,46.76272079],[4.50043645,46.76200193],[4.50063808,46.76109513],[4.50065419,46.7610616],[4.50070957,46.76097893]],[[4.50070957,46.76097893],[4.50067363,46.76110097],[4.500613,46.76137283],[4.50049784,46.76194709],[4.50039966,46.76233022],[4.5003236,46.7628022],[4.50019038,46.76362435],[4.50009266,46.7642137],[4.49987365,46.76615187],[4.49987143,46.7661663],[4.49976406,46.76754466],[4.49966585,46.76944433],[4.49965923,46.76963173]],[[4.50070957,46.76097893],[4.50086626,46.76034288],[4.50092449,46.76007916],[4.5012138,46.75902622],[4.50139559,46.75839795],[4.50143274,46.75827229],[4.50145919,46.75818639],[4.50168287,46.75750894],[4.5019103,46.75687287],[4.50205286,46.75643694],[4.50219486,46.75607575],[4.50236553,46.75561423],[4.50244904,46.75541232],[4.50249441,46.75530005],[4.50251529,46.75524935],[4.50254838,46.75516696],[4.50263431,46.75495781],[4.50269695,46.7548066],[4.50277431,46.75461917],[4.50363508,46.75262936],[4.50426911,46.75120627],[4.50457251,46.75052417],[4.50490742,46.7497498],[4.50492707,46.74970271],[4.50500106,46.74953604],[4.50500348,46.7495288],[4.50510938,46.74928426],[4.50522278,46.74902701],[4.50579076,46.74772906],[4.50671382,46.7457258],[4.50717447,46.74476425],[4.50737255,46.74434919],[4.50744935,46.74418968],[4.50772837,46.74362316],[4.50775316,46.74357241],[4.50779043,46.74349897],[4.50868567,46.74177253],[4.50896358,46.74126096],[4.50943962,46.74038475],[4.51048252,46.73855459],[4.51083905,46.73795102],[4.51086033,46.73791562],[4.51088662,46.73787205],[4.51105548,46.73758525],[4.51111933,46.73747904],[4.51175472,46.73644763],[4.511806,46.7363605],[4.51184111,46.7363042],[4.51320972,46.73418244],[4.51367976,46.73347109],[4.51395545,46.73307121],[4.51497406,46.73160155],[4.51548081,46.73089331],[4.51551611,46.73084422],[4.51623871,46.72984585],[4.51627152,46.72980129],[4.51692845,46.72889114],[4.51730292,46.72837196],[4.51751473,46.72807828],[4.51771774,46.72779731],[4.5181754,46.72716266],[4.5188152,46.72625093],[4.51892355,46.7260982],[4.51906715,46.72589457],[4.51975712,46.72495154],[4.52088288,46.72339124],[4.52140224,46.72267111],[4.52164055,46.72234284],[4.52180563,46.72211191],[4.52210313,46.7217],[4.52308005,46.72034699],[4.52377464,46.71938676],[4.52382007,46.71932582],[4.52408588,46.71895215],[4.52414386,46.71887213],[4.52422456,46.71876119],[4.5247176,46.71808641],[4.52504657,46.71763085],[4.52514606,46.71748994],[4.52537189,46.71718525],[4.52584915,46.71650887],[4.52601555,46.71627972],[4.52670102,46.71532499],[4.52695317,46.71497942],[4.52717757,46.71467114],[4.52746203,46.71426389],[4.52770904,46.71392199],[4.52775059,46.7138629],[4.52808643,46.71342075],[4.52895755,46.71222669],[4.52906346,46.71208208],[4.52928565,46.71178914],[4.52946103,46.71155445],[4.52947864,46.711529],[4.52948249,46.71152625],[4.52952283,46.71147077],[4.52952655,46.71146352],[4.52989746,46.71096596],[4.53146722,46.70910694],[4.53172907,46.70882877],[4.5318473,46.70870381],[4.53254398,46.70796774],[4.5328327,46.70766759],[4.53285816,46.70764204],[4.53287467,46.7076238],[4.53289756,46.70760008],[4.53296632,46.70753162],[4.53341098,46.7070979],[4.53372594,46.70680011],[4.53385784,46.70669568],[4.53411756,46.70643554],[4.53442383,46.70615497],[4.53523095,46.70543812],[4.53534716,46.7053348],[4.53600329,46.70478837],[4.5369496,46.70404172],[4.53763769,46.70351557],[4.53834822,46.70299632],[4.53912288,46.7024771],[4.54004785,46.7018577],[4.54169551,46.70082782],[4.54199808,46.70064994],[4.54221828,46.7005218],[4.54377128,46.69966428],[4.54580898,46.69859217],[4.54586186,46.69856444],[4.5459484,46.69852365],[4.54601036,46.69849309],[4.54613403,46.69842298],[4.5471287,46.69791245],[4.54827019,46.69731798],[4.54977805,46.69653663],[4.54985932,46.696495],[4.55162529,46.69554083],[4.55326696,46.69459011],[4.55383045,46.69424746],[4.55393983,46.69418204],[4.55433344,46.69394075],[4.55479392,46.69365803],[4.55608029,46.69282736],[4.55611495,46.69280348],[4.5561624,46.69276951],[4.55623687,46.69271897],[4.55755068,46.69179695],[4.55795579,46.69150146],[4.55896478,46.69076818],[4.55912347,46.69064265],[4.55919774,46.6905858],[4.55933596,46.69047675],[4.5595203,46.69033285],[4.56072317,46.68937988],[4.56158585,46.68865848],[4.56216167,46.68815711],[4.5624349,46.68791924],[4.56257505,46.68778675],[4.56401845,46.68641889],[4.56409868,46.68634215],[4.56438789,46.68606893],[4.56440984,46.68605872],[4.56446451,46.68600304],[4.56454919,46.68594425],[4.56483803,46.68565842],[4.56512817,46.68537258],[4.56591574,46.68454679],[4.56625173,46.68417206],[4.56680484,46.68352148],[4.56705578,46.68319294],[4.56837453,46.68150432],[4.56841169,46.68147679],[4.56848967,46.68136765],[4.56865505,46.68115826],[4.56904533,46.68062607],[4.57042747,46.67868979],[4.57180202,46.67672117],[4.5718724,46.67662114],[4.57241921,46.67584814],[4.5725664,46.67564439],[4.57259157,46.67560982],[4.57262174,46.67556708],[4.57290337,46.67517145],[4.57385623,46.6738273],[4.57469801,46.67258013],[4.57500986,46.67209943],[4.57525649,46.67171599],[4.5756347,46.67108758],[4.57568683,46.6709905],[4.575739,46.67089432],[4.57611602,46.6702254],[4.5764918,46.66951416],[4.5768128,46.66885411],[4.57709852,46.66824048],[4.57736874,46.66758923],[4.57754351,46.66716535],[4.57773403,46.66669802],[4.57796197,46.66607797],[4.57806369,46.66575145],[4.57811621,46.66557781],[4.57817315,46.66542123],[4.57821235,46.66532973],[4.57827204,46.66508754],[4.57844052,46.66458269],[4.5786055,46.66400223],[4.57875188,46.66341213],[4.57893884,46.66277823],[4.57915993,46.66187819],[4.57934406,46.66123712],[4.57960093,46.66026364],[4.57966816,46.66001144],[4.57985662,46.65929467],[4.57987178,46.65923142],[4.57987997,46.65919798],[4.57999113,46.65879208],[4.58015324,46.65824949],[4.58057196,46.65663524],[4.58060514,46.6565168],[4.58061576,46.65647703],[4.58063364,46.65641734],[4.58064656,46.65636673],[4.58066651,46.6562881],[4.58071148,46.65612538],[4.58078244,46.65582179],[4.58119317,46.65429411],[4.58122614,46.65416847],[4.58126661,46.65403102],[4.58134655,46.65372191],[4.58136773,46.65364057],[4.5814127,46.65347784],[4.58177715,46.6521138],[4.58185785,46.6518308],[4.58190509,46.65165633],[4.58193267,46.65157039],[4.58194969,46.651481],[4.58203459,46.65116281],[4.58206248,46.65104265],[4.5824411,46.64962707],[4.58245113,46.6495675],[4.58255348,46.64926438],[4.58264624,46.64890196],[4.58314351,46.64734065],[4.58336063,46.64680269],[4.58345987,46.64652844],[4.58358805,46.64617003],[4.58400669,46.64518798],[4.58406787,46.64504394],[4.58411309,46.64493525],[4.58416699,46.64481022],[4.58421845,46.64469153],[4.58427956,46.64454478],[4.58444305,46.64418678],[4.58469326,46.64361865],[4.58477967,46.64344273],[4.58482536,46.64335024],[4.58576544,46.64141805],[4.58658543,46.63971896],[4.58679141,46.63929463],[4.58753928,46.63772532],[4.58759523,46.63762638],[4.58778304,46.63725182],[4.58831582,46.63615381],[4.5883379,46.63610397],[4.58835997,46.63605413],[4.58853144,46.63570232],[4.58875993,46.63519931],[4.58928969,46.63413375],[4.58933123,46.63403411],[4.5894082,46.63384932],[4.58946749,46.63373051],[4.58973415,46.63319185],[4.58997232,46.63270762],[4.59017637,46.63230852],[4.59019615,46.63226952],[4.59035139,46.63194495],[4.59074359,46.63113977],[4.59120939,46.63016965],[4.59172983,46.6291015],[4.5919956,46.62853403],[4.59211966,46.62830625],[4.5921345,46.62827722],[4.59235328,46.62784639],[4.59341264,46.62598812],[4.59345243,46.62591822],[4.59403414,46.62502573],[4.59440431,46.62449822],[4.59459387,46.62418667],[4.59464922,46.62411296],[4.59470717,46.6240383],[4.59515771,46.62344393],[4.59534295,46.62320809],[4.59592592,46.62244976],[4.59683389,46.62136358],[4.59693268,46.62125593],[4.59762244,46.62044117],[4.59781366,46.62023136],[4.59803432,46.6199563],[4.5989555,46.61887802],[4.5997373,46.61790615],[4.60097353,46.61647672],[4.60099628,46.61645029],[4.60107434,46.61634923],[4.60145098,46.61586844],[4.60212348,46.61500435],[4.60251923,46.61446295],[4.6026934,46.61420834],[4.60318077,46.61349454],[4.60360168,46.61287623],[4.60399627,46.61220785],[4.60414304,46.61195543],[4.60424643,46.61178286],[4.60463368,46.61108757],[4.60466101,46.61103945],[4.60468711,46.61099406],[4.60483226,46.61073084],[4.60506617,46.61028716],[4.60511187,46.61019736],[4.60560282,46.60911965],[4.60588152,46.6084673],[4.60600429,46.60815486],[4.60613684,46.60781978],[4.60636419,46.60719877],[4.60643434,46.60700775],[4.60675485,46.6060459],[4.60702003,46.60511364],[4.60707024,46.6049112],[4.60723248,46.60425417],[4.60741087,46.60343661],[4.60755926,46.60262127],[4.60786057,46.60074555],[4.60798536,46.59997197],[4.60802936,46.59969216],[4.60810114,46.59924714],[4.60835321,46.59769634],[4.60849576,46.59690539],[4.6086304,46.59615599],[4.60877814,46.5954082],[4.60911617,46.59411466],[4.60930001,46.59348344],[4.60952436,46.59280843],[4.60974025,46.59220108],[4.60995219,46.59163701],[4.61047014,46.59037696],[4.6110622,46.58910596],[4.61261951,46.58593547],[4.61263925,46.58589646],[4.61314931,46.58485896],[4.61331805,46.58451435],[4.61397947,46.583164],[4.61407685,46.58296809],[4.61409782,46.58292637],[4.61411996,46.58288012],[4.61674717,46.57752847],[4.61698492,46.57704598],[4.61715854,46.57669138],[4.61800824,46.5751348],[4.61810602,46.57495329],[4.61827786,46.57467077],[4.61899487,46.57348531],[4.61942296,46.5728173],[4.61953773,46.57263645],[4.61990937,46.57209082],[4.62045614,46.57128692],[4.62050366,46.571216],[4.62076773,46.5708304],[4.6209144,46.57062478],[4.62168554,46.56955021],[4.6217583,46.56945012],[4.62182992,46.56935544],[4.62190952,46.56922191],[4.62333106,46.56727532],[4.62554808,46.56420333],[4.62706658,46.5621022],[4.62712173,46.56202486],[4.62832422,46.56036321],[4.62841948,46.56023036],[4.62996831,46.55810264],[4.63025297,46.55771131],[4.63150407,46.55597868],[4.63155806,46.55590676],[4.63158308,46.55587038],[4.63199549,46.5552989],[4.63238912,46.55475471],[4.63266616,46.55437159],[4.63301208,46.55389112],[4.63419285,46.55225673],[4.63449866,46.55183266],[4.6347205,46.55152508],[4.63583218,46.54998442],[4.63589986,46.54989069],[4.63603891,46.54969596],[4.63696194,46.54839575],[4.63794134,46.54693172],[4.6382902,46.54637823],[4.63838,46.54623915],[4.63891195,46.54539394],[4.63976447,46.5439245],[4.63979549,46.54387092],[4.63982029,46.54382733],[4.63992327,46.54364933],[4.64075911,46.54206123],[4.6408134,46.54195688],[4.64084181,46.54190333],[4.64103563,46.5415349],[4.64149844,46.54056367],[4.64236505,46.53861396],[4.64250376,46.53827964],[4.64256968,46.53812828],[4.64265486,46.53792352],[4.6430242,46.53697074],[4.64313692,46.53668362],[4.64382054,46.53468519],[4.64383258,46.53465169],[4.64395605,46.53424553],[4.64404625,46.53394792],[4.64460208,46.53212785],[4.64463774,46.53201205],[4.64510295,46.53047698],[4.64524746,46.52999035],[4.6455858,46.52883537],[4.64587847,46.52789719],[4.64618415,46.5269147],[4.6467062,46.52519056],[4.64679752,46.52488753],[4.64774428,46.52180541],[4.648057,46.52075616],[4.64812937,46.52051734],[4.64819334,46.52030297],[4.64859724,46.51894708],[4.64885441,46.51808957],[4.64902977,46.51750342],[4.64907592,46.51734695],[4.64915064,46.51709999],[4.6492667,46.51671014],[4.64938631,46.51630853],[4.64965409,46.51554362],[4.65030018,46.51378705],[4.6507684,46.51262026],[4.65090955,46.51232732],[4.65095141,46.51224476],[4.65136262,46.51139311],[4.65153297,46.51107363],[4.65155801,46.51103904],[4.65185398,46.51047456],[4.65219889,46.5098031],[4.65240113,46.50941741],[4.65339886,46.50751883],[4.65350243,46.50732099],[4.65385377,46.50669086],[4.65425524,46.5059078],[4.65432426,46.50577531],[4.65436744,46.50569362],[4.65439934,46.50562741],[4.65478879,46.50483551],[4.65488585,46.50459544],[4.65507885,46.50420717],[4.65515907,46.50401417],[4.65538656,46.50347319],[4.65553283,46.5030928],[4.65564755,46.50279032],[4.65602227,46.50172934],[4.65612802,46.50143239],[4.65620339,46.50116561],[4.65646625,46.50024404],[4.65649631,46.50011751],[4.65653569,46.49999716],[4.65683291,46.49879049],[4.6568458,46.49874256],[4.65731325,46.49678679],[4.65757119,46.49570497],[4.65774211,46.49497837],[4.65808712,46.49354404],[4.65867516,46.49126857],[4.65889556,46.49054035],[4.65917506,46.48969779],[4.65918958,46.48966065],[4.65920418,46.48962621],[4.65941092,46.4890495],[4.6596535,46.48840831],[4.65990154,46.48777516],[4.66023571,46.48705879],[4.66054002,46.48638969],[4.6606792,46.48607874],[4.66096036,46.48550635],[4.66114939,46.48511992],[4.66140154,46.4846227],[4.66178038,46.48387596],[4.66204806,46.48333258],[4.66258004,46.48226387],[4.66262067,46.48214259],[4.66280001,46.48182385],[4.66367657,46.48008455],[4.6640095,46.47937359],[4.66455094,46.47823268],[4.66490717,46.47743131],[4.66528337,46.47651617],[4.66555199,46.47583497],[4.66597059,46.47472917],[4.66612256,46.47432706],[4.66644982,46.47343244],[4.66704845,46.47182055],[4.66707031,46.47176799],[4.66708232,46.47173449],[4.66753061,46.47049315],[4.66934546,46.46556258],[4.66953316,46.4650942],[4.66960526,46.464895],[4.66965801,46.46478705],[4.66982938,46.46429639],[4.66996045,46.46389458],[4.66997739,46.46385201],[4.67013564,46.46340117],[4.67022413,46.46314138],[4.67028748,46.46295402],[4.67031734,46.46286532],[4.6703402,46.46280284],[4.6703915,46.46264808],[4.67059667,46.46202723],[4.67098252,46.46075256],[4.67122741,46.45981229],[4.67123673,46.45977613],[4.67136129,46.45924742],[4.67182474,46.45714661],[4.67183289,46.45711497],[4.67187353,46.4568676],[4.67200139,46.45623436],[4.67211002,46.45556899],[4.67218833,46.4552328],[4.67225834,46.45483818],[4.67232271,46.45447248],[4.67233497,46.45440475],[4.67259611,46.45306074],[4.67260504,46.45301198],[4.67261131,46.45296145],[4.67283408,46.45176932],[4.67301082,46.45081833],[4.67304223,46.45065305],[4.67318466,46.44990072],[4.67319516,46.44986093],[4.67320196,46.44982751],[4.67332228,46.44916196],[4.67334779,46.44901658],[4.67363777,46.4474677],[4.67396516,46.44577957],[4.6739696,46.44575429],[4.67414059,46.44474484],[4.67415792,46.44463021],[4.67423744,46.4441643],[4.67424687,46.44408941],[4.67425219,46.4440506],[4.67425538,46.44402714],[4.67436466,46.44321494],[4.67446928,46.44220827],[4.67452212,46.44104294],[4.67453186,46.4399593],[4.67454182,46.43960429],[4.67452508,46.43931363],[4.67451025,46.43908508],[4.67447846,46.43864332],[4.67443058,46.43814415],[4.67439626,46.43783213],[4.67437677,46.43766399],[4.67436595,46.43752364],[4.67433802,46.43720792],[4.67426532,46.43670642],[4.67426372,46.43669653],[4.67418367,46.43621045],[4.67411245,46.43579989],[4.67405727,46.4355296],[4.67404916,46.43547748],[4.67403179,46.43542099],[4.67398494,46.43516769],[4.67388154,46.43472699],[4.67386362,46.43465249],[4.67380799,46.43441013],[4.67373722,46.43409864],[4.67357521,46.43353089],[4.67338373,46.43280867],[4.6732027,46.43221508],[4.67302008,46.43178184],[4.67285713,46.43135281],[4.67261504,46.43072139],[4.67242582,46.43019997],[4.67238821,46.43012037],[4.67234506,46.43003003],[4.67216802,46.42965074],[4.67211202,46.42952367],[4.67202518,46.42932499],[4.67200837,46.42928651],[4.67183363,46.42889728],[4.67166124,46.42854224],[4.6714685,46.42816048],[4.67127174,46.42781751],[4.6711178,46.42751174],[4.67104632,46.42738939],[4.67094444,46.42720985],[4.67076031,46.42689641],[4.67057225,46.42658213],[4.67053088,46.42650708],[4.67036263,46.42620152],[4.67015255,46.42589116],[4.66995804,46.4256211],[4.66991858,46.42556584],[4.66991714,46.42556136],[4.6698954,46.42553195],[4.66986538,46.42548736],[4.66969139,46.4252071],[4.66967229,46.42517855],[4.66948296,46.42490752],[4.66945441,46.42486831],[4.66913011,46.4244002],[4.66883805,46.42400638],[4.66860827,46.42369],[4.66839851,46.42343188],[4.6681422,46.42309968],[4.66790652,46.4228032],[4.6675126,46.42231449],[4.66722104,46.4219792],[4.66693187,46.42163667],[4.6666594,46.42132902],[4.6663549,46.42099571],[4.66600853,46.42061348],[4.66594802,46.42055132],[4.66567071,46.42025545],[4.66531793,46.41987601],[4.66502795,46.4195488],[4.66492968,46.41944395],[4.66472903,46.41922712],[4.66445032,46.41892766],[4.66428344,46.41875086],[4.66426999,46.41873665],[4.66423637,46.41870201],[4.66420273,46.41866647],[4.66416231,46.41862203],[4.66377812,46.41819441],[4.66371749,46.41812775],[4.66354486,46.41793302],[4.66337091,46.41773741],[4.66314389,46.41746691],[4.66299115,46.4172836],[4.66286651,46.4171251],[4.66281507,46.417061],[4.66257352,46.41678351],[4.66243953,46.41661704],[4.66240296,46.41657074],[4.66205168,46.41611111],[4.6616713,46.41559337],[4.66137564,46.41516355],[4.66122987,46.41495222],[4.66089984,46.41446256],[4.66061094,46.41399751],[4.66038695,46.41361169],[4.66037732,46.41359471],[4.66012954,46.41315429],[4.65998903,46.41290145],[4.65989665,46.41273257],[4.65966932,46.41227924],[4.65942834,46.41180539],[4.65935425,46.41163804],[4.6592188,46.41133739],[4.65906419,46.41100549],[4.6590558,46.4109867],[4.65891343,46.41062941],[4.65879057,46.41031416],[4.65864302,46.40991461],[4.65851866,46.40954985],[4.65842182,46.40927655],[4.65838628,46.409178],[4.65825551,46.4087737],[4.65817456,46.40850918],[4.6581169,46.40832538],[4.65798108,46.4078401],[4.65791034,46.40752589],[4.65783459,46.40721807],[4.65776779,46.40690471],[4.65769636,46.40661033],[4.6576357,46.40624194],[4.6576325,46.40622217],[4.65758985,46.4059751],[4.65755537,46.40578286],[4.65754304,46.40572],[4.65752456,46.4056257],[4.65752211,46.4055879],[4.65748276,46.40532098],[4.65743463,46.40485063],[4.65738551,46.40439021],[4.65734378,46.40378737],[4.65731793,46.40327887],[4.65730502,46.40276748],[4.65730484,46.40267562],[4.65730755,46.40220723],[4.65731451,46.40205042],[4.65732348,46.40178819],[4.65735079,46.40135818],[4.65736412,46.40119677],[4.65738336,46.40092989],[4.65743675,46.40041574],[4.65749182,46.39995651],[4.65755865,46.3994989],[4.65762687,46.39908721],[4.65767754,46.39878385],[4.6577275,46.39854264],[4.65779193,46.3982634],[4.65782475,46.39810081],[4.65787831,46.39784965],[4.65794352,46.39755328],[4.65803205,46.39721064],[4.6581333,46.39685791],[4.65820843,46.39658842],[4.65840836,46.39592713],[4.65871287,46.39510941],[4.6587574,46.39498987],[4.65878753,46.39491018],[4.65914639,46.39403942],[4.65936286,46.39358054],[4.65965276,46.39296838],[4.65976964,46.39274511],[4.66012761,46.3920599],[4.66069017,46.39112584],[4.66105097,46.39057748],[4.66119524,46.39035652],[4.66130472,46.39019011],[4.66147384,46.38993005],[4.66149752,46.38989548],[4.66152754,46.38985542],[4.66158993,46.38976714],[4.66174252,46.38956317],[4.66185875,46.38940476],[4.66197005,46.38925543],[4.66212755,46.38904148],[4.66219141,46.38895859],[4.66277004,46.38821252],[4.66328987,46.38758798],[4.66341309,46.38744568],[4.66419881,46.38653446],[4.6642353,46.3864934],[4.66454134,46.38615749],[4.66481714,46.38585444],[4.66491139,46.38574409],[4.66530481,46.38528621],[4.66530858,46.38528165],[4.66533494,46.38524975],[4.66537016,46.3852096],[4.66572212,46.38480097],[4.66617422,46.38426207],[4.66650525,46.38385013],[4.66656669,46.38377358],[4.66662688,46.38369885],[4.66693038,46.38332334],[4.66741741,46.38269296],[4.66785164,46.38208136],[4.66828933,46.3814553],[4.66855877,46.38103075],[4.66871021,46.38079076],[4.66916573,46.38002483],[4.66975224,46.37903182],[4.66976708,46.37900639],[4.67027305,46.37810371],[4.67071067,46.37734975],[4.67115177,46.37658223],[4.6715679,46.37589252],[4.67193886,46.37529985],[4.67234909,46.3747156],[4.67281722,46.37406746],[4.67333671,46.37335462],[4.67341321,46.37326073],[4.67373285,46.37286335],[4.67375538,46.3728342],[4.67400024,46.37254419],[4.67404925,46.37248763],[4.67420119,46.37230797],[4.67453969,46.37193192],[4.67468828,46.37177032],[4.67525991,46.37114677],[4.6757248,46.37069231],[4.67599011,46.37043352],[4.67613537,46.37029088],[4.67630229,46.37013351],[4.67659388,46.36988334],[4.67662812,46.36985402],[4.67689007,46.36961329],[4.67695842,46.36955104],[4.67712188,46.36940813],[4.67745134,46.36912048],[4.67748937,46.36908749],[4.67760091,46.36899128],[4.67805091,46.36860368],[4.67828291,46.36840482],[4.67921074,46.36768954],[4.6799704,46.36713345],[4.68040816,46.36681446],[4.68117444,46.3663051],[4.68217594,46.36566076],[4.68313918,46.36508453],[4.6831762,46.36506147],[4.68394063,46.36462056],[4.68501299,46.36404],[4.68574655,46.36365358],[4.68621265,46.36341161],[4.68681301,46.3630938],[4.68727819,46.36286445],[4.68756353,46.36270982],[4.68762879,46.36267463],[4.68785198,46.36257135],[4.68820017,46.36238786],[4.68864957,46.36215334],[4.68921811,46.3618594],[4.68977207,46.36155668],[4.68999977,46.36143171],[4.69040655,46.36120772],[4.69087841,46.36094313],[4.69151472,46.36056982],[4.69180539,46.3604196],[4.69204431,46.36027915],[4.69221397,46.36017035],[4.69245632,46.36001454],[4.69261531,46.3598978],[4.69363745,46.35925575],[4.69412556,46.35892876],[4.6945173,46.35868246],[4.69475209,46.35853486],[4.69529783,46.35817909],[4.6955707,46.3580012],[4.69597102,46.35773856],[4.69668118,46.35727405],[4.69752385,46.3567202],[4.6980289,46.35639564],[4.69870343,46.35595777],[4.69882197,46.35587945],[4.69959819,46.35536531],[4.70045083,46.35479958],[4.70108074,46.35439208],[4.70193756,46.35383619],[4.70278803,46.35328578],[4.70303869,46.35310641],[4.70336446,46.35287457],[4.70423277,46.35231308],[4.7044623,46.35216554],[4.70474554,46.35198838],[4.70574887,46.35133659],[4.70670778,46.35072059],[4.70678927,46.35066442],[4.70683899,46.35063216],[4.70690019,46.35059251],[4.70740852,46.35025165],[4.70781025,46.34999614],[4.70795944,46.34990024],[4.70835854,46.34964387],[4.70916538,46.34911659],[4.71012788,46.34849329],[4.71068601,46.34812375],[4.71116001,46.3478095],[4.71191208,46.34732085],[4.71267542,46.34677708],[4.71324119,46.34636237],[4.71379156,46.3459542],[4.71440132,46.34549109],[4.71497668,46.34505101],[4.71560148,46.34452912],[4.71612869,46.34408885],[4.71670529,46.34360641],[4.71725122,46.34314154],[4.71779838,46.34267485],[4.71847233,46.34210447],[4.71901176,46.34164059],[4.71909028,46.34157366],[4.71913208,46.3415379],[4.71916875,46.34150492],[4.7192004,46.34147742],[4.71967514,46.34106585],[4.7202415,46.34059075],[4.7208885,46.34003337],[4.72139311,46.33962135],[4.7219387,46.33914835],[4.72254919,46.33863024],[4.72316302,46.33809496],[4.72370585,46.33765893],[4.72393128,46.33746728],[4.72423525,46.33720959],[4.72471991,46.33678524],[4.72503141,46.33651933],[4.72527076,46.33631575],[4.72582801,46.33584346],[4.72638529,46.33537207],[4.72709549,46.33476145],[4.72761825,46.33430949],[4.72848588,46.33353796],[4.72866528,46.33337221],[4.72938294,46.33271103],[4.7302611,46.33186276],[4.7303077,46.33181522],[4.73043478,46.33168089],[4.73102883,46.3310594],[4.73158526,46.33044118],[4.73206929,46.3298772],[4.73219835,46.32972393],[4.73222716,46.32968926],[4.73227466,46.32962909],[4.73285912,46.32891137],[4.73290292,46.32885756],[4.73294548,46.32880557],[4.73376026,46.3277664],[4.73399966,46.32744391],[4.73403962,46.32739196],[4.73440028,46.32691631],[4.73487682,46.32628218],[4.73498297,46.32614456],[4.73530623,46.32571992],[4.73596743,46.32488301],[4.73629534,46.32448262],[4.73661695,46.32408862],[4.73702037,46.32360961],[4.73753063,46.32305691],[4.73794854,46.32262541],[4.73841893,46.32212736],[4.73906396,46.32147983],[4.73954081,46.3210222],[4.74007272,46.32053852],[4.74016873,46.32045058],[4.74066788,46.31999982],[4.74116274,46.31957794],[4.74134486,46.31941844],[4.74140938,46.31936251],[4.74145498,46.31932488],[4.7420049,46.31887694],[4.74265386,46.31835542],[4.74347884,46.31772853],[4.74421775,46.31717501],[4.74494781,46.31662972],[4.74570762,46.31608036],[4.7465394,46.31546505],[4.74738624,46.31483329],[4.74825356,46.3141922],[4.74899788,46.31364847],[4.74997286,46.31292015],[4.75099755,46.31216223],[4.75163263,46.31169942],[4.75279583,46.31084388],[4.75349809,46.31032869],[4.75463922,46.30947617],[4.75476997,46.30937869],[4.75491596,46.30927016],[4.75499737,46.30921486],[4.75502774,46.30918917],[4.75513952,46.30910819],[4.75648016,46.30811568],[4.75750499,46.3073676],[4.75840022,46.30671249],[4.75994771,46.30556813],[4.76105066,46.30474676],[4.76214509,46.30386336],[4.76273913,46.30338311],[4.76401142,46.30229428],[4.76449362,46.30185268],[4.76495713,46.30143658],[4.76500123,46.30139356],[4.76502897,46.30136701],[4.76505924,46.30133862],[4.76551558,46.30090191],[4.76608155,46.30035902],[4.76630315,46.30013852],[4.7667651,46.2996747],[4.76694369,46.29949089],[4.76701662,46.299415],[4.76729132,46.299109],[4.76773971,46.29862828],[4.76822586,46.2980695],[4.7682973,46.29798823],[4.76844284,46.29782745],[4.76846284,46.29780282],[4.76860939,46.29763301],[4.7687334,46.29748968],[4.76895393,46.29723676],[4.76961762,46.29642302],[4.77014085,46.29576639],[4.77053649,46.29522342],[4.77063977,46.2950822],[4.77107047,46.29449816],[4.77129176,46.29418938],[4.77130795,46.29416751],[4.77131905,46.29414932],[4.77135145,46.29410649],[4.77177892,46.29350357],[4.77226059,46.29276921],[4.7726863,46.29207265],[4.77283046,46.29182992],[4.77307196,46.29142354],[4.77346798,46.29073374],[4.77382959,46.29010483],[4.7740521,46.28971406],[4.77431151,46.28925966],[4.77448132,46.28896699],[4.77455509,46.28883794],[4.774597,46.28876794],[4.7746905,46.28860615],[4.77473355,46.28853162],[4.77478399,46.28844437],[4.77487498,46.28828533],[4.77492784,46.28819263],[4.77517986,46.28775096],[4.77558702,46.28704567],[4.77577276,46.28672392],[4.77611518,46.28614574],[4.77642538,46.28561579],[4.77647088,46.28553672],[4.77673822,46.2850876],[4.7770822,46.28455802],[4.7776025,46.28381763],[4.77765,46.28376014],[4.77769233,46.28370364],[4.77810452,46.28315498],[4.77825673,46.28296165],[4.77876954,46.28231144],[4.77943707,46.28150569],[4.77957861,46.28134405],[4.78005946,46.2807907],[4.78048876,46.28029041],[4.78088836,46.27987524],[4.78113597,46.27962007],[4.78187564,46.27887802],[4.78211601,46.27864008],[4.78290544,46.27791075],[4.78353025,46.27735244],[4.7842295,46.27676683],[4.78449286,46.27655734],[4.78480556,46.27630745],[4.78535493,46.2758665],[4.78568219,46.27562538],[4.78576461,46.27556374],[4.78588256,46.27547632],[4.78616801,46.27526738],[4.78670292,46.27486178],[4.78700521,46.27465167],[4.78732254,46.27442512],[4.78740507,46.27436708],[4.78749903,46.27430075],[4.78763863,46.27420038],[4.78776307,46.27411286],[4.78787723,46.2740291],[4.78816036,46.2738292],[4.78848155,46.27360168],[4.78910908,46.27316939],[4.78951429,46.27289011],[4.78981715,46.272698],[4.79048141,46.27227773],[4.79052467,46.27225003],[4.79057306,46.27222045],[4.79090641,46.27200804],[4.79122988,46.2718111],[4.79125791,46.27179445],[4.79158642,46.27159292],[4.79167553,46.27153748],[4.79211742,46.27126842],[4.79227934,46.2711758],[4.79280974,46.27087291],[4.79341658,46.27052469],[4.79348166,46.27048944],[4.79483262,46.26974217],[4.7953167,46.26949315],[4.79543684,46.26943361],[4.79554924,46.26937599],[4.7957537,46.26927369],[4.79612941,46.26908672],[4.7963058,46.26900017],[4.79636203,46.26897226],[4.79663658,46.26882922],[4.79717298,46.26855234],[4.79873989,46.26781873],[4.8000681,46.26725281],[4.80013725,46.26722289],[4.80016539,46.26720984],[4.80019746,46.26719762],[4.80036779,46.26712467],[4.80123699,46.26677946],[4.80202277,46.26646528],[4.80225759,46.2663787],[4.80342908,46.26594582],[4.80357165,46.26589762],[4.80364357,46.26587307],[4.80371168,46.26585127],[4.80505527,46.26540033],[4.80609024,46.26508218],[4.80664304,46.26491128],[4.80697883,46.26481497],[4.80702514,46.26480163],[4.80708558,46.26478356],[4.80819064,46.26446517],[4.80971068,46.2640501],[4.81118667,46.26363932],[4.81128189,46.26361259],[4.81153159,46.26354466],[4.81309142,46.26311721],[4.81512352,46.2625597],[4.81535774,46.26249562],[4.81556109,46.26244014],[4.81557914,46.26243624],[4.81588676,46.26235298],[4.81692808,46.26207335],[4.81707995,46.26203219],[4.8172151,46.26199581],[4.8172756,46.26197953]],[[4.8172756,46.26197953],[4.81752607,46.26189627],[4.81800134,46.26173916],[4.81849512,46.26159166]],[[4.82027868,46.26117855],[4.81957346,46.26137177],[4.81890047,46.26155816],[4.818235,46.26173633],[4.81745237,46.26194518],[4.8172756,46.26197953]],[[4.84806452,46.24572741],[4.84621455,46.24753907],[4.84562933,46.24804937],[4.84557888,46.24809342],[4.84552466,46.24814114],[4.84476446,46.2488146],[4.84424744,46.24923011],[4.84331406,46.25000544],[4.84282202,46.25035388],[4.84157838,46.25128645],[4.84046313,46.2520611],[4.84038829,46.25211365],[4.84033376,46.25215236],[4.84011558,46.25230541],[4.83888931,46.25310076],[4.83882944,46.25313505],[4.83876694,46.25316849],[4.83610162,46.25476707],[4.83581714,46.25487974],[4.83572711,46.25494424],[4.83520881,46.25520931],[4.83482331,46.25540738],[4.83459519,46.25553626],[4.83433524,46.25568366],[4.83364091,46.25604343],[4.83225258,46.25669629],[4.83057631,46.25743754],[4.8298242,46.25774057],[4.82905158,46.25805202],[4.82871072,46.2581881],[4.8279192,46.25847824],[4.82727566,46.25872817],[4.82473982,46.25963174],[4.82413502,46.25983689],[4.82376009,46.25996449],[4.822911,46.26020418],[4.82220157,46.2604263],[4.82123492,46.2607237],[4.82109742,46.26076733],[4.82038399,46.26098681],[4.81964091,46.26121306],[4.81849512,46.26159166]],[[4.81849512,46.26159166],[4.8199203,46.26117977],[4.82105312,46.260841],[4.82112894,46.26081727],[4.8212678,46.26077541],[4.82208165,46.26053],[4.82337539,46.2601499],[4.8240315,46.25996465],[4.82419344,46.25991431],[4.82507892,46.25967584],[4.82584018,46.25948979],[4.82636146,46.25938956]],[[4.82027868,46.26117855],[4.82062081,46.2610794],[4.82109589,46.26095561],[4.82119758,46.26092876],[4.82133786,46.26089049],[4.82157337,46.26082637],[4.82204557,46.26069451],[4.82279958,46.26048518],[4.8234401,46.26029928],[4.82352498,46.2602745],[4.82382327,46.26018506],[4.82401746,46.2601279],[4.82421677,46.26006886],[4.82455222,46.25996441],[4.82573361,46.25960409],[4.82636146,46.25938956]],[[4.84326796,46.26055637],[4.84300725,46.26048854],[4.84261657,46.26037867],[4.84206784,46.2602029],[4.8418318,46.26013467],[4.84154067,46.2600502],[4.84123001,46.25996426],[4.84047843,46.25978006],[4.83962688,46.25959656],[4.83921138,46.25952041],[4.83875274,46.25943595],[4.83817165,46.25933995],[4.83793945,46.25930857],[4.83704295,46.25917803],[4.83570243,46.25905014],[4.83419189,46.2589637],[4.83221392,46.25895592],[4.83086289,46.2590182],[4.830485,46.2590567],[4.83041624,46.25905871],[4.83035916,46.25906053],[4.82953942,46.25912775],[4.82790736,46.25936834],[4.82624641,46.25967783],[4.8258023,46.25979484],[4.82507168,46.25996509],[4.82446496,46.26011262],[4.82399736,46.2602264],[4.82354655,46.26033721],[4.82295455,46.26049801],[4.82206503,46.26073293],[4.8213556,46.26091632],[4.8212127,46.26095374],[4.82027868,46.26117855]],[[4.82636146,46.25938956],[4.82680699,46.25923739],[4.82728207,46.25907574],[4.82844689,46.25864811],[4.83014205,46.25796514],[4.83136572,46.25743475],[4.83227966,46.25703993],[4.8339544,46.25621492],[4.83554291,46.25537596],[4.83600079,46.25516771],[4.8361653,46.25507859],[4.83676782,46.25469237],[4.8379347,46.2540214],[4.83901901,46.25332834],[4.83906862,46.25329782],[4.83914621,46.25324973],[4.83951843,46.25300502],[4.84046789,46.25235736],[4.84054663,46.25230475],[4.84060502,46.25226507],[4.84091099,46.25205836],[4.84210803,46.25116799],[4.8426505,46.25073587],[4.84332525,46.2501836],[4.84343104,46.25008641],[4.84441182,46.2492923],[4.84509854,46.248711],[4.84565287,46.24820842],[4.84571086,46.24815704],[4.84575998,46.2481121],[4.84613767,46.2477619],[4.84695273,46.24694523],[4.84721772,46.24667971],[4.84750101,46.24637968],[4.84806452,46.24572741]],[[4.82636146,46.25938956],[4.82670466,46.2593228],[4.82767205,46.25916586],[4.82849404,46.25904907],[4.82978876,46.25889496],[4.8303377,46.2588456],[4.83038952,46.25884206],[4.83046468,46.25883725],[4.83135507,46.258786],[4.83229455,46.25876548],[4.83312847,46.25877276],[4.83445343,46.25882438],[4.83612846,46.25893698],[4.83740514,46.25909742],[4.83788276,46.25916717],[4.83791149,46.25917211],[4.83813098,46.2592118],[4.83891509,46.25935947],[4.83962516,46.25950652],[4.84027435,46.25965815],[4.8414547,46.25996513],[4.84173789,46.26004521],[4.84205021,46.26014194],[4.8428319,46.26041031],[4.84326796,46.26055637]],[[4.84326796,46.26055637],[4.84337176,46.26059252],[4.84345326,46.26062183],[4.8435479,46.26065542],[4.84518124,46.26122434],[4.84533102,46.26127595],[4.84544796,46.26131639],[4.84554785,46.2613517],[4.8460208,46.26151337],[4.84638736,46.26163893],[4.84693258,46.26182554],[4.84746472,46.26200876],[4.84887312,46.2624903],[4.84894928,46.26251518],[4.84905569,46.26255128],[4.85055632,46.26307093],[4.85268904,46.26380906],[4.85436985,46.26439329],[4.85443421,46.26441476],[4.85447886,46.26442934],[4.85563528,46.26482933],[4.8573515,46.26542195],[4.85745799,46.26545984],[4.85756054,46.2654969],[4.85966706,46.26622272],[4.85990723,46.26629626],[4.86007308,46.2663611],[4.8601792,46.26638819],[4.86033979,46.26645132],[4.86112837,46.26672576],[4.86289774,46.26734985],[4.86323451,46.26747584],[4.86376205,46.26767347],[4.86494445,46.26814591],[4.86606725,46.26862201],[4.86616104,46.26866821],[4.86633277,46.26875276],[4.86732397,46.2692157],[4.86735564,46.26923049],[4.86764744,46.26936982],[4.86830897,46.26968683],[4.86951467,46.27026873],[4.8704786,46.27073028],[4.87095661,46.27095932],[4.87104507,46.2710011],[4.87138117,46.27114419],[4.87173674,46.27128697],[4.87211213,46.27143933],[4.87250802,46.27158324],[4.87285751,46.27169999],[4.87325538,46.27182585],[4.87371723,46.27196146],[4.87416669,46.27207657],[4.87459084,46.27217317],[4.87502776,46.27226325],[4.87543349,46.27235295],[4.87596335,46.27242618],[4.8764292,46.27248876],[4.87700933,46.27255036],[4.87730494,46.2725725],[4.87737399,46.27257857],[4.87741822,46.27258054],[4.87752112,46.27258876],[4.87766824,46.27259894],[4.87778282,46.27260696],[4.87816393,46.27262229],[4.87861479,46.27262656],[4.8789292,46.27262858],[4.87922119,46.27262106],[4.87957535,46.272608],[4.87998115,46.27258599],[4.88040476,46.27255287],[4.88082808,46.27251165],[4.88136484,46.27244514],[4.88182365,46.27237811],[4.8823737,46.27228254],[4.88296911,46.27214659],[4.88335683,46.27205191],[4.88359646,46.2719948],[4.88377408,46.27194772],[4.88410483,46.27185848],[4.88460463,46.27169979],[4.88502312,46.27155595],[4.88546314,46.27139644],[4.88585108,46.27123328],[4.88600655,46.27118387],[4.88638091,46.27100383],[4.88685758,46.27077705],[4.88760747,46.27041333],[4.88844692,46.27001029],[4.88929001,46.26963781],[4.88983189,46.26938201],[4.8902732,46.26918553],[4.89054578,46.26906751],[4.8909208,46.26890726]],[[4.87748449,45.8920417],[4.87712765,45.89338163],[4.87695001,45.89399889],[4.87663294,45.89518143],[4.87663184,45.89518685],[4.87629234,45.89643101],[4.87625789,45.89655589],[4.87599803,45.8975249],[4.87561139,45.89893918],[4.87545561,45.89955517],[4.87534196,45.8999687],[4.8753293,45.90001394],[4.87505297,45.90114446],[4.87493018,45.90166893],[4.87491219,45.90174669],[4.87490221,45.9017946],[4.87490104,45.90179822],[4.8748781,45.90188237],[4.87487054,45.90192573],[4.87483992,45.90204964],[4.87467619,45.90273602],[4.87446773,45.90370057],[4.87441852,45.9039608],[4.87439422,45.90408101],[4.87406236,45.90585647],[4.87397828,45.90630554],[4.87393128,45.90655492],[4.87388556,45.90687995],[4.87360827,45.90885718],[4.87358897,45.90901062],[4.87350329,45.90967859],[4.87335774,45.91078712],[4.87326634,45.91147681],[4.87305773,45.9129701],[4.87289214,45.91432486],[4.87273962,45.91526686],[4.87273221,45.91531472],[4.87259679,45.91626635],[4.8725464,45.9166446],[4.87253786,45.91669698],[4.87253073,45.91675295],[4.87241034,45.91750166],[4.87231732,45.91795447],[4.87226965,45.91822278],[4.87221547,45.91852723],[4.87192322,45.91995344],[4.87177967,45.92059085],[4.8717534,45.92069126],[4.87150876,45.92169604],[4.87143174,45.92201257],[4.87135808,45.92231374],[4.87133208,45.92242226],[4.87123378,45.9227959],[4.87102997,45.9235595],[4.87076519,45.92454208],[4.87071936,45.92471308],[4.87045744,45.92581813],[4.8701086,45.92710115],[4.86988854,45.92791906],[4.86986868,45.92801847],[4.86940557,45.92973844],[4.86925538,45.93029578],[4.86880644,45.93220647],[4.86878394,45.93230412],[4.86874221,45.93252009],[4.86832093,45.93467623],[4.86794354,45.93698566],[4.8678591,45.93750318],[4.86779296,45.93791321],[4.86777888,45.93799271],[4.86776537,45.93808931],[4.86774497,45.93821125],[4.86761679,45.93896188],[4.86752411,45.93950296],[4.86749827,45.93965471],[4.86731257,45.94080352],[4.86724942,45.94114955],[4.86707718,45.94223869],[4.86693997,45.9430282],[4.86682734,45.94370472],[4.86673587,45.94424397],[4.86671873,45.94434784],[4.86650251,45.94566379],[4.86648919,45.94572797],[4.86648419,45.94580912],[4.86643278,45.94612072],[4.86614546,45.94785399],[4.86589783,45.9493488],[4.86575392,45.95024651],[4.86556779,45.95138452],[4.86548771,45.95187945],[4.86544388,45.95214859],[4.86541713,45.95231207],[4.86539818,45.95240065],[4.86538156,45.95248199],[4.86524797,45.9533417],[4.86524591,45.95335705],[4.86515339,45.95390442],[4.8647185,45.95662103],[4.8646748,45.95685594],[4.86463953,45.95703487],[4.86462953,45.95708277],[4.86461926,45.95719914],[4.86438861,45.95854955],[4.86424064,45.95940499],[4.86391848,45.96140995],[4.86377721,45.96231122],[4.86363405,45.96315667],[4.8634895,45.96399944],[4.86343838,45.96432095],[4.86320595,45.96577317],[4.86312816,45.96626085],[4.86282174,45.96827545],[4.86276064,45.96876016],[4.86259502,45.97005004],[4.86251456,45.97068819],[4.86244318,45.97159461],[4.86239504,45.9721953],[4.86233254,45.97355555],[4.86227012,45.97495633],[4.86225356,45.9759177],[4.86224342,45.9765727],[4.86215339,45.97921966],[4.86214497,45.97950534],[4.86206335,45.98186663],[4.86192974,45.98421886],[4.86192034,45.98428477],[4.86189054,45.98477887],[4.86176326,45.98605821],[4.86155114,45.98780914],[4.86133353,45.98928363],[4.86098202,45.99130797],[4.86096646,45.99138299],[4.86086413,45.9919107],[4.86085544,45.99195949],[4.86084552,45.99201009],[4.86076051,45.99240061],[4.86059964,45.99314636],[4.86055932,45.99332988],[4.86027226,45.99451006],[4.86013398,45.9950834],[4.860118,45.99514582],[4.86010448,45.99520459],[4.86008403,45.99528779],[4.86000396,45.99559536],[4.85998551,45.99566141],[4.85997406,45.99570484],[4.85959949,45.99712605],[4.85941908,45.99779196],[4.85912728,45.99887134],[4.85865634,46.00061659],[4.85863123,46.00071519],[4.85820167,46.00227061],[4.85814545,46.0024814],[4.85735745,46.00544245],[4.85733812,46.0054824],[4.85713991,46.00623507],[4.85690527,46.00713425],[4.85669055,46.00793403],[4.85633473,46.00926485],[4.85625111,46.00958328],[4.85581039,46.01123345],[4.8555844,46.01208385],[4.8554296,46.01266826],[4.85481994,46.01490757],[4.85464927,46.0155589],[4.85463553,46.01561137],[4.8546183,46.0156756],[4.85428148,46.01695926],[4.85380454,46.01876585],[4.85379034,46.01880481],[4.85377857,46.01883923],[4.8530437,46.02166426],[4.85302434,46.02174204],[4.85300942,46.02179813],[4.85288468,46.02231719],[4.85259545,46.02351901],[4.85251486,46.0238518],[4.85214918,46.02554846],[4.8521463,46.02557823],[4.8521421,46.02560712],[4.85176811,46.02740301],[4.85162313,46.02808994],[4.8515239,46.02856084],[4.85149154,46.0287136],[4.85099889,46.03148061],[4.85095384,46.03175607],[4.85074762,46.03300606],[4.85073057,46.03311442],[4.85070225,46.03331035],[4.8506823,46.03344758],[4.85059795,46.03401553],[4.85052334,46.03456529],[4.85045836,46.03505546],[4.85032713,46.0360367],[4.85015925,46.03723562],[4.85012884,46.03752346],[4.85009525,46.03783206],[4.85009213,46.03785463],[4.85008557,46.03792859],[4.85007861,46.03799086],[4.85007672,46.03801161],[4.85007369,46.03803688],[4.85001118,46.03856213],[4.84999843,46.03868303],[4.84982713,46.04043416],[4.84976068,46.0411117],[4.84969045,46.04194603],[4.84957783,46.04328907],[4.8494297,46.04561449],[4.8493577,46.04739642],[4.84932344,46.04822386],[4.84929732,46.04887011],[4.84928041,46.04929013],[4.84926245,46.05202507],[4.84925516,46.05369245],[4.84924301,46.05621562],[4.84926027,46.05757455],[4.84925063,46.05913388],[4.84927838,46.05922801],[4.84926085,46.0593607],[4.84927191,46.06141961],[4.84927239,46.06181863],[4.84928173,46.06348033],[4.84929278,46.06553924],[4.84928601,46.06653016],[4.84928311,46.06682835],[4.84927952,46.0672986],[4.84929775,46.06891693],[4.84929001,46.07049424],[4.84929547,46.07057972],[4.84929614,46.07071482],[4.84930381,46.07432666],[4.8493111,46.07500479],[4.84930543,46.07506703],[4.84929904,46.0751464],[4.84931138,46.07628203],[4.84929866,46.07778827],[4.84924505,46.07954108],[4.8492296,46.07996648],[4.84921848,46.080136],[4.84921516,46.080191],[4.84920674,46.08036408],[4.84920494,46.08038753],[4.84920125,46.08043172],[4.84919913,46.080484],[4.84917222,46.08091499],[4.84913761,46.08150193],[4.84898284,46.08324918],[4.84885473,46.08440421],[4.84866985,46.0857187],[4.84857667,46.08637325],[4.8485658,46.08647341],[4.84853717,46.08666123],[4.84817674,46.08868385],[4.84794951,46.08981798],[4.84790162,46.09001061],[4.84777519,46.09063958],[4.84724927,46.09282433],[4.84712256,46.0933299],[4.84700731,46.09379115],[4.84691933,46.09413937],[4.84691124,46.09416832],[4.84690448,46.09419816],[4.84683824,46.09446135],[4.84617217,46.0970627],[4.84615804,46.0971431],[4.84611359,46.09728433],[4.84582057,46.09850509],[4.84558476,46.09942498],[4.84536975,46.10027066],[4.8452966,46.10056009],[4.84518451,46.10100057],[4.84501286,46.1016726],[4.84496477,46.10185984],[4.84482987,46.10239256],[4.84471567,46.10284749],[4.84382547,46.10637752],[4.8434482,46.10786896],[4.84341914,46.10800634],[4.84337886,46.10815652],[4.84304344,46.10969952],[4.84289145,46.11053427],[4.84282326,46.11097223],[4.84267498,46.1119177],[4.84264539,46.11219381],[4.84261439,46.11246633],[4.84249919,46.11351035],[4.84243508,46.11410858],[4.84235891,46.11538976],[4.84233981,46.11570803],[4.84231871,46.11681627],[4.84231801,46.11830069],[4.84231906,46.11960584],[4.84231994,46.12021112],[4.84232429,46.12292676],[4.84233036,46.12306897],[4.84235092,46.1264608],[4.84234164,46.12718784],[4.84234811,46.12896308],[4.84235194,46.13035105],[4.84235652,46.13191555],[4.84236965,46.13655231],[4.84237523,46.13845547],[4.84238068,46.1394669],[4.8423832,46.13992803],[4.84238429,46.14023066],[4.84238467,46.14039639],[4.84239235,46.14274808],[4.84239178,46.14276971],[4.84239118,46.14279043],[4.84239239,46.1443703],[4.84239402,46.14488189],[4.84242214,46.14768811],[4.84242599,46.14811139],[4.84243062,46.14851935],[4.84250967,46.14967731],[4.84254999,46.15026033],[4.84264107,46.15115868],[4.84274748,46.15205048],[4.84288005,46.15294906],[4.8429039,46.15308018],[4.84303096,46.15373746],[4.84304033,46.15378505],[4.84315021,46.15435523],[4.84317056,46.15445938],[4.84317553,46.15449173],[4.84318624,46.15454019],[4.8431992,46.15461745],[4.84330561,46.15516156],[4.84351303,46.15604992],[4.84374504,46.15693698],[4.84399115,46.15781931],[4.84406675,46.15806308],[4.84418183,46.15844042],[4.84419778,46.1584906],[4.84423407,46.15860621],[4.84425318,46.15867345],[4.84433103,46.15890728],[4.8445546,46.159581],[4.84487778,46.16048009],[4.84489918,46.16053829],[4.84491639,46.16058755],[4.8450164,46.16086335],[4.84593384,46.16339662],[4.84596392,46.1634817],[4.84598954,46.16354974],[4.84686724,46.16593953],[4.84709558,46.16656092],[4.8475253,46.1677339],[4.8476626,46.16811538],[4.84784816,46.1686591],[4.84830173,46.16988483],[4.84847996,46.17036472],[4.8488623,46.17139975],[4.84900213,46.17177848],[4.8496845,46.17371296],[4.85062088,46.17618013],[4.85067174,46.17634234],[4.85105675,46.17745388],[4.85185058,46.17961261],[4.85188342,46.17970215],[4.8524502,46.18124127],[4.85323571,46.18341905],[4.85374623,46.18486451],[4.85384527,46.18514752],[4.85386108,46.1851932],[4.85407436,46.1859013],[4.85411527,46.18599881],[4.85478926,46.18836485],[4.85502491,46.18927345],[4.85550618,46.19126972],[4.85557167,46.19155689],[4.85579266,46.19260624],[4.85604239,46.19392984],[4.85625517,46.19515767],[4.85637821,46.19607171],[4.85652163,46.19712773],[4.8565743,46.197534],[4.85665119,46.19827224],[4.8567043,46.19872985],[4.85677942,46.19949244],[4.85683682,46.20019137],[4.8568401,46.20024987],[4.85684462,46.20030654],[4.85692457,46.20163291],[4.8569627,46.20222227],[4.85705505,46.20506347],[4.85711356,46.206637],[4.85717741,46.20863648],[4.85721322,46.21015273],[4.85721523,46.21021214],[4.85723928,46.21118995],[4.85724331,46.21138534],[4.85724791,46.21175096],[4.85735722,46.21512962],[4.85750743,46.21994428],[4.85754132,46.22121196],[4.8575433,46.22127047],[4.85758273,46.2225867],[4.85759526,46.22299452],[4.85759622,46.22375022],[4.85758148,46.22461696],[4.85756658,46.2250964],[4.85754354,46.22548859],[4.85753298,46.22563648],[4.85744458,46.22674222],[4.85738604,46.22723588],[4.85727419,46.22803305],[4.85715246,46.22876823],[4.85703131,46.22940612],[4.85690779,46.2299738],[4.85679108,46.23047471],[4.85658272,46.23129687],[4.85642985,46.23184161],[4.85617478,46.23266453],[4.85596536,46.23326423],[4.85557206,46.23429838],[4.85530939,46.23493588],[4.85492385,46.23581677],[4.85473955,46.23620078],[4.85451401,46.23667014],[4.85396543,46.23772032],[4.85367058,46.23825205],[4.85334696,46.23881578],[4.85313627,46.2391876],[4.85296051,46.2394796],[4.85289284,46.23958969],[4.85268681,46.23994613],[4.85239711,46.24040031],[4.8518548,46.24117746],[4.85094955,46.24239376],[4.85032892,46.24315957],[4.84913252,46.24455983],[4.84876149,46.24495227],[4.84835173,46.24542821],[4.84806452,46.24572741]],[[4.87748449,45.8920417],[4.87777052,45.89085787],[4.87778771,45.8907567],[4.87814071,45.88934297],[4.87827418,45.88875527],[4.87842917,45.8881555],[4.87865862,45.88731849],[4.8788566,45.88661802],[4.87906516,45.88592548],[4.87924352,45.88533073],[4.87941398,45.88476943],[4.87957168,45.88424978],[4.87971071,45.88375026],[4.87986254,45.88320998],[4.87997373,45.8828019],[4.88003121,45.88267214],[4.88045508,45.88110859],[4.88066219,45.88037464],[4.88093548,45.87931262],[4.88107357,45.87882391],[4.88127541,45.87801168],[4.88136127,45.87773102],[4.88155611,45.87709185],[4.88190979,45.87577898],[4.88223526,45.87450891],[4.88240685,45.87390705],[4.88246113,45.87372149],[4.88262946,45.87306204],[4.88271693,45.8727156],[4.88272721,45.87271453]],[[4.87748449,45.8920417],[4.87785118,45.89106731],[4.87789934,45.89092869],[4.87791006,45.89086456],[4.87808227,45.89024018],[4.87830615,45.88950416],[4.87847519,45.88893838],[4.87865442,45.88840666],[4.87871204,45.88824267],[4.87880744,45.88797627],[4.87900802,45.88750364],[4.87920419,45.88701488],[4.87947831,45.88642934],[4.87970083,45.88599508],[4.87989854,45.88559006],[4.88013496,45.88510963],[4.88035876,45.88467535],[4.88058354,45.88419422],[4.88082246,45.88367412],[4.88102948,45.88316445],[4.88114767,45.88284812],[4.88118062,45.88271787],[4.88122623,45.88261803],[4.88132949,45.88235599],[4.88145795,45.88196293],[4.88158287,45.881542],[4.88167852,45.8811702],[4.88175336,45.88086901],[4.88182013,45.88059587],[4.88187527,45.88032202],[4.88194553,45.87992453],[4.88199808,45.87957506],[4.88200729,45.87950465],[4.88202907,45.87931153],[4.88204514,45.87917795],[4.88206898,45.87893165],[4.88210226,45.8785843],[4.88210204,45.87850234],[4.88212618,45.87830287],[4.88214062,45.87793243],[4.882165,45.87751317],[4.88219213,45.87702361],[4.88223536,45.87606089],[4.88227437,45.87561708],[4.88231961,45.87516685],[4.88238814,45.87460544],[4.88245219,45.87425308],[4.88247891,45.87409141],[4.88248348,45.87403638],[4.88250453,45.87393515],[4.88255962,45.87358474],[4.88265997,45.87312459],[4.88272721,45.87271453]],[[4.87713875,45.82104791],[4.87743307,45.82121686],[4.87768626,45.82135046],[4.87826305,45.82160479],[4.87879735,45.82182199],[4.87962817,45.82208289],[4.88010133,45.82224435],[4.8805285,45.82237956],[4.88069853,45.82245419],[4.88163547,45.82280428],[4.88241559,45.82312636],[4.88321429,45.82350216],[4.88395921,45.82388697],[4.88459407,45.82425559],[4.88517482,45.82458638],[4.88530307,45.82468242],[4.88616221,45.82527968],[4.88684964,45.82582846],[4.88746415,45.82635413],[4.88805844,45.82692879],[4.88866514,45.82760231],[4.88878738,45.82774799],[4.88903341,45.82804742],[4.88937694,45.82848485],[4.88993287,45.82933035],[4.89008506,45.82959803],[4.89017152,45.82975241],[4.89029403,45.83001879],[4.8903133,45.83005449],[4.89033532,45.83009556],[4.89044633,45.830327],[4.89066558,45.83078451],[4.89087487,45.83132686],[4.89112938,45.83217381],[4.891217,45.83254975],[4.89131278,45.83293817],[4.89138251,45.83339369],[4.89142847,45.83383248],[4.89147037,45.83415245],[4.89149182,45.83451509],[4.89148692,45.83512408],[4.89148295,45.83534663],[4.89147517,45.83553322],[4.89145757,45.83580914],[4.89143916,45.83606166],[4.89137676,45.83649687],[4.89132015,45.83676263],[4.89127342,45.83709129],[4.89107879,45.83784217],[4.89091857,45.8386195],[4.89068704,45.83953493],[4.8902941,45.84123132],[4.89025123,45.84140948],[4.89002761,45.84244368],[4.88984473,45.8432376],[4.8893164,45.84549831],[4.88916477,45.84618902],[4.88891235,45.84728675],[4.88869491,45.84831454],[4.88853757,45.84891436],[4.8884859,45.84917464],[4.8884123,45.84939656],[4.88839691,45.84947428],[4.8883814,45.8495484],[4.88820403,45.85039176],[4.88812112,45.85071832],[4.88792552,45.85159441],[4.88761233,45.85291384],[4.88744747,45.85367142],[4.88731758,45.85420774],[4.88718541,45.8547531],[4.88699445,45.8556147],[4.88688068,45.85605707],[4.88621046,45.85900109],[4.88608496,45.85951572],[4.88594735,45.86020438],[4.88588655,45.86046211],[4.88572802,45.86114212],[4.8857202,45.86117738],[4.88571109,45.86121266],[4.88570296,45.86123892],[4.88543536,45.86242427],[4.88538488,45.86264489],[4.88513329,45.86365793],[4.8848804,45.86467098],[4.8846275,45.86568404],[4.88440069,45.86655524],[4.88384931,45.8685695],[4.88372324,45.86903099],[4.88351324,45.86982895],[4.88330035,45.87058011],[4.88321562,45.87093102],[4.88315682,45.8711725],[4.88306064,45.87149026],[4.88277108,45.87256427],[4.88272721,45.87271453]]]},"geometry_name":"geometrie","properties":{"cleabs":"VOIEFERR0000000355415113","toponyme":"Ligne à Grande Vitesse Sud-Est","statut_du_toponyme":"Validé","date_creation":"2015-11-27T16:58:01.916Z","date_modification":"2026-06-09T18:05:11.310Z","date_d_apparition":null,"date_de_confirmation":"2019-09-25Z","sources":null,"identifiants_sources":null}}]}