{"type":"FeatureCollection","metadata":{"name":"Bâtiments réintégrés V2.0.1 (complément du référentiel bâti gelé V1.6.2)","version":"2.0.1","generatedBy":"scripts/build-missing-buildings.mjs","reference":{"file":"public/data/buildings.geojson","sha256":"809f3af371719e2d3adfaa6e55a9d56235e4618e28e8a36595c85d501a4f3095","count":2494,"inCommune":2265},"count":90,"inCommune":85,"total":2584,"totalInCommune":2350,"rule":"Réintégration seulement si la construction est nettement visible sur l’orthophoto 2025 ET si une géométrie publique existe (Parcellaire Express, OSM, retrait antérieur) ; pour une partie non couverte, la géométrie est la différence exacte entre l’empreinte publique et le référentiel (aucun tracé manuel).","sources":{"decisions":"data-sources/buildings-audit-v2.0.1/decisions.json","decisionsSha256":"b0f925fa1289e91654d888d56ea49a5d0174c7cf8f6898db31bbe72c4703633f","cadastre":"a0e8192b6485233b37c523d144180e9f8472419c7def35c099b3b127cf01a709","osm":"ddc94faec8033d224ba06ada9d0f5c0802af21327ca4a0a106414355477ea991","removed":"7548a68ce11a3ee36f8b3382d8a6ad8f86ecf7960a3e0f3b5938b64d017ccd32"}},"features":[{"type":"Feature","id":"cadastre:20394710~partie","geometry":{"type":"Polygon","coordinates":[[[3.77835965,48.5034713],[3.778323,48.5034759],[3.77830704,48.50342027],[3.77825176,48.50342618],[3.7782048,48.5034312],[3.77819972,48.50341333],[3.77833809,48.50339597],[3.77835965,48.5034713]]]},"properties":{"id":"cadastre:20394710~partie","source":"Parcellaire Express (PCI DGFiP, IGN)","provenance":"cadastre","inCommune":true,"areaM2":39.75,"parts":1,"holes":0,"rnb":null,"ign":null,"osm":null,"derived":{"wallHeight":null,"roofHeight":null,"floors":null,"roofMaterials":[],"roofMaterialCode":null,"wallMaterialCode":null,"usage":null,"nature":null,"lightConstruction":false,"heightAccuracy":null},"cadastre":{"type":"Bâtiment FI","codeInsee":"10220"},"validation":{"confidence":"B","status":"réintégré V2.0.1 : partie visible sur l’orthophoto 2025, absente du référentiel, géométrie issue de la source publique","evidence":["Parcellaire Express (PCI DGFiP, IGN) : cadastre:20394710 (Bâtiment FI) — partie non couverte par le référentiel V1.6.2 (39.7 m² sur 88.7 m²)","BD ORTHO IGN 20 cm (avril 2025) : partie basse du bâtiment scolaire (toiture grise)","BD TOPO : absent à cet endroit","RNB : aucun point dans l’empreinte"]},"audit":{"version":"2.0.1","status":"réintégré","mode":"partie non couverte","sourceId":"cadastre:20394710","components":[5],"removedIn":null}}},{"type":"Feature","id":"cadastre:20394724~partie","geometry":{"type":"Polygon","coordinates":[[[3.78336583,48.50186036],[3.78337025,48.50186034],[3.7833717,48.50189099],[3.78329944,48.50189255],[3.78329791,48.5018608],[3.78336583,48.50186036]]]},"properties":{"id":"cadastre:20394724~partie","source":"Parcellaire Express (PCI DGFiP, IGN)","provenance":"cadastre","inCommune":true,"areaM2":18.54,"parts":1,"holes":0,"rnb":null,"ign":null,"osm":null,"derived":{"wallHeight":null,"roofHeight":null,"floors":null,"roofMaterials":[],"roofMaterialCode":null,"wallMaterialCode":null,"usage":null,"nature":null,"lightConstruction":false,"heightAccuracy":null},"cadastre":{"type":"Bâtiment FI","codeInsee":"10220"},"validation":{"confidence":"B","status":"réintégré V2.0.1 : partie visible sur l’orthophoto 2025, absente du référentiel, géométrie issue de la source publique","evidence":["Parcellaire Express (PCI DGFiP, IGN) : cadastre:20394724 (Bâtiment FI) — partie non couverte par le référentiel V1.6.2 (18.5 m² sur 92.3 m²)","BD ORTHO IGN 20 cm (avril 2025) : annexe à toiture brune","BD TOPO : absent à cet endroit","RNB : aucun point dans l’empreinte"]},"audit":{"version":"2.0.1","status":"réintégré","mode":"partie non couverte","sourceId":"cadastre:20394724","components":[6],"removedIn":null}}},{"type":"Feature","id":"cadastre:20394824~partie","geometry":{"type":"Polygon","coordinates":[[[3.78512787,48.50087568],[3.78509131,48.50087911],[3.78507514,48.50080763],[3.78511273,48.50080408],[3.78512787,48.50087568]]]},"properties":{"id":"cadastre:20394824~partie","source":"Parcellaire Express (PCI DGFiP, IGN)","provenance":"cadastre","inCommune":true,"areaM2":22.23,"parts":1,"holes":0,"rnb":null,"ign":null,"osm":null,"derived":{"wallHeight":null,"roofHeight":null,"floors":null,"roofMaterials":[],"roofMaterialCode":null,"wallMaterialCode":null,"usage":null,"nature":null,"lightConstruction":false,"heightAccuracy":null},"cadastre":{"type":"Bâtiment FI","codeInsee":"10220"},"validation":{"confidence":"B","status":"réintégré V2.0.1 : partie visible sur l’orthophoto 2025, absente du référentiel, géométrie issue de la source publique","evidence":["Parcellaire Express (PCI DGFiP, IGN) : cadastre:20394824 (Bâtiment FI) — partie non couverte par le référentiel V1.6.2 (22.2 m² sur 118.8 m²)","BD ORTHO IGN 20 cm (avril 2025) : annexe à toiture grise accolée","BD TOPO : absent à cet endroit","RNB : aucun point dans l’empreinte"]},"audit":{"version":"2.0.1","status":"réintégré","mode":"partie non couverte","sourceId":"cadastre:20394824","components":[7],"removedIn":null}}},{"type":"Feature","id":"cadastre:20395005~partie","geometry":{"type":"Polygon","coordinates":[[[3.77646635,48.50119097],[3.7764257,48.501197],[3.7764257,48.50119701],[3.7764234,48.50119735],[3.77640684,48.50113825],[3.77644681,48.50113236],[3.77646635,48.50119097]]]},"properties":{"id":"cadastre:20395005~partie","source":"Parcellaire Express (PCI DGFiP, IGN)","provenance":"cadastre","inCommune":true,"areaM2":20.95,"parts":1,"holes":0,"rnb":null,"ign":null,"osm":null,"derived":{"wallHeight":null,"roofHeight":null,"floors":null,"roofMaterials":[],"roofMaterialCode":null,"wallMaterialCode":null,"usage":null,"nature":null,"lightConstruction":false,"heightAccuracy":null},"cadastre":{"type":"Bâtiment FI","codeInsee":"10220"},"validation":{"confidence":"B","status":"réintégré V2.0.1 : partie visible sur l’orthophoto 2025, absente du référentiel, géométrie issue de la source publique","evidence":["Parcellaire Express (PCI DGFiP, IGN) : cadastre:20395005 (Bâtiment FI) — partie non couverte par le référentiel V1.6.2 (20.9 m² sur 126.2 m²)","BD ORTHO IGN 20 cm (avril 2025) : annexe grise accolée","BD TOPO : absent à cet endroit","RNB : aucun point dans l’empreinte"]},"audit":{"version":"2.0.1","status":"réintégré","mode":"partie non couverte","sourceId":"cadastre:20395005","components":[12],"removedIn":null}}},{"type":"Feature","id":"cadastre:20628025~partie","geometry":{"type":"Polygon","coordinates":[[[3.81717552,48.5274968],[3.81719222,48.52751349],[3.81712191,48.52754415],[3.81709121,48.52755706],[3.81706659,48.52752913],[3.81709378,48.52751742],[3.81716506,48.52748635],[3.81717552,48.5274968]]]},"properties":{"id":"cadastre:20628025~partie","source":"Parcellaire Express (PCI DGFiP, IGN)","provenance":"cadastre","inCommune":false,"areaM2":31.81,"parts":1,"holes":0,"rnb":null,"ign":null,"osm":null,"derived":{"wallHeight":null,"roofHeight":null,"floors":null,"roofMaterials":[],"roofMaterialCode":null,"wallMaterialCode":null,"usage":null,"nature":null,"lightConstruction":false,"heightAccuracy":null},"cadastre":{"type":"Bâtiment en dur","codeInsee":"51155"},"validation":{"confidence":"B","status":"réintégré V2.0.1 : partie visible sur l’orthophoto 2025, absente du référentiel, géométrie issue de la source publique","evidence":["Parcellaire Express (PCI DGFiP, IGN) : cadastre:20628025 (Bâtiment en dur) — partie non couverte par le référentiel V1.6.2 (31.8 m² sur 256.2 m²)","BD ORTHO IGN 20 cm (avril 2025) : annexe basse au bout du bâtiment","BD TOPO : absent à cet endroit","RNB : aucun point dans l’empreinte"]},"audit":{"version":"2.0.1","status":"réintégré","mode":"partie non couverte","sourceId":"cadastre:20628025","components":[13],"removedIn":null}}},{"type":"Feature","id":"cadastre:23568694~partie","geometry":{"type":"Polygon","coordinates":[[[3.77909424,48.50111187],[3.77901374,48.50111865],[3.77900898,48.50109468],[3.7790066,48.5010845],[3.77902063,48.50108329],[3.7790875,48.50107756],[3.77909424,48.50111187]]]},"properties":{"id":"cadastre:23568694~partie","source":"Parcellaire Express (PCI DGFiP, IGN)","provenance":"cadastre","inCommune":true,"areaM2":23.04,"parts":1,"holes":0,"rnb":null,"ign":null,"osm":null,"derived":{"wallHeight":null,"roofHeight":null,"floors":null,"roofMaterials":[],"roofMaterialCode":null,"wallMaterialCode":null,"usage":null,"nature":null,"lightConstruction":false,"heightAccuracy":null},"cadastre":{"type":"Bâtiment en dur","codeInsee":"10220"},"validation":{"confidence":"B","status":"réintégré V2.0.1 : partie visible sur l’orthophoto 2025, absente du référentiel, géométrie issue de la source publique","evidence":["Parcellaire Express (PCI DGFiP, IGN) : cadastre:23568694 (Bâtiment en dur) — partie non couverte par le référentiel V1.6.2 (23 m² sur 343 m²)","BD ORTHO IGN 20 cm (avril 2025) : annexe accolée","BD TOPO : absent à cet endroit","RNB : aucun point dans l’empreinte"]},"audit":{"version":"2.0.1","status":"réintégré","mode":"partie non couverte","sourceId":"cadastre:23568694","components":[33],"removedIn":null}}},{"type":"Feature","id":"cadastre:23570313~partie","geometry":{"type":"MultiPolygon","coordinates":[[[[3.78402805,48.50178754],[3.78402537,48.50178763],[3.78402714,48.50181551],[3.78413134,48.50181302],[3.78413134,48.50181301],[3.78413865,48.50181284],[3.78413892,48.50181735],[3.78413899,48.50182188],[3.78399534,48.50182571],[3.78386043,48.50182938],[3.78385593,48.50175483],[3.784026,48.50174858],[3.78402805,48.50178754]]],[[[3.7841369,48.50178397],[3.78405039,48.5017868],[3.78404911,48.50176382],[3.78413558,48.50176163],[3.7841369,48.50178397]]]]},"properties":{"id":"cadastre:23570313~partie","source":"Parcellaire Express (PCI DGFiP, IGN)","provenance":"cadastre","inCommune":true,"areaM2":129.08,"parts":2,"holes":0,"rnb":null,"ign":null,"osm":null,"derived":{"wallHeight":null,"roofHeight":null,"floors":null,"roofMaterials":[],"roofMaterialCode":null,"wallMaterialCode":null,"usage":null,"nature":null,"lightConstruction":false,"heightAccuracy":null},"cadastre":{"type":"Bâtiment en dur","codeInsee":"10220"},"validation":{"confidence":"B","status":"réintégré V2.0.1 : partie visible sur l’orthophoto 2025, absente du référentiel, géométrie issue de la source publique","evidence":["Parcellaire Express (PCI DGFiP, IGN) : cadastre:23570313 (Bâtiment en dur) — partie non couverte par le référentiel V1.6.2 (129.1 m² sur 155 m²)","BD ORTHO IGN 20 cm (avril 2025) : annexe grise accolée","BD TOPO : absent à cet endroit","RNB : aucun point dans l’empreinte"]},"audit":{"version":"2.0.1","status":"réintégré","mode":"partie non couverte","sourceId":"cadastre:23570313","components":[35,36],"removedIn":null}}},{"type":"Feature","id":"cadastre:23574475~partie","geometry":{"type":"Polygon","coordinates":[[[3.78994697,48.50595222],[3.7899405,48.50596774],[3.78996046,48.50597634],[3.78994459,48.50599659],[3.78986484,48.50596887],[3.78987751,48.50595268],[3.7898926,48.50593342],[3.78994697,48.50595222]]]},"properties":{"id":"cadastre:23574475~partie","source":"Parcellaire Express (PCI DGFiP, IGN)","provenance":"cadastre","inCommune":true,"areaM2":26.05,"parts":1,"holes":0,"rnb":null,"ign":null,"osm":null,"derived":{"wallHeight":null,"roofHeight":null,"floors":null,"roofMaterials":[],"roofMaterialCode":null,"wallMaterialCode":null,"usage":null,"nature":null,"lightConstruction":false,"heightAccuracy":null},"cadastre":{"type":"Bâtiment en dur","codeInsee":"10220"},"validation":{"confidence":"B","status":"réintégré V2.0.1 : partie visible sur l’orthophoto 2025, absente du référentiel, géométrie issue de la source publique","evidence":["Parcellaire Express (PCI DGFiP, IGN) : cadastre:23574475 (Bâtiment en dur) — partie non couverte par le référentiel V1.6.2 (26 m² sur 29.6 m²)","BD ORTHO IGN 20 cm (avril 2025) : annexe à toiture grise","BD TOPO : absent à cet endroit","RNB : aucun point dans l’empreinte"]},"audit":{"version":"2.0.1","status":"réintégré","mode":"partie non couverte","sourceId":"cadastre:23574475","components":[38],"removedIn":null}}},{"type":"Feature","id":"cadastre:23575137~partie","geometry":{"type":"Polygon","coordinates":[[[3.779987,48.50251498],[3.78004901,48.50248655],[3.78013461,48.50257154],[3.78007894,48.50259638],[3.78004763,48.50256699],[3.78004605,48.50256773],[3.779987,48.50251498]]]},"properties":{"id":"cadastre:23575137~partie","source":"Parcellaire Express (PCI DGFiP, IGN)","provenance":"cadastre","inCommune":true,"areaM2":59.51,"parts":1,"holes":0,"rnb":null,"ign":null,"osm":null,"derived":{"wallHeight":null,"roofHeight":null,"floors":null,"roofMaterials":[],"roofMaterialCode":null,"wallMaterialCode":null,"usage":null,"nature":null,"lightConstruction":false,"heightAccuracy":null},"cadastre":{"type":"Bâtiment en dur","codeInsee":"10220"},"validation":{"confidence":"B","status":"réintégré V2.0.1 : partie visible sur l’orthophoto 2025, absente du référentiel, géométrie issue de la source publique","evidence":["Parcellaire Express (PCI DGFiP, IGN) : cadastre:23575137 (Bâtiment en dur) — partie non couverte par le référentiel V1.6.2 (59.5 m² sur 154.8 m²)","BD ORTHO IGN 20 cm (avril 2025) : garage accolé à toiture grise","BD TOPO : absent à cet endroit","RNB : aucun point dans l’empreinte"]},"audit":{"version":"2.0.1","status":"réintégré","mode":"partie non couverte","sourceId":"cadastre:23575137","components":[39],"removedIn":null}}},{"type":"Feature","id":"cadastre:23575737~partie","geometry":{"type":"Polygon","coordinates":[[[3.7923806,48.50829377],[3.79238134,48.50834325],[3.79233102,48.50834358],[3.79233144,48.5082941],[3.7923806,48.50829377]]]},"properties":{"id":"cadastre:23575737~partie","source":"Parcellaire Express (PCI DGFiP, IGN)","provenance":"cadastre","inCommune":true,"areaM2":20.21,"parts":1,"holes":0,"rnb":null,"ign":null,"osm":null,"derived":{"wallHeight":null,"roofHeight":null,"floors":null,"roofMaterials":[],"roofMaterialCode":null,"wallMaterialCode":null,"usage":null,"nature":null,"lightConstruction":false,"heightAccuracy":null},"cadastre":{"type":"Bâtiment en dur","codeInsee":"10220"},"validation":{"confidence":"B","status":"réintégré V2.0.1 : partie visible sur l’orthophoto 2025, absente du référentiel, géométrie issue de la source publique","evidence":["Parcellaire Express (PCI DGFiP, IGN) : cadastre:23575737 (Bâtiment en dur) — partie non couverte par le référentiel V1.6.2 (20.2 m² sur 135.6 m²)","BD ORTHO IGN 20 cm (avril 2025) : annexe grise","BD TOPO : absent à cet endroit","RNB : aucun point dans l’empreinte"]},"audit":{"version":"2.0.1","status":"réintégré","mode":"partie non couverte","sourceId":"cadastre:23575737","components":[40],"removedIn":null}}},{"type":"Feature","id":"cadastre:23575922~partie","geometry":{"type":"Polygon","coordinates":[[[3.79315588,48.50804087],[3.79314835,48.50806716],[3.79304865,48.5080546],[3.79305568,48.50802979],[3.79315588,48.50804087]]]},"properties":{"id":"cadastre:23575922~partie","source":"Parcellaire Express (PCI DGFiP, IGN)","provenance":"cadastre","inCommune":true,"areaM2":21.68,"parts":1,"holes":0,"rnb":null,"ign":null,"osm":null,"derived":{"wallHeight":null,"roofHeight":null,"floors":null,"roofMaterials":[],"roofMaterialCode":null,"wallMaterialCode":null,"usage":null,"nature":null,"lightConstruction":true,"heightAccuracy":null},"cadastre":{"type":"Construction légère","codeInsee":"10220"},"validation":{"confidence":"B","status":"réintégré V2.0.1 : partie visible sur l’orthophoto 2025, absente du référentiel, géométrie issue de la source publique","evidence":["Parcellaire Express (PCI DGFiP, IGN) : cadastre:23575922 (Construction légère) — partie non couverte par le référentiel V1.6.2 (21.7 m² sur 26.2 m²)","BD ORTHO IGN 20 cm (avril 2025) : annexe à toiture grise","BD TOPO : absent à cet endroit","RNB : aucun point dans l’empreinte"]},"audit":{"version":"2.0.1","status":"réintégré","mode":"partie non couverte","sourceId":"cadastre:23575922","components":[41],"removedIn":null}}},{"type":"Feature","id":"cadastre:23576464~partie","geometry":{"type":"Polygon","coordinates":[[[3.79148889,48.5084002],[3.79147509,48.50839139],[3.79147419,48.5083412],[3.79147867,48.50833817],[3.79148761,48.50833212],[3.79151819,48.50833186],[3.79151921,48.50839971],[3.79148889,48.5084002]]]},"properties":{"id":"cadastre:23576464~partie","source":"Parcellaire Express (PCI DGFiP, IGN)","provenance":"cadastre","inCommune":true,"areaM2":23.61,"parts":1,"holes":0,"rnb":null,"ign":null,"osm":null,"derived":{"wallHeight":null,"roofHeight":null,"floors":null,"roofMaterials":[],"roofMaterialCode":null,"wallMaterialCode":null,"usage":null,"nature":null,"lightConstruction":false,"heightAccuracy":null},"cadastre":{"type":"Bâtiment en dur","codeInsee":"10220"},"validation":{"confidence":"B","status":"réintégré V2.0.1 : partie visible sur l’orthophoto 2025, absente du référentiel, géométrie issue de la source publique","evidence":["Parcellaire Express (PCI DGFiP, IGN) : cadastre:23576464 (Bâtiment en dur) — partie non couverte par le référentiel V1.6.2 (23.6 m² sur 176.4 m²)","BD ORTHO IGN 20 cm (avril 2025) : annexe accolée","BD TOPO : absent à cet endroit","RNB : aucun point dans l’empreinte"]},"audit":{"version":"2.0.1","status":"réintégré","mode":"partie non couverte","sourceId":"cadastre:23576464","components":[42],"removedIn":null}}},{"type":"Feature","id":"cadastre:23577103~partie","geometry":{"type":"Polygon","coordinates":[[[3.79231827,48.50682914],[3.7921993,48.50683164],[3.7921965,48.50677338],[3.79231525,48.50676534],[3.79231827,48.50682914]]]},"properties":{"id":"cadastre:23577103~partie","source":"Parcellaire Express (PCI DGFiP, IGN)","provenance":"cadastre","inCommune":true,"areaM2":59.69,"parts":1,"holes":0,"rnb":null,"ign":null,"osm":null,"derived":{"wallHeight":null,"roofHeight":null,"floors":null,"roofMaterials":[],"roofMaterialCode":null,"wallMaterialCode":null,"usage":null,"nature":null,"lightConstruction":false,"heightAccuracy":null},"cadastre":{"type":"Bâtiment en dur","codeInsee":"10220"},"validation":{"confidence":"B","status":"réintégré V2.0.1 : partie visible sur l’orthophoto 2025, absente du référentiel, géométrie issue de la source publique","evidence":["Parcellaire Express (PCI DGFiP, IGN) : cadastre:23577103 (Bâtiment en dur) — partie non couverte par le référentiel V1.6.2 (59.7 m² sur 148.8 m²)","BD ORTHO IGN 20 cm (avril 2025) : garage à toiture grise","BD TOPO : absent à cet endroit","RNB : aucun point dans l’empreinte"]},"audit":{"version":"2.0.1","status":"réintégré","mode":"partie non couverte","sourceId":"cadastre:23577103","components":[43],"removedIn":null}}},{"type":"Feature","id":"cadastre:23577378~partie","geometry":{"type":"Polygon","coordinates":[[[3.79302315,48.50797048],[3.79301624,48.50803332],[3.79293286,48.50802922],[3.79293957,48.50796758],[3.79302315,48.50797048]]]},"properties":{"id":"cadastre:23577378~partie","source":"Parcellaire Express (PCI DGFiP, IGN)","provenance":"cadastre","inCommune":true,"areaM2":42.86,"parts":1,"holes":0,"rnb":null,"ign":null,"osm":null,"derived":{"wallHeight":null,"roofHeight":null,"floors":null,"roofMaterials":[],"roofMaterialCode":null,"wallMaterialCode":null,"usage":null,"nature":null,"lightConstruction":false,"heightAccuracy":null},"cadastre":{"type":"Bâtiment en dur","codeInsee":"10220"},"validation":{"confidence":"B","status":"réintégré V2.0.1 : partie visible sur l’orthophoto 2025, absente du référentiel, géométrie issue de la source publique","evidence":["Parcellaire Express (PCI DGFiP, IGN) : cadastre:23577378 (Bâtiment en dur) — partie non couverte par le référentiel V1.6.2 (42.9 m² sur 128.9 m²)","BD ORTHO IGN 20 cm (avril 2025) : garage à toiture claire","BD TOPO : absent à cet endroit","RNB : aucun point dans l’empreinte"]},"audit":{"version":"2.0.1","status":"réintégré","mode":"partie non couverte","sourceId":"cadastre:23577378","components":[44],"removedIn":null}}},{"type":"Feature","id":"cadastre:23580041~partie","geometry":{"type":"Polygon","coordinates":[[[3.79137543,48.50879834],[3.79133624,48.50879957],[3.79129154,48.50880094],[3.79128944,48.50876652],[3.79137084,48.50876431],[3.79137333,48.50876424],[3.79137543,48.50879834]]]},"properties":{"id":"cadastre:23580041~partie","source":"Parcellaire Express (PCI DGFiP, IGN)","provenance":"cadastre","inCommune":true,"areaM2":23.64,"parts":1,"holes":0,"rnb":null,"ign":null,"osm":null,"derived":{"wallHeight":null,"roofHeight":null,"floors":null,"roofMaterials":[],"roofMaterialCode":null,"wallMaterialCode":null,"usage":null,"nature":null,"lightConstruction":false,"heightAccuracy":null},"cadastre":{"type":"Bâtiment en dur","codeInsee":"10220"},"validation":{"confidence":"B","status":"réintégré V2.0.1 : partie visible sur l’orthophoto 2025, absente du référentiel, géométrie issue de la source publique","evidence":["Parcellaire Express (PCI DGFiP, IGN) : cadastre:23580041 (Bâtiment en dur) — partie non couverte par le référentiel V1.6.2 (23.6 m² sur 117.6 m²)","BD ORTHO IGN 20 cm (avril 2025) : annexe grise accolée","BD TOPO : absent à cet endroit","RNB : aucun point dans l’empreinte"]},"audit":{"version":"2.0.1","status":"réintégré","mode":"partie non couverte","sourceId":"cadastre:23580041","components":[47],"removedIn":null}}},{"type":"Feature","id":"cadastre:25761036~partie","geometry":{"type":"Polygon","coordinates":[[[3.79913757,48.5148704],[3.79914404,48.51487758],[3.79907293,48.51490658],[3.7991501,48.51499078],[3.79912691,48.51499986],[3.79903226,48.51489452],[3.79912649,48.51485809],[3.79913757,48.5148704]]]},"properties":{"id":"cadastre:25761036~partie","source":"Parcellaire Express (PCI DGFiP, IGN)","provenance":"cadastre","inCommune":true,"areaM2":42.32,"parts":1,"holes":0,"rnb":null,"ign":null,"osm":null,"derived":{"wallHeight":null,"roofHeight":null,"floors":null,"roofMaterials":[],"roofMaterialCode":null,"wallMaterialCode":null,"usage":null,"nature":null,"lightConstruction":true,"heightAccuracy":null},"cadastre":{"type":"Construction légère","codeInsee":"10220"},"validation":{"confidence":"B","status":"réintégré V2.0.1 : partie visible sur l’orthophoto 2025, absente du référentiel, géométrie issue de la source publique","evidence":["Parcellaire Express (PCI DGFiP, IGN) : cadastre:25761036 (Construction légère) — partie non couverte par le référentiel V1.6.2 (42.3 m² sur 109.7 m²)","BD ORTHO IGN 20 cm (avril 2025) : annexe accolée","BD TOPO : absent à cet endroit","RNB : aucun point dans l’empreinte"]},"audit":{"version":"2.0.1","status":"réintégré","mode":"partie non couverte","sourceId":"cadastre:25761036","components":[51],"removedIn":null}}},{"type":"Feature","id":"cadastre:30275451~partie","geometry":{"type":"Polygon","coordinates":[[[3.78212855,48.50218032],[3.78217473,48.50218155],[3.78217307,48.50221007],[3.78210586,48.50220855],[3.7820809,48.50220798],[3.78208056,48.50220798],[3.78208237,48.50217909],[3.78212855,48.50218032]]]},"properties":{"id":"cadastre:30275451~partie","source":"Parcellaire Express (PCI DGFiP, IGN)","provenance":"cadastre","inCommune":true,"areaM2":21.82,"parts":1,"holes":0,"rnb":null,"ign":null,"osm":null,"derived":{"wallHeight":null,"roofHeight":null,"floors":null,"roofMaterials":[],"roofMaterialCode":null,"wallMaterialCode":null,"usage":null,"nature":null,"lightConstruction":true,"heightAccuracy":null},"cadastre":{"type":"Construction légère","codeInsee":"10220"},"validation":{"confidence":"B","status":"réintégré V2.0.1 : partie visible sur l’orthophoto 2025, absente du référentiel, géométrie issue de la source publique","evidence":["Parcellaire Express (PCI DGFiP, IGN) : cadastre:30275451 (Construction légère) — partie non couverte par le référentiel V1.6.2 (21.8 m² sur 26.7 m²)","BD ORTHO IGN 20 cm (avril 2025) : annexe sombre accolée (pool house)","BD TOPO : absent à cet endroit","RNB : aucun point dans l’empreinte"]},"audit":{"version":"2.0.1","status":"réintégré","mode":"partie non couverte","sourceId":"cadastre:30275451","components":[54],"removedIn":null}}},{"type":"Feature","id":"cadastre:34580699~partie","geometry":{"type":"Polygon","coordinates":[[[3.79086162,48.51088763],[3.79079453,48.51089215],[3.79079452,48.51089203],[3.79079453,48.51089203],[3.79079135,48.51086057],[3.79077351,48.51086139],[3.79077237,48.51085257],[3.79085532,48.51084692],[3.79086162,48.51088763]]]},"properties":{"id":"cadastre:34580699~partie","source":"Parcellaire Express (PCI DGFiP, IGN)","provenance":"cadastre","inCommune":true,"areaM2":23.61,"parts":1,"holes":0,"rnb":null,"ign":null,"osm":null,"derived":{"wallHeight":null,"roofHeight":null,"floors":null,"roofMaterials":[],"roofMaterialCode":null,"wallMaterialCode":null,"usage":null,"nature":null,"lightConstruction":false,"heightAccuracy":null},"cadastre":{"type":"Bâtiment en dur","codeInsee":"10220"},"validation":{"confidence":"B","status":"réintégré V2.0.1 : partie visible sur l’orthophoto 2025, absente du référentiel, géométrie issue de la source publique","evidence":["Parcellaire Express (PCI DGFiP, IGN) : cadastre:34580699 (Bâtiment en dur) — partie non couverte par le référentiel V1.6.2 (23.6 m² sur 346.5 m²)","BD ORTHO IGN 20 cm (avril 2025) : annexe accolée","BD TOPO : absent à cet endroit","RNB : aucun point dans l’empreinte"]},"audit":{"version":"2.0.1","status":"réintégré","mode":"partie non couverte","sourceId":"cadastre:34580699","components":[57],"removedIn":null}}},{"type":"Feature","id":"cadastre:34631971~partie","geometry":{"type":"Polygon","coordinates":[[[3.78911372,48.50494351],[3.78906926,48.50494686],[3.78906052,48.50490222],[3.78910533,48.50489885],[3.78911372,48.50494351]]]},"properties":{"id":"cadastre:34631971~partie","source":"Parcellaire Express (PCI DGFiP, IGN)","provenance":"cadastre","inCommune":true,"areaM2":16.6,"parts":1,"holes":0,"rnb":null,"ign":null,"osm":null,"derived":{"wallHeight":null,"roofHeight":null,"floors":null,"roofMaterials":[],"roofMaterialCode":null,"wallMaterialCode":null,"usage":null,"nature":null,"lightConstruction":false,"heightAccuracy":null},"cadastre":{"type":"Bâtiment en dur","codeInsee":"10220"},"validation":{"confidence":"B","status":"réintégré V2.0.1 : partie visible sur l’orthophoto 2025, absente du référentiel, géométrie issue de la source publique","evidence":["Parcellaire Express (PCI DGFiP, IGN) : cadastre:34631971 (Bâtiment en dur) — partie non couverte par le référentiel V1.6.2 (16.6 m² sur 20 m²)","BD ORTHO IGN 20 cm (avril 2025) : annexe accolée","BD TOPO : absent à cet endroit","RNB : aucun point dans l’empreinte"]},"audit":{"version":"2.0.1","status":"réintégré","mode":"partie non couverte","sourceId":"cadastre:34631971","components":[58],"removedIn":null}}},{"type":"Feature","id":"cadastre:37265803~partie","geometry":{"type":"Polygon","coordinates":[[[3.79702677,48.51530626],[3.79707388,48.51528867],[3.79710697,48.51532794],[3.79708623,48.51533566],[3.79705973,48.51534553],[3.79705973,48.51534554],[3.79704799,48.51534991],[3.79700031,48.51529384],[3.79692477,48.51532157],[3.79691181,48.51530667],[3.79699906,48.51527326],[3.79702677,48.51530626]]]},"properties":{"id":"cadastre:37265803~partie","source":"Parcellaire Express (PCI DGFiP, IGN)","provenance":"cadastre","inCommune":true,"areaM2":41.93,"parts":1,"holes":0,"rnb":null,"ign":null,"osm":null,"derived":{"wallHeight":null,"roofHeight":null,"floors":null,"roofMaterials":[],"roofMaterialCode":null,"wallMaterialCode":null,"usage":null,"nature":null,"lightConstruction":false,"heightAccuracy":null},"cadastre":{"type":"Bâtiment en dur","codeInsee":"10220"},"validation":{"confidence":"B","status":"réintégré V2.0.1 : partie visible sur l’orthophoto 2025, absente du référentiel, géométrie issue de la source publique","evidence":["Parcellaire Express (PCI DGFiP, IGN) : cadastre:37265803 (Bâtiment en dur) — partie non couverte par le référentiel V1.6.2 (41.9 m² sur 124 m²)","BD ORTHO IGN 20 cm (avril 2025) : annexe grise","BD TOPO : absent à cet endroit","RNB : aucun point dans l’empreinte"]},"audit":{"version":"2.0.1","status":"réintégré","mode":"partie non couverte","sourceId":"cadastre:37265803","components":[63],"removedIn":null}}},{"type":"Feature","id":"cadastre:39362353~partie","geometry":{"type":"Polygon","coordinates":[[[3.81940584,48.50022517],[3.81941713,48.50022896],[3.81942059,48.50023118],[3.81941634,48.50023895],[3.81941654,48.50025155],[3.81942071,48.50025871],[3.81942868,48.50026391],[3.81942679,48.5002665],[3.81941781,48.5002725],[3.81940664,48.50027635],[3.81939422,48.50027779],[3.81938158,48.50027652],[3.81937033,48.50027284],[3.81936126,48.50026693],[3.81935534,48.50025944],[3.81935318,48.50025117],[3.81935508,48.50024279],[3.81936077,48.50023531],[3.81936965,48.50022928],[3.8193808,48.50022534],[3.81939337,48.500224],[3.81940584,48.50022517]]]},"properties":{"id":"cadastre:39362353~partie","source":"Parcellaire Express (PCI DGFiP, IGN)","provenance":"cadastre","inCommune":false,"areaM2":24.4,"parts":1,"holes":0,"rnb":null,"ign":null,"osm":null,"derived":{"wallHeight":null,"roofHeight":null,"floors":null,"roofMaterials":[],"roofMaterialCode":null,"wallMaterialCode":null,"usage":null,"nature":null,"lightConstruction":false,"heightAccuracy":null},"cadastre":{"type":"Bâtiment en dur","codeInsee":"10089"},"validation":{"confidence":"B","status":"réintégré V2.0.1 : partie visible sur l’orthophoto 2025, absente du référentiel, géométrie issue de la source publique","evidence":["Parcellaire Express (PCI DGFiP, IGN) : cadastre:39362353 (Bâtiment en dur) — partie non couverte par le référentiel V1.6.2 (24.4 m² sur 27.7 m²)","BD ORTHO IGN 20 cm (avril 2025) : silo circulaire visible","BD TOPO : absent à cet endroit","RNB : aucun point dans l’empreinte"]},"audit":{"version":"2.0.1","status":"réintégré","mode":"partie non couverte","sourceId":"cadastre:39362353","components":[67],"removedIn":null}}},{"type":"Feature","id":"cadastre:39362354~partie","geometry":{"type":"Polygon","coordinates":[[[3.81940321,48.50022275],[3.81939098,48.50021862],[3.81938128,48.50021221],[3.81937505,48.50020406],[3.81937288,48.50019546],[3.81937492,48.50018651],[3.81937793,48.50018244],[3.81938101,48.50017829],[3.81939066,48.50017184],[3.81940277,48.50016771],[3.81940604,48.50016734],[3.81941629,48.50016618],[3.81942986,48.50016753],[3.81944208,48.50017157],[3.81944446,48.50017316],[3.81944791,48.50017545],[3.81944653,48.50017756],[3.81944652,48.50017757],[3.81944123,48.5001857],[3.81944141,48.5001974],[3.81944695,48.50020546],[3.81945368,48.50020983],[3.81945206,48.50021199],[3.81944242,48.50021844],[3.81943939,48.5002195],[3.81943635,48.50021992],[3.81943473,48.50022112],[3.81943029,48.50022266],[3.81941666,48.50022411],[3.81940321,48.50022275]]]},"properties":{"id":"cadastre:39362354~partie","source":"Parcellaire Express (PCI DGFiP, IGN)","provenance":"cadastre","inCommune":false,"areaM2":28.47,"parts":1,"holes":0,"rnb":null,"ign":null,"osm":null,"derived":{"wallHeight":null,"roofHeight":null,"floors":null,"roofMaterials":[],"roofMaterialCode":null,"wallMaterialCode":null,"usage":null,"nature":null,"lightConstruction":false,"heightAccuracy":null},"cadastre":{"type":"Bâtiment en dur","codeInsee":"10089"},"validation":{"confidence":"B","status":"réintégré V2.0.1 : partie visible sur l’orthophoto 2025, absente du référentiel, géométrie issue de la source publique","evidence":["Parcellaire Express (PCI DGFiP, IGN) : cadastre:39362354 (Bâtiment en dur) — partie non couverte par le référentiel V1.6.2 (28.5 m² sur 32.1 m²)","BD ORTHO IGN 20 cm (avril 2025) : silo circulaire visible","BD TOPO : absent à cet endroit","RNB : aucun point dans l’empreinte"]},"audit":{"version":"2.0.1","status":"réintégré","mode":"partie non couverte","sourceId":"cadastre:39362354","components":[68],"removedIn":null}}},{"type":"Feature","id":"cadastre:39362494~partie","geometry":{"type":"Polygon","coordinates":[[[3.81946446,48.50011294],[3.81947657,48.50011718],[3.81947843,48.5001184],[3.81947146,48.50012792],[3.8194729,48.50013967],[3.81947301,48.50014051],[3.81948268,48.50015303],[3.81948746,48.50015544],[3.81948613,48.50015723],[3.81947757,48.50016296],[3.81947336,48.50016299],[3.81946122,48.50016667],[3.81945891,48.50016839],[3.81945619,48.50016868],[3.81945073,48.50016926],[3.81943713,48.50016782],[3.81942506,48.50016368],[3.81941547,48.50015718],[3.81940925,48.50014903],[3.81940736,48.5001407],[3.8194094,48.50013166],[3.81941547,48.50012354],[3.81941562,48.50012344],[3.81942513,48.50011708],[3.81943685,48.50011313],[3.81943737,48.50011296],[3.81945091,48.50011151],[3.81946446,48.50011294]]]},"properties":{"id":"cadastre:39362494~partie","source":"Parcellaire Express (PCI DGFiP, IGN)","provenance":"cadastre","inCommune":false,"areaM2":27.18,"parts":1,"holes":0,"rnb":null,"ign":null,"osm":null,"derived":{"wallHeight":null,"roofHeight":null,"floors":null,"roofMaterials":[],"roofMaterialCode":null,"wallMaterialCode":null,"usage":null,"nature":null,"lightConstruction":false,"heightAccuracy":null},"cadastre":{"type":"Bâtiment en dur","codeInsee":"10089"},"validation":{"confidence":"B","status":"réintégré V2.0.1 : partie visible sur l’orthophoto 2025, absente du référentiel, géométrie issue de la source publique","evidence":["Parcellaire Express (PCI DGFiP, IGN) : cadastre:39362494 (Bâtiment en dur) — partie non couverte par le référentiel V1.6.2 (27.2 m² sur 31.9 m²)","BD ORTHO IGN 20 cm (avril 2025) : silo circulaire visible","BD TOPO : absent à cet endroit","RNB : aucun point dans l’empreinte"]},"audit":{"version":"2.0.1","status":"réintégré","mode":"partie non couverte","sourceId":"cadastre:39362494","components":[69],"removedIn":null}}},{"type":"Feature","id":"cadastre:39362887~partie","geometry":{"type":"Polygon","coordinates":[[[3.81990039,48.50020323],[3.81988827,48.50020601],[3.81987716,48.50021353],[3.81986532,48.50021037],[3.81986526,48.50020617],[3.81986186,48.50020176],[3.81997041,48.50002228],[3.82002378,48.50003557],[3.81992319,48.50020306],[3.819918,48.5002031],[3.81990045,48.50020323],[3.81990039,48.50020323]]]},"properties":{"id":"cadastre:39362887~partie","source":"Parcellaire Express (PCI DGFiP, IGN)","provenance":"cadastre","inCommune":false,"areaM2":89.97,"parts":1,"holes":0,"rnb":null,"ign":null,"osm":null,"derived":{"wallHeight":null,"roofHeight":null,"floors":null,"roofMaterials":[],"roofMaterialCode":null,"wallMaterialCode":null,"usage":null,"nature":null,"lightConstruction":true,"heightAccuracy":null},"cadastre":{"type":"Construction légère","codeInsee":"10089"},"validation":{"confidence":"B","status":"réintégré V2.0.1 : partie visible sur l’orthophoto 2025, absente du référentiel, géométrie issue de la source publique","evidence":["Parcellaire Express (PCI DGFiP, IGN) : cadastre:39362887 (Construction légère) — partie non couverte par le référentiel V1.6.2 (90 m² sur 346.6 m²)","BD ORTHO IGN 20 cm (avril 2025) : extension à toiture claire accolée au hall","BD TOPO : absent à cet endroit","RNB : aucun point dans l’empreinte"]},"audit":{"version":"2.0.1","status":"réintégré","mode":"partie non couverte","sourceId":"cadastre:39362887","components":[89],"removedIn":null}}},{"type":"Feature","id":"cadastre:39696777~partie","geometry":{"type":"Polygon","coordinates":[[[3.79231335,48.50036557],[3.79231449,48.50037658],[3.79228895,48.50037796],[3.79229708,48.50050188],[3.79226878,48.50050324],[3.79225439,48.50036596],[3.79231309,48.50036323],[3.79231335,48.50036557]]]},"properties":{"id":"cadastre:39696777~partie","source":"Parcellaire Express (PCI DGFiP, IGN)","provenance":"cadastre","inCommune":true,"areaM2":37.91,"parts":1,"holes":0,"rnb":null,"ign":null,"osm":null,"derived":{"wallHeight":null,"roofHeight":null,"floors":null,"roofMaterials":[],"roofMaterialCode":null,"wallMaterialCode":null,"usage":null,"nature":null,"lightConstruction":false,"heightAccuracy":null},"cadastre":{"type":"Bâtiment en dur","codeInsee":"10220"},"validation":{"confidence":"B","status":"réintégré V2.0.1 : partie visible sur l’orthophoto 2025, absente du référentiel, géométrie issue de la source publique","evidence":["Parcellaire Express (PCI DGFiP, IGN) : cadastre:39696777 (Bâtiment en dur) — partie non couverte par le référentiel V1.6.2 (37.9 m² sur 66.5 m²)","BD ORTHO IGN 20 cm (avril 2025) : appentis accolé","BD TOPO : absent à cet endroit","RNB : aucun point dans l’empreinte"]},"audit":{"version":"2.0.1","status":"réintégré","mode":"partie non couverte","sourceId":"cadastre:39696777","components":[91],"removedIn":null}}},{"type":"Feature","id":"cadastre:39696820~partie","geometry":{"type":"Polygon","coordinates":[[[3.77699301,48.50068329],[3.77690872,48.50069675],[3.77685156,48.50053728],[3.77690561,48.50052872],[3.77691476,48.50054516],[3.77691477,48.50054516],[3.77692115,48.5005436],[3.77699301,48.50068329]]]},"properties":{"id":"cadastre:39696820~partie","source":"Parcellaire Express (PCI DGFiP, IGN)","provenance":"cadastre","inCommune":true,"areaM2":99.77,"parts":1,"holes":0,"rnb":null,"ign":null,"osm":null,"derived":{"wallHeight":null,"roofHeight":null,"floors":null,"roofMaterials":[],"roofMaterialCode":null,"wallMaterialCode":null,"usage":null,"nature":null,"lightConstruction":false,"heightAccuracy":null},"cadastre":{"type":"Bâtiment en dur","codeInsee":"10220"},"validation":{"confidence":"B","status":"réintégré V2.0.1 : partie visible sur l’orthophoto 2025, absente du référentiel, géométrie issue de la source publique","evidence":["Parcellaire Express (PCI DGFiP, IGN) : cadastre:39696820 (Bâtiment en dur) — partie non couverte par le référentiel V1.6.2 (99.8 m² sur 577.9 m²)","BD ORTHO IGN 20 cm (avril 2025) : partie à toiture grise du hall agricole","BD TOPO : absent à cet endroit","RNB : aucun point dans l’empreinte"]},"audit":{"version":"2.0.1","status":"réintégré","mode":"partie non couverte","sourceId":"cadastre:39696820","components":[92],"removedIn":null}}},{"type":"Feature","id":"cadastre:39696822~partie","geometry":{"type":"Polygon","coordinates":[[[3.79230165,48.50069032],[3.7922504,48.50069363],[3.79224519,48.50066236],[3.79220395,48.50066453],[3.79220332,48.50066087],[3.79220204,48.50065318],[3.79222543,48.50065188],[3.79229609,48.50064844],[3.79230165,48.50069032]]]},"properties":{"id":"cadastre:39696822~partie","source":"Parcellaire Express (PCI DGFiP, IGN)","provenance":"cadastre","inCommune":true,"areaM2":22.1,"parts":1,"holes":0,"rnb":null,"ign":null,"osm":null,"derived":{"wallHeight":null,"roofHeight":null,"floors":null,"roofMaterials":[],"roofMaterialCode":null,"wallMaterialCode":null,"usage":null,"nature":null,"lightConstruction":false,"heightAccuracy":null},"cadastre":{"type":"Bâtiment en dur","codeInsee":"10220"},"validation":{"confidence":"B","status":"réintégré V2.0.1 : partie visible sur l’orthophoto 2025, absente du référentiel, géométrie issue de la source publique","evidence":["Parcellaire Express (PCI DGFiP, IGN) : cadastre:39696822 (Bâtiment en dur) — partie non couverte par le référentiel V1.6.2 (22.1 m² sur 27.1 m²)","BD ORTHO IGN 20 cm (avril 2025) : annexe accolée","BD TOPO : absent à cet endroit","RNB : aucun point dans l’empreinte"]},"audit":{"version":"2.0.1","status":"réintégré","mode":"partie non couverte","sourceId":"cadastre:39696822","components":[93],"removedIn":null}}},{"type":"Feature","id":"cadastre:39793508~partie","geometry":{"type":"Polygon","coordinates":[[[3.80136865,48.51379069],[3.80148928,48.51376415],[3.80149631,48.51377724],[3.8014242,48.5137932],[3.80145208,48.51384519],[3.80146046,48.51386222],[3.80147298,48.51388373],[3.80149527,48.51392496],[3.80154334,48.51391395],[3.80155082,48.51392666],[3.80146244,48.51394696],[3.80145058,48.51392446],[3.8014372,48.51392563],[3.80136865,48.51379069]]]},"properties":{"id":"cadastre:39793508~partie","source":"Parcellaire Express (PCI DGFiP, IGN)","provenance":"cadastre","inCommune":true,"areaM2":85.04,"parts":1,"holes":0,"rnb":null,"ign":null,"osm":null,"derived":{"wallHeight":null,"roofHeight":null,"floors":null,"roofMaterials":[],"roofMaterialCode":null,"wallMaterialCode":null,"usage":null,"nature":null,"lightConstruction":false,"heightAccuracy":null},"cadastre":{"type":"Bâtiment en dur","codeInsee":"10220"},"validation":{"confidence":"B","status":"réintégré V2.0.1 : partie visible sur l’orthophoto 2025, absente du référentiel, géométrie issue de la source publique","evidence":["Parcellaire Express (PCI DGFiP, IGN) : cadastre:39793508 (Bâtiment en dur) — partie non couverte par le référentiel V1.6.2 (85 m² sur 175.8 m²)","BD ORTHO IGN 20 cm (avril 2025) : partie ouest à toiture sombre","BD TOPO : absent à cet endroit","RNB : aucun point dans l’empreinte"]},"audit":{"version":"2.0.1","status":"réintégré","mode":"partie non couverte","sourceId":"cadastre:39793508","components":[95],"removedIn":null}}},{"type":"Feature","id":"cadastre:39793590~partie","geometry":{"type":"Polygon","coordinates":[[[3.79396157,48.51500687],[3.79396282,48.51500713],[3.79395296,48.51502804],[3.79386775,48.51501011],[3.79387793,48.51498944],[3.79396157,48.51500687]]]},"properties":{"id":"cadastre:39793590~partie","source":"Parcellaire Express (PCI DGFiP, IGN)","provenance":"cadastre","inCommune":true,"areaM2":15.98,"parts":1,"holes":0,"rnb":null,"ign":null,"osm":null,"derived":{"wallHeight":null,"roofHeight":null,"floors":null,"roofMaterials":[],"roofMaterialCode":null,"wallMaterialCode":null,"usage":null,"nature":null,"lightConstruction":false,"heightAccuracy":null},"cadastre":{"type":"Bâtiment en dur","codeInsee":"10220"},"validation":{"confidence":"B","status":"réintégré V2.0.1 : partie visible sur l’orthophoto 2025, absente du référentiel, géométrie issue de la source publique","evidence":["Parcellaire Express (PCI DGFiP, IGN) : cadastre:39793590 (Bâtiment en dur) — partie non couverte par le référentiel V1.6.2 (16 m² sur 63.3 m²)","BD ORTHO IGN 20 cm (avril 2025) : annexe grise accolée","BD TOPO : absent à cet endroit","RNB : aucun point dans l’empreinte"]},"audit":{"version":"2.0.1","status":"réintégré","mode":"partie non couverte","sourceId":"cadastre:39793590","components":[98],"removedIn":null}}},{"type":"Feature","id":"cadastre:39793673~partie","geometry":{"type":"Polygon","coordinates":[[[3.79571103,48.51510276],[3.79572464,48.51510717],[3.79573949,48.51510437],[3.7957756,48.51518255],[3.79573821,48.51518975],[3.79570125,48.51510555],[3.79570799,48.51510177],[3.79571103,48.51510276]]]},"properties":{"id":"cadastre:39793673~partie","source":"Parcellaire Express (PCI DGFiP, IGN)","provenance":"cadastre","inCommune":true,"areaM2":26.5,"parts":1,"holes":0,"rnb":null,"ign":null,"osm":null,"derived":{"wallHeight":null,"roofHeight":null,"floors":null,"roofMaterials":[],"roofMaterialCode":null,"wallMaterialCode":null,"usage":null,"nature":null,"lightConstruction":false,"heightAccuracy":null},"cadastre":{"type":"Bâtiment en dur","codeInsee":"10220"},"validation":{"confidence":"B","status":"réintégré V2.0.1 : partie visible sur l’orthophoto 2025, absente du référentiel, géométrie issue de la source publique","evidence":["Parcellaire Express (PCI DGFiP, IGN) : cadastre:39793673 (Bâtiment en dur) — partie non couverte par le référentiel V1.6.2 (26.5 m² sur 159.9 m²)","BD ORTHO IGN 20 cm (avril 2025) : appentis gris accolé","BD TOPO : absent à cet endroit","RNB : aucun point dans l’empreinte"]},"audit":{"version":"2.0.1","status":"réintégré","mode":"partie non couverte","sourceId":"cadastre:39793673","components":[102],"removedIn":null}}},{"type":"Feature","id":"cadastre:39793959~partie","geometry":{"type":"Polygon","coordinates":[[[3.79996924,48.51247623],[3.79992126,48.51248244],[3.79991495,48.51244198],[3.79995258,48.51243767],[3.7999578,48.51243708],[3.79996924,48.51247623]]]},"properties":{"id":"cadastre:39793959~partie","source":"Parcellaire Express (PCI DGFiP, IGN)","provenance":"cadastre","inCommune":true,"areaM2":15.25,"parts":1,"holes":0,"rnb":null,"ign":null,"osm":null,"derived":{"wallHeight":null,"roofHeight":null,"floors":null,"roofMaterials":[],"roofMaterialCode":null,"wallMaterialCode":null,"usage":null,"nature":null,"lightConstruction":false,"heightAccuracy":null},"cadastre":{"type":"Bâtiment en dur","codeInsee":"10220"},"validation":{"confidence":"B","status":"réintégré V2.0.1 : partie visible sur l’orthophoto 2025, absente du référentiel, géométrie issue de la source publique","evidence":["Parcellaire Express (PCI DGFiP, IGN) : cadastre:39793959 (Bâtiment en dur) — partie non couverte par le référentiel V1.6.2 (15.2 m² sur 131.4 m²)","BD ORTHO IGN 20 cm (avril 2025) : petite annexe","BD TOPO : absent à cet endroit","RNB : aucun point dans l’empreinte"]},"audit":{"version":"2.0.1","status":"réintégré","mode":"partie non couverte","sourceId":"cadastre:39793959","components":[105],"removedIn":null}}},{"type":"Feature","id":"cadastre:39794067~partie","geometry":{"type":"Polygon","coordinates":[[[3.7985472,48.51356805],[3.79849101,48.51357598],[3.79848538,48.51355654],[3.79850529,48.51355375],[3.79848846,48.51350001],[3.79852335,48.51349444],[3.7985472,48.51356805]]]},"properties":{"id":"cadastre:39794067~partie","source":"Parcellaire Express (PCI DGFiP, IGN)","provenance":"cadastre","inCommune":true,"areaM2":25.66,"parts":1,"holes":0,"rnb":null,"ign":null,"osm":null,"derived":{"wallHeight":null,"roofHeight":null,"floors":null,"roofMaterials":[],"roofMaterialCode":null,"wallMaterialCode":null,"usage":null,"nature":null,"lightConstruction":false,"heightAccuracy":null},"cadastre":{"type":"Bâtiment en dur","codeInsee":"10220"},"validation":{"confidence":"B","status":"réintégré V2.0.1 : partie visible sur l’orthophoto 2025, absente du référentiel, géométrie issue de la source publique","evidence":["Parcellaire Express (PCI DGFiP, IGN) : cadastre:39794067 (Bâtiment en dur) — partie non couverte par le référentiel V1.6.2 (25.7 m² sur 34.5 m²)","BD ORTHO IGN 20 cm (avril 2025) : annexe à toiture claire","BD TOPO : absent à cet endroit","RNB : aucun point dans l’empreinte"]},"audit":{"version":"2.0.1","status":"réintégré","mode":"partie non couverte","sourceId":"cadastre:39794067","components":[108],"removedIn":null}}},{"type":"Feature","id":"cadastre:39794352~partie","geometry":{"type":"Polygon","coordinates":[[[3.80249689,48.51283775],[3.80247934,48.51284147],[3.80254375,48.5129985],[3.80250879,48.513005],[3.80244441,48.51285052],[3.80245981,48.5128479],[3.8024438,48.51281049],[3.80248128,48.51280361],[3.80249689,48.51283775]]]},"properties":{"id":"cadastre:39794352~partie","source":"Parcellaire Express (PCI DGFiP, IGN)","provenance":"cadastre","inCommune":true,"areaM2":60.49,"parts":1,"holes":0,"rnb":null,"ign":null,"osm":null,"derived":{"wallHeight":null,"roofHeight":null,"floors":null,"roofMaterials":[],"roofMaterialCode":null,"wallMaterialCode":null,"usage":null,"nature":null,"lightConstruction":false,"heightAccuracy":null},"cadastre":{"type":"Bâtiment en dur","codeInsee":"10220"},"validation":{"confidence":"B","status":"réintégré V2.0.1 : partie visible sur l’orthophoto 2025, absente du référentiel, géométrie issue de la source publique","evidence":["Parcellaire Express (PCI DGFiP, IGN) : cadastre:39794352 (Bâtiment en dur) — partie non couverte par le référentiel V1.6.2 (60.5 m² sur 190.6 m²)","BD ORTHO IGN 20 cm (avril 2025) : garage accolé à toiture grise","BD TOPO : absent à cet endroit","RNB : aucun point dans l’empreinte"]},"audit":{"version":"2.0.1","status":"réintégré","mode":"partie non couverte","sourceId":"cadastre:39794352","components":[111],"removedIn":null}}},{"type":"Feature","id":"cadastre:39794585~partie","geometry":{"type":"Polygon","coordinates":[[[3.81129908,48.51246671],[3.81130497,48.51249726],[3.81132315,48.51256618],[3.81128579,48.51256999],[3.81125933,48.51246177],[3.81129742,48.51245807],[3.81129908,48.51246671]]]},"properties":{"id":"cadastre:39794585~partie","source":"Parcellaire Express (PCI DGFiP, IGN)","provenance":"cadastre","inCommune":true,"areaM2":33.52,"parts":1,"holes":0,"rnb":null,"ign":null,"osm":null,"derived":{"wallHeight":null,"roofHeight":null,"floors":null,"roofMaterials":[],"roofMaterialCode":null,"wallMaterialCode":null,"usage":null,"nature":null,"lightConstruction":false,"heightAccuracy":null},"cadastre":{"type":"Bâtiment en dur","codeInsee":"10220"},"validation":{"confidence":"B","status":"réintégré V2.0.1 : partie visible sur l’orthophoto 2025, absente du référentiel, géométrie issue de la source publique","evidence":["Parcellaire Express (PCI DGFiP, IGN) : cadastre:39794585 (Bâtiment en dur) — partie non couverte par le référentiel V1.6.2 (33.5 m² sur 261.8 m²)","BD ORTHO IGN 20 cm (avril 2025) : appentis gris accolé","BD TOPO : absent à cet endroit","RNB : aucun point dans l’empreinte"]},"audit":{"version":"2.0.1","status":"réintégré","mode":"partie non couverte","sourceId":"cadastre:39794585","components":[113],"removedIn":null}}},{"type":"Feature","id":"cadastre:39808157~partie","geometry":{"type":"Polygon","coordinates":[[[3.78861944,48.5034919],[3.78854425,48.50349726],[3.78854054,48.50347037],[3.78859643,48.50346579],[3.78859108,48.50343765],[3.78860836,48.50343656],[3.78860994,48.50343646],[3.78861944,48.5034919]]]},"properties":{"id":"cadastre:39808157~partie","source":"Parcellaire Express (PCI DGFiP, IGN)","provenance":"cadastre","inCommune":true,"areaM2":21.23,"parts":1,"holes":0,"rnb":null,"ign":null,"osm":null,"derived":{"wallHeight":null,"roofHeight":null,"floors":null,"roofMaterials":[],"roofMaterialCode":null,"wallMaterialCode":null,"usage":null,"nature":null,"lightConstruction":false,"heightAccuracy":null},"cadastre":{"type":"Bâtiment en dur","codeInsee":"10220"},"validation":{"confidence":"B","status":"réintégré V2.0.1 : partie visible sur l’orthophoto 2025, absente du référentiel, géométrie issue de la source publique","evidence":["Parcellaire Express (PCI DGFiP, IGN) : cadastre:39808157 (Bâtiment en dur) — partie non couverte par le référentiel V1.6.2 (21.2 m² sur 34.4 m²)","BD ORTHO IGN 20 cm (avril 2025) : petite annexe grise","BD TOPO : absent à cet endroit","RNB : aucun point dans l’empreinte"]},"audit":{"version":"2.0.1","status":"réintégré","mode":"partie non couverte","sourceId":"cadastre:39808157","components":[127],"removedIn":null}}},{"type":"Feature","id":"cadastre:39808244~partie","geometry":{"type":"Polygon","coordinates":[[[3.78531645,48.50273902],[3.7852817,48.50274698],[3.78525087,48.50268363],[3.78528811,48.50268145],[3.78531645,48.50273902]]]},"properties":{"id":"cadastre:39808244~partie","source":"Parcellaire Express (PCI DGFiP, IGN)","provenance":"cadastre","inCommune":true,"areaM2":19.1,"parts":1,"holes":0,"rnb":null,"ign":null,"osm":null,"derived":{"wallHeight":null,"roofHeight":null,"floors":null,"roofMaterials":[],"roofMaterialCode":null,"wallMaterialCode":null,"usage":null,"nature":null,"lightConstruction":false,"heightAccuracy":null},"cadastre":{"type":"Bâtiment en dur","codeInsee":"10220"},"validation":{"confidence":"B","status":"réintégré V2.0.1 : partie visible sur l’orthophoto 2025, absente du référentiel, géométrie issue de la source publique","evidence":["Parcellaire Express (PCI DGFiP, IGN) : cadastre:39808244 (Bâtiment en dur) — partie non couverte par le référentiel V1.6.2 (19.1 m² sur 81.3 m²)","BD ORTHO IGN 20 cm (avril 2025) : annexe grise accolée","BD TOPO : absent à cet endroit","RNB : aucun point dans l’empreinte"]},"audit":{"version":"2.0.1","status":"réintégré","mode":"partie non couverte","sourceId":"cadastre:39808244","components":[130],"removedIn":null}}},{"type":"Feature","id":"cadastre:39808251~partie","geometry":{"type":"Polygon","coordinates":[[[3.78664681,48.50471751],[3.78672295,48.50471606],[3.78672373,48.50473759],[3.78664254,48.50473994],[3.78664293,48.50472995],[3.78661518,48.50473013],[3.78661309,48.50470693],[3.78664394,48.50470673],[3.78664681,48.50471751]]]},"properties":{"id":"cadastre:39808251~partie","source":"Parcellaire Express (PCI DGFiP, IGN)","provenance":"cadastre","inCommune":true,"areaM2":20.21,"parts":1,"holes":0,"rnb":null,"ign":null,"osm":null,"derived":{"wallHeight":null,"roofHeight":null,"floors":null,"roofMaterials":[],"roofMaterialCode":null,"wallMaterialCode":null,"usage":null,"nature":null,"lightConstruction":false,"heightAccuracy":null},"cadastre":{"type":"Bâtiment en dur","codeInsee":"10220"},"validation":{"confidence":"B","status":"réintégré V2.0.1 : partie visible sur l’orthophoto 2025, absente du référentiel, géométrie issue de la source publique","evidence":["Parcellaire Express (PCI DGFiP, IGN) : cadastre:39808251 (Bâtiment en dur) — partie non couverte par le référentiel V1.6.2 (20.2 m² sur 66.5 m²)","BD ORTHO IGN 20 cm (avril 2025) : annexe sombre accolée","BD TOPO : absent à cet endroit","RNB : aucun point dans l’empreinte"]},"audit":{"version":"2.0.1","status":"réintégré","mode":"partie non couverte","sourceId":"cadastre:39808251","components":[132],"removedIn":null}}},{"type":"Feature","id":"cadastre:39808387~partie","geometry":{"type":"Polygon","coordinates":[[[3.78569025,48.50614894],[3.78565006,48.50614975],[3.78565008,48.50614282],[3.78565034,48.50607085],[3.78569137,48.50607058],[3.78569025,48.50614894]]]},"properties":{"id":"cadastre:39808387~partie","source":"Parcellaire Express (PCI DGFiP, IGN)","provenance":"cadastre","inCommune":true,"areaM2":26.22,"parts":1,"holes":0,"rnb":null,"ign":null,"osm":null,"derived":{"wallHeight":null,"roofHeight":null,"floors":null,"roofMaterials":[],"roofMaterialCode":null,"wallMaterialCode":null,"usage":null,"nature":null,"lightConstruction":false,"heightAccuracy":null},"cadastre":{"type":"Bâtiment en dur","codeInsee":"10220"},"validation":{"confidence":"B","status":"réintégré V2.0.1 : partie visible sur l’orthophoto 2025, absente du référentiel, géométrie issue de la source publique","evidence":["Parcellaire Express (PCI DGFiP, IGN) : cadastre:39808387 (Bâtiment en dur) — partie non couverte par le référentiel V1.6.2 (26.2 m² sur 76.6 m²)","BD ORTHO IGN 20 cm (avril 2025) : appentis clair accolé","BD TOPO : absent à cet endroit","RNB : aucun point dans l’empreinte"]},"audit":{"version":"2.0.1","status":"réintégré","mode":"partie non couverte","sourceId":"cadastre:39808387","components":[134],"removedIn":null}}},{"type":"Feature","id":"cadastre:39808506~partie","geometry":{"type":"Polygon","coordinates":[[[3.78597882,48.50594543],[3.78597859,48.50593014],[3.78603138,48.50592979],[3.78603103,48.50590615],[3.78608558,48.50590559],[3.78608599,48.50594175],[3.78603482,48.50594227],[3.78603532,48.50595872],[3.78593786,48.50595766],[3.78593754,48.5059457],[3.78597882,48.50594543]]]},"properties":{"id":"cadastre:39808506~partie","source":"Parcellaire Express (PCI DGFiP, IGN)","provenance":"cadastre","inCommune":true,"areaM2":33.13,"parts":1,"holes":0,"rnb":null,"ign":null,"osm":null,"derived":{"wallHeight":null,"roofHeight":null,"floors":null,"roofMaterials":[],"roofMaterialCode":null,"wallMaterialCode":null,"usage":null,"nature":null,"lightConstruction":false,"heightAccuracy":null},"cadastre":{"type":"Bâtiment en dur","codeInsee":"10220"},"validation":{"confidence":"B","status":"réintégré V2.0.1 : partie visible sur l’orthophoto 2025, absente du référentiel, géométrie issue de la source publique","evidence":["Parcellaire Express (PCI DGFiP, IGN) : cadastre:39808506 (Bâtiment en dur) — partie non couverte par le référentiel V1.6.2 (33.1 m² sur 56.5 m²)","BD ORTHO IGN 20 cm (avril 2025) : annexe sombre accolée","BD TOPO : absent à cet endroit","RNB : aucun point dans l’empreinte"]},"audit":{"version":"2.0.1","status":"réintégré","mode":"partie non couverte","sourceId":"cadastre:39808506","components":[135],"removedIn":null}}},{"type":"Feature","id":"cadastre:39808591~partie","geometry":{"type":"Polygon","coordinates":[[[3.78814011,48.50506268],[3.78817722,48.50509133],[3.78814939,48.50510583],[3.78814312,48.50510163],[3.78809512,48.50506298],[3.78812188,48.5050486],[3.78814011,48.50506268]]]},"properties":{"id":"cadastre:39808591~partie","source":"Parcellaire Express (PCI DGFiP, IGN)","provenance":"cadastre","inCommune":true,"areaM2":16.25,"parts":1,"holes":0,"rnb":null,"ign":null,"osm":null,"derived":{"wallHeight":null,"roofHeight":null,"floors":null,"roofMaterials":[],"roofMaterialCode":null,"wallMaterialCode":null,"usage":null,"nature":null,"lightConstruction":false,"heightAccuracy":null},"cadastre":{"type":"Bâtiment en dur","codeInsee":"10220"},"validation":{"confidence":"B","status":"réintégré V2.0.1 : partie visible sur l’orthophoto 2025, absente du référentiel, géométrie issue de la source publique","evidence":["Parcellaire Express (PCI DGFiP, IGN) : cadastre:39808591 (Bâtiment en dur) — partie non couverte par le référentiel V1.6.2 (16.3 m² sur 41.6 m²)","BD ORTHO IGN 20 cm (avril 2025) : annexe grise accolée","BD TOPO : absent à cet endroit","RNB : aucun point dans l’empreinte"]},"audit":{"version":"2.0.1","status":"réintégré","mode":"partie non couverte","sourceId":"cadastre:39808591","components":[140],"removedIn":null}}},{"type":"Feature","id":"cadastre:39808622~partie","geometry":{"type":"Polygon","coordinates":[[[3.78915605,48.50664956],[3.78910148,48.50665179],[3.78909668,48.50660393],[3.78915006,48.50660255],[3.78915605,48.50664956]]]},"properties":{"id":"cadastre:39808622~partie","source":"Parcellaire Express (PCI DGFiP, IGN)","provenance":"cadastre","inCommune":true,"areaM2":21.1,"parts":1,"holes":0,"rnb":null,"ign":null,"osm":null,"derived":{"wallHeight":null,"roofHeight":null,"floors":null,"roofMaterials":[],"roofMaterialCode":null,"wallMaterialCode":null,"usage":null,"nature":null,"lightConstruction":false,"heightAccuracy":null},"cadastre":{"type":"Bâtiment en dur","codeInsee":"10220"},"validation":{"confidence":"B","status":"réintégré V2.0.1 : partie visible sur l’orthophoto 2025, absente du référentiel, géométrie issue de la source publique","evidence":["Parcellaire Express (PCI DGFiP, IGN) : cadastre:39808622 (Bâtiment en dur) — partie non couverte par le référentiel V1.6.2 (21.1 m² sur 37.7 m²)","BD ORTHO IGN 20 cm (avril 2025) : annexe accolée","BD TOPO : absent à cet endroit","RNB : aucun point dans l’empreinte"]},"audit":{"version":"2.0.1","status":"réintégré","mode":"partie non couverte","sourceId":"cadastre:39808622","components":[141],"removedIn":null}}},{"type":"Feature","id":"cadastre:39808671~partie","geometry":{"type":"Polygon","coordinates":[[[3.78988345,48.50547696],[3.78982503,48.50550124],[3.78979938,48.50547995],[3.78985693,48.5054528],[3.78988345,48.50547696]]]},"properties":{"id":"cadastre:39808671~partie","source":"Parcellaire Express (PCI DGFiP, IGN)","provenance":"cadastre","inCommune":true,"areaM2":16.33,"parts":1,"holes":0,"rnb":null,"ign":null,"osm":null,"derived":{"wallHeight":null,"roofHeight":null,"floors":null,"roofMaterials":[],"roofMaterialCode":null,"wallMaterialCode":null,"usage":null,"nature":null,"lightConstruction":false,"heightAccuracy":null},"cadastre":{"type":"Bâtiment en dur","codeInsee":"10220"},"validation":{"confidence":"B","status":"réintégré V2.0.1 : partie visible sur l’orthophoto 2025, absente du référentiel, géométrie issue de la source publique","evidence":["Parcellaire Express (PCI DGFiP, IGN) : cadastre:39808671 (Bâtiment en dur) — partie non couverte par le référentiel V1.6.2 (16.3 m² sur 125.2 m²)","BD ORTHO IGN 20 cm (avril 2025) : annexe sombre accolée","BD TOPO : absent à cet endroit","RNB : aucun point dans l’empreinte"]},"audit":{"version":"2.0.1","status":"réintégré","mode":"partie non couverte","sourceId":"cadastre:39808671","components":[149],"removedIn":null}}},{"type":"Feature","id":"cadastre:39808701~partie","geometry":{"type":"Polygon","coordinates":[[[3.79010956,48.50565368],[3.7901233,48.50571129],[3.79012368,48.50571282],[3.79013011,48.50573986],[3.79002954,48.50574907],[3.79002403,48.50572334],[3.79010995,48.50571291],[3.79008879,48.50563245],[3.79008185,48.50560608],[3.79008988,48.50560542],[3.7900979,48.50560477],[3.79010956,48.50565368]]]},"properties":{"id":"cadastre:39808701~partie","source":"Parcellaire Express (PCI DGFiP, IGN)","provenance":"cadastre","inCommune":true,"areaM2":36.01,"parts":1,"holes":0,"rnb":null,"ign":null,"osm":null,"derived":{"wallHeight":null,"roofHeight":null,"floors":null,"roofMaterials":[],"roofMaterialCode":null,"wallMaterialCode":null,"usage":null,"nature":null,"lightConstruction":false,"heightAccuracy":null},"cadastre":{"type":"Bâtiment en dur","codeInsee":"10220"},"validation":{"confidence":"B","status":"réintégré V2.0.1 : partie visible sur l’orthophoto 2025, absente du référentiel, géométrie issue de la source publique","evidence":["Parcellaire Express (PCI DGFiP, IGN) : cadastre:39808701 (Bâtiment en dur) — partie non couverte par le référentiel V1.6.2 (36 m² sur 125.1 m²)","BD ORTHO IGN 20 cm (avril 2025) : annexe sombre accolée","BD TOPO : absent à cet endroit","RNB : aucun point dans l’empreinte"]},"audit":{"version":"2.0.1","status":"réintégré","mode":"partie non couverte","sourceId":"cadastre:39808701","components":[150],"removedIn":null}}},{"type":"Feature","id":"cadastre:39808703~partie","geometry":{"type":"Polygon","coordinates":[[[3.78985434,48.50604794],[3.78982557,48.50606745],[3.78975508,48.50602544],[3.78975641,48.50602432],[3.78977634,48.50600769],[3.78985434,48.50604794]]]},"properties":{"id":"cadastre:39808703~partie","source":"Parcellaire Express (PCI DGFiP, IGN)","provenance":"cadastre","inCommune":true,"areaM2":19.81,"parts":1,"holes":0,"rnb":null,"ign":null,"osm":null,"derived":{"wallHeight":null,"roofHeight":null,"floors":null,"roofMaterials":[],"roofMaterialCode":null,"wallMaterialCode":null,"usage":null,"nature":null,"lightConstruction":false,"heightAccuracy":null},"cadastre":{"type":"Bâtiment en dur","codeInsee":"10220"},"validation":{"confidence":"B","status":"réintégré V2.0.1 : partie visible sur l’orthophoto 2025, absente du référentiel, géométrie issue de la source publique","evidence":["Parcellaire Express (PCI DGFiP, IGN) : cadastre:39808703 (Bâtiment en dur) — partie non couverte par le référentiel V1.6.2 (19.8 m² sur 136.8 m²)","BD ORTHO IGN 20 cm (avril 2025) : annexe grise accolée","BD TOPO : absent à cet endroit","RNB : aucun point dans l’empreinte"]},"audit":{"version":"2.0.1","status":"réintégré","mode":"partie non couverte","sourceId":"cadastre:39808703","components":[151],"removedIn":null}}},{"type":"Feature","id":"cadastre:39808823~partie","geometry":{"type":"Polygon","coordinates":[[[3.78596282,48.50785995],[3.7860427,48.50786014],[3.78604308,48.50788533],[3.78593761,48.50788531],[3.78593617,48.50778923],[3.78596175,48.50778887],[3.78596282,48.50785995]]]},"properties":{"id":"cadastre:39808823~partie","source":"Parcellaire Express (PCI DGFiP, IGN)","provenance":"cadastre","inCommune":true,"areaM2":36.81,"parts":1,"holes":0,"rnb":null,"ign":null,"osm":null,"derived":{"wallHeight":null,"roofHeight":null,"floors":null,"roofMaterials":[],"roofMaterialCode":null,"wallMaterialCode":null,"usage":null,"nature":null,"lightConstruction":false,"heightAccuracy":null},"cadastre":{"type":"Bâtiment en dur","codeInsee":"10220"},"validation":{"confidence":"B","status":"réintégré V2.0.1 : partie visible sur l’orthophoto 2025, absente du référentiel, géométrie issue de la source publique","evidence":["Parcellaire Express (PCI DGFiP, IGN) : cadastre:39808823 (Bâtiment en dur) — partie non couverte par le référentiel V1.6.2 (36.8 m² sur 83.9 m²)","BD ORTHO IGN 20 cm (avril 2025) : annexe sombre accolée","BD TOPO : absent à cet endroit","RNB : aucun point dans l’empreinte"]},"audit":{"version":"2.0.1","status":"réintégré","mode":"partie non couverte","sourceId":"cadastre:39808823","components":[155],"removedIn":null}}},{"type":"Feature","id":"cadastre:39808824~partie","geometry":{"type":"Polygon","coordinates":[[[3.78616098,48.50776652],[3.7861308,48.50776708],[3.78608654,48.50776799],[3.78608515,48.50774235],[3.7860978,48.50774209],[3.7860978,48.5077421],[3.78615983,48.50774086],[3.78616098,48.50776652]]]},"properties":{"id":"cadastre:39808824~partie","source":"Parcellaire Express (PCI DGFiP, IGN)","provenance":"cadastre","inCommune":true,"areaM2":15.71,"parts":1,"holes":0,"rnb":null,"ign":null,"osm":null,"derived":{"wallHeight":null,"roofHeight":null,"floors":null,"roofMaterials":[],"roofMaterialCode":null,"wallMaterialCode":null,"usage":null,"nature":null,"lightConstruction":false,"heightAccuracy":null},"cadastre":{"type":"Bâtiment en dur","codeInsee":"10220"},"validation":{"confidence":"B","status":"réintégré V2.0.1 : partie visible sur l’orthophoto 2025, absente du référentiel, géométrie issue de la source publique","evidence":["Parcellaire Express (PCI DGFiP, IGN) : cadastre:39808824 (Bâtiment en dur) — partie non couverte par le référentiel V1.6.2 (15.7 m² sur 19.2 m²)","BD ORTHO IGN 20 cm (avril 2025) : annexe grise accolée","BD TOPO : absent à cet endroit","RNB : aucun point dans l’empreinte"]},"audit":{"version":"2.0.1","status":"réintégré","mode":"partie non couverte","sourceId":"cadastre:39808824","components":[156],"removedIn":null}}},{"type":"Feature","id":"cadastre:39808825~partie","geometry":{"type":"Polygon","coordinates":[[[3.78587666,48.50771208],[3.78609728,48.50770776],[3.78609762,48.50773051],[3.78608977,48.50773073],[3.78586849,48.50773597],[3.78586451,48.50772332],[3.78584433,48.50772299],[3.78584246,48.50767581],[3.78585581,48.50767545],[3.78585747,48.50769601],[3.78587641,48.50769499],[3.78587666,48.50771208]]]},"properties":{"id":"cadastre:39808825~partie","source":"Parcellaire Express (PCI DGFiP, IGN)","provenance":"cadastre","inCommune":true,"areaM2":52.9,"parts":1,"holes":0,"rnb":null,"ign":null,"osm":null,"derived":{"wallHeight":null,"roofHeight":null,"floors":null,"roofMaterials":[],"roofMaterialCode":null,"wallMaterialCode":null,"usage":null,"nature":null,"lightConstruction":false,"heightAccuracy":null},"cadastre":{"type":"Bâtiment en dur","codeInsee":"10220"},"validation":{"confidence":"B","status":"réintégré V2.0.1 : partie visible sur l’orthophoto 2025, absente du référentiel, géométrie issue de la source publique","evidence":["Parcellaire Express (PCI DGFiP, IGN) : cadastre:39808825 (Bâtiment en dur) — partie non couverte par le référentiel V1.6.2 (52.9 m² sur 176.6 m²)","BD ORTHO IGN 20 cm (avril 2025) : dépendance allongée à toiture grise","BD TOPO : absent à cet endroit","RNB : aucun point dans l’empreinte"]},"audit":{"version":"2.0.1","status":"réintégré","mode":"partie non couverte","sourceId":"cadastre:39808825","components":[157],"removedIn":null}}},{"type":"Feature","id":"cadastre:39808863~partie","geometry":{"type":"Polygon","coordinates":[[[3.78600232,48.50668276],[3.78600222,48.50668531],[3.7860005,48.50673345],[3.78595643,48.50673304],[3.78595672,48.50673005],[3.78596142,48.50668234],[3.78600232,48.50668276]]]},"properties":{"id":"cadastre:39808863~partie","source":"Parcellaire Express (PCI DGFiP, IGN)","provenance":"cadastre","inCommune":true,"areaM2":17.69,"parts":1,"holes":0,"rnb":null,"ign":null,"osm":null,"derived":{"wallHeight":null,"roofHeight":null,"floors":null,"roofMaterials":[],"roofMaterialCode":null,"wallMaterialCode":null,"usage":null,"nature":null,"lightConstruction":false,"heightAccuracy":null},"cadastre":{"type":"Bâtiment en dur","codeInsee":"10220"},"validation":{"confidence":"B","status":"réintégré V2.0.1 : partie visible sur l’orthophoto 2025, absente du référentiel, géométrie issue de la source publique","evidence":["Parcellaire Express (PCI DGFiP, IGN) : cadastre:39808863 (Bâtiment en dur) — partie non couverte par le référentiel V1.6.2 (17.7 m² sur 127.5 m²)","BD ORTHO IGN 20 cm (avril 2025) : annexe accolée","BD TOPO : absent à cet endroit","RNB : aucun point dans l’empreinte"]},"audit":{"version":"2.0.1","status":"réintégré","mode":"partie non couverte","sourceId":"cadastre:39808863","components":[158],"removedIn":null}}},{"type":"Feature","id":"cadastre:39808952~partie","geometry":{"type":"Polygon","coordinates":[[[3.79097416,48.50788103],[3.79101651,48.50786078],[3.79107029,48.50790809],[3.7910457,48.50791995],[3.79102564,48.50790102],[3.79098398,48.50792109],[3.79093046,48.50787376],[3.79086337,48.50790736],[3.79083606,48.50788024],[3.79092122,48.50783551],[3.79097416,48.50788103]]]},"properties":{"id":"cadastre:39808952~partie","source":"Parcellaire Express (PCI DGFiP, IGN)","provenance":"cadastre","inCommune":true,"areaM2":65.21,"parts":1,"holes":0,"rnb":null,"ign":null,"osm":null,"derived":{"wallHeight":null,"roofHeight":null,"floors":null,"roofMaterials":[],"roofMaterialCode":null,"wallMaterialCode":null,"usage":null,"nature":null,"lightConstruction":false,"heightAccuracy":null},"cadastre":{"type":"Bâtiment en dur","codeInsee":"10220"},"validation":{"confidence":"B","status":"réintégré V2.0.1 : partie visible sur l’orthophoto 2025, absente du référentiel, géométrie issue de la source publique","evidence":["Parcellaire Express (PCI DGFiP, IGN) : cadastre:39808952 (Bâtiment en dur) — partie non couverte par le référentiel V1.6.2 (65.2 m² sur 133.6 m²)","BD ORTHO IGN 20 cm (avril 2025) : annexe sombre accolée","BD TOPO : absent à cet endroit","RNB : aucun point dans l’empreinte"]},"audit":{"version":"2.0.1","status":"réintégré","mode":"partie non couverte","sourceId":"cadastre:39808952","components":[162,163],"removedIn":null}}},{"type":"Feature","id":"cadastre:39808994~partie","geometry":{"type":"Polygon","coordinates":[[[3.78956962,48.50769131],[3.78951137,48.50772769],[3.78950135,48.50773393],[3.78947721,48.50774939],[3.78948071,48.50775197],[3.78953613,48.50779311],[3.78957705,48.50782128],[3.78957245,48.5078242],[3.78956561,48.5078285],[3.7895184,48.50779589],[3.78949936,48.50780835],[3.78944787,48.50776973],[3.78944708,48.50775219],[3.78955744,48.50768264],[3.78956962,48.50769131]]]},"properties":{"id":"cadastre:39808994~partie","source":"Parcellaire Express (PCI DGFiP, IGN)","provenance":"cadastre","inCommune":true,"areaM2":39.6,"parts":1,"holes":0,"rnb":null,"ign":null,"osm":null,"derived":{"wallHeight":null,"roofHeight":null,"floors":null,"roofMaterials":[],"roofMaterialCode":null,"wallMaterialCode":null,"usage":null,"nature":null,"lightConstruction":false,"heightAccuracy":null},"cadastre":{"type":"Bâtiment en dur","codeInsee":"10220"},"validation":{"confidence":"B","status":"réintégré V2.0.1 : partie visible sur l’orthophoto 2025, absente du référentiel, géométrie issue de la source publique","evidence":["Parcellaire Express (PCI DGFiP, IGN) : cadastre:39808994 (Bâtiment en dur) — partie non couverte par le référentiel V1.6.2 (39.6 m² sur 142.8 m²)","BD ORTHO IGN 20 cm (avril 2025) : véranda ou annexe grise accolée","BD TOPO : absent à cet endroit","RNB : aucun point dans l’empreinte"]},"audit":{"version":"2.0.1","status":"réintégré","mode":"partie non couverte","sourceId":"cadastre:39808994","components":[167],"removedIn":null}}},{"type":"Feature","id":"cadastre:39809146~partie","geometry":{"type":"Polygon","coordinates":[[[3.79168837,48.50777498],[3.79166014,48.50778648],[3.7916079,48.50772712],[3.79163781,48.50771442],[3.79168837,48.50777498]]]},"properties":{"id":"cadastre:39809146~partie","source":"Parcellaire Express (PCI DGFiP, IGN)","provenance":"cadastre","inCommune":true,"areaM2":19.42,"parts":1,"holes":0,"rnb":null,"ign":null,"osm":null,"derived":{"wallHeight":null,"roofHeight":null,"floors":null,"roofMaterials":[],"roofMaterialCode":null,"wallMaterialCode":null,"usage":null,"nature":null,"lightConstruction":false,"heightAccuracy":null},"cadastre":{"type":"Bâtiment en dur","codeInsee":"10220"},"validation":{"confidence":"B","status":"réintégré V2.0.1 : partie visible sur l’orthophoto 2025, absente du référentiel, géométrie issue de la source publique","evidence":["Parcellaire Express (PCI DGFiP, IGN) : cadastre:39809146 (Bâtiment en dur) — partie non couverte par le référentiel V1.6.2 (19.4 m² sur 144.6 m²)","BD ORTHO IGN 20 cm (avril 2025) : annexe sombre accolée","BD TOPO : absent à cet endroit","RNB : aucun point dans l’empreinte"]},"audit":{"version":"2.0.1","status":"réintégré","mode":"partie non couverte","sourceId":"cadastre:39809146","components":[175],"removedIn":null}}},{"type":"Feature","id":"cadastre:39809179~partie","geometry":{"type":"Polygon","coordinates":[[[3.79210027,48.50885774],[3.79206621,48.50885841],[3.79206597,48.50878842],[3.79209774,48.50878808],[3.79210027,48.50885774]]]},"properties":{"id":"cadastre:39809179~partie","source":"Parcellaire Express (PCI DGFiP, IGN)","provenance":"cadastre","inCommune":true,"areaM2":18.88,"parts":1,"holes":0,"rnb":null,"ign":null,"osm":null,"derived":{"wallHeight":null,"roofHeight":null,"floors":null,"roofMaterials":[],"roofMaterialCode":null,"wallMaterialCode":null,"usage":null,"nature":null,"lightConstruction":false,"heightAccuracy":null},"cadastre":{"type":"Bâtiment en dur","codeInsee":"10220"},"validation":{"confidence":"B","status":"réintégré V2.0.1 : partie visible sur l’orthophoto 2025, absente du référentiel, géométrie issue de la source publique","evidence":["Parcellaire Express (PCI DGFiP, IGN) : cadastre:39809179 (Bâtiment en dur) — partie non couverte par le référentiel V1.6.2 (18.9 m² sur 91.5 m²)","BD ORTHO IGN 20 cm (avril 2025) : appentis accolé","BD TOPO : absent à cet endroit","RNB : aucun point dans l’empreinte"]},"audit":{"version":"2.0.1","status":"réintégré","mode":"partie non couverte","sourceId":"cadastre:39809179","components":[177],"removedIn":null}}},{"type":"Feature","id":"cadastre:39809375~partie","geometry":{"type":"Polygon","coordinates":[[[3.79348284,48.50879741],[3.79348683,48.50879891],[3.79342722,48.50886003],[3.79337709,48.50884013],[3.79341657,48.50879372],[3.79343028,48.50877761],[3.79348284,48.50879741]]]},"properties":{"id":"cadastre:39809375~partie","source":"Parcellaire Express (PCI DGFiP, IGN)","provenance":"cadastre","inCommune":true,"areaM2":36.62,"parts":1,"holes":0,"rnb":null,"ign":null,"osm":null,"derived":{"wallHeight":null,"roofHeight":null,"floors":null,"roofMaterials":[],"roofMaterialCode":null,"wallMaterialCode":null,"usage":null,"nature":null,"lightConstruction":false,"heightAccuracy":null},"cadastre":{"type":"Bâtiment en dur","codeInsee":"10220"},"validation":{"confidence":"B","status":"réintégré V2.0.1 : partie visible sur l’orthophoto 2025, absente du référentiel, géométrie issue de la source publique","evidence":["Parcellaire Express (PCI DGFiP, IGN) : cadastre:39809375 (Bâtiment en dur) — partie non couverte par le référentiel V1.6.2 (36.6 m² sur 121.4 m²)","BD ORTHO IGN 20 cm (avril 2025) : garage accolé à toiture brune","BD TOPO : absent à cet endroit","RNB : aucun point dans l’empreinte"]},"audit":{"version":"2.0.1","status":"réintégré","mode":"partie non couverte","sourceId":"cadastre:39809375","components":[178],"removedIn":null}}},{"type":"Feature","id":"cadastre:39809716~partie","geometry":{"type":"Polygon","coordinates":[[[3.78566912,48.51075933],[3.78563137,48.51084252],[3.78555854,48.51082076],[3.78557968,48.51078719],[3.78560529,48.51074653],[3.78560795,48.51074231],[3.78566912,48.51075933]]]},"properties":{"id":"cadastre:39809716~partie","source":"Parcellaire Express (PCI DGFiP, IGN)","provenance":"cadastre","inCommune":true,"areaM2":51.4,"parts":1,"holes":0,"rnb":null,"ign":null,"osm":null,"derived":{"wallHeight":null,"roofHeight":null,"floors":null,"roofMaterials":[],"roofMaterialCode":null,"wallMaterialCode":null,"usage":null,"nature":null,"lightConstruction":false,"heightAccuracy":null},"cadastre":{"type":"Bâtiment en dur","codeInsee":"10220"},"validation":{"confidence":"B","status":"réintégré V2.0.1 : partie visible sur l’orthophoto 2025, absente du référentiel, géométrie issue de la source publique","evidence":["Parcellaire Express (PCI DGFiP, IGN) : cadastre:39809716 (Bâtiment en dur) — partie non couverte par le référentiel V1.6.2 (51.4 m² sur 583.4 m²)","BD ORTHO IGN 20 cm (avril 2025) : annexe sombre accolée","BD TOPO : absent à cet endroit","RNB : aucun point dans l’empreinte"]},"audit":{"version":"2.0.1","status":"réintégré","mode":"partie non couverte","sourceId":"cadastre:39809716","components":[180],"removedIn":null}}},{"type":"Feature","id":"cadastre:39809891~partie","geometry":{"type":"Polygon","coordinates":[[[3.78597343,48.51036522],[3.78593243,48.51036841],[3.78591654,48.51027513],[3.78595436,48.51027276],[3.78595699,48.5102726],[3.78597343,48.51036522]]]},"properties":{"id":"cadastre:39809891~partie","source":"Parcellaire Express (PCI DGFiP, IGN)","provenance":"cadastre","inCommune":true,"areaM2":31.46,"parts":1,"holes":0,"rnb":null,"ign":null,"osm":null,"derived":{"wallHeight":null,"roofHeight":null,"floors":null,"roofMaterials":[],"roofMaterialCode":null,"wallMaterialCode":null,"usage":null,"nature":null,"lightConstruction":false,"heightAccuracy":null},"cadastre":{"type":"Bâtiment en dur","codeInsee":"10220"},"validation":{"confidence":"B","status":"réintégré V2.0.1 : partie visible sur l’orthophoto 2025, absente du référentiel, géométrie issue de la source publique","evidence":["Parcellaire Express (PCI DGFiP, IGN) : cadastre:39809891 (Bâtiment en dur) — partie non couverte par le référentiel V1.6.2 (31.5 m² sur 79.5 m²)","BD ORTHO IGN 20 cm (avril 2025) : annexe sombre accolée","BD TOPO : absent à cet endroit","RNB : aucun point dans l’empreinte"]},"audit":{"version":"2.0.1","status":"réintégré","mode":"partie non couverte","sourceId":"cadastre:39809891","components":[185],"removedIn":null}}},{"type":"Feature","id":"cadastre:39810134~partie","geometry":{"type":"Polygon","coordinates":[[[3.7884081,48.50953073],[3.788406,48.50953237],[3.78843199,48.50954714],[3.78848582,48.50957776],[3.78845284,48.50960376],[3.7883491,48.50954768],[3.78838467,48.5095184],[3.7884081,48.50953073]]]},"properties":{"id":"cadastre:39810134~partie","source":"Parcellaire Express (PCI DGFiP, IGN)","provenance":"cadastre","inCommune":true,"areaM2":39.16,"parts":1,"holes":0,"rnb":null,"ign":null,"osm":null,"derived":{"wallHeight":null,"roofHeight":null,"floors":null,"roofMaterials":[],"roofMaterialCode":null,"wallMaterialCode":null,"usage":null,"nature":null,"lightConstruction":false,"heightAccuracy":null},"cadastre":{"type":"Bâtiment en dur","codeInsee":"10220"},"validation":{"confidence":"B","status":"réintégré V2.0.1 : partie visible sur l’orthophoto 2025, absente du référentiel, géométrie issue de la source publique","evidence":["Parcellaire Express (PCI DGFiP, IGN) : cadastre:39810134 (Bâtiment en dur) — partie non couverte par le référentiel V1.6.2 (39.2 m² sur 187 m²)","BD ORTHO IGN 20 cm (avril 2025) : garage accolé à toiture brune","BD TOPO : absent à cet endroit","RNB : aucun point dans l’empreinte"]},"audit":{"version":"2.0.1","status":"réintégré","mode":"partie non couverte","sourceId":"cadastre:39810134","components":[187],"removedIn":null}}},{"type":"Feature","id":"cadastre:39810239~partie","geometry":{"type":"Polygon","coordinates":[[[3.79007161,48.51111247],[3.79006831,48.5111508],[3.79006398,48.51120097],[3.7900708,48.51120452],[3.79006468,48.51128886],[3.79002398,48.51128733],[3.79003033,48.5111966],[3.7900224,48.51119071],[3.79002904,48.51111071],[3.79007161,48.51111247]]]},"properties":{"id":"cadastre:39810239~partie","source":"Parcellaire Express (PCI DGFiP, IGN)","provenance":"cadastre","inCommune":true,"areaM2":59.9,"parts":1,"holes":0,"rnb":null,"ign":null,"osm":null,"derived":{"wallHeight":null,"roofHeight":null,"floors":null,"roofMaterials":[],"roofMaterialCode":null,"wallMaterialCode":null,"usage":null,"nature":null,"lightConstruction":false,"heightAccuracy":null},"cadastre":{"type":"Bâtiment en dur","codeInsee":"10220"},"validation":{"confidence":"B","status":"réintégré V2.0.1 : partie visible sur l’orthophoto 2025, absente du référentiel, géométrie issue de la source publique","evidence":["Parcellaire Express (PCI DGFiP, IGN) : cadastre:39810239 (Bâtiment en dur) — partie non couverte par le référentiel V1.6.2 (59.9 m² sur 181.3 m²)","BD ORTHO IGN 20 cm (avril 2025) : partie ouest à toiture brune","BD TOPO : absent à cet endroit","RNB : aucun point dans l’empreinte"]},"audit":{"version":"2.0.1","status":"réintégré","mode":"partie non couverte","sourceId":"cadastre:39810239","components":[191],"removedIn":null}}},{"type":"Feature","id":"cadastre:39810301~partie","geometry":{"type":"Polygon","coordinates":[[[3.78915327,48.51138937],[3.78914141,48.51146412],[3.78910117,48.51146289],[3.78910117,48.51146286],[3.78910147,48.51146064],[3.78911078,48.5113879],[3.78915327,48.51138937]]]},"properties":{"id":"cadastre:39810301~partie","source":"Parcellaire Express (PCI DGFiP, IGN)","provenance":"cadastre","inCommune":true,"areaM2":25.54,"parts":1,"holes":0,"rnb":null,"ign":null,"osm":null,"derived":{"wallHeight":null,"roofHeight":null,"floors":null,"roofMaterials":[],"roofMaterialCode":null,"wallMaterialCode":null,"usage":null,"nature":null,"lightConstruction":false,"heightAccuracy":null},"cadastre":{"type":"Bâtiment en dur","codeInsee":"10220"},"validation":{"confidence":"B","status":"réintégré V2.0.1 : partie visible sur l’orthophoto 2025, absente du référentiel, géométrie issue de la source publique","evidence":["Parcellaire Express (PCI DGFiP, IGN) : cadastre:39810301 (Bâtiment en dur) — partie non couverte par le référentiel V1.6.2 (25.5 m² sur 119.7 m²)","BD ORTHO IGN 20 cm (avril 2025) : annexe sombre accolée","BD TOPO : absent à cet endroit","RNB : aucun point dans l’empreinte"]},"audit":{"version":"2.0.1","status":"réintégré","mode":"partie non couverte","sourceId":"cadastre:39810301","components":[193],"removedIn":null}}},{"type":"Feature","id":"cadastre:39816533~partie","geometry":{"type":"Polygon","coordinates":[[[3.77434003,48.50245998],[3.77436992,48.50245535],[3.7743998,48.50245072],[3.77442016,48.50250826],[3.77437545,48.50251494],[3.77436587,48.50248963],[3.77435154,48.50249095],[3.77434003,48.50245998]]]},"properties":{"id":"cadastre:39816533~partie","source":"Parcellaire Express (PCI DGFiP, IGN)","provenance":"cadastre","inCommune":true,"areaM2":26.32,"parts":1,"holes":0,"rnb":null,"ign":null,"osm":null,"derived":{"wallHeight":null,"roofHeight":null,"floors":null,"roofMaterials":[],"roofMaterialCode":null,"wallMaterialCode":null,"usage":null,"nature":null,"lightConstruction":false,"heightAccuracy":null},"cadastre":{"type":"Bâtiment en dur","codeInsee":"10220"},"validation":{"confidence":"B","status":"réintégré V2.0.1 : partie visible sur l’orthophoto 2025, absente du référentiel, géométrie issue de la source publique","evidence":["Parcellaire Express (PCI DGFiP, IGN) : cadastre:39816533 (Bâtiment en dur) — partie non couverte par le référentiel V1.6.2 (26.3 m² sur 114.9 m²)","BD ORTHO IGN 20 cm (avril 2025) : annexe sombre accolée","BD TOPO : absent à cet endroit","RNB : aucun point dans l’empreinte"]},"audit":{"version":"2.0.1","status":"réintégré","mode":"partie non couverte","sourceId":"cadastre:39816533","components":[212],"removedIn":null}}},{"type":"Feature","id":"cadastre:39816785~partie","geometry":{"type":"Polygon","coordinates":[[[3.77479482,48.50191746],[3.77479732,48.50192386],[3.77475872,48.50193002],[3.77470996,48.50179962],[3.77474623,48.50179348],[3.77479482,48.50191746]]]},"properties":{"id":"cadastre:39816785~partie","source":"Parcellaire Express (PCI DGFiP, IGN)","provenance":"cadastre","inCommune":true,"areaM2":42.6,"parts":1,"holes":0,"rnb":null,"ign":null,"osm":null,"derived":{"wallHeight":null,"roofHeight":null,"floors":null,"roofMaterials":[],"roofMaterialCode":null,"wallMaterialCode":null,"usage":null,"nature":null,"lightConstruction":false,"heightAccuracy":null},"cadastre":{"type":"Bâtiment en dur","codeInsee":"10220"},"validation":{"confidence":"B","status":"réintégré V2.0.1 : partie visible sur l’orthophoto 2025, absente du référentiel, géométrie issue de la source publique","evidence":["Parcellaire Express (PCI DGFiP, IGN) : cadastre:39816785 (Bâtiment en dur) — partie non couverte par le référentiel V1.6.2 (42.6 m² sur 143.1 m²)","BD ORTHO IGN 20 cm (avril 2025) : partie ouest à toiture grise","BD TOPO : absent à cet endroit","RNB : aucun point dans l’empreinte"]},"audit":{"version":"2.0.1","status":"réintégré","mode":"partie non couverte","sourceId":"cadastre:39816785","components":[220],"removedIn":null}}},{"type":"Feature","id":"cadastre:39816867~partie","geometry":{"type":"Polygon","coordinates":[[[3.77887979,48.50050801],[3.77887978,48.50050801],[3.77891062,48.50058916],[3.77886143,48.50059431],[3.77883374,48.50050724],[3.77887758,48.5005022],[3.77887979,48.50050801]]]},"properties":{"id":"cadastre:39816867~partie","source":"Parcellaire Express (PCI DGFiP, IGN)","provenance":"cadastre","inCommune":true,"areaM2":34.5,"parts":1,"holes":0,"rnb":null,"ign":null,"osm":null,"derived":{"wallHeight":null,"roofHeight":null,"floors":null,"roofMaterials":[],"roofMaterialCode":null,"wallMaterialCode":null,"usage":null,"nature":null,"lightConstruction":false,"heightAccuracy":null},"cadastre":{"type":"Bâtiment en dur","codeInsee":"10220"},"validation":{"confidence":"B","status":"réintégré V2.0.1 : partie visible sur l’orthophoto 2025, absente du référentiel, géométrie issue de la source publique","evidence":["Parcellaire Express (PCI DGFiP, IGN) : cadastre:39816867 (Bâtiment en dur) — partie non couverte par le référentiel V1.6.2 (34.5 m² sur 615.3 m²)","BD ORTHO IGN 20 cm (avril 2025) : annexe accolée","BD TOPO : absent à cet endroit","RNB : aucun point dans l’empreinte"]},"audit":{"version":"2.0.1","status":"réintégré","mode":"partie non couverte","sourceId":"cadastre:39816867","components":[221],"removedIn":null}}},{"type":"Feature","id":"cadastre:39816946~partie","geometry":{"type":"Polygon","coordinates":[[[3.78347998,48.50095622],[3.78347691,48.50095634],[3.78347553,48.5009564],[3.78341532,48.50095898],[3.78341405,48.50086441],[3.78347523,48.50086383],[3.78347998,48.50095622]]]},"properties":{"id":"cadastre:39816946~partie","source":"Parcellaire Express (PCI DGFiP, IGN)","provenance":"cadastre","inCommune":true,"areaM2":48.34,"parts":1,"holes":0,"rnb":null,"ign":null,"osm":null,"derived":{"wallHeight":null,"roofHeight":null,"floors":null,"roofMaterials":[],"roofMaterialCode":null,"wallMaterialCode":null,"usage":null,"nature":null,"lightConstruction":false,"heightAccuracy":null},"cadastre":{"type":"Bâtiment en dur","codeInsee":"10220"},"validation":{"confidence":"B","status":"réintégré V2.0.1 : partie visible sur l’orthophoto 2025, absente du référentiel, géométrie issue de la source publique","evidence":["Parcellaire Express (PCI DGFiP, IGN) : cadastre:39816946 (Bâtiment en dur) — partie non couverte par le référentiel V1.6.2 (48.3 m² sur 205.5 m²)","BD ORTHO IGN 20 cm (avril 2025) : annexe à toiture grise accolée","BD TOPO : absent à cet endroit","RNB : aucun point dans l’empreinte"]},"audit":{"version":"2.0.1","status":"réintégré","mode":"partie non couverte","sourceId":"cadastre:39816946","components":[223],"removedIn":null}}},{"type":"Feature","id":"cadastre:39817029~partie","geometry":{"type":"Polygon","coordinates":[[[3.78004569,48.50173521],[3.78006478,48.5017333],[3.78006645,48.50174712],[3.78000963,48.50175109],[3.7800203,48.5018121],[3.77997168,48.50181962],[3.77995751,48.5017499],[3.77999739,48.50174613],[3.77999443,48.50172897],[3.78004419,48.50172558],[3.78004569,48.50173521]]]},"properties":{"id":"cadastre:39817029~partie","source":"Parcellaire Express (PCI DGFiP, IGN)","provenance":"cadastre","inCommune":true,"areaM2":39.63,"parts":1,"holes":0,"rnb":null,"ign":null,"osm":null,"derived":{"wallHeight":null,"roofHeight":null,"floors":null,"roofMaterials":[],"roofMaterialCode":null,"wallMaterialCode":null,"usage":null,"nature":null,"lightConstruction":false,"heightAccuracy":null},"cadastre":{"type":"Bâtiment en dur","codeInsee":"10220"},"validation":{"confidence":"B","status":"réintégré V2.0.1 : partie visible sur l’orthophoto 2025, absente du référentiel, géométrie issue de la source publique","evidence":["Parcellaire Express (PCI DGFiP, IGN) : cadastre:39817029 (Bâtiment en dur) — partie non couverte par le référentiel V1.6.2 (39.6 m² sur 184.2 m²)","BD ORTHO IGN 20 cm (avril 2025) : annexe grise accolée","BD TOPO : absent à cet endroit","RNB : aucun point dans l’empreinte"]},"audit":{"version":"2.0.1","status":"réintégré","mode":"partie non couverte","sourceId":"cadastre:39817029","components":[225],"removedIn":null}}},{"type":"Feature","id":"cadastre:39817205~partie","geometry":{"type":"Polygon","coordinates":[[[3.78150427,48.50320316],[3.78141707,48.50320194],[3.78141245,48.50317717],[3.78148339,48.50317362],[3.78147026,48.50310983],[3.78144666,48.50297954],[3.7814399,48.50298049],[3.78142492,48.50288343],[3.7814249,48.50288343],[3.78142442,48.50288034],[3.78144218,48.50287926],[3.78145485,48.50297562],[3.78146758,48.50297554],[3.78150427,48.50320316]]]},"properties":{"id":"cadastre:39817205~partie","source":"Parcellaire Express (PCI DGFiP, IGN)","provenance":"cadastre","inCommune":true,"areaM2":64.75,"parts":1,"holes":0,"rnb":null,"ign":null,"osm":null,"derived":{"wallHeight":null,"roofHeight":null,"floors":null,"roofMaterials":[],"roofMaterialCode":null,"wallMaterialCode":null,"usage":null,"nature":null,"lightConstruction":false,"heightAccuracy":null},"cadastre":{"type":"Bâtiment en dur","codeInsee":"10220"},"validation":{"confidence":"B","status":"réintégré V2.0.1 : partie visible sur l’orthophoto 2025, absente du référentiel, géométrie issue de la source publique","evidence":["Parcellaire Express (PCI DGFiP, IGN) : cadastre:39817205 (Bâtiment en dur) — partie non couverte par le référentiel V1.6.2 (64.8 m² sur 250.6 m²)","BD ORTHO IGN 20 cm (avril 2025) : annexe sombre accolée","BD TOPO : absent à cet endroit","RNB : aucun point dans l’empreinte"]},"audit":{"version":"2.0.1","status":"réintégré","mode":"partie non couverte","sourceId":"cadastre:39817205","components":[226],"removedIn":null}}},{"type":"Feature","id":"cadastre:39817341~partie","geometry":{"type":"MultiPolygon","coordinates":[[[[3.78075765,48.50485276],[3.78074356,48.5048572],[3.78074821,48.50486761],[3.78063242,48.50488528],[3.78062383,48.50486401],[3.78065431,48.50485959],[3.78075375,48.50484517],[3.78075765,48.50485276]]],[[[3.78088749,48.50481424],[3.78086145,48.50481923],[3.78081596,48.50482794],[3.78081399,48.50482832],[3.78080645,48.50480731],[3.78087934,48.50479333],[3.78087934,48.50479333],[3.78087999,48.5047932],[3.78088749,48.50481424]]]]},"properties":{"id":"cadastre:39817341~partie","source":"Parcellaire Express (PCI DGFiP, IGN)","provenance":"cadastre","inCommune":true,"areaM2":35.69,"parts":2,"holes":0,"rnb":null,"ign":null,"osm":null,"derived":{"wallHeight":null,"roofHeight":null,"floors":null,"roofMaterials":[],"roofMaterialCode":null,"wallMaterialCode":null,"usage":null,"nature":null,"lightConstruction":false,"heightAccuracy":null},"cadastre":{"type":"Bâtiment en dur","codeInsee":"10220"},"validation":{"confidence":"B","status":"réintégré V2.0.1 : partie visible sur l’orthophoto 2025, absente du référentiel, géométrie issue de la source publique","evidence":["Parcellaire Express (PCI DGFiP, IGN) : cadastre:39817341 (Bâtiment en dur) — partie non couverte par le référentiel V1.6.2 (35.7 m² sur 187 m²)","BD ORTHO IGN 20 cm (avril 2025) : annexe sombre accolée","BD TOPO : absent à cet endroit","RNB : aucun point dans l’empreinte"]},"audit":{"version":"2.0.1","status":"réintégré","mode":"partie non couverte","sourceId":"cadastre:39817341","components":[228,229],"removedIn":null}}},{"type":"Feature","id":"cadastre:39817418~partie","geometry":{"type":"Polygon","coordinates":[[[3.78291404,48.5026013],[3.78290232,48.50260506],[3.78290173,48.50261983],[3.78288428,48.50262066],[3.78288375,48.50263946],[3.78283151,48.5026408],[3.78283124,48.5025888],[3.78284062,48.50258891],[3.78284062,48.50258892],[3.78288666,48.50258952],[3.7828891,48.50257061],[3.78289964,48.50256892],[3.78290664,48.5025678],[3.7829137,48.50256666],[3.78291404,48.5026013]]]},"properties":{"id":"cadastre:39817418~partie","source":"Parcellaire Express (PCI DGFiP, IGN)","provenance":"cadastre","inCommune":true,"areaM2":32.36,"parts":1,"holes":0,"rnb":null,"ign":null,"osm":null,"derived":{"wallHeight":null,"roofHeight":null,"floors":null,"roofMaterials":[],"roofMaterialCode":null,"wallMaterialCode":null,"usage":null,"nature":null,"lightConstruction":false,"heightAccuracy":null},"cadastre":{"type":"Bâtiment en dur","codeInsee":"10220"},"validation":{"confidence":"B","status":"réintégré V2.0.1 : partie visible sur l’orthophoto 2025, absente du référentiel, géométrie issue de la source publique","evidence":["Parcellaire Express (PCI DGFiP, IGN) : cadastre:39817418 (Bâtiment en dur) — partie non couverte par le référentiel V1.6.2 (32.4 m² sur 202.2 m²)","BD ORTHO IGN 20 cm (avril 2025) : annexe sombre accolée","BD TOPO : absent à cet endroit","RNB : aucun point dans l’empreinte"]},"audit":{"version":"2.0.1","status":"réintégré","mode":"partie non couverte","sourceId":"cadastre:39817418","components":[231],"removedIn":null}}},{"type":"Feature","id":"cadastre:39817554~partie","geometry":{"type":"Polygon","coordinates":[[[3.78422259,48.5020111],[3.78422341,48.50203157],[3.78406587,48.50203414],[3.78406498,48.50201214],[3.78422244,48.50200749],[3.78422259,48.5020111]]]},"properties":{"id":"cadastre:39817554~partie","source":"Parcellaire Express (PCI DGFiP, IGN)","provenance":"cadastre","inCommune":true,"areaM2":29.83,"parts":1,"holes":0,"rnb":null,"ign":null,"osm":null,"derived":{"wallHeight":null,"roofHeight":null,"floors":null,"roofMaterials":[],"roofMaterialCode":null,"wallMaterialCode":null,"usage":null,"nature":null,"lightConstruction":false,"heightAccuracy":null},"cadastre":{"type":"Bâtiment en dur","codeInsee":"10220"},"validation":{"confidence":"B","status":"réintégré V2.0.1 : partie visible sur l’orthophoto 2025, absente du référentiel, géométrie issue de la source publique","evidence":["Parcellaire Express (PCI DGFiP, IGN) : cadastre:39817554 (Bâtiment en dur) — partie non couverte par le référentiel V1.6.2 (29.8 m² sur 62.2 m²)","BD ORTHO IGN 20 cm (avril 2025) : bâtiment en longueur à toiture sombre","BD TOPO : absent à cet endroit","RNB : aucun point dans l’empreinte"]},"audit":{"version":"2.0.1","status":"réintégré","mode":"partie non couverte","sourceId":"cadastre:39817554","components":[233],"removedIn":null}}},{"type":"Feature","id":"cadastre:39817867~partie","geometry":{"type":"Polygon","coordinates":[[[3.77974173,48.503745],[3.77976601,48.50374224],[3.779774,48.50376583],[3.77967806,48.50377878],[3.7796693,48.50374907],[3.77973996,48.50373882],[3.77974173,48.503745]]]},"properties":{"id":"cadastre:39817867~partie","source":"Parcellaire Express (PCI DGFiP, IGN)","provenance":"cadastre","inCommune":true,"areaM2":23.21,"parts":1,"holes":0,"rnb":null,"ign":null,"osm":null,"derived":{"wallHeight":null,"roofHeight":null,"floors":null,"roofMaterials":[],"roofMaterialCode":null,"wallMaterialCode":null,"usage":null,"nature":null,"lightConstruction":false,"heightAccuracy":null},"cadastre":{"type":"Bâtiment en dur","codeInsee":"10220"},"validation":{"confidence":"B","status":"réintégré V2.0.1 : partie visible sur l’orthophoto 2025, absente du référentiel, géométrie issue de la source publique","evidence":["Parcellaire Express (PCI DGFiP, IGN) : cadastre:39817867 (Bâtiment en dur) — partie non couverte par le référentiel V1.6.2 (23.2 m² sur 39.8 m²)","BD ORTHO IGN 20 cm (avril 2025) : annexe grise accolée","BD TOPO : absent à cet endroit","RNB : aucun point dans l’empreinte"]},"audit":{"version":"2.0.1","status":"réintégré","mode":"partie non couverte","sourceId":"cadastre:39817867","components":[236],"removedIn":null}}},{"type":"Feature","id":"cadastre:39817868~partie","geometry":{"type":"Polygon","coordinates":[[[3.77989209,48.503788],[3.77983967,48.50379509],[3.77983555,48.50379988],[3.77979662,48.50380428],[3.77978735,48.50377398],[3.7798163,48.50377114],[3.77981621,48.50376484],[3.77983169,48.50376273],[3.77988445,48.50375638],[3.77989209,48.503788]]]},"properties":{"id":"cadastre:39817868~partie","source":"Parcellaire Express (PCI DGFiP, IGN)","provenance":"cadastre","inCommune":true,"areaM2":26.48,"parts":1,"holes":0,"rnb":null,"ign":null,"osm":null,"derived":{"wallHeight":null,"roofHeight":null,"floors":null,"roofMaterials":[],"roofMaterialCode":null,"wallMaterialCode":null,"usage":null,"nature":null,"lightConstruction":false,"heightAccuracy":null},"cadastre":{"type":"Bâtiment en dur","codeInsee":"10220"},"validation":{"confidence":"B","status":"réintégré V2.0.1 : partie visible sur l’orthophoto 2025, absente du référentiel, géométrie issue de la source publique","evidence":["Parcellaire Express (PCI DGFiP, IGN) : cadastre:39817868 (Bâtiment en dur) — partie non couverte par le référentiel V1.6.2 (26.5 m² sur 33.3 m²)","BD ORTHO IGN 20 cm (avril 2025) : annexe grise accolée","BD TOPO : absent à cet endroit","RNB : aucun point dans l’empreinte"]},"audit":{"version":"2.0.1","status":"réintégré","mode":"partie non couverte","sourceId":"cadastre:39817868","components":[237],"removedIn":null}}},{"type":"Feature","id":"cadastre:39817903~partie","geometry":{"type":"Polygon","coordinates":[[[3.78028376,48.50431711],[3.78022288,48.50432654],[3.78019109,48.50423861],[3.7802524,48.50422924],[3.78028376,48.50431711]]]},"properties":{"id":"cadastre:39817903~partie","source":"Parcellaire Express (PCI DGFiP, IGN)","provenance":"cadastre","inCommune":true,"areaM2":46.54,"parts":1,"holes":0,"rnb":null,"ign":null,"osm":null,"derived":{"wallHeight":null,"roofHeight":null,"floors":null,"roofMaterials":[],"roofMaterialCode":null,"wallMaterialCode":null,"usage":null,"nature":null,"lightConstruction":false,"heightAccuracy":null},"cadastre":{"type":"Bâtiment en dur","codeInsee":"10220"},"validation":{"confidence":"B","status":"réintégré V2.0.1 : partie visible sur l’orthophoto 2025, absente du référentiel, géométrie issue de la source publique","evidence":["Parcellaire Express (PCI DGFiP, IGN) : cadastre:39817903 (Bâtiment en dur) — partie non couverte par le référentiel V1.6.2 (46.5 m² sur 162.7 m²)","BD ORTHO IGN 20 cm (avril 2025) : annexe claire accolée","BD TOPO : absent à cet endroit","RNB : aucun point dans l’empreinte"]},"audit":{"version":"2.0.1","status":"réintégré","mode":"partie non couverte","sourceId":"cadastre:39817903","components":[238],"removedIn":null}}},{"type":"Feature","id":"cadastre:39821646~partie","geometry":{"type":"Polygon","coordinates":[[[3.80623449,48.51158708],[3.80619343,48.51159003],[3.80617374,48.51148933],[3.80621137,48.51148599],[3.80623449,48.51158708]]]},"properties":{"id":"cadastre:39821646~partie","source":"Parcellaire Express (PCI DGFiP, IGN)","provenance":"cadastre","inCommune":true,"areaM2":33.15,"parts":1,"holes":0,"rnb":null,"ign":null,"osm":null,"derived":{"wallHeight":null,"roofHeight":null,"floors":null,"roofMaterials":[],"roofMaterialCode":null,"wallMaterialCode":null,"usage":null,"nature":null,"lightConstruction":false,"heightAccuracy":null},"cadastre":{"type":"Bâtiment en dur","codeInsee":"10220"},"validation":{"confidence":"B","status":"réintégré V2.0.1 : partie visible sur l’orthophoto 2025, absente du référentiel, géométrie issue de la source publique","evidence":["Parcellaire Express (PCI DGFiP, IGN) : cadastre:39821646 (Bâtiment en dur) — partie non couverte par le référentiel V1.6.2 (33.1 m² sur 74.3 m²)","BD ORTHO IGN 20 cm (avril 2025) : annexe sombre accolée","BD TOPO : absent à cet endroit","RNB : aucun point dans l’empreinte"]},"audit":{"version":"2.0.1","status":"réintégré","mode":"partie non couverte","sourceId":"cadastre:39821646","components":[244],"removedIn":null}}},{"type":"Feature","id":"cadastre:39821742~partie","geometry":{"type":"Polygon","coordinates":[[[3.80140393,48.5124971],[3.80140791,48.51250856],[3.80140729,48.51250865],[3.80140729,48.51250864],[3.80135249,48.51251659],[3.80123166,48.51253411],[3.80122579,48.51250447],[3.80122577,48.51250447],[3.80122456,48.51249831],[3.80133193,48.51248177],[3.80139522,48.51247202],[3.80140393,48.5124971]]]},"properties":{"id":"cadastre:39821742~partie","source":"Parcellaire Express (PCI DGFiP, IGN)","provenance":"cadastre","inCommune":true,"areaM2":53.6,"parts":1,"holes":0,"rnb":null,"ign":null,"osm":null,"derived":{"wallHeight":null,"roofHeight":null,"floors":null,"roofMaterials":[],"roofMaterialCode":null,"wallMaterialCode":null,"usage":null,"nature":null,"lightConstruction":false,"heightAccuracy":null},"cadastre":{"type":"Bâtiment en dur","codeInsee":"10220"},"validation":{"confidence":"B","status":"réintégré V2.0.1 : partie visible sur l’orthophoto 2025, absente du référentiel, géométrie issue de la source publique","evidence":["Parcellaire Express (PCI DGFiP, IGN) : cadastre:39821742 (Bâtiment en dur) — partie non couverte par le référentiel V1.6.2 (53.6 m² sur 285 m²)","BD ORTHO IGN 20 cm (avril 2025) : annexe grise accolée","BD TOPO : absent à cet endroit","RNB : aucun point dans l’empreinte"]},"audit":{"version":"2.0.1","status":"réintégré","mode":"partie non couverte","sourceId":"cadastre:39821742","components":[253],"removedIn":null}}},{"type":"Feature","id":"cadastre:39821840~partie","geometry":{"type":"Polygon","coordinates":[[[3.80317561,48.50072628],[3.80304272,48.5007295],[3.80304401,48.50075443],[3.8030151,48.50075559],[3.80300683,48.50067531],[3.80317472,48.50066869],[3.80317561,48.50072628]]]},"properties":{"id":"cadastre:39821840~partie","source":"Parcellaire Express (PCI DGFiP, IGN)","provenance":"cadastre","inCommune":true,"areaM2":82.72,"parts":1,"holes":0,"rnb":null,"ign":null,"osm":null,"derived":{"wallHeight":null,"roofHeight":null,"floors":null,"roofMaterials":[],"roofMaterialCode":null,"wallMaterialCode":null,"usage":null,"nature":null,"lightConstruction":false,"heightAccuracy":null},"cadastre":{"type":"Bâtiment en dur","codeInsee":"10220"},"validation":{"confidence":"B","status":"réintégré V2.0.1 : partie visible sur l’orthophoto 2025, absente du référentiel, géométrie issue de la source publique","evidence":["Parcellaire Express (PCI DGFiP, IGN) : cadastre:39821840 (Bâtiment en dur) — partie non couverte par le référentiel V1.6.2 (82.7 m² sur 108.7 m²)","BD ORTHO IGN 20 cm (avril 2025) : annexe basse accolée","BD TOPO : absent à cet endroit","RNB : aucun point dans l’empreinte"]},"audit":{"version":"2.0.1","status":"réintégré","mode":"partie non couverte","sourceId":"cadastre:39821840","components":[259],"removedIn":null}}},{"type":"Feature","id":"cadastre:39823542~partie","geometry":{"type":"Polygon","coordinates":[[[3.79109775,48.49894468],[3.7911021,48.49896445],[3.79111105,48.49902806],[3.79106455,48.49903163],[3.79105691,48.49893794],[3.79108566,48.4989366],[3.79109586,48.49893612],[3.79109775,48.49894468]]]},"properties":{"id":"cadastre:39823542~partie","source":"Parcellaire Express (PCI DGFiP, IGN)","provenance":"cadastre","inCommune":true,"areaM2":33.41,"parts":1,"holes":0,"rnb":null,"ign":null,"osm":null,"derived":{"wallHeight":null,"roofHeight":null,"floors":null,"roofMaterials":[],"roofMaterialCode":null,"wallMaterialCode":null,"usage":null,"nature":null,"lightConstruction":false,"heightAccuracy":null},"cadastre":{"type":"Bâtiment en dur","codeInsee":"10220"},"validation":{"confidence":"B","status":"réintégré V2.0.1 : partie visible sur l’orthophoto 2025, absente du référentiel, géométrie issue de la source publique","evidence":["Parcellaire Express (PCI DGFiP, IGN) : cadastre:39823542 (Bâtiment en dur) — partie non couverte par le référentiel V1.6.2 (33.4 m² sur 89.7 m²)","BD ORTHO IGN 20 cm (avril 2025) : appentis gris accolé","BD TOPO : absent à cet endroit","RNB : aucun point dans l’empreinte"]},"audit":{"version":"2.0.1","status":"réintégré","mode":"partie non couverte","sourceId":"cadastre:39823542","components":[276],"removedIn":null}}},{"type":"Feature","id":"cadastre:39823647~partie","geometry":{"type":"Polygon","coordinates":[[[3.77235531,48.50219196],[3.77235413,48.50219964],[3.77235412,48.50219964],[3.77235328,48.50220514],[3.77233675,48.50231266],[3.77229212,48.50231007],[3.77231146,48.50218849],[3.77235531,48.50219196]]]},"properties":{"id":"cadastre:39823647~partie","source":"Parcellaire Express (PCI DGFiP, IGN)","provenance":"cadastre","inCommune":true,"areaM2":44.48,"parts":1,"holes":0,"rnb":null,"ign":null,"osm":null,"derived":{"wallHeight":null,"roofHeight":null,"floors":null,"roofMaterials":[],"roofMaterialCode":null,"wallMaterialCode":null,"usage":null,"nature":null,"lightConstruction":false,"heightAccuracy":null},"cadastre":{"type":"Bâtiment en dur","codeInsee":"10220"},"validation":{"confidence":"B","status":"réintégré V2.0.1 : partie visible sur l’orthophoto 2025, absente du référentiel, géométrie issue de la source publique","evidence":["Parcellaire Express (PCI DGFiP, IGN) : cadastre:39823647 (Bâtiment en dur) — partie non couverte par le référentiel V1.6.2 (44.5 m² sur 118.4 m²)","BD ORTHO IGN 20 cm (avril 2025) : appentis gris accolé","BD TOPO : absent à cet endroit","RNB : aucun point dans l’empreinte"]},"audit":{"version":"2.0.1","status":"réintégré","mode":"partie non couverte","sourceId":"cadastre:39823647","components":[278],"removedIn":null}}},{"type":"Feature","id":"cadastre:39823688~partie","geometry":{"type":"Polygon","coordinates":[[[3.77206478,48.50181944],[3.77194922,48.5018318],[3.77193733,48.50178779],[3.77198745,48.50178196],[3.77199649,48.50181602],[3.7719965,48.50181602],[3.7720618,48.50180817],[3.77206478,48.50181944]]]},"properties":{"id":"cadastre:39823688~partie","source":"Parcellaire Express (PCI DGFiP, IGN)","provenance":"cadastre","inCommune":true,"areaM2":24.74,"parts":1,"holes":0,"rnb":null,"ign":null,"osm":null,"derived":{"wallHeight":null,"roofHeight":null,"floors":null,"roofMaterials":[],"roofMaterialCode":null,"wallMaterialCode":null,"usage":null,"nature":null,"lightConstruction":false,"heightAccuracy":null},"cadastre":{"type":"Bâtiment en dur","codeInsee":"10220"},"validation":{"confidence":"B","status":"réintégré V2.0.1 : partie visible sur l’orthophoto 2025, absente du référentiel, géométrie issue de la source publique","evidence":["Parcellaire Express (PCI DGFiP, IGN) : cadastre:39823688 (Bâtiment en dur) — partie non couverte par le référentiel V1.6.2 (24.7 m² sur 43.5 m²)","BD ORTHO IGN 20 cm (avril 2025) : appentis accolé","BD TOPO : absent à cet endroit","RNB : aucun point dans l’empreinte"]},"audit":{"version":"2.0.1","status":"réintégré","mode":"partie non couverte","sourceId":"cadastre:39823688","components":[279],"removedIn":null}}},{"type":"Feature","id":"cadastre:39823875~partie","geometry":{"type":"Polygon","coordinates":[[[3.79166739,48.49888358],[3.7916343,48.49888713],[3.79162157,48.49883408],[3.79165848,48.49883128],[3.79166739,48.49888358]]]},"properties":{"id":"cadastre:39823875~partie","source":"Parcellaire Express (PCI DGFiP, IGN)","provenance":"cadastre","inCommune":true,"areaM2":15.42,"parts":1,"holes":0,"rnb":null,"ign":null,"osm":null,"derived":{"wallHeight":null,"roofHeight":null,"floors":null,"roofMaterials":[],"roofMaterialCode":null,"wallMaterialCode":null,"usage":null,"nature":null,"lightConstruction":true,"heightAccuracy":null},"cadastre":{"type":"Construction légère","codeInsee":"10220"},"validation":{"confidence":"B","status":"réintégré V2.0.1 : partie visible sur l’orthophoto 2025, absente du référentiel, géométrie issue de la source publique","evidence":["Parcellaire Express (PCI DGFiP, IGN) : cadastre:39823875 (Construction légère) — partie non couverte par le référentiel V1.6.2 (15.4 m² sur 22 m²)","BD ORTHO IGN 20 cm (avril 2025) : annexe à toiture claire accolée","BD TOPO : absent à cet endroit","RNB : aucun point dans l’empreinte"]},"audit":{"version":"2.0.1","status":"réintégré","mode":"partie non couverte","sourceId":"cadastre:39823875","components":[305],"removedIn":null}}},{"type":"Feature","id":"cadastre:40921102~partie","geometry":{"type":"Polygon","coordinates":[[[3.79007429,48.50740944],[3.79007176,48.50741104],[3.79003541,48.50743396],[3.78997958,48.50739483],[3.79001888,48.5073701],[3.79001887,48.50737009],[3.79001948,48.50736971],[3.79007429,48.50740944]]]},"properties":{"id":"cadastre:40921102~partie","source":"Parcellaire Express (PCI DGFiP, IGN)","provenance":"cadastre","inCommune":true,"areaM2":24.02,"parts":1,"holes":0,"rnb":null,"ign":null,"osm":null,"derived":{"wallHeight":null,"roofHeight":null,"floors":null,"roofMaterials":[],"roofMaterialCode":null,"wallMaterialCode":null,"usage":null,"nature":null,"lightConstruction":false,"heightAccuracy":null},"cadastre":{"type":"Bâtiment en dur","codeInsee":"10220"},"validation":{"confidence":"B","status":"réintégré V2.0.1 : partie visible sur l’orthophoto 2025, absente du référentiel, géométrie issue de la source publique","evidence":["Parcellaire Express (PCI DGFiP, IGN) : cadastre:40921102 (Bâtiment en dur) — partie non couverte par le référentiel V1.6.2 (24 m² sur 144.4 m²)","BD ORTHO IGN 20 cm (avril 2025) : annexe grise accolée","BD TOPO : absent à cet endroit","RNB : aucun point dans l’empreinte"]},"audit":{"version":"2.0.1","status":"réintégré","mode":"partie non couverte","sourceId":"cadastre:40921102","components":[319],"removedIn":null}}},{"type":"Feature","id":"cadastre:40921234~partie","geometry":{"type":"MultiPolygon","coordinates":[[[[3.78687677,48.50939946],[3.78681946,48.50946012],[3.78686708,48.50948188],[3.78684917,48.50950032],[3.78676904,48.50946585],[3.78684423,48.50938492],[3.78687677,48.50939946]]],[[[3.78706169,48.50945222],[3.78711516,48.50940598],[3.7871751,48.50943078],[3.78713897,48.50946709],[3.78711787,48.50948828],[3.78705929,48.50946312],[3.78705489,48.50946765],[3.78693623,48.5094167],[3.78694993,48.50940258],[3.78706169,48.50945222]]]]},"properties":{"id":"cadastre:40921234~partie","source":"Parcellaire Express (PCI DGFiP, IGN)","provenance":"cadastre","inCommune":true,"areaM2":100.52,"parts":2,"holes":0,"rnb":null,"ign":null,"osm":null,"derived":{"wallHeight":null,"roofHeight":null,"floors":null,"roofMaterials":[],"roofMaterialCode":null,"wallMaterialCode":null,"usage":null,"nature":null,"lightConstruction":false,"heightAccuracy":null},"cadastre":{"type":"Bâtiment en dur","codeInsee":"10220"},"validation":{"confidence":"B","status":"réintégré V2.0.1 : partie visible sur l’orthophoto 2025, absente du référentiel, géométrie issue de la source publique","evidence":["Parcellaire Express (PCI DGFiP, IGN) : cadastre:40921234 (Bâtiment en dur) — partie non couverte par le référentiel V1.6.2 (100.5 m² sur 1333.1 m²)","BD ORTHO IGN 20 cm (avril 2025) : verrière accolée au bâtiment","BD TOPO : absent à cet endroit","RNB : aucun point dans l’empreinte"]},"audit":{"version":"2.0.1","status":"réintégré","mode":"partie non couverte","sourceId":"cadastre:40921234","components":[320,321],"removedIn":null}}},{"type":"Feature","id":"way/588789810~partie","geometry":{"type":"Polygon","coordinates":[[[3.80500714,48.51078947],[3.80498397,48.51079137],[3.80499288,48.51084258],[3.8049929,48.51084258],[3.8049937,48.51084721],[3.80498717,48.51084774],[3.80497891,48.51084838],[3.8049687,48.5107931],[3.80496132,48.5107937],[3.80495369,48.5107522],[3.80499961,48.5107485],[3.80500714,48.51078947]]]},"properties":{"id":"way/588789810~partie","source":"OpenStreetMap","provenance":"osm","inCommune":true,"areaM2":22.72,"parts":1,"holes":0,"rnb":null,"ign":null,"osm":{"ids":["way/588789810"],"donor":"way/588789810","coverage":0,"tags":{"building":"yes","source":"ORTHO Express IGN 2025","id":"way/588789810"},"sourceTag":"ORTHO Express IGN 2025"},"derived":{"wallHeight":null,"roofHeight":null,"floors":null,"roofMaterials":[],"roofMaterialCode":null,"wallMaterialCode":null,"usage":null,"nature":null,"lightConstruction":false,"heightAccuracy":null},"cadastre":null,"validation":{"confidence":"B","status":"réintégré V2.0.1 : partie visible sur l’orthophoto 2025, absente du référentiel, géométrie issue de la source publique","evidence":["OpenStreetMap : way/588789810 (building=yes) — partie non couverte par le référentiel V1.6.2 (22.7 m² sur 53.5 m²)","BD ORTHO IGN 20 cm (avril 2025) : annexe grise accolée","BD TOPO : absent à cet endroit","RNB : aucun point dans l’empreinte"]},"audit":{"version":"2.0.1","status":"réintégré","mode":"partie non couverte","sourceId":"way/588789810","components":[356],"removedIn":null}}},{"type":"Feature","id":"way/588791664~partie","geometry":{"type":"Polygon","coordinates":[[[3.7682025,48.5042791],[3.7681386,48.5042921],[3.76805951,48.5043048],[3.76804898,48.50428337],[3.7681782,48.50425898],[3.76816979,48.5042424],[3.76817449,48.50424156],[3.7681839,48.5042399],[3.7682025,48.5042791]]]},"properties":{"id":"way/588791664~partie","source":"OpenStreetMap","provenance":"osm","inCommune":true,"areaM2":31.11,"parts":1,"holes":0,"rnb":null,"ign":null,"osm":{"ids":["way/588791664"],"donor":"way/588791664","coverage":0,"tags":{"building":"yes","source":"cadastre-dgi-fr source : Direction Générale des Finances Publiques - Cadastre. Mise à jour : 2018","wall":"no","id":"way/588791664"},"sourceTag":"cadastre-dgi-fr source : Direction Générale des Finances Publiques - Cadastre. Mise à jour : 2018"},"derived":{"wallHeight":null,"roofHeight":null,"floors":null,"roofMaterials":[],"roofMaterialCode":null,"wallMaterialCode":null,"usage":null,"nature":null,"lightConstruction":false,"heightAccuracy":null},"cadastre":null,"validation":{"confidence":"B","status":"réintégré V2.0.1 : partie visible sur l’orthophoto 2025, absente du référentiel, géométrie issue de la source publique","evidence":["OpenStreetMap : way/588791664 (building=yes) — partie non couverte par le référentiel V1.6.2 (31.1 m² sur 51.2 m²)","BD ORTHO IGN 20 cm (avril 2025) : annexe claire entre deux corps de bâtiment","BD TOPO : absent à cet endroit","RNB : aucun point dans l’empreinte"]},"audit":{"version":"2.0.1","status":"réintégré","mode":"partie non couverte","sourceId":"way/588791664","components":[358],"removedIn":null}}},{"type":"Feature","id":"way/588791678~partie","geometry":{"type":"Polygon","coordinates":[[[3.78986133,48.50548615],[3.78988345,48.50547696],[3.78988344,48.50547695],[3.78993171,48.50552092],[3.7898988,48.50553719],[3.78984762,48.50549186],[3.78986133,48.50548615]]]},"properties":{"id":"way/588791678~partie","source":"OpenStreetMap","provenance":"osm","inCommune":true,"areaM2":18.96,"parts":1,"holes":0,"rnb":null,"ign":null,"osm":{"ids":["way/588791678"],"donor":"way/588791678","coverage":0,"tags":{"building":"yes","source":"cadastre-dgi-fr source : Direction Générale des Finances Publiques - Cadastre. Mise à jour : 2018","id":"way/588791678"},"sourceTag":"cadastre-dgi-fr source : Direction Générale des Finances Publiques - Cadastre. Mise à jour : 2018"},"derived":{"wallHeight":null,"roofHeight":null,"floors":null,"roofMaterials":[],"roofMaterialCode":null,"wallMaterialCode":null,"usage":null,"nature":null,"lightConstruction":false,"heightAccuracy":null},"cadastre":null,"validation":{"confidence":"B","status":"réintégré V2.0.1 : partie visible sur l’orthophoto 2025, absente du référentiel, géométrie issue de la source publique","evidence":["OpenStreetMap : way/588791678 (building=yes) — partie non couverte par le référentiel V1.6.2 (19 m² sur 125.1 m²)","BD ORTHO IGN 20 cm (avril 2025) : annexe grise accolée","BD TOPO : absent à cet endroit","RNB : aucun point dans l’empreinte"]},"audit":{"version":"2.0.1","status":"réintégré","mode":"partie non couverte","sourceId":"way/588791678","components":[359],"removedIn":null}}},{"type":"Feature","id":"way/588791987~partie","geometry":{"type":"Polygon","coordinates":[[[3.7861998,48.5052564],[3.78615189,48.5052562],[3.78615157,48.50519669],[3.7862012,48.50519636],[3.7861998,48.5052564]]]},"properties":{"id":"way/588791987~partie","source":"OpenStreetMap","provenance":"osm","inCommune":true,"areaM2":23.93,"parts":1,"holes":0,"rnb":null,"ign":null,"osm":{"ids":["way/588791987"],"donor":"way/588791987","coverage":0,"tags":{"building":"yes","source":"cadastre-dgi-fr source : Direction Générale des Finances Publiques - Cadastre. Mise à jour : 2018","id":"way/588791987"},"sourceTag":"cadastre-dgi-fr source : Direction Générale des Finances Publiques - Cadastre. Mise à jour : 2018"},"derived":{"wallHeight":null,"roofHeight":null,"floors":null,"roofMaterials":[],"roofMaterialCode":null,"wallMaterialCode":null,"usage":null,"nature":null,"lightConstruction":false,"heightAccuracy":null},"cadastre":null,"validation":{"confidence":"B","status":"réintégré V2.0.1 : partie visible sur l’orthophoto 2025, absente du référentiel, géométrie issue de la source publique","evidence":["OpenStreetMap : way/588791987 (building=yes) — partie non couverte par le référentiel V1.6.2 (23.9 m² sur 51.7 m²)","BD ORTHO IGN 20 cm (avril 2025) : abri à toiture claire","BD TOPO : absent à cet endroit","RNB : aucun point dans l’empreinte"]},"audit":{"version":"2.0.1","status":"réintégré","mode":"partie non couverte","sourceId":"way/588791987","components":[362],"removedIn":null}}},{"type":"Feature","id":"way/588792057","geometry":{"type":"Polygon","coordinates":[[[3.78176741,48.5037284],[3.78176041,48.503702],[3.78183011,48.5036953],[3.7818358,48.503722],[3.78176741,48.5037284]]]},"properties":{"id":"way/588792057","source":"OpenStreetMap","provenance":"osm","inCommune":true,"areaM2":15.4,"parts":1,"holes":0,"rnb":null,"ign":null,"osm":{"ids":["way/588792057"],"donor":"way/588792057","coverage":0,"tags":{"building":"yes","source":"cadastre-dgi-fr source : Direction Générale des Finances Publiques - Cadastre. Mise à jour : 2018","id":"way/588792057"},"sourceTag":"cadastre-dgi-fr source : Direction Générale des Finances Publiques - Cadastre. Mise à jour : 2018"},"derived":{"wallHeight":null,"roofHeight":null,"floors":null,"roofMaterials":[],"roofMaterialCode":null,"wallMaterialCode":null,"usage":null,"nature":null,"lightConstruction":false,"heightAccuracy":null},"cadastre":null,"validation":{"confidence":"B","status":"réintégré V2.0.1 : construction visible sur l’orthophoto 2025, géométrie de la source publique","evidence":["OpenStreetMap : way/588792057 (building=yes)","BD ORTHO IGN 20 cm (avril 2025) : annexe sombre accolée visible (retrait à annuler)","BD TOPO : absent à cet endroit","RNB : aucun point dans l’empreinte","retiré en V1.6.1 (absent de la BD TOPO, du cadastre actuel et du RNB) ; retrait annulé : la construction est visible sur l’orthophoto 2025"]},"audit":{"version":"2.0.1","status":"réintégré","mode":"empreinte entière","sourceId":"way/588792057","components":[363,417],"removedIn":"1.6.1"}}},{"type":"Feature","id":"way/588792826~partie","geometry":{"type":"Polygon","coordinates":[[[3.78116236,48.50513529],[3.7811999,48.5051389],[3.78118611,48.5051981],[3.78110836,48.50519443],[3.78109349,48.50519373],[3.78109378,48.50519316],[3.78112483,48.50513167],[3.78116236,48.50513529]]]},"properties":{"id":"way/588792826~partie","source":"OpenStreetMap","provenance":"osm","inCommune":true,"areaM2":42.82,"parts":1,"holes":0,"rnb":null,"ign":null,"osm":{"ids":["way/588792826"],"donor":"way/588792826","coverage":0,"tags":{"building":"yes","source":"cadastre-dgi-fr source : Direction Générale des Finances Publiques - Cadastre. Mise à jour : 2018","id":"way/588792826"},"sourceTag":"cadastre-dgi-fr source : Direction Générale des Finances Publiques - Cadastre. Mise à jour : 2018"},"derived":{"wallHeight":null,"roofHeight":null,"floors":null,"roofMaterials":[],"roofMaterialCode":null,"wallMaterialCode":null,"usage":null,"nature":null,"lightConstruction":false,"heightAccuracy":null},"cadastre":null,"validation":{"confidence":"B","status":"réintégré V2.0.1 : partie visible sur l’orthophoto 2025, absente du référentiel, géométrie issue de la source publique","evidence":["OpenStreetMap : way/588792826 (building=yes) — partie non couverte par le référentiel V1.6.2 (42.8 m² sur 134.3 m²)","BD ORTHO IGN 20 cm (avril 2025) : garage à toiture claire accolé","BD TOPO : absent à cet endroit","RNB : aucun point dans l’empreinte"]},"audit":{"version":"2.0.1","status":"réintégré","mode":"partie non couverte","sourceId":"way/588792826","components":[370],"removedIn":null}}},{"type":"Feature","id":"way/588792877","geometry":{"type":"Polygon","coordinates":[[[3.7812106,48.50517],[3.7812522,48.5051282],[3.78129291,48.505146],[3.7812513,48.5051878],[3.7812106,48.50517]]]},"properties":{"id":"way/588792877","source":"OpenStreetMap","provenance":"osm","inCommune":true,"areaM2":20.05,"parts":1,"holes":0,"rnb":null,"ign":null,"osm":{"ids":["way/588792877"],"donor":"way/588792877","coverage":0,"tags":{"building":"yes","id":"way/588792877"},"sourceTag":null},"derived":{"wallHeight":null,"roofHeight":null,"floors":null,"roofMaterials":[],"roofMaterialCode":null,"wallMaterialCode":null,"usage":null,"nature":null,"lightConstruction":false,"heightAccuracy":null},"cadastre":null,"validation":{"confidence":"B","status":"réintégré V2.0.1 : construction visible sur l’orthophoto 2025, géométrie de la source publique","evidence":["OpenStreetMap : way/588792877 (building=yes)","BD ORTHO IGN 20 cm (avril 2025) : abri gris visible (retrait à annuler)","BD TOPO : absent à cet endroit","RNB : aucun point dans l’empreinte","retiré en V1.6.1 (absent de la BD TOPO, du cadastre actuel et du RNB) ; retrait annulé : la construction est visible sur l’orthophoto 2025"]},"audit":{"version":"2.0.1","status":"réintégré","mode":"empreinte entière","sourceId":"way/588792877","components":[371,428],"removedIn":"1.6.1"}}},{"type":"Feature","id":"way/588792955","geometry":{"type":"Polygon","coordinates":[[[3.76823541,48.506182],[3.7682293,48.5061442],[3.7682834,48.5061403],[3.7682896,48.5061782],[3.76823541,48.506182]]]},"properties":{"id":"way/588792955","source":"OpenStreetMap","provenance":"osm","inCommune":true,"areaM2":17.02,"parts":1,"holes":0,"rnb":null,"ign":null,"osm":{"ids":["way/588792955"],"donor":"way/588792955","coverage":0,"tags":{"building":"yes","id":"way/588792955"},"sourceTag":null},"derived":{"wallHeight":null,"roofHeight":null,"floors":null,"roofMaterials":[],"roofMaterialCode":null,"wallMaterialCode":null,"usage":null,"nature":null,"lightConstruction":false,"heightAccuracy":null},"cadastre":null,"validation":{"confidence":"B","status":"réintégré V2.0.1 : construction visible sur l’orthophoto 2025, géométrie de la source publique","evidence":["OpenStreetMap : way/588792955 (building=yes)","BD ORTHO IGN 20 cm (avril 2025) : abri sombre visible (retrait à annuler)","BD TOPO : absent à cet endroit","RNB : aucun point dans l’empreinte","retiré en V1.6.1 (absent de la BD TOPO, du cadastre actuel et du RNB) ; retrait annulé : la construction est visible sur l’orthophoto 2025"]},"audit":{"version":"2.0.1","status":"réintégré","mode":"empreinte entière","sourceId":"way/588792955","components":[372,429],"removedIn":"1.6.1"}}},{"type":"Feature","id":"way/588793377","geometry":{"type":"Polygon","coordinates":[[[3.7790431,48.5000483],[3.7790269,48.500009],[3.779074,48.4999997],[3.77909029,48.5000393],[3.7790431,48.5000483]]]},"properties":{"id":"way/588793377","source":"OpenStreetMap","provenance":"osm","inCommune":true,"areaM2":16.5,"parts":1,"holes":0,"rnb":null,"ign":null,"osm":{"ids":["way/588793377"],"donor":"way/588793377","coverage":0,"tags":{"building":"yes","source":"cadastre-dgi-fr source : Direction Générale des Finances Publiques - Cadastre. Mise à jour : 2018","id":"way/588793377"},"sourceTag":"cadastre-dgi-fr source : Direction Générale des Finances Publiques - Cadastre. Mise à jour : 2018"},"derived":{"wallHeight":null,"roofHeight":null,"floors":null,"roofMaterials":[],"roofMaterialCode":null,"wallMaterialCode":null,"usage":null,"nature":null,"lightConstruction":false,"heightAccuracy":null},"cadastre":null,"validation":{"confidence":"B","status":"réintégré V2.0.1 : construction visible sur l’orthophoto 2025, géométrie de la source publique","evidence":["OpenStreetMap : way/588793377 (building=yes)","BD ORTHO IGN 20 cm (avril 2025) : abri gris visible (retrait à annuler)","BD TOPO : absent à cet endroit","RNB : aucun point dans l’empreinte","retiré en V1.6.1 (absent de la BD TOPO, du cadastre actuel et du RNB) ; retrait annulé : la construction est visible sur l’orthophoto 2025"]},"audit":{"version":"2.0.1","status":"réintégré","mode":"empreinte entière","sourceId":"way/588793377","components":[373,436],"removedIn":"1.6.1"}}},{"type":"Feature","id":"way/935473873","geometry":{"type":"Polygon","coordinates":[[[3.77065381,48.5017657],[3.7706372,48.5017007],[3.7707135,48.5016922],[3.7707301,48.5017571],[3.77065381,48.5017657]]]},"properties":{"id":"way/935473873","source":"OpenStreetMap","provenance":"osm","inCommune":true,"areaM2":41.86,"parts":1,"holes":0,"rnb":null,"ign":null,"osm":{"ids":["way/935473873"],"donor":"way/935473873","coverage":0,"tags":{"building":"yes","id":"way/935473873"},"sourceTag":null},"derived":{"wallHeight":null,"roofHeight":null,"floors":null,"roofMaterials":[],"roofMaterialCode":null,"wallMaterialCode":null,"usage":null,"nature":null,"lightConstruction":false,"heightAccuracy":null},"cadastre":null,"validation":{"confidence":"B","status":"réintégré V2.0.1 : construction visible sur l’orthophoto 2025, géométrie de la source publique","evidence":["OpenStreetMap : way/935473873 (building=yes)","BD ORTHO IGN 20 cm (avril 2025) : abri gris visible (retrait à annuler)","BD TOPO : absent à cet endroit","RNB : aucun point dans l’empreinte","retiré en V1.6.1 (absent de la BD TOPO, du cadastre actuel et du RNB) ; retrait annulé : la construction est visible sur l’orthophoto 2025"]},"audit":{"version":"2.0.1","status":"réintégré","mode":"empreinte entière","sourceId":"way/935473873","components":[377,440],"removedIn":"1.6.1"}}},{"type":"Feature","id":"way/1433821870","geometry":{"type":"Polygon","coordinates":[[[3.7868589,48.5045537],[3.7868503,48.504504],[3.7868979,48.5045004],[3.7869065,48.5045501],[3.7868589,48.5045537]]]},"properties":{"id":"way/1433821870","source":"OpenStreetMap","provenance":"osm","inCommune":true,"areaM2":19.68,"parts":1,"holes":0,"rnb":null,"ign":null,"osm":{"ids":["way/1433821870"],"donor":"way/1433821870","coverage":0,"tags":{"building":"yes","id":"way/1433821870"},"sourceTag":null},"derived":{"wallHeight":null,"roofHeight":null,"floors":null,"roofMaterials":[],"roofMaterialCode":null,"wallMaterialCode":null,"usage":null,"nature":null,"lightConstruction":false,"heightAccuracy":null},"cadastre":null,"validation":{"confidence":"B","status":"réintégré V2.0.1 : construction visible sur l’orthophoto 2025, géométrie de la source publique","evidence":["OpenStreetMap : way/1433821870 (building=yes)","BD ORTHO IGN 20 cm (avril 2025) : annexe grise visible (retrait à annuler)","BD TOPO : absent à cet endroit","RNB : aucun point dans l’empreinte","retiré en V1.6.1 (absent de la BD TOPO, du cadastre actuel et du RNB) ; retrait annulé : la construction est visible sur l’orthophoto 2025"]},"audit":{"version":"2.0.1","status":"réintégré","mode":"empreinte entière","sourceId":"way/1433821870","components":[379,442],"removedIn":"1.6.1"}}}]}
