{"type":"FeatureCollection","metadata":{"source":"IGN BD TOPO","retrievedAt":"2026-09-10T12:49:17.545Z","license":"Licence Ouverte 2.0"},"features":[{"type":"Feature","id":"ZONEVEGE0000000220909026","geometry":{"type":"MultiPolygon","coordinates":[[[[3.80924135,48.5222345],[3.80921006,48.52222481],[3.80906519,48.5222276],[3.80901374,48.52222795],[3.80894773,48.52225089],[3.80898656,48.52231],[3.80900063,48.52234409],[3.80894854,48.52239122],[3.80891939,48.5224328],[3.80894148,48.52246054],[3.8089536,48.52245596],[3.80905057,48.52242112],[3.80911408,48.52241169],[3.80920324,48.52239759],[3.80928571,48.52238803],[3.80933302,48.52238231],[3.80938034,48.52237749],[3.80940874,48.5223746],[3.80933944,48.52235977],[3.80932562,48.52234188],[3.80928616,48.52232955],[3.80927062,48.52228827],[3.80925694,48.52227937],[3.80924135,48.5222345]]]]},"properties":{"nature":"Peupleraie","precision":3,"modifiedAt":"2013-10-18T12:11:49.108Z"}},{"type":"Feature","id":"ZONEVEGE0000002321892371","geometry":{"type":"MultiPolygon","coordinates":[[[[3.76306132,48.50345439],[3.76297696,48.50342525],[3.76289982,48.50342664],[3.76291524,48.50346343],[3.76303402,48.50353194],[3.76307414,48.50349839],[3.76306132,48.50345439]]]]},"properties":{"nature":"Haie","precision":3,"modifiedAt":null}},{"type":"Feature","id":"ZONEVEGE0000002321890984","geometry":{"type":"MultiPolygon","coordinates":[[[[3.78371191,48.50255349],[3.78367625,48.50252224],[3.78360869,48.50253078],[3.78357676,48.50256878],[3.7835925,48.50262535],[3.78368715,48.50261753],[3.78371191,48.50255349]]]]},"properties":{"nature":"Haie","precision":3,"modifiedAt":null}},{"type":"Feature","id":"ZONEVEGE0000002321901626","geometry":{"type":"MultiPolygon","coordinates":[[[[3.76253785,48.50786324],[3.76257196,48.50778835],[3.7626645,48.50772748],[3.76274086,48.50767211],[3.76283158,48.50767243],[3.76287666,48.50760737],[3.76302263,48.50749668],[3.76298178,48.50748075],[3.76293051,48.50749277],[3.76286489,48.50744911],[3.76281908,48.5074647],[3.76276506,48.50747404],[3.76273812,48.50748321],[3.76268411,48.50749345],[3.76265717,48.50750262],[3.76250975,48.50751346],[3.76237627,48.5075512],[3.76235461,48.50755134],[3.76232422,48.50751016],[3.7621981,48.50749567],[3.76210138,48.50745491],[3.76204685,48.50742917],[3.76201421,48.50741858],[3.76197851,48.50738463],[3.76197787,48.50734055],[3.76193687,48.50731382],[3.76178647,48.50730579],[3.76176959,48.50726182],[3.76173168,48.50726206],[3.76170448,48.50725324],[3.7616774,48.50725341],[3.76166238,48.50724451],[3.7616079,48.50722237],[3.76160857,48.50717468],[3.76155642,48.50712644],[3.76161925,48.50707116],[3.76161597,48.5070316],[3.76175104,48.50701004],[3.76195117,48.50699346],[3.76200919,48.5069796],[3.7620467,48.50695237],[3.76209015,48.50696108],[3.76211888,48.50698159],[3.76220657,48.50696034],[3.76227154,48.50695902],[3.76232975,48.50695865],[3.76235803,48.50694857],[3.76254741,48.50693746],[3.76265813,48.50691696],[3.76322222,48.50688455],[3.76366196,48.50686643],[3.76382143,48.50684651],[3.76403374,48.50682985],[3.7643097,48.50681368],[3.76443808,48.50679756],[3.76450563,48.50678813],[3.76473561,48.50677586],[3.76486529,48.50675613],[3.76490455,48.50675588],[3.76503723,48.50675592],[3.76543749,48.50672276],[3.76562687,48.50671164],[3.76570795,48.50670122],[3.76584182,48.50669047],[3.76590938,48.50668103],[3.76611229,48.50666983],[3.76620691,48.50665932],[3.7663529,48.50664399],[3.76637412,48.50661326],[3.76646209,48.5066118],[3.76649352,48.50663139],[3.76678708,48.506616],[3.76688171,48.50660639],[3.76712517,48.50659043],[3.76712483,48.50656704],[3.76711117,48.50655903],[3.76710259,48.5065276],[3.76699979,48.50653366],[3.76671849,48.50655437],[3.7664479,48.50656691],[3.76639388,48.50657625],[3.76611387,48.50659245],[3.7659354,48.5066089],[3.76588138,48.50661824],[3.76551209,48.50663951],[3.76494953,48.50668362],[3.76459116,48.50671111],[3.76448989,48.50672976],[3.76420718,48.50674687],[3.76407194,48.50675674],[3.7638555,48.50676892],[3.76377447,48.50678294],[3.76341881,48.50681041],[3.76316716,48.50682193],[3.76310509,48.50683672],[3.76285622,48.50685271],[3.76259648,48.50686697],[3.76239773,48.50688534],[3.76221116,48.50690363],[3.76193789,48.50691798],[3.76189741,48.50692723],[3.76172292,48.50693825],[3.76157415,48.5069491],[3.76132659,48.50696238],[3.76106016,48.50698208],[3.76100616,48.50699232],[3.76084523,48.50700505],[3.76088226,48.5070381],[3.76116253,48.507039],[3.7612284,48.50700709],[3.7613274,48.50701815],[3.76134669,48.50704142],[3.76139965,48.50705277],[3.76140188,48.50711304],[3.76137667,48.50714828],[3.76140155,48.50718321],[3.76141795,48.5071939],[3.76148561,48.50719167],[3.76149955,48.50721947],[3.76150006,48.50725455],[3.76154108,48.50728217],[3.76158318,48.5072909],[3.76171419,48.50736293],[3.76181814,48.50734247],[3.76187023,48.50738622],[3.76188416,48.50741312],[3.76193175,48.50742721],[3.76196777,48.50748365],[3.76203761,48.50753808],[3.76206384,48.507573],[3.76207749,48.50758101],[3.76205229,48.50761716],[3.76213029,48.50767423],[3.76215976,48.50765245],[3.76220737,48.50766744],[3.76235353,48.50775647],[3.76234014,48.50776735],[3.7622865,48.50780278],[3.7623141,48.50783858],[3.76234676,48.50785007],[3.76246564,48.50783221],[3.76253785,48.50786324]]]]},"properties":{"nature":"Haie","precision":3,"modifiedAt":null}},{"type":"Feature","id":"ZONEVEGE0000002321901624","geometry":{"type":"MultiPolygon","coordinates":[[[[3.75004218,48.53168459],[3.75004338,48.53148397],[3.74981319,48.53148902],[3.74969565,48.53151045],[3.74966031,48.53150168],[3.74964662,48.53149187],[3.74960149,48.53146157],[3.74955861,48.53149422],[3.74952644,48.53151781],[3.7494801,48.53149742],[3.74943922,48.53148058],[3.74938945,48.53150428],[3.74935446,48.5315207],[3.74932445,48.53150559],[3.7493253,48.5314705],[3.74928296,48.53144558],[3.74932354,48.53144173],[3.74939128,48.5314431],[3.74939297,48.53137202],[3.74934381,48.53134354],[3.74934785,48.53124726],[3.74933144,48.53123657],[3.74927007,48.53120727],[3.74925653,48.53111289],[3.74926439,48.53109395],[3.74927359,48.5310741],[3.7493662,48.53101504],[3.74940627,48.53097521],[3.74941806,48.53094725],[3.74948518,48.53090544],[3.74946185,48.530884],[3.74939703,48.5308979],[3.74932339,48.53095774],[3.74928471,48.53099936],[3.74922942,48.5310168],[3.74913695,48.53108576],[3.74910345,48.53111116],[3.74908139,48.53108431],[3.74909698,48.53103743],[3.74923905,48.53093218],[3.74931455,48.53090742],[3.74934771,48.53085863],[3.74937603,48.53084945],[3.74947005,48.53079398],[3.74958824,48.53081843],[3.74964683,48.53084325],[3.7497304,48.53090929],[3.74972412,48.53094352],[3.74971172,48.53102366],[3.74984878,48.53104169],[3.749919,48.53102685],[3.74989142,48.53099284],[3.74990849,48.53095495],[3.7500111,48.53093181],[3.75003676,48.53092625],[3.75006646,48.53091977],[3.75006747,48.53089547],[3.75004955,48.53087399],[3.75002612,48.53084535],[3.750023,48.53081659],[3.7500632,48.53078664],[3.75011444,48.53077013],[3.7501453,48.53075014],[3.75013402,48.53062427],[3.75015888,48.53056294],[3.75020203,48.53054917],[3.75022,48.53047979],[3.75032303,48.53039188],[3.75027211,48.53033552],[3.75019099,48.53034593],[3.75017524,48.53038111],[3.75016196,48.53039919],[3.7501488,48.53042626],[3.75013551,48.53044434],[3.75011042,48.53048948],[3.75005929,48.53051319],[3.75004272,48.5304908],[3.75002769,48.5304819],[3.75004686,48.53040171],[3.75005194,48.53037829],[3.75003764,48.53032531],[3.75000796,48.53033359],[3.74993241,48.53035476],[3.74991347,48.53026132],[3.74985913,48.53024996],[3.74984681,48.53024105],[3.7498318,48.53023304],[3.74983268,48.53019975],[3.74975253,48.53018317],[3.74973167,48.53014551],[3.74978145,48.53012181],[3.74993288,48.53010286],[3.74996023,48.53012158],[3.75004072,48.53016156],[3.75007504,48.53019373],[3.75009161,48.53021611],[3.75016538,48.53025973],[3.75019685,48.53028202],[3.75026458,48.53028249],[3.75034626,48.5302163],[3.75026996,48.5301853],[3.75015443,48.53015724],[3.75014049,48.53012944],[3.75008995,48.53010007],[3.75006925,48.53007322],[3.75010905,48.53001449],[3.75015081,48.52999893],[3.75019125,48.52998518],[3.7502571,48.52994878],[3.75032443,48.52992137],[3.75036479,48.52990222],[3.75055541,48.52987763],[3.75064667,48.52981858],[3.75064506,48.5298006],[3.75068811,48.52978053],[3.7507423,48.52978109],[3.75077982,48.52975297],[3.75082009,48.52972752],[3.75083978,48.52968332],[3.75087347,48.52967141],[3.75096017,48.52967266],[3.75096898,48.52962583],[3.75092527,48.52960001],[3.75098041,48.52957268],[3.75112119,48.52956729],[3.75117427,48.52958495],[3.75120129,48.52958028],[3.75123498,48.52956837],[3.75130393,48.52955894],[3.75134293,48.5295398],[3.75136989,48.52953063],[3.75141026,48.52951239],[3.75150493,48.52950279],[3.75153052,48.52949273],[3.75155213,48.5294881],[3.75156203,48.52951772],[3.75152705,48.52953414],[3.75146506,48.52955612],[3.75148208,48.52960909],[3.75164472,48.52961706],[3.75172231,48.52964356],[3.75179527,48.5296314],[3.75178572,48.5295316],[3.75185728,48.52951586],[3.75190452,48.52950476],[3.75202252,48.52951571],[3.75206491,48.52954423],[3.75212555,48.52952226],[3.75215156,48.52954188],[3.75213696,48.52956267],[3.75207657,48.52960173],[3.75206357,48.5296396],[3.75205054,48.52967566],[3.75202385,48.52970282],[3.75204361,48.52975847],[3.75201443,48.52980184],[3.75194578,48.52983196],[3.75195213,48.52989669],[3.75192957,48.52992922],[3.75181577,48.52992724],[3.75179984,48.52994983],[3.75179668,48.53001283],[3.75180141,48.53015403],[3.7520369,48.53014085],[3.75221407,48.53012264],[3.75234947,48.53002462],[3.7523709,48.53000829],[3.7523558,48.52999399],[3.75232835,48.52996898],[3.75232937,48.52994558],[3.7524087,48.5299046],[3.75242112,48.52982625],[3.75241563,48.52972733],[3.75243025,48.52970745],[3.75244112,48.52961562],[3.75242871,48.5296004],[3.75241354,48.52958161],[3.75240099,48.5295565],[3.75241154,48.52953664],[3.75242618,48.52951855],[3.75244824,48.52945094],[3.75251833,48.52942711],[3.75251659,48.52940013],[3.75251631,48.52938124],[3.75257402,48.52934399],[3.75263467,48.52932292],[3.75264897,48.52928145],[3.75266361,48.52926336],[3.75271669,48.52928102],[3.75277193,48.52926088],[3.75280909,48.52920756],[3.75285873,48.52917486],[3.75291679,48.5291619],[3.75299507,48.52914251],[3.75311954,48.52913273],[3.75315867,48.52912259],[3.75325604,48.52911207],[3.75337077,48.52908436],[3.75342887,48.52907499],[3.75345716,48.52906402],[3.75350542,48.52902953],[3.75356464,48.52900306],[3.75362735,48.52893699],[3.7537163,48.52890674],[3.75377487,48.5288353],[3.75388052,48.52883553],[3.75392235,48.52882447],[3.75389477,48.52879046],[3.75388782,48.52877791],[3.75388084,48.52876356],[3.75386555,48.52873667],[3.7538516,48.52870797],[3.7539204,48.52868864],[3.75395548,48.52867942],[3.75397266,48.52864963],[3.75392776,48.52863552],[3.75390191,48.52862759],[3.75390235,48.52856371],[3.75392892,48.52852756],[3.75392521,48.52845831],[3.75393982,48.52843843],[3.75395174,48.52841946],[3.75394187,48.52839253],[3.75390961,48.52831537],[3.75389385,48.5282552],[3.75397491,48.52824119],[3.75398818,48.52822221],[3.75398639,48.52819164],[3.75398599,48.52816375],[3.75402604,48.52812302],[3.75403784,48.52809595],[3.7541237,48.52803873],[3.7541803,48.52801948],[3.75421084,48.52797701],[3.75426342,48.52795958],[3.75430513,48.52794042],[3.7543727,48.5279301],[3.75439965,48.52792093],[3.75444015,48.52791168],[3.7544671,48.52790161],[3.75454971,48.52790109],[3.75457396,48.52789194],[3.75466863,48.52788234],[3.75470898,48.52786319],[3.75477696,48.52788075],[3.75485846,48.52789733],[3.75491302,48.52792397],[3.75495513,48.5279327],[3.75496894,48.5279515],[3.7550236,48.52798444],[3.7550388,48.52800593],[3.75507159,48.52802552],[3.75513309,48.52806381],[3.75515397,48.52810326],[3.75513536,48.52812767],[3.75515105,48.52818245],[3.75515068,48.52825082],[3.75511945,48.52833918],[3.75507942,48.52838082],[3.75510307,48.52842475],[3.75512545,48.52847408],[3.75517077,48.52851698],[3.75518989,48.52862211],[3.75520369,48.52864001],[3.75522334,48.52868757],[3.75524657,48.52870181],[3.75527256,48.52871964],[3.75530809,48.52874191],[3.7553669,48.52878112],[3.75542947,48.52879961],[3.75554214,48.52881689],[3.75556147,48.52884285],[3.75559974,48.5288669],[3.7557015,48.52887885],[3.75572474,48.52889399],[3.75575468,48.5289037],[3.7558619,48.52891921],[3.75588908,48.52892533],[3.75591896,48.52893144],[3.75594726,48.52892136],[3.75610141,48.52890329],[3.75616122,48.5289182],[3.75618977,48.52892612],[3.75629266,48.52892277],[3.75630744,48.52891458],[3.75638804,48.52886818],[3.756415,48.52885902],[3.75646741,48.52883079],[3.756535,48.52882137],[3.75657537,48.52880312],[3.75661984,48.52878754],[3.75670988,48.52873839],[3.75673561,48.52873823],[3.75677745,48.52872806],[3.75681594,48.52867384],[3.7568332,48.52864944],[3.75682242,48.52846599],[3.7567399,48.52837835],[3.75672583,48.52834246],[3.75666967,48.52829873],[3.75665407,48.52825026],[3.75665495,48.52821696],[3.75667909,48.52820062],[3.75669386,48.52819153],[3.75672045,48.52815717],[3.75666938,48.52809093],[3.75663012,48.52809208],[3.75660033,48.52809227],[3.7565822,48.5280564],[3.75654107,48.52802157],[3.75652713,48.52799467],[3.7565106,48.52797499],[3.75651068,48.52788682],[3.75647106,48.52786279],[3.75645462,48.5278503],[3.75649353,48.52782486],[3.75654023,48.52777598],[3.75659011,48.52775947],[3.75662764,48.52773225],[3.75662843,48.52769356],[3.75664437,48.52767187],[3.75667942,48.52765995],[3.75678023,48.52760713],[3.75685593,48.52759675],[3.75687485,48.52759393],[3.75689342,48.52756682],[3.75686757,48.52755889],[3.756839,48.52755008],[3.75683864,48.52752489],[3.75689613,48.52747325],[3.75695822,48.52745846],[3.75699859,48.52744021],[3.75709421,48.52740272],[3.7572158,48.52738125],[3.75726743,48.52739262],[3.75735016,48.52740019],[3.75740459,48.52741783],[3.75745887,48.52742558],[3.75750237,48.5274361],[3.75753792,48.52745926],[3.75768708,48.52747181],[3.75769212,48.52744569],[3.75770087,48.52739525],[3.7577163,48.52743204],[3.75775718,48.52744887],[3.75780624,48.52747015],[3.7578273,48.52752129],[3.75787513,48.52755067],[3.7579877,48.52756165],[3.75801072,48.5275615],[3.75808361,48.52754395],[3.75823379,48.52753309],[3.75830047,48.52755516],[3.75832497,48.5275631],[3.75837356,48.52755199],[3.75856837,48.52753636],[3.75859298,48.52755239],[3.75867485,48.52759415],[3.75873399,48.52756319],[3.75877844,48.52754581],[3.75882017,48.52752845],[3.75893783,48.52751601],[3.75901934,48.52753348],[3.75904532,48.52755041],[3.75917412,48.52755948],[3.75930203,48.52760094],[3.75937259,48.52760949],[3.7593998,48.52761831],[3.75947314,48.52763224],[3.7596502,48.52760682],[3.75966538,48.52762651],[3.75967782,48.52764352],[3.75974798,48.52762508],[3.75977077,48.52760874],[3.75979626,48.52759239],[3.75995262,48.52754011],[3.76001847,48.5275046],[3.76006757,48.52752858],[3.76010031,48.52754456],[3.76019209,48.52752239],[3.76021833,48.5275573],[3.76028684,48.52751818],[3.7603016,48.52750909],[3.76035282,48.52749167],[3.76036981,48.52744928],[3.76030995,48.52743077],[3.76027268,48.52738243],[3.76032741,48.5273272],[3.76034628,48.52732079],[3.76041771,48.52729694],[3.76043201,48.52725547],[3.76044926,48.52723107],[3.7604233,48.52721504],[3.7603768,48.52718385],[3.76032658,48.52717697],[3.76032075,48.52714822],[3.76026646,48.52714047],[3.76025279,48.52713157],[3.76017813,48.52712035],[3.76014393,48.52709628],[3.76008815,48.52707954],[3.76001467,48.52705572],[3.75999257,48.52702618],[3.75996537,48.52701825],[3.75994993,48.52698057],[3.75994969,48.52696438],[3.7599495,48.52695088],[3.75988827,48.52693148],[3.75986153,48.52686238],[3.75979769,48.5268493],[3.75977008,48.52681349],[3.75975357,48.5267956],[3.75972124,48.5268075],[3.75967407,48.526824],[3.75963479,48.52682335],[3.75966136,48.5267881],[3.75967691,48.52673942],[3.7596996,48.52671588],[3.75971111,48.52666903],[3.75968242,48.52665212],[3.75965097,48.52663163],[3.75968968,48.5265927],[3.7597444,48.52663013],[3.7597649,48.5266426],[3.75983652,48.5267249],[3.759863,48.52677691],[3.759904,48.52680184],[3.75993024,48.52683676],[3.75998386,48.52689219],[3.76020919,48.52702029],[3.76035067,48.52706347],[3.76040013,48.52711173],[3.76048422,48.52712019],[3.76064207,48.52717136],[3.76072752,48.52717981],[3.76072806,48.52721669],[3.76083825,48.52725017],[3.76088051,48.52726879],[3.76096842,48.52735369],[3.76110002,48.52736904],[3.76113987,48.52740837],[3.76117557,48.52744232],[3.76123271,48.52745995],[3.76130626,48.52748827],[3.76135985,48.527541],[3.76141282,48.52755146],[3.76142833,48.52759364],[3.76144487,48.52761333],[3.76144414,48.52765651],[3.76144753,48.52770327],[3.76148716,48.52772731],[3.7615015,48.52778209],[3.7615194,48.52780267],[3.76158501,48.52784363],[3.76159935,48.52789841],[3.76162804,48.52791532],[3.76165551,48.52794213],[3.76168272,48.52795006],[3.76173728,48.5279767],[3.76185147,48.52800565],[3.7619007,48.52803772],[3.76194416,48.52804644],[3.76198383,48.52807317],[3.76200706,48.52808742],[3.76205153,48.52807184],[3.76209338,48.52806258],[3.76216006,48.52808374],[3.76217902,48.52808362],[3.76233604,48.52807721],[3.76237123,48.52807609],[3.76235982,48.52794302],[3.76234479,48.52793412],[3.76234671,48.52788013],[3.76230325,48.52787141],[3.76231627,48.52783534],[3.76232125,48.52780562],[3.76232079,48.52777414],[3.76228678,48.52776356],[3.76228763,48.52772847],[3.76227123,48.52771868],[3.76228585,48.5276997],[3.76228411,48.52767272],[3.76222969,48.52765598],[3.76221562,48.52762008],[3.76215976,48.52759705],[3.76216178,48.52755026],[3.76214402,48.52753958],[3.76214578,48.52747389],[3.76207301,48.52740599],[3.76207509,48.52736279],[3.76205186,48.52734855],[3.76202176,48.52732805],[3.76200173,48.52725441],[3.76198806,48.5272455],[3.76196963,48.52718894],[3.76194503,48.52717381],[3.76193271,48.52716489],[3.76187707,48.52715715],[3.76190377,48.52713089],[3.76191526,48.52708224],[3.76189204,48.52706889],[3.76186062,48.5270502],[3.76184211,48.52698825],[3.76181732,48.52695962],[3.76180283,48.52689494],[3.76175366,48.52686647],[3.76173451,48.5268531],[3.76171402,48.52684153],[3.76173263,48.52681712],[3.76174179,48.52679547],[3.76170502,48.52678132],[3.76169083,48.52673643],[3.76166226,48.52672761],[3.76166335,48.52670961],[3.76165846,48.52665297],[3.76161885,48.52662983],[3.76160463,48.52658314],[3.76156363,48.52655822],[3.76154962,48.52652592],[3.76158298,48.52649152],[3.76160034,48.52647432],[3.76157848,48.52646096],[3.76155935,48.52644939],[3.76153311,48.52641447],[3.76151519,48.526393],[3.76146191,48.52636185],[3.76148593,48.52633651],[3.76155753,48.52632436],[3.76156944,48.52630539],[3.76150797,48.5262689],[3.76147428,48.52628081],[3.7614392,48.52629003],[3.76140189,48.52623899],[3.76136517,48.52622843],[3.76134171,48.52619799],[3.76136928,48.52613844],[3.76133368,48.52611168],[3.76130084,48.5260885],[3.76127615,48.52597351],[3.761221,48.52590639],[3.76120542,48.52585971],[3.76115077,48.52582678],[3.7611368,48.52579718],[3.76117436,48.52577265],[3.76118882,48.52574197],[3.76116286,48.52572684],[3.76111915,48.52570103],[3.76108084,48.52567429],[3.76105911,48.52566993],[3.76105053,48.5256385],[3.76103685,48.52562959],[3.76105013,48.52561151],[3.76105934,48.52559256],[3.76100875,48.5255596],[3.76099277,48.52548503],[3.76096545,48.52546902],[3.76095001,48.52543133],[3.76091585,48.52541086],[3.76087482,48.52538323],[3.76085229,48.525324],[3.76082473,48.52529089],[3.76082426,48.52525851],[3.76064451,48.52519129],[3.76062093,48.52515276],[3.76184213,48.5247518],[3.76199718,48.52470403],[3.76234567,48.52547906],[3.76234594,48.52549705],[3.76234772,48.52552673],[3.76237529,48.52555984],[3.762362,48.52557702],[3.76235153,48.52560227],[3.76240502,48.52564871],[3.76241143,48.52571704],[3.76242582,48.52586808],[3.76246249,48.52587505],[3.76247923,48.52590912],[3.76251338,48.5259287],[3.76257324,48.5259472],[3.76259009,48.52598848],[3.76261469,48.52600361],[3.76265779,48.52598714],[3.76276887,48.52598913],[3.76282015,48.52597621],[3.76288909,48.52596677],[3.76291508,48.52598459],[3.76293959,48.52599343],[3.76296775,48.52597436],[3.76299728,48.52595618],[3.76302166,48.52595602],[3.76311235,48.52595274],[3.7631595,48.52593534],[3.7631847,48.5258983],[3.76326597,48.52589958],[3.76331716,48.52588036],[3.76341318,48.52587074],[3.76345502,48.52586058],[3.76349837,48.5258612],[3.76352796,48.52594018],[3.76352425,48.52615071],[3.76352439,48.5261606],[3.76352163,48.52624968],[3.76352094,48.52629557],[3.7635202,48.52633786],[3.76351955,48.52638644],[3.76351697,48.52648811],[3.76351635,48.52653849],[3.76351382,48.52664377],[3.76351404,48.52665906],[3.76351141,48.52675713],[3.76350658,48.52698387],[3.76331179,48.52700041],[3.76329174,48.52701853],[3.7632911,48.5273469],[3.76326454,48.52738305],[3.76325165,48.52742811],[3.76323837,48.52744619],[3.76325764,48.52756032],[3.76325698,48.527608],[3.76327491,48.52763038],[3.76324839,48.52766923],[3.76328671,48.52769687],[3.76330374,48.52774984],[3.76325964,48.52779061],[3.76323582,48.52782944],[3.76324818,48.52784106],[3.76328936,48.52787858],[3.76323679,48.52789601],[3.76323854,48.52792299],[3.76322513,48.52793207],[3.76323892,48.52794907],[3.76323913,48.52796346],[3.76320948,48.52797355],[3.76318791,48.52798089],[3.76320583,48.52800236],[3.76322797,48.52803461],[3.76322977,48.52806518],[3.76321399,48.52809767],[3.76302028,48.52809531],[3.76298488,48.52808295],[3.76277777,48.52809057],[3.76278918,48.52822364],[3.7628909,48.52823288],[3.7632217,48.52825505],[3.76353545,48.52822245],[3.76392825,48.52813086],[3.76400062,48.52807822],[3.76397045,48.52805233],[3.76398637,48.52802973],[3.76405377,48.52800771],[3.76409419,48.52799306],[3.76412204,48.52795239],[3.76417317,48.52792958],[3.76422558,48.52790135],[3.76432158,48.52788994],[3.76434681,48.52785559],[3.76437228,48.52783743],[3.76439089,48.52781303],[3.76442592,48.52780021],[3.7644623,48.52778738],[3.76447768,48.5277279],[3.76450184,48.52771245],[3.76457343,48.5276994],[3.76461231,48.52767216],[3.76465274,48.52765841],[3.7646508,48.52761794],[3.76467775,48.52760877],[3.76472895,48.52759045],[3.76474969,48.52752644],[3.7648237,48.52749358],[3.76483654,48.52744492],[3.76484982,48.52742684],[3.76486378,48.52736288],[3.76492442,48.52734179],[3.76494032,48.5273174],[3.76498727,48.52728651],[3.76500326,48.52726842],[3.76497815,48.5272182],[3.76497923,48.5271993],[3.7650857,48.52716353],[3.76509855,48.52711577],[3.76517769,48.52706308],[3.76522963,48.52700247],[3.76528632,48.52698951],[3.76533752,48.52697119],[3.76539156,48.52696185],[3.76544532,48.52693361],[3.76550044,48.52690537],[3.76557874,48.52688777],[3.76562724,48.52687037],[3.76570604,48.52688695],[3.76572911,48.5268904],[3.76576818,48.52687576],[3.76585743,48.52686619],[3.7659324,48.52689899],[3.76593303,48.52694217],[3.7659741,48.52697249],[3.76600723,48.52701546],[3.76603135,48.52708997],[3.76607234,48.5271149],[3.76605894,48.52712488],[3.76606089,48.52716535],[3.7661017,48.52717768],[3.76617537,48.52721409],[3.76622482,48.52726145],[3.76632822,48.52747849],[3.76656324,48.52762001],[3.76682466,48.52771369],[3.76697302,48.52776401],[3.76701386,48.52777814],[3.76725386,48.52779638],[3.76727719,48.52781782],[3.76745881,48.52782654],[3.76747932,48.52783991],[3.76750665,48.52785592],[3.76763369,48.52783711],[3.76767588,48.52785123],[3.76789267,48.52785703],[3.76793343,48.52786576],[3.76802025,48.5278751],[3.76806933,48.52789727],[3.76810999,48.52789881],[3.76815164,48.52787605],[3.76817719,48.52786329],[3.7685936,48.52781292],[3.7686453,48.52782877],[3.76867796,48.52783936],[3.76873361,48.5278471],[3.76878481,48.52782877],[3.7689633,48.52780873],[3.76913128,48.52781124],[3.76923168,48.52782318],[3.76935504,48.52783048],[3.76946625,48.52784056],[3.76950317,48.52786461],[3.76953174,48.52787342],[3.76958345,48.52789018],[3.76962692,48.52789889],[3.76964745,48.52791315],[3.76972896,48.52792972],[3.76975403,48.52797723],[3.76983273,48.52798662],[3.76987349,48.52799535],[3.76992779,48.528004],[3.77000871,48.52807274],[3.77010636,48.52808201],[3.77013237,48.52810073],[3.77018156,48.5281301],[3.77026979,48.52814302],[3.77032436,48.52816966],[3.77038013,48.52818639],[3.77046315,48.52821374],[3.7704894,48.52824865],[3.77050457,48.52826745],[3.77064923,48.52834118],[3.77069916,48.52842092],[3.77075231,48.52844306],[3.77077693,48.52846],[3.77079426,48.52853275],[3.77089326,48.52854201],[3.77094388,48.52857586],[3.77102393,48.52858524],[3.77104081,48.52862831],[3.77111755,48.52868899],[3.77113869,48.52874463],[3.77116764,48.52877952],[3.77116792,48.52879841],[3.77116817,48.52881551],[3.77119025,48.52884325],[3.77125795,48.52884191],[3.7712631,48.52882389],[3.77127611,48.52878692],[3.77128903,48.52883721],[3.77135191,48.52887639],[3.77138557,48.52886267],[3.77144018,48.52889201],[3.77174246,48.52890804],[3.77176682,48.52890698],[3.77179202,48.52887083],[3.77180532,48.52885365],[3.7718279,48.52882382],[3.77189944,48.52880716],[3.77193857,48.52879701],[3.77211313,48.52878598],[3.77212847,48.52872381],[3.77217926,48.5286776],[3.77219237,48.52864873],[3.77221896,48.52861437],[3.77225592,48.52854936],[3.7722687,48.52849709],[3.77230913,48.52848334],[3.77232787,48.52837616],[3.77230742,48.52827554],[3.77230153,48.52824319],[3.77221234,48.52807284],[3.77206264,48.52774815],[3.77204056,48.52753689],[3.77206707,48.52749713],[3.77207837,48.52743679],[3.77206062,48.52742701],[3.77202234,48.52740296],[3.77200814,48.52735808],[3.7719942,48.52733118],[3.77199469,48.52718094],[3.77201592,48.52715111],[3.77201837,48.52713311],[3.77202674,48.52705748],[3.7719859,48.52704335],[3.77203172,48.52702776],[3.77208066,48.52694828],[3.77207896,48.5269249],[3.77207534,48.52686285],[3.77209525,48.52683573],[3.77211301,48.52675375],[3.77207748,48.52673239],[3.77213918,48.52669151],[3.77215344,48.52664823],[3.77221688,48.52663343],[3.77222967,48.52658207],[3.77225903,48.52655309],[3.77228451,48.52653583],[3.77239123,48.52651715],[3.77244639,48.5264916],[3.77251257,48.52647947],[3.77258275,48.52646282],[3.77272206,48.52644932],[3.77277082,48.52644991],[3.77282417,48.52648554],[3.77301913,48.52648068],[3.77310205,48.52650173],[3.77314832,48.52651672],[3.77320398,48.52652536],[3.77322723,48.5265405],[3.77324091,48.5265503],[3.77326003,48.52656098],[3.77332739,48.52653625],[3.77335433,48.52652618],[3.77344758,48.52651298],[3.77348646,48.52648573],[3.77353643,48.52647641],[3.77355457,48.52651228],[3.77360907,48.52653442],[3.77366303,48.52651967],[3.7736981,48.52651045],[3.77375809,48.52653704],[3.77381373,48.52654478],[3.77387215,48.52655699],[3.77394719,48.52659429],[3.77396376,48.52661577],[3.77400476,48.52664069],[3.7740446,48.52667912],[3.77411546,48.52670834],[3.77413183,48.52680809],[3.77418618,48.52681943],[3.77422564,48.52683177],[3.77424108,48.52686856],[3.7742019,48.52687511],[3.77416002,48.52688258],[3.77414126,48.52689619],[3.77417271,48.52691668],[3.77421748,48.52692179],[3.77425682,48.52692603],[3.77427103,48.52697092],[3.77428606,48.52697982],[3.77431069,48.52699675],[3.77448014,48.52700734],[3.77438147,48.52702058],[3.77435442,48.52702345],[3.77434156,48.52706942],[3.77438119,48.52709345],[3.7743998,48.5271617],[3.77443115,48.52717499],[3.77445297,48.52718474],[3.77446866,48.52723862],[3.77448245,48.52725562],[3.77450756,48.52730493],[3.77447956,48.52742656],[3.77446181,48.52750854],[3.77445001,48.52753471],[3.77443741,48.52759866],[3.77442811,48.52761132],[3.77441616,48.52762759],[3.77443169,48.52766977],[3.77445989,48.52774516],[3.77448722,48.52776207],[3.7744567,48.52780455],[3.77443205,48.52787758],[3.77441875,48.52789476],[3.77443458,48.52795763],[3.77441082,48.52799917],[3.77441242,48.52801625],[3.77442372,48.52804766],[3.77441218,48.52809182],[3.77442465,48.52811063],[3.77443873,48.52814652],[3.77450706,48.52818836],[3.7745224,48.52821795],[3.77454987,48.52824386],[3.77456368,48.52826176],[3.77460331,48.52828579],[3.77467391,48.52829702],[3.77471917,48.52833541],[3.77475648,48.52838555],[3.77487444,48.52839378],[3.77490306,48.52840618],[3.77494805,48.52842568],[3.77500509,48.52843611],[3.77505468,48.5284007],[3.77508148,48.52838163],[3.77512198,48.52837237],[3.7751905,48.52833504],[3.77524305,48.5283167],[3.77526999,48.52830663],[3.77531064,48.52830727],[3.77534698,48.52829174],[3.77536025,48.52827366],[3.77533406,48.52824234],[3.77533476,48.52819826],[3.77537499,48.52817101],[3.77536962,48.52808288],[3.77538423,48.52806299],[3.77539535,48.52799095],[3.77542204,48.52796379],[3.77543518,48.52793671],[3.77545386,48.5279177],[3.77547388,48.52789778],[3.77545872,48.52787988],[3.77542559,48.52783782],[3.77547206,48.52777454],[3.77549044,48.52773484],[3.77549423,48.52771682],[3.77546938,48.5276846],[3.77545407,48.52765681],[3.77550745,48.52760338],[3.77551911,48.52756732],[3.7755458,48.52754016],[3.77556025,48.52751038],[3.77563804,48.52745859],[3.77565051,48.52738564],[3.77567719,48.52735848],[3.77569556,48.52731788],[3.77575764,48.52730308],[3.77579382,48.52727675],[3.77580749,48.5271939],[3.7758437,48.52716937],[3.7758799,48.52714485],[3.77589877,48.52704667],[3.77588992,48.52699815],[3.77577331,48.52698901],[3.77586931,48.52697849],[3.77593383,48.52694478],[3.7759484,48.5269231],[3.77597509,48.52689593],[3.77599234,48.52687153],[3.77605163,48.52685135],[3.77606603,48.52681797],[3.77602657,48.52680564],[3.77605326,48.52677847],[3.77606652,48.52675949],[3.77614431,48.52670771],[3.7761841,48.52665077],[3.77623674,48.52663873],[3.776251,48.52659546],[3.77627757,48.5265602],[3.77630262,48.52651416],[3.77638371,48.52650283],[3.77647414,48.52638979],[3.77652947,48.52637683],[3.77661811,48.52632588],[3.77669909,48.52630735],[3.77671597,48.52625777],[3.77679709,48.52624824],[3.77682538,48.52623816],[3.7768629,48.52621092],[3.77689106,48.52619185],[3.7769707,48.52617424],[3.77699764,48.52616416],[3.77713293,48.52615428],[3.77719874,48.52611697],[3.77730574,48.52611717],[3.77733255,48.5260981],[3.77737559,48.52607803],[3.77745523,48.52606041],[3.77754922,48.52600492],[3.77763889,48.52602413],[3.77770878,48.52598769],[3.77783859,48.52597424],[3.77789993,48.52600083],[3.77795436,48.52601757],[3.7779683,48.52604446],[3.77799018,48.52605871],[3.77801735,48.52606393],[3.77813554,48.52608835],[3.7781599,48.52608729],[3.77817315,48.52606741],[3.7781851,48.52605114],[3.77825403,48.52604169],[3.77831422,48.52608178],[3.77839064,48.52612086],[3.77840445,48.52613877],[3.7784224,48.52616204],[3.7785702,48.52617367],[3.77860714,48.52619861],[3.77866428,48.52621623],[3.77874457,48.52624179],[3.77884359,48.52625194],[3.77887778,48.52627421],[3.77896326,48.52628444],[3.77907603,48.52630889],[3.77931722,48.52631631],[3.77936975,48.52629707],[3.77942428,48.526321],[3.77945819,48.52632438],[3.77953414,48.52633108],[3.77955436,48.52632465],[3.77960825,48.5263054],[3.77968162,48.52632112],[3.77973945,48.52629375],[3.78012794,48.5262795],[3.78028313,48.5262416],[3.78035479,48.52623393],[3.78005569,48.52533718],[3.7798266,48.52268211],[3.77994404,48.52247443],[3.77949056,48.52030032],[3.77942121,48.52009926],[3.77942122,48.5200084],[3.77922601,48.51899221],[3.77932856,48.51896724],[3.77919483,48.51898971],[3.77914498,48.51900713],[3.77899078,48.51901894],[3.77888841,48.51905559],[3.77879121,48.51907602],[3.77866948,48.51908581],[3.77856963,48.51910986],[3.77841302,48.51914237],[3.77829266,48.51915306],[3.77823891,48.5191813],[3.77806168,48.51919235],[3.77795103,48.51921917],[3.77783623,48.51923971],[3.77761839,48.51925193],[3.77755082,48.51926137],[3.7771177,48.5192759],[3.7770638,48.51929424],[3.77697714,48.51929481],[3.77687697,48.51929726],[3.77683486,48.51928854],[3.77641564,48.5192364],[3.77631903,48.51920465],[3.77630003,48.51920207],[3.77626338,48.51919601],[3.7762374,48.51917909],[3.77619541,48.51917847],[3.77616594,48.51920025],[3.77614985,48.51921115],[3.77612935,48.51919869],[3.77610199,48.51917997],[3.776067,48.5191946],[3.77603215,48.51921911],[3.77597918,48.51920867],[3.77593952,48.51918194],[3.77588388,48.5191742],[3.77587021,48.5191653],[3.77585654,48.51915639],[3.77583423,48.51911335],[3.77578803,48.51910286],[3.7757324,48.51909512],[3.77571872,48.51908622],[3.77567797,48.51907749],[3.77565887,48.51906772],[3.77562261,48.51908864],[3.77554258,48.51907927],[3.77551536,48.51907045],[3.7754868,48.51906164],[3.7754485,48.5190358],[3.77539285,48.51902717],[3.77537891,48.51900027],[3.77532461,48.51899163],[3.77531094,48.51898272],[3.77528239,48.51897481],[3.77527007,48.5189659],[3.77521442,48.51895726],[3.77518843,48.51893944],[3.77507863,48.51893206],[3.77506469,48.51890516],[3.77502393,48.51889643],[3.77497087,48.51887968],[3.77490169,48.51887114],[3.77486067,48.51884442],[3.7747495,48.51883615],[3.77473708,48.51882003],[3.77367803,48.51863082],[3.77224587,48.5184845],[3.77221088,48.51849912],[3.77212978,48.51850954],[3.77209065,48.51851879],[3.77189988,48.51852992],[3.77182027,48.51854933],[3.77172562,48.51855894],[3.77165961,48.51858276],[3.77150281,48.51860177],[3.77132199,48.51864523],[3.7711989,48.51865502],[3.77114637,48.51867426],[3.77104106,48.51869563],[3.77098592,48.51872118],[3.77088435,48.51872094],[3.77081004,48.51873222],[3.77072084,48.51874449],[3.77066567,48.51876824],[3.77064281,48.51877918],[3.77058298,48.51876248],[3.77056632,48.5187347],[3.77053899,48.51871778],[3.77054461,48.51863948],[3.77055032,48.51856747],[3.77052023,48.51854697],[3.77052055,48.5184768],[3.77050402,48.51845712],[3.77048902,48.51835825],[3.770474,48.51834936],[3.77045584,48.51831169],[3.77032454,48.51831524],[3.77015798,48.51831542],[3.77007027,48.51833668],[3.77004035,48.51832788],[3.77002121,48.51831541],[3.7700007,48.51830204],[3.76999745,48.51826518],[3.77005245,48.51822974],[3.77003876,48.51821993],[3.76998267,48.51818071],[3.77000915,48.51814006],[3.7699952,48.51811226],[3.76995143,48.51808196],[3.76989862,48.5180823],[3.76987346,48.51812115],[3.76987388,48.51814993],[3.76990122,48.51816685],[3.76986087,48.518186],[3.76982038,48.51819526],[3.7698257,48.51828069],[3.76982556,48.51836345],[3.7698394,48.51838406],[3.76982614,48.51840303],[3.76982788,48.51842911],[3.76981455,48.51844359],[3.76978785,48.51846985],[3.76980553,48.51847514],[3.76985579,48.51848561],[3.76980092,48.51853004],[3.76978081,48.51854367],[3.76977705,48.51856438],[3.76977881,48.51859226],[3.76980478,48.51860829],[3.76980642,48.51862807],[3.76977021,48.51865169],[3.76977586,48.51866785],[3.76980201,48.51869647],[3.76978585,48.51870287],[3.76975357,48.51871747],[3.76971458,48.51873662],[3.76958744,48.51874733],[3.76957678,48.5187591],[3.76955277,48.51878354],[3.76948705,48.51882715],[3.76950075,48.51883786],[3.76955253,48.51886001],[3.76959257,48.51891193],[3.769635,48.51894314],[3.76966629,48.51895284],[3.76971383,48.51896243],[3.76973451,48.51898748],[3.76974831,48.51900538],[3.76985742,48.51905775],[3.7698463,48.5191307],[3.76982775,48.5191587],[3.76990339,48.51923738],[3.76988083,48.51926901],[3.76987773,48.51933471],[3.76989442,48.51936429],[3.76992995,48.51938655],[3.76990873,48.51941727],[3.76988749,48.5194462],[3.76992506,48.51951432],[3.76989813,48.51952529],[3.76987782,48.51952543],[3.76972214,48.51952913],[3.76936317,48.51952156],[3.76915352,48.51953821],[3.7690997,48.51956195],[3.7690493,48.51963425],[3.76892618,48.51964224],[3.76887206,48.51964529],[3.76870295,48.51965628],[3.76866641,48.51965831],[3.76837011,48.51967642],[3.76829711,48.51968499],[3.76827953,48.5196869],[3.76720881,48.51980987],[3.76469622,48.51995741],[3.76460827,48.51996247],[3.76444049,48.51997255],[3.76442865,48.51999601],[3.76445734,48.52001382],[3.76447102,48.52002273],[3.76451182,48.52003506],[3.76449862,48.52005854],[3.76444606,48.52007597],[3.76444549,48.52012995],[3.76447434,48.52015765],[3.76444912,48.5201929],[3.76446294,48.5202117],[3.76447674,48.5202296],[3.76447713,48.52025659],[3.76447753,48.52028358],[3.76447788,48.52030786],[3.76449536,48.52039232],[3.76449468,48.5204382],[3.76451071,48.52051636],[3.76452627,48.52056214],[3.76452677,48.52059633],[3.76456205,48.52069416],[3.76454365,48.52073206],[3.76455953,48.52079943],[3.76458717,48.52083794],[3.764589,48.52087031],[3.76456098,48.52089928],[3.76453562,48.52092463],[3.76455086,48.52094792],[3.7645741,48.52096307],[3.76459397,48.52102591],[3.76466052,48.52103898],[3.76463502,48.52105444],[3.76460807,48.52106361],[3.76459347,48.52108439],[3.76456822,48.52111694],[3.76458366,48.52115462],[3.76460417,48.52116799],[3.76461139,48.52119853],[3.76462519,48.52121643],[3.76460242,48.52123367],[3.76463194,48.52130815],[3.76449249,48.52140351],[3.76405446,48.521454],[3.76341981,48.52148777],[3.7628647,48.52149673],[3.76273818,48.52145706],[3.76272184,48.52145087],[3.76249598,48.52137855],[3.76238306,48.52134239],[3.76232908,48.52135533],[3.76221366,48.52133448],[3.76211078,48.52133694],[3.76204964,48.52132383],[3.76202935,48.52132486],[3.76190348,48.52133017],[3.76191334,48.52144975],[3.7619164,48.52147402],[3.76200544,48.52163718],[3.76203328,48.52168918],[3.7620614,48.52176007],[3.76211293,48.5218578],[3.76219788,48.52201919],[3.76222161,48.52206761],[3.76224945,48.52211961],[3.76256285,48.52271765],[3.76263573,48.52270009],[3.76261203,48.52274702],[3.76254735,48.52276903],[3.76253656,48.52277269],[3.76250692,48.52278278],[3.76210401,48.52292211],[3.76187492,48.52300004],[3.76182506,48.52301745],[3.76179945,48.52302571],[3.76177116,48.52303579],[3.76150436,48.52312836],[3.76141541,48.52315862],[3.76102866,48.52329154],[3.76100037,48.52330162],[3.76093279,48.52331105],[3.76090055,48.52332924],[3.76111426,48.52368412],[3.75997415,48.52407196],[3.75815848,48.52073068],[3.75783347,48.52016869],[3.75781885,48.52018768],[3.75785882,48.520236],[3.75781673,48.52022817],[3.75779075,48.52021124],[3.75777573,48.52020234],[3.75775359,48.5201701],[3.75772685,48.5201001],[3.75770498,48.52008584],[3.75769131,48.52007694],[3.75767444,48.52003386],[3.75760768,48.5200064],[3.75759938,48.51999386],[3.75758834,48.51997953],[3.75752618,48.51998893],[3.75748718,48.52000807],[3.75742858,48.51998235],[3.75732295,48.51998212],[3.75719571,48.51998563],[3.75705177,48.51995866],[3.75680793,48.51995302],[3.75671276,48.51992664],[3.75657724,48.5199194],[3.75652296,48.51991165],[3.75642295,48.51992578],[3.7564011,48.51991333],[3.75638742,48.51990352],[3.75632077,48.51988325],[3.75635267,48.51984167],[3.75627638,48.51980976],[3.75627717,48.51977108],[3.75626065,48.51975229],[3.75626137,48.5197082],[3.75623268,48.51969039],[3.75621862,48.5196545],[3.75618035,48.51963045],[3.75615569,48.51961082],[3.75612144,48.51958315],[3.75608472,48.51957258],[3.75606677,48.51954841],[3.75598787,48.51952372],[3.75596875,48.51951215],[3.75598275,48.51944999],[3.75594176,48.51942506],[3.75591553,48.51939014],[3.75588546,48.51937054],[3.75581744,48.51934938],[3.75583424,48.5192935],[3.75592745,48.51927761],[3.75595964,48.51925581],[3.75598773,48.51923225],[3.75602919,48.519196],[3.75601502,48.51915201],[3.75598882,48.51911979],[3.75598692,48.51908201],[3.75597158,48.51905063],[3.75591428,48.5190213],[3.75594503,48.51899412],[3.75596908,48.51897147],[3.75591998,48.5189475],[3.75584687,48.51894796],[3.75577918,48.51894929],[3.75574363,48.51892613],[3.75570228,48.51896957],[3.75568627,48.51898587],[3.75560505,48.51898818],[3.7555777,48.51896947],[3.75554914,48.51896155],[3.75554975,48.51890937],[3.75549369,48.51887194],[3.75543939,48.51886329],[3.75542346,48.51879142],[3.75539614,48.5187745],[3.75538195,48.51872961],[3.75536403,48.51870813],[3.75538505,48.51866302],[3.7554065,48.51864759],[3.75545644,48.51863648],[3.75547088,48.5186049],[3.75547743,48.51858956],[3.75549889,48.51857503],[3.7555123,48.51856595],[3.75552656,48.51852178],[3.75564552,48.51850753],[3.7556463,48.51846794],[3.7556282,48.51843297],[3.75558876,48.51842153],[3.75557496,48.51840362],[3.75553421,48.51839489],[3.75548114,48.51837723],[3.75547621,48.51841055],[3.75550764,48.51843014],[3.75548377,48.51846538],[3.75545523,48.51845836],[3.75544143,48.51844046],[3.75542629,48.51842346],[3.75541236,48.51839656],[3.75530379,48.51838016],[3.75532433,48.51830176],[3.75536187,48.51827543],[3.75539539,48.51825273],[3.75539353,48.51821765],[3.75540816,48.51819867],[3.75541995,48.51817161],[3.75547399,48.51816227],[3.75549919,48.51812612],[3.75555168,48.5181033],[3.75568266,48.51807728],[3.75570655,48.51804384],[3.75579292,48.5180235],[3.75584008,48.518007],[3.75593102,48.51802172],[3.75599683,48.51798442],[3.75602514,48.51797524],[3.75604939,48.51796699],[3.75607756,48.51794792],[3.75603685,48.51794188],[3.75599613,48.51793584],[3.75601857,48.51789521],[3.7560753,48.51788496],[3.75615491,48.51786556],[3.75621056,48.5178742],[3.75623379,48.51788935],[3.75626624,48.51788554],[3.75630133,48.51787722],[3.75633201,48.51784554],[3.75630059,48.51782595],[3.75632429,48.51777902],[3.75636967,48.51773375],[3.7563558,48.51771045],[3.75632027,48.51768818],[3.75629965,48.51766672],[3.75628572,48.51763982],[3.75621781,48.51762586],[3.75622968,48.51760419],[3.75625506,48.51757974],[3.75626972,48.51756346],[3.75625326,48.51754917],[3.75622878,48.51754123],[3.75624467,48.51751684],[3.75621336,48.51750534],[3.75619788,48.51746496],[3.75615842,48.51745171],[3.7561149,48.51743849],[3.75614386,48.51738073],[3.75614623,48.51735733],[3.75615501,48.51730869],[3.75617093,48.5172861],[3.75613785,48.51724583],[3.75604428,48.51723653],[3.75604392,48.51721134],[3.75606931,48.51718779],[3.75609336,48.51716515],[3.75606354,48.51716354],[3.75604178,48.51715648],[3.75600117,48.51715764],[3.75597383,48.51713982],[3.75596016,48.51713091],[3.75594596,48.51708512],[3.75588995,48.51705129],[3.75591797,48.51702232],[3.75592999,48.51701055],[3.75590809,48.5169945],[3.75584833,48.51698228],[3.7558744,48.51681749],[3.75591114,48.51682985],[3.75602885,48.5168237],[3.75603374,48.51669323],[3.75601597,48.51668164],[3.7560157,48.51666275],[3.75601395,48.51663488],[3.75597979,48.5166135],[3.75595928,48.51660014],[3.75589545,48.51658705],[3.75585013,48.51654326],[3.75580796,48.51653003],[3.75580862,48.51648145],[3.75576645,48.51646822],[3.75579312,48.51643926],[3.75580506,48.51642209],[3.75578865,48.5164114],[3.75576406,48.51639627],[3.7557649,48.51636028],[3.75570632,48.51633636],[3.75573023,48.51630382],[3.75570699,48.51628867],[3.75569306,48.51626177],[3.75564933,48.51623416],[3.7555963,48.51621831],[3.75561093,48.51620022],[3.75561999,48.51617138],[3.7555772,48.51611497],[3.75551177,48.5160848],[3.75547051,48.51604008],[3.75545684,48.51603117],[3.75548353,48.51600402],[3.75547643,48.51598157],[3.75543433,48.51597284],[3.75544209,48.5159476],[3.75544025,48.51591343],[3.75539926,48.5158885],[3.75539946,48.51580843],[3.75537624,48.51579419],[3.75531608,48.51575409],[3.75527263,48.51574537],[3.75524529,48.51572755],[3.75523163,48.51571954],[3.75521756,48.51568274],[3.75519024,48.51566582],[3.75517468,48.51562004],[3.75513369,48.51559421],[3.75511574,48.51557004],[3.75507902,48.51555947],[3.7550651,48.51553257],[3.75470593,48.51550967],[3.75438353,48.51540646],[3.75398446,48.51524436],[3.75374038,48.5155032],[3.75348914,48.51516923],[3.75379593,48.51484612],[3.75387845,48.51465218],[3.75371324,48.51436805],[3.75331097,48.51407732],[3.7528594,48.5140307],[3.75230973,48.51394152],[3.7521475,48.51386428],[3.75204359,48.51407815],[3.75214341,48.51433481],[3.75203819,48.51445693],[3.75174988,48.51455861],[3.7518918,48.51472954],[3.75262521,48.51563891],[3.75325224,48.51630516],[3.75278928,48.51659867],[3.75241106,48.51694652],[3.75193134,48.51729951],[3.75082982,48.51763483],[3.74991902,48.51786189],[3.74954864,48.51752867],[3.74933063,48.51724486],[3.74879175,48.5171547],[3.7479717,48.51700333],[3.74770015,48.51676214],[3.74783401,48.51636816],[3.7478422,48.51618279],[3.74761456,48.51607717],[3.74696055,48.51617394],[3.74650785,48.51604814],[3.74613943,48.51585073],[3.74598579,48.515616],[3.74601586,48.51544488],[3.74620693,48.51526466],[3.74590174,48.51503807],[3.74566525,48.51497568],[3.74559812,48.51482587],[3.74506768,48.5145647],[3.74457987,48.51425379],[3.74419316,48.5142922],[3.74400122,48.51441125],[3.74404514,48.51445326],[3.74404987,48.51450001],[3.74401007,48.51455783],[3.74392736,48.51455026],[3.74391369,48.51454135],[3.74389724,48.51452705],[3.74388598,48.51449654],[3.74384389,48.5144887],[3.74380302,48.51447097],[3.74379282,48.51451601],[3.74378779,48.51454303],[3.74375111,48.51453427],[3.7437239,48.51452544],[3.74369535,48.51451752],[3.74368303,48.5145077],[3.74365572,48.51449168],[3.74366764,48.51447271],[3.74369433,48.51444556],[3.74367853,48.51438178],[3.74362527,48.51434973],[3.74359766,48.51431212],[3.74355567,48.51431148],[3.74353709,48.51433769],[3.74344171,48.51439136],[3.74335406,48.5144171],[3.74336045,48.51448543],[3.74331831,48.514474],[3.74331132,48.51445875],[3.7432974,48.51443185],[3.74324218,48.51445289],[3.74322477,48.51446649],[3.74314087,48.51446971],[3.74311939,48.51448334],[3.74309709,48.51453386],[3.74302301,48.51456131],[3.74292523,48.51454123],[3.74297999,48.51448781],[3.74297495,48.51441857],[3.7430017,48.51439501],[3.7429837,48.51436724],[3.74300236,48.51434643],[3.74255499,48.51459572],[3.74210897,48.514845],[3.74138351,48.51525076],[3.7414137,48.51527936],[3.74136242,48.51529138],[3.74131256,48.51530878],[3.74131151,48.51533038],[3.74133771,48.5153635],[3.74133799,48.51538329],[3.74129231,48.51540877],[3.74127839,48.51538186],[3.74126586,48.51535765],[3.7412129,48.51534719],[3.74114989,48.51539166],[3.74111536,48.51543956],[3.7410292,48.51547518],[3.74096201,48.51551158],[3.74093506,48.51552075],[3.74090677,48.51553082],[3.74085608,48.51558511],[3.74085979,48.51565616],[3.74079941,48.51569522],[3.74074281,48.51571446],[3.74062484,48.51579886],[3.74060338,48.51581339],[3.74052375,48.51583188],[3.74050498,48.51584549],[3.7404446,48.51588455],[3.74043147,48.51591342],[3.74041819,48.5159324],[3.74036428,48.51594982],[3.74032528,48.51596896],[3.74026859,48.51598191],[3.74024467,48.51601444],[3.74020323,48.51605248],[3.74007945,48.51610903],[3.73999365,48.51616984],[3.73992229,48.51619907],[3.73988476,48.5162263],[3.7397666,48.5162972],[3.73968417,48.51630941],[3.73965481,48.51633928],[3.73963226,48.51637271],[3.73956399,48.51642891],[3.73954515,48.51643712],[3.73954055,48.51659098],[3.73953968,48.51662518],[3.73981055,48.51662889],[3.73981714,48.51661625],[3.73986842,48.51660334],[3.73992928,48.51659846],[3.73992353,48.51667047],[3.73996569,48.5166837],[3.73999123,48.51667004],[3.74003424,48.51664729],[3.74008992,48.51665863],[3.74008657,48.51670903],[3.74008949,48.51672431],[3.74007489,48.51674509],[3.74002085,48.51675442],[3.73999527,48.51676448],[3.73993587,48.51677744],[3.7398476,48.51685536],[3.73983053,48.51689325],[3.73979303,48.51692317],[3.73964689,48.51693038],[3.73963258,48.51687559],[3.73957811,48.51685434],[3.73956122,48.51680856],[3.73950944,48.5167855],[3.73948218,48.51677307],[3.73937245,48.51677015],[3.73935638,48.51678285],[3.73933629,48.51679827],[3.7393052,48.51680206],[3.73970806,48.51713871],[3.74143185,48.51742574],[3.74282705,48.51774359],[3.74285491,48.51827689],[3.74268281,48.51845969],[3.74222478,48.51862808],[3.74223525,48.51869819],[3.74226774,48.51869708],[3.74230739,48.51872382],[3.74238887,48.51874041],[3.74240305,48.5187853],[3.7424182,48.5188032],[3.74245971,48.51886591],[3.74251434,48.51889886],[3.74252964,48.51892755],[3.74259892,48.51894241],[3.7426401,48.51898174],[3.74266606,48.51899777],[3.74265277,48.51901584],[3.7426693,48.51903553],[3.74271302,48.51906315],[3.7427417,48.51908006],[3.74279202,48.51909504],[3.74282554,48.51907144],[3.74285636,48.51904876],[3.74291773,48.51907896],[3.74294506,48.51909678],[3.74297104,48.51911461],[3.74301415,48.51909815],[3.74304498,48.51907636],[3.74306243,48.51906546],[3.74315343,48.51908468],[3.74325475,48.51906696],[3.74331863,48.51908365],[3.74331883,48.51909804],[3.74337348,48.51913189],[3.74338183,48.51914803],[3.74338743,48.51916059],[3.74340655,48.51917216],[3.74338796,48.51919837],[3.74332893,48.51923742],[3.74329005,48.51926465],[3.74326322,48.51928281],[3.74323104,48.5193055],[3.74319331,48.51931833],[3.74305657,48.51941635],[3.74294254,48.51949263],[3.74289401,48.51950822],[3.74277079,48.51960435],[3.74273054,48.51963069],[3.74270508,48.51964975],[3.74265006,48.51968517],[3.74260448,48.51971785],[3.74256411,48.51973609],[3.74249694,48.51977429],[3.74247171,48.51980954],[3.74245842,48.51982761],[3.74244675,48.51986367],[3.74242016,48.51989892],[3.74233093,48.51990937],[3.74226638,48.51994126],[3.74218326,48.52000026],[3.74215227,48.52001125],[3.74208379,48.52005306],[3.74200593,48.52010122],[3.74201027,48.52012099],[3.74207526,48.52011968],[3.7420942,48.52011866],[3.74211492,48.52014732],[3.74208569,48.52018709],[3.74196363,48.52017436],[3.74190946,48.52017379],[3.73888143,48.52190193],[3.73809475,48.52152718],[3.73740928,48.52102945],[3.73663392,48.52145887],[3.73658286,48.52148708],[3.73642564,48.52157441],[3.73613538,48.52173544],[3.73598487,48.52181824],[3.73571209,48.52197016],[3.73560324,48.52203021],[3.73533582,48.5221785],[3.73597868,48.52263153],[3.73776181,48.5216381],[3.7386183,48.52235427],[3.73691563,48.52329234],[3.73903505,48.52492368],[3.73916216,48.52500565],[3.74075186,48.52412313],[3.74088399,48.52417718],[3.74088231,48.5241538],[3.74091182,48.52413383],[3.74097006,48.52413436],[3.74101609,48.52413318],[3.74106635,48.52414366],[3.74112611,48.52415588],[3.74112862,48.52414147],[3.7411456,48.52409728],[3.74121719,48.52408424],[3.74119259,48.5240682],[3.74117892,48.52405929],[3.74120575,48.52404113],[3.74131383,48.52402247],[3.74135206,48.52404472],[3.7413952,48.52403006],[3.74144124,48.52402977],[3.74147509,48.52402956],[3.74149612,48.5240798],[3.74154516,48.52410019],[3.74155883,48.5241091],[3.74162667,48.52411767],[3.74165423,48.52415169],[3.74161232,48.52415645],[3.74155959,48.52416307],[3.74156123,48.52418285],[3.7416227,48.52422025],[3.74168383,48.52423337],[3.74172347,48.52425921],[3.74175884,48.52427068],[3.74172561,48.52431497],[3.74173122,48.52432843],[3.74174088,48.52434097],[3.74176019,48.52436603],[3.74181723,48.52437737],[3.74183828,48.52442942],[3.74191309,48.52445234],[3.74193558,48.52450978],[3.74195858,48.52489107],[3.74187802,48.52494105],[3.74184522,48.52491967],[3.74182322,48.52489641],[3.74177404,48.52486613],[3.74182234,48.52483434],[3.74183426,48.52481538],[3.74180557,48.52479757],[3.74175253,48.5247817],[3.74173884,48.52477189],[3.74171972,48.52476032],[3.74158979,48.52476653],[3.74163666,48.52482471],[3.74160581,48.52484559],[3.7415925,48.52486187],[3.74163952,48.52493084],[3.74164919,48.52494428],[3.74166307,48.52496848],[3.74164034,48.52498931],[3.74158988,48.52496444],[3.74156806,48.52495378],[3.74148534,48.5249462],[3.74145585,48.52496797],[3.7414669,48.5249832],[3.74148894,48.52500915],[3.74147183,48.52504434],[3.74136088,48.52505133],[3.74135428,48.52506397],[3.74134117,48.52509464],[3.74130089,48.52511918],[3.74126338,48.5251482],[3.74118953,48.52519364],[3.74114838,48.52525237],[3.74108626,48.52526535],[3.74099383,48.525337],[3.74087433,48.52541061],[3.74082878,48.52544598],[3.74071732,48.52551325],[3.74068226,48.52552426],[3.740626,48.52556779],[3.7405503,48.52557816],[3.74050494,48.52562702],[3.74043795,48.52567872],[3.74038267,48.52569615],[3.74033553,48.52571444],[3.74028827,48.52572463],[3.74020101,48.52577915],[3.74083896,48.52645438],[3.73938158,48.52731269],[3.73875902,48.52763412],[3.73788716,48.52708268],[3.73784929,48.52708651],[3.73787126,48.52710797],[3.73791771,48.52713647],[3.73779151,48.52721552],[3.73776964,48.52720126],[3.73772222,48.52719975],[3.73768406,48.5271829],[3.73758961,48.52720867],[3.73760333,48.52722118],[3.73763628,48.52725246],[3.73760267,48.52727066],[3.73752065,48.52731256],[3.73750224,48.52735225],[3.737411,48.52741309],[3.73738578,48.52744923],[3.73734516,48.52745039],[3.7373245,48.52742622],[3.73735672,48.52740533],[3.73733073,48.5273875],[3.73730081,48.52737869],[3.73724587,48.52732416],[3.73721171,48.52730278],[3.73724795,48.52727916],[3.73728417,48.52725465],[3.7372648,48.52722598],[3.73722838,48.5272361],[3.73719603,48.5272471],[3.73712804,48.52722773],[3.73708161,48.52720103],[3.73703952,48.52719319],[3.73699145,48.52714581],[3.73693159,48.52712729],[3.73686673,48.52704133],[3.73680407,48.52701563],[3.7367904,48.52700672],[3.73676443,48.52698979],[3.73676281,48.5269709],[3.73676224,48.52693043],[3.73671507,48.52694691],[3.7365497,48.52693714],[3.7365316,48.52690217],[3.73651658,48.52689326],[3.7365172,48.52684108],[3.73647194,48.52680088],[3.7364255,48.52677328],[3.736405,48.52675991],[3.73633698,48.52673874],[3.73635032,48.52672427],[3.73638003,48.52671779],[3.73641782,48.52670856],[3.73641611,48.52668338],[3.73641715,48.52666088],[3.73640213,48.52665198],[3.73638833,48.52663407],[3.73635984,48.52663065],[3.73631914,48.5266255],[3.73626719,48.52659074],[3.73623727,48.52658193],[3.73625024,48.52654137],[3.73626081,48.52652241],[3.73627277,48.52650614],[3.73625775,48.52649724],[3.7362277,48.52647943],[3.7362505,48.5264631],[3.73627465,48.52644676],[3.73625551,48.52643428],[3.73621998,48.52641201],[3.73623313,48.52638404],[3.73624084,48.52635431],[3.73608495,48.52634448],[3.73604838,48.5263438],[3.7359996,48.52634231],[3.73596193,48.52636053],[3.7357898,48.5263517],[3.73573779,48.52631244],[3.73570231,48.52629377],[3.7357237,48.52627384],[3.735744,48.52627282],[3.73571969,48.52608405],[3.73566947,48.52607626],[3.73563193,48.52610349],[3.7356153,48.5260766],[3.73559969,48.52602632],[3.73552081,48.52600252],[3.7355041,48.52597023],[3.73544683,48.5259427],[3.73542222,48.52592576],[3.73539353,48.52590795],[3.73545117,48.52586531],[3.73588684,48.52554505],[3.7359619,48.52548971],[3.73563639,48.52526322],[3.73518955,48.52555926],[3.73507146,48.52563735],[3.73484311,48.52548223],[3.73537501,48.52516678],[3.73537453,48.5251326],[3.73531868,48.52510955],[3.73529109,48.52507374],[3.73525059,48.52508299],[3.73496371,48.52481038],[3.73488442,48.52485405],[3.73485082,48.52487225],[3.73438716,48.52512791],[3.73423706,48.52504787],[3.73288589,48.52411071],[3.73281428,48.52412285],[3.73275229,48.52414482],[3.73273501,48.52416832],[3.73270031,48.52420452],[3.73264176,48.52418239],[3.73266847,48.52415523],[3.73268048,48.52414257],[3.7326919,48.52408762],[3.73265091,48.52406178],[3.73260991,48.52403505],[3.73258296,48.52404511],[3.73254246,48.52405435],[3.73250742,48.52406627],[3.73253381,48.52411378],[3.73241348,48.52412802],[3.73240428,48.52414787],[3.73239638,48.52416411],[3.7323139,48.52417361],[3.73226295,48.52421081],[3.7322345,48.52421009],[3.7322099,48.52419404],[3.73216914,48.5241844],[3.73216529,48.52419972],[3.73215244,48.52424927],[3.7321012,48.52426578],[3.73207387,48.52424796],[3.73204672,48.52424363],[3.73202132,48.52426718],[3.7320067,48.52428706],[3.73201242,48.52440577],[3.73201029,48.52444717],[3.73196927,48.52441953],[3.73195151,48.52440794],[3.73184866,48.52441398],[3.73188062,48.52447225],[3.73185126,48.52450302],[3.73184007,48.52457506],[3.73192422,48.52458804],[3.73195679,48.52459233],[3.73192518,48.5246564],[3.73185697,48.52471799],[3.73184385,48.52474866],[3.73192948,48.52477062],[3.7319995,48.52483856],[3.73206357,48.52486876],[3.73207749,48.52489566],[3.73211972,48.52491339],[3.73216894,48.52494637],[3.73225576,48.52495663],[3.73228322,48.52498345],[3.73235104,48.52499113],[3.73236472,48.52500094],[3.73232583,48.52502817],[3.73240781,48.52507984],[3.73240721,48.52513382],[3.73245073,48.52514705],[3.73245117,48.52517853],[3.73246621,48.52518834],[3.73249219,48.52520617],[3.73251498,48.52518984],[3.73256209,48.52516885],[3.73268154,48.52518791],[3.73268188,48.5252122],[3.73265073,48.52521239],[3.73257624,48.52521195],[3.73254256,48.52522475],[3.73257579,48.52527672],[3.73258971,48.52530363],[3.7326102,48.52531609],[3.73267855,48.52536155],[3.73270537,48.5253425],[3.73274159,48.52531798],[3.73276844,48.52530072],[3.73282127,48.5253013],[3.73284723,48.52531823],[3.73291417,48.5253592],[3.73293072,48.52538069],[3.73295792,48.52538862],[3.73299738,48.52540187],[3.73301284,48.52544226],[3.73303334,48.52545562],[3.73305793,48.52547077],[3.73307845,48.52548503],[3.73310296,48.52549478],[3.73314602,48.52547472],[3.73319715,48.52545102],[3.73325703,48.52547134],[3.73322011,48.52554263],[3.73322579,48.52556149],[3.73324803,48.52560274],[3.7333013,48.52563479],[3.73335884,48.52568212],[3.73349558,48.52567858],[3.73352024,48.52569821],[3.73349525,48.52575145],[3.73348873,48.52576948],[3.73348904,48.52579197],[3.73353686,48.52582136],[3.73356446,48.52585807],[3.73359315,48.52587589],[3.73363688,48.52590441],[3.73367243,48.52592848],[3.73371143,48.52590844],[3.73374235,48.52589206],[3.73378421,48.52588281],[3.7337841,48.52597187],[3.73382633,48.5259896],[3.73385392,48.52602541],[3.73386759,48.52603433],[3.73390723,48.52606017],[3.73393716,48.52606988],[3.73401613,48.52609998],[3.73404669,48.52615467],[3.73401204,48.52619446],[3.73402848,48.52620786],[3.73406265,48.52623014],[3.73408998,48.52624796],[3.73411731,48.52626488],[3.7341865,48.52627345],[3.7342829,48.52629085],[3.73431025,48.52630957],[3.73435162,48.52636239],[3.73440492,48.52639625],[3.7344202,48.52642404],[3.73448167,48.52646145],[3.73450258,48.5265036],[3.73451787,48.52653139],[3.73459846,48.52658037],[3.73461365,48.52660097],[3.73464221,48.52660979],[3.73468575,48.52662391],[3.73471081,48.52667234],[3.73473812,48.52668836],[3.73475329,48.52670806],[3.73478745,48.52672944],[3.73489823,48.52680612],[3.7350131,48.52688458],[3.73507738,48.52692916],[3.73548081,48.52720644],[3.73567912,48.52734376],[3.73571742,48.52737051],[3.73569058,48.52738867],[3.73569232,48.52741565],[3.73575325,48.52741437],[3.73577396,48.52744303],[3.73582587,48.52747419],[3.73578411,48.52749064],[3.73582788,48.52752096],[3.73585781,48.52753067],[3.73589591,48.52754303],[3.73591263,48.52757621],[3.73596726,48.52760916],[3.73596753,48.52762805],[3.73600988,48.52765388],[3.73603215,48.52769692],[3.73607848,48.52771642],[3.73613297,48.52773948],[3.73614843,48.52777896],[3.7361621,48.52778787],[3.73618533,48.52780302],[3.73623789,48.52778381],[3.73625739,48.52782237],[3.73628082,48.52785101],[3.73640567,48.52786913],[3.73638175,48.52790166],[3.73638376,48.52794843],[3.73641108,48.52796446],[3.73642475,48.52797337],[3.7365021,48.52798458],[3.73652004,48.52800786],[3.73653934,48.52803203],[3.73659375,48.52804879],[3.73661585,48.52807924],[3.73663239,48.52809983],[3.73668566,48.52813188],[3.73669971,48.52816778],[3.73672853,48.52819459],[3.7367431,48.52826737],[3.73676513,48.52829332],[3.73678856,48.52832196],[3.73682682,48.52834601],[3.73688188,48.52840864],[3.73697549,48.52841976],[3.73761652,48.52892946],[3.73759684,48.52897456],[3.73752977,48.52911712],[3.73749301,48.52920011],[3.7376577,48.52925666],[3.73788092,48.52933444],[3.73819803,48.52944313],[3.73838718,48.52950583],[3.73848114,48.52954123],[3.73863495,48.52959515],[3.73867438,48.5296057],[3.73870127,48.52959204],[3.73872959,48.52958286],[3.73883486,48.52965238],[3.73889322,48.52966101],[3.73892056,48.52967883],[3.73902531,48.52971147],[3.73920306,48.52973375],[3.74039978,48.52988194],[3.74044862,48.52988793],[3.74059923,48.52990679],[3.74063315,48.52991107],[3.74157615,48.53002754],[3.7418384,48.52989546],[3.74199377,48.53005912],[3.74301091,48.53015082],[3.74423573,48.53027361],[3.74475251,48.53032525],[3.74478642,48.53032863],[3.74493428,48.5303439],[3.74510788,48.5303599],[3.74516213,48.53036496],[3.74624718,48.53046881],[3.74627973,48.5304722],[3.74640858,48.53048399],[3.74642079,48.53048571],[3.74671511,48.53051355],[3.74696913,48.53056503],[3.74709274,48.53059034],[3.74723936,48.53061371],[3.74730735,48.53063217],[3.74732366,48.53063657],[3.7474269,48.53065751],[3.74750814,48.5306552],[3.74764629,48.53065523],[3.74769886,48.53063691],[3.74777222,48.53065264],[3.7478672,48.53066374],[3.74786767,48.53069702],[3.74789636,48.53071393],[3.7483269,48.53089115],[3.74835653,48.53087926],[3.74845473,48.53092723],[3.74847158,48.5309685],[3.74850301,48.53098809],[3.74855548,48.53105793],[3.74851521,48.53108338],[3.74850045,48.53109337],[3.74852096,48.53110673],[3.74854282,48.53112009],[3.74857066,48.53117299],[3.7485857,48.53118279],[3.74861194,48.53121771],[3.74866795,48.53125154],[3.74868761,48.5313],[3.7487497,48.53128521],[3.7487787,48.53132371],[3.74881136,48.5313343],[3.74886988,48.53135372],[3.74888731,48.53134102],[3.74891949,48.53131833],[3.74898359,48.53134941],[3.74902286,48.53134826],[3.74903661,48.53136257],[3.74899254,48.53140693],[3.74903099,48.53144357],[3.74909946,48.53140086],[3.74916202,48.53141846],[3.74916131,48.53146344],[3.74920231,48.53148927],[3.74921761,48.53151706],[3.74926479,48.53159593],[3.74932858,48.53160542],[3.7493696,48.53163215],[3.7493968,48.53164008],[3.74941068,48.53166338],[3.74937419,48.53166901],[3.74931607,48.53167747],[3.74930278,48.53169555],[3.7492081,48.53170514],[3.74919606,48.53171511],[3.7491542,48.53172437],[3.74910995,48.53175614],[3.74914291,48.53178742],[3.74917312,48.53181601],[3.74923796,48.53180391],[3.74931909,48.5317944],[3.74938253,48.53177871],[3.74940683,48.53177316],[3.74957614,48.53177299],[3.7497305,48.53176932],[3.74980451,48.53173467],[3.74983282,48.53172549],[3.74985841,48.53171543],[3.749926,48.53170601],[3.75004218,48.53168459]],[[3.75540367,48.52136626],[3.7543122,48.52165207],[3.75484778,48.52226221],[3.75563355,48.52312894],[3.75167704,48.52383954],[3.75152869,48.52388276],[3.7512111,48.52355101],[3.75118087,48.52342615],[3.75116508,48.52336418],[3.7512171,48.52321361],[3.75101109,48.52310786],[3.75075196,48.52298085],[3.75053505,48.52287067],[3.75028516,48.52272651],[3.75003677,48.52259313],[3.74994827,48.52246505],[3.74997607,48.52213651],[3.75023062,48.52184883],[3.75060306,48.52166116],[3.75089277,48.52155947],[3.75081315,48.52129548],[3.75069309,48.52113881],[3.75100934,48.52071579],[3.75112029,48.52023649],[3.75088294,48.52011654],[3.75025687,48.51999185],[3.7498781,48.51983051],[3.74978151,48.51979963],[3.75040514,48.5190913],[3.75078658,48.51943884],[3.75206228,48.51915999],[3.7526121,48.51963331],[3.75324831,48.52018074],[3.753454,48.5202649],[3.75458898,48.51999322],[3.75540367,48.52136626]],[[3.74864802,48.52672392],[3.74728056,48.52732627],[3.74682441,48.52734623],[3.74621022,48.52768114],[3.7426309,48.52493185],[3.74455512,48.52376741],[3.74639012,48.52518989],[3.74542453,48.52567004],[3.74575688,48.52599362],[3.74700485,48.52546581],[3.74864802,48.52672392]],[[3.75228941,48.51516784],[3.75231193,48.51513351],[3.75237287,48.51513402],[3.75240091,48.51510596],[3.75241256,48.515069],[3.75243941,48.51505264],[3.75245535,48.51503094],[3.75247717,48.5150416],[3.7525302,48.51505746],[3.75259029,48.51509306],[3.75256777,48.51512739],[3.75263157,48.51513868],[3.75265072,48.51515206],[3.75268622,48.51517252],[3.75267296,48.5151924],[3.7526557,48.5152159],[3.75272965,48.5152739],[3.75270993,48.51531541],[3.75267761,48.51532731],[3.75263576,48.51533657],[3.7525602,48.51535504],[3.75252772,48.51535615],[3.75248807,48.51532941],[3.75243511,48.51531895],[3.75241539,48.515266],[3.75239077,48.51524906],[3.75233629,48.51522692],[3.75232082,48.51518653],[3.75228941,48.51516784]]]]},"properties":{"nature":"Peupleraie","precision":3,"modifiedAt":null}},{"type":"Feature","id":"ZONEVEGE0000002321892393","geometry":{"type":"MultiPolygon","coordinates":[[[[3.75944304,48.50684669],[3.75945196,48.50680794],[3.75923953,48.5068165],[3.75918968,48.50683391],[3.7590274,48.50684664],[3.75904131,48.50687174],[3.75910912,48.50688031],[3.75918924,48.50689689],[3.75923108,48.50688762],[3.75926726,48.5068622],[3.75944304,48.50684669]]]]},"properties":{"nature":"Haie","precision":3,"modifiedAt":null}},{"type":"Feature","id":"ZONEVEGE0000002321885782","geometry":{"type":"MultiPolygon","coordinates":[[[[3.81292051,48.51242235],[3.81288504,48.5124055],[3.81280382,48.51240695],[3.81275948,48.51242885],[3.812748,48.51247481],[3.81283677,48.51252368],[3.81288117,48.51250538],[3.81290649,48.51247912],[3.81292051,48.51242235]]]]},"properties":{"nature":"Haie","precision":3,"modifiedAt":null}},{"type":"Feature","id":"ZONEVEGE0000002321892388","geometry":{"type":"MultiPolygon","coordinates":[[[[3.75809329,48.50591339],[3.75808754,48.50589004],[3.75801724,48.50589679],[3.75799769,48.50594909],[3.75804426,48.50598658],[3.75810287,48.50601409],[3.75813584,48.50595361],[3.75812327,48.5059267],[3.75809329,48.50591339]]]]},"properties":{"nature":"Haie","precision":3,"modifiedAt":null}},{"type":"Feature","id":"ZONEVEGE0000002321885778","geometry":{"type":"MultiPolygon","coordinates":[[[[3.80764904,48.51187623],[3.807619,48.51185934],[3.80759195,48.51186132],[3.80751443,48.51192752],[3.80760701,48.51196018],[3.80769209,48.51194611],[3.80769553,48.5119056],[3.80766426,48.51189682],[3.80764904,48.51187623]]]]},"properties":{"nature":"Haie","precision":3,"modifiedAt":null}},{"type":"Feature","id":"ZONEVEGE0000002321892520","geometry":{"type":"MultiPolygon","coordinates":[[[[3.76065683,48.5085779],[3.76069172,48.50855609],[3.7607218,48.50857659],[3.76074766,48.50858632],[3.76076576,48.50852683],[3.76080754,48.50851396],[3.7608732,48.50856032],[3.76087351,48.50858191],[3.76092919,48.50859325],[3.76098252,48.5086298],[3.76104071,48.50862762],[3.76103578,48.50856828],[3.760995,48.50855685],[3.76096877,48.50852193],[3.76095147,48.50844917],[3.7609076,48.50841167],[3.7608286,48.50837889],[3.76082015,48.50835645],[3.76076212,48.50836941],[3.76073249,48.5083804],[3.76069323,48.50838065],[3.76066211,48.50838175],[3.76061253,48.50841715],[3.7605857,48.50843442],[3.76061489,48.50848641],[3.76055903,48.50846248],[3.76052642,48.50845459],[3.76046572,48.50847027],[3.76052004,48.50848162],[3.76054056,48.50849588],[3.76049361,48.50852587],[3.76048064,48.50856554],[3.76050982,48.50861663],[3.76056445,48.50874313],[3.76058355,48.50884646],[3.76062609,48.50888577],[3.76066669,48.50888461],[3.76069883,48.50886012],[3.76065104,48.50883253],[3.76063508,48.50875887],[3.76060319,48.50870689],[3.76057813,48.50865937],[3.76063046,48.50862665],[3.76065683,48.5085779]]]]},"properties":{"nature":"Haie","precision":3,"modifiedAt":null}},{"type":"Feature","id":"ZONEVEGE0000002321892385","geometry":{"type":"MultiPolygon","coordinates":[[[[3.75966231,48.50609499],[3.75971638,48.50608925],[3.75974756,48.50609175],[3.75978936,48.50607979],[3.75985144,48.5060668],[3.75988341,48.50603061],[3.75984113,48.50600929],[3.75982197,48.50599501],[3.75970169,48.50600928],[3.75965595,48.50602936],[3.75960201,48.5060441],[3.75962284,48.50607995],[3.75966231,48.50609499]]]]},"properties":{"nature":"Haie","precision":3,"modifiedAt":null}},{"type":"Feature","id":"ZONEVEGE0000002321892368","geometry":{"type":"MultiPolygon","coordinates":[[[[3.75431663,48.50726978],[3.75441666,48.50725835],[3.75445188,48.50725992],[3.75449235,48.50724977],[3.75456933,48.50723669],[3.75458524,48.50721319],[3.75459852,48.50719512],[3.75460309,48.50713661],[3.75455578,48.50714141],[3.75453019,48.50715057],[3.75440692,48.50714595],[3.75435447,48.50717058],[3.75430596,48.50718618],[3.75424009,48.50721898],[3.75406533,48.5072111],[3.75397929,48.50725393],[3.75396546,48.50732778],[3.75401446,48.50734546],[3.7540873,48.50732701],[3.75412778,48.50731776],[3.75416812,48.50729861],[3.75426682,48.50728899],[3.75431663,48.50726978]]]]},"properties":{"nature":"Haie","precision":3,"modifiedAt":null}},{"type":"Feature","id":"ZONEVEGE0000002321892378","geometry":{"type":"MultiPolygon","coordinates":[[[[3.75576103,48.50565926],[3.75580533,48.50563289],[3.75586627,48.5056343],[3.7558959,48.50562332],[3.75596267,48.50565348],[3.75597959,48.50570015],[3.75602038,48.50571249],[3.75608622,48.50567788],[3.75604507,48.50564036],[3.75606099,48.50561777],[3.75604293,48.5055864],[3.75605621,48.50556832],[3.75606939,48.50554305],[3.75596093,48.50553294],[3.75594714,48.50551504],[3.75587528,48.5055074],[3.75585748,48.50549402],[3.75581017,48.50549881],[3.75579545,48.5055106],[3.75579863,48.50554387],[3.75577169,48.50555304],[3.7557434,48.50556311],[3.7556635,48.50556092],[3.75559585,48.50556405],[3.75558207,48.50554705],[3.75556569,48.50553815],[3.75553088,48.50556536],[3.7555207,48.50570397],[3.75554037,48.50575423],[3.75556092,48.50577119],[3.75555989,48.50579369],[3.75556282,48.50580896],[3.75556708,48.50582243],[3.75568368,48.50583428],[3.75572002,48.50581966],[3.75573612,48.5057152],[3.75574804,48.50569713],[3.75576103,48.50565926]]]]},"properties":{"nature":"Haie","precision":3,"modifiedAt":null}},{"type":"Feature","id":"ZONEVEGE0000002321892367","geometry":{"type":"MultiPolygon","coordinates":[[[[3.75313089,48.50662687],[3.75317934,48.50660677],[3.75326336,48.50661253],[3.75330905,48.50658885],[3.75336962,48.50656418],[3.7533339,48.50652752],[3.7533199,48.50649522],[3.75325204,48.50648396],[3.75324093,48.50646424],[3.75316281,48.50639816],[3.75313851,48.50640281],[3.75311712,48.50642184],[3.75306474,48.50645096],[3.7530295,48.50644848],[3.75292404,48.50645815],[3.75287583,48.50649534],[3.75299103,48.50650361],[3.75307527,48.50652466],[3.75309047,48.50654616],[3.75303439,48.50660049],[3.75309303,48.50662981],[3.75313089,48.50662687]]]]},"properties":{"nature":"Haie","precision":3,"modifiedAt":null}},{"type":"Feature","id":"ZONEVEGE0000002321892365","geometry":{"type":"MultiPolygon","coordinates":[[[[3.75044091,48.50360674],[3.75035505,48.5035668],[3.75029281,48.50356899],[3.75027954,48.50358797],[3.75022132,48.50358743],[3.7501853,48.50362455],[3.75015848,48.50364271],[3.7501858,48.50365963],[3.75020091,48.50367483],[3.75014559,48.50368777],[3.75014739,48.50371925],[3.75022879,48.50373133],[3.75027103,48.50374995],[3.75030135,48.50378755],[3.75033481,48.50385571],[3.75039399,48.50382834],[3.75045746,48.50381715],[3.75048571,48.50370991],[3.75045652,48.50365702],[3.75044091,48.50360674]]]]},"properties":{"nature":"Haie","precision":3,"modifiedAt":null}},{"type":"Feature","id":"ZONEVEGE0000002321892391","geometry":{"type":"MultiPolygon","coordinates":[[[[3.76087219,48.50867728],[3.76079078,48.50866521],[3.76068793,48.50866857],[3.76067921,48.5087208],[3.76071725,48.50872955],[3.76076354,48.50874725],[3.76089062,48.50873474],[3.76087219,48.50867728]]]]},"properties":{"nature":"Haie","precision":3,"modifiedAt":null}},{"type":"Feature","id":"ZONEVEGE0000002321892390","geometry":{"type":"MultiPolygon","coordinates":[[[[3.75022418,48.50662816],[3.75016716,48.50661683],[3.75013201,48.50662065],[3.75012497,48.50669626],[3.75022319,48.50674782],[3.75027667,48.5067007],[3.75024117,48.50668023],[3.75022418,48.50662816]]]]},"properties":{"nature":"Haie","precision":3,"modifiedAt":null}},{"type":"Feature","id":"ZONEVEGE0000002321892395","geometry":{"type":"MultiPolygon","coordinates":[[[[3.7593556,48.50716571],[3.75958284,48.50715167],[3.75963974,48.507154],[3.7597518,48.50713259],[3.75991411,48.50712166],[3.75994105,48.50711249],[3.75998289,48.50710323],[3.75996077,48.50707188],[3.75985528,48.50707975],[3.75927654,48.50712933],[3.75927951,48.50714731],[3.75925292,48.50718076],[3.75927761,48.5072031],[3.7593556,48.50716571]]]]},"properties":{"nature":"Haie","precision":3,"modifiedAt":null}},{"type":"Feature","id":"ZONEVEGE0000002321892394","geometry":{"type":"MultiPolygon","coordinates":[[[[3.75395925,48.50680154],[3.75391312,48.50679464],[3.75361442,48.50673536],[3.7535994,48.50672645],[3.75355788,48.50675731],[3.75349986,48.50677117],[3.75345746,48.50683531],[3.75353119,48.50687892],[3.75356052,48.50684725],[3.75357664,48.50683815],[3.75362317,48.50687294],[3.75367483,48.50688791],[3.75367172,48.5069545],[3.7537111,48.50696235],[3.75372908,48.50689476],[3.75381352,48.50692931],[3.75384518,48.50687153],[3.75392012,48.50681078],[3.75395925,48.50680154]]]]},"properties":{"nature":"Haie","precision":3,"modifiedAt":null}},{"type":"Feature","id":"ZONEVEGE0000002321892383","geometry":{"type":"MultiPolygon","coordinates":[[[[3.75881771,48.50629561],[3.75888649,48.50627718],[3.75897046,48.50627934],[3.75898607,48.50623516],[3.75903612,48.50623214],[3.75907972,48.50625165],[3.75913062,48.50621354],[3.75917422,48.50623306],[3.75919966,48.5062131],[3.7592266,48.50620393],[3.75927614,48.50616583],[3.75933302,48.50616727],[3.75937477,48.50615171],[3.75942872,48.50613787],[3.75945445,48.50613861],[3.7594814,48.50612944],[3.75958951,48.50611615],[3.75957575,48.50610094],[3.7595401,48.50606969],[3.75940211,48.50607687],[3.75933211,48.5061043],[3.75927809,48.50611364],[3.75925115,48.50612281],[3.75920391,48.50613301],[3.75914769,48.50617745],[3.75909086,48.50617961],[3.75906487,48.50616089],[3.75900816,48.50617114],[3.75898122,48.50618121],[3.75882276,48.50617683],[3.75875284,48.50620966],[3.75869883,48.5062199],[3.75856398,48.50625675],[3.75852091,48.50627411],[3.75841808,48.50627837],[3.75840303,48.50626767],[3.75835009,48.50625811],[3.75832897,48.50620157],[3.75827719,48.50617851],[3.75825148,48.50617957],[3.75817665,48.50615396],[3.75814319,48.50618116],[3.7581289,48.50622264],[3.75808308,48.50623732],[3.75810511,48.50626237],[3.75811892,48.50628118],[3.75826367,48.50627396],[3.75828296,48.50629722],[3.75827947,48.50633683],[3.7583246,48.50636803],[3.75836398,48.50637587],[3.75845455,48.5063663],[3.75850555,48.50633539],[3.75872187,48.50631511],[3.75881771,48.50629561]]]]},"properties":{"nature":"Haie","precision":3,"modifiedAt":null}},{"type":"Feature","id":"ZONEVEGE0000002321892382","geometry":{"type":"MultiPolygon","coordinates":[[[[3.75811584,48.50531859],[3.75813104,48.50524653],[3.75817016,48.50523638],[3.75818584,48.50529116],[3.75831166,48.50528496],[3.75836812,48.50525761],[3.75839892,48.50523402],[3.75844211,48.50522475],[3.75845519,48.50519318],[3.75852514,48.50516215],[3.75862922,48.50515069],[3.75865615,48.50514062],[3.75879381,48.50511095],[3.75884526,48.50511152],[3.75889262,48.50510942],[3.75896129,48.50508379],[3.75903289,48.50507344],[3.75909501,48.50506225],[3.75916699,48.50507798],[3.75911651,48.50514487],[3.75913443,48.50516725],[3.75920094,48.50517942],[3.75922772,48.50515856],[3.75922318,48.5051253],[3.75925788,48.50509089],[3.75930958,48.50510856],[3.75935814,48.50509655],[3.75937981,48.50509731],[3.75939914,48.50512328],[3.7594519,48.50512024],[3.75948063,48.50514075],[3.75952918,48.50512784],[3.75956183,48.50513933],[3.75958889,48.50513826],[3.7596053,48.50514895],[3.75960179,48.50518765],[3.75960638,48.50522361],[3.75964177,48.50523688],[3.75970093,48.50520861],[3.75969767,48.50517085],[3.75965399,48.50514594],[3.75965606,48.50510184],[3.75965135,48.50505689],[3.75961293,48.50502205],[3.75959914,48.50500415],[3.75954754,48.50499368],[3.7595308,48.5049596],[3.75950348,48.50494268],[3.75950431,48.50490669],[3.75947439,48.50489699],[3.75946061,48.50487998],[3.75943997,48.50485763],[3.7594062,48.50486234],[3.75940794,48.50488932],[3.75940715,48.50492801],[3.75932724,48.50492582],[3.75928543,48.50493688],[3.75921906,48.50493461],[3.75916494,48.50493675],[3.75913873,48.50490273],[3.75904286,48.50492044],[3.75895239,48.50493631],[3.75881315,48.50495069],[3.75877267,48.50495995],[3.75871865,48.50496929],[3.75867817,48.50497854],[3.75853623,48.50499294],[3.75843778,48.50501876],[3.75820952,48.5050562],[3.75809866,48.50506681],[3.75806097,48.50508144],[3.75804017,48.50514095],[3.75799264,48.50513136],[3.75796051,48.50515585],[3.75794063,48.50518567],[3.75792722,48.50519475],[3.75791249,48.50520564],[3.75791562,48.50523531],[3.75795006,48.50527647],[3.75798254,48.50527536],[3.75801503,48.50527516],[3.75806291,48.50530994],[3.75811584,48.50531859]]]]},"properties":{"nature":"Haie","precision":3,"modifiedAt":null}},{"type":"Feature","id":"ZONEVEGE0000002321892372","geometry":{"type":"MultiPolygon","coordinates":[[[[3.75324102,48.50618805],[3.75319158,48.50604442],[3.75315229,48.50594841],[3.75304313,48.50598329],[3.75297543,48.50598282],[3.75286447,48.50598622],[3.75280655,48.50600728],[3.75276479,48.50602194],[3.75269301,48.50601969],[3.75262416,48.50603362],[3.75259206,48.50606082],[3.75263303,48.50608575],[3.75263355,48.50612173],[3.75268917,48.50612947],[3.7527435,48.50614172],[3.75274372,48.50615702],[3.75263673,48.50615499],[3.75268338,48.50619788],[3.75265119,48.50621878],[3.75263801,48.50624405],[3.75267924,48.50628697],[3.75269297,48.50630038],[3.75272032,48.5063191],[3.75279418,48.50627725],[3.75281389,48.50623574],[3.75282582,48.50621767],[3.75281215,48.50620876],[3.75279847,48.50619895],[3.75286421,48.50615715],[3.75288412,48.50612914],[3.75293134,48.50611804],[3.75295963,48.50610797],[3.7529563,48.50606481],[3.75309964,48.5060531],[3.75316091,48.506077],[3.75308737,48.50614134],[3.75306944,48.50621253],[3.75317894,48.5062955],[3.75324524,48.50629328],[3.75327923,48.50630296],[3.75324955,48.50621588],[3.7532263,48.50619984],[3.75324102,48.50618805]]]]},"properties":{"nature":"Haie","precision":3,"modifiedAt":null}},{"type":"Feature","id":"ZONEVEGE0000002321892364","geometry":{"type":"MultiPolygon","coordinates":[[[[3.76115452,48.50844697],[3.76113222,48.50840303],[3.76111326,48.50840225],[3.76106861,48.50840434],[3.76104382,48.50837571],[3.76107066,48.50835934],[3.76105684,48.50833964],[3.76104305,48.50832263],[3.76106963,48.50828828],[3.76102738,48.50826876],[3.76100017,48.50825994],[3.76100115,48.50823384],[3.76098611,48.50822404],[3.76097876,48.5081836],[3.76087595,48.50818966],[3.76086378,48.50819064],[3.76089751,48.50827589],[3.76092906,48.50830447],[3.76094829,48.50832324],[3.76096209,48.50834115],[3.76096758,48.50834651],[3.76100322,48.50837687],[3.76101877,48.50842175],[3.76103255,48.50843875],[3.76105486,48.50848359],[3.7611129,48.50856419],[3.7611601,48.50855129],[3.7612245,48.50851129],[3.76120931,48.5084907],[3.76118212,48.50848278],[3.76116819,48.50845588],[3.76115452,48.50844697]]]]},"properties":{"nature":"Haie","precision":3,"modifiedAt":null}},{"type":"Feature","id":"ZONEVEGE0000002321892379","geometry":{"type":"MultiPolygon","coordinates":[[[[3.75761261,48.50590836],[3.75760377,48.50585894],[3.75757896,48.50582851],[3.75758232,48.50577991],[3.75755478,48.5057477],[3.75757605,48.50572057],[3.7575744,48.50569989],[3.75750271,48.50570395],[3.75745893,48.50567274],[3.75742515,48.50567745],[3.7574131,48.50568653],[3.75738616,48.50569569],[3.75735787,48.50570577],[3.75736096,48.50573184],[3.75728144,48.50575664],[3.75726486,48.50573335],[3.75721599,48.50572467],[3.7571299,48.505763],[3.75712161,48.50575136],[3.75711606,48.5057424],[3.75710558,48.50586032],[3.75718693,48.50586879],[3.75727836,48.50591859],[3.75730243,48.50589774],[3.75732928,48.50588228],[3.75737142,48.50589371],[3.75749907,48.50592078],[3.75761261,48.50590836]]]]},"properties":{"nature":"Bois","precision":3,"modifiedAt":null}},{"type":"Feature","id":"ZONEVEGE0000002321892377","geometry":{"type":"MultiPolygon","coordinates":[[[[3.75253281,48.5074988],[3.75258421,48.50749577],[3.75263162,48.50749727],[3.75271219,48.50745088],[3.75281252,48.50746104],[3.75283764,48.50751306],[3.75287811,48.50750291],[3.75291022,48.50747661],[3.75308738,48.5074629],[3.753131,48.50748331],[3.75315777,48.50746155],[3.75322278,48.50746384],[3.75323889,48.50745384],[3.7532523,48.50744476],[3.7532684,48.50743476],[3.7533326,48.50738038],[3.75324913,48.50731883],[3.75326241,48.50730075],[3.75329192,48.50728168],[3.75326286,48.50723778],[3.75322242,48.50724973],[3.75320148,48.50730024],[3.75313386,48.50730517],[3.75309169,48.50729104],[3.7530486,48.50730751],[3.75298965,48.5072566],[3.7530299,48.50723116],[3.75305685,48.50722199],[3.7530972,48.50720374],[3.75312415,48.50719458],[3.75319532,48.50715364],[3.75324022,48.50716955],[3.75325751,48.50714785],[3.75327035,48.50709919],[3.75331114,48.50711152],[3.75335747,48.50713192],[3.75339248,48.5071191],[3.75348035,48.50710955],[3.75351631,48.50706794],[3.7535794,48.50703066],[3.75353822,48.50699133],[3.75347068,48.50700166],[3.75342918,48.50703431],[3.75334937,48.50703931],[3.75332216,48.50703049],[3.75321913,48.50702034],[3.75317241,48.50697296],[3.75312075,48.50695799],[3.7531028,48.50693382],[3.753035,48.50692615],[3.75299554,48.50691201],[3.75295339,48.50689968],[3.75293785,48.5068548],[3.75289707,48.50684336],[3.75291026,48.50681899],[3.75295032,48.50678005],[3.7529295,48.5067442],[3.75285348,48.50673028],[3.75284639,48.50670784],[3.75278693,48.50671541],[3.75278579,48.50673071],[3.75281119,48.50680252],[3.75277757,48.50691249],[3.75279147,48.50693759],[3.75280527,48.5069555],[3.75282119,48.50702736],[3.75284865,48.50705418],[3.75286406,48.50709007],[3.75287785,48.50710797],[3.75289164,48.50712498],[3.75291464,48.50712393],[3.75295951,48.50713714],[3.75293264,48.50715171],[3.75289895,48.50716272],[3.75286704,48.5072034],[3.75288087,48.50722401],[3.75292204,48.50726243],[3.75290478,48.50728593],[3.75285691,48.50725205],[3.75280831,48.50726225],[3.75278438,48.50729299],[3.7528078,48.50732073],[3.75274461,48.50735172],[3.75269441,48.50734394],[3.75264543,48.50732715],[3.75258852,48.50732392],[3.75255925,48.50736009],[3.75254395,48.50742586],[3.75250457,48.50741801],[3.75247583,48.5073966],[3.75239872,48.50740069],[3.75236216,48.50740002],[3.7523438,48.50744152],[3.75229667,48.50745981],[3.75226375,48.50742943],[3.75224163,48.50739808],[3.752223,48.50742069],[3.75218296,48.50746053],[3.75222922,48.50747643],[3.75230662,48.50749213],[3.75234199,48.5075045],[3.75241773,48.50749863],[3.75246428,48.50753522],[3.75249935,48.507526],[3.75253281,48.5074988]]]]},"properties":{"nature":"Haie","precision":3,"modifiedAt":null}},{"type":"Feature","id":"ZONEVEGE0000002321892376","geometry":{"type":"MultiPolygon","coordinates":[[[[3.75249878,48.50691965],[3.75247222,48.50686134],[3.75242074,48.50685897],[3.75236004,48.50687465],[3.75234309,48.50682528],[3.75229679,48.50680668],[3.75224537,48.5068088],[3.75222398,48.50682783],[3.75216319,48.50683721],[3.75218291,48.50689017],[3.75219589,48.50694586],[3.75223681,48.50696719],[3.75222619,48.50698165],[3.75218708,48.5069927],[3.75218073,48.50702152],[3.75220147,48.50705198],[3.75221323,48.50711668],[3.75224367,48.50716237],[3.75225673,48.50722346],[3.75230993,48.50725101],[3.75234289,48.50728409],[3.75235675,48.50730649],[3.75240799,48.50729177],[3.75246475,48.50728422],[3.75248896,48.50727327],[3.75251727,48.50726499],[3.75249664,48.50724263],[3.75251365,48.50720114],[3.75256447,48.50715764],[3.75253697,48.50712812],[3.75252391,48.50706703],[3.75253386,48.50700579],[3.75247277,48.50699449],[3.75246406,48.50695316],[3.75249878,48.50691965]]]]},"properties":{"nature":"Bois","precision":3,"modifiedAt":null}},{"type":"Feature","id":"ZONEVEGE0000002321892375","geometry":{"type":"MultiPolygon","coordinates":[[[[3.7638395,48.5034377],[3.76376967,48.50338417],[3.76362897,48.50339047],[3.76358872,48.50341502],[3.76361892,48.50344361],[3.76368674,48.50345307],[3.76376887,48.50351462],[3.76383233,48.50350342],[3.7638395,48.5034377]]]]},"properties":{"nature":"Haie","precision":3,"modifiedAt":null}},{"type":"Feature","id":"ZONEVEGE0000002321892374","geometry":{"type":"MultiPolygon","coordinates":[[[[3.75492826,48.50658847],[3.75494495,48.50652539],[3.7550179,48.50651413],[3.75507983,48.50649035],[3.75502552,48.506479],[3.75498459,48.50645767],[3.7551319,48.50643964],[3.75506361,48.50639779],[3.75504285,48.50636644],[3.75496847,48.50637231],[3.7549013,48.50640872],[3.75487436,48.50641789],[3.75484704,48.50640097],[3.754755,48.50640245],[3.75471154,48.50639283],[3.75460847,48.50638089],[3.75453553,48.50639215],[3.75460551,48.50645738],[3.75461925,48.50647168],[3.75453032,48.50650104],[3.75458108,48.5065475],[3.75459488,48.5065654],[3.75462085,48.50658233],[3.75470414,48.50653772],[3.7547947,48.50652725],[3.75489293,48.5065797],[3.75492826,48.50658847]]]]},"properties":{"nature":"Haie","precision":3,"modifiedAt":null}},{"type":"Feature","id":"ZONEVEGE0000002321892369","geometry":{"type":"MultiPolygon","coordinates":[[[[3.7538312,48.50599269],[3.75375095,48.50577818],[3.75365357,48.5057851],[3.75359962,48.50579894],[3.75346447,48.50581509],[3.75337682,48.50583993],[3.75326609,48.50585953],[3.75334146,48.50592292],[3.75327529,48.50593414],[3.75320216,48.5059328],[3.75315229,48.50594841],[3.75319158,48.50604442],[3.75324102,48.50618805],[3.75328515,48.50614999],[3.75331045,48.50612014],[3.75326223,48.50606197],[3.75330891,48.50601309],[3.75341591,48.50601601],[3.75344243,48.50597716],[3.75349063,48.50593997],[3.75356694,48.50597457],[3.75367542,48.50598648],[3.75375037,48.50602019],[3.75379474,48.50599922],[3.7538312,48.50599269]]]]},"properties":{"nature":"Haie","precision":3,"modifiedAt":null}},{"type":"Feature","id":"ZONEVEGE0000002321892362","geometry":{"type":"MultiPolygon","coordinates":[[[[3.756783,48.50592894],[3.75680965,48.50589909],[3.75686385,48.50590234],[3.75688926,48.50588059],[3.75692836,48.50586954],[3.75691144,48.50582287],[3.756808,48.50578484],[3.75677858,48.50581022],[3.7567657,48.50585528],[3.75673714,48.50584647],[3.75669739,48.50581254],[3.75669151,48.50578019],[3.75661576,48.50578517],[3.75657135,48.50580344],[3.75652141,48.50581366],[3.7564924,48.50586782],[3.75659405,48.50587527],[3.7566105,48.50588956],[3.75666703,48.50586671],[3.75669832,48.5058773],[3.7567586,48.5059264],[3.756783,48.50592894]]]]},"properties":{"nature":"Haie","precision":3,"modifiedAt":null}},{"type":"Feature","id":"ZONEVEGE0000002321892361","geometry":{"type":"MultiPolygon","coordinates":[[[[3.7564094,48.50555708],[3.75647395,48.50552698],[3.75651728,48.5055276],[3.75657712,48.50554611],[3.75662291,48.50552963],[3.75668956,48.50555169],[3.75673119,48.50552804],[3.75677147,48.50550439],[3.75671819,48.50547144],[3.75670303,48.50545265],[3.75668788,48.50543475],[3.75667395,48.50540785],[3.75661832,48.50539921],[3.75658551,48.50537693],[3.75651126,48.5053918],[3.75646284,48.50541369],[3.75649971,48.50543595],[3.7565138,48.50547365],[3.75643256,48.50547326],[3.75637465,48.50549432],[3.75639273,48.50552749],[3.7564094,48.50555708]]]]},"properties":{"nature":"Haie","precision":3,"modifiedAt":null}},{"type":"Feature","id":"ZONEVEGE0000002321892359","geometry":{"type":"MultiPolygon","coordinates":[[[[3.7535994,48.50672645],[3.75361442,48.50673536],[3.75391312,48.50679464],[3.75395925,48.50680154],[3.7539822,48.5067969],[3.75404721,48.50679828],[3.75408739,48.50676834],[3.75408578,48.50675036],[3.75395799,48.50671338],[3.75393447,48.50667845],[3.75397877,48.50665208],[3.75406109,48.50663356],[3.75411227,48.50661525],[3.75410761,48.50657389],[3.7541888,48.50657068],[3.75420773,48.50656876],[3.75422875,48.50652454],[3.7542419,48.50649747],[3.75425436,48.50642272],[3.75432886,48.50642495],[3.75435922,48.50637078],[3.7543859,48.50634362],[3.75436386,48.50631677],[3.75441354,48.50628857],[3.75443952,48.5063064],[3.75448729,48.50633308],[3.75460474,48.50630984],[3.75468357,48.50633093],[3.75473783,48.50633869],[3.75476504,48.50634751],[3.7548188,48.50632018],[3.75484439,48.50631102],[3.75485764,48.50629114],[3.75479621,48.50625555],[3.75481615,48.50623023],[3.75482938,48.50620856],[3.75472791,48.5062137],[3.75459518,48.50621005],[3.7544533,48.50622894],[3.75442321,48.50620754],[3.75438128,48.5062105],[3.75434844,48.50618642],[3.75431623,48.50620552],[3.75429236,48.50624076],[3.75425221,48.5062725],[3.7541868,48.50624323],[3.75408397,48.50624748],[3.75405883,48.50628812],[3.75400245,48.50632176],[3.75406525,48.50635825],[3.7540074,48.50638381],[3.75409203,48.50643185],[3.75408966,48.50645526],[3.75401005,48.50647375],[3.75395474,48.5064876],[3.75390576,48.50647082],[3.75387651,48.50650789],[3.75392001,48.50652021],[3.75395968,48.50654874],[3.75395735,48.50657485],[3.75389535,48.50659413],[3.7538796,48.50662842],[3.75381134,48.50668373],[3.75378561,48.50668299],[3.75374661,48.50670123],[3.75370614,48.50671138],[3.75367919,48.50672055],[3.75363021,48.50670377],[3.7535994,48.50672645]]]]},"properties":{"nature":"Haie","precision":3,"modifiedAt":null}},{"type":"Feature","id":"ZONEVEGE0000002321892358","geometry":{"type":"MultiPolygon","coordinates":[[[[3.7639117,48.49547187],[3.76397374,48.49545618],[3.76402687,48.49548013],[3.76406599,48.49547088],[3.7640467,48.49544761],[3.76403961,48.49542517],[3.76416363,48.49539018],[3.7641833,48.49534687],[3.76415943,48.49528765],[3.76419677,48.49524963],[3.7642299,48.49520083],[3.7641996,48.49516504],[3.76420033,48.49512186],[3.76419322,48.49509851],[3.76414592,48.49510331],[3.76399166,48.495107],[3.76397064,48.49515032],[3.76395872,48.49516839],[3.76394196,48.49522608],[3.76385356,48.49519696],[3.76377433,48.49524065],[3.76373943,48.49526066],[3.76368639,48.49524301],[3.76364837,48.49523516],[3.76363471,48.49522625],[3.76359263,48.49521843],[3.76357406,48.49524463],[3.76355552,48.49527264],[3.76348863,48.49532705],[3.76347724,48.4953811],[3.76346397,48.49539918],[3.76345082,48.49542625],[3.76342512,48.49542732],[3.76339533,48.49542661],[3.76336911,48.49539169],[3.76332824,48.49537396],[3.76331458,48.49536505],[3.76324942,48.49535198],[3.76319319,48.49539462],[3.76324782,48.49542846],[3.76326324,48.49546524],[3.76329315,48.49547405],[3.76333143,48.49549989],[3.76336968,48.49552394],[3.76338968,48.49559668],[3.76343987,48.49560355],[3.76346971,48.49560786],[3.76347002,48.49562945],[3.76355341,48.49568559],[3.76366168,48.49568489],[3.76370255,48.49570262],[3.76374152,48.49568348],[3.76376712,48.49567522],[3.76380197,48.4956516],[3.76384622,48.49562253],[3.76391482,48.4955933],[3.76393635,48.49558417],[3.7639456,48.49556881],[3.76395488,48.49555526],[3.76397196,48.49552006],[3.76393933,48.49551038],[3.76391213,48.49550156],[3.7639117,48.49547187]]]]},"properties":{"nature":"Bois","precision":3,"modifiedAt":null}},{"type":"Feature","id":"ZONEVEGE0000002321892352","geometry":{"type":"MultiPolygon","coordinates":[[[[3.75375095,48.50577818],[3.7538312,48.50599269],[3.75384876,48.50598988],[3.75391331,48.50595978],[3.75383411,48.5059126],[3.7538934,48.50589333],[3.75394263,48.50592721],[3.75398186,48.50592516],[3.75400352,48.50592502],[3.75403306,48.5060022],[3.75412266,48.50601963],[3.7541474,48.50604556],[3.75406097,48.5060605],[3.75408217,48.50612244],[3.75405589,48.50617748],[3.75400171,48.50617603],[3.75397136,48.50613664],[3.75391961,48.50611538],[3.75392167,48.50607038],[3.75385797,48.50606539],[3.75392413,48.50624129],[3.75404565,48.50621893],[3.7540778,48.50619534],[3.75418584,48.50617666],[3.75420438,48.50614775],[3.75423907,48.50611245],[3.75420188,48.5060677],[3.75420282,48.50603891],[3.75425537,48.50602148],[3.75429172,48.50600776],[3.75431093,48.50593117],[3.75427965,48.50592147],[3.7541977,48.50587161],[3.75426361,48.5058415],[3.75430395,48.50582236],[3.75434714,48.50581309],[3.75439135,48.50578042],[3.75442552,48.50580359],[3.75449938,48.50576174],[3.75447344,48.50574661],[3.75442314,48.50573164],[3.75437504,48.50568246],[3.75423703,48.50568784],[3.75414653,48.50570191],[3.7540899,48.50571846],[3.75405199,48.5057178],[3.7538791,48.50574588],[3.75384942,48.50575327],[3.75378882,48.50577525],[3.75375095,48.50577818]]]]},"properties":{"nature":"Haie","precision":3,"modifiedAt":null}},{"type":"Feature","id":"ZONEVEGE0000002321892351","geometry":{"type":"MultiPolygon","coordinates":[[[[3.75272694,48.50781873],[3.75279698,48.5077931],[3.75296333,48.50778125],[3.75299969,48.50776753],[3.75307434,48.50778055],[3.75312982,48.5077784],[3.75317965,48.50776009],[3.75331486,48.50774754],[3.75344508,48.5077647],[3.75349086,48.50774732],[3.75354072,48.50773081],[3.75359716,48.50770166],[3.75366471,48.50769134],[3.75370357,48.50766321],[3.75376084,48.50769163],[3.75382038,48.50768945],[3.75379968,48.5076626],[3.75381545,48.50762921],[3.75385454,48.50761727],[3.75393385,48.50767164],[3.75405428,48.50766728],[3.75412308,48.50764975],[3.7542326,48.50764006],[3.75428484,48.50760104],[3.75436609,48.50760233],[3.75440645,48.50758408],[3.75448753,48.50757367],[3.75451312,48.50756451],[3.75458339,48.50755506],[3.75464324,48.50757448],[3.75469172,48.50755618],[3.75478359,48.507543],[3.7548373,48.50751207],[3.75480293,48.5074754],[3.75474208,48.50748119],[3.75461366,48.5074946],[3.75429713,48.5075137],[3.75421383,48.50755831],[3.75416733,48.50752622],[3.75394556,48.50754472],[3.75367495,48.50755633],[3.75350724,48.50756819],[3.75343169,48.50758666],[3.75323691,48.50759869],[3.75298673,48.50761917],[3.75265525,48.50763476],[3.75256748,48.50765061],[3.75247831,48.50766377],[3.75245755,48.50772688],[3.75248257,48.5077717],[3.7525196,48.50780475],[3.75264274,48.50780038],[3.75272694,48.50781873]]]]},"properties":{"nature":"Haie","precision":3,"modifiedAt":null}},{"type":"Feature","id":"ZONEVEGE0000002321891015","geometry":{"type":"MultiPolygon","coordinates":[[[[3.77827702,48.50002706],[3.77824818,48.49999936],[3.77814808,48.50000451],[3.77811072,48.50004074],[3.7781057,48.50006776],[3.77817786,48.50009518],[3.77825199,48.500074],[3.77827702,48.50002706]]]]},"properties":{"nature":"Haie","precision":3,"modifiedAt":null}},{"type":"Feature","id":"ZONEVEGE0000002321892138","geometry":{"type":"MultiPolygon","coordinates":[[[[3.7577351,48.53145139],[3.75767208,48.53140231],[3.75759905,48.53140997],[3.75759664,48.53143068],[3.75761492,48.53147734],[3.75765487,48.53152387],[3.75766868,48.53154177],[3.75770828,48.53156401],[3.75773456,48.53160162],[3.75780686,48.53163715],[3.75778924,48.5315428],[3.75774929,48.53149628],[3.7577351,48.53145139]]]]},"properties":{"nature":"Haie","precision":3,"modifiedAt":null}},{"type":"Feature","id":"ZONEVEGE0000002321892137","geometry":{"type":"MultiPolygon","coordinates":[[[[3.75822581,48.53110371],[3.75818083,48.5310842],[3.75805764,48.53108859],[3.75800957,48.53113657],[3.75802619,48.53116165],[3.75806622,48.53121358],[3.7581224,48.5312582],[3.75813848,48.53133996],[3.75817812,48.5313649],[3.75827215,48.53131032],[3.75831662,48.53129474],[3.75834847,48.53124956],[3.75831472,48.53116341],[3.75822581,48.53110371]]]]},"properties":{"nature":"Haie","precision":3,"modifiedAt":null}},{"type":"Feature","id":"ZONEVEGE0000002321892140","geometry":{"type":"MultiPolygon","coordinates":[[[[3.75086967,48.53186558],[3.75082348,48.53185598],[3.75078569,48.53186611],[3.75077501,48.53187698],[3.75072393,48.53190429],[3.75071888,48.53192951],[3.75074749,48.53194102],[3.75079092,48.53194705],[3.75084276,48.53197281],[3.75088712,48.53194914],[3.75089851,48.53189329],[3.75088078,48.53188531],[3.75086967,48.53186558]]]]},"properties":{"nature":"Haie","precision":3,"modifiedAt":null}},{"type":"Feature","id":"ZONEVEGE0000002321892145","geometry":{"type":"MultiPolygon","coordinates":[[[[3.75031545,48.51035923],[3.75030562,48.51033501],[3.75018249,48.51034028],[3.75017523,48.5104006],[3.75022181,48.51043899],[3.75019653,48.51046974],[3.75022245,48.51048397],[3.75024094,48.51054593],[3.75026804,48.51054756],[3.7503721,48.5105334],[3.75035489,48.51046604],[3.75030194,48.51045648],[3.75028589,48.51037561],[3.75031545,48.51035923]]]]},"properties":{"nature":"Haie","precision":3,"modifiedAt":null}},{"type":"Feature","id":"ZONEVEGE0000002321892139","geometry":{"type":"MultiPolygon","coordinates":[[[[3.76165441,48.52973147],[3.76161862,48.52969212],[3.76153337,48.52969716],[3.76147832,48.5297308],[3.76149833,48.52980264],[3.76156474,48.52980581],[3.76166886,48.52979345],[3.76165441,48.52973147]]]]},"properties":{"nature":"Haie","precision":3,"modifiedAt":null}},{"type":"Feature","id":"ZONEVEGE0000002321892147","geometry":{"type":"MultiPolygon","coordinates":[[[[3.75260099,48.51111936],[3.75257362,48.51109884],[3.75253582,48.51110718],[3.75251327,48.51113971],[3.75245958,48.51117243],[3.75247682,48.5112416],[3.75254361,48.51127266],[3.75258698,48.51127508],[3.75270731,48.51126353],[3.7526897,48.51116828],[3.75263906,48.51113081],[3.75260099,48.51111936]]]]},"properties":{"nature":"Haie","precision":3,"modifiedAt":null}},{"type":"Feature","id":"ZONEVEGE0000002321892146","geometry":{"type":"MultiPolygon","coordinates":[[[[3.75132174,48.53240969],[3.75136085,48.53239775],[3.75140694,48.53240016],[3.75140246,48.5323714],[3.75139637,48.53232466],[3.7514217,48.53229571],[3.75139665,48.53224909],[3.75128134,48.53223722],[3.75125834,48.53223917],[3.75123138,48.53224833],[3.75117735,48.53225857],[3.75116445,48.53230363],[3.75103603,48.53232153],[3.75099033,48.53234611],[3.75100877,48.53240447],[3.75107091,48.53239238],[3.75109912,48.53237601],[3.75112324,48.53235787],[3.75119352,48.53234753],[3.75123799,48.53233105],[3.75128872,48.53237391],[3.75132174,48.53240969]]]]},"properties":{"nature":"Haie","precision":3,"modifiedAt":null}},{"type":"Feature","id":"ZONEVEGE0000002321892144","geometry":{"type":"MultiPolygon","coordinates":[[[[3.75124325,48.53156365],[3.75128371,48.5315517],[3.75126072,48.53136473],[3.75122879,48.53131095],[3.75120147,48.53129493],[3.75119168,48.53127341],[3.75094118,48.53127859],[3.7509305,48.53128945],[3.75089157,48.53131398],[3.75087697,48.53133477],[3.75080266,48.53134783],[3.75075993,48.53139128],[3.75074434,48.53143726],[3.7507175,48.53145452],[3.75073049,48.53160558],[3.75087671,48.53160105],[3.75097419,48.53159774],[3.75100503,48.53157595],[3.7510351,48.53159466],[3.75105063,48.53163864],[3.75109383,48.53162847],[3.75114073,48.53159309],[3.75116084,48.53157857],[3.75118096,48.53156495],[3.7512185,48.53153772],[3.75124325,48.53156365]]]]},"properties":{"nature":"Bois","precision":3,"modifiedAt":null}},{"type":"Feature","id":"ZONEVEGE0000002321892153","geometry":{"type":"MultiPolygon","coordinates":[[[[3.7502146,48.51078719],[3.75018593,48.51077028],[3.75006335,48.51081424],[3.74988273,48.51087115],[3.74988032,48.51089186],[3.7499157,48.51090423],[3.74994938,48.51089232],[3.75003435,48.5108693],[3.75010156,48.51083559],[3.7502146,48.51078719]]]]},"properties":{"nature":"Haie","precision":3,"modifiedAt":null}},{"type":"Feature","id":"ZONEVEGE0000002321891014","geometry":{"type":"MultiPolygon","coordinates":[[[[3.77262826,48.50344115],[3.77261958,48.50340342],[3.77249652,48.50341232],[3.77245705,48.50348994],[3.7725329,48.50349305],[3.77262588,48.50346365],[3.77262826,48.50344115]]]]},"properties":{"nature":"Haie","precision":3,"modifiedAt":null}},{"type":"Feature","id":"ZONEVEGE0000002321892151","geometry":{"type":"MultiPolygon","coordinates":[[[[3.76297332,48.51406786],[3.76301372,48.51405231],[3.76306654,48.51405377],[3.7631166,48.51405075],[3.76319191,48.51401518],[3.76325859,48.51403814],[3.76332302,48.51399904],[3.76328086,48.51398672],[3.76326693,48.51395982],[3.76325191,48.51395092],[3.76328662,48.51391741],[3.7632644,48.51387887],[3.76324859,48.513816],[3.76317329,48.51375891],[3.76308941,48.51376394],[3.76301279,48.51380222],[3.76292067,48.51379921],[3.76287076,48.51381213],[3.76276257,48.51382182],[3.76268469,48.5138664],[3.76267277,48.51397803],[3.76273121,48.51399295],[3.76279046,48.51397008],[3.76289084,48.51398293],[3.76288862,48.51401623],[3.76282245,48.51402835],[3.76277791,48.51403853],[3.76274134,48.51403786],[3.76268767,48.51407149],[3.76272981,48.51408292],[3.76275702,48.51409174],[3.76280183,48.51410045],[3.76285031,48.51408215],[3.76297332,48.51406786]]]]},"properties":{"nature":"Haie","precision":3,"modifiedAt":null}},{"type":"Feature","id":"ZONEVEGE0000002321892150","geometry":{"type":"MultiPolygon","coordinates":[[[[3.76437101,48.51966532],[3.76441839,48.51966412],[3.76447662,48.51966374],[3.7645323,48.51967508],[3.76453364,48.51958061],[3.76442263,48.51958313],[3.76440212,48.51956976],[3.76426681,48.51957693],[3.7642336,48.51962123],[3.76432392,48.51968632],[3.76437101,48.51966532]]]]},"properties":{"nature":"Haie","precision":3,"modifiedAt":null}},{"type":"Feature","id":"ZONEVEGE0000002321892149","geometry":{"type":"MultiPolygon","coordinates":[[[[3.76304368,48.53026233],[3.76303052,48.53019584],[3.76299261,48.53019699],[3.76274753,48.53020216],[3.76270583,48.53022222],[3.76259676,48.5302661],[3.76245606,48.5302778],[3.7623981,48.53029706],[3.76234138,48.53030822],[3.76237668,48.53031429],[3.76238891,48.53031691],[3.76245557,48.53033717],[3.76248823,48.53034776],[3.76248618,48.53039275],[3.76248497,48.53040266],[3.76248392,48.53042335],[3.7625572,48.53052634],[3.76301439,48.53048382],[3.76301125,48.5303606],[3.76304368,48.53026233]]]]},"properties":{"nature":"Bois","precision":3,"modifiedAt":null}},{"type":"Feature","id":"ZONEVEGE0000002321892135","geometry":{"type":"MultiPolygon","coordinates":[[[[3.76103657,48.5274765],[3.76104024,48.52744949],[3.76092822,48.52738363],[3.76088473,48.52737312],[3.76085061,48.52735534],[3.76083692,48.52734554],[3.76076523,48.52735139],[3.76073858,48.52738215],[3.76076722,48.52739546],[3.76076348,48.52741797],[3.76079363,48.52744207],[3.76086636,48.52741372],[3.76089246,48.52743964],[3.76085485,48.52746057],[3.76088362,48.52748378],[3.76093209,48.52746367],[3.76097048,48.52749582],[3.76103657,48.5274765]]]]},"properties":{"nature":"Haie","precision":3,"modifiedAt":null}},{"type":"Feature","id":"ZONEVEGE0000002321892133","geometry":{"type":"MultiPolygon","coordinates":[[[[3.75158127,48.53265544],[3.75153484,48.53262965],[3.75147262,48.53263544],[3.75147036,48.53266694],[3.75150191,48.53269463],[3.75145776,48.53273269],[3.75147811,48.53282972],[3.75151726,48.53282048],[3.75152855,48.53275743],[3.75155676,48.53274106],[3.75153591,48.53270431],[3.75157891,48.53267975],[3.75158127,48.53265544]]]]},"properties":{"nature":"Haie","precision":3,"modifiedAt":null}},{"type":"Feature","id":"ZONEVEGE0000002321892132","geometry":{"type":"MultiPolygon","coordinates":[[[[3.7507596,48.53184109],[3.75077287,48.53182211],[3.7508237,48.53177681],[3.75073606,48.5317108],[3.7507024,48.5317245],[3.75060248,48.53174672],[3.75054229,48.53180018],[3.75060374,48.53183488],[3.75064975,48.53183189],[3.75070149,48.53185045],[3.7507596,48.53184109]]]]},"properties":{"nature":"Haie","precision":3,"modifiedAt":null}},{"type":"Feature","id":"ZONEVEGE0000002321892131","geometry":{"type":"MultiPolygon","coordinates":[[[[3.75752425,48.53120174],[3.7574626,48.53115355],[3.75742073,48.53116191],[3.75739012,48.53119899],[3.7574259,48.53123835],[3.75747434,48.53131001],[3.75756785,48.53131301],[3.75755188,48.53123935],[3.75752425,48.53120174]]]]},"properties":{"nature":"Haie","precision":3,"modifiedAt":null}},{"type":"Feature","id":"ZONEVEGE0000002321892129","geometry":{"type":"MultiPolygon","coordinates":[[[[3.75895948,48.52938706],[3.7587253,48.52939665],[3.75872043,48.52934091],[3.7587076,48.52920245],[3.75864103,48.52918848],[3.75854802,48.52921966],[3.75849287,48.5292461],[3.75842937,48.5292573],[3.75837156,48.52928646],[3.75832331,48.52932185],[3.75826795,48.5293339],[3.75821548,48.52935853],[3.758175,48.52936868],[3.75809298,48.52941058],[3.75809478,48.52944116],[3.7580641,48.52947374],[3.75809965,48.5294969],[3.75813833,48.52954973],[3.75809944,48.52957607],[3.75810119,48.52960395],[3.75812717,48.52962088],[3.75815465,48.52964769],[3.75810209,48.52966602],[3.75804042,48.52970959],[3.75802428,48.52981135],[3.75805161,48.52982827],[3.75806529,48.52983718],[3.75809386,48.52984599],[3.75818411,48.52990569],[3.75821813,48.52991627],[3.75826639,48.52988177],[3.75828184,48.5298259],[3.75829509,48.52980602],[3.75829169,48.52975837],[3.75832635,48.52971946],[3.75835462,48.52970759],[3.75837449,48.52977043],[3.75838816,48.52977934],[3.75841686,48.52979715],[3.75847103,48.52979591],[3.75851843,48.5297956],[3.75853954,48.52985034],[3.75849123,48.52988214],[3.75843319,48.529896],[3.75843495,48.52992388],[3.75846092,48.52993991],[3.75846033,48.52999299],[3.7584796,48.53001446],[3.75853155,48.53004741],[3.7585455,48.53007521],[3.75857283,48.53009213],[3.75859471,48.53010638],[3.75861902,48.53019529],[3.75864526,48.53023021],[3.75868633,48.53026053],[3.75870028,48.53028833],[3.75874103,48.53029617],[3.75878179,48.5303049],[3.75878205,48.53032289],[3.75880271,48.53034705],[3.75890174,48.53035721],[3.75897298,48.53031987],[3.75904747,48.5303194],[3.75906602,48.53029049],[3.7590201,48.53020622],[3.75895479,48.53018595],[3.7589827,48.53014889],[3.75897947,48.53011292],[3.75889785,48.53008825],[3.75887049,48.53006954],[3.75887025,48.52995979],[3.75889979,48.52994161],[3.75887084,48.52990671],[3.75875847,48.52991012],[3.75872827,48.52988243],[3.75868863,48.52985749],[3.75867136,48.52978743],[3.75861837,48.52977607],[3.75857579,48.52973496],[3.7585228,48.52972361],[3.75848315,48.52969777],[3.75854736,48.52964248],[3.75859014,48.52960353],[3.75861267,48.5295692],[3.7585785,48.52954783],[3.75855799,48.52953446],[3.75850369,48.52952581],[3.75847649,48.52951789],[3.75844927,48.52950907],[3.7584489,48.52948388],[3.75851645,48.52947176],[3.75855547,48.52945351],[3.75858242,48.52944435],[3.75861073,48.52943517],[3.75863595,48.52939902],[3.75869038,48.52941667],[3.75868978,48.52946885],[3.75880773,48.52947709],[3.7588777,48.52944516],[3.75895948,48.52938706]]]]},"properties":{"nature":"Haie","precision":3,"modifiedAt":null}},{"type":"Feature","id":"ZONEVEGE0000002321892121","geometry":{"type":"MultiPolygon","coordinates":[[[[3.75256137,48.53318181],[3.75256399,48.53308104],[3.75256498,48.53305584],[3.7525449,48.53307216],[3.75250134,48.53305715],[3.7524326,48.53308097],[3.75231906,48.53309788],[3.75227855,48.53310713],[3.75203627,48.53311946],[3.75203659,48.53314195],[3.75199615,48.5331557],[3.75196945,48.53318286],[3.75194223,48.53317403],[3.75190013,48.5331662],[3.75184815,48.53313055],[3.75153556,48.53315232],[3.75152189,48.53314341],[3.7514661,48.53312577],[3.75146681,48.53308078],[3.75143813,48.53306477],[3.75147145,48.53302678],[3.75160032,48.53303946],[3.75158195,48.53298649],[3.75153003,48.53295534],[3.75153091,48.53292205],[3.75142352,48.53289574],[3.75139458,48.53286083],[3.75138889,48.53284198],[3.7513982,48.53283022],[3.75115318,48.53284077],[3.75112064,48.53283828],[3.75112083,48.53285177],[3.75112082,48.53294533],[3.75113887,48.5329767],[3.75117988,48.53300253],[3.75116294,48.53304942],[3.75112006,48.53308207],[3.75133267,48.53307803],[3.75132738,48.53327598],[3.75134884,48.53326145],[3.75136227,48.53325327],[3.7513753,48.5332172],[3.75138859,48.53319912],[3.75140529,48.53313605],[3.75146774,48.53314555],[3.75146821,48.53317883],[3.75144378,48.53326984],[3.75149027,48.53330014],[3.75152665,48.53328641],[3.75159301,48.53328599],[3.75166428,48.53324956],[3.7517416,48.53325717],[3.75182177,48.53327465],[3.75190695,48.53326422],[3.75198525,48.53324573],[3.7520393,48.53323639],[3.75209844,48.53320453],[3.75218575,48.53324716],[3.75229797,48.53323296],[3.75232209,48.53321481],[3.75245739,48.53320406],[3.7525166,48.5331767],[3.75256137,48.53318181]]]]},"properties":{"nature":"Haie","precision":3,"modifiedAt":null}},{"type":"Feature","id":"ZONEVEGE0000002321892106","geometry":{"type":"MultiPolygon","coordinates":[[[[3.75345291,48.51085577],[3.75345754,48.51080086],[3.75333865,48.51081871],[3.75327878,48.5107984],[3.75322231,48.51082574],[3.75317102,48.51083686],[3.75315526,48.51087115],[3.75311343,48.51088131],[3.75311641,48.51090018],[3.75318983,48.51092131],[3.75321193,48.51095176],[3.75324455,48.51096055],[3.75326557,48.51091543],[3.75330599,48.51090168],[3.75334505,48.51088704],[3.75338553,48.51087779],[3.75341248,48.51086862],[3.75345291,48.51085577]]]]},"properties":{"nature":"Haie","precision":3,"modifiedAt":null}},{"type":"Feature","id":"ZONEVEGE0000002321892102","geometry":{"type":"MultiPolygon","coordinates":[[[[3.75167079,48.53171928],[3.75162883,48.53172135],[3.75160977,48.53152535],[3.75159094,48.53153447],[3.75157383,48.53156966],[3.75150489,48.53157909],[3.75142649,48.53159038],[3.75139765,48.53156268],[3.75138397,48.53155377],[3.75138618,48.53151867],[3.7513372,48.53150369],[3.75138133,48.53146382],[3.75139435,48.53142686],[3.75133993,48.53141011],[3.75131232,48.5313743],[3.75126072,48.53136473],[3.75128371,48.5315517],[3.75124325,48.53156365],[3.75125288,48.53157439],[3.75122356,48.53160786],[3.75123739,48.53162756],[3.75126485,48.53165348],[3.75126388,48.53168047],[3.75132633,48.53168997],[3.75134837,48.53171592],[3.75136217,48.53173383],[3.75139114,48.53177053],[3.75128464,48.53180539],[3.75127001,48.53182437],[3.75129597,48.5318404],[3.75129934,48.53188626],[3.75124831,48.53191717],[3.75130415,48.53193841],[3.7513895,48.53193967],[3.75142067,48.53194037],[3.75144725,48.53190512],[3.75144823,48.53187902],[3.75139119,48.53186859],[3.75137897,48.53186596],[3.75139096,48.53185239],[3.75139895,48.53184245],[3.75145974,48.53183127],[3.7515162,48.53180122],[3.7516071,48.53181145],[3.75164121,48.53182922],[3.75168836,48.53181093],[3.75171937,48.53180084],[3.75168733,48.53173897],[3.75167079,48.53171928]]]]},"properties":{"nature":"Haie","precision":3,"modifiedAt":null}},{"type":"Feature","id":"ZONEVEGE0000002321892100","geometry":{"type":"MultiPolygon","coordinates":[[[[3.75112064,48.53283828],[3.75115318,48.53284077],[3.7513982,48.53283022],[3.75141814,48.53280401],[3.75140475,48.53272043],[3.75140181,48.53270426],[3.75137396,48.53265136],[3.75138575,48.53262339],[3.75140038,48.53260441],[3.75139853,48.53256934],[3.75139618,48.53250008],[3.75135975,48.53251021],[3.75129274,48.53246565],[3.75123582,48.53246331],[3.75118038,48.53246996],[3.75115199,48.53247374],[3.75110751,48.53248931],[3.7510829,48.53247327],[3.75089479,48.53248526],[3.75086783,48.53249442],[3.75081245,48.53250467],[3.75079369,48.53251918],[3.75077626,48.53253188],[3.7507344,48.53254115],[3.75075992,48.53262015],[3.75072522,48.53265635],[3.75072005,48.53267348],[3.75074464,48.53268862],[3.75072858,48.53270221],[3.75068577,48.53273937],[3.75073588,48.53273905],[3.75073765,48.53276783],[3.75071349,48.53278327],[3.75073277,48.53280564],[3.75075465,48.5328199],[3.75076834,48.53282971],[3.75081302,48.53282852],[3.75085832,48.53287052],[3.75092974,48.53284488],[3.7509716,48.53283562],[3.7509931,48.53282379],[3.75104286,48.53279828],[3.75112044,48.53282478],[3.75112064,48.53283828]]]]},"properties":{"nature":"Bois","precision":3,"modifiedAt":null}},{"type":"Feature","id":"ZONEVEGE0000002321892127","geometry":{"type":"MultiPolygon","coordinates":[[[[3.75705474,48.51753687],[3.75703276,48.51751542],[3.75697699,48.51749778],[3.7569575,48.51746102],[3.75693291,48.51744588],[3.75686233,48.51743464],[3.75684704,48.51740775],[3.75683201,48.51739795],[3.75677897,48.51738209],[3.75676363,48.5173516],[3.75669708,48.51733763],[3.75666974,48.51731981],[3.75664067,48.51727592],[3.75662687,48.51725801],[3.75662672,48.51715366],[3.75652905,48.51714168],[3.75651538,48.51713277],[3.75650172,48.51712476],[3.75654046,48.51708763],[3.75655381,48.51707495],[3.75649881,48.51701683],[3.75648363,48.51699713],[3.75643855,48.51696953],[3.75640112,48.5169095],[3.75636038,48.51690166],[3.75635939,48.51683239],[3.75624954,48.5168214],[3.75620868,48.51680457],[3.75618011,48.51679575],[3.75614729,48.51677347],[3.75612679,48.5167601],[3.75609659,48.51673151],[3.75603374,48.51669323],[3.75602885,48.5168237],[3.75591114,48.51682985],[3.75591159,48.51686133],[3.75596999,48.51687356],[3.7560059,48.51692191],[3.75606072,48.51696744],[3.756131,48.51695799],[3.75614709,48.5169471],[3.75625158,48.51696263],[3.7563228,48.51701885],[3.75629464,48.51703792],[3.7562981,48.51709008],[3.75626624,48.51713436],[3.75629889,48.51714495],[3.75633964,48.51715368],[3.75638038,48.51716152],[3.75646721,48.51717266],[3.75654258,48.51723516],[3.75656143,48.5173214],[3.75657798,48.51734199],[3.7565778,48.51742385],[3.75663282,48.51748288],[3.7566008,48.51751637],[3.7567019,48.5175778],[3.75665519,48.51762578],[3.75667886,48.51767061],[3.75667977,48.51773357],[3.75676924,48.5177402],[3.75675152,48.5175442],[3.75690448,48.51754052],[3.75705474,48.51753687]]]]},"properties":{"nature":"Haie","precision":3,"modifiedAt":null}},{"type":"Feature","id":"ZONEVEGE0000002321892126","geometry":{"type":"MultiPolygon","coordinates":[[[[3.75707713,48.53072329],[3.75707125,48.53069095],[3.75698464,48.53069599],[3.75696106,48.53075192],[3.75700082,48.53078495],[3.75701763,48.53082353],[3.75706971,48.53086548],[3.75708081,48.5308843],[3.75709865,48.53090038],[3.75711029,48.53095608],[3.7571678,48.5309989],[3.75720081,48.53103377],[3.7572484,48.53104606],[3.75726943,48.53109541],[3.75736979,48.53110466],[3.75737735,48.53106503],[3.75734434,48.53103016],[3.7573288,48.53098618],[3.75730015,48.53097197],[3.75728722,48.53092077],[3.75725297,48.530894],[3.75722023,48.53087802],[3.75719133,48.53084581],[3.75714196,48.53080385],[3.75712095,48.5307563],[3.75707713,48.53072329]]]]},"properties":{"nature":"Haie","precision":3,"modifiedAt":null}},{"type":"Feature","id":"ZONEVEGE0000002321892117","geometry":{"type":"MultiPolygon","coordinates":[[[[3.75009535,48.53312902],[3.75013173,48.5331153],[3.75019135,48.53311672],[3.7502386,48.53310563],[3.75031972,48.53309522],[3.75028768,48.53303335],[3.75024166,48.53303544],[3.75018165,48.53300703],[3.7501271,48.53298129],[3.75008634,48.53297255],[3.75004545,48.53295482],[3.75001416,48.53294512],[3.74994107,48.53294918],[3.74992016,48.53300239],[3.74999115,48.53304152],[3.75000773,48.53306391],[3.75009535,48.53312902]]]]},"properties":{"nature":"Haie","precision":3,"modifiedAt":null}},{"type":"Feature","id":"ZONEVEGE0000002321892116","geometry":{"type":"MultiPolygon","coordinates":[[[[3.76225224,48.51224715],[3.76204173,48.51229618],[3.76151828,48.51242728],[3.76144272,48.51244576],[3.76120017,48.51252648],[3.76118806,48.51253196],[3.76135993,48.51252546],[3.76138211,48.5125613],[3.7614387,48.51254205],[3.76146403,48.51251489],[3.76150857,48.51250471],[3.76155841,48.5124873],[3.76161243,48.51247706],[3.76162557,48.51244999],[3.76166606,48.51244073],[3.76170358,48.5124135],[3.76173214,48.51242231],[3.76175284,48.51244917],[3.76184202,48.5124369],[3.76187225,48.51237374],[3.76204259,48.51235555],[3.76206818,48.51234639],[3.76214382,48.51233331],[3.76218963,48.51231772],[3.76224339,48.51229039],[3.76228373,48.51227124],[3.76227006,48.51226233],[3.76225224,48.51224715]]]]},"properties":{"nature":"Haie","precision":3,"modifiedAt":null}},{"type":"Feature","id":"ZONEVEGE0000002321892120","geometry":{"type":"MultiPolygon","coordinates":[[[[3.76118806,48.51253196],[3.76120017,48.51252648],[3.76144272,48.51244576],[3.76151828,48.51242728],[3.76204173,48.51229618],[3.76225224,48.51224715],[3.76222345,48.51222305],[3.76216015,48.51224594],[3.76209394,48.51225536],[3.76202256,48.51228191],[3.76188183,48.51228731],[3.76182603,48.51226788],[3.76178424,48.51228074],[3.76176481,48.51234114],[3.76170659,48.51234151],[3.76158218,48.5123522],[3.76153591,48.51233631],[3.76149985,48.51237072],[3.76150321,48.51241568],[3.76146126,48.51241685],[3.7614216,48.51239012],[3.76136622,48.51239947],[3.76131504,48.51241779],[3.76125696,48.51242806],[3.76119533,48.51247253],[3.76115203,48.51247461],[3.76112603,48.51245588],[3.76109382,48.51247588],[3.7610471,48.51252206],[3.76107033,48.51253631],[3.76118806,48.51253196]]]]},"properties":{"nature":"Haie","precision":3,"modifiedAt":null}},{"type":"Feature","id":"ZONEVEGE0000002321892115","geometry":{"type":"MultiPolygon","coordinates":[[[[3.76336227,48.51223013],[3.7634382,48.51195796],[3.76415883,48.51179319],[3.76415313,48.51168077],[3.76383111,48.51095235],[3.76381141,48.5109012],[3.76378963,48.51089324],[3.76375296,48.51088538],[3.7637309,48.51085853],[3.76366705,48.51084365],[3.76363875,48.51085283],[3.76361046,48.5108629],[3.76350621,48.51086267],[3.76345898,48.51087377],[3.76336826,48.51087346],[3.76331868,48.51090886],[3.76328905,48.51091985],[3.76324721,48.51092911],[3.76318939,48.51095647],[3.76312699,48.51094878],[3.76310512,48.51093452],[3.76307777,48.51091581],[3.76301987,48.51093777],[3.76300148,48.51097657],[3.76277218,48.51103652],[3.76289976,48.51143063],[3.76233496,48.51151073],[3.76247841,48.51197131],[3.76227702,48.51208866],[3.76229208,48.51210026],[3.76229272,48.51214433],[3.76230789,48.51216313],[3.76232182,48.51219003],[3.7623628,48.51221495],[3.76236464,48.51224823],[3.76236373,48.51227882],[3.76237876,48.51228862],[3.76239603,48.51235868],[3.76241764,48.51235494],[3.76246605,48.51233214],[3.76248784,48.512341],[3.76250441,48.51236248],[3.76251407,48.51237502],[3.76261952,48.51236444],[3.76269118,48.51235679],[3.7627533,48.51234559],[3.76290088,48.51234555],[3.76300228,48.512335],[3.76305186,48.5122996],[3.76310574,48.51228036],[3.7632843,48.51226841],[3.76330976,48.51225026],[3.76333806,48.51224108],[3.76336227,48.51223013]]]]},"properties":{"nature":"Peupleraie","precision":3,"modifiedAt":null}},{"type":"Feature","id":"ZONEVEGE0000002321892114","geometry":{"type":"MultiPolygon","coordinates":[[[[3.75124831,48.53191717],[3.75118102,48.53185282],[3.75114173,48.53185217],[3.75103629,48.53186723],[3.75100407,48.53188723],[3.75105585,48.53190849],[3.75107226,48.53191918],[3.75115213,48.53191598],[3.75119043,48.53194272],[3.75121875,48.53193355],[3.75124831,48.53191717]]]]},"properties":{"nature":"Haie","precision":3,"modifiedAt":null}},{"type":"Feature","id":"ZONEVEGE0000002321892113","geometry":{"type":"MultiPolygon","coordinates":[[[[3.75733068,48.53008475],[3.7573382,48.53004242],[3.7573107,48.53001381],[3.75733069,48.52999119],[3.75734123,48.52997134],[3.75736947,48.52995676],[3.75737426,48.52991355],[3.75735264,48.52991729],[3.75732842,48.52992824],[3.75719447,48.52993809],[3.75714064,48.52996182],[3.75715612,48.5300022],[3.75722058,48.53005757],[3.75723859,48.53008534],[3.7572778,48.53008059],[3.75733068,48.53008475]]]]},"properties":{"nature":"Haie","precision":3,"modifiedAt":null}},{"type":"Feature","id":"ZONEVEGE0000002321892111","geometry":{"type":"MultiPolygon","coordinates":[[[[3.76172415,48.50954086],[3.76171286,48.50950945],[3.76166555,48.50951425],[3.76162735,48.5094947],[3.76160953,48.50947952],[3.76155177,48.50951138],[3.76153743,48.50954926],[3.76151215,48.50958001],[3.76158031,48.50961196],[3.76163146,48.50959094],[3.76169091,48.50958246],[3.76172415,48.50954086]]]]},"properties":{"nature":"Haie","precision":3,"modifiedAt":null}},{"type":"Feature","id":"ZONEVEGE0000002321892110","geometry":{"type":"MultiPolygon","coordinates":[[[[3.76020794,48.52898955],[3.76008597,48.52898494],[3.76007973,48.5289283],[3.76007015,48.52882761],[3.76006857,48.52881232],[3.76002551,48.52883149],[3.75991477,48.52885379],[3.75975793,48.52887278],[3.75970394,48.52888572],[3.75954388,48.52886965],[3.75948461,48.52889162],[3.75933986,48.52890424],[3.7593129,48.52891251],[3.75955796,48.52890645],[3.75956077,48.52910074],[3.75958772,48.52909068],[3.75961467,48.52908151],[3.75968224,48.52907118],[3.75971535,48.52911235],[3.75977718,48.52907957],[3.75980412,48.5290695],[3.7598835,48.52903301],[3.75992671,48.52902374],[3.76000526,48.52902324],[3.76006848,48.52899314],[3.76014616,48.52902593],[3.76020794,48.52898955]]]]},"properties":{"nature":"Haie","precision":3,"modifiedAt":null}},{"type":"Feature","id":"ZONEVEGE0000002321892105","geometry":{"type":"MultiPolygon","coordinates":[[[[3.76108171,48.52862772],[3.76107456,48.52860167],[3.76102586,48.52860558],[3.76101518,48.52861645],[3.76097741,48.52862659],[3.76096289,48.52865277],[3.76092255,48.52867282],[3.76099099,48.52872276],[3.76100764,48.52874964],[3.76104717,48.52876738],[3.76106639,48.52878525],[3.76110278,48.52877242],[3.76113714,48.52871372],[3.76112533,48.52864633],[3.76108171,48.52862772]]]]},"properties":{"nature":"Haie","precision":3,"modifiedAt":null}},{"type":"Feature","id":"ZONEVEGE0000002321892103","geometry":{"type":"MultiPolygon","coordinates":[[[[3.75119168,48.53127341],[3.75124023,48.53125871],[3.75125339,48.53123163],[3.7513119,48.5311557],[3.75135465,48.53111404],[3.75138566,48.53110395],[3.75141255,48.53109029],[3.75127163,48.53108668],[3.75126014,48.53094641],[3.75115819,48.53101543],[3.7511003,48.53104008],[3.75107444,48.53112571],[3.75106303,48.53118066],[3.75103081,48.53120065],[3.7509572,48.53126229],[3.75094118,48.53127859],[3.75119168,48.53127341]]]]},"properties":{"nature":"Haie","precision":3,"modifiedAt":null}},{"type":"Feature","id":"ZONEVEGE0000002321892122","geometry":{"type":"MultiPolygon","coordinates":[[[[3.75728189,48.52858181],[3.75706382,48.5285814],[3.75702997,48.52858162],[3.75702389,48.52853578],[3.75700015,48.52858001],[3.75696278,48.52861893],[3.75693809,48.52869106],[3.75687115,48.52874546],[3.75685963,48.52879141],[3.75673639,48.5287922],[3.75671093,48.52881125],[3.75671292,48.52885532],[3.75666597,48.52888711],[3.75663379,48.5289098],[3.75658527,48.5289263],[3.75656542,48.52895881],[3.75660911,48.52898283],[3.7566603,48.52896361],[3.7567008,48.52895435],[3.75677762,48.52892778],[3.75682216,48.5289167],[3.75690011,48.52887482],[3.75695997,48.52889333],[3.75703122,48.52885599],[3.75698476,48.5288275],[3.75696769,48.52877093],[3.75702024,48.52875261],[3.75706195,48.52873345],[3.75714321,48.52873293],[3.75714134,48.52869696],[3.75714092,48.52866817],[3.75717416,48.52862478],[3.75720666,48.52862457],[3.75728189,48.52858181]]]]},"properties":{"nature":"Haie","precision":3,"modifiedAt":null}},{"type":"Feature","id":"ZONEVEGE0000002321892119","geometry":{"type":"MultiPolygon","coordinates":[[[[3.76182306,48.53071187],[3.76185233,48.5306757],[3.76186696,48.53065671],[3.76188291,48.53063592],[3.76193163,48.53054025],[3.76196234,48.53050946],[3.76196103,48.53032595],[3.76171871,48.5303347],[3.76159029,48.53035262],[3.76155122,48.53036726],[3.76154138,48.53034213],[3.76153425,48.53031789],[3.76152045,48.53029999],[3.76150651,48.53027309],[3.76149013,48.5302642],[3.76142951,48.53028707],[3.76141266,48.53033936],[3.76144953,48.53035981],[3.76146934,48.53041816],[3.76140868,48.53043834],[3.76138309,48.5304484],[3.76136342,48.53049261],[3.76140987,48.5305202],[3.76143036,48.53053176],[3.76144782,48.53061531],[3.76148871,48.53063304],[3.76153506,48.53065344],[3.76156178,48.53072074],[3.76182306,48.53071187]]]]},"properties":{"nature":"Bois","precision":3,"modifiedAt":null}},{"type":"Feature","id":"ZONEVEGE0000002321892098","geometry":{"type":"MultiPolygon","coordinates":[[[[3.7551926,48.52881011],[3.75520731,48.52898544],[3.755237,48.52897806],[3.75529993,48.52902174],[3.75538273,48.52903381],[3.75543496,48.52908655],[3.75551336,48.52907616],[3.75559668,48.52903065],[3.75569194,48.52906153],[3.75577243,48.5291015],[3.75594285,48.52908512],[3.75614876,48.52908741],[3.7562106,48.52905553],[3.75637046,48.52905811],[3.75647273,48.52901158],[3.75647477,48.52896569],[3.75640178,48.52897605],[3.75632633,48.52900352],[3.75613379,48.52898855],[3.75608206,48.52897089],[3.75602531,48.52898024],[3.75594201,48.52902665],[3.75587687,48.52901807],[3.75584938,48.52899036],[3.75568694,48.52899679],[3.75560896,48.52894241],[3.75555178,48.52892208],[3.75549466,48.52890625],[3.75544558,48.52888407],[3.75535737,48.52887204],[3.7553218,48.52884707],[3.75523497,48.52883683],[3.75520898,48.528819],[3.7551926,48.52881011]]]]},"properties":{"nature":"Haie","precision":3,"modifiedAt":null}},{"type":"Feature","id":"ZONEVEGE0000002321892096","geometry":{"type":"MultiPolygon","coordinates":[[[[3.75748871,48.53052276],[3.75757575,48.53045383],[3.75765406,48.53043624],[3.75759106,48.53038806],[3.75755726,48.53039278],[3.7575128,48.53040925],[3.75741836,48.53043504],[3.75733348,48.53046617],[3.75731628,48.53049417],[3.75727987,48.5305052],[3.75723631,48.53049018],[3.75722201,48.53053165],[3.75716796,48.53054099],[3.75711541,48.53056022],[3.75709251,48.53056846],[3.7570615,48.53057856],[3.75699693,48.53060955],[3.7569811,48.53063844],[3.75702191,48.53065078],[3.75708466,48.53068186],[3.7571572,48.53064002],[3.7571977,48.53063077],[3.75722466,48.5306216],[3.75729746,48.53059774],[3.75735795,48.53056587],[3.75741186,48.53054754],[3.75748871,48.53052276]]]]},"properties":{"nature":"Haie","precision":3,"modifiedAt":null}},{"type":"Feature","id":"ZONEVEGE0000002321892094","geometry":{"type":"MultiPolygon","coordinates":[[[[3.7500827,48.53224479],[3.75015368,48.53218767],[3.75010902,48.53219065],[3.75009073,48.53214308],[3.75015009,48.53212652],[3.75020723,48.53214415],[3.75025366,48.53216994],[3.7502741,48.53217881],[3.75031828,48.53214255],[3.75041567,48.53213294],[3.75045616,48.53212278],[3.75051021,48.53211345],[3.75052503,48.53210796],[3.75054524,48.53210063],[3.75047403,48.5320462],[3.75045377,48.53205083],[3.75040259,48.53207095],[3.75033753,48.53206776],[3.75026489,48.5321033],[3.7502118,48.53208474],[3.75007783,48.53209369],[3.7500614,48.53208119],[3.74999644,48.5320852],[3.74998282,48.53217435],[3.75003859,48.53219109],[3.75005265,48.53222699],[3.7500827,48.53224479]]]]},"properties":{"nature":"Haie","precision":3,"modifiedAt":null}},{"type":"Feature","id":"ZONEVEGE0000002321892093","geometry":{"type":"MultiPolygon","coordinates":[[[[3.76171871,48.5303347],[3.76196103,48.53032595],[3.76196234,48.53050946],[3.76197703,48.53049497],[3.76202641,48.53044428],[3.76209405,48.53034579],[3.76215173,48.53030674],[3.76218692,48.53030471],[3.76221115,48.53029466],[3.76211618,48.53028357],[3.76203602,48.53026699],[3.76202517,48.5301726],[3.76199151,48.53018631],[3.7617885,48.53019751],[3.76175232,48.53022473],[3.7616984,48.53024217],[3.76168285,48.53029085],[3.76171871,48.5303347]]]]},"properties":{"nature":"Haie","precision":3,"modifiedAt":null}},{"type":"Feature","id":"ZONEVEGE0000002321892092","geometry":{"type":"MultiPolygon","coordinates":[[[[3.75087671,48.53160105],[3.75073049,48.53160558],[3.7507175,48.53145452],[3.75070407,48.5314627],[3.75068286,48.53149522],[3.75061401,48.53151095],[3.75059845,48.53155963],[3.75055935,48.53157247],[3.75053105,48.53158255],[3.75046603,48.53158206],[3.75044859,48.53159386],[3.75040215,48.53166163],[3.75030892,48.53167751],[3.75027971,48.53171907],[3.75022581,48.53173831],[3.75017162,48.53173775],[3.75011786,48.53176687],[3.7500909,48.53177604],[3.75002631,48.53180614],[3.74990438,48.53180421],[3.74979373,48.53183369],[3.74975458,48.53184293],[3.74969677,48.53187299],[3.74954096,48.53187037],[3.74948044,48.53190044],[3.74937853,48.53187769],[3.74920024,48.531913],[3.74918316,48.53194999],[3.74920523,48.53197774],[3.74920335,48.53203623],[3.74924029,48.53206208],[3.74930863,48.53201037],[3.74934411,48.53202814],[3.74942071,48.53208074],[3.74946521,48.53206696],[3.74948777,48.53203443],[3.74950467,48.53198485],[3.7496141,48.53196437],[3.74965651,48.53199379],[3.74970208,48.53196021],[3.74974394,48.53195095],[3.74976361,48.53190585],[3.74989104,48.53191314],[3.74993875,48.53193443],[3.75000327,48.53189984],[3.75012521,48.53190177],[3.75018846,48.53187348],[3.75030663,48.53180167],[3.75040264,48.53179027],[3.75042652,48.53175503],[3.75046822,48.53173498],[3.75053852,48.53172554],[3.75058973,48.53170722],[3.75065187,48.53169603],[3.75073657,48.53165142],[3.75080276,48.5316393],[3.75087671,48.53160105]]]]},"properties":{"nature":"Haie","precision":3,"modifiedAt":null}},{"type":"Feature","id":"ZONEVEGE0000002321892077","geometry":{"type":"MultiPolygon","coordinates":[[[[3.75264949,48.51166872],[3.75259728,48.51161598],[3.7525729,48.51161523],[3.75254179,48.51161723],[3.75252437,48.51153547],[3.75250906,48.51150678],[3.75251491,48.51144287],[3.75248742,48.51141426],[3.75242819,48.51143802],[3.75242584,48.51146323],[3.75244128,48.51150091],[3.75243914,48.51154051],[3.75247099,48.51158979],[3.75248683,48.51165626],[3.75252778,48.51167939],[3.75254333,48.51172517],[3.75267706,48.51170273],[3.75266316,48.51167763],[3.75264949,48.51166872]]]]},"properties":{"nature":"Haie","precision":3,"modifiedAt":null}},{"type":"Feature","id":"ZONEVEGE0000002321892090","geometry":{"type":"MultiPolygon","coordinates":[[[[3.76195155,48.51046872],[3.76192287,48.51045181],[3.76190757,48.51042402],[3.76189101,48.51040254],[3.76189196,48.51028108],[3.76186312,48.51025338],[3.76183365,48.5101816],[3.76180607,48.51014759],[3.76181746,48.51009264],[3.76191208,48.51008213],[3.76195244,48.51006388],[3.76208768,48.51005312],[3.76212386,48.5100277],[3.76222117,48.51001538],[3.76226165,48.51000612],[3.76242397,48.50999519],[3.76245091,48.50998602],[3.76260644,48.50997422],[3.76271437,48.50994744],[3.76286855,48.50993566],[3.76289954,48.50992556],[3.76302245,48.50990498],[3.76300192,48.50988982],[3.76300152,48.50986193],[3.76286763,48.50987269],[3.76281779,48.5098901],[3.76273388,48.50989244],[3.76263754,48.50987776],[3.762543,48.50989456],[3.76237529,48.50990643],[3.76219829,48.50993186],[3.76215271,48.50996274],[3.76212724,48.5099809],[3.76203125,48.50999051],[3.76200431,48.50999968],[3.7619273,48.51001097],[3.76185333,48.51004563],[3.76177715,48.51002092],[3.76172082,48.51005727],[3.76172282,48.51010224],[3.76170028,48.51013477],[3.76174653,48.51014977],[3.76176584,48.51017393],[3.76172542,48.51018769],[3.76173928,48.51021009],[3.76175445,48.51022888],[3.76175483,48.51025497],[3.76176863,48.51027287],[3.76178959,48.51041128],[3.76184149,48.51044244],[3.76180947,48.51047503],[3.76183544,48.51049196],[3.7618614,48.51050798],[3.76183086,48.51054956],[3.76185825,48.51066364],[3.76189763,48.51067148],[3.7619055,48.51046812],[3.76195155,48.51046872]]]]},"properties":{"nature":"Haie","precision":3,"modifiedAt":null}},{"type":"Feature","id":"ZONEVEGE0000002321892089","geometry":{"type":"MultiPolygon","coordinates":[[[[3.75256399,48.53308104],[3.75256137,48.53318181],[3.75267401,48.53319639],[3.75267755,48.53325484],[3.75251382,48.53326668],[3.75245978,48.53327601],[3.75233802,48.53328668],[3.75225985,48.53331416],[3.75224075,48.53330439],[3.75221886,48.53328923],[3.75219569,48.53327948],[3.75215796,48.53329322],[3.75210952,48.53331601],[3.75208787,48.53331705],[3.75196188,48.53331605],[3.75193506,48.53333511],[3.75175779,48.53334703],[3.75171742,48.53336617],[3.75168777,48.53337626],[3.75163281,48.53341619],[3.75153156,48.53344022],[3.75151653,48.53343131],[3.75151088,48.53341516],[3.75149531,48.53336848],[3.75147243,48.53337852],[3.75143756,48.53340303],[3.75133479,48.53341537],[3.75129341,48.53345791],[3.75136969,48.53348712],[3.75143604,48.5334858],[3.75143267,48.5335344],[3.75141388,48.53354621],[3.75142353,48.53355785],[3.75150237,48.5336716],[3.7515268,48.53367504],[3.75156343,48.53367931],[3.75173934,48.5336665],[3.75252492,48.53356797],[3.75256493,48.53352454],[3.75259829,48.53348924],[3.75262245,48.5334738],[3.75271641,48.53341383],[3.75287539,48.53335435],[3.75302554,48.5333399],[3.75319649,48.53335951],[3.7535657,48.53350741],[3.75381354,48.53359849],[3.75395081,48.53363091],[3.75402666,48.53363043],[3.75404291,48.53363032],[3.75406594,48.53363018],[3.75411333,48.53362898],[3.75427971,48.53361263],[3.7544065,48.53357584],[3.75446713,48.53355297],[3.75471234,48.53346145],[3.75493972,48.53335475],[3.7549599,48.53334473],[3.75499217,48.53332833],[3.75509786,48.5332368],[3.75515731,48.53313207],[3.75517221,48.53303841],[3.75519464,48.53299689],[3.75521315,48.53296528],[3.75522106,48.53294994],[3.75531088,48.5328855],[3.75533099,48.53287097],[3.75547408,48.53283678],[3.75554316,48.53283634],[3.75552133,48.53282568],[3.75543684,48.53279024],[3.75521939,48.5328339],[3.75498737,48.53290105],[3.75454889,48.53292812],[3.75395906,48.53297954],[3.75292091,48.53312826],[3.75256399,48.53308104]]]]},"properties":{"nature":"Peupleraie","precision":3,"modifiedAt":null}},{"type":"Feature","id":"ZONEVEGE0000002321892088","geometry":{"type":"MultiPolygon","coordinates":[[[[3.75969524,48.51033293],[3.75974481,48.51029663],[3.75981118,48.510298],[3.7598335,48.51025018],[3.76002127,48.51012663],[3.76004914,48.51008777],[3.76009848,48.51003617],[3.76012747,48.50998111],[3.76011349,48.50995061],[3.76008756,48.50993638],[3.76006393,48.50989425],[3.76003798,48.50987822],[3.76006323,48.50984568],[3.76001583,48.50984508],[3.75998877,48.50984615],[3.75996931,48.50981119],[3.75999615,48.50979483],[3.75993196,48.50975655],[3.75995586,48.50972401],[3.75997048,48.50970503],[3.75994875,48.50970067],[3.75988895,48.50968486],[3.759871,48.50966068],[3.75982067,48.50964481],[3.75982144,48.50960432],[3.75981806,48.50955756],[3.75981774,48.50953598],[3.75969262,48.50949719],[3.75963849,48.50949934],[3.75964334,48.50955328],[3.75961501,48.50956066],[3.75957455,48.50957172],[3.75951242,48.50958201],[3.75945863,48.50960754],[3.75944114,48.50961485],[3.75944139,48.50963194],[3.75946001,48.50970289],[3.75948345,48.50973153],[3.75948658,48.5097612],[3.75946646,48.50977392],[3.75944499,48.50978756],[3.75946578,48.50982071],[3.7595084,48.50986542],[3.75947613,48.50988092],[3.75943174,48.50990099],[3.75945464,48.50998631],[3.75948713,48.5099861],[3.7595169,48.50998501],[3.75952014,48.51002188],[3.75948645,48.51003289],[3.75949795,48.5100787],[3.75950778,48.51010292],[3.75952306,48.51012981],[3.75953712,48.51016571],[3.75955092,48.51018361],[3.75956511,48.5102285],[3.75959264,48.51025981],[3.75965078,48.51034761],[3.75969524,48.51033293]]]]},"properties":{"nature":"Bois","precision":3,"modifiedAt":null}},{"type":"Feature","id":"ZONEVEGE0000002321892086","geometry":{"type":"MultiPolygon","coordinates":[[[[3.76093548,48.53068427],[3.76106948,48.53058445],[3.76096008,48.53051318],[3.76094326,48.53056727],[3.76083855,48.53063181],[3.76082382,48.5306436],[3.76075608,48.53064223],[3.7607571,48.53061974],[3.76075807,48.53059274],[3.76074089,48.53043542],[3.76069703,48.53039972],[3.76071966,48.53037258],[3.76080725,48.530435],[3.76086951,48.5304319],[3.76095685,48.53047722],[3.76102064,48.53048581],[3.76106502,48.53046393],[3.76103447,48.53041195],[3.76096646,48.53039259],[3.76088069,48.53036256],[3.76076966,48.53027151],[3.76066603,48.53022359],[3.76059801,48.53020333],[3.76051749,48.53016157],[3.76050751,48.53012745],[3.76047373,48.53013306],[3.76041041,48.53015596],[3.76035197,48.53014284],[3.76028479,48.53018015],[3.76025621,48.53017044],[3.76018853,48.53017357],[3.76015116,48.53021159],[3.76018422,48.53025006],[3.76016543,48.53026188],[3.76015361,48.53028714],[3.76020027,48.53032913],[3.76027419,48.53028997],[3.76028745,48.53027009],[3.76031415,48.53024293],[3.76032742,48.53022396],[3.76034471,48.53020226],[3.76038692,48.53021728],[3.76036831,48.53024169],[3.76035505,48.53026156],[3.76041241,48.53029448],[3.76035603,48.53032903],[3.76036716,48.53034965],[3.7604398,48.530315],[3.76050464,48.53030289],[3.76058012,48.53037078],[3.76061329,48.53041645],[3.76064486,48.53044503],[3.76065864,48.53046114],[3.76059579,48.53051731],[3.76056614,48.5305274],[3.76047472,48.53057476],[3.76045766,48.53061266],[3.76042843,48.53065153],[3.76053107,48.53072464],[3.76054476,48.53073445],[3.76056848,48.53078197],[3.76064809,48.53085433],[3.76070857,48.53082246],[3.76076261,48.53081222],[3.76077589,48.53079414],[3.76080527,48.53076517],[3.76087404,48.53074403],[3.76093548,48.53068427]]]]},"properties":{"nature":"Haie","precision":3,"modifiedAt":null}},{"type":"Feature","id":"ZONEVEGE0000002321892084","geometry":{"type":"MultiPolygon","coordinates":[[[[3.7520369,48.53014085],[3.75180141,48.53015403],[3.75179668,48.53001283],[3.75177647,48.53002015],[3.75174276,48.53003116],[3.75167574,48.53008016],[3.75163413,48.53010651],[3.75160332,48.5301301],[3.7515832,48.53014372],[3.75155691,48.53019966],[3.75150983,48.53022245],[3.75144479,48.53022106],[3.75142734,48.53023197],[3.75137131,48.5302917],[3.75133628,48.53030451],[3.75124841,48.53031676],[3.75122981,48.53034207],[3.75123317,48.53038703],[3.75117815,48.53042336],[3.75114598,48.53044695],[3.75109899,48.53047604],[3.7510577,48.53052488],[3.75101073,48.53055486],[3.75095199,48.53061461],[3.75091307,48.53064004],[3.75089633,48.53070042],[3.75082146,48.53076926],[3.7507921,48.53080004],[3.75075587,48.53082365],[3.75070862,48.53092921],[3.75066976,48.53095824],[3.75054299,48.53099682],[3.7505025,48.53100698],[3.75046669,48.53106028],[3.75043704,48.53107036],[3.75037898,48.53108332],[3.75035483,48.53109967],[3.75033095,48.5311349],[3.75031767,48.53115298],[3.75030664,48.53123401],[3.75025027,48.53127035],[3.7502146,48.53133355],[3.75018389,48.53136433],[3.7502156,48.53140372],[3.75017526,48.53142376],[3.75008195,48.53143425],[3.75005647,48.5314524],[3.74996842,48.53145205],[3.74986565,48.5314635],[3.74981319,48.53148902],[3.75004338,48.53148397],[3.75004218,48.53168459],[3.75011631,48.53165893],[3.75020841,48.53165835],[3.75023671,48.53164828],[3.75030282,48.53162987],[3.75033785,48.53161705],[3.75035737,48.53156115],[3.75043547,48.53152917],[3.75048661,48.53150546],[3.75050562,48.53141448],[3.75058129,48.53140141],[3.75066196,48.53135952],[3.75067292,48.53127398],[3.75070214,48.53123332],[3.75078585,48.5312148],[3.75084351,48.53117395],[3.75089473,48.53115653],[3.7509118,48.53111864],[3.7509839,48.53104622],[3.75100356,48.53100021],[3.75097571,48.53094731],[3.75102788,48.5309011],[3.75108384,48.53083688],[3.75116015,48.53077432],[3.75117157,48.53072027],[3.75122509,48.53067405],[3.75124102,48.53065146],[3.75129081,48.53062866],[3.75131494,48.53061141],[3.75133152,48.53053934],[3.75142294,48.53049198],[3.75144964,48.53046482],[3.75148968,48.53042319],[3.75155572,48.53040028],[3.75159743,48.53038113],[3.75165136,48.53036369],[3.75168487,48.53033919],[3.75179971,48.53031867],[3.75187371,48.53028402],[3.75191242,48.53024419],[3.75195968,48.530234],[3.75202167,48.53021202],[3.7520369,48.53014085]]]]},"properties":{"nature":"Haie","precision":3,"modifiedAt":null}},{"type":"Feature","id":"ZONEVEGE0000002321892083","geometry":{"type":"MultiPolygon","coordinates":[[[[3.75257858,48.5324935],[3.75261497,48.53248068],[3.75270169,48.53248283],[3.7527529,48.53246451],[3.75293788,48.53242376],[3.75294935,48.5323733],[3.75295299,48.53234359],[3.75292554,48.53231858],[3.7529456,48.53230046],[3.75297633,48.53227148],[3.75299011,48.53219312],[3.75292982,48.53214493],[3.75283885,48.53213021],[3.75277093,48.53211625],[3.75250698,48.53212871],[3.75237147,48.53212507],[3.75228892,48.53213009],[3.75223184,48.53211696],[3.75214792,48.53212109],[3.75208949,48.53210796],[3.75197173,48.53211411],[3.75177928,48.53210633],[3.75155867,48.53211852],[3.751537,48.53211866],[3.75151315,48.53215569],[3.75144562,48.53216961],[3.75143462,48.53225244],[3.75145246,48.53226853],[3.75147581,48.53229087],[3.75148969,48.53231417],[3.75145193,48.5323261],[3.75143828,48.53241345],[3.75146309,48.53244298],[3.75151267,48.53250024],[3.75154906,48.53248742],[3.75162071,48.53247797],[3.75165493,48.53250294],[3.75171063,48.53251429],[3.75173207,48.53249796],[3.75175083,48.53248344],[3.75177273,48.5324995],[3.75192868,48.53251201],[3.75195414,48.53249295],[3.75197825,48.53247391],[3.75201738,48.53246377],[3.75210191,48.53250192],[3.75217229,48.53249787],[3.75223734,48.53250016],[3.75225342,48.53248836],[3.75229662,48.53247819],[3.75234835,48.53249586],[3.75243228,48.53249263],[3.75248935,48.53250486],[3.75253682,48.53250906],[3.75257858,48.5324935]]]]},"properties":{"nature":"Bois","precision":3,"modifiedAt":null}},{"type":"Feature","id":"ZONEVEGE0000002321892080","geometry":{"type":"MultiPolygon","coordinates":[[[[3.75132738,48.53327598],[3.75133267,48.53307803],[3.75112006,48.53308207],[3.75110128,48.53309479],[3.75104709,48.53309423],[3.75099293,48.53309547],[3.75097789,48.53308567],[3.75095194,48.53307054],[3.75093251,48.53294382],[3.75088117,48.53295314],[3.7508408,48.53297139],[3.75075992,48.53299888],[3.7507402,48.53304039],[3.75076206,48.53305375],[3.75076232,48.53307174],[3.75076455,48.5331329],[3.75073799,48.53316995],[3.75075442,48.53318244],[3.75079267,48.53320469],[3.75079305,48.53323167],[3.75076785,48.53326872],[3.75079655,48.53328653],[3.75082241,48.53329536],[3.75087683,48.53331211],[3.75087896,48.53336607],[3.75085483,48.53338332],[3.75081067,48.53342138],[3.75081241,48.53344836],[3.75079912,48.53346643],[3.75081961,48.533478],[3.75078238,48.53352681],[3.75082873,48.53354721],[3.75085569,48.53353805],[3.75089619,48.53352879],[3.75095279,48.53350864],[3.75106518,48.53350614],[3.75111629,48.53348062],[3.75113827,48.53350208],[3.75111826,48.53352379],[3.75108591,48.53353479],[3.75103472,48.53355401],[3.75096441,48.53356345],[3.75081558,48.53357518],[3.75083363,48.53360566],[3.7508593,48.533601],[3.75113893,48.53354795],[3.75125105,48.53352655],[3.75124744,48.5334636],[3.75121749,48.533453],[3.75124541,48.53341683],[3.75125708,48.53337988],[3.75130965,48.53336245],[3.75132738,48.53327598]]]]},"properties":{"nature":"Bois","precision":3,"modifiedAt":null}},{"type":"Feature","id":"ZONEVEGE0000002321892074","geometry":{"type":"MultiPolygon","coordinates":[[[[3.76135639,48.5193725],[3.76122481,48.51917003],[3.76035789,48.51887331],[3.76054065,48.51830898],[3.76102665,48.51820601],[3.7612824,48.51800645],[3.76126325,48.51799308],[3.76123456,48.51797617],[3.76122049,48.51793938],[3.76120548,48.51793138],[3.76117722,48.51785059],[3.76116207,48.5178327],[3.76114748,48.51776082],[3.76112027,48.517752],[3.76112125,48.51772591],[3.76110487,48.51771701],[3.76109079,48.51768022],[3.76107713,48.51767221],[3.76107901,48.51761462],[3.76103547,48.51760051],[3.76099467,48.51758817],[3.76097851,48.51750101],[3.76094984,48.517485],[3.76095192,48.51744181],[3.7609355,48.51743022],[3.76090135,48.51740975],[3.76088044,48.5173685],[3.76086542,48.5173596],[3.7608675,48.5173164],[3.76085109,48.51730571],[3.76083607,48.51729681],[3.76087078,48.51726241],[3.76085411,48.51723372],[3.76084035,48.51721852],[3.76080768,48.51720703],[3.76076695,48.5171992],[3.76075328,48.51719029],[3.76073825,48.51718139],[3.76075262,48.51714531],[3.760734,48.51707526],[3.76075536,48.51705353],[3.76076871,48.51704085],[3.7607496,48.51703018],[3.76071027,48.51693237],[3.76068378,48.51688036],[3.76066057,48.51686702],[3.76062014,48.51678721],[3.76060647,48.5167783],[3.76059254,48.5167514],[3.76056386,48.51673449],[3.76056598,48.516694],[3.76054926,48.51666172],[3.76052195,48.5166457],[3.76050652,48.51660891],[3.76049233,48.51656402],[3.76047731,48.51655512],[3.76043829,48.5164789],[3.76036665,48.5163948],[3.76035163,48.5163859],[3.76033703,48.51631312],[3.76029606,48.51628909],[3.76028063,48.51625231],[3.76026375,48.51620833],[3.76021028,48.5161628],[3.76019661,48.51615389],[3.76018254,48.51611799],[3.76016739,48.5161001],[3.76015281,48.51602822],[3.76013902,48.51601122],[3.76011674,48.51596908],[3.7600826,48.5159486],[3.76006812,48.51588392],[3.76002032,48.51585634],[3.75999453,48.51575845],[3.75996859,48.51574332],[3.75995329,48.51571553],[3.75988935,48.51560169],[3.75988241,48.51559003],[3.75964061,48.51516246],[3.75967015,48.51514518],[3.75965009,48.51506884],[3.75963097,48.51505817],[3.75960017,48.51498819],[3.759449,48.5146473],[3.75943501,48.5146168],[3.75948101,48.51461381],[3.75886768,48.51414992],[3.75881214,48.51414848],[3.75878099,48.51414778],[3.75875317,48.51419024],[3.75869376,48.51420231],[3.758662,48.51415933],[3.7585738,48.5141464],[3.75855837,48.51410962],[3.75863941,48.51409561],[3.75866497,48.51408375],[3.75863083,48.51406417],[3.75854289,48.51406923],[3.75851596,48.5140793],[3.75846193,48.51408864],[3.75843782,48.51410679],[3.75834349,48.51413798],[3.75831448,48.51409858],[3.7582993,48.51407888],[3.75822234,48.51409377],[3.75817055,48.51407071],[3.75812085,48.51409801],[3.75809802,48.51411165],[3.7580007,48.51412307],[3.75800538,48.51416622],[3.75800442,48.51419322],[3.75800623,48.51422469],[3.75792532,48.5142477],[3.75787292,48.51427592],[3.7578285,48.5142942],[3.75783881,48.51425815],[3.75784656,48.51423201],[3.75788393,48.51419489],[3.7578417,48.51417716],[3.75780218,48.51415942],[3.7577804,48.51415146],[3.75776222,48.51420556],[3.7577476,48.51422454],[3.75765987,48.51424399],[3.75770379,48.5142851],[3.75772988,48.51431012],[3.75768561,48.51433829],[3.75767101,48.51435908],[3.75761349,48.51440802],[3.75747637,48.51438281],[3.75736046,48.51479557],[3.75686378,48.51471957],[3.75531947,48.5144847],[3.75529717,48.51462878],[3.75542896,48.51484745],[3.75555794,48.51496538],[3.75585554,48.51503906],[3.75597738,48.51531896],[3.75607188,48.51529947],[3.75613939,48.51528555],[3.75628655,48.51525582],[3.75634325,48.51524377],[3.75644316,48.51522334],[3.7569346,48.51512305],[3.75698862,48.51511371],[3.75704103,48.51508549],[3.75708287,48.51507622],[3.75716314,48.5151027],[3.757463,48.51505131],[3.75791748,48.51520495],[3.75831626,48.51534544],[3.75869513,48.51551395],[3.75897757,48.51566239],[3.75923865,48.51592521],[3.75939342,48.51604657],[3.75942493,48.51607156],[3.75944547,48.51608762],[3.75948068,48.51618096],[3.75949305,48.51619347],[3.75951307,48.51626711],[3.75959876,48.51629355],[3.75964683,48.51634003],[3.75974187,48.51635741],[3.76048635,48.51745918],[3.76064017,48.5177011],[3.7604907,48.51775963],[3.76043243,48.5177564],[3.76038669,48.51777739],[3.76030832,48.51778868],[3.76025444,48.51780882],[3.76022924,48.51784497],[3.76013802,48.51790492],[3.7600287,48.51792991],[3.75996146,48.51796183],[3.75986697,48.51798313],[3.75979712,48.51802226],[3.75977831,48.51803227],[3.75973519,48.51804694],[3.75992934,48.51836237],[3.76039494,48.5192806],[3.76062329,48.5196192],[3.76065714,48.51961898],[3.76067739,48.51961435],[3.76071653,48.5196051],[3.76073843,48.51962116],[3.76075403,48.51966964],[3.76081573,48.51962876],[3.76080333,48.51961444],[3.76077713,48.51958223],[3.76087545,48.51954471],[3.76092566,48.51955249],[3.76096783,48.51956571],[3.76102435,48.51954106],[3.76110116,48.51951448],[3.76112811,48.51950531],[3.76120664,48.51950481],[3.76123482,48.51948663],[3.76124808,48.51946766],[3.76132587,48.51941588],[3.76134047,48.5193951],[3.76135639,48.5193725]]]]},"properties":{"nature":"Peupleraie","precision":3,"modifiedAt":null}},{"type":"Feature","id":"ZONEVEGE0000002321892073","geometry":{"type":"MultiPolygon","coordinates":[[[[3.76278918,48.52822364],[3.76277777,48.52809057],[3.76298488,48.52808295],[3.76294406,48.52806971],[3.76288977,48.52806197],[3.76287609,48.52805306],[3.76283248,48.52803445],[3.76273367,48.52803868],[3.76261952,48.52801242],[3.76242843,48.52800465],[3.76240096,48.52797784],[3.76238728,48.52796893],[3.76237483,48.52795102],[3.76235982,48.52794302],[3.76237123,48.52807609],[3.76233604,48.52807721],[3.76241808,48.52813066],[3.76244528,48.52813859],[3.7624725,48.52814741],[3.7625268,48.52815605],[3.76259613,48.5281736],[3.76263688,48.52818144],[3.76268185,48.52820094],[3.7627594,48.52822473],[3.76279071,48.52823533],[3.76278918,48.52822364]]]]},"properties":{"nature":"Haie","precision":3,"modifiedAt":null}},{"type":"Feature","id":"ZONEVEGE0000002321892072","geometry":{"type":"MultiPolygon","coordinates":[[[[3.75895948,48.52938706],[3.75897423,48.52937617],[3.7590135,48.52937592],[3.75910351,48.52932497],[3.75916155,48.52931111],[3.75922901,48.52929268],[3.75926138,48.52928348],[3.75928069,48.52930765],[3.75929726,48.52932913],[3.75933786,48.52932707],[3.75933748,48.52930099],[3.75933457,48.52928661],[3.75933545,48.52925422],[3.75941672,48.5292546],[3.75945709,48.52923635],[3.75948403,48.52922628],[3.75953782,48.52919895],[3.75956747,48.52918886],[3.75958997,48.52915274],[3.75956127,48.52913493],[3.75953516,48.529109],[3.75956077,48.52910074],[3.75955796,48.52890645],[3.7593129,48.52891251],[3.75915909,48.52895397],[3.75908484,48.52897064],[3.75902971,48.52899888],[3.75897716,48.52901721],[3.7589788,48.52903699],[3.75897903,48.52905318],[3.75895488,48.52906863],[3.75888462,48.52908077],[3.75885781,48.52909984],[3.75885819,48.52912592],[3.75877439,48.52913815],[3.75872798,48.52920682],[3.7587076,48.52920245],[3.75872043,48.52934091],[3.7587253,48.52939665],[3.75895948,48.52938706]]]]},"properties":{"nature":"Bois","precision":3,"modifiedAt":null}},{"type":"Feature","id":"ZONEVEGE0000002321892071","geometry":{"type":"MultiPolygon","coordinates":[[[[3.76134358,48.51345128],[3.76135497,48.51348989],[3.7613592,48.51350155],[3.76143124,48.51352088],[3.76146068,48.51349641],[3.76151224,48.51350417],[3.76155075,48.51354531],[3.76162944,48.5135556],[3.76165135,48.51357255],[3.7616702,48.51356523],[3.76169025,48.51354711],[3.76175612,48.5135143],[3.76185114,48.51353079],[3.7618684,48.51350729],[3.76192917,48.5134961],[3.76198932,48.51344264],[3.76197369,48.51339146],[3.76193729,48.51340249],[3.76190688,48.51345306],[3.76188105,48.51344603],[3.7618413,48.513413],[3.76177371,48.51342063],[3.76176137,48.51340991],[3.76174502,48.51340282],[3.76173088,48.51336153],[3.76167506,48.5133403],[3.76165965,48.51330531],[3.7616205,48.51331276],[3.76158975,48.51333994],[3.76155824,48.51331496],[3.76149879,48.51332343],[3.76146649,48.51333714],[3.76141339,48.51331678],[3.76138543,48.51334935],[3.76142772,48.51337157],[3.76144077,48.51343086],[3.76139626,48.51344284],[3.76134358,48.51345128]]]]},"properties":{"nature":"Haie","precision":3,"modifiedAt":null}},{"type":"Feature","id":"ZONEVEGE0000002321892070","geometry":{"type":"MultiPolygon","coordinates":[[[[3.76202935,48.52132486],[3.76192622,48.52131113],[3.76182158,48.52128571],[3.76177123,48.52126894],[3.76166813,48.52125701],[3.76162015,48.52121683],[3.76167362,48.52116881],[3.76158802,48.52114867],[3.76151066,48.52113747],[3.76135972,48.52109435],[3.76129121,48.52113258],[3.76121117,48.52112319],[3.76117015,48.52109647],[3.76111854,48.521086],[3.7610976,48.52104295],[3.76102045,48.52104525],[3.76101956,48.52098408],[3.76095033,48.52097283],[3.76091463,48.52093887],[3.76086844,48.52092927],[3.7608411,48.52091145],[3.76082742,48.52090164],[3.76077327,48.52090289],[3.76071331,48.52087719],[3.76054257,48.52087018],[3.7605004,48.52085696],[3.76046095,48.52084462],[3.76046816,48.52087516],[3.76047685,48.52091378],[3.76051206,48.52091356],[3.76052982,48.52092424],[3.76054375,48.52095114],[3.76060447,48.52093636],[3.76063865,48.52095863],[3.76064038,48.52098471],[3.76076238,48.52099292],[3.76077606,48.52100183],[3.76081279,48.52101329],[3.76083902,48.52104821],[3.76088626,48.52103711],[3.76092591,48.52106295],[3.76098033,48.52108059],[3.76096705,48.52109867],[3.76093504,48.52113216],[3.76099627,48.52115246],[3.76102484,48.52116127],[3.76105219,48.52117999],[3.76113245,48.52120466],[3.7611721,48.5212305],[3.76121426,48.52124282],[3.76123119,48.52128949],[3.76127199,48.52130183],[3.76132533,48.52133747],[3.76135376,48.52133729],[3.76139437,48.52133613],[3.76142036,48.52135395],[3.76144203,48.52135382],[3.76152596,48.52135148],[3.76155725,48.52136117],[3.7615846,48.52137989],[3.76164959,48.52137857],[3.76170671,48.5213953],[3.76173392,48.52140412],[3.76184237,48.52141152],[3.76185604,48.52142043],[3.76191334,48.52144975],[3.76190348,48.52133017],[3.76202935,48.52132486]]]]},"properties":{"nature":"Haie","precision":3,"modifiedAt":null}},{"type":"Feature","id":"ZONEVEGE0000002321892069","geometry":{"type":"MultiPolygon","coordinates":[[[[3.75957647,48.53121293],[3.75956932,48.53118689],[3.7595204,48.53117641],[3.75942835,48.53117969],[3.75942809,48.5311617],[3.75944134,48.53114183],[3.75947323,48.53109934],[3.75938231,48.53108733],[3.75939792,48.53104315],[3.75939881,48.53101076],[3.75945146,48.53099872],[3.75949053,48.53098408],[3.75955792,48.53096116],[3.75961185,48.53094372],[3.75961157,48.53092483],[3.75959777,48.53090693],[3.75958261,48.53088903],[3.75942013,48.53089277],[3.75942002,48.53079201],[3.7593616,48.53077979],[3.7593216,48.53072967],[3.75929439,48.53072175],[3.75926888,48.53064364],[3.75922513,48.53061514],[3.75920995,48.53059634],[3.75918786,48.5305668],[3.75914212,48.53058868],[3.75908542,48.53060163],[3.75900223,48.53065614],[3.75902288,48.5306794],[3.75905062,48.5307242],[3.75907796,48.53074112],[3.75911676,48.53080205],[3.75914821,48.53082254],[3.75916945,48.53088627],[3.75923126,48.53094525],[3.75924644,48.53096495],[3.75928607,48.53098899],[3.75927156,48.53101607],[3.75913992,48.53109157],[3.75908141,48.53107306],[3.75905911,48.53103002],[3.75904505,48.53099412],[3.75903124,48.53097622],[3.75903085,48.53094923],[3.75896449,48.53094966],[3.7589229,48.53097691],[3.75894299,48.53114861],[3.75896722,48.53113856],[3.75900759,48.53112031],[3.75904281,48.53112008],[3.75921196,48.53110911],[3.75926155,48.53107281],[3.75927946,48.53109338],[3.75927937,48.53118065],[3.75932172,48.53120556],[3.75931122,48.53122902],[3.75957647,48.53121293]]]]},"properties":{"nature":"Haie","precision":3,"modifiedAt":null}},{"type":"Feature","id":"ZONEVEGE0000002321892063","geometry":{"type":"MultiPolygon","coordinates":[[[[3.76324273,48.52960703],[3.76318991,48.52960737],[3.76298674,48.52960688],[3.76298773,48.52967524],[3.76304344,48.52968748],[3.76305713,48.52969729],[3.76298199,48.52974635],[3.76296831,48.52973654],[3.76295052,48.52972406],[3.76291248,48.52971621],[3.76289545,48.5297559],[3.76296494,48.52978424],[3.76298946,48.52979398],[3.76300652,48.52984965],[3.7630202,48.52985856],[3.76298418,48.52989657],[3.76303066,48.52992596],[3.76300918,48.52993959],[3.76299578,48.52994957],[3.76302475,48.52998537],[3.76305208,48.53000229],[3.76303893,48.53002936],[3.76302591,48.53006543],[3.76299524,48.53009801],[3.76296517,48.53007931],[3.76291595,48.53004814],[3.76288112,48.53007446],[3.76285384,48.5301547],[3.76274753,48.53020216],[3.76299261,48.53019699],[3.76303052,48.53019584],[3.76304368,48.53026233],[3.76306698,48.53018841],[3.76338618,48.53025024],[3.7634362,48.53024362],[3.76346867,48.53024071],[3.76351732,48.5302332],[3.76353332,48.53021601],[3.76355734,48.53019156],[3.76359739,48.53015082],[3.76359974,48.53012652],[3.76360211,48.53010311],[3.76360452,48.53008241],[3.76361653,48.52997707],[3.76359215,48.52997723],[3.76355132,48.529964],[3.76355068,48.52991992],[3.76348141,48.52990687],[3.76342807,48.52987123],[3.76339679,48.52986243],[3.76335929,48.52989146],[3.76340163,48.52991548],[3.76341558,48.52994328],[3.76342938,48.52996118],[3.76340242,48.52997035],[3.76339171,48.52997852],[3.76338232,48.52998488],[3.76332079,48.52994479],[3.76330669,48.52990709],[3.76323426,48.52986258],[3.76327697,48.52981912],[3.76328594,48.52978398],[3.76329234,48.52975875],[3.76323491,48.52972134],[3.76318601,48.52971175],[3.76320595,48.52968554],[3.76321774,48.52965847],[3.76323102,48.5296404],[3.76324273,48.52960703]]]]},"properties":{"nature":"Haie","precision":3,"modifiedAt":null}},{"type":"Feature","id":"ZONEVEGE0000002321892064","geometry":{"type":"MultiPolygon","coordinates":[[[[3.76300152,48.50986193],[3.76300192,48.50988982],[3.76302245,48.50990498],[3.76307108,48.50989747],[3.76349593,48.50987765],[3.76357021,48.50986458],[3.76362422,48.50985433],[3.76378653,48.5098434],[3.76384055,48.50983405],[3.76401368,48.50982214],[3.76402793,48.50977797],[3.76406449,48.50977773],[3.76417127,48.50976535],[3.76419252,48.50973733],[3.76418719,48.5096501],[3.76418681,48.50962401],[3.76416996,48.50958274],[3.76417033,48.50951526],[3.76415479,48.50947038],[3.7641402,48.50939851],[3.76409934,48.50938168],[3.76409955,48.50930341],[3.7640696,48.5092919],[3.76404239,48.50928308],[3.76392043,48.50927577],[3.76386737,48.50925812],[3.76382694,48.50927097],[3.76381265,48.50931245],[3.76380747,48.50932867],[3.76376302,48.50934425],[3.76372482,48.50932471],[3.76367758,48.50933491],[3.76367782,48.5093511],[3.76368001,48.50940866],[3.76367925,48.50944915],[3.76370928,48.50946605],[3.76367311,48.50949237],[3.76358799,48.50950461],[3.76353815,48.50952203],[3.76348282,48.50953498],[3.76344592,48.50951092],[3.76339455,48.50951665],[3.76332708,48.50953238],[3.76317565,48.50954684],[3.76304466,48.50957018],[3.76302209,48.50960091],[3.76299103,48.50960651],[3.76295457,48.50961304],[3.76295466,48.509712],[3.76298395,48.50977118],[3.76302631,48.5097979],[3.76302982,48.50985275],[3.76300152,48.50986193]]]]},"properties":{"nature":"Bois","precision":3,"modifiedAt":null}},{"type":"Feature","id":"ZONEVEGE0000002321892062","geometry":{"type":"MultiPolygon","coordinates":[[[[3.76182306,48.53071187],[3.76156178,48.53072074],[3.76154594,48.53074963],[3.76153427,48.53078569],[3.76144551,48.53082944],[3.7614091,48.53084047],[3.76131806,48.53082036],[3.76120199,48.53084899],[3.76112676,48.53089175],[3.76104341,48.53102813],[3.76095444,48.53105748],[3.76085237,48.53111751],[3.76079709,48.53113496],[3.76076628,48.53115855],[3.76073408,48.53118034],[3.76074914,48.53119104],[3.76078332,48.53121331],[3.76081068,48.53123203],[3.76084352,48.53125431],[3.76093542,48.53133379],[3.76096424,48.53135969],[3.76105977,48.53150212],[3.76115875,48.53150958],[3.76125231,48.53151618],[3.76135869,48.53147322],[3.76134607,48.53144361],[3.76132509,48.53139786],[3.76124412,48.53132551],[3.76120692,48.53128167],[3.76117659,48.53124498],[3.76116694,48.53123335],[3.76115994,48.5312181],[3.76115435,48.53120644],[3.76111078,48.53119053],[3.7611222,48.53113738],[3.76112455,48.53111307],[3.76112867,48.53102308],[3.761143,48.53098431],[3.76116648,48.53092208],[3.76122049,48.53091004],[3.7613069,48.5308915],[3.76133796,48.530885],[3.76136635,48.53088122],[3.7613988,48.53087742],[3.76152318,48.53086133],[3.76167121,48.53079471],[3.76180444,48.53073538],[3.76182306,48.53071187]]]]},"properties":{"nature":"Haie","precision":3,"modifiedAt":null}},{"type":"Feature","id":"ZONEVEGE0000002321892058","geometry":{"type":"MultiPolygon","coordinates":[[[[3.7490495,48.51206571],[3.74909521,48.51204293],[3.74915173,48.51201919],[3.74917044,48.51200198],[3.74915542,48.51199307],[3.74916049,48.51196875],[3.74913454,48.51195272],[3.74912184,48.51191682],[3.74914892,48.51191665],[3.7491749,48.51193448],[3.74921564,48.51194322],[3.74922254,48.51195217],[3.74923359,48.51196739],[3.74928104,48.51197159],[3.74933799,48.51197753],[3.74938416,48.51198713],[3.74944371,48.51198496],[3.74947619,48.51198385],[3.7495295,48.5120195],[3.74954999,48.51203197],[3.74965199,48.51206371],[3.74966566,48.51207262],[3.74971725,48.51208219],[3.74980577,48.51211762],[3.74986182,48.51215505],[3.75006987,48.51221761],[3.75014748,48.51224771],[3.75017481,48.51226553],[3.7502537,48.51229022],[3.75030976,48.51232855],[3.75032242,48.51217193],[3.7503427,48.51217001],[3.7503208,48.51215395],[3.75025737,48.51216785],[3.75022521,48.51219144],[3.75018306,48.51217911],[3.75019772,48.51216283],[3.75023528,48.5121383],[3.75020806,48.51212857],[3.75003194,48.51212159],[3.75001827,48.51211268],[3.74997741,48.51209584],[3.75000399,48.51206059],[3.74999018,48.51204179],[3.74997651,48.51203288],[3.74996122,48.51200508],[3.74990708,48.51200633],[3.74989341,48.51199742],[3.74986746,48.51198139],[3.74986569,48.51195261],[3.74986627,48.51189863],[3.7497529,48.51192363],[3.74966534,48.51195567],[3.7496217,48.51193346],[3.74966199,48.51191071],[3.74970112,48.51190057],[3.74976853,48.51188035],[3.74982245,48.51186382],[3.74990491,48.5118543],[3.74993329,48.51185053],[3.74995891,48.51184317],[3.750025,48.51182566],[3.75005058,48.5118156],[3.75012217,48.51180345],[3.75021183,48.51172912],[3.75019349,48.51167795],[3.75014181,48.51166209],[3.75012815,48.51165318],[3.75010083,48.51163626],[3.75010191,48.51161736],[3.7500571,48.51160864],[3.750033,48.51162769],[3.74998448,48.51164329],[3.74995819,48.51169833],[3.74991367,48.51170941],[3.74987319,48.51171956],[3.74985462,48.51174667],[3.74979642,48.51174793],[3.74976243,48.51173825],[3.74973644,48.51171952],[3.74961195,48.51172481],[3.74952502,48.51170556],[3.7493451,48.51171659],[3.74931963,48.51173475],[3.74926399,48.5117261],[3.74923802,48.51170917],[3.74914746,48.51171964],[3.74911695,48.51176391],[3.74910193,48.51175501],[3.74908826,48.5117461],[3.74903399,48.51173835],[3.74897684,48.51171891],[3.7489119,48.51172202],[3.74888592,48.51170419],[3.74884408,48.51171345],[3.74882934,48.51172434],[3.74874932,48.51171495],[3.74871104,48.5116891],[3.74861455,48.51166452],[3.74856488,48.51159916],[3.74851615,48.51160037],[3.74836719,48.51159861],[3.74836621,48.5116247],[3.7483771,48.51162913],[3.74846657,48.51163667],[3.74853085,48.51168124],[3.74857294,48.51168997],[3.74858661,48.51169888],[3.74862747,48.51171572],[3.74866576,48.51174247],[3.74883653,48.51175398],[3.74885839,48.51176734],[3.74887366,48.51179423],[3.74891445,48.51180567],[3.74890284,48.51184623],[3.7488814,48.51186166],[3.74885058,48.51188434],[3.74873346,48.5118374],[3.74870748,48.51181957],[3.74861101,48.51179589],[3.74856204,48.51178],[3.74850776,48.51177135],[3.74847085,48.51174639],[3.74837034,48.51172453],[3.7483858,48.51176402],[3.74839946,48.51177293],[3.74842818,48.51179254],[3.74862913,48.51183176],[3.74867137,48.51185039],[3.7487408,48.51187694],[3.74881032,48.51190978],[3.74890661,48.51192087],[3.74894539,48.5119818],[3.74896068,48.5120096],[3.74898801,48.51202652],[3.74901547,48.51205333],[3.74903584,48.5120577],[3.7490495,48.51206571]]]]},"properties":{"nature":"Haie","precision":3,"modifiedAt":null}},{"type":"Feature","id":"ZONEVEGE0000002321892042","geometry":{"type":"MultiPolygon","coordinates":[[[[3.79075636,48.51177302],[3.79074898,48.51164263],[3.79051752,48.51164776],[3.79049616,48.5116677],[3.79046469,48.51164632],[3.79042383,48.5116304],[3.7904597,48.51158428],[3.790439,48.51155832],[3.79037906,48.51153443],[3.79036241,48.51159752],[3.79031566,48.51164011],[3.79036211,48.51166769],[3.79038419,48.51169543],[3.79028016,48.51171052],[3.79029948,48.51173468],[3.79033913,48.51175961],[3.79036649,48.51177832],[3.79040185,48.51178888],[3.79042771,48.5117977],[3.79039852,48.51183748],[3.79038253,48.51185468],[3.79040039,48.51187165],[3.79042374,48.51189399],[3.79039988,48.51192743],[3.79039607,48.51194455],[3.79041271,48.51197053],[3.79043073,48.5119983],[3.79037866,48.51204722],[3.79032055,48.51205481],[3.79032826,48.51211683],[3.79033445,48.51216807],[3.79036469,48.51219845],[3.79033091,48.51220318],[3.79028364,48.51221069],[3.79027213,48.51225575],[3.79025737,48.51226484],[3.79020538,48.5122292],[3.79015789,48.51222232],[3.79014297,48.51222062],[3.79018097,48.51231663],[3.7902437,48.5123459],[3.79032026,48.51230491],[3.79033936,48.51231467],[3.79041169,48.51235198],[3.79048623,48.51235688],[3.79053232,48.51236017],[3.79061367,48.51236773],[3.79063914,48.51235046],[3.7906686,48.51232868],[3.79072958,48.51224191],[3.79074351,48.51217794],[3.79079157,48.51213264],[3.79083933,48.51215751],[3.7909062,48.51219215],[3.79098758,48.51220151],[3.7910297,48.51221112],[3.79108113,48.51220988],[3.79109498,48.51214052],[3.79113405,48.51212766],[3.79116094,48.51211489],[3.79118111,48.51210576],[3.79112352,48.51205756],[3.79108135,48.51204435],[3.79111713,48.51199283],[3.79108993,48.51198491],[3.79106393,48.5119671],[3.7909785,48.51195867],[3.79095378,48.51193544],[3.79097932,48.51192268],[3.79104253,48.51189437],[3.79105957,48.51185737],[3.79093099,48.51186092],[3.79091069,48.51186106],[3.79086085,48.51187848],[3.79085045,48.51190734],[3.79084394,48.51192448],[3.79082242,48.51193362],[3.79080154,48.51189597],[3.79072909,48.51185057],[3.79075976,48.51181888],[3.79075636,48.51177302]]]]},"properties":{"nature":"Bois","precision":3,"modifiedAt":null}},{"type":"Feature","id":"ZONEVEGE0000002321892051","geometry":{"type":"MultiPolygon","coordinates":[[[[3.81053717,48.5115282],[3.81058926,48.51148196],[3.81056327,48.51146505],[3.81053093,48.51147517],[3.81049749,48.51150148],[3.8104945,48.51148351],[3.8105707,48.51142002],[3.81043244,48.51141016],[3.8104171,48.51138148],[3.81039686,48.51138612],[3.81037184,48.51143127],[3.81035844,48.51144036],[3.81033459,48.51147471],[3.81016962,48.51148842],[3.81021626,48.51152769],[3.81027967,48.51151286],[3.81030524,48.51150279],[3.81033793,48.51151517],[3.8103988,48.51151115],[3.81045635,48.51155574],[3.81048128,48.51159156],[3.81052307,48.51157958],[3.81053717,48.5115282]]]]},"properties":{"nature":"Haie","precision":3,"modifiedAt":null}},{"type":"Feature","id":"ZONEVEGE0000002321892048","geometry":{"type":"MultiPolygon","coordinates":[[[[3.79051752,48.51164776],[3.79074898,48.51164263],[3.79075636,48.51177302],[3.79079241,48.5117395],[3.7909032,48.51172347],[3.79094142,48.5117439],[3.79101588,48.51174341],[3.79104267,48.51172434],[3.7910818,48.51171508],[3.79110874,48.5117059],[3.79113703,48.51169672],[3.79119553,48.51171522],[3.79121676,48.51168629],[3.7912693,48.51166885],[3.79121446,48.51162333],[3.7912005,48.51159554],[3.79113082,48.51155372],[3.79110562,48.51158897],[3.79108818,48.51159989],[3.7909823,48.5115817],[3.79083611,48.51158447],[3.79080739,48.51156577],[3.79076366,48.51153907],[3.79070545,48.51153946],[3.79067026,48.51154059],[3.7906511,48.51152723],[3.79063086,48.51153186],[3.79059052,48.51155012],[3.79059108,48.511587],[3.79056561,48.51160426],[3.79051752,48.51164776]]]]},"properties":{"nature":"Haie","precision":3,"modifiedAt":null}},{"type":"Feature","id":"ZONEVEGE0000002321892047","geometry":{"type":"MultiPolygon","coordinates":[[[[3.80929227,48.51166623],[3.80931608,48.51163008],[3.80937191,48.5116504],[3.80937949,48.51161526],[3.80933441,48.51158948],[3.80931224,48.51155634],[3.80926766,48.51156294],[3.80925331,48.51159813],[3.80916413,48.51161043],[3.80913226,48.51165113],[3.80918258,48.51166518],[3.80922272,48.51163432],[3.80929227,48.51166623]]]]},"properties":{"nature":"Haie","precision":3,"modifiedAt":null}},{"type":"Feature","id":"ZONEVEGE0000002321892037","geometry":{"type":"MultiPolygon","coordinates":[[[[3.77982748,48.51108146],[3.779926,48.51187968],[3.77995293,48.51186961],[3.78006023,48.51189229],[3.78021595,48.51189307],[3.78024422,48.51188209],[3.78049473,48.51188314],[3.78058065,48.511834],[3.78059731,48.51177092],[3.7806503,48.51178316],[3.78065997,48.51179569],[3.78068069,48.51182345],[3.7807687,48.51182377],[3.78082243,48.51179463],[3.78084937,48.51178545],[3.78086514,48.51175296],[3.78092845,48.51173096],[3.78096987,48.5116938],[3.78098708,48.5116676],[3.78101681,48.5116638],[3.78107626,48.51165532],[3.78106235,48.51163022],[3.78103514,48.5116214],[3.78101585,48.51159904],[3.78098287,48.51156687],[3.78100827,48.51154511],[3.7810524,48.51150793],[3.78100457,48.51147856],[3.78098955,48.51146966],[3.78098751,48.5114238],[3.78098783,48.51135452],[3.78093123,48.51128112],[3.78088204,48.51125086],[3.78092224,48.51122271],[3.78095588,48.51120899],[3.78095426,48.51119101],[3.78100361,48.51114121],[3.78092437,48.51109315],[3.78089702,48.51107533],[3.78081907,48.51102277],[3.78078506,48.5110122],[3.78065242,48.51101577],[3.78057118,48.5110154],[3.78051866,48.51103464],[3.7804144,48.51103442],[3.78036988,48.51104551],[3.78016696,48.51105674],[3.78003347,48.5110945],[3.77982748,48.51108146]]]]},"properties":{"nature":"Peupleraie","precision":3,"modifiedAt":null}},{"type":"Feature","id":"ZONEVEGE0000002321892030","geometry":{"type":"MultiPolygon","coordinates":[[[[3.79707839,48.5234628],[3.79668601,48.52357608],[3.79674492,48.52219387],[3.79790103,48.52225448],[3.79787505,48.52295007],[3.79790036,48.52292291],[3.7979882,48.52291062],[3.79801309,48.52285468],[3.79810405,48.52286936],[3.79813523,48.52287185],[3.79818105,48.52285715],[3.79836698,48.52279383],[3.7985349,48.52288176],[3.79859432,48.52295963],[3.79840171,48.52294023],[3.79817322,48.52296516],[3.79815155,48.5229653],[3.79811904,48.52296462],[3.79801277,48.52301212],[3.79801384,48.52308228],[3.79805353,48.5231099],[3.79813317,48.52309227],[3.798164,48.52307137],[3.79818543,48.52305594],[3.79820917,48.52310256],[3.79823105,48.52311681],[3.79825827,48.52312562],[3.79831285,48.52315224],[3.79843078,48.52315955],[3.7985453,48.52320915],[3.79856561,48.52320902],[3.79859937,48.52320249],[3.7986263,48.52319242],[3.79867966,48.52322804],[3.79876375,48.52323647],[3.79881683,48.52325321],[3.79887117,48.52326454],[3.7988714,48.52327983],[3.79887168,48.52329782],[3.79890039,48.52331562],[3.79891407,48.52332453],[3.79898329,48.52333486],[3.79900953,48.52336797],[3.79902485,48.52339575],[3.79907954,48.52342957],[3.79909365,48.52346726],[3.79920302,48.523534],[3.79921823,48.52355458],[3.79927155,48.52358751],[3.79928688,48.5236162],[3.7993078,48.52365564],[3.79933242,48.52367167],[3.79945209,48.52370415],[3.79947931,48.52371296],[3.79954703,48.52371341],[3.79972037,48.52371224],[3.79977476,48.5236381],[3.7998151,48.52361894],[3.79989208,48.52360493],[3.79990743,48.52354545],[3.79992069,48.52352737],[3.79993501,48.52340043],[3.80004052,48.52330346],[3.80016216,48.52328734],[3.80022249,48.52324735],[3.800249,48.52320939],[3.80040821,48.52317054],[3.8004395,48.52317932],[3.80048442,48.52319431],[3.80051843,48.52320488],[3.80055482,48.52319294],[3.80060456,48.52316921],[3.80089416,48.52315467],[3.80092546,48.52316435],[3.80103527,48.52317171],[3.80106264,48.52319042],[3.80112114,48.52320802],[3.80119913,48.52325967],[3.80122635,48.52326848],[3.80124002,48.52327738],[3.801293,48.52328782],[3.80130991,48.52333089],[3.80135107,48.5233657],[3.80136489,48.5233836],[3.80146936,48.52339639],[3.80152981,48.52345266],[3.80154651,48.52357039],[3.80152264,48.52360384],[3.80152693,48.52361821],[3.80153393,48.52363345],[3.80157515,48.52367186],[3.80154197,48.52371616],[3.80154192,48.52389069],[3.80157093,48.52401644],[3.80160176,48.52408371],[3.80163902,48.52412933],[3.80165891,48.52419037],[3.80168652,48.52422437],[3.80170622,48.52427282],[3.80178105,48.52438387],[3.80186271,48.52441031],[3.80197405,48.52442845],[3.80203287,48.52437857],[3.80204877,48.52435507],[3.80212326,48.52435547],[3.8021361,48.5243095],[3.80216276,48.52428144],[3.80215898,48.52421129],[3.8021723,48.52419681],[3.80219897,48.52416964],[3.80217638,48.52410952],[3.80214323,48.52406746],[3.80215513,48.52404849],[3.80217503,48.52402136],[3.80214042,48.52397212],[3.80217748,48.52391609],[3.80217851,48.52389449],[3.80217883,48.52382702],[3.80215935,48.52379296],[3.80220204,48.52375039],[3.80219654,48.52365687],[3.80222143,48.52360183],[3.80231655,48.52353371],[3.80235839,48.52352443],[3.80241865,48.52347995],[3.80248456,48.52345071],[3.80250311,48.5234236],[3.80254318,48.52338734],[3.80255613,48.52334857],[3.80268174,48.52332613],[3.80275683,48.52327705],[3.80278228,48.52325888],[3.80281057,48.5232488],[3.80284807,48.52322155],[3.80286974,48.52322141],[3.80291442,48.52322111],[3.80301704,48.52320062],[3.80307434,48.52313996],[3.80314458,48.52312779],[3.80319833,48.52310044],[3.8032848,48.52308726],[3.80333332,48.52307164],[3.80337218,48.52304439],[3.80345598,48.52303392],[3.80350822,48.52299579],[3.80370697,48.52297465],[3.80376429,48.52291489],[3.80384402,48.52290355],[3.80389492,48.52286722],[3.80392187,48.52285805],[3.8039622,48.52283888],[3.80400269,48.52282961],[3.80402964,48.52282043],[3.80405536,48.52282026],[3.80413498,48.52280173],[3.80416327,48.52279164],[3.80435674,48.52277954],[3.80438006,48.52271011],[3.8044446,48.52267998],[3.80450399,48.52266699],[3.80446208,48.52249544],[3.80452036,48.52240958],[3.80471821,48.52232998],[3.80489472,48.52227121],[3.80532354,48.52223951],[3.80549087,48.52228876],[3.80561167,48.52239499],[3.80561325,48.52240938],[3.80564446,48.52241366],[3.80569783,48.52244929],[3.8057577,48.52246777],[3.80573913,48.52249309],[3.80572617,48.52253096],[3.80565915,48.5225764],[3.80566297,48.52264834],[3.80559726,48.52269107],[3.80558255,48.52279103],[3.80551854,48.52285623],[3.80548007,48.52290867],[3.80550881,48.52292827],[3.80554828,48.5229406],[3.80553685,48.52299015],[3.80552358,48.52300823],[3.80551223,48.52306229],[3.80548556,48.52308946],[3.80547449,48.5231624],[3.80543467,48.52321485],[3.80542201,48.52327251],[3.80537027,48.52334303],[3.80535947,48.52343307],[3.80534825,48.52349612],[3.80536206,48.52351402],[3.8053763,48.5235589],[3.80540501,48.5235767],[3.80541869,48.5235856],[3.80552483,48.52361817],[3.80556859,48.52364576],[3.80557963,48.52365918],[3.805599,48.52368604],[3.80566556,48.52369908],[3.80570935,48.52372847],[3.80571218,48.52373655],[3.80573257,48.52374091],[3.8058209,48.523761],[3.80596591,48.52376722],[3.80618512,48.52375493],[3.80640464,48.52367518],[3.8065645,48.52359043],[3.80657855,48.52344729],[3.80668911,48.52332689],[3.80690825,48.52322195],[3.80707353,48.52313806],[3.80709237,48.52312984],[3.80708112,48.52310292],[3.80706842,48.52306972],[3.80705461,48.52305273],[3.80703875,48.52298986],[3.80702507,48.52298096],[3.80701068,48.52292618],[3.80698198,48.52290928],[3.80696692,48.52281042],[3.80693822,48.52279353],[3.80692316,48.52269467],[3.80690812,48.52268577],[3.80688945,48.52261663],[3.8068508,48.52256921],[3.8068514,48.52251973],[3.80675503,48.52250599],[3.80675329,48.52248081],[3.80678977,48.52247517],[3.80683437,48.52246947],[3.80682057,48.52245247],[3.8068028,48.52244179],[3.80677994,48.52236458],[3.80676271,48.52230082],[3.80674671,48.52222896],[3.80673303,48.52222006],[3.80671852,48.52215718],[3.80670349,48.52214829],[3.80670402,48.52209521],[3.80667545,48.52208641],[3.80665931,48.52200555],[3.80664563,48.52199665],[3.80664589,48.52192557],[3.80661581,48.52190689],[3.8066013,48.52184401],[3.80657943,48.52183067],[3.80655795,48.52175524],[3.80654166,48.52166449],[3.80650578,48.52162065],[3.80648422,48.52153983],[3.80647054,48.52153093],[3.80645454,48.52145907],[3.80644087,48.52145106],[3.80642048,48.52135764],[3.80639724,48.52134341],[3.80638137,48.52128054],[3.80631334,48.52125941],[3.80632652,48.52123593],[3.80635064,48.52121957],[3.80636674,48.52120957],[3.80634963,48.52115391],[3.80632502,48.52113878],[3.80632149,48.52108483],[3.80637371,48.52104669],[3.80645781,48.52105512],[3.80648517,48.52107292],[3.8065098,48.52108985],[3.80660708,48.52107479],[3.80664614,48.52106103],[3.80675296,48.52105041],[3.80676936,48.52097204],[3.80690052,48.52095945],[3.80691739,48.52091166],[3.80695223,48.52088713],[3.80699467,48.52091743],[3.80699378,48.52094712],[3.80700912,48.52097581],[3.80703809,48.52101069],[3.80705248,48.52106547],[3.80707997,48.52109228],[3.80709611,48.52117313],[3.80710978,48.52118114],[3.80713728,48.52120794],[3.80716325,48.52122395],[3.80712458,48.5212629],[3.8071264,48.52129348],[3.80711253,48.52136014],[3.80713579,48.52137528],[3.80715356,48.52138595],[3.80717525,48.52147577],[3.80720035,48.52152238],[3.80724218,48.52160036],[3.80725738,48.52162005],[3.80727284,48.52165683],[3.80730046,48.52169173],[3.80732891,48.5217806],[3.80737144,48.52181629],[3.80739683,48.52188179],[3.80748343,48.52205303],[3.80750695,48.52208526],[3.80753867,48.52212283],[3.80755721,48.52218298],[3.80758606,48.52220977],[3.80760085,48.52229063],[3.80761614,48.52231662],[3.80763011,48.52234441],[3.8076576,48.52237031],[3.80767155,48.52239721],[3.80771964,48.52244186],[3.80774377,48.52251367],[3.80775814,48.52256755],[3.80780149,48.52265632],[3.80784238,48.52276129],[3.80786586,48.52279082],[3.80791555,48.52285166],[3.80873152,48.5226329],[3.80865102,48.52259386],[3.80867595,48.52254242],[3.80867033,48.52252896],[3.80865371,48.52250478],[3.80862224,48.52248431],[3.80855388,48.52244249],[3.80831215,48.5220474],[3.80830101,48.52202768],[3.80813079,48.52170318],[3.8081196,48.52167986],[3.80810147,48.5216458],[3.80808333,48.52161084],[3.80795917,48.52137508],[3.80839138,48.52121291],[3.80851122,48.52116801],[3.80871857,48.52109013],[3.80875782,48.52108897],[3.80877286,48.52109786],[3.80883868,48.52106323],[3.80893322,48.52104639],[3.80898978,48.52102621],[3.80904173,48.52105735],[3.80905705,48.52108513],[3.80907115,48.52112102],[3.8090851,48.52114791],[3.80909906,48.52117481],[3.80915403,48.52122661],[3.80916935,48.5212544],[3.80918487,48.52129477],[3.8092677,48.52139677],[3.80928317,48.52143355],[3.80929697,48.52145054],[3.8093108,48.52146934],[3.80938949,48.52156597],[3.80942293,48.52162691],[3.80943845,48.52166729],[3.80947986,48.52171829],[3.80955323,48.52182124],[3.80957943,48.52185165],[3.80959341,48.52188035],[3.80962102,48.52191434],[3.80963498,48.52194124],[3.80967483,48.52197875],[3.8096946,48.52203079],[3.80976481,48.52210498],[3.80982116,48.52215858],[3.80979598,48.52219383],[3.80981923,48.52220897],[3.8098304,48.52223048],[3.80986068,48.52226176],[3.80986922,48.52228869],[3.81004167,48.52223084],[3.81022966,48.522127],[3.81030592,48.52206621],[3.81032063,48.52205441],[3.81038217,48.52200542],[3.81043246,48.5219295],[3.81045363,48.52189697],[3.81048669,48.52184547],[3.8105235,48.52177415],[3.81054322,48.52173533],[3.81056424,48.5216938],[3.81067488,48.5215797],[3.81076346,48.52152781],[3.81091867,48.52149347],[3.81118918,48.52147183],[3.81126656,48.5214839],[3.81139551,48.52150281],[3.81135611,48.52140682],[3.81136578,48.52133208],[3.81140522,48.52125535],[3.81153876,48.52113299],[3.81155877,48.52111396],[3.81159094,48.52109215],[3.8116231,48.52107034],[3.81165391,48.52104853],[3.81166651,48.52098727],[3.81172628,48.52099946],[3.81179106,48.52098462],[3.81182152,48.52094034],[3.81187135,48.5209229],[3.81196367,48.52093756],[3.81199075,48.52093738],[3.81211713,48.52087804],[3.81219458,48.5208946],[3.81225586,48.52082941],[3.81236281,48.52082688],[3.81239154,48.52084558],[3.81244719,48.52085419],[3.81249509,48.52088625],[3.8125711,48.52089743],[3.81259711,48.52091524],[3.81265276,48.52092386],[3.81267877,48.52094167],[3.81271409,48.52094863],[3.81276163,48.5209582],[3.81288498,48.52096545],[3.81295742,48.52100814],[3.81293529,48.5209786],[3.81292422,48.52096339],[3.81290762,48.52094101],[3.81319467,48.52076272],[3.81326039,48.52072179],[3.81331271,48.52068994],[3.81354926,48.52057407],[3.81383018,48.5204381],[3.81415678,48.52027843],[3.81543633,48.51965702],[3.8157066,48.51953281],[3.81572677,48.51952368],[3.81576845,48.5195045],[3.8160364,48.5194055],[3.81606872,48.51939448],[3.81617273,48.51937757],[3.81622952,48.51937179],[3.81628224,48.51936603],[3.81632686,48.51936122],[3.81637967,48.51936086],[3.81640809,48.51935977],[3.81644329,48.51935952],[3.81654032,48.51932917],[3.81661147,48.5192891],[3.81681137,48.51908171],[3.81724895,48.5188322],[3.81777951,48.51864053],[3.8178345,48.51860687],[3.81786669,48.51858685],[3.81793914,48.51854317],[3.81796062,48.51853133],[3.81798747,48.51851675],[3.81807476,48.51846937],[3.81814734,48.51843468],[3.81822411,48.51840807],[3.81828496,48.51840225],[3.81832417,48.51839838],[3.81842182,48.51840761],[3.81847506,48.51843513],[3.81855697,48.51847775],[3.81862522,48.51851236],[3.81866882,48.51852915],[3.81869607,48.51853976],[3.81871116,48.51855225],[3.81874684,48.51858259],[3.81877276,48.51859501],[3.8187864,48.51860121],[3.81879869,48.51860743],[3.81881493,48.51860731],[3.81894091,48.51861004],[3.81903708,48.51861118],[3.81914525,48.51860054],[3.81926954,48.51858169],[3.81931402,48.51856879],[3.81862599,48.51673919],[3.81936519,48.51655597],[3.81964746,48.51607542],[3.82176751,48.5155255],[3.8219139,48.51596711],[3.81970105,48.51673178],[3.81988774,48.51698059],[3.82218556,48.51619373],[3.82251408,48.5163327],[3.82280055,48.51620747],[3.82294046,48.51614893],[3.82321219,48.51603459],[3.82347214,48.51594552],[3.82394596,48.51576591],[3.82412107,48.51570712],[3.82421132,48.51567681],[3.82432447,48.51563914],[3.82483063,48.5154494],[3.82493287,48.51540641],[3.82505261,48.515357],[3.82515619,48.515314],[3.82523836,48.51528644],[3.82537305,48.51524052],[3.82562229,48.51507416],[3.82440697,48.51296127],[3.82456708,48.51289628],[3.82640915,48.51516855],[3.82674998,48.51565918],[3.82771859,48.5164585],[3.82827477,48.51677849],[3.8286984,48.51667928],[3.82894022,48.51664341],[3.82905491,48.51661742],[3.82925057,48.51657377],[3.82945452,48.51654086],[3.83034025,48.51654907],[3.83041335,48.51654766],[3.83044583,48.51654653],[3.83049984,48.51653626],[3.83053224,48.51653064],[3.83057824,48.51652762],[3.83062557,48.51652369],[3.83064854,48.51652083],[3.83063481,48.51650833],[3.83060758,48.51649952],[3.83059172,48.51643846],[3.83047831,48.51645994],[3.83057525,48.51633872],[3.83058321,48.51632876],[3.83091645,48.51590901],[3.83096817,48.51584027],[3.83094578,48.51579455],[3.83089823,48.51578498],[3.83088008,48.51575003],[3.83081778,48.51574956],[3.83080319,48.51576856],[3.83078771,48.51581724],[3.83069724,48.51583317],[3.83062439,48.51585077],[3.8305716,48.51585204],[3.83048633,48.51585444],[3.83047097,48.51582486],[3.83046259,48.51580872],[3.8304235,48.51581979],[3.83038734,48.51584523],[3.83036547,48.51583279],[3.83034314,48.51579066],[3.8302816,48.51575241],[3.83024877,48.51573105],[3.83020665,48.51572234],[3.83016454,48.51571364],[3.83013168,48.51569138],[3.83009886,48.51567092],[3.83005481,48.51562535],[3.83002578,48.51558776],[3.82994521,48.51554514],[3.82991665,48.51553725],[3.82988898,48.51549966],[3.8298466,48.51547476],[3.82981896,48.51543897],[3.82977793,48.51541317],[3.82968731,48.51533463],[3.82965331,48.51532497],[3.82959966,48.51527227],[3.82954371,48.51524477],[3.82948928,48.51522806],[3.82947131,48.51520479],[3.82938574,48.5151883],[3.82935292,48.51516784],[3.82933358,48.51514368],[3.82936142,48.5151057],[3.82937338,48.51509122],[3.82935287,48.51507877],[3.8293091,48.51505119],[3.82925795,48.51498497],[3.82922358,48.51495193],[3.82911444,48.51490051],[3.82908679,48.51486472],[3.82908161,48.51479368],[3.82911892,48.51475564],[3.8291412,48.5147087],[3.82919641,48.51468942],[3.82920005,48.51466241],[3.82916688,48.51462036],[3.82934569,48.51453904],[3.82936027,48.51451915],[3.82938097,48.51445783],[3.82942532,48.51443683],[3.8294563,48.51442672],[3.82951924,48.5143822],[3.8295705,48.51437014],[3.82958588,48.51431516],[3.82969039,48.51424516],[3.82972371,48.51421164],[3.82985157,48.51416217],[3.82986578,48.51411888],[3.82993459,48.51410311],[3.82998284,48.51407219],[3.82999903,48.51406847],[3.83045254,48.51397624],[3.83053983,48.51393065],[3.83058952,48.51390511],[3.83064163,48.51368974],[3.83067579,48.51362383],[3.83081127,48.51362828],[3.83083728,48.51364609],[3.83087939,48.51365479],[3.83087889,48.51370877],[3.83093332,48.51372548],[3.8309485,48.51374337],[3.83096232,48.51376127],[3.83101628,48.51374829],[3.83107535,48.51380186],[3.83139824,48.51409738],[3.8314208,48.5141539],[3.83149586,48.51419116],[3.83151637,48.51420361],[3.83155743,48.51423121],[3.83160665,48.51426145],[3.83162718,48.5142748],[3.83166006,48.51429886],[3.83214779,48.5146571],[3.83216553,48.51466597],[3.83218067,48.51468116],[3.83219463,48.51470805],[3.83222185,48.51471686],[3.83223582,48.51474375],[3.83230573,48.51479724],[3.83234583,48.51485003],[3.83238645,48.51484975],[3.83242416,48.51483689],[3.83244195,48.51484846],[3.83246247,48.51486181],[3.83249257,48.51488139],[3.83247003,48.51491124],[3.83252568,48.51491985],[3.83255032,48.51493677],[3.83264037,48.51497932],[3.83266249,48.51500795],[3.83268435,48.51502039],[3.83271037,48.5150391],[3.83273224,48.51505154],[3.83275198,48.51510089],[3.83285591,48.51516493],[3.83287126,48.51519361],[3.83288537,48.5152295],[3.83292111,48.51526343],[3.83288064,48.51527271],[3.83284692,48.51528105],[3.83286108,48.51532053],[3.83290575,48.51531932],[3.83297479,48.51531793],[3.83309415,48.51541606],[3.83311019,48.51548791],[3.83313768,48.51551381],[3.83318406,48.51562054],[3.83327627,48.51562889],[3.83329025,48.51565668],[3.83330542,48.51567367],[3.83327472,48.51570177],[3.83326138,48.51571446],[3.83327934,48.51573683],[3.83324092,48.51579017],[3.83325601,48.51580266],[3.83328198,48.51581777],[3.83329581,48.51583567],[3.83332331,48.51586247],[3.83335095,48.51589736],[3.83340404,48.51591498],[3.83348412,48.51592701],[3.83356713,48.51595252],[3.83359089,48.51599913],[3.83366556,48.5160112],[3.83372528,48.51601978],[3.8337624,48.51605551],[3.83376231,48.51613467],[3.83377871,48.51614446],[3.83377929,48.51618044],[3.83379297,48.51618934],[3.83383379,48.51620165],[3.83382078,48.51623502],[3.83374308,48.51628775],[3.83374257,48.51634083],[3.83374438,48.5163696],[3.8337741,48.51645036],[3.83378838,48.51649704],[3.83381764,48.51654902],[3.83383276,48.51664787],[3.83387811,48.51668983],[3.83387686,48.5167816],[3.83389359,48.51681207],[3.83387936,48.51685356],[3.83386404,48.51691214],[3.8338143,48.51693498],[3.83374704,48.51696334],[3.83365961,48.51699994],[3.83358501,48.51699237],[3.8335699,48.51697898],[3.83350126,48.51692008],[3.83347801,48.51690585],[3.83346159,48.51689517],[3.83344541,48.51681432],[3.83342762,48.51680275],[3.83334742,48.51669805],[3.83330532,48.51669025],[3.83327247,48.51666799],[3.83325053,48.51665105],[3.83323488,48.51660348],[3.8331142,48.51659353],[3.83304628,48.51657961],[3.83304679,48.516612],[3.83306197,48.51662988],[3.83304722,48.51663898],[3.83302046,48.51665896],[3.83291312,48.51672179],[3.83282355,48.51670892],[3.83282375,48.51672152],[3.83283196,48.51689779],[3.83286618,48.51692094],[3.83293385,48.51691866],[3.8329708,48.51694269],[3.83303678,48.51691974],[3.83311222,48.51698039],[3.83317669,48.51703211],[3.8332284,48.51704794],[3.83324904,48.51706849],[3.83326422,48.51708638],[3.83327833,48.51712226],[3.83329067,48.51713207],[3.83333323,48.51716866],[3.83330776,48.51718503],[3.83324434,48.51719897],[3.83322169,48.51722252],[3.83320036,48.51724336],[3.83321413,48.51725766],[3.83325516,48.51728346],[3.83306443,48.51729649],[3.83304143,48.51729755],[3.83306057,48.51730911],[3.83309476,48.51733047],[3.83308167,48.51735845],[3.83297355,48.5173718],[3.83289966,48.5174092],[3.83287893,48.51746782],[3.83283511,48.51743754],[3.83277842,48.51744873],[3.83273258,48.51746165],[3.832707,48.51747083],[3.83268006,48.51748001],[3.83262918,48.51751635],[3.83258601,48.51752655],[3.83255907,48.51753574],[3.83243737,48.51754648],[3.83239562,48.51756117],[3.83232739,48.51752836],[3.83224711,48.51750374],[3.83226008,48.51746766],[3.83228005,48.51744593],[3.8322987,48.51742691],[3.83227801,48.51740276],[3.83222915,48.51739591],[3.83222966,48.51734282],[3.83221167,48.51731866],[3.83217356,48.51730633],[3.83202451,48.51730018],[3.8320404,48.51727758],[3.83202365,48.51724621],[3.83200832,48.51721843],[3.83196865,48.51719351],[3.83193101,48.5171254],[3.83191006,48.51708507],[3.83188543,48.51706905],[3.83184125,48.51701538],[3.83181589,48.51695348],[3.83177089,48.516934],[3.83174367,48.5169252],[3.83172694,48.51689473],[3.83166015,48.51686731],[3.83167333,48.51684472],[3.83176133,48.51684321],[3.83178123,48.51681698],[3.83175935,48.51680364],[3.83174019,48.51679118],[3.83173841,48.5167642],[3.83175456,48.51675779],[3.83174633,48.51666609],[3.83174454,48.51663821],[3.83154537,48.51663151],[3.83153015,48.51661092],[3.83146193,48.51657811],[3.83140969,48.51661446],[3.83138025,48.51663626],[3.83132861,48.51662493],[3.83128786,48.51661712],[3.83125607,48.51657596],[3.83117869,48.5165639],[3.83113791,48.51655429],[3.83111071,48.51654638],[3.83109051,48.51655372],[3.8310582,48.51656564],[3.83102841,48.51656585],[3.83101061,48.51655338],[3.83097641,48.51653113],[3.83094676,48.51654033],[3.83090905,48.51655319],[3.83088077,48.51656329],[3.83084947,48.51655361],[3.83081409,48.51654216],[3.83079127,48.51655492],[3.83077261,48.51657394],[3.83075793,48.51658754],[3.83079487,48.51669703],[3.83076346,48.51693655],[3.83075216,48.51699241],[3.83073967,48.51705907],[3.83072212,48.51714825],[3.83068413,48.51722859],[3.83064747,48.51730801],[3.83060296,48.51740458],[3.83059152,48.51753781],[3.8305891,48.51755582],[3.83058118,48.51765393],[3.83068051,48.51785565],[3.83087305,48.51804233],[3.83106598,48.51816783],[3.83114672,48.51822124],[3.83127386,48.51829682],[3.83129573,48.51831016],[3.83141466,48.5183804],[3.83173963,48.51854906],[3.83175273,48.51852108],[3.83176317,48.51849671],[3.83177921,48.51848311],[3.83179121,48.51847133],[3.83191803,48.51835619],[3.83214365,48.51823766],[3.83216928,48.51823118],[3.83218681,48.51822656],[3.83223401,48.51821453],[3.83231514,48.51820677],[3.832429,48.51821407],[3.83260544,48.51823892],[3.83277344,48.51824404],[3.83293284,48.51821953],[3.83298552,48.51821107],[3.83305955,48.51818266],[3.8330905,48.51817075],[3.83314972,48.51814784],[3.83323424,48.51809777],[3.83327986,48.51807136],[3.83330938,48.51805406],[3.83337527,48.51802481],[3.83340888,48.51800928],[3.83347746,48.51797911],[3.83352347,48.51797699],[3.83353836,48.51797689],[3.83371024,48.51797028],[3.83391349,48.51797875],[3.83409178,48.51794961],[3.834333,48.51779049],[3.83570767,48.51907809],[3.83652563,48.51984422],[3.83693747,48.51985392],[3.83863491,48.51989233],[3.83942804,48.51986514],[3.83993462,48.51987146],[3.83995124,48.5199793],[3.83995709,48.52000624],[3.84000223,48.52028841],[3.84002208,48.52051317],[3.84002372,48.52053115],[3.84003704,48.5206858],[3.84007017,48.52080971],[3.84010337,48.52093812],[3.8403343,48.52089781],[3.84038969,48.52088932],[3.84047654,48.52081583],[3.84048964,48.52078875],[3.8405029,48.52077067],[3.84051903,48.52067879],[3.84053863,48.52063457],[3.84061896,48.52057643],[3.84061727,48.52055575],[3.84068407,48.5204986],[3.84069697,48.52045892],[3.84074941,48.52043516],[3.84076347,48.52038288],[3.84082014,48.52036989],[3.8408108,48.52020982],[3.84089735,48.52003378],[3.84090918,48.52001121],[3.84094457,48.51993809],[3.84092872,48.51979426],[3.84070673,48.51980033],[3.84063792,48.51981611],[3.84041196,48.5198285],[3.84034745,48.51985864],[3.84027235,48.51982049],[3.84023288,48.51980817],[3.84022584,48.51979113],[3.84021175,48.51975705],[3.84017342,48.51973123],[3.84013532,48.5197198],[3.8400972,48.51970748],[3.84012898,48.51966227],[3.84009605,48.51963551],[3.8400348,48.51961615],[3.8400088,48.51959925],[3.83999239,48.51958947],[3.83995091,48.51953578],[3.83991124,48.51951087],[3.83989561,48.5194651],[3.83985457,48.5194393],[3.8398548,48.51936913],[3.83981087,48.51933166],[3.8397701,48.51932295],[3.83974275,48.51930605],[3.83972906,48.51929715],[3.83971509,48.51927026],[3.83967543,48.51924625],[3.83963135,48.51919978],[3.83961528,48.51912612],[3.83954689,48.51908342],[3.83957354,48.51905625],[3.83957735,48.51904093],[3.83954589,48.51902136],[3.83956195,48.51900955],[3.83961179,48.518993],[3.83958964,48.51896257],[3.83955835,48.5189538],[3.83953657,48.51894675],[3.83951422,48.51890373],[3.83950055,48.51889573],[3.83947321,48.51887973],[3.83941671,48.51890352],[3.83939208,48.5188875],[3.8393784,48.5188786],[3.83936149,48.51883733],[3.83932339,48.51882591],[3.83930792,48.51879003],[3.83929423,48.51878113],[3.8392804,48.51876324],[3.83925305,48.51874634],[3.83923725,48.51868977],[3.83915382,48.51863818],[3.83912753,48.51860328],[3.83911249,48.51859439],[3.83909521,48.51852974],[3.83907059,48.51851462],[3.83905661,48.51848683],[3.83902804,48.51847894],[3.83900039,48.51844315],[3.8389867,48.51843425],[3.83897259,48.51839836],[3.83891925,48.51836545],[3.83888871,48.51831889],[3.83887472,48.5182911],[3.83884737,48.5182742],[3.83883189,48.51823742],[3.83877856,48.51820541],[3.83876335,48.51818573],[3.83874952,48.51816783],[3.83873434,48.51814995],[3.83871184,48.51809793],[3.83867946,48.51810535],[3.83865253,48.51811454],[3.83863271,48.51797614],[3.8385809,48.51795401],[3.83853863,48.51793632],[3.83852466,48.51790943],[3.83851098,48.51790053],[3.83848332,48.51786474],[3.83845597,48.51784784],[3.83844186,48.51781195],[3.83842682,48.51780306],[3.83841126,48.51776179],[3.8383718,48.51774947],[3.83836477,48.51773333],[3.83835349,48.51770552],[3.83825463,48.51770532],[3.83816842,48.51773381],[3.83814553,48.51774207],[3.83808073,48.51775422],[3.83792859,48.51780927],[3.83790946,48.51779861],[3.83787934,48.51777813],[3.83785746,48.51776479],[3.83781598,48.51771111],[3.83778043,48.51768977],[3.83776126,48.51767641],[3.83774622,48.51766752],[3.83774645,48.51759734],[3.83772455,48.51758221],[3.83770268,48.51756976],[3.83770346,48.51753377],[3.83766671,48.51752234],[3.83764369,48.51743704],[3.83758877,48.51738974],[3.83753543,48.51735683],[3.83751393,48.51728231],[3.83743756,48.51724867],[3.83735069,48.51723578],[3.83738405,48.51720496],[3.83740809,48.5171841],[3.83736278,48.51714484],[3.83732619,48.51714329],[3.83731085,48.51711551],[3.8372835,48.51709861],[3.83728413,48.51705363],[3.83724202,48.51704493],[3.83722805,48.51701804],[3.83721301,48.51700915],[3.83723661,48.5169604],[3.83722693,48.51694787],[3.83718724,48.51692206],[3.83710054,48.51683451],[3.83714561,48.51677392],[3.83733521,48.51652069],[3.83736702,48.51647728],[3.83738688,48.51644925],[3.83742692,48.51641298],[3.83744677,48.51638406],[3.83753406,48.51633846],[3.837597,48.51629393],[3.83765237,48.51628455],[3.83766501,48.51622868],[3.83771861,48.51619322],[3.83773447,48.51616882],[3.83779239,48.51614952],[3.83781283,48.5160729],[3.83790126,48.5160138],[3.83791564,48.51598132],[3.837988,48.51593402],[3.83840026,48.51546331],[3.8373071,48.515014],[3.8375054,48.51462756],[3.8376583,48.5141119],[3.83879705,48.51470392],[3.83935681,48.51482142],[3.83970689,48.51520489],[3.83974223,48.51538276],[3.8404303,48.51607062],[3.83968822,48.51666152],[3.83952537,48.51647015],[3.83882977,48.51675035],[3.83883013,48.51677284],[3.83884531,48.51679072],[3.83887326,48.5168445],[3.83891428,48.5168694],[3.83894728,48.51690066],[3.83897063,48.51692118],[3.83929634,48.51722026],[3.83944969,48.51749446],[3.83951665,48.51761724],[3.83953185,48.51763603],[3.83954567,48.51765392],[3.83960189,48.51769761],[3.83961915,48.51776046],[3.83976099,48.51790789],[3.83981186,48.51795612],[3.83982863,48.51798838],[3.8399087,48.51799951],[3.8399744,48.51804313],[3.84001252,48.51805546],[3.84003186,48.51807961],[3.84003242,48.51811469],[3.84004761,48.51813258],[3.84006145,48.51815137],[3.8401009,48.51816279],[3.84012349,48.5182202],[3.84021359,48.51826545],[3.84021412,48.51829873],[3.84026982,48.51831003],[3.84028408,48.51835491],[3.8403116,48.51838171],[3.84031201,48.51840779],[3.84038193,48.51846128],[3.84035941,48.51849202],[3.8404106,48.51856003],[3.84043961,48.51859581],[3.8404797,48.51864681],[3.84052363,48.51868428],[3.84054992,48.51871918],[3.84058016,48.51874686],[3.84061889,48.51879786],[3.84064914,48.51882644],[3.84066312,48.51885333],[3.84086484,48.51901923],[3.84089917,48.51904867],[3.84094502,48.51912122],[3.84097649,48.51914169],[3.84100522,48.51915948],[3.84096367,48.51918676],[3.84097625,48.51921096],[3.84104021,48.5192303],[3.84108148,48.51927049],[3.84111034,48.51929728],[3.84112282,48.51931518],[3.84115017,48.51933208],[3.8411792,48.51936876],[3.84119951,48.51936862],[3.84122038,48.51940355],[3.84124896,48.51941235],[3.84124938,48.51943843],[3.84134682,48.51943415],[3.84151194,48.51942848],[3.84154547,48.51940845],[3.84157241,48.51939926],[3.84159934,48.51939008],[3.84168044,48.51938051],[3.8417596,48.51933406],[3.84182715,48.51932459],[3.84191034,48.51927632],[3.8420324,48.51928805],[3.84205567,48.51930318],[3.84210011,48.51928757],[3.84212464,48.51921273],[3.84216253,48.51921156],[3.84217622,48.51922046],[3.84219401,48.51923203],[3.84268748,48.51909718],[3.84275504,48.51908771],[3.84284233,48.51904211],[3.84288193,48.51906252],[3.84291615,48.51908567],[3.84296854,48.51905921],[3.8430085,48.51901754],[3.84308327,48.5190359],[3.84311727,48.51904466],[3.84314416,48.51903277],[3.84317238,48.51901908],[3.84321556,48.51900977],[3.84327714,48.51896525],[3.84343808,48.51895242],[3.84361624,48.51891517],[3.8436567,48.51890498],[3.84372425,48.51889551],[3.84376323,48.51887724],[3.84388494,48.51886648],[3.84400252,48.51885215],[3.84401382,48.51888086],[3.84402514,48.51891136],[3.8440621,48.51893629],[3.84408891,48.51891901],[3.84410593,48.5188829],[3.84413565,48.51887819],[3.8441694,48.51887166],[3.84422192,48.51885329],[3.84423696,48.51886218],[3.84426022,48.51887731],[3.84438877,48.518871],[3.84442665,48.51886893],[3.84447915,48.51884966],[3.84454835,48.51885817],[3.84457572,48.51887597],[3.84474898,48.51887114],[3.84476542,48.51888271],[3.84486017,48.51888024],[3.84496309,48.51888041],[3.84499424,48.51888019],[3.84504377,48.51884475],[3.8451185,48.51886041],[3.84517463,48.5188978],[3.845233,48.51890638],[3.84529138,48.51891586],[3.8453143,48.5189094],[3.84538439,48.51888911],[3.84540219,48.51890158],[3.84547002,48.51890919],[3.84551903,48.51892504],[3.845542,48.51892217],[3.84556494,48.51891661],[3.84560541,48.51890733],[3.84568531,48.51890766],[3.84575647,48.51886937],[3.84584582,48.51886783],[3.84588121,48.51887928],[3.84603674,48.51886648],[3.84610385,48.51882911],[3.84622278,48.51881477],[3.84627935,48.51879548],[3.84636687,48.51876427],[3.84648735,48.51876161],[3.846574,48.51876099],[3.84664246,48.51872362],[3.84669373,48.51871156],[3.84672118,48.51865019],[3.84674811,48.518641],[3.84684474,48.51858723],[3.84692175,48.51857589],[3.84694868,48.5185667],[3.84698916,48.51855742],[3.84704829,48.51852911],[3.84716486,48.51853637],[3.84718814,48.5185524],[3.84722329,48.51854855],[3.84737013,48.51824973],[3.84729463,48.51818639],[3.84724561,48.51808598],[3.84722421,48.51801866],[3.84719001,48.51799731],[3.84716957,48.5179057],[3.84711921,48.51788986],[3.8471016,48.51780542],[3.84703489,48.51778341],[3.84698481,48.51778466],[3.84695827,48.51773447],[3.84689034,48.51772056],[3.8468627,48.51768658],[3.84684059,48.51765884],[3.84680502,48.51763661],[3.8467847,48.51755219],[3.84675871,48.51753618],[3.84675355,48.51746784],[3.84675415,48.51742106],[3.84664509,48.51737595],[3.8466377,48.51725366],[3.84668081,48.51723985],[3.8466924,48.51720289],[3.84670565,48.5171848],[3.8467189,48.51716671],[3.84682834,48.51715154],[3.84685122,48.51714328],[3.84688749,48.51712503],[3.84682499,48.51711198],[3.84689109,48.51709621],[3.84690533,48.51705563],[3.84690328,48.51701246],[3.84697918,48.51693275],[3.84704938,48.51691966],[3.84715483,48.51690901],[3.84721074,48.51684924],[3.84731264,48.5168701],[3.84735502,48.51689499],[3.84737365,48.51687506],[3.84732494,48.51679355],[3.84731383,48.51677653],[3.84729861,48.51675595],[3.84717942,48.51658677],[3.84706546,48.51648952],[3.84704212,48.51646989],[3.84692623,48.51642124],[3.84673268,48.51634255],[3.84637516,48.51625694],[3.84592162,48.5161783],[3.84552677,48.51612893],[3.84456297,48.51598105],[3.84416084,48.51581567],[3.84399348,48.51568102],[3.84184392,48.51640337],[3.84226038,48.51687183],[3.84140008,48.51752026],[3.84070956,48.51668129],[3.84079041,48.51640363],[3.84158118,48.51614794],[3.84174572,48.51627542],[3.84353096,48.51529656],[3.8432701,48.5150735],[3.84260766,48.51446555],[3.84256878,48.51440555],[3.84250477,48.51429805],[3.84248702,48.51420461],[3.84243234,48.51408805],[3.8424191,48.5139379],[3.84238929,48.51284056],[3.84236276,48.51228478],[3.84232982,48.51124503],[3.84228013,48.51042672],[3.84227102,48.51011281],[3.84221681,48.51010959],[3.84198127,48.5097748],[3.84194386,48.50972198],[3.84190367,48.50966379],[3.8418538,48.50959397],[3.84183993,48.50957338],[3.84178591,48.5094973],[3.84172496,48.50941136],[3.84164872,48.50930125],[3.84159192,48.50922068],[3.84152263,48.50912131],[3.8414838,48.50906401],[3.84143945,48.50900045],[3.84140895,48.50895568],[3.84138955,48.50892793],[3.84136459,48.50889123],[3.84118995,48.50863876],[3.84116499,48.50860206],[3.84112616,48.50854475],[3.84110675,48.5085161],[3.8409515,48.50829139],[3.84093762,48.5082699],[3.84084201,48.50813293],[3.84047326,48.50759576],[3.84026954,48.50730212],[3.84030403,48.50725779],[3.84031594,48.50724061],[3.84029406,48.50722727],[3.84027465,48.50719862],[3.84040848,48.50718598],[3.84044895,48.5071767],[3.84053137,48.50716622],[3.84060945,48.50713868],[3.84069187,48.5071282],[3.84071745,48.50711902],[3.84078634,48.50710954],[3.8408375,48.50709118],[3.8408793,48.50708099],[3.84091963,48.50706271],[3.84102777,48.50705205],[3.8410547,48.50704287],[3.84109516,48.50703358],[3.84113681,48.5070135],[3.84121762,48.50698683],[3.84128124,48.50698638],[3.84133644,48.5069671],[3.84139085,48.50698291],[3.84142971,48.50695744],[3.84150929,48.50693889],[3.84153756,48.50692879],[3.84163481,48.50691461],[3.84172216,48.50687441],[3.84183434,48.50686192],[3.84186261,48.50685182],[3.8418867,48.50683456],[3.84192555,48.50680909],[3.8420174,48.50679584],[3.84207518,48.50676845],[3.84211581,48.50676906],[3.84214179,48.50678507],[3.84218526,48.50679465],[3.84226214,48.50677612],[3.84233001,48.50670277],[3.84243816,48.506693],[3.8425039,48.50665565],[3.84263658,48.50665561],[3.84271313,48.50661728],[3.84274725,48.50663413],[3.84278801,48.50664284],[3.84284073,48.50663797],[3.84284459,48.50662535],[3.84285497,48.50659738],[3.8428816,48.50656931],[3.8429872,48.50656946],[3.84301816,48.50655844],[3.84305698,48.50619381],[3.8430689,48.50609297],[3.84308363,48.50608297],[3.84309612,48.50593354],[3.84312012,48.50590998],[3.84312974,48.50583524],[3.84312595,48.50576779],[3.84313935,48.5057587],[3.8431478,48.50569477],[3.84312599,48.50568593],[3.84314559,48.50538891],[3.84296464,48.50533351],[3.84289599,48.50510549],[3.8425388,48.50495059],[3.84228403,48.5051881],[3.84220299,48.50545317],[3.84179487,48.50549924],[3.84135595,48.50556623],[3.84080199,48.50563582],[3.84028119,48.50574746],[3.84024225,48.50576753],[3.84019159,48.5057319],[3.84014949,48.5057241],[3.84009353,48.50569571],[3.84000376,48.50566935],[3.83990498,48.50567275],[3.83986546,48.50565684],[3.83984887,48.50563536],[3.83976905,48.50563863],[3.8397176,48.50563809],[3.83968799,48.5056491],[3.83966909,48.50565283],[3.83964751,48.50565748],[3.83962194,48.50566756],[3.83939062,48.50567909],[3.83935152,48.50568926],[3.83928398,48.50569873],[3.83924366,48.50571701],[3.83920319,48.50572629],[3.83918045,48.50574354],[3.8391611,48.50580306],[3.83899047,48.50580066],[3.83894881,48.50581985],[3.83889481,48.50582923],[3.83882742,48.5058486],[3.83881236,48.50583791],[3.83871629,48.50584128],[3.83868017,48.50586853],[3.83857748,48.50588095],[3.8385448,48.50586948],[3.83850435,48.50587966],[3.83849065,48.50586987],[3.83838648,48.5058742],[3.83835648,48.50586092],[3.83833466,48.50585117],[3.83831316,48.50586122],[3.83828763,48.5058731],[3.83825377,48.50587244],[3.83821184,48.50587453],[3.8380596,48.50592149],[3.83795009,48.50593126],[3.83790165,48.50594959],[3.83785713,48.5059598],[3.8378302,48.50596899],[3.83775478,48.50599381],[3.83769437,48.50602572],[3.83763479,48.50602524],[3.83762284,48.50603972],[3.83758388,48.50622802],[3.83775785,48.50635544],[3.83797709,48.50660399],[3.83836518,48.5067443],[3.83858818,48.50722853],[3.83840793,48.50738634],[3.83766767,48.50740595],[3.83604385,48.50737421],[3.83569102,48.50681262],[3.83616519,48.50649261],[3.83619199,48.50647533],[3.8361803,48.50642143],[3.83614103,48.50642081],[3.83596771,48.50641933],[3.83594641,48.50644197],[3.83591356,48.50641971],[3.83589029,48.50640368],[3.83585125,48.50641745],[3.8358095,48.50643124],[3.83568788,48.50644559],[3.83560563,48.50646686],[3.83552709,48.50646561],[3.83550382,48.50644958],[3.83546275,48.50642108],[3.83540441,48.50641339],[3.83535325,48.50643175],[3.83532632,48.50644093],[3.83531441,48.50645811],[3.83530251,48.50647618],[3.83516465,48.50649065],[3.83505339,48.50647524],[3.83496307,48.50650016],[3.83486846,48.50650982],[3.83483885,48.50652083],[3.83480673,48.50654444],[3.83474547,48.50652328],[3.83468102,48.50655702],[3.83465006,48.50656803],[3.83453901,48.50656612],[3.83433876,48.50657382],[3.83424976,48.50659604],[3.83394405,48.50661258],[3.83386415,48.50661134],[3.8338034,48.50662256],[3.83371421,48.50663308],[3.83358692,48.50663127],[3.83343133,48.50663776],[3.83336903,48.5066364],[3.83334576,48.50662037],[3.83331176,48.50661071],[3.83327542,48.50662446],[3.83322157,48.50664373],[3.83316579,48.50662613],[3.83288594,48.50665148],[3.83284413,48.50666167],[3.8327617,48.50667125],[3.83271189,48.50668959],[3.83264166,48.50669998],[3.83261473,48.50670916],[3.83256078,48.50672214],[3.83249224,48.5067541],[3.83242608,48.50676536],[3.83238712,48.50678453],[3.83229967,48.50681933],[3.83223906,48.50683954],[3.8322135,48.50684962],[3.83215814,48.506859],[3.83211917,48.50687727],[3.83206664,48.50689473],[3.83198881,48.50693846],[3.83192001,48.50695423],[3.83182444,48.50698909],[3.83179617,48.50699918],[3.83176271,48.5070237],[3.83167355,48.50703602],[3.83162403,48.50707236],[3.83158383,48.50709873],[3.83150278,48.50711009],[3.8314772,48.50711926],[3.83141644,48.50712959],[3.83134242,48.50715709],[3.83128165,48.50716741],[3.83120208,48.50718686],[3.83112818,48.50722247],[3.83105263,48.50723919],[3.83101373,48.50726195],[3.83100893,48.50738613],[3.83100719,48.50744732],[3.83105195,48.50745241],[3.83107881,48.50743872],[3.83112612,48.50743389],[3.83114828,48.50746523],[3.83118916,48.50748203],[3.83120344,48.50752872],[3.83124168,48.50755004],[3.83127065,48.50758402],[3.83122641,48.50761132],[3.8312165,48.50766987],[3.83124646,48.50768045],[3.83131184,48.50770519],[3.83133317,48.50776981],[3.83137415,48.50779291],[3.83136094,48.5078137],[3.83130463,48.50784828],[3.8313109,48.50790221],[3.83129618,48.50791311],[3.83124217,48.50792248],[3.83116302,48.50796892],[3.83111048,48.50798548],[3.83109591,48.50800537],[3.83112099,48.50805018],[3.83106715,48.50807035],[3.8309913,48.50806818],[3.83091874,48.50810287],[3.83084177,48.50811601],[3.83076922,48.5081516],[3.83068965,48.50817105],[3.83062618,48.50818139],[3.83058722,48.50820055],[3.83054675,48.50820983],[3.830481,48.50824718],[3.83043393,48.5082673],[3.83041377,48.50827644],[3.83042758,48.50829343],[3.83046857,48.50831744],[3.83042813,48.50832851],[3.83028751,48.50834029],[3.83032066,48.50838144],[3.83029512,48.50839332],[3.83023711,48.50840632],[3.83011672,48.50849892],[3.83008856,48.50851621],[3.83005779,48.50853982],[3.82999568,48.50855015],[3.82990182,48.50860838],[3.82984831,48.50864924],[3.82980109,48.50865946],[3.82974467,48.50868775],[3.82967928,48.50866211],[3.82966694,48.5086523],[3.8295842,48.50864298],[3.82950229,48.50860037],[3.82943137,48.50856758],[3.82946191,48.50852958],[3.82934986,48.50846469],[3.82938175,48.50842669],[3.82944188,48.50837589],[3.82941453,48.50835898],[3.82926566,48.50836272],[3.82927903,48.50835183],[3.82945486,48.50834071],[3.82945026,48.50830656],[3.82948255,48.50829374],[3.8295584,48.5082959],[3.82959175,48.50826418],[3.82961421,48.50822894],[3.82966114,48.50819983],[3.82970394,48.50816714],[3.82975108,48.50815152],[3.82978327,48.5081324],[3.82981277,48.5081142],[3.82979177,48.50807027],[3.82977126,48.50805781],[3.82977226,48.50803532],[3.82977865,48.50801098],[3.82978794,48.50791376],[3.82949,48.50790864],[3.82947676,48.50792762],[3.82945157,48.50796109],[3.8293394,48.50797446],[3.82928297,48.50800185],[3.82925603,48.50801013],[3.82923059,48.5080283],[3.82918743,48.5080385],[3.82914326,48.50807119],[3.82908697,48.50810757],[3.82907496,48.50811845],[3.82905628,48.50813568],[3.82907413,48.50815174],[3.829103,48.50817943],[3.82907097,48.50820844],[3.82904026,48.50823565],[3.82900524,48.50824759],[3.82899186,48.50825758],[3.8289935,48.50827556],[3.8289709,48.5083018],[3.82891909,48.50827877],[3.8288959,48.50826814],[3.82888664,48.5082817],[3.82887209,48.50830339],[3.82885884,48.50832148],[3.82886047,48.50833946],[3.82873473,48.50835023],[3.82869692,48.50835679],[3.82872408,48.508362],[3.82876482,48.50836981],[3.82873564,48.5084078],[3.82866548,48.50842359],[3.82861498,48.50848331],[3.82855332,48.50852243],[3.8285405,48.5085684],[3.82848842,48.50861374],[3.82847516,48.50863183],[3.82846058,48.50865172],[3.82836109,48.5086956],[3.82834123,48.50872453],[3.82834445,48.50875689],[3.8282756,48.50876906],[3.82824732,48.50877916],[3.82825067,48.50881962],[3.82819686,48.50884158],[3.82815244,48.50885809],[3.82813153,48.50890591],[3.82810634,48.50893938],[3.82809191,48.50896916],[3.82806526,48.50899634],[3.82805394,48.5090513],[3.82804068,48.50906848],[3.82802369,48.50910728],[3.82796577,48.50912658],[3.82794856,48.50915099],[3.82792058,48.50917997],[3.82792399,48.50922403],[3.82788378,48.5092504],[3.8278597,48.50926856],[3.82780717,48.50928602],[3.82776147,48.50930703],[3.82773765,48.50934228],[3.82770013,48.50936683],[3.82767218,48.50939762],[3.82764553,48.50942479],[3.82763271,48.50946986],[3.82756453,48.50952521],[3.82756928,48.50956926],[3.82755468,48.50958736],[3.82754278,48.50960543],[3.82747825,48.50963467],[3.82746012,48.50968698],[3.82735989,48.50977044],[3.82738894,48.50980982],[3.82737171,48.50983333],[3.82737348,48.50985941],[3.82737246,48.50988101],[3.82726723,48.50990513],[3.8272406,48.5099332],[3.82719203,48.50994434],[3.82711442,48.51000245],[3.82707956,48.51002429],[3.82704477,48.51005062],[3.82706824,48.51007925],[3.82701597,48.5101129],[3.82700191,48.51016607],[3.82696285,48.51017894],[3.82693073,48.51020255],[3.82689588,48.51022529],[3.82684503,48.51026342],[3.82677667,48.51030708],[3.82674856,48.51032797],[3.82672473,48.51036232],[3.82657888,48.51047219],[3.82656563,48.51049028],[3.82651625,48.5105356],[3.8264586,48.51057199],[3.82642514,48.51059651],[3.8262964,48.51067567],[3.82622097,48.51070049],[3.82619554,48.51071956],[3.8261659,48.51072876],[3.82613152,48.51078118],[3.82605996,48.51079337],[3.82601325,48.51083688],[3.82598093,48.5108479],[3.82588698,48.51090073],[3.82588866,48.51092141],[3.82584683,48.5109307],[3.82580914,48.51094445],[3.82578136,48.51098603],[3.82575441,48.51099431],[3.82571007,48.51101621],[3.82566589,48.51104801],[3.8256489,48.51108681],[3.8256221,48.51110409],[3.82561063,48.51115005],[3.82559052,48.51116278],[3.82552495,48.51121182],[3.82548992,48.51122286],[3.8254496,48.51124203],[3.82541033,48.5112414],[3.82535093,48.51125261],[3.82528803,48.51129983],[3.8252478,48.5113244],[3.82519473,48.51130767],[3.82515575,48.51132594],[3.82509094,48.51133718],[3.82507524,48.51137238],[3.82505111,48.51138784],[3.82496874,48.51140191],[3.82494,48.51138231],[3.82491322,48.51140139],[3.82490089,48.51139248],[3.82485615,48.51138829],[3.82480741,48.51138863],[3.82478798,48.51144454],[3.82471236,48.51145766],[3.82461938,48.5114862],[3.82459906,48.51148544],[3.82457111,48.51142985],[3.82449084,48.51140522],[3.82446769,48.51139729],[3.82442424,48.51138949],[3.82436898,48.51140517],[3.82432681,48.51139287],[3.82431209,48.51140376],[3.82429602,48.51141557],[3.82420821,48.51142787],[3.82416577,48.51139848],[3.82412521,48.51140236],[3.8240888,48.51141161],[3.82404697,48.5114209],[3.82404861,48.51143888],[3.82400814,48.51144815],[3.82391516,48.51147669],[3.82384085,48.5114871],[3.82379431,48.5115414],[3.82376501,48.51157219],[3.82370784,48.51155279],[3.82367113,48.51154315],[3.8236524,48.51155768],[3.82358147,48.51161035],[3.82339713,48.51159813],[3.82334858,48.51161016],[3.82310653,48.51163073],[3.82304342,48.51166445],[3.82296517,48.51168209],[3.82283812,48.51169646],[3.82272763,48.51173051],[3.82269128,48.51174426],[3.8224601,48.51176655],[3.82235355,48.51179338],[3.82227111,48.51180295],[3.82221996,48.51182219],[3.82216458,48.51183067],[3.82206202,48.51185297],[3.82196643,48.51188782],[3.82189617,48.5118973],[3.8217601,48.51194052],[3.82164117,48.51195484],[3.82158875,48.51197949],[3.82157043,48.5120201],[3.82150135,48.51201878],[3.82146075,48.51201996],[3.8214109,48.5120356],[3.82138879,48.51200697],[3.82136842,48.51200351],[3.82134823,48.51201084],[3.82129572,48.5120301],[3.8212371,48.51200442],[3.82116792,48.5119968],[3.82115013,48.51198433],[3.82112006,48.51196654],[3.82109953,48.51195229],[3.82104389,48.51194458],[3.82101611,48.51198615],[3.82088773,48.51200233],[3.8208713,48.51199075],[3.82067238,48.51199842],[3.82064026,48.51202203],[3.82058744,48.5120215],[3.82054159,48.51203351],[3.82052136,48.51203815],[3.82053509,48.51205065],[3.82056258,48.51207655],[3.82054798,48.51209554],[3.82054974,48.51212162],[3.82045322,48.51218346],[3.82043325,48.51220519],[3.82044625,48.51225728],[3.82040885,48.51254992],[3.81927884,48.51241467],[3.81925495,48.51227179],[3.818643,48.51227601],[3.81863281,48.5122302],[3.81860835,48.51222497],[3.81857039,48.51222163],[3.81855073,48.51226315],[3.81839385,48.51227503],[3.81832237,48.51229351],[3.81819931,48.51230336],[3.81820244,48.51233032],[3.81816061,48.51233961],[3.81812696,48.51235243],[3.81807925,48.51233207],[3.81804258,48.51232513],[3.81799369,48.51231557],[3.81796003,48.51232749],[3.81791694,48.51234308],[3.81787618,48.51233437],[3.81783282,48.51233197],[3.81776369,48.51232705],[3.81774349,48.51233438],[3.81767887,48.51235822],[3.81765835,48.51234486],[3.81754738,48.51234833],[3.81749892,48.51236665],[3.81740429,48.5123763],[3.81736397,48.51239547],[3.81712042,48.51240704],[3.81706804,48.51243439],[3.81697207,48.51244494],[3.81690727,48.51245708],[3.81677184,48.51245532],[3.81671664,48.51247549],[3.81663433,48.51249405],[3.81635562,48.51250766],[3.81627496,48.51254509],[3.81618016,48.51254395],[3.81608285,48.51255541],[3.81598822,48.51256506],[3.81596128,48.51257424],[3.81590456,48.51258362],[3.81580946,48.51256359],[3.81578642,48.51256194],[3.81572046,48.51258669],[3.81561097,48.51259913],[3.81547013,48.5125974],[3.81548854,48.51256219],[3.81550029,48.51253422],[3.8155271,48.51251694],[3.81554035,48.51249796],[3.81548842,48.51246773],[3.81549085,48.51244972],[3.8155053,48.51242083],[3.81548761,48.51241556],[3.81546992,48.51240938],[3.8154845,48.51238949],[3.81547974,48.51234454],[3.81542507,48.51231163],[3.81545027,48.51227817],[3.81541083,48.51226674],[3.8153985,48.51225783],[3.81538347,48.51224894],[3.81539659,48.51222186],[3.81540414,48.51218492],[3.81540238,48.51215885],[3.81533927,48.5121053],[3.81535252,48.51208722],[3.81535088,48.51206834],[3.81525581,48.5120501],[3.81525679,48.5120258],[3.81524176,48.51201691],[3.81521575,48.51199909],[3.81518734,48.51200019],[3.81514643,48.51198158],[3.81507861,48.51197394],[3.81502432,48.51196532],[3.81495283,48.5119829],[3.81491997,48.51195974],[3.81488742,48.51195636],[3.8148102,48.51195329],[3.81475635,48.51197345],[3.81466804,48.51195427],[3.81459936,48.51197813],[3.81456513,48.51195407],[3.8145283,48.51193633],[3.8144893,48.51195369],[3.81441808,48.51198837],[3.81430184,48.51200176],[3.81414746,48.51200012],[3.81409215,48.51201309],[3.81397045,48.51202382],[3.81387859,48.51203705],[3.81385796,48.5120165],[3.81384283,48.51200131],[3.81375237,48.51201812],[3.81371952,48.51199495],[3.81367801,48.51202492],[3.813578,48.5120373],[3.81355108,48.51204739],[3.81350519,48.5120567],[3.81345881,48.51203452],[3.81348534,48.51199926],[3.81346851,48.51196159],[3.81349362,48.51192183],[3.81346901,48.5119067],[3.81345256,48.51189332],[3.8134884,48.5118472],[3.81345013,48.51182407],[3.81343602,48.51178728],[3.81340881,48.51177937],[3.81332689,48.51173495],[3.81329287,48.51172439],[3.81321439,48.51172762],[3.81322088,48.51179685],[3.81324925,48.51188032],[3.81323599,48.5118984],[3.81324428,48.51199641],[3.81332024,48.51200488],[3.81333406,48.51202278],[3.81334923,48.51204067],[3.81334842,48.51207576],[3.81339639,48.51211322],[3.8134183,48.51212926],[3.81341744,48.51216075],[3.81339584,48.5121654],[3.81332973,48.51218025],[3.81329919,48.51221914],[3.81338197,48.51223117],[3.81338649,48.51226082],[3.81342338,48.51228216],[3.8134357,48.51229108],[3.81351842,48.51229861],[3.81354566,48.51230921],[3.81350432,48.51234998],[3.81349099,48.51236357],[3.8134941,48.51238963],[3.81347685,48.51241224],[3.81350721,48.51244892],[3.81352238,48.51246681],[3.81353664,48.51251349],[3.81349121,48.51255249],[3.8134471,48.51258967],[3.81335095,48.51258853],[3.81328249,48.51262679],[3.81324186,48.51262616],[3.81321558,48.51259036],[3.81317986,48.51255732],[3.81315397,48.5125467],[3.81312079,48.51259011],[3.81317566,48.51263561],[3.81319086,48.5126553],[3.81321683,48.51267132],[3.81325937,48.51270791],[3.81334371,48.51273252],[3.8134191,48.51270502],[3.81348279,48.51270818],[3.81350197,48.51272244],[3.8135576,48.51273016],[3.81359046,48.51275333],[3.81365878,48.51279334],[3.81368072,48.51281118],[3.81365673,48.5129229],[3.81337737,48.51306965],[3.8129494,48.51315085],[3.81288535,48.5131243],[3.81281362,48.51312659],[3.81274985,48.51311803],[3.81265505,48.51311688],[3.81249943,48.51312334],[3.81235045,48.51312076],[3.81228796,48.51310769],[3.81224176,48.51309721],[3.81215905,48.51308968],[3.81211965,48.51308096],[3.81209932,48.51308019],[3.81211774,48.51304498],[3.8121307,48.51300801],[3.81210336,48.5129911],[3.81210403,48.51294702],[3.81207398,48.51293013],[3.81206,48.51290144],[3.81203539,48.51288631],[3.81196753,48.51287598],[3.81195198,48.51292107],[3.81193872,48.51293915],[3.81193052,48.51310924],[3.81193233,48.51313891],[3.81207082,48.51316316],[3.81211872,48.51319611],[3.81222311,48.5132044],[3.81225881,48.51323654],[3.81222951,48.51326823],[3.81210429,48.5132259],[3.81192948,48.5132172],[3.81188568,48.51318691],[3.81185562,48.51316912],[3.81181932,48.51301104],[3.81184587,48.51297667],[3.81185365,48.51295413],[3.81185474,48.51293702],[3.81183014,48.5129228],[3.81181507,48.51282394],[3.81175061,48.51277041],[3.81179096,48.51275304],[3.81181518,48.51274298],[3.81186718,48.51277861],[3.81197394,48.51276528],[3.81194607,48.51271419],[3.81196863,48.51268435],[3.8119156,48.51267032],[3.81186174,48.51268958],[3.81179674,48.51268912],[3.81176186,48.51271005],[3.81168089,48.5127277],[3.81162791,48.51271637],[3.81159396,48.5127103],[3.81152055,48.51269101],[3.81143936,48.51269426],[3.81142758,48.51272043],[3.81141974,48.51273938],[3.81138696,48.51272071],[3.81121121,48.5127381],[3.81112638,48.51276927],[3.81108185,48.51277857],[3.81103204,48.5127978],[3.81097397,48.51280719],[3.81092155,48.51283274],[3.81084058,48.51285039],[3.81070773,48.51292776],[3.81068079,48.51293694],[3.81058822,48.51299245],[3.81051931,48.51300192],[3.81044654,48.513024],[3.81044005,48.51321747],[3.81059587,48.5132245],[3.81065369,48.51319802],[3.81100177,48.51399272],[3.81102716,48.51405822],[3.81107886,48.51407406],[3.81109281,48.51410095],[3.81111076,48.51412332],[3.81108011,48.51415501],[3.81107493,48.51417034],[3.81110896,48.51418181],[3.81112305,48.5142177],[3.81114653,48.51424722],[3.81111167,48.51426995],[3.81111463,48.51428613],[3.81115272,48.51429756],[3.81116654,48.51431546],[3.81119815,48.51434583],[3.81115397,48.51437852],[3.81119927,48.51441779],[3.81125941,48.51445427],[3.81117066,48.51449446],[3.81117108,48.51452144],[3.81117162,48.51455652],[3.81120062,48.51459321],[3.811181,48.51463743],[3.81105377,48.51464099],[3.81101839,48.51462954],[3.81097267,48.51465054],[3.81084539,48.51465051],[3.81082417,48.51467945],[3.81081091,48.51469753],[3.81079518,48.51473092],[3.81075746,48.51474377],[3.81078644,48.51477866],[3.81076389,48.5148094],[3.81079397,48.51482809],[3.81082951,48.51484944],[3.81079895,48.51488743],[3.81080017,48.51496659],[3.81080037,48.51497918],[3.81086805,48.51497782],[3.81093428,48.51497017],[3.81095629,48.51499251],[3.8109689,48.51501942],[3.81101141,48.51505421],[3.81102389,48.51507302],[3.8111243,48.51508673],[3.8111174,48.51516594],[3.81113521,48.51517932],[3.81118835,48.51520054],[3.81120912,48.51523009],[3.81126623,48.51524589],[3.81128808,48.51525744],[3.81130224,48.51529783],[3.81137325,48.51533603],[3.81141342,48.51539423],[3.81144072,48.51540843],[3.81145853,48.51542181],[3.81150698,48.51540258],[3.81153287,48.51550047],[3.81161892,48.51554846],[3.81164245,48.51558159],[3.81169005,48.51559475],[3.81171384,48.51564497],[3.81174261,48.51566637],[3.81179284,48.51567502],[3.81181068,48.51569019],[3.81209217,48.51567927],[3.8120756,48.51548417],[3.81205524,48.51548071],[3.8120371,48.51544574],[3.81200975,48.51542884],[3.81200922,48.51539466],[3.81195286,48.51534016],[3.8119255,48.51532236],[3.81189649,48.51528477],[3.81185548,48.51525986],[3.81182798,48.51523306],[3.81181295,48.51522417],[3.81174661,48.51513736],[3.81172336,48.51512222],[3.81167551,48.51509286],[3.81164235,48.51504991],[3.81149607,48.51496004],[3.81148516,48.51478019],[3.81142653,48.5147536],[3.81139139,48.51458291],[3.81130076,48.51432624],[3.81147265,48.51414604],[3.81151346,48.51415835],[3.81153932,48.51416717],[3.81157852,48.51416241],[3.81164198,48.51415118],[3.81170108,48.51412019],[3.81175645,48.51411081],[3.81179542,48.51409165],[3.81187514,48.51408031],[3.81191496,48.51402876],[3.81191577,48.51399367],[3.81190042,48.51396409],[3.81188265,48.51395342],[3.8118553,48.51393561],[3.81187117,48.51391121],[3.81188578,48.51389312],[3.81184341,48.51386732],[3.81185679,48.51385733],[3.81189565,48.51383098],[3.81193275,48.51377855],[3.81197561,48.51374767],[3.81199438,48.51373584],[3.81201539,48.51369342],[3.81203243,48.51365731],[3.81200922,48.51355761],[3.81194245,48.51353018],[3.8119624,48.51350665],[3.81211903,48.5134786],[3.81227163,48.51345236],[3.81240127,48.51342989],[3.81282528,48.51335502],[3.8129009,48.5133419],[3.8130172,48.51341938],[3.81310277,48.51343678],[3.81313148,48.51345458],[3.81310764,48.51348893],[3.81307793,48.51349363],[3.81302391,48.513503],[3.8130377,48.5135191],[3.81308389,48.51352868],[3.81307499,48.51356652],[3.81304016,48.51359015],[3.81305947,48.51361341],[3.8130965,48.51364374],[3.81306032,48.51366828],[3.81304289,48.51367919],[3.81304327,48.51370348],[3.81304361,48.51372597],[3.8130443,48.51377005],[3.81305805,48.51378345],[3.81307591,48.51380042],[3.81306279,48.5138275],[3.81305909,48.51385091],[3.81308902,48.5138597],[3.81308808,48.5138867],[3.81310325,48.51390459],[3.81308357,48.51394521],[3.81310544,48.51395855],[3.81308707,48.51399646],[3.81310642,48.51402152],[3.81308388,48.51405226],[3.81308129,48.51414764],[3.81318815,48.51414061],[3.81324496,48.51413662],[3.81335029,48.51411791],[3.81335329,48.51413678],[3.81341419,48.51413456],[3.81343673,48.51410382],[3.81345827,48.51400831],[3.8134764,48.51395511],[3.81348014,48.5139344],[3.8134649,48.51391201],[3.81342,48.51389792],[3.8133924,48.51386482],[3.81341229,48.5138377],[3.81342638,48.51378542],[3.81351414,48.51376953],[3.8135568,48.51372606],[3.81351853,48.51370293],[3.81350348,48.51369313],[3.81350294,48.51365805],[3.81347395,48.51362227],[3.81348733,48.51361228],[3.81351415,48.513595],[3.81349895,48.51357531],[3.8134716,48.51355841],[3.81347254,48.51353141],[3.81344383,48.51351362],[3.81344464,48.51347853],[3.81342961,48.51346963],[3.81342891,48.51342466],[3.8134002,48.51340686],[3.81342009,48.51337973],[3.81343996,48.51335171],[3.81347867,48.51331546],[3.81350357,48.51326221],[3.81357083,48.51323386],[3.8141613,48.51297882],[3.81536178,48.51276997],[3.815326,48.51290696],[3.81542887,48.51290446],[3.81547165,48.51295634],[3.81549444,48.51302906],[3.81554711,48.51310696],[3.81561337,48.51318838],[3.81562913,48.51324404],[3.81565662,48.51327084],[3.81567058,48.51329774],[3.81568439,48.51331474],[3.81570027,48.5133785],[3.8157279,48.5134134],[3.81578534,48.51353715],[3.8158283,48.51360073],[3.81585482,48.51365183],[3.8158783,48.51368135],[3.81590594,48.51371715],[3.81592845,48.51377187],[3.81596987,48.51382287],[3.81597151,48.51384175],[3.81594445,48.51384283],[3.81589683,48.51382787],[3.81584996,48.51386147],[3.81582166,48.51387066],[3.81576409,48.51391244],[3.8157016,48.51389938],[3.81564495,48.51391326],[3.81558642,48.51389387],[3.81554449,48.51389686],[3.81546884,48.51390817],[3.81533649,48.51393067],[3.81529738,48.51394083],[3.81522847,48.5139503],[3.81516266,48.51398494],[3.81508161,48.51399719],[3.81498698,48.51400684],[3.81494651,48.51401701],[3.81486406,48.51402657],[3.81478583,48.514046],[3.81474535,48.51405527],[3.81474724,48.51408945],[3.81466482,48.51410081],[3.81462435,48.51411098],[3.81448526,48.51413533],[3.81443687,48.51415815],[3.81438285,48.51416751],[3.81435591,48.5141767],[3.81429655,48.5141906],[3.81427511,48.51420514],[3.81423092,48.51423693],[3.81418185,48.51421567],[3.81415326,48.51420597],[3.81412592,48.51418907],[3.81401746,48.51418081],[3.81396567,48.51415868],[3.81394992,48.51419117],[3.81395154,48.51420825],[3.81392633,48.51424171],[3.81400388,48.51426547],[3.81397207,48.51430977],[3.81400969,48.51437789],[3.81402366,48.51440568],[3.81403883,48.51442357],[3.81405266,48.51444236],[3.81410323,48.5144726],[3.81412582,48.51453183],[3.81424745,48.51469113],[3.81431443,48.51473205],[3.81437339,48.51477933],[3.81442768,48.51478705],[3.81442796,48.51480504],[3.81442823,48.51482303],[3.81442772,48.51487701],[3.81449865,48.51491071],[3.8144991,48.5149395],[3.81452396,48.51497082],[3.81450008,48.51500247],[3.81452879,48.51502026],[3.81454261,48.51503816],[3.81460232,48.51504675],[3.81463942,48.51508158],[3.81466708,48.51511827],[3.8147081,48.51514408],[3.81470838,48.51516207],[3.81472218,48.51517907],[3.814736,48.51519697],[3.81484693,48.51527717],[3.81484876,48.51530775],[3.81484775,48.51533025],[3.81487647,48.51534804],[3.81490381,48.51536495],[3.81491766,48.51538464],[3.81497235,48.51541846],[3.81494457,48.51546093],[3.81487722,48.51548388],[3.81481428,48.51552929],[3.81471965,48.51553894],[3.81467931,48.51555721],[3.81463082,48.51557373],[3.81455073,48.51564805],[3.8145062,48.51565825],[3.81447927,48.51566833],[3.81445098,48.51567752],[3.81441349,48.51570477],[3.81430397,48.51571542],[3.81426499,48.51573368],[3.81413653,48.51574535],[3.81410601,48.51578604],[3.81412642,48.5157922],[3.81417133,48.51580629],[3.81412579,48.51583899],[3.81410033,48.51585625],[3.8141237,48.51587858],[3.81414568,48.51589913],[3.81412184,48.51593347],[3.81413579,48.51595947],[3.81415319,48.51603402],[3.81419284,48.51605804],[3.81421097,48.5160921],[3.81430062,48.51611038],[3.81433069,48.51612816],[3.81437721,48.51615933],[3.8144278,48.51619047],[3.81446789,48.51624327],[3.81451056,48.51628796],[3.81453352,48.51637147],[3.81458162,48.51641702],[3.81456859,48.5164495],[3.81455531,48.51646668],[3.81453571,48.5165127],[3.81450308,48.51650393],[3.81446627,48.51648798],[3.81444582,48.51647913],[3.81442976,48.51649093],[3.81440966,48.51650457],[3.81430163,48.5165242],[3.81428688,48.5165333],[3.81426171,48.51656945],[3.81421054,48.5165878],[3.81407841,48.51662469],[3.81396533,48.51666774],[3.81353556,48.51672196],[3.81346184,48.51677105],[3.81343028,48.51683154],[3.81335331,48.51684556],[3.81335493,48.51686264],[3.81336343,48.51688687],[3.8133869,48.5169155],[3.813344,48.51694368],[3.81329827,48.51696379],[3.81332707,48.51698698],[3.81335304,48.517003],[3.8133548,48.51702907],[3.8133283,48.51706614],[3.81327982,48.51708357],[3.81323286,48.51702451],[3.81319382,48.51695191],[3.81311944,48.51687055],[3.8130921,48.51685455],[3.81307664,48.51681777],[3.81303835,48.51679374],[3.81300107,48.51674721],[3.81297897,48.51671948],[3.81295164,48.51670347],[3.81292906,48.51664425],[3.81289623,48.51662288],[3.81285794,48.51659885],[3.81279858,48.51652549],[3.81276956,48.5164879],[3.81272855,48.516463],[3.81270884,48.51641455],[3.81267055,48.51639052],[3.81261665,48.51631982],[3.81258793,48.51630202],[3.81251057,48.51620269],[3.81247619,48.51616874],[3.81244884,48.51615184],[3.81243475,48.51611595],[3.81241971,48.51610705],[3.81237963,48.51605425],[3.81231165,48.51603672],[3.81226137,48.51602537],[3.81204331,48.51602236],[3.81203134,48.51603594],[3.81205314,48.51604479],[3.81204144,48.51607635],[3.81200095,48.51608473],[3.8119566,48.51610662],[3.81190674,48.51612226],[3.81185035,48.51615323],[3.81180049,48.51616886],[3.81177639,48.51618702],[3.81170254,48.51622711],[3.81164049,48.51624282],[3.81158651,48.51625489],[3.81152098,48.51630751],[3.81146001,48.51630523],[3.81141158,48.51632625],[3.81137261,48.51634541],[3.81125634,48.516357],[3.81117826,48.51638722],[3.81106204,48.51640241],[3.81102293,48.51641257],[3.81090804,48.51642595],[3.81073516,48.51645502],[3.81073734,48.51659625],[3.81077171,48.5166293],[3.81085334,48.51674209],[3.81086303,48.51675552],[3.81097786,48.51691307],[3.81102074,48.51697126],[3.81160874,48.51777871],[3.81165993,48.51784943],[3.81196183,48.51810646],[3.8118705,48.51815566],[3.81189936,48.51818245],[3.81189855,48.51821754],[3.81190026,48.51824092],[3.81203668,48.51830566],[3.81203692,48.51832095],[3.81194233,48.5183342],[3.81186599,48.51838869],[3.8118295,48.51839344],[3.81178219,48.51839916],[3.81175539,48.51841734],[3.81167229,48.51847278],[3.81160729,48.51847323],[3.81157966,48.51843743],[3.81156844,48.51850048],[3.8115552,48.51851946],[3.81149593,48.51853966],[3.81140216,48.51860597],[3.8113673,48.5186287],[3.81133024,48.51868383],[3.81130357,48.518711],[3.81129033,48.51872998],[3.81121527,48.51877998],[3.81115724,48.51879297],[3.81110616,48.51881761],[3.81109026,48.5188402],[3.81112031,48.51885709],[3.81121053,48.51882409],[3.81129426,48.51880912],[3.81133579,48.51878005],[3.81139672,48.51869237],[3.81151982,48.51859617],[3.81158515,48.51861732],[3.81159799,48.51857225],[3.81163284,48.51854862],[3.81169761,48.51853378],[3.8117389,48.51848942],[3.81177275,48.51848919],[3.81182391,48.51855721],[3.81193759,48.5186401],[3.81195277,48.51865889],[3.81199378,48.5186838],[3.81201021,48.51869538],[3.81206149,48.51868334],[3.81209023,48.51870293],[3.81211648,48.51873694],[3.81218636,48.51878954],[3.81220032,48.51881643],[3.81223298,48.518827],[3.81236051,48.51892959],[3.81241086,48.51894544],[3.81243434,48.51897497],[3.81246184,48.51900177],[3.81247567,48.51902056],[3.8124395,48.519046],[3.81249167,48.51909152],[3.81250685,48.51911031],[3.8125547,48.51913967],[3.81257522,48.51915303],[3.8125889,48.51916193],[3.8126041,48.51918162],[3.81265332,48.51921187],[3.81267306,48.51926211],[3.81274826,48.51930838],[3.81276878,48.51932173],[3.8128204,48.51933218],[3.81259276,48.51949836],[3.81238396,48.51956906],[3.81228198,48.51963003],[3.8122064,48.51964674],[3.81212988,48.51968955],[3.81205424,48.51970266],[3.81198299,48.51973643],[3.81194925,48.51974386],[3.81192632,48.51974942],[3.81186049,48.51978315],[3.81173996,48.51978308],[3.81172685,48.51981105],[3.81171359,48.51982914],[3.81165766,48.51989069],[3.81162306,48.51992961],[3.8115937,48.5199577],[3.81153039,48.51997972],[3.81151628,48.5200302],[3.81143908,48.52002983],[3.81137157,48.52004288],[3.81134283,48.52002329],[3.81132232,48.52001083],[3.81127654,48.52002734],[3.81126037,48.52003285],[3.81119402,48.5200333],[3.81113894,48.52006156],[3.81109724,48.52007984],[3.81097807,48.52007975],[3.81086558,48.52016149],[3.81080495,48.52018169],[3.81075122,48.52020995],[3.81070676,48.52022465],[3.81062572,48.52023869],[3.81052337,48.52027538],[3.810468,48.52028565],[3.81042901,48.52030391],[3.81037363,48.52031328],[3.81033466,48.52033244],[3.81030771,48.52034162],[3.81024341,48.52038704],[3.81011899,48.52039778],[3.81008014,48.52042504],[3.81002612,48.5204344],[3.80996317,48.52047981],[3.80993218,48.52048992],[3.8099051,48.5204901],[3.80983931,48.52052744],[3.80979883,48.52053671],[3.80978571,48.52056379],[3.80977244,48.52058187],[3.80976054,48.52059994],[3.80973088,48.52060914],[3.80963036,48.52058913],[3.80960245,48.52062351],[3.80958466,48.52061104],[3.80956421,48.52060218],[3.80954512,48.52059421],[3.80953855,48.52060685],[3.80950426,48.52066646],[3.80947732,48.52067564],[3.80943833,48.5206939],[3.80939784,48.52070317],[3.80938459,48.52072215],[3.80930213,48.52073171],[3.8092693,48.52071034],[3.80916997,48.5207677],[3.80915143,48.52079481],[3.8091015,48.52080595],[3.80905497,48.52077478],[3.80903311,48.52076233],[3.80901238,48.52073548],[3.80894199,48.52073686],[3.80892368,48.5206911],[3.80890852,48.52067411],[3.80889468,48.52065532],[3.80886733,48.52063751],[3.80881898,48.52057577],[3.80877618,48.52052298],[3.80873549,48.52051876],[3.80876214,48.52049069],[3.80874975,48.52047728],[3.80869515,48.52044976],[3.80861606,48.52032615],[3.80856725,48.52032288],[3.80856,48.52029145],[3.8085057,48.52028282],[3.80853222,48.52024665],[3.80852227,48.52021614],[3.80851664,48.52020178],[3.80847561,48.52017597],[3.80846164,48.52014818],[3.80844389,48.5201384],[3.80837753,48.52005069],[3.80836385,48.52004179],[3.80834252,48.51997536],[3.80830011,48.51994776],[3.80826593,48.5199264],[3.80825225,48.5199175],[3.80820999,48.51989979],[3.80819082,48.51979826],[3.80809853,48.5197845],[3.8080862,48.51977559],[3.80807117,48.51976669],[3.80809917,48.51973861],[3.80811118,48.51972684],[3.80809453,48.51970086],[3.80806992,48.51968573],[3.80805305,48.51964537],[3.80801359,48.51963304],[3.80799529,48.51958818],[3.80795873,48.51958843],[3.80791812,48.51958961],[3.80790424,48.51956721],[3.80742021,48.51882561],[3.80739509,48.5187772],[3.80734092,48.51877757],[3.80724815,48.51882048],[3.80715222,48.51883463],[3.80709574,48.5188602],[3.80701738,48.51887243],[3.80695789,48.51887823],[3.80684962,48.5187944],[3.80599127,48.51748587],[3.80539179,48.5163654],[3.80538204,48.51634747],[3.80528588,48.51625816],[3.80522955,48.51620547],[3.80504026,48.51622384],[3.80490909,48.51623553],[3.80487714,48.51618356],[3.80479032,48.51617336],[3.80483069,48.51615689],[3.80485089,48.51614956],[3.80488322,48.51613854],[3.80486913,48.51610265],[3.80485545,48.51609375],[3.80484957,48.5160632],[3.80481949,48.51604451],[3.80483787,48.5160066],[3.80484163,48.51598679],[3.80482523,48.515977],[3.80481155,48.5159681],[3.80478421,48.51595119],[3.80479978,48.515907],[3.80474092,48.51586602],[3.80474058,48.51584353],[3.80470777,48.51582306],[3.80472896,48.51579233],[3.80477881,48.5157758],[3.80478981,48.51569836],[3.80481953,48.51560549],[3.80481501,48.51557584],[3.80476753,48.51539353],[3.80474146,48.51528306],[3.80466947,48.51526825],[3.80464598,48.51523782],[3.80460102,48.51522013],[3.80461814,48.51518853],[3.80464662,48.51519104],[3.80470898,48.51519601],[3.80473498,48.51521383],[3.80477766,48.51517126],[3.8048013,48.51512342],[3.80481292,48.51508645],[3.80483932,48.51504219],[3.80486292,48.51499165],[3.80490402,48.5149347],[3.80491684,48.51488783],[3.80493091,48.51483376],[3.80497971,48.51474886],[3.80497935,48.51472548],[3.80497907,48.51470748],[3.8050407,48.51466478],[3.80500343,48.51461826],[3.80503019,48.51459738],[3.80515883,48.51459741],[3.8051886,48.51459631],[3.80527404,48.51460473],[3.8053067,48.5146153],[3.80532712,48.51462236],[3.80537441,48.51461574],[3.80539601,48.514612],[3.80543642,48.51459823],[3.80576938,48.51458878],[3.80585482,48.51459719],[3.8057335,48.51401596],[3.80572764,48.51398721],[3.80569851,48.51385336],[3.805684,48.51379048],[3.80567032,48.51378158],[3.80566978,48.5137465],[3.80564101,48.5137242],[3.80564164,48.51367742],[3.80562614,48.51363794],[3.80560427,48.51362459],[3.80564315,48.51359914],[3.80563457,48.51356951],[3.80562921,48.51348498],[3.80562196,48.51345354],[3.80532689,48.51346094],[3.80526255,48.51350366],[3.8052304,48.51352637],[3.80513577,48.51353601],[3.8050953,48.51354618],[3.80498713,48.51355591],[3.80494134,48.51357241],[3.80478448,48.51358607],[3.80471445,48.51361083],[3.80457934,48.51362974],[3.80454298,48.51364258],[3.80440774,48.51365339],[3.80430376,48.51367209],[3.80408179,48.51367809],[3.80401523,48.51366414],[3.80399078,48.51365891],[3.80393945,48.51366735],[3.80388152,48.51368664],[3.8037869,48.51369717],[3.80375723,48.51370457],[3.80377728,48.51386457],[3.80379657,48.51388603],[3.80390621,48.51388349],[3.8039283,48.51391123],[3.80394211,48.51392913],[3.80395592,48.51394703],[3.80397002,48.51398292],[3.80399912,48.5140268],[3.80401321,48.51406269],[3.80405948,48.51407767],[3.80409677,48.5141251],[3.80412425,48.514151],[3.80414273,48.51420846],[3.80420698,48.5142485],[3.80425127,48.51431118],[3.80426538,48.51434797],[3.8043079,48.51438366],[3.80433693,48.51442215],[3.80441798,48.51449807],[3.8044318,48.51451597],[3.80447569,48.51455256],[3.80451577,48.51460537],[3.80460109,48.51469475],[3.80460027,48.51472984],[3.80460218,48.51476581],[3.80457404,48.5147849],[3.80457738,48.51482626],[3.80454798,48.51485165],[3.80452127,48.51487612],[3.80452493,48.51493817],[3.80449799,48.51494734],[3.80447254,48.51496551],[3.80444573,48.51498278],[3.80441907,48.51501085],[3.80440567,48.51501994],[3.80438862,48.51505604],[3.80424407,48.51507771],[3.80421859,48.51509408],[3.80417203,48.51514837],[3.80411126,48.51515868],[3.80405887,48.51518602],[3.80400351,48.51519629],[3.80394288,48.51521649],[3.80385382,48.51523689],[3.80377326,48.51528151],[3.80374766,48.51528978],[3.80370078,48.51532338],[3.8036292,48.51533556],[3.80360362,48.51534473],[3.80350769,48.51535888],[3.80349153,48.51536438],[3.80336224,48.51541024],[3.80326764,48.51542257],[3.80318708,48.5154672],[3.80303882,48.51551228],[3.80303911,48.51553117],[3.80304092,48.51556085],[3.8030425,48.51557613],[3.8030019,48.51557731],[3.80295563,48.51556232],[3.80285204,48.51560621],[3.80276418,48.5156167],[3.80267004,48.51565871],[3.80260959,48.51569061],[3.80255705,48.51570806],[3.80249127,48.51574539],[3.80242129,48.51577375],[3.80234897,48.51582641],[3.802318,48.51583742],[3.80223851,48.51586404],[3.80222921,48.5158758],[3.80222405,48.51589203],[3.80226506,48.51591784],[3.80225317,48.51593682],[3.8022399,48.5159549],[3.80222422,48.51599189],[3.80217303,48.51600933],[3.80218835,48.51603711],[3.80221706,48.51605491],[3.80224303,48.51607093],[3.80224495,48.5161078],[3.80219645,48.51612432],[3.80212659,48.51607171],[3.80209234,48.51604586],[3.80203956,48.51604801],[3.80201221,48.5160302],[3.80198512,48.51602949],[3.80191664,48.51606773],[3.80189104,48.516076],[3.80186961,48.51609144],[3.80178505,48.51614059],[3.80174457,48.51614986],[3.80166403,48.51619628],[3.80159117,48.51621297],[3.80150899,48.51624051],[3.80147011,48.51626596],[3.80143794,48.51628777],[3.80142335,48.51630766],[3.80138448,48.51633401],[3.80141334,48.51636171],[3.80143933,48.51637862],[3.80146011,48.51640907],[3.80148199,48.51642332],[3.80149594,48.51645021],[3.80150974,48.51646721],[3.80152369,48.51649411],[3.80157042,48.51653877],[3.80159414,48.51658449],[3.80162148,48.5166014],[3.80164471,48.51661564],[3.80171665,48.51662685],[3.80173991,48.51664199],[3.80183627,48.51665663],[3.80190973,48.51667863],[3.80196172,48.51671336],[3.80199029,48.51672216],[3.80202441,48.51673993],[3.80208533,48.51673862],[3.8021127,48.51675732],[3.802166,48.51678935],[3.80218256,48.51680993],[3.80221019,48.51684573],[3.80227015,48.51687051],[3.80229387,48.51691623],[3.80233477,48.51693395],[3.80234858,48.51695185],[3.80236652,48.51697332],[3.80234941,48.51700582],[3.80240134,48.51703696],[3.80242107,48.5170872],[3.80248258,48.51712457],[3.80244374,48.51715272],[3.80234844,48.51720824],[3.80228907,48.51722214],[3.80219859,48.51723804],[3.80214651,48.51728607],[3.80210237,48.51741052],[3.8021286,48.51744273],[3.80206602,48.51751242],[3.80205438,48.51754849],[3.80204112,48.51756657],[3.80202963,48.51761253],[3.80201258,48.51764863],[3.80204547,48.5176745],[3.80184661,48.51768753],[3.80188103,48.51772418],[3.80178975,48.51777698],[3.80166043,48.51782103],[3.80168804,48.51785593],[3.80161647,48.51786901],[3.80156245,48.51787837],[3.80152347,48.51789753],[3.80149518,48.51790671],[3.80144278,48.51793405],[3.80137936,48.51794888],[3.80132336,48.51800593],[3.80131026,48.51803481],[3.80128533,48.51808715],[3.80123735,48.51813786],[3.80114091,48.51820688],[3.80109909,48.51821705],[3.80095153,48.51830891],[3.80086382,48.51832929],[3.8007279,48.51838509],[3.80055228,48.51850142],[3.80053903,48.5185204],[3.80048569,48.51857474],[3.80046798,48.51865672],[3.80039986,48.51871836],[3.80037627,48.5187698],[3.80020996,48.51887527],[3.80016012,48.5188927],[3.80009015,48.51892196],[3.80004967,48.51893123],[3.80002272,48.51894041],[3.79996871,48.51895067],[3.79992837,48.51896893],[3.79982018,48.51897865],[3.79976752,48.5189889],[3.79960388,48.5190026],[3.79953776,48.51901834],[3.79945667,48.51902878],[3.79942973,48.51903796],[3.79938924,48.51904723],[3.7993623,48.5190564],[3.79930976,48.51907475],[3.79927377,48.51911187],[3.79925674,48.51914977],[3.79922355,48.51919318],[3.799247,48.51922181],[3.7991384,48.51929271],[3.79911323,48.51932976],[3.79908934,48.51936141],[3.79908942,48.51945587],[3.79909113,48.51947925],[3.79904525,48.51957852],[3.79897274,48.51961949],[3.79890116,48.51963166],[3.79887837,48.51964711],[3.79886497,48.5196562],[3.79881108,48.51967455],[3.79873297,48.51970296],[3.79869236,48.51970414],[3.79863794,48.51968741],[3.79858736,48.51965626],[3.79853934,48.5196152],[3.79851978,48.51948669],[3.79843913,48.51943775],[3.79841938,48.51938571],[3.798384,48.51937425],[3.79835544,48.51936634],[3.79838344,48.51933737],[3.79839545,48.51932559],[3.79837881,48.51930051],[3.79835421,48.51928539],[3.79833875,48.5192486],[3.79831141,48.5192317],[3.79831222,48.5191957],[3.79829719,48.51918681],[3.79829678,48.51915982],[3.79829494,48.51912835],[3.79829489,48.51903569],[3.79827299,48.51902054],[3.79823745,48.51899919],[3.7982209,48.51889045],[3.79819356,48.51887354],[3.79817934,48.51882865],[3.79815338,48.51881353],[3.79814778,48.51871281],[3.7981609,48.51868483],[3.79818381,48.51867748],[3.79821479,48.51866648],[3.79819878,48.51859372],[3.79817828,48.51858126],[3.79818472,48.51855963],[3.79819799,48.51854155],[3.79818009,48.51843281],[3.79815422,48.51842399],[3.79817641,48.51836896],[3.79816518,48.51834295],[3.79813784,48.51832604],[3.79817414,48.5183087],[3.79821723,48.51829312],[3.79820347,48.51827882],[3.79817613,48.51826191],[3.79814544,48.51820274],[3.79804911,48.51801267],[3.79803956,48.51791917],[3.79800536,48.51789601],[3.79792387,48.51761317],[3.79787099,48.51743091],[3.79820347,48.51730003],[3.79826732,48.51731309],[3.79828456,48.51728959],[3.79829756,48.51725351],[3.79837866,48.51724397],[3.79842982,48.51722474],[3.79845994,48.51724613],[3.79845935,48.51729651],[3.79850517,48.51728181],[3.79859259,48.51724254],[3.79863426,48.51722246],[3.79872475,48.51720656],[3.79876627,48.5171766],[3.79879591,48.5171665],[3.79890125,48.5171478],[3.79896987,48.51711945],[3.79901156,48.51710028],[3.79907791,48.51709983],[3.79910068,48.51708349],[3.79910715,48.51688642],[3.79905297,48.51688499],[3.79901804,48.51690322],[3.79896488,48.51688018],[3.79890393,48.51687969],[3.79886091,48.51689977],[3.7988308,48.51687929],[3.7987482,48.51687894],[3.79872005,48.51689802],[3.79867183,48.51693253],[3.79857248,48.51689991],[3.79850329,48.51689138],[3.79844872,48.51686476],[3.79841335,48.5168542],[3.79839267,48.51683005],[3.79839363,48.51680396],[3.79837845,48.51678517],[3.79835111,48.51676826],[3.79833017,48.51672701],[3.79823051,48.51667371],[3.798179,48.51667045],[3.79805308,48.5166713],[3.79802344,48.51668139],[3.79799651,48.51669147],[3.79796778,48.51667187],[3.79784731,48.51667538],[3.79784833,48.51665288],[3.79775099,48.51657437],[3.79764189,48.51652382],[3.7976232,48.51645198],[3.7975849,48.51642704],[3.79750585,48.51639339],[3.79748754,48.51634673],[3.79745869,48.51631994],[3.79744488,48.51630204],[3.79740412,48.51629331],[3.79737664,48.51626651],[3.79736297,48.5162585],[3.79734712,48.51619564],[3.79731978,48.51617873],[3.79736011,48.51615956],[3.79738706,48.51615039],[3.79744751,48.51611849],[3.79747349,48.51613541],[3.79750768,48.51615767],[3.79754406,48.51614574],[3.79755334,48.51613218],[3.79758118,48.51609331],[3.79764211,48.5160929],[3.79766756,48.51607474],[3.79772294,48.51606537],[3.79776042,48.51603723],[3.79780402,48.51605493],[3.79781952,48.51609441],[3.79786936,48.51607698],[3.79787588,48.51606074],[3.79788623,48.51602919],[3.79792587,48.51605321],[3.79795336,48.51608001],[3.79798057,48.51608883],[3.7979948,48.51613371],[3.79802712,48.5161218],[3.79819504,48.51612247],[3.79820666,48.51608551],[3.79821443,48.51606207],[3.79824944,48.51604924],[3.79833325,48.51603968],[3.79838414,48.51600245],[3.79843448,48.51601831],[3.7985313,48.51597358],[3.79858528,48.51596152],[3.79887758,48.51577153],[3.79893012,48.51575408],[3.79897153,48.51571692],[3.7989848,48.51569884],[3.79902209,48.51565811],[3.79900956,48.5156357],[3.79899042,48.51562323],[3.79903623,48.51560853],[3.79905632,48.515594],[3.79910191,48.51556401],[3.79911914,48.5155396],[3.79917965,48.51551221],[3.79927056,48.51543513],[3.79932714,48.51541585],[3.79934175,48.51539776],[3.79935367,48.51537969],[3.7993911,48.51534795],[3.7994205,48.51532257],[3.79939988,48.51530201],[3.79937117,48.51528421],[3.79939275,48.51527867],[3.79939763,48.51515449],[3.79927981,48.51515348],[3.79917011,48.51515242],[3.79912983,48.51517518],[3.79909563,48.51515202],[3.79906417,48.51513154],[3.79893849,48.51514768],[3.79891592,48.51517752],[3.79891795,48.51522159],[3.79889251,48.51524065],[3.79885083,48.51525982],[3.79879708,48.51528717],[3.79876475,48.51529819],[3.79866564,48.51536992],[3.79863721,48.51537011],[3.79851875,48.51550495],[3.79827304,48.51564245],[3.79801731,48.51574402],[3.79774557,48.51541659],[3.79772965,48.51543828],[3.79771905,48.51545365],[3.79765272,48.51545499],[3.79762947,48.51543986],[3.79755052,48.5154125],[3.79750778,48.51545147],[3.79748387,48.51548222],[3.79738318,48.51553867],[3.79735623,48.51554784],[3.7972769,48.51558436],[3.79725778,48.51557369],[3.79718982,48.51573518],[3.79683245,48.5159211],[3.79697478,48.51593095],[3.79696164,48.51595712],[3.79692123,48.51597089],[3.79688082,48.51598555],[3.79673204,48.51599645],[3.7966932,48.51602459],[3.79662684,48.51602414],[3.79658502,48.51603432],[3.79654467,48.51605258],[3.79651637,48.51606177],[3.79639315,48.51615075],[3.79635138,48.51616453],[3.7963194,48.51619893],[3.79629124,48.51621711],[3.7962658,48.51623617],[3.79623161,48.51621391],[3.79617146,48.51617653],[3.7961549,48.51615595],[3.79613695,48.51613268],[3.79610021,48.51612123],[3.7960629,48.516072],[3.79589886,48.51605871],[3.79587655,48.51601657],[3.79575906,48.51603715],[3.79577284,48.51605325],[3.79581365,48.51606557],[3.79579785,48.51609537],[3.7957746,48.51608023],[3.79575956,48.51607043],[3.79572031,48.5160716],[3.79567359,48.51602693],[3.79560049,48.51602832],[3.79550414,48.51601457],[3.79532274,48.51592852],[3.79532199,48.51587904],[3.79530148,48.51586569],[3.79528096,48.51585233],[3.79524021,48.51584361],[3.79522626,48.51581671],[3.79521124,48.51580871],[3.79519742,48.51578991],[3.79517008,48.515773],[3.79519396,48.51574046],[3.79509994,48.5157015],[3.79508558,48.51564762],[3.79505824,48.51563071],[3.79504428,48.51560292],[3.79501572,48.51559501],[3.79501653,48.51555902],[3.79499193,48.51554389],[3.79496047,48.51552341],[3.79494309,48.51553792],[3.79492189,48.51556865],[3.79489321,48.51555265],[3.7948791,48.51551496],[3.79476405,48.51551843],[3.79471652,48.51550885],[3.79471611,48.51548186],[3.79464263,48.51545806],[3.79461961,48.51545822],[3.79457908,48.51546479],[3.79454543,48.51547761],[3.7945114,48.51546614],[3.79448419,48.51545732],[3.79446981,48.51540254],[3.79446268,48.5153783],[3.79438389,48.51536173],[3.79434771,48.51538717],[3.7943205,48.51537835],[3.7942756,48.51536426],[3.79421788,48.51539793],[3.7941575,48.51543432],[3.79413179,48.51543539],[3.79411922,48.51541028],[3.79404987,48.51539096],[3.79400953,48.51540922],[3.79395422,48.51542308],[3.79394374,48.51544654],[3.79387482,48.515456],[3.79386332,48.51550106],[3.79384606,48.51552366],[3.79387226,48.51555497],[3.79384573,48.51559114],[3.79382581,48.51561736],[3.79384772,48.51563341],[3.79386141,48.51564321],[3.79390766,48.5156573],[3.79388095,48.51568176],[3.79377397,48.51568158],[3.79375938,48.51570147],[3.79376288,48.51575362],[3.79373619,48.51577989],[3.79372309,48.51580877],[3.79370208,48.51585209],[3.7937269,48.51588161],[3.79373029,48.51592657],[3.79376702,48.51593802],[3.79375384,48.5159615],[3.79373247,48.51598143],[3.79370308,48.51600772],[3.79373725,48.51602908],[3.79373612,48.51604348],[3.79367534,48.51605378],[3.79369089,48.51609686],[3.79372234,48.51611734],[3.79375106,48.51613604],[3.79377159,48.5161503],[3.79390424,48.51614671],[3.79395867,48.51616434],[3.79404398,48.51616467],[3.79404371,48.51614668],[3.79401636,48.51612887],[3.79405669,48.51610971],[3.79436686,48.51602577],[3.79453221,48.51630355],[3.79462134,48.51646669],[3.7947412,48.51660173],[3.794667,48.51670928],[3.79444152,48.51675307],[3.79435906,48.51676262],[3.79433226,48.51678079],[3.79427689,48.51679106],[3.79420821,48.5168158],[3.79419024,48.51679163],[3.79417644,48.51677463],[3.79415476,48.51677388],[3.79412932,48.51679294],[3.79407515,48.5167924],[3.794021,48.51679366],[3.79398391,48.51675883],[3.79396509,48.51676795],[3.79391687,48.51680246],[3.7939008,48.51681426],[3.79381142,48.51681396],[3.79379112,48.51681499],[3.79376376,48.51679628],[3.79370961,48.51679754],[3.79367388,48.5167627],[3.79338534,48.51675563],[3.79332205,48.51677854],[3.79316907,48.51749746],[3.79317475,48.51769444],[3.79408344,48.51778733],[3.79441457,48.51846074],[3.79455413,48.51936033],[3.79456913,48.51945649],[3.79383786,48.519635],[3.79379973,48.51979989],[3.79379719,48.5198107],[3.79382439,48.51981861],[3.79385039,48.51983643],[3.79395514,48.51986812],[3.79401379,48.51989562],[3.79403569,48.51991076],[3.79411034,48.51992196],[3.79415001,48.51994868],[3.79420443,48.51996541],[3.79424273,48.51999035],[3.7943857,48.52004157],[3.79447821,48.52006974],[3.79449189,48.52007864],[3.794534,48.52008736],[3.79456274,48.52010696],[3.79467021,48.52013953],[3.79470305,48.5201618],[3.79476554,48.52017487],[3.79479288,48.52019178],[3.79483364,48.52020051],[3.79485826,48.52021654],[3.79496987,48.52025357],[3.79505286,48.52027911],[3.79508021,48.52029692],[3.79512231,48.52030473],[3.79522492,48.52037332],[3.7953443,48.52038691],[3.7953812,48.52040916],[3.7954072,48.52042697],[3.79544783,48.5204276],[3.79546244,48.52040861],[3.79547028,48.52038967],[3.79547815,48.52037252],[3.79552823,48.52037129],[3.79557076,48.52040699],[3.79560376,48.52044005],[3.79566636,48.52046032],[3.7957235,48.52047793],[3.79576181,48.52050377],[3.79577685,48.52051266],[3.79580283,48.52052958],[3.79584496,48.5205392],[3.79592782,48.52055573],[3.79634327,48.52071488],[3.79654216,48.52079182],[3.79659663,48.52081214],[3.79655267,48.52086012],[3.79644203,48.52097601],[3.79641273,48.52100859],[3.79639454,48.52105909],[3.79636088,48.52107191],[3.79632316,48.52108476],[3.79626705,48.52113552],[3.79624174,48.52116357],[3.79620167,48.52119983],[3.79618914,48.52126648],[3.79605691,48.52138792],[3.79600221,48.52144226],[3.79600754,48.52152589],[3.79598083,48.52155036],[3.79595546,48.52157392],[3.79597363,48.52161158],[3.79600386,48.52164017],[3.79598617,48.52172395],[3.79597437,48.52174922],[3.79594678,48.52180518],[3.79597133,48.52181671],[3.79601497,48.52183711],[3.79597631,48.52187695],[3.79595908,48.52190226],[3.79588355,48.52192256],[3.79584605,48.5219498],[3.79581102,48.52196173],[3.79572528,48.52202347],[3.79568756,48.52203632],[3.79563011,48.52208798],[3.79560479,48.52211514],[3.79553656,48.52217048],[3.79550343,48.52221838],[3.79540028,48.52229284],[3.79536676,48.52231465],[3.79532551,48.52236351],[3.79523422,48.5224163],[3.79515045,48.52242855],[3.79494531,48.52256487],[3.79486526,48.52264457],[3.79484429,48.52269059],[3.79478052,48.52268292],[3.79472744,48.52266528],[3.79466806,48.52267917],[3.79460638,48.52272007],[3.79463266,48.52275588],[3.79483308,48.52275544],[3.79493998,48.52274932],[3.79506445,48.5227413],[3.79509453,48.52275999],[3.79509487,48.52278247],[3.79509667,48.52281215],[3.79507563,48.52285367],[3.79497569,48.52287143],[3.79497607,48.52289662],[3.79497776,48.5229191],[3.79500531,48.5229495],[3.79503295,48.5229862],[3.79508764,48.52302002],[3.79510295,48.52304781],[3.7951303,48.52306472],[3.79514286,48.52308982],[3.79517213,48.5231445],[3.7951635,48.5232894],[3.79513682,48.52331657],[3.79508364,48.5233817],[3.79505817,48.52339896],[3.79505862,48.52342864],[3.79500617,48.52345328],[3.79496406,48.52344457],[3.79490109,48.52348997],[3.79484451,48.52350924],[3.7947787,48.52354567],[3.79473822,48.52355583],[3.79471128,48.52356501],[3.7945882,48.52357573],[3.79450857,48.52359425],[3.79423655,48.52360687],[3.7941312,48.52362556],[3.79402991,48.52364423],[3.79405892,48.52368182],[3.79401043,48.52369924],[3.79398348,48.52370842],[3.79392051,48.52375382],[3.79387598,48.52376401],[3.79387964,48.52382696],[3.79382481,48.52387321],[3.79379035,48.52392292],[3.79373368,48.52393679],[3.79366652,48.52397322],[3.79363013,48.52398516],[3.79361291,48.52401046],[3.79350456,48.52401029],[3.79353102,48.52405869],[3.7934452,48.52411504],[3.79341467,48.52415573],[3.79341681,48.52420789],[3.79334792,48.52422004],[3.79333367,48.52426242],[3.79328969,48.5243095],[3.79319966,48.52435688],[3.79317651,48.52434804],[3.79314919,48.52433292],[3.79309566,48.52437556],[3.79305709,48.5244217],[3.79299019,48.52447612],[3.79295021,48.52451867],[3.79288431,48.5245497],[3.79285062,48.52456072],[3.79281728,48.52459513],[3.79277707,48.52462239],[3.7927791,48.52466735],[3.79272392,48.52469021],[3.79267277,48.52471124],[3.79267226,48.52476702],[3.79271041,48.52478206],[3.79275536,48.52479886],[3.79269916,48.52484421],[3.79265011,48.52482475],[3.79262901,48.52486267],[3.79254379,48.5249586],[3.79250236,48.52499576],[3.79250601,48.52505781],[3.79249572,48.52518382],[3.7925232,48.52520973],[3.79253703,48.52522853],[3.79259033,48.52526056],[3.79261104,48.52528651],[3.7925803,48.52531371],[3.79255358,48.52533817],[3.79256749,48.52536237],[3.7925933,48.5253676],[3.792649,48.52537892],[3.79265227,48.52541578],[3.79265165,48.52546437],[3.79269383,48.52547758],[3.79272922,48.52548904],[3.79284563,48.52557462],[3.79286915,48.52560685],[3.79292757,48.52561906],[3.79296313,48.52564221],[3.79304051,48.52565429],[3.79308952,48.52567106],[3.79315026,48.52565716],[3.79320425,48.5256451],[3.79323928,48.52563317],[3.79327976,48.52562301],[3.79334274,48.5255785],[3.7934155,48.52555373],[3.79353125,48.52550618],[3.7935457,48.52547639],[3.79357324,48.52541683],[3.79361232,48.52540398],[3.79362436,48.525394],[3.79366459,48.52536764],[3.79369112,48.52533058],[3.79373,48.52530423],[3.79374968,48.52526272],[3.79386139,48.52521609],[3.79387581,48.52518451],[3.79391589,48.52514826],[3.79395456,48.52510842],[3.79403877,48.52512405],[3.79406402,48.52509239],[3.79408086,48.5250419],[3.79414811,48.52501087],[3.79421053,48.52501854],[3.79425405,48.52503085],[3.79433067,48.52499255],[3.7943982,48.52498041],[3.79443322,48.52496758],[3.79447012,48.52498982],[3.79450707,48.52501476],[3.79453537,48.52500558],[3.79456486,48.52498559],[3.79461865,48.52496004],[3.79470935,48.52495764],[3.79477639,48.52500217],[3.79484559,48.5250107],[3.79487281,48.52501952],[3.79497044,48.52502696],[3.79505074,48.52505341],[3.79509149,48.52506123],[3.79510517,48.52507014],[3.7951839,48.52508221],[3.79528052,48.52511215],[3.79533809,48.52515764],[3.79537926,48.52519335],[3.79539293,48.52520136],[3.79542028,48.52521917],[3.79556396,48.5252272],[3.79562395,48.52525289],[3.79566742,48.52526159],[3.79574677,48.52531414],[3.79582142,48.52532534],[3.79584469,48.52534137],[3.7959481,48.52537307],[3.79633046,48.52558012],[3.79634722,48.52561329],[3.79635837,48.52563391],[3.79638163,48.52564995],[3.79655615,48.52563708],[3.79659511,48.52561613],[3.79661124,48.52560792],[3.79668938,48.52558131],[3.79671633,48.52557213],[3.79689492,48.52556014],[3.7969717,48.52553264],[3.7970256,48.52551429],[3.79710616,48.52546786],[3.79713312,48.52545959],[3.79721232,48.52541318],[3.79724735,48.52540125],[3.79726858,48.52537232],[3.79729862,48.52529924],[3.79731037,48.52527038],[3.79730048,48.52524346],[3.79728785,48.52521475],[3.79727127,48.52519327],[3.79727233,48.52508441],[3.79725504,48.52501616],[3.79722191,48.524975],[3.79719201,48.52487894],[3.79717012,48.52486469],[3.79715646,48.52485669],[3.79714251,48.52482979],[3.79710174,48.52482107],[3.79707289,48.52479427],[3.79705922,48.52478537],[3.79705894,48.52476738],[3.79705576,48.52464685],[3.79704127,48.52458487],[3.79670502,48.52447108],[3.79655975,48.5243578],[3.79629879,48.52420751],[3.79575119,48.52390981],[3.79572865,48.52385238],[3.79569325,48.52384002],[3.79566605,48.52383211],[3.79566699,48.52380511],[3.79566062,48.52374218],[3.79568488,48.52373482],[3.79571722,48.52372381],[3.79570312,48.52368702],[3.7956881,48.52367902],[3.79567441,48.52366922],[3.79567199,48.52359907],[3.79569932,48.52352601],[3.79575652,48.5233682],[3.79563204,48.5231972],[3.79538548,48.52301353],[3.79537755,48.52293712],[3.79578184,48.52316291],[3.79593483,48.52333822],[3.79592138,48.52343367],[3.7959781,48.52351245],[3.79598511,48.5235277],[3.79599925,48.52356719],[3.79609117,48.52355578],[3.79613812,48.52361574],[3.79605972,48.52371432],[3.79599314,48.52370037],[3.79595945,48.52371139],[3.7959407,48.52372501],[3.79588035,48.5237641],[3.79592127,48.52378362],[3.79596353,48.52380133],[3.79596136,48.52383733],[3.79601836,48.52384504],[3.796043,48.52386197],[3.79611694,48.52382639],[3.79617947,48.52384126],[3.79619466,48.52386095],[3.79621537,48.52388691],[3.79618559,48.523888],[3.79616123,48.52388907],[3.79612195,48.52388843],[3.79609939,48.52391917],[3.79614335,48.52396026],[3.79616167,48.52400691],[3.79619177,48.5240274],[3.79625292,48.52404049],[3.79634918,48.52404794],[3.79636835,48.52406131],[3.79640388,48.52408266],[3.79644495,48.52411117],[3.79646957,48.5241272],[3.79649922,48.52411801],[3.79651809,48.52411158],[3.79655041,48.52409967],[3.79656693,48.52411755],[3.79656977,48.52421559],[3.79662443,48.52424761],[3.79669391,48.52427413],[3.79675173,48.52424676],[3.79677426,48.52421422],[3.79675921,48.52420443],[3.79673325,48.52418931],[3.79672956,48.52412456],[3.79674815,48.52410014],[3.79673553,48.52407234],[3.79671302,48.52401671],[3.79677593,48.52396771],[3.79683216,48.52392505],[3.79683229,48.52384409],[3.79682863,48.52378204],[3.79684203,48.52377205],[3.79689458,48.52375461],[3.79691047,48.52373111],[3.79692096,48.52370855],[3.79698246,48.52365596],[3.79699948,48.52361716],[3.79701275,48.52359908],[3.79702574,48.52356301],[3.79708185,48.52351225],[3.79707839,48.5234628]],[[3.83518483,48.51286172],[3.8356771,48.51265405],[3.83580885,48.51276467],[3.83683896,48.51274573],[3.8374508,48.51273422],[3.83754954,48.51281269],[3.83756717,48.51281437],[3.83758099,48.51283226],[3.83765199,48.51286865],[3.83767663,48.51288557],[3.83770348,48.51287098],[3.83774779,48.51284818],[3.8378644,48.51285815],[3.83793505,48.51287295],[3.83807851,48.51286924],[3.83810983,48.51287981],[3.83815059,48.51288852],[3.83817248,48.51290276],[3.83824697,48.51290404],[3.83830477,48.51287754],[3.83832691,48.51290707],[3.83832742,48.51293945],[3.83835469,48.51295096],[3.83876797,48.5130542],[3.83889966,48.51324579],[3.83870994,48.51349003],[3.83839979,48.51357049],[3.83836865,48.51357071],[3.83832032,48.51359624],[3.83829338,48.51360542],[3.83824787,48.51363813],[3.83818745,48.51367004],[3.83809694,48.51368328],[3.83807971,48.51370679],[3.83806118,48.51373391],[3.83793137,48.51374472],[3.83786155,48.5137821],[3.83783854,48.51378226],[3.83777056,48.51376475],[3.83771492,48.51375704],[3.83766173,48.51373313],[3.83762789,48.51373426],[3.83757925,48.51374091],[3.83754829,48.51375192],[3.83749937,48.51374147],[3.83744232,48.51373017],[3.83737546,48.51369826],[3.83734947,48.51368135],[3.83730734,48.51367175],[3.83725305,48.51366404],[3.83721065,48.51363735],[3.83704437,48.51356925],[3.83700686,48.5135947],[3.83699655,48.51362716],[3.83698621,48.51365782],[3.83692608,48.51362316],[3.83690948,48.51360168],[3.83684428,48.51358865],[3.83682101,48.51357262],[3.83673554,48.51356242],[3.83670665,48.51353384],[3.83625128,48.51367829],[3.83575679,48.51366197],[3.83575768,48.51371774],[3.83582562,48.51390259],[3.83580919,48.51423107],[3.83559518,48.51431174],[3.8354622,48.51471931],[3.83517891,48.51580716],[3.83465064,48.51571101],[3.83477255,48.51528823],[3.835039,48.51382265],[3.83494555,48.51331142],[3.8350273,48.51308774],[3.83512525,48.51294671],[3.83508971,48.51292537],[3.83505411,48.51290043],[3.835038,48.51290953],[3.83502487,48.51293482],[3.835013,48.51295469],[3.83495898,48.51296407],[3.83493206,48.51297415],[3.83487405,48.51298716],[3.83485126,48.51300171],[3.83483923,48.51301169],[3.8347974,48.51302098],[3.83475993,48.51304823],[3.83471539,48.51305754],[3.83466195,48.5131029],[3.8346259,48.51313464],[3.83463981,48.51315793],[3.83466999,48.51318291],[3.83468234,48.51319272],[3.83467172,48.51320629],[3.83465589,48.51323249],[3.83467519,48.51325394],[3.83473827,48.51330388],[3.83471277,48.51331845],[3.83462628,48.51332896],[3.8346014,48.51338221],[3.8345784,48.51338327],[3.83453777,48.51338266],[3.83452588,48.51340163],[3.83448136,48.51341184],[3.83444524,48.51343908],[3.83440341,48.51344837],[3.83440696,48.51350143],[3.83433931,48.5135046],[3.83433767,48.51348662],[3.83435089,48.51346674],[3.83437904,48.51344855],[3.834364,48.51343965],[3.83434348,48.5134263],[3.83426967,48.51346821],[3.83424138,48.5134774],[3.8342906,48.51350674],[3.83429925,48.51353997],[3.8342589,48.51355734],[3.83419315,48.51359469],[3.83413778,48.51360408],[3.83411222,48.51361415],[3.83408123,48.51362426],[3.8340384,48.51365515],[3.8340183,48.51366879],[3.83402167,48.51371015],[3.83398018,48.51374103],[3.83393161,48.51375216],[3.83391309,48.51377928],[3.83387246,48.51377867],[3.83385973,48.51383004],[3.83380712,48.5138421],[3.8337534,48.51387037],[3.83371157,48.51387965],[3.83371481,48.51391292],[3.83369914,48.51394901],[3.8335787,48.51395346],[3.83355405,48.51393654],[3.83354036,48.51392674],[3.83352157,48.51393766],[3.83346404,48.51398125],[3.83344496,48.51397329],[3.83342716,48.51396082],[3.83337869,48.51397825],[3.83252733,48.51331759],[3.83240669,48.51322397],[3.83238066,48.51320436],[3.83225766,48.51313326],[3.83220338,48.51312554],[3.8321897,48.51311664],[3.83217329,48.51310686],[3.83214701,48.51307196],[3.83211981,48.51306405],[3.83210568,48.51302726],[3.83201054,48.51300454],[3.83200865,48.51297037],[3.83200937,48.51293078],[3.83199432,48.51292099],[3.83195737,48.51289606],[3.83192472,48.51288639],[3.83181341,48.51278371],[3.83179573,48.51277844],[3.8317726,48.5127714],[3.83169065,48.51272699],[3.83162475,48.51275534],[3.83156953,48.51277372],[3.83153055,48.51279199],[3.83146574,48.51280324],[3.83145154,48.51284742],[3.83138471,48.51290186],[3.83134742,48.51294171],[3.8313057,48.51295729],[3.83127741,48.51296649],[3.8311931,48.51302915],[3.83112963,48.51304039],[3.83102131,48.51312571],[3.83094616,48.51316852],[3.83082445,48.51317837],[3.8307272,48.51319344],[3.83067278,48.51317673],[3.830619,48.5132014],[3.83054446,48.51311105],[3.83050851,48.51306452],[3.83048253,48.51304851],[3.83046117,48.51298209],[3.83043928,48.51296785],[3.83040237,48.51294562],[3.83033766,48.5128777],[3.83030519,48.51279426],[3.83027919,48.51277645],[3.83025731,48.5127631],[3.83024306,48.51271822],[3.8302265,48.51269855],[3.83022825,48.51263826],[3.83021322,48.51262937],[3.83019268,48.51261512],[3.83016261,48.51259733],[3.83014288,48.51254799],[3.83011554,48.51253199],[3.83009479,48.51250425],[3.83007272,48.51247831],[3.83005543,48.51241276],[3.83003082,48.51239764],[3.83001493,48.51233477],[3.83000125,48.51232587],[3.82998714,48.51228999],[3.82997198,48.512273],[3.82995673,48.51225061],[3.82989798,48.51221684],[3.82987536,48.51215672],[3.82986018,48.51213883],[3.82981572,48.51206717],[3.82978423,48.5120449],[3.82975553,48.51202801],[3.82972952,48.5120102],[3.82967896,48.51198086],[3.82970117,48.51193033],[3.82969009,48.51191421],[3.82966412,48.5118991],[3.82967954,48.51184681],[3.82966311,48.51183523],[3.82960719,48.51180954],[3.82960815,48.51178434],[3.82959001,48.51175028],[3.82954375,48.51173621],[3.82957841,48.51170178],[3.82959039,48.5116891],[3.82956483,48.51161371],[3.82953487,48.51160312],[3.82947788,48.51159543],[3.82944639,48.51157315],[3.82942452,48.51155981],[3.82940602,48.51150327],[3.82938141,48.51148814],[3.82935349,48.51143526],[3.82933981,48.51142636],[3.82931784,48.51132125],[3.82929434,48.51129083],[3.82925334,48.51126683],[3.82923907,48.51122015],[3.8292254,48.51121214],[3.82921158,48.51119425],[3.82916921,48.51116935],[3.82917121,48.51112436],[3.82915394,48.51105971],[3.8291389,48.51105081],[3.82916544,48.51101644],[3.82915159,48.51099675],[3.82913778,48.51097975],[3.82912229,48.51094207],[3.82909496,48.51092607],[3.82907945,48.5108875],[3.82901248,48.51084748],[3.82901081,48.5108277],[3.82902406,48.51080961],[3.82903732,48.51079153],[3.82909095,48.51075787],[3.82906853,48.51071034],[3.82903949,48.51067186],[3.82901649,48.51067292],[3.82893936,48.51067616],[3.82892568,48.51066726],[3.828912,48.51065836],[3.82891293,48.51063136],[3.82888286,48.51061358],[3.82886789,48.51052282],[3.82881187,48.51049082],[3.82882494,48.51046105],[3.82884478,48.51043122],[3.82875453,48.51037517],[3.82872864,48.51027909],[3.82869562,48.51024604],[3.82866965,48.51023002],[3.82863471,48.51016099],[3.82857185,48.51012455],[3.82858994,48.51006954],[3.82870207,48.51005437],[3.82871782,48.51002277],[3.82872957,48.5099948],[3.82874419,48.50997761],[3.82875607,48.50995863],[3.82879612,48.50992237],[3.82880717,48.50985032],[3.828857,48.50983378],[3.82887251,48.50978689],[3.82890051,48.5097597],[3.82891769,48.50973259],[3.82893933,48.50973154],[3.82900705,48.50973287],[3.82902384,48.50968147],[3.82906566,48.50967219],[3.82907684,48.5096937],[3.82915132,48.50969498],[3.82920516,48.50967481],[3.82926486,48.50968249],[3.82930182,48.50970832],[3.82935194,48.50970977],[3.82939794,48.50970765],[3.82941299,48.50971744],[3.82949177,48.50973309],[3.82950817,48.50974287],[3.82952185,48.50975177],[3.82956259,48.50975958],[3.82958997,48.50977828],[3.82963098,48.50980319],[3.82963575,48.50984813],[3.82960612,48.50985824],[3.82955196,48.50985772],[3.82955223,48.50987481],[3.82956624,48.5099044],[3.82959508,48.50993029],[3.82961203,48.50997515],[3.82966871,48.50996306],[3.82972112,48.5099384],[3.82982455,48.50997187],[3.82979105,48.50999369],[3.82971967,48.51001758],[3.82977455,48.51006308],[3.8297968,48.51010071],[3.82985113,48.51011112],[3.82987031,48.51012538],[3.8299366,48.51012222],[3.82995166,48.51013291],[3.8299667,48.5101418],[3.82998081,48.51017769],[3.82999447,48.51018569],[3.83002213,48.51022238],[3.83005083,48.51023928],[3.83006316,48.51024819],[3.83012836,48.51026123],[3.83014688,48.51031957],[3.83016069,48.51033657],[3.83017451,48.51035446],[3.83021705,48.51039015],[3.83023662,48.5104287],[3.83025852,48.51044384],[3.83031415,48.51045155],[3.83032922,48.51046224],[3.83040905,48.51045898],[3.83048845,48.51051421],[3.83059888,48.51056201],[3.83070873,48.51057294],[3.83076044,48.51058967],[3.83078347,48.51059041],[3.83093501,48.51058395],[3.83105726,48.51060829],[3.83109037,48.51064764],[3.83110702,48.51075818],[3.83119768,48.51075485],[3.8312674,48.51079664],[3.83123429,48.51084365],[3.83126049,48.51087316],[3.83131106,48.51090339],[3.83135678,48.51096875],[3.83137076,48.51099654],[3.83139796,48.51100444],[3.83141595,48.51102861],[3.8314554,48.51104003],[3.83150606,48.51107566],[3.83162514,48.51107123],[3.8316511,48.51108634],[3.83169628,48.51111751],[3.83176283,48.51113054],[3.83179433,48.51115281],[3.83186893,48.51116128],[3.83192529,48.51121487],[3.83198321,48.51119557],[3.83199958,48.51120355],[3.83201871,48.51121421],[3.83204048,48.51122126],[3.83206025,48.5112724],[3.83215113,48.51128256],[3.83220178,48.51131729],[3.83223307,48.51132696],[3.83225907,48.51134388],[3.83231654,48.51129669],[3.8322928,48.51125098],[3.83220556,48.5112147],[3.83222238,48.51116511],[3.83226989,48.51117287],[3.83229577,48.51118258],[3.8323298,48.51119404],[3.83237635,48.5112261],[3.83240454,48.51121061],[3.8324204,48.51118621],[3.83250014,48.51117755],[3.83249925,48.51120635],[3.83252811,48.51123314],[3.83252747,48.51127812],[3.83254475,48.51134367],[3.83264044,48.51140058],[3.8326421,48.51142036],[3.83261283,48.51145295],[3.83265411,48.51149405],[3.83263235,48.51157337],[3.8326746,48.51159106],[3.8327009,48.51162686],[3.83274342,48.51166165],[3.83275879,48.51169123],[3.83278639,48.51172432],[3.8328078,48.51179345],[3.83289597,48.51180362],[3.83291065,48.51187549],[3.83295282,48.51188779],[3.83297461,48.51189574],[3.83302497,48.51191248],[3.83330043,48.5117792],[3.83486631,48.51267144],[3.83491166,48.5127134],[3.83493796,48.5127492],[3.83498558,48.51276326],[3.83503614,48.5127926],[3.83505898,48.51286621],[3.83509803,48.51285244],[3.83513206,48.51286389],[3.83518483,48.51286172]],[[3.79915074,48.52134737],[3.79914614,48.52131231],[3.79913386,48.52121703],[3.79905249,48.52120949],[3.79904063,48.52123116],[3.79887781,48.52121066],[3.79882772,48.5212119],[3.7987871,48.52121217],[3.79874649,48.52121334],[3.79832107,48.52120091],[3.79817767,48.52121086],[3.79814401,48.52122369],[3.79809902,48.5212042],[3.79807857,48.52119534],[3.79800976,48.52121199],[3.79793871,48.52125925],[3.79786816,48.52125073],[3.79783821,48.52124103],[3.79774884,48.52124163],[3.79772652,48.5211986],[3.79770364,48.52120775],[3.79766747,48.52123408],[3.79764596,48.52124412],[3.79760426,48.52126239],[3.79760066,48.52129301],[3.79763655,48.52133775],[3.79754805,48.52139592],[3.79753361,48.5214257],[3.79751361,48.52144653],[3.79750708,48.52146186],[3.79754967,48.52150206],[3.79753256,48.52153456],[3.79747567,48.52153404],[3.79740393,48.52153632],[3.79738385,48.52146269],[3.79731888,48.52146492],[3.7972796,48.52146429],[3.79720263,48.5214792],[3.79717116,48.52145782],[3.79713594,48.52145716],[3.79700734,48.52146072],[3.79701897,48.52142375],[3.79704299,48.5214002],[3.79705898,48.521383],[3.79703143,48.52126354],[3.79700818,48.5212484],[3.79690629,48.52122749],[3.79685172,48.52120087],[3.79675038,48.52121594],[3.79672985,48.52120169],[3.79671073,48.52119102],[3.79672796,48.52116661],[3.79676979,48.52115644],[3.79683275,48.52111103],[3.79688809,48.52109897],[3.79689265,48.52068601],[3.79691947,48.52066874],[3.79694896,48.52064875],[3.79692414,48.52061923],[3.79686138,48.52058906],[3.79686058,48.52053599],[3.79680453,48.52050128],[3.79689792,48.52049795],[3.7981094,48.52046194],[3.79816355,48.52046067],[3.79824746,48.52045741],[3.79834613,48.52044505],[3.79841464,48.52040861],[3.79845294,48.52043354],[3.79848031,48.52045225],[3.79851687,48.520452],[3.79862231,48.5204396],[3.79862884,48.52042426],[3.79864981,48.52037824],[3.79870142,48.52038779],[3.7987385,48.52042173],[3.79875647,48.5204459],[3.79879307,48.52044835],[3.79883878,48.52042645],[3.79888786,48.52044771],[3.79890558,48.52045569],[3.79898536,48.52044796],[3.79911653,48.52043538],[3.79916907,48.52041703],[3.7992396,48.52042466],[3.79929269,48.52044229],[3.79931581,48.52044933],[3.79937323,48.52048493],[3.79945991,48.52048525],[3.79951214,48.52044711],[3.79953626,48.52042986],[3.79958079,48.52041966],[3.79965757,48.52039306],[3.79969805,48.52038289],[3.7997369,48.52035564],[3.7997859,48.5203715],[3.79980622,48.52037226],[3.79983035,48.52035591],[3.79985862,48.52034492],[3.79991144,48.52034547],[3.79993973,48.52033538],[3.80001945,48.52032405],[3.8000397,48.52023125],[3.80017477,48.52020785],[3.80026907,48.52017573],[3.80030893,48.52012508],[3.80038045,48.52010841],[3.80036365,48.52007254],[3.8003242,48.52006111],[3.80034277,48.52003579],[3.80030734,48.52002074],[3.80028281,48.52001101],[3.80026527,48.51992656],[3.80023927,48.51990874],[3.80018186,48.51987404],[3.80013656,48.5197448],[3.80007096,48.51970566],[3.80010441,48.51967935],[3.80013809,48.51966742],[3.80016381,48.51966725],[3.80016463,48.51963216],[3.80014931,48.51960438],[3.80022707,48.51955257],[3.80024163,48.51953088],[3.80031843,48.51950518],[3.80036937,48.51947155],[3.80040153,48.51944884],[3.80047958,48.51941683],[3.80051933,48.51935899],[3.8006031,48.51934673],[3.8006957,48.51929213],[3.80073605,48.51927386],[3.80074944,48.51926387],[3.80081686,48.51924453],[3.80083522,48.51920572],[3.80079831,48.51918258],[3.80090663,48.51918185],[3.80093628,48.51917265],[3.80099252,48.51913089],[3.80106945,48.51911418],[3.8012157,48.51902503],[3.80124264,48.51901585],[3.80137544,48.51893309],[3.80171737,48.51871128],[3.80201632,48.51931021],[3.80202751,48.51933352],[3.80205142,48.51939184],[3.80206686,48.51942772],[3.80209436,48.51945452],[3.80210969,48.51948321],[3.80217667,48.51952414],[3.80217859,48.51956101],[3.80216519,48.5195701],[3.80216883,48.51963125],[3.80215821,48.51964481],[3.80214496,48.51966379],[3.80216432,48.51969065],[3.80218367,48.51971571],[3.80222467,48.51974062],[3.80224125,48.5197621],[3.80225095,48.51977643],[3.80228616,48.51977619],[3.80241464,48.51976543],[3.80243754,48.51975718],[3.80248197,48.51974069],[3.80261853,48.51972627],[3.80269679,48.51970775],[3.80279143,48.51969811],[3.80280455,48.51967014],[3.80287211,48.51966068],[3.80291111,48.51964243],[3.80296512,48.51963217],[3.80302428,48.51960478],[3.80365278,48.5194377],[3.80365572,48.51936481],[3.80363674,48.51936314],[3.80355579,48.51938258],[3.80353394,48.51937103],[3.80349836,48.51934698],[3.80348469,48.51933808],[3.80346855,48.51925722],[3.80344093,48.51922232],[3.80342712,48.51920442],[3.8033999,48.51919561],[3.80338143,48.51913906],[3.80335682,48.51912393],[3.80333835,48.51906738],[3.8032864,48.51903534],[3.80328599,48.51900836],[3.80327231,48.51899945],[3.80324345,48.51897176],[3.80321611,48.51895485],[3.80327818,48.51894094],[3.80332406,48.51892983],[3.80331003,48.51889844],[3.8032704,48.51887442],[3.80325276,48.51878368],[3.80323908,48.51877477],[3.80322348,48.518729],[3.80314829,48.51868272],[3.80312694,48.5186145],[3.80311177,48.51859661],[3.80309712,48.51852474],[3.80308072,48.51851495],[3.80308018,48.51839081],[3.80305282,48.518373],[3.80299717,48.51836438],[3.80297665,48.51835102],[3.80287449,48.51831213],[3.80289833,48.51827688],[3.80288599,48.51826707],[3.80287231,48.51825817],[3.80285097,48.51819084],[3.80283038,48.51817299],[3.80282882,48.5181595],[3.80286233,48.51813679],[3.80284578,48.51802894],[3.80281433,48.51800846],[3.80270646,48.51795072],[3.80275607,48.51791799],[3.80279491,48.51788984],[3.80280832,48.51788166],[3.80282171,48.51787167],[3.80288017,48.51788657],[3.802926,48.51787276],[3.80296889,48.51784369],[3.80295506,48.51782489],[3.80294139,48.51781688],[3.80294181,48.51775571],[3.80292801,48.51773871],[3.80290959,48.51768575],[3.80287013,48.51767343],[3.80285646,48.51766452],[3.8027602,48.51765708],[3.80278669,48.51761821],[3.80278579,48.51755974],[3.80277181,48.51753105],[3.80271576,48.51749634],[3.80271554,48.51748195],[3.80271493,48.51744237],[3.80270124,48.51743257],[3.8026739,48.51741566],[3.8026858,48.51739669],[3.80273942,48.51736124],[3.80278579,48.51729435],[3.80283159,48.51727875],[3.80291404,48.5172683],[3.80295288,48.51724015],[3.80300705,48.51724068],[3.80303222,48.51720452],[3.80307858,48.5172249],[3.80314462,48.51720467],[3.80324302,48.51717521],[3.80332524,48.51715037],[3.80338859,48.51713105],[3.80347352,48.51710618],[3.80374445,48.51702428],[3.80377139,48.51701511],[3.80411855,48.51731323],[3.8045267,48.5179672],[3.80484907,48.51797221],[3.80503448,48.51814188],[3.80516706,48.51839828],[3.80504139,48.51859165],[3.80517134,48.51867713],[3.8053758,48.51867575],[3.80551856,48.51888889],[3.8053374,48.51899717],[3.80539379,48.51905347],[3.80542819,48.51908922],[3.80539333,48.51911195],[3.80532234,48.51916281],[3.80516544,48.51917467],[3.80505345,48.51920151],[3.80501,48.51919371],[3.8049448,48.51918066],[3.80484916,48.51921369],[3.80477061,48.51921333],[3.80472745,48.51922441],[3.80460572,48.51923423],[3.80451136,48.51926276],[3.8044438,48.51927221],[3.80441687,48.51928229],[3.80435592,48.51928181],[3.80427606,48.51928414],[3.80427623,48.51929494],[3.80427175,48.51944431],[3.80430075,48.519481],[3.80434151,48.51948972],[3.80439585,48.51950104],[3.8043839,48.51951642],[3.80435425,48.51952561],[3.8043912,48.51963962],[3.80444397,48.51972472],[3.80448536,48.51977482],[3.80449961,48.51982061],[3.80453944,48.51985722],[3.80455636,48.51990119],[3.80461294,48.51997008],[3.80459971,48.51998996],[3.80458379,48.52001166],[3.80461026,48.52006006],[3.80458641,48.52009441],[3.80462337,48.52012024],[3.80468489,48.52015761],[3.80468708,48.52021247],[3.80460628,48.52024181],[3.80457933,48.52025099],[3.80452694,48.52027833],[3.80447157,48.5202886],[3.80439345,48.52031612],[3.80428392,48.52032676],[3.80418858,48.52037958],[3.8040738,48.52040105],[3.80398863,48.52041062],[3.80391982,48.52042728],[3.80389357,48.52039327],[3.80386623,48.52037636],[3.80385228,48.52034947],[3.80375806,48.52029883],[3.80371564,48.52027033],[3.80363049,48.5202808],[3.80359817,48.52029271],[3.80355236,48.52030831],[3.80349839,48.52032127],[3.80344596,48.52034592],[3.80341901,48.5203551],[3.80329962,48.52042877],[3.80327267,48.52043795],[3.80323232,48.52045622],[3.80319184,48.52046549],[3.80298153,48.52061624],[3.80293708,48.52063184],[3.80289957,48.52065818],[3.80278014,48.52073006],[3.80276574,48.52076254],[3.80264224,48.52083355],[3.80256667,48.52085115],[3.80251294,48.5208794],[3.80224241,48.52090012],[3.80218975,48.52091037],[3.80193141,48.52093101],[3.80185464,48.52095851],[3.80179656,48.5209688],[3.80174646,48.52096914],[3.80167897,48.52098399],[3.80158359,48.52103411],[3.80155665,48.52104329],[3.80151631,48.52106245],[3.8013694,48.52110842],[3.8013492,48.52111576],[3.80131553,48.52112768],[3.80125905,48.52115415],[3.80114149,48.52117113],[3.80116349,48.52119258],[3.8012217,48.52119128],[3.80124378,48.52121812],[3.80129104,48.52120881],[3.80134751,48.52118234],[3.80138462,48.52121807],[3.80134574,48.52124353],[3.8013285,48.52126793],[3.80130729,48.52129776],[3.80130758,48.52131665],[3.80131479,48.52134539],[3.80134881,48.52135596],[3.80135071,48.52139193],[3.80134998,48.52143242],[3.80140577,48.52145003],[3.80140604,48.52146802],[3.80137799,48.5214934],[3.80135396,48.52151606],[3.80136774,48.52153126],[3.80138812,48.52153562],[3.8014085,48.52153998],[3.80142231,48.52155788],[3.80143613,48.52157578],[3.80143638,48.52159197],[3.80145199,48.52163864],[3.80147523,48.52165288],[3.80150058,48.52171658],[3.80152268,48.52174522],[3.80155018,48.52177203],[3.80155044,48.52178912],[3.80156413,48.52179892],[3.80161728,48.52182105],[3.80163415,48.52186142],[3.80163476,48.521901],[3.80163673,48.52194147],[3.80161371,48.52194163],[3.80157764,48.52197425],[3.8015996,48.521993],[3.80163114,48.52201888],[3.80158694,48.52205066],[3.80147739,48.5220604],[3.80145046,48.52207047],[3.80140862,48.52207975],[3.80136307,48.52211244],[3.80125311,48.52209519],[3.80115325,48.52211836],[3.80107365,48.52213779],[3.80100337,48.52214726],[3.80092526,48.52217567],[3.80088477,48.52218494],[3.80085783,48.52219412],[3.80079026,48.52220357],[3.80071201,48.52222299],[3.80065364,48.52221438],[3.80063585,48.52220191],[3.80060165,48.52217965],[3.80056822,48.52220776],[3.80059721,48.52224355],[3.80054872,48.52226097],[3.80031063,48.52227787],[3.80025125,48.52229176],[3.80018517,48.5223102],[3.80010408,48.52232064],[3.80005288,48.52233808],[3.7999286,48.52235871],[3.79982451,48.5223711],[3.79972754,48.52240594],[3.79963154,48.52241648],[3.79957901,48.52243483],[3.79952619,48.52243518],[3.7994845,48.52245436],[3.79939376,48.52245407],[3.79931159,48.52248251],[3.79929111,48.52247185],[3.79924187,48.52243979],[3.7991996,48.52242119],[3.79918538,48.5223763],[3.79917171,48.5223683],[3.7991213,48.52225978],[3.79906495,48.52220528],[3.79901732,48.52219031],[3.79901743,48.52210844],[3.79899613,48.52204381],[3.79897152,48.52202869],[3.79895181,48.52197934],[3.79887524,48.52193127],[3.79891422,48.52191212],[3.79897341,48.52188563],[3.79899596,48.52185489],[3.79899194,48.52176856],[3.79904417,48.52173042],[3.79905922,48.52174022],[3.79908779,48.52174902],[3.79911839,48.52180189],[3.79915339,48.52178816],[3.79916621,48.5217404],[3.79917906,48.52169533],[3.79919768,48.52167271],[3.79926909,48.52164884],[3.79928463,48.52160196],[3.79930055,48.52158026],[3.7991988,48.52156835],[3.7991748,48.52150464],[3.7991338,48.52147972],[3.7991266,48.52136282],[3.79915074,48.52134737]],[[3.83571657,48.5101168],[3.8358131,48.51031224],[3.83612003,48.50994573],[3.83711274,48.51157428],[3.83675413,48.51175673],[3.83695118,48.51214128],[3.83605074,48.51247959],[3.83480065,48.51050198],[3.83475342,48.51051221],[3.83472799,48.51053038],[3.83468618,48.51054057],[3.83463381,48.51056793],[3.83456766,48.51058009],[3.83453076,48.51055876],[3.83449858,48.51057877],[3.83445676,48.51058807],[3.83446018,48.51063302],[3.83438481,48.51066144],[3.83432755,48.51063665],[3.83430573,48.51062691],[3.83427342,48.51063883],[3.83425728,48.51064524],[3.83417619,48.51065481],[3.83407079,48.51066814],[3.83404466,48.51064224],[3.83399707,48.51062998],[3.8339513,48.51064649],[3.83392572,48.51065567],[3.83374315,48.51066954],[3.83371622,48.51067873],[3.83364872,48.5106909],[3.83358292,48.51072554],[3.83351944,48.51073499],[3.83349991,48.51069914],[3.83347255,48.51068134],[3.83345815,48.51062746],[3.83342261,48.51060612],[3.83340166,48.51056578],[3.83336063,48.51053998],[3.83337371,48.5105111],[3.83337193,48.51048412],[3.83334321,48.51046633],[3.83334344,48.51039526],[3.83331486,48.51038646],[3.83327426,48.51038765],[3.83325986,48.51033287],[3.83321884,48.51030797],[3.83320472,48.51027118],[3.83318968,48.51026229],[3.83321633,48.51023512],[3.83322961,48.51021883],[3.8332052,48.5102163],[3.83314822,48.5102095],[3.83313412,48.51017362],[3.83311908,48.51016473],[3.83309115,48.51011094],[3.83307747,48.51010204],[3.83310401,48.51006857],[3.83306051,48.51005718],[3.83299338,48.51000817],[3.83303069,48.50997013],[3.8330453,48.50995203],[3.8330195,48.50994771],[3.83297744,48.50994171],[3.83295894,48.50988516],[3.83293433,48.50987004],[3.83295654,48.50981951],[3.83288017,48.50978496],[3.83286169,48.50972931],[3.8328776,48.50970851],[3.83287417,48.50966265],[3.83284819,48.50964664],[3.83283285,48.50961886],[3.83277787,48.50956706],[3.83276404,48.50954827],[3.83270976,48.50954055],[3.83269315,48.50943271],[3.83267947,48.50942381],[3.83266565,48.50940591],[3.83261001,48.50939821],[3.83259576,48.50935333],[3.83258208,48.50934442],[3.83259533,48.50932634],[3.83260428,48.50929299],[3.83260268,48.50927771],[3.83257944,48.50926348],[3.83256424,48.50924379],[3.83253179,48.50916125],[3.83249488,48.50913902],[3.83248075,48.50910223],[3.83246573,48.50909424],[3.83246666,48.50906725],[3.83245162,48.50905835],[3.83243752,48.50902247],[3.83241291,48.50900735],[3.83238871,48.50893285],[3.83231056,48.50887132],[3.83229645,48.50883543],[3.83225562,48.50882222],[3.832208,48.50880726],[3.8322413,48.50877284],[3.83225291,48.50873678],[3.8322283,48.50872166],[3.83218686,48.50866977],[3.8321298,48.50865757],[3.83211448,48.50863069],[3.83209533,48.50861823],[3.83212863,48.50858381],[3.83212037,48.50848941],[3.83209688,48.50845988],[3.83207838,48.50840334],[3.83202095,48.50836775],[3.83206093,48.50832699],[3.83210554,48.50832308],[3.83220155,48.50831521],[3.83211616,48.50830951],[3.83207009,48.50830713],[3.83213136,48.50824373],[3.83214298,48.50820766],[3.83223895,48.50819799],[3.83227864,48.5082247],[3.83231909,48.50821453],[3.83236768,48.50820519],[3.83238289,48.50822487],[3.83242852,48.50828483],[3.83245859,48.50830261],[3.83249379,48.50830237],[3.83251153,48.50822577],[3.83256531,48.50820201],[3.83264894,48.50818253],[3.83268889,48.50814086],[3.83271849,48.50812896],[3.8327436,48.50817557],[3.83276388,48.50817362],[3.83280569,48.50816344],[3.83284751,48.50815415],[3.83290738,48.50817262],[3.83296431,48.50817672],[3.83300738,48.50816112],[3.83308832,48.50814256],[3.83312998,48.50812248],[3.83315514,48.50808722],[3.83321697,48.50805889],[3.83328738,48.5080593],[3.83331699,48.5080483],[3.8333133,48.50798625],[3.83331435,48.50796735],[3.83332759,48.50794836],[3.83334086,48.50793118],[3.83344511,48.50793134],[3.83347411,48.50788166],[3.8334062,48.50786864],[3.83337899,48.50785984],[3.83334497,48.50784928],[3.83331933,48.50785486],[3.83326,48.50786967],[3.83321461,48.507825],[3.83327118,48.50780662],[3.83333408,48.50776029],[3.83337606,48.5077609],[3.83339795,48.50777514],[3.83346182,48.50778998],[3.83347638,48.50776919],[3.83349096,48.5077493],[3.83360333,48.50774941],[3.83361617,48.5077907],[3.83362187,48.50780865],[3.83369335,48.50779106],[3.83380302,48.50779119],[3.83382734,48.50778832],[3.83384876,48.50777288],[3.83390412,48.50776349],[3.83393148,48.50778129],[3.83395185,48.50778475],[3.83399602,48.50775295],[3.83403784,48.50774366],[3.83407815,48.50772448],[3.83416194,48.5077149],[3.83424769,48.50774309],[3.83426867,48.50778522],[3.83428399,48.5078121],[3.8342844,48.50783819],[3.83430375,48.50786324],[3.83427429,48.50788324],[3.83423811,48.50790689],[3.83428043,48.50792908],[3.83435487,48.50792766],[3.83436898,48.50796355],[3.8344471,48.50802327],[3.83442592,48.50805311],[3.83441824,48.50808105],[3.83441854,48.50809994],[3.8344748,48.50814723],[3.83449739,48.50820555],[3.83451255,48.50822253],[3.83454318,48.5082754],[3.83456966,48.50832289],[3.83474507,48.50862574],[3.83477849,48.50868398],[3.83481331,48.50874491],[3.83485785,48.50882106],[3.83493166,48.50895009],[3.83504025,48.50913735],[3.83511823,48.50927355],[3.83514343,48.50932555],[3.83516722,48.50937396],[3.83518574,48.50943141],[3.83522401,48.50945453],[3.83526673,48.50950101],[3.83529463,48.509553],[3.83534906,48.50956971],[3.83536331,48.50961459],[3.83538264,48.50963784],[3.83546,48.50964989],[3.83552567,48.50969261],[3.83559637,48.50971101],[3.83561034,48.5097379],[3.83557283,48.50976335],[3.83555408,48.50977608],[3.83550425,48.50979262],[3.83546394,48.5098118],[3.83546616,48.50986666],[3.83550718,48.50989156],[3.83552361,48.50990314],[3.83558034,48.50989465],[3.83562003,48.50992136],[3.8355948,48.50995212],[3.83555843,48.50996407],[3.83557793,48.50999812],[3.83559901,48.51004656],[3.8357008,48.51006203],[3.83567695,48.51009459],[3.83570284,48.5101052],[3.83571657,48.5101168]],[[3.82302745,48.51573809],[3.8228939,48.51542505],[3.82193076,48.51566022],[3.82189602,48.51551742],[3.82286988,48.51527497],[3.82272829,48.51514011],[3.82211642,48.51515154],[3.82205834,48.51490185],[3.82191699,48.51478137],[3.821601,48.51449118],[3.82091891,48.51486024],[3.82078491,48.51460387],[3.82029251,48.51472153],[3.82047987,48.51501261],[3.8196669,48.51523953],[3.81907701,48.51535785],[3.81872123,48.51538009],[3.81814286,48.51397976],[3.81841786,48.51372777],[3.81802595,48.51342909],[3.81877494,48.51318193],[3.81904903,48.51356598],[3.82049528,48.51322764],[3.82047898,48.51426323],[3.82124001,48.51409334],[3.82134719,48.51410699],[3.82136049,48.51426434],[3.82228241,48.51407893],[3.82245526,48.51413531],[3.82354767,48.51394243],[3.82392476,48.51467481],[3.82453641,48.51456351],[3.82442171,48.51415767],[3.82465864,48.51415603],[3.8250168,48.51506037],[3.82302745,48.51573809]],[[3.83955894,48.51247555],[3.83956093,48.51243055],[3.83953359,48.51241455],[3.83951644,48.51235799],[3.83949185,48.51234467],[3.83947346,48.51229532],[3.83945979,48.51228732],[3.83944597,48.51226943],[3.83943079,48.51225154],[3.83943293,48.51221644],[3.83941653,48.51220666],[3.83940226,48.51216088],[3.83935988,48.51213599],[3.83936174,48.5120829],[3.83933167,48.51206512],[3.83931574,48.51200046],[3.83928839,48.51198356],[3.83927413,48.51193868],[3.83925636,48.51192801],[3.83922502,48.51183107],[3.83917255,48.51176756],[3.83914599,48.51171557],[3.83912003,48.51170046],[3.83910272,48.51163401],[3.83906582,48.51161268],[3.83904594,48.51155525],[3.83903168,48.51151036],[3.83899087,48.51149806],[3.83826974,48.51026165],[3.83824887,48.51022671],[3.83801084,48.50981906],[3.83798856,48.50978053],[3.83802762,48.50976766],[3.83801059,48.5097192],[3.83798499,48.50964201],[3.83796309,48.50962687],[3.83794395,48.50961531],[3.8379183,48.50953542],[3.83788378,48.50949339],[3.83785698,48.5094261],[3.8378064,48.50939587],[3.83780752,48.50938147],[3.8378044,48.5093554],[3.83782076,48.50927792],[3.83787759,48.50927572],[3.83792499,48.50927628],[3.83795207,48.50927609],[3.83796713,48.50928678],[3.83803342,48.50928361],[3.83804712,48.50929341],[3.8381259,48.50930905],[3.83814365,48.50931882],[3.83815735,48.50932862],[3.83823884,48.50934424],[3.83828911,48.50935558],[3.83838788,48.50935129],[3.83839809,48.5093971],[3.83840244,48.50941506],[3.83841582,48.50940507],[3.83848485,48.50940368],[3.83853189,48.50938176],[3.83856338,48.50940403],[3.83862324,48.5094216],[3.83866021,48.50944742],[3.83872398,48.50945597],[3.83874476,48.50948551],[3.83878238,48.50955182],[3.83892026,48.50979195],[3.83894949,48.50984212],[3.83916126,48.51021488],[3.83922111,48.51031701],[3.83927546,48.51041379],[3.83941058,48.51065034],[3.83947466,48.51076234],[3.83949833,48.51080355],[3.83959725,48.51097738],[3.83958017,48.51100989],[3.83957778,48.5110297],[3.83967254,48.5111136],[3.83983423,48.51140214],[3.83984258,48.51141647],[3.83989001,48.5115034],[3.83989696,48.51151505],[3.83993876,48.51158852],[3.8399806,48.5116647],[3.84014227,48.51195234],[3.84016737,48.51199804],[3.84017993,48.51202134],[3.84024404,48.51213514],[3.84028028,48.51219966],[3.84032212,48.51227583],[3.84032907,48.51228748],[3.84034997,48.51232421],[3.84036669,48.51235378],[3.84053537,48.51265577],[3.84056757,48.51272211],[3.84061234,48.51281176],[3.84063471,48.51285568],[3.84066274,48.51291486],[3.84069352,48.51297672],[3.84075649,48.51310402],[3.84086803,48.51338932],[3.8407954,48.51350408],[3.84018345,48.51359388],[3.84004311,48.51328539],[3.8400021,48.51326139],[3.84000259,48.51320741],[3.83998619,48.51319763],[3.83997236,48.51317974],[3.83995853,48.51316184],[3.83994427,48.51311696],[3.83991571,48.51310907],[3.83990115,48.5130453],[3.83987929,48.51303285],[3.8398579,48.51296553],[3.83983055,48.51294863],[3.83981599,48.51288486],[3.83978743,48.51287697],[3.83977286,48.5128132],[3.83973177,48.5127838],[3.83973232,48.51273342],[3.83969953,48.51271476],[3.83970154,48.51267156],[3.83968784,48.51266176],[3.83964567,48.51264946],[3.83964745,48.51259097],[3.83962911,48.51254522],[3.83960586,48.51253099],[3.83955894,48.51247555]],[[3.82863413,48.51449633],[3.82858098,48.51456057],[3.82838906,48.51466897],[3.82821976,48.51466655],[3.82738336,48.51357662],[3.82712636,48.51299275],[3.82603904,48.51144305],[3.82634728,48.51124119],[3.82863413,48.51449633]],[[3.84572617,48.51749405],[3.8457598,48.51748032],[3.84580225,48.5175097],[3.84584715,48.51752288],[3.84587113,48.51758208],[3.84595346,48.51764897],[3.84599038,48.5176712],[3.84601944,48.51770967],[3.8460755,48.51774346],[3.84611702,48.51779894],[3.84616683,48.51778059],[3.84621081,48.51782077],[3.84622522,48.51787464],[3.84624595,48.51790058],[3.8462153,48.51793139],[3.84619399,48.51795313],[3.84622816,48.51797268],[3.84624186,48.51798248],[3.84629851,48.51796858],[3.84637746,48.51799411],[3.84641828,48.51800641],[3.84643198,48.51801621],[3.84650015,48.51804451],[3.84647361,48.51807799],[3.84643571,48.51807916],[3.84639072,48.51806059],[3.84635649,48.51803744],[3.84623741,48.51804278],[3.84616435,48.5180469],[3.84601464,48.51808395],[3.84595627,48.51807537],[3.84591973,48.51807653],[3.845852,48.51807522],[3.84582688,48.51811318],[3.84571737,48.51812385],[3.84569178,48.51813303],[3.84558907,48.51814546],[3.84554329,48.51816198],[3.84551866,48.51814596],[3.84540805,48.51817284],[3.84535133,48.51818224],[3.84530153,48.51820148],[3.845192,48.51821126],[3.84516644,48.51822133],[3.84509077,48.51823177],[3.8449883,48.51825949],[3.84492674,48.51830491],[3.84490742,48.51828255],[3.84489222,48.51826377],[3.84486275,48.51828377],[3.84478156,48.51828705],[3.84473569,48.51829817],[3.84468032,48.51830756],[3.84465476,48.51831763],[3.84453033,48.51832751],[3.84447918,48.51834677],[3.84445225,48.51835596],[3.84441477,48.51838321],[3.8443445,48.51839271],[3.84427846,48.51841207],[3.84418382,48.51842174],[3.84415868,48.5184579],[3.84413161,48.51845899],[3.84407571,48.5184351],[3.84397184,48.51846013],[3.84389572,48.51844268],[3.84383136,48.51839815],[3.84377723,48.51840034],[3.84376354,48.51839144],[3.8437485,48.51838255],[3.84376556,48.51834824],[3.8437341,48.51832867],[3.84371998,48.51829279],[3.84370481,48.5182758],[3.84370658,48.51821731],[3.84368995,48.51819404],[3.84367628,48.51818604],[3.84365849,48.51817447],[3.84354075,48.51817891],[3.84351323,48.51815211],[3.84349683,48.51814233],[3.84351211,48.51808195],[3.84355077,48.51804389],[3.84356265,48.51802491],[3.84365453,48.51801257],[3.84372184,48.5179878],[3.84382456,48.51797537],[3.84389847,48.51793976],[3.84392811,48.51793056],[3.84395219,48.51791239],[3.84403329,48.51790282],[3.84408713,48.51788265],[3.84418194,48.51788377],[3.84418171,48.51786938],[3.84418012,48.517855],[3.84427493,48.51785612],[3.84428799,48.51782634],[3.84432727,48.51782696],[3.84442433,48.51779929],[3.84447575,48.51779712],[3.84452477,48.51781387],[3.84455856,48.51781003],[3.84455659,48.51777136],[3.84456995,48.51776047],[3.84462532,48.51775108],[3.84464672,48.51773473],[3.84469787,48.51771547],[3.84477096,48.51771316],[3.84486462,48.51772688],[3.84494817,48.517702],[3.8449778,48.51769189],[3.8450401,48.51769235],[3.84508313,48.51767315],[3.84509502,48.51765508],[3.84517747,48.51764549],[3.84522565,48.51761006],[3.84528384,48.51760785],[3.8453326,48.5176084],[3.84539158,48.5175711],[3.84538994,48.51755312],[3.84546681,48.51753368],[3.84549808,48.51754155],[3.84551998,48.51755579],[3.84561936,48.51750471],[3.84565224,48.51752786],[3.84568053,48.51751867],[3.84572617,48.51749405]],[[3.83580427,48.5174068],[3.83573726,48.51745046],[3.83564382,48.51745021],[3.83553653,48.51751574],[3.83548117,48.51752603],[3.83543299,48.51756145],[3.83540202,48.51757246],[3.8353492,48.51757194],[3.83524948,48.51760232],[3.83507978,48.51757563],[3.83499733,48.5175852],[3.83491227,48.51760109],[3.83472634,48.51765998],[3.83423569,48.51720641],[3.83417109,48.51714659],[3.83419953,48.51714639],[3.83423199,48.51714436],[3.83426842,48.51713601],[3.83430769,48.51713573],[3.83433313,48.51711756],[3.834387,48.51709919],[3.8343878,48.5170641],[3.83435906,48.51704541],[3.8342451,48.51703182],[3.83421427,48.51696636],[3.83428735,48.51696405],[3.8343161,48.51698364],[3.83437189,48.51700034],[3.83440885,48.51702527],[3.83446601,48.51704376],[3.83462983,48.51704171],[3.83466953,48.51706842],[3.83469767,48.51705023],[3.83469739,48.51703224],[3.83469563,48.51700706],[3.8347875,48.51699382],[3.83484396,48.51696734],[3.83489797,48.51695796],[3.83495048,48.5169387],[3.83500613,48.5169473],[3.83524046,48.51618547],[3.835448,48.51654836],[3.83555006,48.51658003],[3.83558976,48.51660674],[3.83563195,48.51661994],[3.83567962,48.5166376],[3.83579379,48.51666378],[3.83581052,48.51669425],[3.83585278,48.51671195],[3.83589248,48.51673866],[3.83592802,48.51676],[3.83597046,48.51678849],[3.83604511,48.51679966],[3.83608479,48.51682547],[3.83614457,48.51683764],[3.83617464,48.51685542],[3.83621983,48.51688659],[3.83628362,48.51689604],[3.83630435,48.51692198],[3.83630491,48.51695706],[3.83632425,48.51698122],[3.83629358,48.51701112],[3.83603881,48.51725402],[3.83580427,48.5174068]],[[3.81742783,48.51571196],[3.81690314,48.51584422],[3.81659317,48.51593901],[3.81643837,48.51591129],[3.81593658,48.51516534],[3.81625772,48.51509207],[3.81625416,48.51486358],[3.81658545,48.51474706],[3.81690636,48.51465939],[3.81742783,48.51571196]],[[3.84172346,48.51429729],[3.84193398,48.51467454],[3.84125889,48.5154719],[3.84118614,48.51557947],[3.84107789,48.51558383],[3.84058578,48.51504124],[3.84139872,48.51414305],[3.84172346,48.51429729]],[[3.84283415,48.51785915],[3.84284115,48.5178735],[3.8428726,48.51789217],[3.8429243,48.51790709],[3.84299119,48.5179408],[3.84300934,48.51797486],[3.84304881,48.51798718],[3.84307512,48.51802298],[3.84310368,48.51803087],[3.84310406,48.51805426],[3.84313314,48.51809453],[3.84313235,48.51812963],[3.84313414,48.5181566],[3.84313306,48.5181737],[3.8429207,48.5181887],[3.84290708,48.51826797],[3.84284829,48.51831786],[3.84278487,48.51833181],[3.84278823,48.51837227],[3.84278855,48.51839206],[3.84274719,48.51843103],[3.84271022,48.51840521],[3.84267758,48.51839644],[3.84265885,48.51841097],[3.84261603,48.51844276],[3.84257447,48.51846914],[3.84255749,48.51850795],[3.84249014,48.51853002],[3.84231886,48.51865808],[3.84224276,48.51864152],[3.84218817,48.51869949],[3.84214812,48.51873576],[3.8421283,48.51876648],[3.8420825,48.5187812],[3.84203014,48.51880946],[3.84198831,48.51881876],[3.84197656,48.51884583],[3.84194991,48.518873],[3.8419314,48.51890102],[3.84190618,48.51893269],[3.84183869,48.51894666],[3.84181631,48.51890184],[3.84178773,48.51889305],[3.8417739,48.51887515],[3.84175339,48.5188627],[3.84170958,48.51883332],[3.84168902,48.51873361],[3.84172912,48.51870094],[3.84176788,48.51866918],[3.84179452,48.5186411],[3.84185798,48.51862986],[3.84187377,48.51860096],[3.84177742,48.51858814],[3.84172915,48.51861817],[3.84169888,48.5185887],[3.84178318,48.51852513],[3.84188101,48.51854603],[3.84190541,48.51854765],[3.84195777,48.51851939],[3.84200123,48.51844262],[3.84203875,48.51841806],[3.84208159,48.51838717],[3.84211122,48.51837707],[3.84215423,48.51835697],[3.84217934,48.51831811],[3.84223162,48.51828535],[3.84226356,48.51825004],[3.84232417,48.51822982],[3.84233607,48.51821174],[3.84238145,48.51817093],[3.84248735,48.51810361],[3.84250826,48.51805668],[3.84258174,48.51799409],[3.84264101,48.51797477],[3.84269073,48.51795103],[3.8427114,48.51788881],[3.84274758,48.51786516],[3.84283415,48.51785915]]]]},"properties":{"nature":"Peupleraie","precision":3,"modifiedAt":null}},{"type":"Feature","id":"ZONEVEGE0000002321891213","geometry":{"type":"MultiPolygon","coordinates":[[[[3.79312751,48.47641572],[3.79318271,48.47639736],[3.79320963,48.47638818],[3.7933042,48.47637855],[3.79342406,48.47634086],[3.79352132,48.47633032],[3.79359668,48.47630283],[3.79369394,48.47629228],[3.79376131,48.47627384],[3.79385587,48.47626331],[3.79397575,48.47622742],[3.79407579,48.47622135],[3.79413429,48.47624255],[3.79415173,48.47623254],[3.79416596,48.47618926],[3.79428891,48.47617764],[3.79437097,48.47614561],[3.79458152,48.47611091],[3.79467608,48.47610038],[3.794703,48.47609121],[3.79476916,48.47608177],[3.79483652,48.47606242],[3.79494462,48.4760527],[3.7950389,48.47602418],[3.79513341,48.47601095],[3.79519934,48.47598622],[3.79529659,48.47597477],[3.79541512,48.47593889],[3.79555026,48.47592809],[3.79560931,48.47589621],[3.79569703,48.47588123],[3.79573748,48.47587196],[3.79580498,48.47586161],[3.79587236,48.47584317],[3.79606416,48.47582119],[3.79608691,48.47580484],[3.79620851,48.47579323],[3.79632973,48.47575643],[3.79646479,48.47574023],[3.79651866,48.47572368],[3.79655768,48.47570902],[3.7966671,48.47569749],[3.7968236,48.47566765],[3.7968549,48.47567914],[3.79690171,48.47564284],[3.79696917,48.47563069],[3.79707679,48.47558948],[3.79726473,48.47558012],[3.79733918,48.47558232],[3.79738045,48.47553796],[3.7975275,48.47550909],[3.79760715,48.47549776],[3.79765829,48.47547942],[3.79778126,48.4754687],[3.79784719,48.47544486],[3.79798363,48.47543045],[3.79805751,48.47539487],[3.79821427,48.47538212],[3.79826541,48.47536378],[3.79837349,48.47535316],[3.79846779,48.47532554],[3.79855422,48.47531506],[3.79862836,48.47529657],[3.79870261,48.47528527],[3.79877676,48.47526768],[3.79883074,48.47525832],[3.79885766,48.47524914],[3.79896574,48.47523852],[3.79901809,48.47521118],[3.79909912,48.47520074],[3.79913957,48.47519147],[3.79923412,48.47518093],[3.79930294,48.47516878],[3.79935859,48.4751801],[3.79943691,48.47516967],[3.79945112,48.47512549],[3.79954295,48.47511408],[3.7995834,48.47510481],[3.79963738,48.47509545],[3.7997236,48.47507058],[3.7998411,48.47505629],[3.79999341,48.47501838],[3.80004049,48.47500007],[3.80018916,48.47498917],[3.80026331,48.47497158],[3.80030793,48.47496948],[3.80033824,48.47500526],[3.80031486,48.4750693],[3.80048786,48.47505643],[3.80047379,48.47502144],[3.80046014,48.47501344],[3.80044119,48.4749245],[3.80036257,48.47491513],[3.80035547,48.47489269],[3.8003082,48.47489841],[3.80012841,48.47490951],[3.80002465,48.4749372],[3.79999909,48.47494727],[3.79993159,48.47495672],[3.79990466,48.4749659],[3.79983717,48.47497625],[3.79979686,48.47499452],[3.79970239,48.47501045],[3.79966362,48.4750413],[3.79953795,48.47505204],[3.79951521,48.47506928],[3.79933791,48.47506598],[3.79925846,48.47509081],[3.79923154,48.47509998],[3.79917757,48.47511024],[3.79913586,48.47512582],[3.79904404,48.47513813],[3.79901713,48.47514821],[3.79891181,48.47516241],[3.79886873,48.4751762],[3.79884182,48.47518627],[3.79875404,48.47519766],[3.79870056,48.4752394],[3.7986492,48.47524335],[3.79855976,48.47523405],[3.79850944,48.4752173],[3.79846902,48.47522837],[3.79845181,48.47525367],[3.79836275,48.47526956],[3.79834318,48.47531738],[3.79828234,48.47532049],[3.79822929,48.47530195],[3.79820547,48.4753372],[3.79814328,48.47534031],[3.798081,48.47533803],[3.798046,48.47534996],[3.79801123,48.47537629],[3.79794236,48.47538575],[3.79791828,48.4754039],[3.79786134,48.47539619],[3.79782325,48.47538295],[3.79761824,48.47542571],[3.79756979,48.47544313],[3.79748337,48.4754545],[3.7974037,48.47546494],[3.79735391,48.47548326],[3.79732957,48.47548433],[3.79727541,48.47548199],[3.7972281,48.47548501],[3.79718886,48.47548437],[3.79710701,48.4755299],[3.79699786,48.47555942],[3.79696442,48.47558484],[3.79686574,48.4755909],[3.79684927,48.47548665],[3.79683558,48.47556501],[3.79678452,48.47558875],[3.79674818,48.47560158],[3.796727,48.47563231],[3.79663789,48.47564461],[3.79661096,48.47565379],[3.79655683,48.47565325],[3.79642172,48.47566585],[3.7963948,48.47567503],[3.79631378,48.47568637],[3.79627891,48.47570639],[3.7962602,48.47572181],[3.79619404,48.47573125],[3.79614156,48.4757505],[3.79610755,48.47573813],[3.79601845,48.47575132],[3.79596761,48.47578945],[3.79593497,48.47577887],[3.79586331,48.47578205],[3.79577803,48.47577992],[3.79570824,48.47581728],[3.79559611,48.47582882],[3.79556148,48.47586504],[3.79546691,48.47587467],[3.79543328,48.47588749],[3.79538023,48.47586896],[3.79535883,48.47588529],[3.79527917,48.47589662],[3.79521205,48.47593216],[3.79510397,48.47594278],[3.79506365,48.47596104],[3.79495557,48.47597166],[3.79492864,48.47598084],[3.79477459,48.47599356],[3.79475068,48.47602341],[3.79477274,48.47605025],[3.79467418,48.47606441],[3.79457153,48.47607679],[3.79452713,48.47609328],[3.79447316,48.47610354],[3.79444624,48.47611272],[3.79432598,48.47612342],[3.79427078,48.47614178],[3.79422099,48.4761601],[3.7941447,48.47612553],[3.79412183,48.47613468],[3.79405608,48.4761711],[3.79403578,48.47617034],[3.79398171,48.4761743],[3.79387341,48.47617053],[3.79383976,48.47618245],[3.79377639,48.47619726],[3.79372421,48.4762363],[3.79367838,48.4762474],[3.79362576,48.47625765],[3.79361121,48.47627934],[3.79351807,48.47629435],[3.79347368,48.47631174],[3.79341012,48.47631397],[3.79335979,48.47629631],[3.79327484,48.47631577],[3.79324792,48.47632495],[3.79312765,48.47633565],[3.79302942,48.47637139],[3.79300645,48.47637334],[3.79297937,48.47637262],[3.79296599,48.47638261],[3.79287142,48.47639224],[3.79285803,48.47640132],[3.79279564,48.47639184],[3.79269569,48.47640331],[3.79265674,48.47642246],[3.79258517,48.47643193],[3.79259131,48.47648047],[3.79248209,48.47650549],[3.79230913,48.47652104],[3.79226739,48.47653481],[3.79220962,48.47656219],[3.79206501,48.47657305],[3.7920247,48.47659221],[3.79191125,48.47660556],[3.7918493,48.47662487],[3.79181028,48.47663952],[3.79174277,48.47664897],[3.79171584,48.47665815],[3.79159696,48.47667064],[3.79152835,48.47669718],[3.79142434,48.47670867],[3.79137995,48.47672606],[3.79129896,48.4767392],[3.79131843,48.47677415],[3.79140753,48.47676096],[3.79146532,48.47673449],[3.79158286,48.47672291],[3.79167716,48.47669529],[3.79179469,48.47668281],[3.79186467,48.47665715],[3.79191864,48.4766469],[3.79196566,48.47662499],[3.79208043,48.47660893],[3.79214646,48.4765905],[3.79224101,48.47657997],[3.79228939,48.47655806],[3.79238928,48.4765421],[3.79249738,48.47653238],[3.79253782,48.47652221],[3.79260398,48.47651278],[3.79267788,48.4764781],[3.79283329,48.47646536],[3.79290065,48.47644602],[3.79295463,48.47643666],[3.79299373,48.47642741],[3.79312751,48.47641572]]]]},"properties":{"nature":"Haie","precision":3,"modifiedAt":null}},{"type":"Feature","id":"ZONEVEGE0000002321891031","geometry":{"type":"MultiPolygon","coordinates":[[[[3.78177784,48.50458231],[3.78177087,48.50456886],[3.78169787,48.50457564],[3.78169675,48.50459184],[3.7816998,48.50461431],[3.78169878,48.50463681],[3.7817331,48.50466897],[3.78169418,48.50469172],[3.78174347,48.50472918],[3.78188843,48.50473542],[3.78184861,48.5046979],[3.78185084,48.50466639],[3.78183278,48.50463503],[3.78181726,48.50459285],[3.78177784,48.50458231]]]]},"properties":{"nature":"Haie","precision":3,"modifiedAt":null}},{"type":"Feature","id":"ZONEVEGE0000002321891035","geometry":{"type":"MultiPolygon","coordinates":[[[[3.77614413,48.5007949],[3.77605327,48.5007838],[3.7759681,48.50079155],[3.77594948,48.50081417],[3.77601795,48.5008668],[3.7759979,48.50088402],[3.77588708,48.50089644],[3.77589968,48.50092515],[3.77598641,48.50093088],[3.7760485,48.50091878],[3.77608575,48.50087445],[3.77616631,48.50082984],[3.77614413,48.5007949]]]]},"properties":{"nature":"Haie","precision":3,"modifiedAt":null}},{"type":"Feature","id":"ZONEVEGE0000002321891020","geometry":{"type":"MultiPolygon","coordinates":[[[[3.77456962,48.50170211],[3.77450992,48.50169261],[3.77440727,48.50170857],[3.77441846,48.50173279],[3.77443481,48.50173988],[3.77447729,48.50177468],[3.77455864,48.50178315],[3.77460618,48.50179454],[3.77464091,48.50176282],[3.77460392,48.50173248],[3.77458074,48.50172183],[3.77456962,48.50170211]]]]},"properties":{"nature":"Haie","precision":3,"modifiedAt":null}},{"type":"Feature","id":"ZONEVEGE0000002321891034","geometry":{"type":"MultiPolygon","coordinates":[[[[3.78905618,48.50505059],[3.78907305,48.5050019],[3.78913563,48.50502217],[3.78914209,48.50491148],[3.78903599,48.50487799],[3.78894399,48.5048822],[3.78894437,48.50490739],[3.78891787,48.50494535],[3.78891961,48.50497143],[3.78888729,48.50498244],[3.78890662,48.5050075],[3.78893408,48.50503341],[3.78895234,48.50507737],[3.78900217,48.50505994],[3.78905618,48.50505059]]]]},"properties":{"nature":"Haie","precision":3,"modifiedAt":null}},{"type":"Feature","id":"ZONEVEGE0000002321891033","geometry":{"type":"MultiPolygon","coordinates":[[[[3.78382698,48.51143479],[3.78387545,48.51141648],[3.78393505,48.51141788],[3.78397683,48.51140501],[3.7840356,48.51135155],[3.78401496,48.51132919],[3.78390403,48.51133532],[3.78385168,48.51136625],[3.78382762,48.5113871],[3.78379407,48.51140712],[3.78382698,48.51143479]]]]},"properties":{"nature":"Haie","precision":3,"modifiedAt":null}},{"type":"Feature","id":"ZONEVEGE0000002321891032","geometry":{"type":"MultiPolygon","coordinates":[[[[3.78079315,48.49981982],[3.78079918,48.4997703],[3.78063007,48.49977681],[3.78055982,48.49978627],[3.78031752,48.49978696],[3.78024468,48.49980453],[3.78000667,48.49982049],[3.7800114,48.49986544],[3.78010986,48.49984141],[3.78079315,48.49981982]]]]},"properties":{"nature":"Haie","precision":3,"modifiedAt":null}},{"type":"Feature","id":"ZONEVEGE0000002321891036","geometry":{"type":"MultiPolygon","coordinates":[[[[3.78298282,48.50023364],[3.78296506,48.50022296],[3.7828027,48.50022853],[3.78274124,48.50028291],[3.78276054,48.50039704],[3.78278627,48.50039777],[3.78281411,48.500358],[3.78287727,48.500327],[3.78297037,48.50030659],[3.78301579,48.50026581],[3.78298282,48.50023364]]]]},"properties":{"nature":"Haie","precision":3,"modifiedAt":null}},{"type":"Feature","id":"ZONEVEGE0000002321891030","geometry":{"type":"MultiPolygon","coordinates":[[[[3.78394705,48.50415689],[3.78401823,48.50411863],[3.78409275,48.50412264],[3.78412236,48.50411075],[3.78410398,48.50405869],[3.78409674,48.50402725],[3.78407652,48.50403278],[3.78403617,48.50405104],[3.78398894,48.50406125],[3.78395551,48.50408846],[3.78390673,48.50408608],[3.78384874,48.50410086],[3.78388422,48.50411952],[3.78390339,48.50413378],[3.78394705,48.50415689]]]]},"properties":{"nature":"Haie","precision":3,"modifiedAt":null}},{"type":"Feature","id":"ZONEVEGE0000002321891029","geometry":{"type":"MultiPolygon","coordinates":[[[[3.7795428,48.50203754],[3.77950836,48.50199728],[3.77947059,48.50200652],[3.77947527,48.50204788],[3.77946065,48.50206597],[3.77951551,48.50211419],[3.77954179,48.5021518],[3.77962222,48.50218905],[3.77969064,48.50214722],[3.77964151,48.50212056],[3.77961942,48.50209191],[3.77955661,48.50205544],[3.7795428,48.50203754]]]]},"properties":{"nature":"Haie","precision":3,"modifiedAt":null}},{"type":"Feature","id":"ZONEVEGE0000002321891026","geometry":{"type":"MultiPolygon","coordinates":[[[[3.77260581,48.5021926],[3.7725865,48.50216844],[3.77255805,48.50216682],[3.77248636,48.50217089],[3.77240188,48.50213365],[3.77237468,48.50212483],[3.77236583,48.50207541],[3.77222398,48.50209523],[3.77224214,48.50213379],[3.77228047,48.50216233],[3.77234827,48.50216999],[3.77247076,48.50221417],[3.77260581,48.5021926]]]]},"properties":{"nature":"Haie","precision":3,"modifiedAt":null}},{"type":"Feature","id":"ZONEVEGE0000002321891025","geometry":{"type":"MultiPolygon","coordinates":[[[[3.78131201,48.50102822],[3.78127904,48.50099605],[3.78120066,48.50100556],[3.7811537,48.50103376],[3.78117202,48.50108222],[3.78130078,48.50109217],[3.78131201,48.50102822]]]]},"properties":{"nature":"Haie","precision":3,"modifiedAt":null}},{"type":"Feature","id":"ZONEVEGE0000002321891024","geometry":{"type":"MultiPolygon","coordinates":[[[[3.78262044,48.50180409],[3.78262604,48.50172579],[3.78250974,48.50173375],[3.78247083,48.5017574],[3.78254082,48.50182081],[3.78259227,48.50182137],[3.78262044,48.50180409]]]]},"properties":{"nature":"Haie","precision":3,"modifiedAt":null}},{"type":"Feature","id":"ZONEVEGE0000002321891023","geometry":{"type":"MultiPolygon","coordinates":[[[[3.7841699,48.50593309],[3.7841766,48.50574772],[3.78415544,48.50569028],[3.78410976,48.50571398],[3.7840664,48.50571156],[3.78395304,48.5057357],[3.78393571,48.50575381],[3.78397666,48.50577603],[3.78396558,48.50584987],[3.78394959,48.50586707],[3.78393911,48.50589053],[3.78398823,48.50591629],[3.78403262,48.50589711],[3.78408298,48.50591477],[3.78412596,48.505892],[3.78415293,48.50588462],[3.7841699,48.50593309]]]]},"properties":{"nature":"Haie","precision":3,"modifiedAt":null}},{"type":"Feature","id":"ZONEVEGE0000002321891022","geometry":{"type":"MultiPolygon","coordinates":[[[[3.7833974,48.500257],[3.78338215,48.50023281],[3.78334162,48.50023847],[3.78329588,48.50025767],[3.78320913,48.50025014],[3.78318933,48.50028356],[3.78325727,48.5003011],[3.78329547,48.50032064],[3.7833497,48.50032658],[3.7833761,48.50028143],[3.7833974,48.500257]]]]},"properties":{"nature":"Haie","precision":3,"modifiedAt":null}},{"type":"Feature","id":"ZONEVEGE0000002321891021","geometry":{"type":"MultiPolygon","coordinates":[[[[3.77967293,48.49986227],[3.77966472,48.49985602],[3.77960567,48.4998906],[3.77962409,48.49994625],[3.77966221,48.4999604],[3.77968263,48.49996836],[3.77982459,48.49995663],[3.77981994,48.49991708],[3.77982206,48.49987748],[3.77968251,48.4998694],[3.77967293,48.49986227]]]]},"properties":{"nature":"Haie","precision":3,"modifiedAt":null}},{"type":"Feature","id":"ZONEVEGE0000002321891019","geometry":{"type":"MultiPolygon","coordinates":[[[[3.7778552,48.49988048],[3.77782472,48.499833],[3.77775577,48.49983885],[3.77765916,48.49989706],[3.77764462,48.49992054],[3.77761796,48.4999486],[3.77764415,48.49997992],[3.77759161,48.49999736],[3.77792857,48.49998975],[3.7779582,48.49997966],[3.77791572,48.49994486],[3.77789344,48.49990272],[3.7778552,48.49988048]]]]},"properties":{"nature":"Haie","precision":3,"modifiedAt":null}},{"type":"Feature","id":"ZONEVEGE0000002321891018","geometry":{"type":"MultiPolygon","coordinates":[[[[3.77341997,48.50305725],[3.7734416,48.50305531],[3.77346601,48.50305785],[3.77347099,48.50302813],[3.77345368,48.50295627],[3.77343733,48.50294918],[3.77343131,48.50290784],[3.77337183,48.50291362],[3.77338359,48.50297652],[3.77340558,48.50299887],[3.77333469,48.50305781],[3.77335428,48.50310086],[3.77338924,48.50308444],[3.77341997,48.50305725]]]]},"properties":{"nature":"Haie","precision":3,"modifiedAt":null}},{"type":"Feature","id":"ZONEVEGE0000002321891017","geometry":{"type":"MultiPolygon","coordinates":[[[[3.77857452,48.50073582],[3.77854175,48.50071714],[3.77849184,48.50072916],[3.7784649,48.50073834],[3.77842308,48.50074761],[3.77842483,48.50077458],[3.77835913,48.5008173],[3.77844511,48.50086441],[3.77848527,48.50083356],[3.7785078,48.50080103],[3.7785726,48.50078891],[3.77857452,48.50073582]]]]},"properties":{"nature":"Haie","precision":3,"modifiedAt":null}},{"type":"Feature","id":"ZONEVEGE0000002321891016","geometry":{"type":"MultiPolygon","coordinates":[[[[3.78290884,48.50198932],[3.7828741,48.50192927],[3.78280921,48.5019351],[3.78277455,48.50197131],[3.78268653,48.50196919],[3.78264136,48.5019362],[3.7825875,48.50195545],[3.78257203,48.50200773],[3.78264605,48.50206932],[3.78277751,48.50207925],[3.78285617,48.50208862],[3.78288574,48.50207403],[3.78285518,48.50202206],[3.78290884,48.50198932]]]]},"properties":{"nature":"Haie","precision":3,"modifiedAt":null}},{"type":"Feature","id":"ZONEVEGE0000002321891013","geometry":{"type":"MultiPolygon","coordinates":[[[[3.78424647,48.50879161],[3.78426376,48.50886167],[3.7843353,48.5088468],[3.78438818,48.50885185],[3.78443805,48.50883713],[3.78453268,48.50882751],[3.78451607,48.50880332],[3.78441845,48.50879407],[3.78432519,48.50880459],[3.78428442,48.50879406],[3.78426934,48.50878156],[3.78424647,48.50879161]]]]},"properties":{"nature":"Haie","precision":3,"modifiedAt":null}},{"type":"Feature","id":"ZONEVEGE0000002321891012","geometry":{"type":"MultiPolygon","coordinates":[[[[3.78001659,48.50367536],[3.78012872,48.50365933],[3.78019652,48.50366698],[3.78023684,48.50364692],[3.78024681,48.50358928],[3.78021137,48.50357332],[3.78020038,48.5035626],[3.78016538,48.50357542],[3.78011034,48.50360727],[3.78001771,48.5035683],[3.77996801,48.50359471],[3.77999429,48.50363232],[3.77996072,48.50365054],[3.78001659,48.50367536]]]]},"properties":{"nature":"Haie","precision":3,"modifiedAt":null}},{"type":"Feature","id":"ZONEVEGE0000002321891011","geometry":{"type":"MultiPolygon","coordinates":[[[[3.76836571,48.50615599],[3.76833684,48.50612558],[3.76823133,48.50613166],[3.76803684,48.50616351],[3.76799374,48.50617908],[3.76793984,48.50619652],[3.76795646,48.50622161],[3.76811901,48.50622775],[3.76822549,48.50619558],[3.76829952,48.50616631],[3.76836571,48.50615599]]]]},"properties":{"nature":"Haie","precision":3,"modifiedAt":null}},{"type":"Feature","id":"ZONEVEGE0000002321891010","geometry":{"type":"MultiPolygon","coordinates":[[[[3.76661543,48.50367082],[3.76657706,48.50363868],[3.76645014,48.50366199],[3.76636913,48.5036769],[3.76638874,48.50372176],[3.76645418,48.50375282],[3.76661237,48.50373921],[3.76661543,48.50367082]]]]},"properties":{"nature":"Haie","precision":3,"modifiedAt":null}},{"type":"Feature","id":"ZONEVEGE0000002321891009","geometry":{"type":"MultiPolygon","coordinates":[[[[3.78149473,48.50029922],[3.78150023,48.50021371],[3.78142224,48.50015845],[3.78133179,48.50017524],[3.7813233,48.5001501],[3.78126654,48.50015677],[3.78125082,48.50019196],[3.78121079,48.50023091],[3.78122611,48.5002596],[3.78132429,48.50030753],[3.78135908,48.50028032],[3.78141606,48.50028894],[3.7814612,48.50032013],[3.78149473,48.50029922]]]]},"properties":{"nature":"Haie","precision":3,"modifiedAt":null}},{"type":"Feature","id":"ZONEVEGE0000002321891008","geometry":{"type":"MultiPolygon","coordinates":[[[[3.78345591,48.50227179],[3.78341795,48.50226845],[3.78339227,48.50227131],[3.78337776,48.50220574],[3.78333145,48.50218715],[3.78328823,48.50219373],[3.78326293,48.50222179],[3.78325311,48.50228932],[3.78328571,48.50229721],[3.78333199,48.50231399],[3.78347257,48.50229957],[3.78345591,48.50227179]]]]},"properties":{"nature":"Haie","precision":3,"modifiedAt":null}},{"type":"Feature","id":"ZONEVEGE0000002321891007","geometry":{"type":"MultiPolygon","coordinates":[[[[3.78217693,48.51128373],[3.7822322,48.51126717],[3.78234198,48.51127454],[3.78236631,48.51127169],[3.7823807,48.5112383],[3.78228156,48.51121827],[3.78218953,48.51122067],[3.78215178,48.51123171],[3.78208538,48.51122765],[3.7820105,48.51129112],[3.78208527,48.51131132],[3.78210593,48.51133457],[3.78218129,48.51130349],[3.78217693,48.51128373]]]]},"properties":{"nature":"Haie","precision":3,"modifiedAt":null}},{"type":"Feature","id":"ZONEVEGE0000002321891006","geometry":{"type":"MultiPolygon","coordinates":[[[[3.77858301,48.50240278],[3.77866508,48.50236896],[3.77869911,48.50238133],[3.77871783,48.50236592],[3.77874067,48.50235407],[3.77875107,48.50232521],[3.77876954,48.50229271],[3.77866648,48.50228079],[3.77838903,48.5022853],[3.77838033,48.50233754],[3.77842934,48.50235611],[3.77846889,48.50237564],[3.77853937,48.50238148],[3.77858301,48.50240278]]]]},"properties":{"nature":"Haie","precision":3,"modifiedAt":null}},{"type":"Feature","id":"ZONEVEGE0000002321891005","geometry":{"type":"MultiPolygon","coordinates":[[[[3.77918575,48.50114834],[3.77917342,48.50113853],[3.77912765,48.50115592],[3.77912394,48.50117933],[3.77912833,48.5012018],[3.77904736,48.50121852],[3.77906411,48.5012526],[3.77918336,48.50126081],[3.77922097,48.50124077],[3.77930611,48.50123122],[3.77928494,48.50117288],[3.77924954,48.50115962],[3.77918575,48.50114834]]]]},"properties":{"nature":"Haie","precision":3,"modifiedAt":null}},{"type":"Feature","id":"ZONEVEGE0000002321891004","geometry":{"type":"MultiPolygon","coordinates":[[[[3.78844217,48.50923615],[3.78835068,48.50918458],[3.78832857,48.50915504],[3.78826591,48.50912937],[3.78824934,48.50910788],[3.7883304,48.50909655],[3.7883367,48.50906502],[3.78822576,48.50907026],[3.7881626,48.50910216],[3.78800819,48.50909779],[3.78799417,48.50915636],[3.78794318,48.50918638],[3.78796016,48.50923575],[3.78801369,48.50919401],[3.78803517,48.50918128],[3.78805239,48.50915597],[3.7880847,48.50914406],[3.78810298,48.50918892],[3.78813046,48.50921573],[3.78814703,48.50923721],[3.78825931,48.50923107],[3.78828099,48.50923182],[3.78830725,48.50926763],[3.78834431,48.50930157],[3.78839917,48.50925803],[3.78842881,48.50924794],[3.78844217,48.50923615]]]]},"properties":{"nature":"Haie","precision":3,"modifiedAt":null}},{"type":"Feature","id":"ZONEVEGE0000002321890993","geometry":{"type":"MultiPolygon","coordinates":[[[[3.78501294,48.50853015],[3.78490794,48.50848047],[3.78495602,48.50843607],[3.7849693,48.50841889],[3.78485951,48.50841062],[3.78481301,48.50837944],[3.78474811,48.50838526],[3.78471156,48.50838551],[3.7846497,48.5084138],[3.78456306,48.50841437],[3.78454993,48.50844145],[3.78453667,48.50846043],[3.78453842,48.50848651],[3.78452523,48.50850999],[3.78477557,48.50850114],[3.78481077,48.5085009],[3.78489118,48.50853636],[3.78493191,48.50854418],[3.78498361,48.50856094],[3.78501294,48.50853015]]]]},"properties":{"nature":"Haie","precision":3,"modifiedAt":null}},{"type":"Feature","id":"ZONEVEGE0000002321891003","geometry":{"type":"MultiPolygon","coordinates":[[[[3.78431797,48.50533296],[3.78431467,48.50520253],[3.78392256,48.50523571],[3.78012669,48.50552608],[3.78011883,48.50554412],[3.78002816,48.50554652],[3.78000109,48.5055467],[3.77981173,48.50555874],[3.77980079,48.50555161],[3.77941136,48.50558295],[3.77941122,48.50593831],[3.77909186,48.5059485],[3.77853901,48.506007],[3.77885064,48.50684431],[3.77891887,48.50697161],[3.77893769,48.50696249],[3.77896991,48.50694429],[3.77899685,48.50693512],[3.77905059,48.50690688],[3.77907487,48.50690132],[3.77912885,48.50688927],[3.77917189,48.5068701],[3.77919599,48.50685195],[3.77929169,48.50682343],[3.77933217,48.50681417],[3.77934556,48.50680418],[3.77938578,48.50677783],[3.77941255,48.50675696],[3.77943937,48.50673969],[3.77954579,48.50670391],[3.77959966,48.50668467],[3.7796266,48.50667549],[3.77966411,48.50664826],[3.77971946,48.506638],[3.7797491,48.50662791],[3.77982763,48.50662829],[3.77994303,48.50655916],[3.78013587,48.50650752],[3.78017634,48.50649826],[3.78025152,48.50645548],[3.78052003,48.50639434],[3.78057784,48.50636697],[3.78063185,48.50635762],[3.78065731,48.50633946],[3.7807492,48.50632806],[3.78080567,48.5063016],[3.7808637,48.50628952],[3.78090015,48.50628209],[3.78099732,48.50626166],[3.78105536,48.50624958],[3.78112958,48.5062338],[3.78119437,48.50622078],[3.78110934,48.50587408],[3.78130947,48.50585837],[3.78143236,48.50592863],[3.78190375,48.5057636],[3.78205744,48.50608375],[3.78208446,48.50607998],[3.78227629,48.50605173],[3.78239659,48.50603924],[3.78243572,48.50602999],[3.78258302,48.50601192],[3.78264463,48.50596743],[3.7827189,48.50595435],[3.78275775,48.50592711],[3.78282406,48.50592487],[3.7828663,48.50594348],[3.78289194,48.50593792],[3.78292018,48.50592514],[3.78294982,48.50591504],[3.78298732,48.50588781],[3.78311259,48.5058456],[3.78316099,48.50582279],[3.78320147,48.50581353],[3.78330746,48.50574895],[3.78335469,48.50573875],[3.78337493,48.50573412],[3.78336257,48.5057225],[3.78333387,48.5057047],[3.78334713,48.50568572],[3.78336303,48.50566222],[3.78339939,48.50564939],[3.78346144,48.50563459],[3.78353191,48.50554866],[3.78369421,48.50553769],[3.78373057,48.50552486],[3.78376877,48.5055444],[3.78385797,48.50553391],[3.78391025,48.50549938],[3.78390849,48.5054724],[3.78393394,48.50545424],[3.78399465,48.50543945],[3.78403829,48.50546075],[3.78407512,48.5054794],[3.78412776,48.50546916],[3.78414651,48.50545554],[3.78417197,48.50543738],[3.78420068,48.50545608],[3.78421821,48.50545147],[3.78424634,48.50543149],[3.78431268,48.50543195],[3.78433389,48.50540122],[3.78428468,48.50537006],[3.78431797,48.50533296]]]]},"properties":{"nature":"Peupleraie","precision":3,"modifiedAt":null}},{"type":"Feature","id":"ZONEVEGE0000002321890985","geometry":{"type":"MultiPolygon","coordinates":[[[[3.78214189,48.4999423],[3.78217738,48.49996186],[3.78219231,48.50005532],[3.78220879,48.50007141],[3.78222347,48.50014778],[3.78225778,48.5002699],[3.78228996,48.50033986],[3.78233574,48.50032337],[3.78232286,48.50027667],[3.7823061,48.5002426],[3.78229128,48.50015633],[3.78226724,48.50008722],[3.78223533,48.50003525],[3.78224373,48.49996322],[3.78228809,48.49994224],[3.78214189,48.4999423]]]]},"properties":{"nature":"Haie","precision":3,"modifiedAt":null}},{"type":"Feature","id":"ZONEVEGE0000002321891002","geometry":{"type":"MultiPolygon","coordinates":[[[[3.78455418,48.50456131],[3.78453342,48.50453086],[3.78441139,48.50451817],[3.78438001,48.50450219],[3.78429887,48.50450812],[3.78424477,48.50451118],[3.78423957,48.5045256],[3.78415988,48.50453783],[3.78419814,48.50456186],[3.7842525,48.5045759],[3.78422176,48.50460219],[3.78418819,48.5046204],[3.78420235,48.50466259],[3.78426488,48.50467927],[3.78431167,48.50473024],[3.78434979,48.50474439],[3.78437294,48.50466327],[3.78439967,48.5046397],[3.78445911,48.50463121],[3.78446924,48.50458436],[3.78455418,48.50456131]]]]},"properties":{"nature":"Haie","precision":3,"modifiedAt":null}},{"type":"Feature","id":"ZONEVEGE0000002321891001","geometry":{"type":"MultiPolygon","coordinates":[[[[3.77794314,48.50526421],[3.7779105,48.50525453],[3.77789501,48.50521414],[3.77801533,48.50520256],[3.77810926,48.50514617],[3.77808195,48.50513015],[3.77806828,48.50512125],[3.7780396,48.50510434],[3.77803936,48.50508815],[3.77795516,48.50507071],[3.77792983,48.5050061],[3.77791481,48.5049972],[3.77789899,48.50493433],[3.77760242,48.50492908],[3.77760326,48.50489399],[3.77758002,48.50487884],[3.77752242,48.5049206],[3.77754679,48.50492045],[3.77756339,48.50503549],[3.77757952,48.50502819],[3.77763462,48.50500084],[3.77779447,48.50500699],[3.77781745,48.50500504],[3.77788137,48.50502441],[3.77787533,48.50507393],[3.77787833,48.5050937],[3.77786114,48.5051208],[3.77770536,48.50511463],[3.77765457,48.50515904],[3.77770166,48.5052307],[3.77769274,48.50526855],[3.77794314,48.50526421]]]]},"properties":{"nature":"Haie","precision":3,"modifiedAt":null}},{"type":"Feature","id":"ZONEVEGE0000002321891000","geometry":{"type":"MultiPolygon","coordinates":[[[[3.7819354,48.50052932],[3.78188722,48.50047566],[3.78182911,48.50048234],[3.78181086,48.50052924],[3.7817212,48.5005991],[3.78180011,48.50062557],[3.78183505,48.50060825],[3.78187236,48.50056842],[3.7819354,48.50052932]]]]},"properties":{"nature":"Haie","precision":3,"modifiedAt":null}},{"type":"Feature","id":"ZONEVEGE0000002321890999","geometry":{"type":"MultiPolygon","coordinates":[[[[3.77929731,48.501915],[3.77936025,48.5018687],[3.77938881,48.50187751],[3.7794093,48.50188997],[3.77940822,48.50181711],[3.77936003,48.50176255],[3.77929558,48.50170719],[3.77924728,48.50164544],[3.77919166,48.5016377],[3.77919349,48.50157832],[3.77913592,48.50153011],[3.77909862,48.50147998],[3.77903984,48.50144168],[3.77899366,48.50143119],[3.77893823,48.50143605],[3.77895889,48.5014602],[3.77897323,48.50151409],[3.77901437,48.5015498],[3.77900012,48.50159308],[3.77905479,48.50162781],[3.77897924,48.50164539],[3.77895139,48.50168426],[3.77897251,48.501739],[3.77900635,48.50173878],[3.77908324,48.50172028],[3.77916849,48.50171792],[3.77919597,48.50174563],[3.77923851,48.50178404],[3.77922559,48.50182551],[3.77919359,48.501859],[3.77929731,48.501915]]]]},"properties":{"nature":"Haie","precision":3,"modifiedAt":null}},{"type":"Feature","id":"ZONEVEGE0000002321890998","geometry":{"type":"MultiPolygon","coordinates":[[[[3.78167404,48.50034122],[3.78159735,48.50028145],[3.78156252,48.50030597],[3.78158293,48.50040389],[3.78162121,48.50042973],[3.78163597,48.50042064],[3.78164775,48.50039357],[3.78167404,48.50034122]]]]},"properties":{"nature":"Haie","precision":3,"modifiedAt":null}},{"type":"Feature","id":"ZONEVEGE0000002321890997","geometry":{"type":"MultiPolygon","coordinates":[[[[3.78561272,48.50617905],[3.78555428,48.50616415],[3.78552969,48.50614991],[3.7855563,48.50611825],[3.785522,48.50608789],[3.78552819,48.50604917],[3.78546711,48.50603877],[3.7854301,48.50600843],[3.78530129,48.50599579],[3.78526825,48.50595912],[3.78511644,48.50594663],[3.78510943,48.50593048],[3.78497954,48.50593584],[3.78496085,48.50595396],[3.78486054,48.50594562],[3.78482692,48.50596024],[3.78484891,48.50598258],[3.78486003,48.5060014],[3.78487913,48.50601117],[3.78494942,48.50600441],[3.78501081,48.50603549],[3.78502667,48.5060093],[3.78509462,48.50602684],[3.78512842,48.50602392],[3.78514515,48.5060562],[3.7851199,48.50608785],[3.78516373,48.50612175],[3.78517486,48.50614146],[3.78520475,48.50614846],[3.78522928,48.5061591],[3.78532684,48.50616475],[3.78537033,48.50617616],[3.78540548,48.50617233],[3.78543408,48.50618383],[3.78549651,48.50619422],[3.78545259,48.50624489],[3.78552446,48.50625251],[3.78557696,48.50623237],[3.78559675,48.50619805],[3.78561272,48.50617905]]]]},"properties":{"nature":"Haie","precision":3,"modifiedAt":null}},{"type":"Feature","id":"ZONEVEGE0000002321890996","geometry":{"type":"MultiPolygon","coordinates":[[[[3.77824616,48.50506611],[3.77829068,48.50505502],[3.77836786,48.50505631],[3.77842197,48.50505326],[3.77874967,48.50505831],[3.7787952,48.50502472],[3.77881224,48.50498683],[3.77883067,48.50495162],[3.77874654,48.50493868],[3.77872429,48.50489924],[3.77867446,48.50491666],[3.77864617,48.50492584],[3.77862017,48.50490712],[3.77864699,48.50488985],[3.77865342,48.50486732],[3.77857905,48.5048732],[3.77855196,48.50487248],[3.7785249,48.50487356],[3.77847345,48.50487299],[3.77843978,48.50488491],[3.77832714,48.50486676],[3.77826798,48.50489413],[3.77816663,48.50490649],[3.77814845,48.50495879],[3.77813251,48.50497959],[3.77813726,48.50502544],[3.77820786,48.50503937],[3.77824616,48.50506611]]]]},"properties":{"nature":"Bois","precision":3,"modifiedAt":null}},{"type":"Feature","id":"ZONEVEGE0000002321890995","geometry":{"type":"MultiPolygon","coordinates":[[[[3.77982671,48.49964355],[3.77982081,48.4996112],[3.77974917,48.49961796],[3.77970486,48.49964255],[3.77967721,48.49969491],[3.77969647,48.49971547],[3.77972556,48.49976026],[3.77977016,48.49975547],[3.779808,48.49975072],[3.77983329,48.49972177],[3.77984073,48.49967584],[3.77984442,48.49965153],[3.77982671,48.49964355]]]]},"properties":{"nature":"Haie","precision":3,"modifiedAt":null}},{"type":"Feature","id":"ZONEVEGE0000002321890994","geometry":{"type":"MultiPolygon","coordinates":[[[[3.77807357,48.50292161],[3.7780865,48.50288104],[3.77805918,48.50286413],[3.77804497,48.50281924],[3.77801777,48.50281042],[3.77799057,48.5028025],[3.77799046,48.50270355],[3.77793889,48.50269489],[3.77783551,48.50275314],[3.77776759,48.50273739],[3.77778885,48.50271026],[3.7777654,48.50268073],[3.77778244,48.50264283],[3.77778217,48.50262484],[3.77780844,48.50257069],[3.77789897,48.5025593],[3.77791462,48.50251872],[3.77785766,48.50251189],[3.77781969,48.50250764],[3.77775591,48.50249727],[3.77769398,48.50252016],[3.77767323,48.50258147],[3.77765598,48.50260498],[3.77758174,48.50261986],[3.77758136,48.50268553],[3.77758056,48.50281418],[3.77759858,48.50284285],[3.77765155,48.5028542],[3.77766856,48.50290627],[3.77769723,48.50292228],[3.77774975,48.50290394],[3.77785246,48.50289157],[3.77788647,48.50290304],[3.77792476,48.50292888],[3.77800745,48.50293644],[3.77802112,48.50294535],[3.77807357,48.50292161]]]]},"properties":{"nature":"Haie","precision":3,"modifiedAt":null}},{"type":"Feature","id":"ZONEVEGE0000002321890992","geometry":{"type":"MultiPolygon","coordinates":[[[[3.77913057,48.50381432],[3.77908259,48.50377415],[3.77900821,48.50377914],[3.778984,48.50379009],[3.77893001,48.50380034],[3.77894176,48.50386234],[3.77897326,48.50388732],[3.77898574,48.50390703],[3.77901129,48.50389517],[3.77905988,48.50388585],[3.77909048,48.50384967],[3.77913057,48.50381432]]]]},"properties":{"nature":"Haie","precision":3,"modifiedAt":null}},{"type":"Feature","id":"ZONEVEGE0000002321890991","geometry":{"type":"MultiPolygon","coordinates":[[[[3.78174685,48.50195738],[3.78175872,48.50193571],[3.78181793,48.50191193],[3.78185458,48.50191889],[3.78189952,48.50193659],[3.78192896,48.5019139],[3.78189704,48.50186103],[3.78187979,48.50188454],[3.78182421,48.50187951],[3.78172014,48.50189099],[3.78171304,48.50186854],[3.78175443,48.50182959],[3.78171749,48.50180374],[3.78169046,48.50180662],[3.78165506,48.50179335],[3.78161992,48.50179718],[3.78159959,48.50179552],[3.78153607,48.50180223],[3.78150333,48.50178536],[3.781491,48.50177554],[3.78146279,48.50179012],[3.78144248,48.50188112],[3.78152934,48.50189584],[3.78154046,48.50191556],[3.78158795,48.50192244],[3.78161949,48.50195012],[3.7816614,48.50194625],[3.78168606,48.50196588],[3.78174685,48.50195738]]]]},"properties":{"nature":"Haie","precision":3,"modifiedAt":null}},{"type":"Feature","id":"ZONEVEGE0000002321890990","geometry":{"type":"MultiPolygon","coordinates":[[[[3.78546062,48.50126446],[3.78541444,48.50125397],[3.7853857,48.50123347],[3.7852978,48.50123945],[3.78527086,48.50124862],[3.78523986,48.50125782],[3.78518951,48.50124016],[3.78515854,48.50125116],[3.78510396,48.5013127],[3.7851569,48.50132225],[3.78520588,48.50133902],[3.78523282,48.50132984],[3.78547898,48.50131562],[3.78554198,48.50127382],[3.78546062,48.50126446]]]]},"properties":{"nature":"Haie","precision":3,"modifiedAt":null}},{"type":"Feature","id":"ZONEVEGE0000002321890989","geometry":{"type":"MultiPolygon","coordinates":[[[[3.78077688,48.50464017],[3.78072524,48.50462702],[3.78066712,48.50463279],[3.7806493,48.50461852],[3.78059116,48.5046234],[3.78057682,48.50466038],[3.78053653,48.50468223],[3.78055544,48.50477027],[3.78056111,48.50478733],[3.78065431,48.50477322],[3.78067521,48.50472181],[3.7807725,48.50470947],[3.7807912,48.50469225],[3.78083165,48.50468119],[3.78082031,48.50464708],[3.78077688,48.50464017]]]]},"properties":{"nature":"Haie","precision":3,"modifiedAt":null}},{"type":"Feature","id":"ZONEVEGE0000002321890988","geometry":{"type":"MultiPolygon","coordinates":[[[[3.78271581,48.50375117],[3.78268849,48.50373426],[3.78267321,48.50370827],[3.78264955,48.50366524],[3.78268145,48.50362545],[3.78265644,48.50358243],[3.78268166,48.50354898],[3.78262869,48.50353763],[3.78261351,48.50351794],[3.78261422,48.50347475],[3.78255573,48.50345625],[3.78255901,48.50340405],[3.78253553,48.50337271],[3.78248836,48.50338652],[3.78246873,48.50343253],[3.7824227,48.50343193],[3.78237969,48.50345291],[3.78234129,48.50351074],[3.78235786,48.50353222],[3.78237186,48.50356361],[3.78224215,48.50358066],[3.78230245,48.50362974],[3.78240412,48.50363897],[3.78245529,48.50362064],[3.78255532,48.50361009],[3.78259116,48.50365303],[3.78244243,48.50366571],[3.78241548,48.50367398],[3.78253318,48.50375957],[3.78255327,48.50374504],[3.78262623,48.50373557],[3.78264998,48.50378489],[3.78269441,48.50376841],[3.78271581,48.50375117]]]]},"properties":{"nature":"Haie","precision":3,"modifiedAt":null}},{"type":"Feature","id":"ZONEVEGE0000002321890987","geometry":{"type":"MultiPolygon","coordinates":[[[[3.77941014,48.50422542],[3.7794096,48.50418853],[3.7793623,48.50419424],[3.77911853,48.50418864],[3.77909336,48.50422569],[3.77912588,48.50422728],[3.77941014,48.50422542]]]]},"properties":{"nature":"Haie","precision":3,"modifiedAt":null}},{"type":"Feature","id":"ZONEVEGE0000002321890986","geometry":{"type":"MultiPolygon","coordinates":[[[[3.78421225,48.50704565],[3.78419043,48.50685418],[3.78416018,48.50682289],[3.78408581,48.50682878],[3.78407254,48.50684686],[3.78406062,48.50686493],[3.78406538,48.50691168],[3.78401525,48.50690931],[3.78399428,48.50695533],[3.78398101,48.50697341],[3.78400957,48.50698222],[3.78402325,48.50699112],[3.78405588,48.5070008],[3.78403746,48.50703601],[3.78406466,48.50704483],[3.78410161,48.50707067],[3.78414371,48.50707939],[3.78421225,48.50704565]]]]},"properties":{"nature":"Haie","precision":3,"modifiedAt":null}},{"type":"Feature","id":"ZONEVEGE0000002321890983","geometry":{"type":"MultiPolygon","coordinates":[[[[3.78416613,48.50087987],[3.7841505,48.5008305],[3.78412167,48.5008037],[3.78410733,48.50074981],[3.78408961,48.50074183],[3.78403981,48.50076105],[3.78401383,48.50056241],[3.78398656,48.50054909],[3.78391356,48.50055587],[3.78390098,48.50061983],[3.78392829,48.50063584],[3.78392403,48.50071324],[3.78395952,48.5007328],[3.78390857,48.50076552],[3.78388667,48.50074947],[3.78385763,48.50070828],[3.78374974,48.50073598],[3.78367952,48.50074724],[3.78366092,48.50077075],[3.78371524,48.50078209],[3.7837308,48.50082697],[3.78379707,48.50082293],[3.7838258,48.50084343],[3.78387498,48.5008728],[3.78392739,48.50084726],[3.7840092,48.50088631],[3.78404844,48.50106687],[3.78412494,48.50102229],[3.7841517,48.50100142],[3.78420704,48.50099026],[3.78422124,48.50094428],[3.78416613,48.50087987]]]]},"properties":{"nature":"Haie","precision":3,"modifiedAt":null}},{"type":"Feature","id":"ZONEVEGE0000002321890982","geometry":{"type":"MultiPolygon","coordinates":[[[[3.77674985,48.50001276],[3.77670181,48.49996809],[3.77666123,48.49997016],[3.77662993,48.49995957],[3.77674148,48.49990486],[3.77677843,48.49993161],[3.77682323,48.49994031],[3.77685936,48.49991218],[3.7768863,48.49990301],[3.77700572,48.49983206],[3.77700412,48.49981498],[3.77701641,48.49973123],[3.77697111,48.49968834],[3.77691679,48.499677],[3.7768867,48.49965561],[3.77682587,48.4996614],[3.7767292,48.49971512],[3.77669363,48.49969016],[3.77661901,48.49967895],[3.77655832,48.49969374],[3.77653735,48.49974066],[3.77649244,48.49972476],[3.77640946,48.49978828],[3.77639433,48.49986394],[3.77645673,48.49987253],[3.77651058,48.49985239],[3.77656203,48.49985295],[3.77655859,48.49989526],[3.77637199,48.49990907],[3.77635862,48.49992085],[3.77642549,48.4999573],[3.77644349,48.49998417],[3.77644248,48.50000757],[3.77674985,48.50001276]]]]},"properties":{"nature":"Haie","precision":3,"modifiedAt":null}},{"type":"Feature","id":"ZONEVEGE0000002321890981","geometry":{"type":"MultiPolygon","coordinates":[[[[3.77801938,48.5045629],[3.77799418,48.50450638],[3.77793334,48.50451218],[3.77787123,48.50452338],[3.77761575,48.50454935],[3.77757279,48.50457392],[3.77761091,48.50458806],[3.77765571,48.50459676],[3.77767899,48.5046146],[3.77773553,48.50459264],[3.77788148,48.50457549],[3.77801938,48.5045629]]]]},"properties":{"nature":"Haie","precision":3,"modifiedAt":null}},{"type":"Feature","id":"ZONEVEGE0000002321890980","geometry":{"type":"MultiPolygon","coordinates":[[[[3.78857414,48.51108042],[3.78856032,48.51106162],[3.78859251,48.51104161],[3.78857318,48.51101655],[3.78857279,48.51099046],[3.78857123,48.51097698],[3.78847625,48.51096321],[3.78842801,48.51090686],[3.78839437,48.51092058],[3.78835665,48.51093342],[3.7883409,48.51096681],[3.78830178,48.51097607],[3.78827497,48.51099424],[3.78815176,48.51099415],[3.78816832,48.51101474],[3.78820794,48.51103876],[3.7882219,48.51106656],[3.78825046,48.51107537],[3.78827768,48.51108418],[3.78837919,48.51108171],[3.78845449,48.51113699],[3.78842794,48.51117225],[3.78844432,48.51118114],[3.78852242,48.51115273],[3.78854936,48.51114355],[3.78856794,48.51111824],[3.78861787,48.51110711],[3.78861476,48.51108015],[3.78857414,48.51108042]]]]},"properties":{"nature":"Haie","precision":3,"modifiedAt":null}},{"type":"Feature","id":"ZONEVEGE0000002321890979","geometry":{"type":"MultiPolygon","coordinates":[[[[3.78927999,48.50912893],[3.78926089,48.50911916],[3.78915804,48.50912254],[3.78915422,48.50913876],[3.78923335,48.50917872],[3.78929365,48.5092269],[3.78937497,48.50923266],[3.78936104,48.50920666],[3.78929419,48.50917292],[3.78927999,48.50912893]]]]},"properties":{"nature":"Haie","precision":3,"modifiedAt":null}},{"type":"Feature","id":"ZONEVEGE0000002321890978","geometry":{"type":"MultiPolygon","coordinates":[[[[3.78668035,48.50740628],[3.78673691,48.50738612],[3.78699296,48.50739702],[3.78702393,48.50738602],[3.78709284,48.50737656],[3.78717296,48.50739313],[3.78721506,48.50740184],[3.78721264,48.50733079],[3.7867211,48.50732505],[3.78651266,48.50732913],[3.78648153,48.50732933],[3.78642789,48.50736387],[3.7864822,48.50737431],[3.78650941,48.50738313],[3.78663137,48.50739042],[3.78668035,48.50740628]]]]},"properties":{"nature":"Haie","precision":3,"modifiedAt":null}},{"type":"Feature","id":"ZONEVEGE0000002321890977","geometry":{"type":"MultiPolygon","coordinates":[[[[3.78858612,48.51061613],[3.7886098,48.51057009],[3.78857442,48.51055863],[3.788424,48.51054973],[3.78843019,48.51051101],[3.78839641,48.51051573],[3.78836695,48.51053752],[3.78822777,48.51055643],[3.78818264,48.51061611],[3.78826401,48.51062546],[3.78830211,48.5106378],[3.78839789,48.51061468],[3.78844271,48.51062338],[3.78849442,48.51064103],[3.78852136,48.51063185],[3.78858612,48.51061613]]]]},"properties":{"nature":"Haie","precision":3,"modifiedAt":null}},{"type":"Feature","id":"ZONEVEGE0000002321890976","geometry":{"type":"MultiPolygon","coordinates":[[[[3.78008634,48.50326737],[3.78005904,48.50325225],[3.78001041,48.50325977],[3.78000702,48.50330477],[3.78005595,48.50331795],[3.78008471,48.50334025],[3.78010656,48.5033527],[3.78012039,48.5033724],[3.7802013,48.50335118],[3.78028098,48.50333806],[3.78028212,48.50332366],[3.78017182,48.5032803],[3.78008634,48.50326737]]]]},"properties":{"nature":"Haie","precision":3,"modifiedAt":null}},{"type":"Feature","id":"ZONEVEGE0000002321890975","geometry":{"type":"MultiPolygon","coordinates":[[[[3.78488477,48.50874151],[3.7848762,48.50871188],[3.78482757,48.5087194],[3.78477474,48.50871705],[3.78470733,48.50873639],[3.78462356,48.50874774],[3.78459217,48.50882171],[3.78470876,48.50883174],[3.78474399,48.50883421],[3.78476962,48.50882774],[3.78481818,48.50881572],[3.784971,48.50880392],[3.7849635,48.50875539],[3.78488477,48.50874151]]]]},"properties":{"nature":"Haie","precision":3,"modifiedAt":null}},{"type":"Feature","id":"ZONEVEGE0000002321890974","geometry":{"type":"MultiPolygon","coordinates":[[[[3.78023443,48.5020285],[3.78018048,48.50195059],[3.78009622,48.50192865],[3.78002697,48.50191471],[3.78000607,48.50187436],[3.77993111,48.50184067],[3.7798483,48.50182502],[3.77986291,48.50180603],[3.77993269,48.50176509],[3.77991291,48.50170944],[3.77989516,48.50169876],[3.77982618,48.50170281],[3.77979692,48.50173809],[3.77979081,48.50178221],[3.77981282,48.50180636],[3.77977409,48.5018417],[3.77982207,48.50188187],[3.77983788,48.50194384],[3.77987495,48.50197868],[3.77989445,48.50201544],[3.7799366,48.50202776],[3.7799788,48.50204367],[3.78008012,48.50202951],[3.78009788,48.50204019],[3.78011864,48.50207064],[3.78015228,48.50205693],[3.78023195,48.50204381],[3.78023443,48.5020285]]]]},"properties":{"nature":"Haie","precision":3,"modifiedAt":null}},{"type":"Feature","id":"ZONEVEGE0000002321890973","geometry":{"type":"MultiPolygon","coordinates":[[[[3.78537547,48.50154481],[3.78538998,48.50151953],[3.78548078,48.50152612],[3.78548313,48.50150182],[3.78547873,48.50147935],[3.78549853,48.50144594],[3.78547604,48.50139031],[3.78547014,48.50135796],[3.78532268,48.50136433],[3.7853407,48.5013921],[3.78536251,48.50140275],[3.7853449,48.50149193],[3.78526943,48.50151492],[3.78524815,48.50154025],[3.78529747,48.50157951],[3.78533527,48.50157207],[3.78535263,48.50155666],[3.78537547,48.50154481]]]]},"properties":{"nature":"Haie","precision":3,"modifiedAt":null}},{"type":"Feature","id":"ZONEVEGE0000002321890972","geometry":{"type":"MultiPolygon","coordinates":[[[[3.78545537,48.50398859],[3.78542234,48.50395282],[3.7853385,48.50395877],[3.78532456,48.50393188],[3.78529078,48.5039366],[3.7852652,48.50394576],[3.7851706,48.50395718],[3.78518456,48.50398498],[3.78527007,48.50399971],[3.78534677,48.50405948],[3.78542153,48.50407968],[3.78546263,48.50411179],[3.78551743,48.50406465],[3.78549131,48.50403783],[3.78552189,48.50400074],[3.78545537,48.50398859]]]]},"properties":{"nature":"Haie","precision":3,"modifiedAt":null}},{"type":"Feature","id":"ZONEVEGE0000002321890969","geometry":{"type":"MultiPolygon","coordinates":[[[[3.78214189,48.4999423],[3.7821903,48.49992039],[3.78216052,48.49982972],[3.78214645,48.49979383],[3.78213049,48.49972196],[3.78211274,48.49971218],[3.78203562,48.49971449],[3.78190041,48.49972528],[3.78171106,48.49973642],[3.78164901,48.49975122],[3.78127161,48.4997699],[3.78125305,48.49979611],[3.7810234,48.49982821],[3.78104265,48.49984787],[3.78109983,48.49986999],[3.78112067,48.49990584],[3.78114813,48.49993174],[3.78114975,48.49994973],[3.78131368,48.49995854],[3.78134372,48.49997634],[3.78131349,48.50003681],[3.78134635,48.50006179],[3.78142136,48.50000822],[3.78151432,48.50006968],[3.78165393,48.50008136],[3.78164143,48.50015071],[3.78158936,48.50019963],[3.78167146,48.50025847],[3.78176402,48.50029295],[3.78178793,48.50035306],[3.78183283,48.50036806],[3.78187569,48.50033719],[3.78190423,48.5003451],[3.7819562,48.50038074],[3.7820266,48.50038118],[3.78202635,48.50036409],[3.78201225,48.5003264],[3.78198504,48.50031758],[3.78196946,48.5002709],[3.78183414,48.50027449],[3.78180667,48.50024768],[3.78179273,48.50022079],[3.78169801,48.50022321],[3.78169443,48.50016476],[3.78171781,48.50009893],[3.78176082,48.50007795],[3.78180121,48.50006329],[3.78178301,48.50002293],[3.78167907,48.50004251],[3.78165972,48.50001564],[3.78162453,48.50001588],[3.78158569,48.50004402],[3.78152052,48.50003095],[3.78148892,48.49999968],[3.78145596,48.4999684],[3.7815275,48.49995444],[3.78164917,48.49994374],[3.78158336,48.4998875],[3.78163308,48.49986288],[3.78166001,48.49985371],[3.78168521,48.49981846],[3.78173745,48.49978123],[3.78195521,48.499769],[3.78195683,48.49978698],[3.7819571,48.49980497],[3.78198869,48.49983535],[3.78197333,48.49989483],[3.78196006,48.49991291],[3.78196033,48.4999309],[3.78186575,48.49994322],[3.78214189,48.4999423]]]]},"properties":{"nature":"Haie","precision":3,"modifiedAt":null}},{"type":"Feature","id":"ZONEVEGE0000002321890968","geometry":{"type":"MultiPolygon","coordinates":[[[[3.78158913,48.50054779],[3.78156186,48.50053448],[3.78150374,48.50054026],[3.78149139,48.50052954],[3.78146963,48.50052249],[3.78141444,48.50054354],[3.78139633,48.50050948],[3.78144733,48.50047945],[3.78145318,48.50041824],[3.78139915,48.50042579],[3.78138112,48.50048799],[3.78133144,48.5005153],[3.78125014,48.50050954],[3.78123421,48.50053124],[3.78127497,48.50054086],[3.78132681,48.50056751],[3.7812747,48.50061374],[3.78128052,48.50064069],[3.78143364,48.50065137],[3.78153674,48.50066599],[3.78155918,48.50062716],[3.78157518,48.50061086],[3.78158913,48.50054779]]]]},"properties":{"nature":"Haie","precision":3,"modifiedAt":null}},{"type":"Feature","id":"ZONEVEGE0000002321890967","geometry":{"type":"MultiPolygon","coordinates":[[[[3.78230476,48.50096951],[3.78233818,48.5009414],[3.78240321,48.50094457],[3.78242023,48.50090578],[3.78243349,48.5008877],[3.78245157,48.50073824],[3.78240791,48.50071513],[3.78237038,48.50074057],[3.78230291,48.50075451],[3.78225256,48.50073685],[3.78221181,48.50072812],[3.78218659,48.50076157],[3.7822456,48.50081516],[3.78229184,48.50082925],[3.78223069,48.50090433],[3.78221652,48.500953],[3.78228042,48.50097147],[3.78230476,48.50096951]]]]},"properties":{"nature":"Haie","precision":3,"modifiedAt":null}},{"type":"Feature","id":"ZONEVEGE0000002321890966","geometry":{"type":"MultiPolygon","coordinates":[[[[3.78078771,48.50500355],[3.78078599,48.50497927],[3.78093626,48.50497918],[3.780936,48.50496119],[3.78086613,48.50490587],[3.7808967,48.50486789],[3.78094025,48.5048829],[3.78098334,48.50486732],[3.78101912,48.50481581],[3.78105316,48.50482908],[3.78107691,48.5048784],[3.7811214,48.50486551],[3.78112214,48.50482412],[3.78107964,48.50478842],[3.78110462,48.50473878],[3.78106516,48.50472554],[3.78103523,48.50471584],[3.78100242,48.50469447],[3.78090643,48.50470319],[3.7808799,48.50473935],[3.78092227,48.50476696],[3.78082461,48.50484497],[3.78081175,48.50489094],[3.78073162,48.50487347],[3.78062914,48.50490113],[3.78064983,48.50492709],[3.78067867,48.50495479],[3.78068154,48.50496556],[3.78069288,48.50499968],[3.78070804,48.50501757],[3.78072875,48.50504442],[3.78078792,48.50501794],[3.78078771,48.50500355]]]]},"properties":{"nature":"Haie","precision":3,"modifiedAt":null}},{"type":"Feature","id":"ZONEVEGE0000002321890965","geometry":{"type":"MultiPolygon","coordinates":[[[[3.77626029,48.50269867],[3.77633711,48.50267568],[3.77638195,48.50268708],[3.77642823,48.50270387],[3.77652148,48.50269336],[3.77654412,48.50266802],[3.77650334,48.5026566],[3.7765138,48.50263134],[3.77655155,48.5026212],[3.77651971,48.50257372],[3.7763977,48.50256193],[3.77637029,48.50253961],[3.77630403,48.50254454],[3.77624068,48.50256295],[3.77620307,48.50258299],[3.77612469,48.5025925],[3.77611034,48.50262858],[3.77608372,48.50265934],[3.77614419,48.50272102],[3.77617783,48.5027073],[3.77626029,48.50269867]]]]},"properties":{"nature":"Haie","precision":3,"modifiedAt":null}},{"type":"Feature","id":"ZONEVEGE0000002321890964","geometry":{"type":"MultiPolygon","coordinates":[[[[3.77882223,48.50702802],[3.77854214,48.50703886],[3.77853462,48.50698853],[3.77849838,48.50700946],[3.77848293,48.50706353],[3.77835716,48.50707245],[3.77828143,48.50707835],[3.77825679,48.50706052],[3.77823232,48.50705348],[3.77821073,48.50714988],[3.77823911,48.5071461],[3.77823534,48.50716591],[3.7782303,48.50719114],[3.77816973,48.50721492],[3.77812248,48.50722423],[3.7780917,48.50724872],[3.77803785,48.50726887],[3.77795165,48.50720826],[3.77793444,48.50732532],[3.77765834,48.50733163],[3.77767493,48.50735491],[3.77773723,48.5073563],[3.77781975,48.50735216],[3.77787176,48.5073896],[3.77791272,48.50741273],[3.77790084,48.5074335],[3.77786215,48.50747243],[3.77787658,48.50753261],[3.77790413,48.50756392],[3.77790729,48.50759449],[3.77789254,48.50760448],[3.777825,48.50761482],[3.77777112,48.50763316],[3.77772666,48.50764785],[3.77773295,48.50770718],[3.77788737,48.50771247],[3.77797814,48.50771637],[3.77798784,48.50763984],[3.7780011,48.50762086],[3.77801397,48.5075758],[3.77805245,48.50752337],[3.77807144,48.50743418],[3.77816597,48.50741827],[3.77819858,48.50733439],[3.77826324,48.50731237],[3.7783224,48.507285],[3.77837126,48.50729277],[3.77840697,48.50732762],[3.77845843,48.50732819],[3.77853329,48.50726382],[3.77855861,48.50723667],[3.77858543,48.5072194],[3.77859854,48.50719052],[3.77863878,48.50716507],[3.77865201,48.50714429],[3.77869088,48.50711795],[3.77872288,48.50708445],[3.77882223,48.50702802]]]]},"properties":{"nature":"Haie","precision":3,"modifiedAt":null}},{"type":"Feature","id":"ZONEVEGE0000002321890963","geometry":{"type":"MultiPolygon","coordinates":[[[[3.78424647,48.50879161],[3.78425414,48.50876097],[3.7841671,48.50873546],[3.78401832,48.50874544],[3.78396106,48.50871882],[3.78396335,48.50869092],[3.78399544,48.50866372],[3.78410278,48.5086891],[3.78415124,48.50867079],[3.78422846,48.50867388],[3.78424684,48.50872593],[3.78426008,48.50870606],[3.78429879,48.50866892],[3.78431206,48.50865083],[3.78437755,48.50859373],[3.7843917,48.50854415],[3.78444432,48.50853211],[3.78446173,48.5085194],[3.78445575,48.50848166],[3.78437612,48.50849837],[3.78436203,48.50846158],[3.78432399,48.50845284],[3.78425546,48.50848748],[3.78424515,48.50843177],[3.78417932,48.50846549],[3.78406416,48.50846085],[3.78392755,48.50846985],[3.78387513,48.50849538],[3.7838151,48.50846429],[3.78378011,48.50847892],[3.78375289,48.5084692],[3.78370131,48.50846054],[3.78371639,48.5085639],[3.783783,48.50858146],[3.78383652,48.50862968],[3.78376566,48.50868953],[3.7838273,48.5087377],[3.78384257,48.50876279],[3.78378858,48.50877394],[3.78376475,48.50881008],[3.78380594,48.50884849],[3.78387614,48.50883454],[3.78423585,48.50880607],[3.78424647,48.50879161]]]]},"properties":{"nature":"Haie","precision":3,"modifiedAt":null}},{"type":"Feature","id":"ZONEVEGE0000002321890962","geometry":{"type":"MultiPolygon","coordinates":[[[[3.78362827,48.51091252],[3.783644,48.51087823],[3.78366009,48.51086732],[3.78383177,48.5108491],[3.78388579,48.51083975],[3.78395871,48.51082667],[3.7840477,48.51080179],[3.78419644,48.51078912],[3.78430175,48.51076863],[3.78431335,48.51063901],[3.78429366,48.51040883],[3.78415835,48.51041422],[3.78403677,48.51043302],[3.78392591,48.51044365],[3.78387419,48.51042599],[3.78380214,48.51040668],[3.78375209,48.51040971],[3.78370091,48.51042804],[3.78361711,48.51043759],[3.78350775,48.5104581],[3.78347693,48.51047989],[3.78345683,48.51049352],[3.78345579,48.51051512],[3.78339738,48.51050201],[3.78329453,48.51050538],[3.78328086,48.51049648],[3.78325906,48.51048763],[3.78319989,48.510515],[3.78316197,48.51051436],[3.78313663,48.51063057],[3.78317781,48.51066809],[3.78317587,48.51071938],[3.7831979,48.51074442],[3.78316868,48.5107824],[3.78319674,48.51084789],[3.78321082,48.51088378],[3.78325833,48.51089246],[3.7834329,48.51088591],[3.7835119,48.51091778],[3.78362827,48.51091252]]]]},"properties":{"nature":"Bois","precision":3,"modifiedAt":null}},{"type":"Feature","id":"ZONEVEGE0000002321890961","geometry":{"type":"MultiPolygon","coordinates":[[[[3.78370253,48.50183474],[3.78377398,48.50181448],[3.78385255,48.50181846],[3.78386548,48.50177789],[3.7838774,48.50175982],[3.7838931,48.50172373],[3.78395821,48.5017323],[3.78400031,48.50174102],[3.78405238,48.50169299],[3.78403654,48.50162922],[3.78399572,48.5016151],[3.78384669,48.50160709],[3.78382995,48.50157391],[3.78375168,48.50159062],[3.78372894,48.50160876],[3.78368401,48.50159197],[3.78367691,48.50156952],[3.78364314,48.50157424],[3.78360266,48.50158351],[3.78350814,48.50159942],[3.7835372,48.50164151],[3.78360978,48.50169771],[3.78368765,48.50165402],[3.78372613,48.50169245],[3.7836778,48.50171975],[3.78364704,48.50174515],[3.78360798,48.501758],[3.78362623,48.50180196],[3.78367653,48.50181602],[3.78370253,48.50183474]]]]},"properties":{"nature":"Haie","precision":3,"modifiedAt":null}},{"type":"Feature","id":"ZONEVEGE0000002321890960","geometry":{"type":"MultiPolygon","coordinates":[[[[3.78173494,48.50106682],[3.7817497,48.50105773],[3.78178252,48.50108],[3.78181121,48.50109781],[3.7818661,48.50105696],[3.78191063,48.50104677],[3.78193874,48.5010259],[3.78193389,48.50097285],[3.78187897,48.50092103],[3.78188211,48.50085894],[3.78184678,48.50085018],[3.78178115,48.50089739],[3.78168636,48.50089531],[3.78165217,48.50087215],[3.7816297,48.50081742],[3.78153477,48.50080635],[3.78154113,48.50068755],[3.78150615,48.50070218],[3.78145468,48.50070072],[3.78142103,48.50071353],[3.78140172,48.50078023],[3.78151018,48.50079121],[3.78152561,48.5008271],[3.7815804,48.50087082],[3.78159448,48.50090671],[3.78161651,48.50093176],[3.78176964,48.50094245],[3.78178647,48.50098192],[3.78171911,48.50100395],[3.78167871,48.50101771],[3.78155845,48.5010329],[3.78151811,48.50105116],[3.78144925,48.5010633],[3.78145121,48.50110378],[3.78150551,48.50111421],[3.78154626,48.50112294],[3.78160027,48.50111359],[3.7816678,48.50110325],[3.78171351,48.50108226],[3.78173494,48.50106682]]]]},"properties":{"nature":"Haie","precision":3,"modifiedAt":null}},{"type":"Feature","id":"ZONEVEGE0000002321890959","geometry":{"type":"MultiPolygon","coordinates":[[[[3.78108518,48.50397871],[3.78106307,48.50394827],[3.7809359,48.5039545],[3.78093629,48.50398059],[3.7810044,48.50400893],[3.78097757,48.5040253],[3.78092368,48.50404275],[3.7809375,48.50406155],[3.78095266,48.50407944],[3.78091912,48.50410036],[3.78099852,48.50415921],[3.78103331,48.50413199],[3.78107221,48.50410745],[3.7810886,48.50402637],[3.78111386,48.50399562],[3.78108518,48.50397871]]]]},"properties":{"nature":"Haie","precision":3,"modifiedAt":null}},{"type":"Feature","id":"ZONEVEGE0000002321890958","geometry":{"type":"MultiPolygon","coordinates":[[[[3.78020951,48.50444958],[3.78029859,48.504431],[3.78036652,48.50444765],[3.78039342,48.50443577],[3.78037585,48.50434683],[3.78032716,48.50434984],[3.7802836,48.50433394],[3.78027483,48.50428991],[3.78021941,48.50429567],[3.78022975,48.50435408],[3.78014573,48.50434834],[3.7801083,48.50438007],[3.78015196,48.50440317],[3.78007007,48.50444959],[3.78014492,48.50447609],[3.78020951,48.50444958]]]]},"properties":{"nature":"Haie","precision":3,"modifiedAt":null}},{"type":"Feature","id":"ZONEVEGE0000002321890957","geometry":{"type":"MultiPolygon","coordinates":[[[[3.78188872,48.51165987],[3.78192639,48.51164343],[3.78197655,48.5116476],[3.78200995,48.51161769],[3.78205216,48.5116336],[3.78210381,48.51164676],[3.7821552,48.51164282],[3.7821464,48.511597],[3.78210719,48.51160086],[3.78205963,48.51158947],[3.78204593,48.51157877],[3.78203116,48.51158696],[3.78201379,48.51160237],[3.78199494,48.51160969],[3.78197301,48.51159184],[3.78191062,48.51158506],[3.7818393,48.51161431],[3.78188872,48.51165987]]]]},"properties":{"nature":"Haie","precision":3,"modifiedAt":null}},{"type":"Feature","id":"ZONEVEGE0000002321890956","geometry":{"type":"MultiPolygon","coordinates":[[[[3.77798104,48.49960257],[3.77799931,48.49955657],[3.77801525,48.49953667],[3.77806645,48.49952014],[3.77807978,48.49950656],[3.77801035,48.49948002],[3.77803669,48.49943037],[3.77804299,48.49939884],[3.77802276,48.49940347],[3.77798243,48.49942263],[3.77794196,48.49943189],[3.77791234,48.49944288],[3.77787793,48.49949619],[3.77784948,48.49949457],[3.77782244,48.49949655],[3.77779522,48.49948683],[3.77776725,48.4995176],[3.77777024,48.49953647],[3.7777978,48.49956958],[3.77783026,48.49956757],[3.77791288,48.49957063],[3.777943,48.49959382],[3.77798104,48.49960257]]]]},"properties":{"nature":"Haie","precision":3,"modifiedAt":null}},{"type":"Feature","id":"ZONEVEGE0000002321890927","geometry":{"type":"MultiPolygon","coordinates":[[[[3.8101517,48.50024491],[3.81017001,48.5002034],[3.81021753,48.50021207],[3.81023691,48.50023983],[3.81025855,48.50023878],[3.81026796,48.50023422],[3.81028505,48.50020172],[3.81029133,48.50017019],[3.81009652,48.50017781],[3.81006858,48.50020949],[3.81010436,48.50024703],[3.8101517,48.50024491]]]]},"properties":{"nature":"Haie","precision":3,"modifiedAt":null}},{"type":"Feature","id":"ZONEVEGE0000002321890955","geometry":{"type":"MultiPolygon","coordinates":[[[[3.78648601,48.50591238],[3.78645981,48.50588017],[3.7865343,48.50588238],[3.78660784,48.50582071],[3.78658871,48.50580915],[3.78656781,48.5057697],[3.78646952,48.50580544],[3.78639731,48.50577533],[3.78637161,48.5057764],[3.78635657,48.5057666],[3.78632909,48.50573979],[3.78628557,48.50572659],[3.78621591,48.50568566],[3.78615232,48.50568878],[3.78612539,48.50569796],[3.78605648,48.50570741],[3.78603103,48.50572557],[3.78601763,48.50573466],[3.78605197,48.50576772],[3.78601174,48.50579317],[3.78604727,48.50581543],[3.78604618,48.50583343],[3.78613837,48.50584181],[3.78622444,48.50589342],[3.78621254,48.50591239],[3.7861873,48.50594495],[3.78618519,48.50598455],[3.78621537,48.50601133],[3.78618907,48.50606279],[3.78623136,48.5060841],[3.78648703,48.50607071],[3.78646737,48.50602316],[3.78648601,48.50591238]]]]},"properties":{"nature":"Haie","precision":3,"modifiedAt":null}},{"type":"Feature","id":"ZONEVEGE0000002321890954","geometry":{"type":"MultiPolygon","coordinates":[[[[3.77252432,48.50235867],[3.77247135,48.50234642],[3.77243484,48.50234935],[3.77235378,48.50236067],[3.7722894,48.50240158],[3.77228886,48.50245646],[3.77234356,48.50249389],[3.77237076,48.50250271],[3.7724483,48.50252829],[3.77250611,48.50250093],[3.77253979,48.50248991],[3.77258494,48.50243024],[3.77257085,48.50239255],[3.77254365,48.50238373],[3.77252432,48.50235867]]]]},"properties":{"nature":"Haie","precision":3,"modifiedAt":null}},{"type":"Feature","id":"ZONEVEGE0000002321890953","geometry":{"type":"MultiPolygon","coordinates":[[[[3.77635611,48.50249562],[3.77632173,48.50245986],[3.77631333,48.50244103],[3.77627819,48.50244485],[3.77620842,48.50248669],[3.77617302,48.50247343],[3.77599831,48.50246827],[3.77592027,48.50250027],[3.77594482,48.50251271],[3.77595595,48.50253332],[3.77590898,48.50256062],[3.77593784,48.50259012],[3.7759701,48.50257461],[3.77605392,48.50256687],[3.77607812,48.50255592],[3.77614839,48.50254736],[3.77631035,48.50251392],[3.77635611,48.50249562]]]]},"properties":{"nature":"Haie","precision":3,"modifiedAt":null}},{"type":"Feature","id":"ZONEVEGE0000002321890952","geometry":{"type":"MultiPolygon","coordinates":[[[[3.77806228,48.50234322],[3.77803497,48.50232721],[3.77803612,48.5023137],[3.77811977,48.50229426],[3.77820701,48.50224331],[3.77822151,48.50221713],[3.77802912,48.50220669],[3.77800456,48.50219336],[3.77804419,48.50212743],[3.77808481,48.50212806],[3.77813166,48.50209177],[3.7781556,48.50215459],[3.7782043,48.50215247],[3.77833861,48.50217138],[3.77838033,48.50215491],[3.77839869,48.50211521],[3.77849871,48.50210466],[3.77852105,48.50215039],[3.77858191,48.5021464],[3.77859765,48.50211211],[3.77862689,48.50207593],[3.77865427,48.50209644],[3.7786794,48.50214756],[3.77869593,48.50216724],[3.77875166,48.50218217],[3.77882828,48.50214568],[3.77889368,48.50217404],[3.77890967,48.50215684],[3.77886073,48.50214277],[3.77889541,48.50210836],[3.77890871,48.50209208],[3.77884088,48.50208262],[3.77882721,48.50207372],[3.77878762,48.50205149],[3.77874613,48.50208325],[3.77870971,48.50209248],[3.77869024,48.50205752],[3.7786319,48.50204891],[3.77859496,48.50202216],[3.77855421,48.50201343],[3.77854056,48.50200542],[3.77850794,48.50199664],[3.77851577,48.50206856],[3.77851333,48.50208657],[3.77846408,48.50205181],[3.77841927,48.5020422],[3.7784056,48.5020333],[3.77836487,48.50202547],[3.77833043,48.50198521],[3.77827501,48.50199097],[3.77825645,48.50201718],[3.77812123,48.50202796],[3.77808758,48.50204078],[3.77805545,48.50206528],[3.77802039,48.50207451],[3.77800104,48.50204764],[3.77795895,48.50203892],[3.77793376,48.50207507],[3.77792049,48.50209315],[3.77795756,48.502128],[3.77788735,48.50214015],[3.77786878,48.50216636],[3.777795,48.50221183],[3.77767199,48.50222433],[3.77765513,48.50227392],[3.77781909,48.50228454],[3.77781815,48.50231243],[3.77773447,48.50232917],[3.77770984,48.50231134],[3.77768278,48.50231242],[3.77765557,48.5023036],[3.77758501,48.50229237],[3.77756015,48.50225924],[3.77751982,48.5022784],[3.77749288,48.50228757],[3.77746604,48.50230304],[3.77752036,48.50231438],[3.77753416,48.50233228],[3.77757624,48.50234011],[3.77758992,48.50234991],[3.77762626,48.50233528],[3.7776575,48.50234227],[3.77762958,48.50237664],[3.77763265,48.50240091],[3.77771811,48.50241295],[3.77775096,48.50243702],[3.77782148,48.50244556],[3.77786371,48.50246327],[3.7778909,48.50247119],[3.77791134,48.50248005],[3.77794951,48.5024978],[3.77804643,48.50246118],[3.77811938,48.5024508],[3.77817326,48.50243246],[3.77817156,48.50240908],[3.77813212,48.50239674],[3.77811831,48.50237884],[3.77807757,48.50237011],[3.77806254,48.50236031],[3.77806228,48.50234322]]]]},"properties":{"nature":"Haie","precision":3,"modifiedAt":null}},{"type":"Feature","id":"ZONEVEGE0000002321890951","geometry":{"type":"MultiPolygon","coordinates":[[[[3.78455418,48.50456131],[3.78453333,48.50461543],[3.78455438,48.50466477],[3.78456904,48.50474024],[3.78454144,48.5047953],[3.78448838,48.50477766],[3.78435652,48.50483251],[3.78434087,48.50487219],[3.78423546,48.50488458],[3.78420846,48.50489016],[3.78424926,48.50490249],[3.78428328,48.50491396],[3.7843042,48.5049552],[3.78424912,48.50498345],[3.78415916,48.50494266],[3.78413612,48.50503188],[3.78408994,48.50502139],[3.78400181,48.50501297],[3.78390057,48.50503253],[3.7838773,48.5050156],[3.78385414,48.50500585],[3.78381949,48.50504297],[3.78373145,48.50503995],[3.78363677,48.50504597],[3.78356447,48.50509953],[3.7835294,48.50510875],[3.78350728,48.50507741],[3.78346825,48.50509296],[3.78347134,48.50511903],[3.78344576,48.5051282],[3.78335163,48.50508024],[3.78324071,48.50508637],[3.78311779,48.50510517],[3.7829606,48.50509541],[3.78291952,48.50506419],[3.78286701,48.50508343],[3.78290485,48.50516955],[3.78298486,48.50517892],[3.78302573,48.50519574],[3.78305023,48.50520457],[3.78317828,48.50516684],[3.78337577,48.50515565],[3.78349496,48.50515936],[3.78357857,48.50513722],[3.78370022,48.50512472],[3.78373523,48.50511189],[3.78382462,48.505114],[3.78384925,48.50513183],[3.78389947,48.5051405],[3.78396131,48.5051113],[3.78402495,48.50511178],[3.78406542,48.50510252],[3.78412751,48.50508951],[3.78415494,48.50502276],[3.7842395,48.50506448],[3.78426521,48.50506342],[3.78433639,48.50502516],[3.78438921,48.50502661],[3.78441959,48.50506689],[3.78450302,48.50503306],[3.78452334,48.50503382],[3.7845597,48.50502099],[3.78466941,48.50502386],[3.78464021,48.50497278],[3.78458243,48.50500195],[3.78453318,48.50496718],[3.78453662,48.50492578],[3.78448096,48.50491535],[3.78458576,48.50486248],[3.78460299,48.50483718],[3.78465696,48.50482513],[3.78473999,48.50485516],[3.78472274,48.50487867],[3.78477355,48.50492691],[3.78472123,48.50495875],[3.78479243,48.50501225],[3.7848616,48.50502079],[3.78488881,48.50502961],[3.78495256,48.50503729],[3.78501036,48.50500991],[3.78506464,48.50501855],[3.78511694,48.50498492],[3.78503554,48.50497376],[3.78496875,48.50494362],[3.78499399,48.50491106],[3.78501385,48.50488124],[3.78493133,48.50488539],[3.78492416,48.50485845],[3.7849224,48.50483147],[3.78496093,48.50478263],[3.78488174,48.50473818],[3.78486623,48.50469689],[3.78480319,48.50464513],[3.7847543,48.50463556],[3.78479019,48.50459124],[3.78468717,48.50458202],[3.7846735,48.50457312],[3.78461105,48.50456184],[3.78459872,48.50455202],[3.78455418,48.50456131]]]]},"properties":{"nature":"Haie","precision":3,"modifiedAt":null}},{"type":"Feature","id":"ZONEVEGE0000002321890928","geometry":{"type":"MultiPolygon","coordinates":[[[[3.78980641,48.50803238],[3.78978134,48.50798577],[3.7897611,48.5079904],[3.78972078,48.50801046],[3.78965443,48.50801],[3.78962814,48.50806236],[3.78970344,48.50811763],[3.78972467,48.5080887],[3.78977558,48.50805328],[3.78980641,48.50803238]]]]},"properties":{"nature":"Haie","precision":3,"modifiedAt":null}},{"type":"Feature","id":"ZONEVEGE0000002321890950","geometry":{"type":"MultiPolygon","coordinates":[[[[3.78001615,48.50355481],[3.78002038,48.50347472],[3.77998744,48.50344435],[3.780014,48.50340998],[3.77999775,48.50331833],[3.77994479,48.50330788],[3.77993866,48.50325934],[3.78004865,48.50319115],[3.7800714,48.503173],[3.78016941,48.50311838],[3.78022244,48.50313423],[3.78022408,48.50315311],[3.78015932,48.50316793],[3.78013943,48.50319595],[3.78018049,48.50322627],[3.78032112,48.50321545],[3.78034519,48.5031955],[3.78046032,48.50319924],[3.78049387,48.50317923],[3.78047962,48.50313164],[3.78041299,48.50311139],[3.7803944,48.50304493],[3.780279,48.5030232],[3.78026667,48.50301339],[3.78016118,48.50302038],[3.78012516,48.5030557],[3.78011189,48.50307378],[3.78009984,48.50308285],[3.78007731,48.50311539],[3.78001526,48.50313019],[3.77994834,48.50318191],[3.77989174,48.50319937],[3.77985955,48.50321938],[3.77984657,48.50325725],[3.77980828,48.50332227],[3.77982205,48.50333837],[3.77988043,48.50334969],[3.77987719,48.50340459],[3.77988022,48.50342616],[3.77982552,48.50348049],[3.77984072,48.50350109],[3.77989484,48.50349893],[3.77991052,48.50355191],[3.78001615,48.50355481]]]]},"properties":{"nature":"Haie","precision":3,"modifiedAt":null}},{"type":"Feature","id":"ZONEVEGE0000002321890926","geometry":{"type":"MultiPolygon","coordinates":[[[[3.7900987,48.50793238],[3.79006304,48.50790203],[3.79001057,48.50792397],[3.78995068,48.50790278],[3.78989134,48.50791847],[3.78989586,48.50794902],[3.78998139,48.50796465],[3.78996415,48.50798815],[3.78995091,48.50800803],[3.79000553,48.50803916],[3.79009162,48.5080017],[3.79008408,48.50795047],[3.7900987,48.50793238]]]]},"properties":{"nature":"Haie","precision":3,"modifiedAt":null}},{"type":"Feature","id":"ZONEVEGE0000002321890949","geometry":{"type":"MultiPolygon","coordinates":[[[[3.78325248,48.50206622],[3.78327758,48.50202467],[3.78334397,48.50202783],[3.7834004,48.50199957],[3.78343844,48.50200832],[3.78347654,48.50202156],[3.78355782,48.50202552],[3.7835616,48.5020066],[3.78353304,48.5019978],[3.7835191,48.5019709],[3.78349055,48.50196299],[3.78349411,48.50192878],[3.78346817,48.50191456],[3.78344901,48.50190029],[3.78338524,48.50189081],[3.78336586,48.50186215],[3.78330095,48.50186708],[3.78328928,48.50181048],[3.78331068,48.50179325],[3.78337029,48.50179645],[3.78341067,48.50178089],[3.78347977,48.50178493],[3.78352675,48.50175764],[3.78351137,48.50172535],[3.78347054,48.50171033],[3.78335433,48.50172459],[3.78330941,48.50170779],[3.78325368,48.50169286],[3.78326473,48.50161722],[3.78331747,48.50161327],[3.78336647,48.50163094],[3.78337561,48.50160839],[3.78334537,48.501578],[3.78328555,48.50156041],[3.78325678,48.50153811],[3.78318515,48.50154577],[3.78318031,48.50158449],[3.78319357,48.50165637],[3.78318029,48.50176442],[3.78319502,48.50184439],[3.78316196,48.50189679],[3.78318089,48.50198572],[3.78321092,48.50200262],[3.78320614,48.50204493],[3.78325248,48.50206622]]]]},"properties":{"nature":"Haie","precision":3,"modifiedAt":null}},{"type":"Feature","id":"ZONEVEGE0000002321890948","geometry":{"type":"MultiPolygon","coordinates":[[[[3.78046013,48.50537095],[3.78054663,48.50536139],[3.78063221,48.50538062],[3.78085951,48.50537103],[3.78093372,48.50535435],[3.78087199,48.50529988],[3.78090256,48.50526189],[3.78086312,48.50524955],[3.78081549,48.50523277],[3.78074145,48.50526115],[3.78067102,48.50525891],[3.78065147,48.50521946],[3.78064452,48.50520691],[3.78063058,48.50518001],[3.78061663,48.50515221],[3.78064478,48.50513314],[3.78066461,48.50510152],[3.78063471,48.50509362],[3.78061423,48.50508206],[3.78058702,48.50507324],[3.78056924,48.50506076],[3.78058635,48.50502826],[3.78056558,48.50499691],[3.78055726,48.50498347],[3.78055002,48.50495203],[3.78052978,48.50495666],[3.78046215,48.50496071],[3.78040569,48.50498717],[3.78033281,48.50500294],[3.78030184,48.50501394],[3.78028153,48.50501407],[3.78021112,48.50501274],[3.78017195,48.50501929],[3.78019545,48.50505152],[3.78019309,48.50507493],[3.7801404,48.50508247],[3.78007554,48.50509099],[3.78006178,48.50516665],[3.78015274,48.50518405],[3.78017685,48.50525766],[3.78024495,48.5052851],[3.7802696,48.50530383],[3.78026867,48.50533263],[3.78024574,48.50533818],[3.78020264,48.50535285],[3.78026007,48.50539116],[3.78031825,48.50538898],[3.78040483,48.50538481],[3.78046013,48.50537095]]]]},"properties":{"nature":"Bois","precision":3,"modifiedAt":null}},{"type":"Feature","id":"ZONEVEGE0000002321890947","geometry":{"type":"MultiPolygon","coordinates":[[[[3.78183688,48.50527374],[3.78202217,48.50526172],[3.78216977,48.50526345],[3.78222887,48.50523247],[3.78228267,48.50520873],[3.78224973,48.50517836],[3.78216746,48.50519959],[3.78209818,48.50518385],[3.7820753,48.50510214],[3.7820068,48.50513858],[3.78197635,48.50518466],[3.78192729,48.50516339],[3.78188265,48.50516548],[3.78184535,48.50520621],[3.78181983,48.50521987],[3.78178153,48.50519314],[3.78175296,48.50518433],[3.78175493,48.5052257],[3.78156563,48.50524134],[3.78152246,48.50525152],[3.78147371,48.50525094],[3.78145685,48.50520967],[3.78153905,48.50518394],[3.78153594,48.50515697],[3.78146805,48.50514302],[3.78145435,48.50513231],[3.78148225,48.50509704],[3.78144948,48.50507837],[3.78142528,48.50508932],[3.78139583,48.50511201],[3.78135909,48.50509965],[3.78129729,48.50513155],[3.78133963,48.50515646],[3.78130641,48.50519806],[3.78132171,48.50522585],[3.78133741,48.50527972],[3.78137724,48.50531814],[3.78161109,48.50529412],[3.78179776,48.50528299],[3.78183688,48.50527374]]]]},"properties":{"nature":"Haie","precision":3,"modifiedAt":null}},{"type":"Feature","id":"ZONEVEGE0000002321890946","geometry":{"type":"MultiPolygon","coordinates":[[[[3.78431467,48.50520253],[3.78431797,48.50533296],[3.78438036,48.50534064],[3.78437961,48.50538113],[3.78444353,48.5054005],[3.78446076,48.5053752],[3.78443343,48.50535828],[3.78447189,48.50530495],[3.78456784,48.50529352],[3.78458747,48.50524841],[3.78463362,48.5052562],[3.78466935,48.50529195],[3.78471525,48.50528265],[3.78479078,48.50526416],[3.78482393,48.50530802],[3.78485236,48.50530784],[3.78490475,48.5052805],[3.78503945,48.50523463],[3.78503876,48.50518875],[3.78490473,48.50518874],[3.78480945,48.50524515],[3.78479563,48.50522635],[3.78476148,48.50520588],[3.78472732,48.50518451],[3.78468534,48.50518389],[3.7846055,48.50518622],[3.78457679,48.50516751],[3.78455866,48.50513255],[3.78454108,48.50513356],[3.78441001,48.50515062],[3.78430616,48.5051765],[3.78419671,48.50519072],[3.78431445,48.50518814],[3.78431467,48.50520253]]]]},"properties":{"nature":"Haie","precision":3,"modifiedAt":null}},{"type":"Feature","id":"ZONEVEGE0000002321890945","geometry":{"type":"MultiPolygon","coordinates":[[[[3.76799335,48.50420979],[3.76801744,48.50419075],[3.76807433,48.50419308],[3.76813521,48.50418998],[3.76815869,48.50422222],[3.76819137,48.5042346],[3.76820942,48.50417331],[3.76811426,48.50414604],[3.76809908,48.50412634],[3.76812591,48.50410998],[3.76812428,48.5040911],[3.7680607,48.5040942],[3.76804431,48.50408441],[3.76810984,48.50402911],[3.76812297,48.50400114],[3.7680702,48.50400328],[3.76801438,48.50398205],[3.76806807,48.50395022],[3.76807975,48.50391595],[3.76799836,48.50390479],[3.7679776,48.50387343],[3.76793028,48.50387824],[3.76789931,48.50388923],[3.76785192,48.50388864],[3.76783566,48.50388784],[3.76772965,48.5039524],[3.76766212,48.50396274],[3.7675896,48.50400279],[3.76758154,48.50400734],[3.76756967,48.50402901],[3.76760135,48.50406569],[3.76763002,48.50408259],[3.7676628,48.50410217],[3.76769465,48.50415055],[3.76771924,48.50416568],[3.76777626,48.50417701],[3.767817,48.50418574],[3.76792814,48.50419402],[3.76795855,48.50423701],[3.76799335,48.50420979]]]]},"properties":{"nature":"Haie","precision":3,"modifiedAt":null}},{"type":"Feature","id":"ZONEVEGE0000002321890944","geometry":{"type":"MultiPolygon","coordinates":[[[[3.78356728,48.48226124],[3.78360503,48.48225199],[3.78370408,48.48226933],[3.78374317,48.48225918],[3.78379716,48.48224982],[3.78385905,48.48222602],[3.78398604,48.48221169],[3.78401296,48.48220162],[3.78409401,48.48219208],[3.78413447,48.48218282],[3.78421269,48.48216521],[3.78424879,48.48213618],[3.78434039,48.48210769],[3.78444309,48.48209802],[3.78448481,48.48208245],[3.78464833,48.48206787],[3.78463705,48.48203736],[3.78453577,48.48205152],[3.78434648,48.48206267],[3.78433323,48.48208165],[3.7842806,48.48209099],[3.78422274,48.48211297],[3.78422868,48.48205805],[3.78421633,48.48204643],[3.78412468,48.48207133],[3.78402339,48.48208459],[3.78395194,48.48210306],[3.78387496,48.48211346],[3.78376712,48.48214116],[3.78362793,48.48215378],[3.78363528,48.48219331],[3.78363283,48.48221042],[3.78357351,48.48222521],[3.78352588,48.48220753],[3.7835149,48.48228767],[3.78356728,48.48226124]]]]},"properties":{"nature":"Haie","precision":3,"modifiedAt":null}},{"type":"Feature","id":"ZONEVEGE0000002321890925","geometry":{"type":"MultiPolygon","coordinates":[[[[3.79407227,48.49942684],[3.79406119,48.49940982],[3.79401251,48.49941374],[3.79398018,48.49942386],[3.79390871,48.49944233],[3.79392423,48.49948361],[3.79391516,48.49951065],[3.79394401,48.49953835],[3.7940114,48.49951901],[3.79398255,48.49949131],[3.79401321,48.49945962],[3.79405626,48.49944224],[3.79407227,48.49942684]]]]},"properties":{"nature":"Haie","precision":3,"modifiedAt":null}},{"type":"Feature","id":"ZONEVEGE0000002321890924","geometry":{"type":"MultiPolygon","coordinates":[[[[3.80280545,48.50380246],[3.80281593,48.503779],[3.80261161,48.50378578],[3.80211954,48.50383228],[3.80214032,48.50386363],[3.8022566,48.50385385],[3.80232278,48.5038435],[3.80252568,48.50383224],[3.80262028,48.5038217],[3.80280545,48.50380246]]]]},"properties":{"nature":"Haie","precision":3,"modifiedAt":null}},{"type":"Feature","id":"ZONEVEGE0000002321890921","geometry":{"type":"MultiPolygon","coordinates":[[[[3.79755504,48.5009248],[3.79758823,48.50097136],[3.79760353,48.50099824],[3.79765089,48.50099702],[3.79767255,48.50099688],[3.79769883,48.50103359],[3.79775296,48.50103232],[3.79778139,48.50103213],[3.79780764,48.50106704],[3.79791204,48.50107804],[3.7979315,48.50102213],[3.79798277,48.50101099],[3.79799466,48.50099202],[3.79802953,48.50097019],[3.79823669,48.5009733],[3.79826629,48.5009614],[3.79826148,48.50091196],[3.79822205,48.50090053],[3.79821494,48.50087808],[3.79814056,48.50088308],[3.79810443,48.50091031],[3.79803284,48.50092069],[3.79797949,48.50088416],[3.79763043,48.5008973],[3.79755504,48.5009248]]]]},"properties":{"nature":"Haie","precision":3,"modifiedAt":null}},{"type":"Feature","id":"ZONEVEGE0000002321890942","geometry":{"type":"MultiPolygon","coordinates":[[[[3.77474329,48.50539577],[3.77449257,48.50501146],[3.77464724,48.50485032],[3.77493548,48.50447599],[3.77533527,48.50441221],[3.77532826,48.50439606],[3.77539032,48.50438126],[3.77543452,48.50434949],[3.77538547,48.50432822],[3.77535246,48.50429335],[3.77540644,48.5042813],[3.77548297,48.50423852],[3.77545127,48.50420004],[3.77549586,48.50419435],[3.77554314,48.50418774],[3.7755659,48.5041705],[3.77552355,48.50414469],[3.77551623,48.50410695],[3.77549583,48.50410079],[3.77546845,48.50408028],[3.77549638,48.50404681],[3.77554943,48.50406355],[3.77560371,48.5040722],[3.77561738,48.5040811],[3.77565798,48.50407994],[3.77567985,48.50409419],[3.77571401,48.50411556],[3.77576002,48.50411436],[3.77579387,48.50411504],[3.7758342,48.50409588],[3.77585853,48.50409302],[3.77593825,48.50408261],[3.77595277,48.50405732],[3.77591724,48.50403506],[3.77594252,48.50400521],[3.77602279,48.50403168],[3.77602317,48.50405776],[3.7760226,48.50411084],[3.77614727,48.50411903],[3.77622904,48.50406361],[3.77628022,48.50404619],[3.77630483,48.50406222],[3.77631986,48.50407202],[3.77635248,48.5040808],[3.77637346,48.50403478],[3.77632975,48.50400808],[3.7763294,48.50389293],[3.77631571,48.50388312],[3.77631548,48.50386693],[3.77629963,48.50380226],[3.77624387,48.50378553],[3.77620422,48.5037588],[3.77618509,48.50374723],[3.77616596,48.50373476],[3.77613903,48.50374483],[3.77609594,48.50376041],[3.77606494,48.50376961],[3.77603996,48.50372839],[3.77612182,48.50367927],[3.77619255,48.5037022],[3.77623199,48.50371454],[3.77629762,48.50375819],[3.77635175,48.50375694],[3.77636968,48.50377931],[3.77639966,48.50379261],[3.77641962,48.50376909],[3.77638473,48.50369825],[3.77641288,48.50367917],[3.7765169,48.5036641],[3.77645388,48.50361413],[3.77611649,48.50331945],[3.77628482,48.50325898],[3.77636831,48.50322875],[3.77650969,48.50317744],[3.77648374,48.50316142],[3.77648452,48.50312273],[3.77654637,48.50309444],[3.77663684,48.50307855],[3.77664994,48.50304878],[3.77683015,48.50296843],[3.77703868,48.5028807],[3.77671936,48.50280003],[3.77667603,48.50279941],[3.77667577,48.50278232],[3.7766766,48.50274633],[3.77667495,48.50272655],[3.77653286,48.50273017],[3.77651431,48.50275728],[3.77650104,48.50277536],[3.77650264,48.50279245],[3.77650454,48.50282932],[3.77644918,48.50283868],[3.77640885,48.50285783],[3.77631019,48.50286927],[3.77627402,48.5028947],[3.77622845,48.50292558],[3.77572145,48.50306204],[3.7759294,48.50339265],[3.77572705,48.50353251],[3.77565872,48.5036724],[3.77555846,48.50375852],[3.77529524,48.50381062],[3.77494742,48.50390915],[3.77477219,48.50396067],[3.77480021,48.50374997],[3.77485051,48.50348875],[3.77486916,48.50328531],[3.77487136,48.50306759],[3.77484104,48.50293914],[3.77481276,48.50294922],[3.7746655,48.50296997],[3.77466736,48.50300414],[3.7746541,48.50302312],[3.77457964,48.50302271],[3.77451874,48.503024],[3.77449329,48.50304216],[3.77444456,48.50304248],[3.77434577,48.50304492],[3.77430489,48.5030272],[3.77420472,48.50302785],[3.77418042,48.50303251],[3.77410077,48.50304742],[3.77395202,48.50305829],[3.77374654,48.50307852],[3.77366156,48.50309886],[3.77357649,48.50311381],[3.77351438,48.50312501],[3.77338823,48.5031996],[3.77331402,48.50321628],[3.77329415,48.50324609],[3.7732421,48.50329681],[3.77318678,48.50330977],[3.77317475,48.50331974],[3.77313427,48.503329],[3.77310733,48.50333817],[3.77304387,48.50334938],[3.77302025,48.50339991],[3.77296448,48.50338228],[3.77287843,48.50342243],[3.77288017,48.50344851],[3.77288055,48.50347459],[3.7729016,48.50352483],[3.77288555,48.50353843],[3.77282428,48.50351454],[3.77276578,48.50349513],[3.77274178,48.50351958],[3.77273383,48.50353132],[3.77271243,48.50354946],[3.77265658,48.50352553],[3.77264021,48.50351754],[3.77260924,48.50352854],[3.77251767,48.50356152],[3.77251813,48.503593],[3.77243886,48.503634],[3.77243913,48.50365199],[3.77236213,48.50366329],[3.77230566,48.50368974],[3.77226383,48.50369901],[3.77223554,48.50370909],[3.77224078,48.50378913],[3.77223566,48.50380895],[3.77218897,48.50385603],[3.77223665,48.50387642],[3.77224237,48.50389707],[3.77226135,48.50399051],[3.77228894,48.50402542],[3.77226816,48.50408583],[3.77229021,48.50411177],[3.77230402,48.50413057],[3.7722705,48.50415238],[3.77225039,48.50416601],[3.77227517,48.50419374],[3.77230541,48.50422503],[3.77232128,48.5042915],[3.77233508,48.5043094],[3.77234898,48.5043336],[3.77229366,48.50434655],[3.77224141,48.50438378],[3.77224328,48.50441885],[3.77221796,48.504446],[3.77220235,48.50448929],[3.772165,48.50452732],[3.77215362,48.50458137],[3.77214034,48.50459945],[3.77212707,48.50461753],[3.77210041,48.50464559],[3.77210215,48.50467167],[3.77207534,48.50468983],[3.77206208,48.50470881],[3.77203661,48.50472607],[3.77202201,48.50474596],[3.77199119,48.50476775],[3.77201762,48.50481526],[3.77197626,48.50485691],[3.7721699,48.50495191],[3.77262372,48.50515587],[3.77305677,48.50477611],[3.77423099,48.50554215],[3.77424564,48.50552586],[3.77422239,48.50550982],[3.77423649,48.50545575],[3.77434368,48.50547214],[3.77437076,48.50547197],[3.77439859,48.5054313],[3.77446335,48.50541649],[3.77453472,48.50539083],[3.77457028,48.50541489],[3.77459625,48.50543181],[3.77464599,48.5054081],[3.77469063,48.50540511],[3.77474329,48.50539577]]]]},"properties":{"nature":"Peupleraie","precision":3,"modifiedAt":null}},{"type":"Feature","id":"ZONEVEGE0000002321890941","geometry":{"type":"MultiPolygon","coordinates":[[[[3.80806536,48.51130213],[3.80809477,48.51127764],[3.80816799,48.51128434],[3.80819729,48.51125266],[3.80818301,48.51120507],[3.80813158,48.51120632],[3.80809384,48.51121738],[3.80795859,48.51122729],[3.80793865,48.51125082],[3.80799178,48.51127205],[3.80806536,48.51130213]]]]},"properties":{"nature":"Haie","precision":3,"modifiedAt":null}},{"type":"Feature","id":"ZONEVEGE0000002321890940","geometry":{"type":"MultiPolygon","coordinates":[[[[3.79840695,48.50415596],[3.79841468,48.50412982],[3.79815081,48.50413789],[3.79808348,48.50416174],[3.79810547,48.50418318],[3.79840695,48.50415596]]]]},"properties":{"nature":"Haie","precision":3,"modifiedAt":null}},{"type":"Feature","id":"ZONEVEGE0000002321890939","geometry":{"type":"MultiPolygon","coordinates":[[[[3.79183791,48.4998223],[3.79161874,48.49983095],[3.79158803,48.49985905],[3.79160702,48.49995158],[3.79164786,48.49996661],[3.79173411,48.49994084],[3.79189227,48.49992629],[3.79186472,48.49989499],[3.79190725,48.49984253],[3.79183791,48.4998223]]]]},"properties":{"nature":"Haie","precision":3,"modifiedAt":null}},{"type":"Feature","id":"ZONEVEGE0000002321890938","geometry":{"type":"MultiPolygon","coordinates":[[[[3.80626889,48.50339037],[3.80637011,48.50336989],[3.80644865,48.50337115],[3.80647409,48.50335299],[3.80654308,48.50334982],[3.80657843,48.50335948],[3.8066231,48.50335917],[3.80666626,48.50334898],[3.80680167,48.50335076],[3.80685562,48.5033378],[3.80691656,48.50333919],[3.80699096,48.50333508],[3.80711418,48.50333695],[3.80715149,48.50329801],[3.80715791,48.50327547],[3.8071106,48.50328029],[3.80705666,48.50329415],[3.80676047,48.50331236],[3.80642222,48.50332545],[3.80639529,48.50333463],[3.80623303,48.50334743],[3.80626889,48.50339037]]]]},"properties":{"nature":"Haie","precision":3,"modifiedAt":null}},{"type":"Feature","id":"ZONEVEGE0000002321890937","geometry":{"type":"MultiPolygon","coordinates":[[[[3.80932482,48.50025954],[3.8093623,48.5002323],[3.80944958,48.50027399],[3.80947476,48.50023873],[3.80946615,48.5002073],[3.80918472,48.50021641],[3.80912734,48.50026988],[3.80914409,48.50030306],[3.80930909,48.50029294],[3.80932482,48.50025954]]]]},"properties":{"nature":"Haie","precision":3,"modifiedAt":null}},{"type":"Feature","id":"ZONEVEGE0000002321890936","geometry":{"type":"MultiPolygon","coordinates":[[[[3.80044494,48.50063997],[3.80041331,48.5006078],[3.80037548,48.50061255],[3.80030332,48.50067421],[3.8002075,48.50069375],[3.80024047,48.50072501],[3.8002863,48.50071211],[3.80041466,48.50069595],[3.80044494,48.50063997]]]]},"properties":{"nature":"Haie","precision":3,"modifiedAt":null}},{"type":"Feature","id":"ZONEVEGE0000002321890935","geometry":{"type":"MultiPolygon","coordinates":[[[[3.80501042,48.51145601],[3.8048992,48.51144327],[3.80488413,48.51143168],[3.804849,48.51143641],[3.80481268,48.51145195],[3.80474218,48.51144613],[3.80469644,48.51146534],[3.80464784,48.51147466],[3.80462372,48.51149102],[3.80471864,48.51150027],[3.80475685,48.5115198],[3.80478674,48.5115268],[3.80484124,48.51154892],[3.80491927,48.51151601],[3.80496248,48.51150852],[3.80498669,48.51149756],[3.80501904,48.51148834],[3.80501042,48.51145601]]]]},"properties":{"nature":"Haie","precision":3,"modifiedAt":null}},{"type":"Feature","id":"ZONEVEGE0000002321890934","geometry":{"type":"MultiPolygon","coordinates":[[[[3.79755504,48.5009248],[3.7975263,48.5009043],[3.79739644,48.50091057],[3.79739806,48.50092855],[3.79735806,48.5009684],[3.79737576,48.50097548],[3.79742744,48.50099133],[3.79747105,48.50100993],[3.79756287,48.50099492],[3.79755504,48.5009248]]]]},"properties":{"nature":"Haie","precision":3,"modifiedAt":null}},{"type":"Feature","id":"ZONEVEGE0000002321890933","geometry":{"type":"MultiPolygon","coordinates":[[[[3.80443124,48.50291162],[3.80441476,48.50289644],[3.80430246,48.5029008],[3.80428115,48.50292343],[3.80438089,48.50298303],[3.80443919,48.50298893],[3.80446781,48.50300134],[3.80452071,48.50300817],[3.80455667,48.50296925],[3.80452379,48.50294428],[3.80448576,48.50293554],[3.80443124,48.50291162]]]]},"properties":{"nature":"Haie","precision":3,"modifiedAt":null}},{"type":"Feature","id":"ZONEVEGE0000002321890932","geometry":{"type":"MultiPolygon","coordinates":[[[[3.80837174,48.5003425],[3.80839446,48.50032345],[3.80842157,48.50032597],[3.80846078,48.500323],[3.80848936,48.5003327],[3.80851926,48.5003406],[3.80854307,48.50030445],[3.80856188,48.50029532],[3.80863813,48.50032359],[3.80866339,48.50029373],[3.80866939,48.50024421],[3.8086221,48.50024993],[3.80859518,48.50026001],[3.80847324,48.50025275],[3.80833805,48.50026446],[3.80831143,48.50029433],[3.80834719,48.50033097],[3.80837174,48.5003425]]]]},"properties":{"nature":"Haie","precision":3,"modifiedAt":null}},{"type":"Feature","id":"ZONEVEGE0000002321890931","geometry":{"type":"MultiPolygon","coordinates":[[[[3.79869629,48.50413153],[3.79877586,48.5041112],[3.79884763,48.50411252],[3.79921155,48.50409568],[3.79925868,48.50407917],[3.7993533,48.50406953],[3.79935972,48.504047],[3.7992718,48.50405209],[3.79920427,48.50406244],[3.79912997,48.50407284],[3.79906903,48.50407145],[3.79896756,48.50407573],[3.79865657,48.50410121],[3.79862433,48.50411762],[3.79869629,48.50413153]]]]},"properties":{"nature":"Haie","precision":3,"modifiedAt":null}},{"type":"Feature","id":"ZONEVEGE0000002321890930","geometry":{"type":"MultiPolygon","coordinates":[[[[3.80441375,48.50238905],[3.80457884,48.50238433],[3.80462102,48.50239844],[3.80470195,48.502379],[3.80477134,48.50240192],[3.80478609,48.50239283],[3.80481152,48.50237376],[3.80489274,48.50237321],[3.80489888,48.50233269],[3.80483804,48.5023376],[3.80435636,48.50235435],[3.80410895,48.50237582],[3.80414466,48.50240886],[3.8043071,48.50240866],[3.80441375,48.50238905]]]]},"properties":{"nature":"Haie","precision":3,"modifiedAt":null}},{"type":"Feature","id":"ZONEVEGE0000002321890929","geometry":{"type":"MultiPolygon","coordinates":[[[[3.80455934,48.48566191],[3.8045387,48.48563956],[3.80441165,48.48565031],[3.8044057,48.48570343],[3.80445193,48.48571752],[3.80448048,48.48572632],[3.80453473,48.48573405],[3.80458236,48.48575082],[3.80461421,48.48571012],[3.80460035,48.48568862],[3.80457315,48.48567981],[3.80455934,48.48566191]]]]},"properties":{"nature":"Haie","precision":3,"modifiedAt":null}},{"type":"Feature","id":"ZONEVEGE0000002321890923","geometry":{"type":"MultiPolygon","coordinates":[[[[3.80575469,48.51107582],[3.80579661,48.51107194],[3.8058293,48.51108521],[3.80585497,48.51108144],[3.80595004,48.51110059],[3.8059783,48.5110887],[3.80600812,48.5110912],[3.80603471,48.51105953],[3.80595054,48.51104481],[3.80582991,48.51103663],[3.8057917,48.5110171],[3.80577936,48.51100728],[3.80573068,48.51101121],[3.80573647,48.51103546],[3.80566834,48.5110953],[3.80567944,48.51111322],[3.80569579,48.5111194],[3.80571014,48.51117239],[3.8057725,48.51117736],[3.80579246,48.51115473],[3.80576207,48.51111536],[3.80575469,48.51107582]]]]},"properties":{"nature":"Haie","precision":3,"modifiedAt":null}},{"type":"Feature","id":"ZONEVEGE0000002321890922","geometry":{"type":"MultiPolygon","coordinates":[[[[3.79071777,48.5002292],[3.79071204,48.50011858],[3.79065198,48.50008569],[3.79057294,48.50005023],[3.79061961,48.50000314],[3.79059229,48.49998713],[3.79050492,48.50002819],[3.79048578,48.50001573],[3.79028551,48.50002066],[3.790239,48.49998858],[3.79024439,48.50007671],[3.79027976,48.50008817],[3.79031255,48.50010864],[3.79025867,48.50012609],[3.79024665,48.50013697],[3.79027452,48.50018986],[3.79027504,48.50031401],[3.79030496,48.50032371],[3.79032039,48.50035959],[3.79034005,48.50040624],[3.79032148,48.50043155],[3.79031238,48.5004568],[3.79031261,48.50047209],[3.79033744,48.50050252],[3.79032003,48.50051523],[3.79030126,48.50052705],[3.79032471,48.50055658],[3.79039644,48.5005552],[3.79042876,48.50054419],[3.7904732,48.5005286],[3.79050824,48.50051847],[3.79052488,48.50054445],[3.79047523,48.50057357],[3.79046191,48.50058805],[3.79054351,48.5006127],[3.79059248,48.50062857],[3.79065565,48.50059846],[3.79073607,48.50063481],[3.79086843,48.50061504],[3.79100812,48.5006321],[3.7910307,48.50060316],[3.79092228,48.50059489],[3.79089371,48.50058608],[3.7908259,48.50057754],[3.79081169,48.50053265],[3.79079481,48.50049048],[3.79073506,48.50047828],[3.7907375,48.50046027],[3.79077165,48.50039077],[3.7907309,48.50038205],[3.79069812,48.50036247],[3.79073125,48.50031547],[3.79071072,48.50030031],[3.79071777,48.5002292]]]]},"properties":{"nature":"Bois","precision":3,"modifiedAt":null}},{"type":"Feature","id":"ZONEVEGE0000002321890920","geometry":{"type":"MultiPolygon","coordinates":[[[[3.78998879,48.50647751],[3.79001536,48.50644404],[3.78989979,48.50641153],[3.78982193,48.50645523],[3.78976047,48.50641965],[3.78975323,48.50638821],[3.7896951,48.50639399],[3.78973765,48.5064324],[3.78965179,48.50648514],[3.78966582,48.50651744],[3.78968358,48.50652812],[3.78966251,48.50656784],[3.78968166,48.50658031],[3.78976571,48.50658785],[3.78981363,48.50662351],[3.78995292,48.50661269],[3.78997823,48.50658553],[3.79000103,48.50657099],[3.79002231,48.50654566],[3.79000382,48.5064864],[3.78998879,48.50647751]]]]},"properties":{"nature":"Haie","precision":3,"modifiedAt":null}},{"type":"Feature","id":"ZONEVEGE0000002321890919","geometry":{"type":"MultiPolygon","coordinates":[[[[3.80927402,48.50310994],[3.80932652,48.50309069],[3.80946328,48.50309246],[3.80954284,48.50307212],[3.8098783,48.50305454],[3.80994417,48.50302441],[3.80995732,48.50299913],[3.80992291,48.50296248],[3.80984995,48.50297197],[3.80973263,48.50300156],[3.80945099,48.50299808],[3.80934991,48.50302756],[3.80924722,48.50303995],[3.80919606,48.50305829],[3.80917639,48.50309981],[3.80927402,48.50310994]]]]},"properties":{"nature":"Haie","precision":3,"modifiedAt":null}},{"type":"Feature","id":"ZONEVEGE0000002321890918","geometry":{"type":"MultiPolygon","coordinates":[[[[3.80562543,48.50345141],[3.8056328,48.50340278],[3.80558549,48.5034076],[3.80554502,48.50341687],[3.80538274,48.50342786],[3.80530167,48.50343831],[3.80501891,48.50345012],[3.80489737,48.50346984],[3.80466742,48.50348219],[3.80456206,48.5034973],[3.80429158,48.50351532],[3.80428938,48.50354862],[3.80432866,48.50355016],[3.80456131,48.50353689],[3.80463145,48.50352022],[3.804925,48.50350563],[3.80496547,48.50349636],[3.80527931,48.50348074],[3.80534403,48.50346411],[3.80562543,48.50345141]]]]},"properties":{"nature":"Haie","precision":3,"modifiedAt":null}},{"type":"Feature","id":"ZONEVEGE0000002321890917","geometry":{"type":"MultiPolygon","coordinates":[[[[3.79066846,48.49902311],[3.79067639,48.49883054],[3.79054921,48.49883498],[3.79045069,48.49885453],[3.79034892,48.49883811],[3.79033147,48.49884812],[3.79031539,48.49885903],[3.79015021,48.49885653],[3.7901338,48.49884584],[3.79009842,48.49883348],[3.79010003,48.49885056],[3.79010316,48.49887843],[3.79008589,48.49890014],[3.79004507,48.49888601],[3.79002059,48.49887898],[3.7900241,48.49893204],[3.79002575,48.49895182],[3.79005381,48.4990173],[3.79005295,48.4990497],[3.79005955,48.49912882],[3.7900773,48.4991386],[3.79011142,48.49915726],[3.79014355,48.49913366],[3.79027057,48.49911842],[3.79031388,48.49911813],[3.79032354,48.49913066],[3.79034014,48.49915394],[3.79038061,48.49914468],[3.7904914,48.49913045],[3.79050199,48.49911508],[3.79053953,48.49909054],[3.79064353,48.49907546],[3.79066846,48.49902311]]]]},"properties":{"nature":"Bois","precision":3,"modifiedAt":null}},{"type":"Feature","id":"ZONEVEGE0000002321890916","geometry":{"type":"MultiPolygon","coordinates":[[[[3.80370932,48.50165072],[3.80376344,48.50164855],[3.80381759,48.50164908],[3.80384453,48.50163991],[3.80404602,48.50162595],[3.8040537,48.50159711],[3.80365462,48.5016151],[3.80365381,48.50165019],[3.80370932,48.50165072]]]]},"properties":{"nature":"Haie","precision":3,"modifiedAt":null}},{"type":"Feature","id":"ZONEVEGE0000002321890915","geometry":{"type":"MultiPolygon","coordinates":[[[[3.80488697,48.49255368],[3.80493136,48.49253628],[3.80492561,48.49251383],[3.80483465,48.49249645],[3.8047752,48.49250315],[3.80475739,48.49248888],[3.80470872,48.49249281],[3.80468453,48.49250377],[3.80462382,48.49251678],[3.80455607,48.49251184],[3.80451551,48.49251481],[3.80448436,48.49251322],[3.80444123,48.49252521],[3.80435992,48.49251856],[3.80432093,48.49253592],[3.8042534,48.49254537],[3.80422617,48.49253476],[3.80419358,48.49252779],[3.80416685,48.49255046],[3.80418613,48.49257192],[3.80408883,48.49258157],[3.80406194,48.49259345],[3.8040663,48.49261321],[3.80410587,48.49263364],[3.80411852,48.49266414],[3.80417171,48.49269077],[3.80419995,48.49267888],[3.80428092,48.49266304],[3.80439173,48.49265149],[3.80441592,48.49264053],[3.80451322,48.49262998],[3.80468052,48.49259556],[3.80471146,48.49258276],[3.80481557,48.49257575],[3.80484937,48.49257372],[3.80486683,48.49256461],[3.80488697,48.49255368]]]]},"properties":{"nature":"Haie","precision":3,"modifiedAt":null}},{"type":"Feature","id":"ZONEVEGE0000002321890914","geometry":{"type":"MultiPolygon","coordinates":[[[[3.78992947,48.50811253],[3.78986829,48.50809585],[3.78982099,48.50810156],[3.78981591,48.50812408],[3.7898625,48.50816066],[3.78978691,48.50817645],[3.78983588,48.50819142],[3.78987402,48.50820646],[3.78989032,48.50820995],[3.78990389,48.50821256],[3.78993931,48.50822672],[3.78995194,48.50816636],[3.78995317,48.50815826],[3.78997199,48.50814913],[3.78992947,48.50811253]]]]},"properties":{"nature":"Haie","precision":3,"modifiedAt":null}},{"type":"Feature","id":"ZONEVEGE0000002321890913","geometry":{"type":"MultiPolygon","coordinates":[[[[3.79214376,48.49900969],[3.79220255,48.49895891],[3.79215203,48.49893046],[3.79209267,48.49894345],[3.79206993,48.4989616],[3.79204003,48.4989537],[3.79201951,48.49893944],[3.79199358,48.49892522],[3.79191686,48.49895452],[3.79193284,48.49902639],[3.79195627,48.49905412],[3.79191909,48.49910205],[3.79192242,48.49914341],[3.79192268,48.4991605],[3.79195163,48.49919539],[3.79196754,48.49926276],[3.79200851,48.49928678],[3.79200513,48.49933178],[3.79205793,48.49933233],[3.79209817,48.49930777],[3.79207222,48.49929265],[3.79208944,48.49926734],[3.79216915,48.49925692],[3.79220803,48.49923237],[3.79223404,48.49916202],[3.7922203,48.49914862],[3.79215242,48.49913558],[3.79216563,48.4991139],[3.79220432,48.49907585],[3.79217835,48.49905983],[3.79216306,48.49903295],[3.79214376,48.49900969]]]]},"properties":{"nature":"Bois","precision":3,"modifiedAt":null}},{"type":"Feature","id":"ZONEVEGE0000002321890912","geometry":{"type":"MultiPolygon","coordinates":[[[[3.79054921,48.49883498],[3.79067639,48.49883054],[3.79066846,48.49902311],[3.79076986,48.49901434],[3.79078312,48.49899626],[3.79079678,48.49900426],[3.79084974,48.49901561],[3.79086542,48.49906768],[3.79098446,48.49906239],[3.79102726,48.49902792],[3.79098356,48.49900302],[3.79098461,48.49898232],[3.79103556,48.4989505],[3.79110577,48.49893833],[3.79112827,48.498904],[3.79119847,48.49889183],[3.79127941,48.4988733],[3.79129272,48.49885792],[3.79125194,48.4988465],[3.7912381,48.4988268],[3.79127698,48.49880135],[3.79129035,48.49879046],[3.79126303,48.49877445],[3.79125579,48.49874301],[3.79119495,48.49874792],[3.79102867,48.49876252],[3.7908838,48.49876078],[3.79084333,48.49877005],[3.79056333,48.49878361],[3.79054921,48.49883498]]]]},"properties":{"nature":"Haie","precision":3,"modifiedAt":null}},{"type":"Feature","id":"ZONEVEGE0000002321890911","geometry":{"type":"MultiPolygon","coordinates":[[[[3.79498888,48.50158254],[3.79506948,48.50154151],[3.79512918,48.50155011],[3.79515928,48.5015715],[3.79519698,48.50155775],[3.79523745,48.50154849],[3.79526439,48.50153931],[3.79530885,48.50152552],[3.79530147,48.50148508],[3.79534323,48.50147131],[3.79534944,48.50143438],[3.79525612,48.5014404],[3.79522134,48.50146763],[3.79516733,48.50147698],[3.79514041,48.50148706],[3.79503102,48.50150489],[3.79500695,48.50152394],[3.79494754,48.50153423],[3.79491296,48.50157495],[3.79492687,48.50160004],[3.79496644,48.50162047],[3.79492982,48.50170528],[3.7948775,48.50173622],[3.79489139,48.50175952],[3.79497545,48.50176795],[3.79500968,48.50179381],[3.79505147,48.50178184],[3.79503674,48.50170367],[3.79504046,48.50168115],[3.79503606,48.50165869],[3.79505734,48.50163336],[3.79502333,48.50162279],[3.79500817,48.5016049],[3.79498888,48.50158254]]]]},"properties":{"nature":"Haie","precision":3,"modifiedAt":null}},{"type":"Feature","id":"ZONEVEGE0000002321890910","geometry":{"type":"MultiPolygon","coordinates":[[[[3.79183791,48.4998223],[3.7921398,48.49982388],[3.79210677,48.49978812],[3.79208958,48.49972526],[3.79206094,48.49971105],[3.79204691,48.49967876],[3.79207377,48.49966419],[3.79208191,48.49957597],[3.79204114,48.49956545],[3.79202988,48.49953673],[3.79202157,48.49952419],[3.79195669,48.49953092],[3.79196253,48.49955877],[3.79198821,48.4995559],[3.7920006,48.49957021],[3.79197536,48.49960187],[3.79201513,48.49963579],[3.79196187,48.49969462],[3.79186007,48.49967641],[3.79184558,48.49970259],[3.79182959,48.49971979],[3.79181952,48.49977024],[3.79184978,48.49980153],[3.79183791,48.4998223]]]]},"properties":{"nature":"Haie","precision":3,"modifiedAt":null}},{"type":"Feature","id":"ZONEVEGE0000002321890909","geometry":{"type":"MultiPolygon","coordinates":[[[[3.79474673,48.50043172],[3.79475717,48.50040556],[3.7946911,48.5004231],[3.79467862,48.50040339],[3.79465937,48.50038373],[3.79458909,48.50039139],[3.79459661,48.50035176],[3.79457858,48.50032309],[3.79460813,48.5003076],[3.79461319,48.50028417],[3.79456451,48.5002881],[3.79447816,48.50030667],[3.79445895,48.5002897],[3.79441959,48.50028277],[3.79440519,48.50031525],[3.79447205,48.50034989],[3.7944348,48.50039332],[3.79445072,48.50046159],[3.79444822,48.5004751],[3.79445113,48.50048858],[3.79444005,48.50056152],[3.79451338,48.50057632],[3.79455913,48.50055803],[3.79461574,48.50054235],[3.79460861,48.50051811],[3.79463101,48.50047748],[3.79468095,48.50046815],[3.79474673,48.50043172]]]]},"properties":{"nature":"Haie","precision":3,"modifiedAt":null}},{"type":"Feature","id":"ZONEVEGE0000002321890908","geometry":{"type":"MultiPolygon","coordinates":[[[[3.81134475,48.50018549],[3.81136589,48.50015206],[3.81139299,48.50015367],[3.81142002,48.50015079],[3.81144892,48.50018118],[3.81178712,48.50016717],[3.81178411,48.5001474],[3.81178647,48.5001249],[3.81181333,48.50011122],[3.81184377,48.50015329],[3.81187776,48.50016296],[3.81203604,48.50015648],[3.81213341,48.50015041],[3.81216297,48.50013582],[3.81217578,48.50008895],[3.81218234,48.50007541],[3.81202675,48.50008097],[3.81197159,48.50010294],[3.81184543,48.50008581],[3.81172915,48.5000947],[3.8116885,48.50009228],[3.81157899,48.50010112],[3.81154157,48.50013287],[3.81151058,48.50014207],[3.81148729,48.50012424],[3.81138962,48.50011051],[3.81129768,48.50011834],[3.81122992,48.5001134],[3.81116234,48.50012016],[3.8111244,48.50011772],[3.81108082,48.50010093],[3.81106836,48.50017028],[3.81110874,48.50015561],[3.81114244,48.50014639],[3.8111767,48.50017314],[3.81119714,48.500182],[3.81123055,48.50015388],[3.81128726,48.5001445],[3.81131218,48.50018031],[3.81133258,48.50018647],[3.81134475,48.50018549]]]]},"properties":{"nature":"Haie","precision":3,"modifiedAt":null}},{"type":"Feature","id":"ZONEVEGE0000002321890907","geometry":{"type":"MultiPolygon","coordinates":[[[[3.79452431,48.50165582],[3.79449549,48.50162992],[3.79447703,48.50157336],[3.79445244,48.50155824],[3.79443152,48.50151789],[3.79440009,48.50149831],[3.79439122,48.50144889],[3.79436825,48.50145174],[3.7942873,48.50147028],[3.79426333,48.50149653],[3.79424867,48.50151192],[3.79419474,48.50152577],[3.79414077,48.50153783],[3.79417108,48.50157271],[3.79424994,48.50159557],[3.79426525,48.50162336],[3.79428218,48.50166823],[3.79430641,48.50165907],[3.7943521,48.50163717],[3.79438774,48.50166662],[3.79442345,48.50170057],[3.79452328,48.50167741],[3.79452431,48.50165582]]]]},"properties":{"nature":"Haie","precision":3,"modifiedAt":null}},{"type":"Feature","id":"ZONEVEGE0000002321890906","geometry":{"type":"MultiPolygon","coordinates":[[[[3.7943391,48.50113616],[3.79429784,48.50109326],[3.79423057,48.5011207],[3.79420452,48.50109928],[3.79421067,48.50105785],[3.79420099,48.50104442],[3.794151,48.50105106],[3.79410292,48.50109456],[3.79407519,48.50114063],[3.79402287,48.50117156],[3.79403662,48.50118587],[3.7940571,48.50119743],[3.79403049,48.50122819],[3.79405233,48.50123974],[3.79400805,48.50126613],[3.79402664,48.50133167],[3.79406758,48.50135299],[3.79404232,48.50138375],[3.79402757,48.50139284],[3.79404273,48.50141073],[3.79406105,48.50145829],[3.79412922,48.50149022],[3.79420181,48.50145645],[3.79422008,48.50141135],[3.79428445,48.50137133],[3.7942969,48.50129928],[3.79433716,48.50127652],[3.79432166,48.50123614],[3.79428088,48.50122472],[3.79430758,48.50120025],[3.79436148,48.5011837],[3.7943391,48.50113616]]]]},"properties":{"nature":"Bois","precision":3,"modifiedAt":null}},{"type":"Feature","id":"ZONEVEGE0000002321890905","geometry":{"type":"MultiPolygon","coordinates":[[[[3.79385888,48.50062208],[3.79387076,48.50060221],[3.79384343,48.5005853],[3.79382962,48.5005674],[3.79388483,48.50054814],[3.79393059,48.50053074],[3.79393895,48.50054598],[3.79393818,48.50058467],[3.7939616,48.5006115],[3.7940149,48.50055537],[3.79407203,48.50057388],[3.7941236,48.50058253],[3.794146,48.5005419],[3.79416476,48.50052918],[3.79424717,48.50051783],[3.7942646,48.50050692],[3.7942875,48.50049957],[3.79430067,48.50047519],[3.79427079,48.50046909],[3.79424635,48.50046386],[3.79423266,48.50045405],[3.79427154,48.5004286],[3.79427791,48.50040247],[3.79424391,48.5003919],[3.79423003,48.5003695],[3.79427448,48.50035481],[3.79427131,48.50032425],[3.79425418,48.50026588],[3.79423766,48.50015804],[3.79422356,48.50012125],[3.79422292,48.499989],[3.79420516,48.49997833],[3.79419108,48.49994244],[3.79414872,48.49991663],[3.79410947,48.49991689],[3.79408226,48.49990808],[3.79401446,48.49990043],[3.79399261,48.49988798],[3.79393325,48.49990098],[3.79386437,48.49991133],[3.79386376,48.49987085],[3.79386463,48.49983936],[3.79382903,48.49981261],[3.7937853,48.49987498],[3.79371493,48.49987635],[3.79371413,48.49982327],[3.79370032,48.49980537],[3.79391808,48.49979312],[3.79391469,48.49974816],[3.7939549,48.4997218],[3.79397327,48.499683],[3.79404735,48.49965821],[3.79406058,48.49963833],[3.7940319,48.49962143],[3.79397938,48.49963977],[3.79393891,48.49964904],[3.79391211,48.49966721],[3.79388506,48.49966829],[3.79388397,48.49959633],[3.79384187,48.49958761],[3.79381588,48.49956979],[3.79378712,48.4995475],[3.79375261,48.49950364],[3.79372968,48.4995092],[3.79366673,48.4995537],[3.7935774,48.49955429],[3.79353207,48.49960048],[3.79347792,48.49959994],[3.79346468,48.49961982],[3.79349364,48.49965471],[3.79349399,48.4996781],[3.79345398,48.49971795],[3.79344076,48.49973873],[3.79355151,48.49981176],[3.79356539,48.49983416],[3.79357918,48.49985116],[3.79360639,48.49985998],[3.7936161,48.49987521],[3.79358108,48.49988714],[3.79355282,48.49989812],[3.79356198,48.5000564],[3.79353386,48.50007638],[3.79354507,48.50010149],[3.79356066,48.50014817],[3.79357447,48.50016607],[3.79358977,48.50019295],[3.79369819,48.50020123],[3.793712,48.50021913],[3.79367312,48.50024458],[3.79361683,48.50028184],[3.79364006,48.50029608],[3.79367835,48.50032191],[3.79370292,48.50033524],[3.79370198,48.50036224],[3.79383071,48.50037127],[3.79380297,48.50041644],[3.79375829,48.50041584],[3.79372986,48.50041603],[3.79368835,48.50044599],[3.79366452,48.50048124],[3.79370686,48.50050615],[3.7937063,48.50055833],[3.79372285,48.50057891],[3.79376249,48.50060383],[3.79377766,48.50062263],[3.79368968,48.50062321],[3.79371039,48.50065006],[3.79370995,48.50071034],[3.79363171,48.50072886],[3.79367564,48.50076905],[3.79374854,48.50075597],[3.79384026,48.50073376],[3.79386001,48.50069674],[3.79380096,48.50064136],[3.79385888,48.50062208]]]]},"properties":{"nature":"Bois","precision":3,"modifiedAt":null}},{"type":"Feature","id":"ZONEVEGE0000002321890904","geometry":{"type":"MultiPolygon","coordinates":[[[[3.7911326,48.50089756],[3.7911904,48.50087019],[3.79124212,48.50088874],[3.79136243,48.50087714],[3.79144432,48.50083161],[3.79158499,48.50082438],[3.79164932,48.50087073],[3.79171235,48.50083163],[3.7916912,48.50068603],[3.79157328,48.50067602],[3.7915323,48.500652],[3.79158871,48.50062194],[3.79164028,48.50063059],[3.79167701,48.50064294],[3.79168025,48.50058804],[3.79166505,48.50056745],[3.79161609,48.50055248],[3.79158333,48.50053471],[3.79159521,48.50051484],[3.79164917,48.50050188],[3.79163499,48.50045969],[3.79162119,48.50044179],[3.79160577,48.50040681],[3.79157982,48.50039169],[3.79157505,48.50034494],[3.79163139,48.50031038],[3.79161632,48.50029878],[3.79158911,48.50028997],[3.79157217,48.5002433],[3.7915194,48.50024545],[3.79150025,48.50023208],[3.79148001,48.50023672],[3.79144427,48.50029003],[3.79141465,48.50030103],[3.79136346,48.50031756],[3.79136003,48.50035897],[3.79137689,48.50040024],[3.79139483,48.50042261],[3.79137623,48.50044612],[3.79138089,48.50048568],[3.79137772,48.50054507],[3.79144872,48.50058508],[3.79143536,48.50059687],[3.79138418,48.5006143],[3.79136825,48.5006351],[3.79136986,48.50065218],[3.79132445,48.50069297],[3.79136838,48.50073316],[3.79130517,48.50076057],[3.79124738,48.50078884],[3.79117009,48.50078036],[3.79109403,48.50076377],[3.79103055,48.50077319],[3.79098074,48.50079152],[3.79077922,48.50080365],[3.79080459,48.50087006],[3.79082671,48.5009005],[3.79088631,48.5009028],[3.79093468,48.50087909],[3.79101066,48.50089028],[3.79106101,48.50090794],[3.7911326,48.50089756]]]]},"properties":{"nature":"Haie","precision":3,"modifiedAt":null}},{"type":"Feature","id":"ZONEVEGE0000002321890903","geometry":{"type":"MultiPolygon","coordinates":[[[[3.79071204,48.50011858],[3.79071777,48.5002292],[3.79077582,48.50021891],[3.79078909,48.50020083],[3.79081061,48.50019169],[3.79087056,48.50021738],[3.79092484,48.50022602],[3.79094157,48.50025829],[3.79100339,48.50022819],[3.79110065,48.50021495],[3.79119512,48.50019543],[3.79119184,48.50015767],[3.79123477,48.50013219],[3.79127443,48.50015892],[3.79131516,48.50016674],[3.79134169,48.50013058],[3.79137104,48.5001016],[3.79153754,48.50010139],[3.7915619,48.50010122],[3.79153962,48.50005999],[3.79155554,48.50003829],[3.79156879,48.50001931],[3.79154119,48.49998441],[3.79153245,48.49994398],[3.79140666,48.49995022],[3.79132478,48.49999665],[3.79127037,48.49997902],[3.79116305,48.50004361],[3.79108197,48.50005314],[3.7910415,48.50006241],[3.79097366,48.50005206],[3.79075716,48.500058],[3.79075927,48.50010837],[3.79071204,48.50011858]]]]},"properties":{"nature":"Haie","precision":3,"modifiedAt":null}},{"type":"Feature","id":"ZONEVEGE0000002321890902","geometry":{"type":"MultiPolygon","coordinates":[[[[3.80172336,48.49305458],[3.80200044,48.49302842],[3.80204811,48.49304789],[3.80208445,48.49303505],[3.80201889,48.49299591],[3.80219865,48.4929794],[3.80228734,48.49293742],[3.8024861,48.49292348],[3.80253186,48.49290698],[3.80258006,48.49287247],[3.80297482,48.49284191],[3.80314642,48.49282276],[3.80352477,48.49278151],[3.80356761,48.49275063],[3.80360821,48.49275036],[3.80366331,48.4927248],[3.80376508,48.4927412],[3.80381571,48.49268868],[3.80386407,48.49266496],[3.80395111,48.4926041],[3.8040063,48.49258393],[3.80390734,48.49257381],[3.80375042,48.49257937],[3.80363158,48.49259726],[3.80355052,48.49260681],[3.80351007,48.49261698],[3.80329368,48.49262834],[3.80323969,48.4926377],[3.80311804,48.49264842],[3.803052,48.49266686],[3.80280856,48.4926793],[3.80276809,48.49268857],[3.80270058,48.49269892],[3.80264412,48.49272449],[3.80259352,48.49269065],[3.80255686,48.4926828],[3.80248293,48.49271658],[3.80236403,48.49272998],[3.8023237,48.49274825],[3.80229242,48.49273856],[3.80218148,48.49274111],[3.80214737,48.49272335],[3.80212044,48.49273253],[3.80207173,48.49273375],[3.80195901,48.49279749],[3.80189298,48.49281683],[3.80186605,48.49282601],[3.80175792,48.49283573],[3.80168771,48.492847],[3.80163682,48.49288243],[3.8015622,48.49287124],[3.8015149,48.49287606],[3.80157093,48.49291077],[3.80158461,48.49292057],[3.80154482,48.49297392],[3.80160101,48.49301942],[3.8015708,48.4930799],[3.80164289,48.4931028],[3.8016973,48.49312043],[3.80174845,48.49310209],[3.80172361,48.49307077],[3.80172336,48.49305458]]]]},"properties":{"nature":"Haie","precision":3,"modifiedAt":null}},{"type":"Feature","id":"ZONEVEGE0000002321890901","geometry":{"type":"MultiPolygon","coordinates":[[[[3.80143852,48.50391694],[3.80151944,48.50389661],[3.80163182,48.50389765],[3.80166145,48.50388755],[3.80200373,48.50387265],[3.80203051,48.50385357],[3.80201938,48.50383386],[3.80199105,48.50384035],[3.8017477,48.50386178],[3.80168811,48.50386038],[3.80162056,48.50386984],[3.80141768,48.503882],[3.80132453,48.50389882],[3.80131133,48.5039214],[3.80143852,48.50391694]]]]},"properties":{"nature":"Haie","precision":3,"modifiedAt":null}},{"type":"Feature","id":"ZONEVEGE0000002321890900","geometry":{"type":"MultiPolygon","coordinates":[[[[3.80072948,48.48717311],[3.80077793,48.48715479],[3.80083073,48.48715623],[3.80088051,48.487137],[3.80093707,48.48711863],[3.80109795,48.48710765],[3.80112975,48.48715152],[3.80116452,48.48712429],[3.8011916,48.48712501],[3.80122134,48.48712301],[3.80124517,48.48708776],[3.80129758,48.48706402],[3.80140341,48.4870813],[3.80144353,48.48704954],[3.80151497,48.48703106],[3.80178545,48.48701844],[3.80182293,48.4869912],[3.80183555,48.48693174],[3.80179204,48.48691854],[3.80175646,48.48689269],[3.80169271,48.48688322],[3.80163593,48.4868872],[3.80159625,48.48694775],[3.80152429,48.48693204],[3.8015002,48.48695019],[3.80145704,48.48695948],[3.80141807,48.48697774],[3.80135056,48.48698809],[3.80128304,48.48699754],[3.80120199,48.48700798],[3.80116153,48.48701725],[3.80102367,48.48702898],[3.80098888,48.4870553],[3.800909,48.48705314],[3.80089294,48.48706495],[3.80086212,48.48708495],[3.80076191,48.48708112],[3.80068635,48.48709603],[3.80066361,48.48711328],[3.80060962,48.48712264],[3.80053953,48.4871411],[3.80051491,48.48712417],[3.80047011,48.48711548],[3.80044909,48.487157],[3.80048988,48.48716932],[3.80053205,48.48718343],[3.80072948,48.48717311]]]]},"properties":{"nature":"Haie","precision":3,"modifiedAt":null}},{"type":"Feature","id":"ZONEVEGE0000002321890899","geometry":{"type":"MultiPolygon","coordinates":[[[[3.7930333,48.50054483],[3.79301444,48.50046129],[3.79299795,48.50035524],[3.79300001,48.50031295],[3.79299064,48.50023024],[3.79295392,48.50021879],[3.79294021,48.50020719],[3.79296678,48.50017372],[3.79297984,48.50014215],[3.79303215,48.50011031],[3.79304551,48.50009853],[3.79299908,48.50007185],[3.79292332,48.50007505],[3.79290939,48.50004906],[3.79286036,48.50002959],[3.7927415,48.50004658],[3.79277458,48.50008594],[3.79257609,48.50020872],[3.79262935,48.50023985],[3.79262506,48.50031455],[3.79269001,48.50031232],[3.79268799,48.50035821],[3.79271532,48.50037512],[3.79272913,48.50039302],[3.79267526,48.50041137],[3.79266385,48.50046273],[3.79271816,48.50047316],[3.79273202,48.50049466],[3.79265917,48.50051134],[3.79260801,48.50052967],[3.79256337,48.50053177],[3.79261566,48.5005881],[3.79268152,48.50055707],[3.79275173,48.50054491],[3.7927737,48.50056545],[3.79274449,48.50060343],[3.79291358,48.50059511],[3.79301347,48.50057645],[3.7930333,48.50054483]]]]},"properties":{"nature":"Haie","precision":3,"modifiedAt":null}},{"type":"Feature","id":"ZONEVEGE0000002321890893","geometry":{"type":"MultiPolygon","coordinates":[[[[3.81619985,48.48030243],[3.81622242,48.48027439],[3.81620035,48.48024755],[3.81617505,48.48018655],[3.81612313,48.48015452],[3.81610542,48.48014744],[3.81608951,48.48016824],[3.81606405,48.48018461],[3.81604852,48.4802297],[3.81606492,48.48024038],[3.81603973,48.48027385],[3.81609268,48.48028518],[3.81613355,48.48030289],[3.8161606,48.4803018],[3.81619985,48.48030243]]]]},"properties":{"nature":"Haie","precision":3,"modifiedAt":null}},{"type":"Feature","id":"ZONEVEGE0000002321890892","geometry":{"type":"MultiPolygon","coordinates":[[[[3.81723495,48.48125255],[3.81694553,48.48126353],[3.81692848,48.48112421],[3.81688303,48.4811605],[3.81682723,48.4811402],[3.81678016,48.48115851],[3.81676633,48.48113971],[3.81675252,48.48112182],[3.81673625,48.48103286],[3.81671004,48.48100066],[3.81669468,48.48097017],[3.8166526,48.48096147],[3.81659946,48.48093844],[3.81655642,48.48095493],[3.81656401,48.48100796],[3.81660109,48.48104279],[3.81661695,48.48110566],[3.81663076,48.48112355],[3.81662546,48.48121805],[3.81659348,48.48124976],[3.81666333,48.48130326],[3.81668044,48.48135982],[3.81674804,48.48135576],[3.81679975,48.48137429],[3.81682383,48.48135614],[3.81687635,48.48133958],[3.81695597,48.48132554],[3.81702863,48.48129895],[3.81706934,48.48130677],[3.8171041,48.48127954],[3.81720274,48.48126986],[3.81723495,48.48125255]]]]},"properties":{"nature":"Haie","precision":3,"modifiedAt":null}},{"type":"Feature","id":"ZONEVEGE0000002321890889","geometry":{"type":"MultiPolygon","coordinates":[[[[3.81654939,48.48067699],[3.81645354,48.48060477],[3.8164546,48.48058587],[3.81643889,48.4805329],[3.81642373,48.48051501],[3.81640576,48.48049085],[3.81635523,48.4804615],[3.8163323,48.48037889],[3.81623509,48.48030579],[3.81621499,48.48031852],[3.81618957,48.48033759],[3.81616949,48.48035122],[3.81621747,48.48039138],[3.81623308,48.48043805],[3.81629724,48.4804736],[3.81630197,48.48051675],[3.81629859,48.48056086],[3.81635703,48.48057665],[3.816363,48.48061259],[3.81630692,48.48066156],[3.81635476,48.48069182],[3.81638551,48.48066822],[3.81644258,48.48068312],[3.81642258,48.48070215],[3.81637564,48.48072946],[3.8164045,48.48075805],[3.81646068,48.48080265],[3.81641893,48.48081553],[3.81643271,48.48083163],[3.81651726,48.48087333],[3.81658879,48.48086114],[3.81654058,48.4808066],[3.8165536,48.48077412],[3.81656952,48.48075332],[3.81654939,48.48067699]]]]},"properties":{"nature":"Haie","precision":3,"modifiedAt":null}},{"type":"Feature","id":"ZONEVEGE0000002321890883","geometry":{"type":"MultiPolygon","coordinates":[[[[3.81789053,48.49979245],[3.81790364,48.49976537],[3.81794228,48.49972552],[3.81792439,48.49970675],[3.81771469,48.49971449],[3.81768205,48.49970482],[3.81766424,48.49969145],[3.81752085,48.49969783],[3.81749541,48.499716],[3.81744155,48.49973436],[3.81744213,48.49977124],[3.81747068,48.49977915],[3.81749789,48.49978795],[3.81759936,48.49978456],[3.81764427,48.49979954],[3.81773731,48.49977641],[3.81782271,48.49978392],[3.81787042,48.49980518],[3.81789053,48.49979245]]]]},"properties":{"nature":"Haie","precision":3,"modifiedAt":null}},{"type":"Feature","id":"ZONEVEGE0000002321890882","geometry":{"type":"MultiPolygon","coordinates":[[[[3.81671864,48.49990577],[3.81677218,48.49986672],[3.81688728,48.49986862],[3.81689597,48.49981818],[3.81672821,48.49982474],[3.81668788,48.49984301],[3.81663362,48.49983528],[3.81645212,48.49982843],[3.81631032,48.4998501],[3.81622095,48.49984891],[3.81596255,48.49985878],[3.81591684,48.49987889],[3.81610648,48.49988658],[3.81614994,48.49989618],[3.81618106,48.49989507],[3.81627718,48.49989531],[3.81633102,48.49987605],[3.81651893,48.49985946],[3.81658708,48.49988958],[3.81666015,48.49988728],[3.81668888,48.49990687],[3.81671864,48.49990577]]]]},"properties":{"nature":"Haie","precision":3,"modifiedAt":null}},{"type":"Feature","id":"ZONEVEGE0000002321890880","geometry":{"type":"MultiPolygon","coordinates":[[[[3.81476559,48.5003627],[3.81474614,48.50033045],[3.81465959,48.50033644],[3.81460346,48.5003827],[3.81469468,48.50041627],[3.81479463,48.50040209],[3.8147833,48.50036978],[3.81476559,48.5003627]]]]},"properties":{"nature":"Haie","precision":3,"modifiedAt":null}},{"type":"Feature","id":"ZONEVEGE0000002321890879","geometry":{"type":"MultiPolygon","coordinates":[[[[3.81581912,48.50064605],[3.81582239,48.50059565],[3.81579015,48.50061117],[3.81571856,48.50062155],[3.81565712,48.50067506],[3.81561005,48.50069517],[3.81559002,48.5007124],[3.81551032,48.50072374],[3.81550664,48.50074806],[3.81560558,48.50075548],[3.8156328,48.50076519],[3.81571905,48.5007403],[3.81578189,48.50068949],[3.81581912,48.50064605]]]]},"properties":{"nature":"Haie","precision":3,"modifiedAt":null}},{"type":"Feature","id":"ZONEVEGE0000002321890878","geometry":{"type":"MultiPolygon","coordinates":[[[[3.81428686,48.50004481],[3.81429548,48.49998987],[3.81416406,48.49998268],[3.81415424,48.49996025],[3.81410558,48.49996509],[3.81409506,48.49998495],[3.8140425,48.4999997],[3.81401368,48.49997471],[3.81396213,48.49996787],[3.81394102,48.5000031],[3.813975,48.50001186],[3.81396631,48.5000623],[3.81403182,48.50009694],[3.81420886,48.50007773],[3.81425721,48.50005311],[3.81428686,48.50004481]]]]},"properties":{"nature":"Haie","precision":3,"modifiedAt":null}},{"type":"Feature","id":"ZONEVEGE0000002321890876","geometry":{"type":"MultiPolygon","coordinates":[[[[3.81516311,48.50041935],[3.81511693,48.50040977],[3.81504116,48.50041209],[3.81503011,48.50048504],[3.81507815,48.50052789],[3.81515248,48.50051928],[3.81518012,48.50046871],[3.81516311,48.50041935]]]]},"properties":{"nature":"Haie","precision":3,"modifiedAt":null}},{"type":"Feature","id":"ZONEVEGE0000002321890875","geometry":{"type":"MultiPolygon","coordinates":[[[[3.81827104,48.50144966],[3.81825461,48.50143808],[3.81822107,48.50145721],[3.81825268,48.50148758],[3.81840308,48.50149644],[3.8185215,48.5015379],[3.81857577,48.50154563],[3.81862478,48.50156328],[3.81867062,48.50155127],[3.81865252,48.50151901],[3.81857508,48.50150155],[3.81847739,48.50148693],[3.81841061,48.5014586],[3.81827104,48.50144966]]]]},"properties":{"nature":"Haie","precision":3,"modifiedAt":null}},{"type":"Feature","id":"ZONEVEGE0000002321890874","geometry":{"type":"MultiPolygon","coordinates":[[[[3.8218083,48.50153321],[3.82179442,48.50151171],[3.82174578,48.50151745],[3.82173321,48.50149324],[3.82169407,48.50150071],[3.82164467,48.50154423],[3.82170059,48.50157084],[3.82173048,48.50157783],[3.8217538,48.50159746],[3.82181224,48.50161235],[3.82187352,48.50163531],[3.82193498,48.50158361],[3.82185172,48.5015401],[3.8218083,48.50153321]]]]},"properties":{"nature":"Haie","precision":3,"modifiedAt":null}},{"type":"Feature","id":"ZONEVEGE0000002321890873","geometry":{"type":"MultiPolygon","coordinates":[[[[3.8147713,48.50116604],[3.81480894,48.50114959],[3.81485233,48.50115379],[3.81488322,48.50113828],[3.81489066,48.50109415],[3.81482627,48.50104511],[3.81481514,48.50102539],[3.81479605,48.50101653],[3.81474463,48.50101778],[3.81473424,48.50104664],[3.81465992,48.50105525],[3.81460256,48.50110962],[3.81459879,48.50112854],[3.81463446,48.50115888],[3.81465807,48.5011974],[3.81474755,48.50120579],[3.8147713,48.50116604]]]]},"properties":{"nature":"Haie","precision":3,"modifiedAt":null}},{"type":"Feature","id":"ZONEVEGE0000002321890872","geometry":{"type":"MultiPolygon","coordinates":[[[[3.81315152,48.50015874],[3.81316587,48.50012356],[3.81324626,48.5001572],[3.81326762,48.50013816],[3.81332564,48.50012606],[3.81331181,48.50010727],[3.81325971,48.50006444],[3.81318942,48.50007122],[3.81318196,48.50002629],[3.81312519,48.50003208],[3.81310938,48.50006007],[3.81305006,48.50007577],[3.81309801,48.50011233],[3.81311206,48.50014552],[3.81313527,48.50015796],[3.81315152,48.50015874]]]]},"properties":{"nature":"Haie","precision":3,"modifiedAt":null}},{"type":"Feature","id":"ZONEVEGE0000002321890871","geometry":{"type":"MultiPolygon","coordinates":[[[[3.81832439,48.50035713],[3.81828507,48.50035291],[3.81824047,48.50035771],[3.81816819,48.50032312],[3.81810467,48.50032986],[3.81805563,48.5003104],[3.81802575,48.50030431],[3.81799558,48.50027933],[3.8178708,48.500264],[3.81784486,48.50024978],[3.81775556,48.50025219],[3.81777375,48.50029075],[3.81795038,48.50033182],[3.81811773,48.50038645],[3.81819393,48.50041111],[3.81825099,48.50042421],[3.81827928,48.50041592],[3.81829795,48.5003978],[3.81833839,48.50038673],[3.81832439,48.50035713]]]]},"properties":{"nature":"Haie","precision":3,"modifiedAt":null}},{"type":"Feature","id":"ZONEVEGE0000002321890870","geometry":{"type":"MultiPolygon","coordinates":[[[[3.81540331,48.50115451],[3.81538528,48.50112674],[3.81532827,48.50111724],[3.81527643,48.5010915],[3.8152032,48.50108301],[3.81515591,48.50108873],[3.8151483,48.50112207],[3.81518121,48.50114883],[3.81527174,48.50113832],[3.8153604,48.50118089],[3.81540331,48.50115451]]]]},"properties":{"nature":"Haie","precision":3,"modifiedAt":null}},{"type":"Feature","id":"ZONEVEGE0000002321890869","geometry":{"type":"MultiPolygon","coordinates":[[[[3.81717497,48.49982706],[3.81715586,48.4998173],[3.81712073,48.49982114],[3.81695979,48.49983124],[3.81693868,48.49986647],[3.81698895,48.49987782],[3.8170271,48.49989375],[3.81706618,48.49988269],[3.81718786,48.49987285],[3.81717497,48.49982706]]]]},"properties":{"nature":"Haie","precision":3,"modifiedAt":null}},{"type":"Feature","id":"ZONEVEGE0000002321890868","geometry":{"type":"MultiPolygon","coordinates":[[[[3.81312851,48.50173147],[3.81314834,48.50170075],[3.8133285,48.50170761],[3.81337425,48.5016902],[3.81343793,48.50169337],[3.81343769,48.50167807],[3.81348161,48.50162919],[3.81346386,48.50161942],[3.81344058,48.50160248],[3.8133828,48.50162987],[3.81336619,48.50160659],[3.81327931,48.50159099],[3.81325451,48.50156327],[3.81329702,48.5015108],[3.81329933,48.5014856],[3.81325701,48.5014625],[3.8132418,48.50144191],[3.81315094,48.50143174],[3.8131126,48.50140321],[3.81306698,48.50142961],[3.81306462,48.50145212],[3.81308116,48.5014709],[3.81307649,48.50151951],[3.81309854,48.50154455],[3.81301255,48.50158652],[3.81304563,48.50162408],[3.81300577,48.50167293],[3.81302263,48.5017124],[3.81307057,48.50174896],[3.81309767,48.50175057],[3.81312851,48.50173147]]]]},"properties":{"nature":"Haie","precision":3,"modifiedAt":null}},{"type":"Feature","id":"ZONEVEGE0000002321890867","geometry":{"type":"MultiPolygon","coordinates":[[[[3.8153389,48.50093004],[3.81547207,48.50087515],[3.81547805,48.50082473],[3.8154443,48.50083035],[3.81540397,48.50084862],[3.81537704,48.50085781],[3.81532462,48.50088246],[3.81526932,48.50089543],[3.81522616,48.50090562],[3.81509474,48.50089843],[3.81502329,48.50091781],[3.81502789,48.50095196],[3.8152121,48.5009588],[3.81528491,48.5009403],[3.8153389,48.50093004]]]]},"properties":{"nature":"Haie","precision":3,"modifiedAt":null}},{"type":"Feature","id":"ZONEVEGE0000002321890866","geometry":{"type":"MultiPolygon","coordinates":[[[[3.81611695,48.50160482],[3.8161573,48.50158745],[3.81626165,48.50159483],[3.81626784,48.50155791],[3.81614991,48.50154792],[3.81607414,48.50155024],[3.81603547,48.50158829],[3.8160724,48.50161233],[3.81611695,48.50160482]]]]},"properties":{"nature":"Haie","precision":3,"modifiedAt":null}},{"type":"Feature","id":"ZONEVEGE0000002321890865","geometry":{"type":"MultiPolygon","coordinates":[[[[3.81432566,48.50027665],[3.81413203,48.50027348],[3.81402376,48.50027512],[3.81402123,48.50028683],[3.81407427,48.50030266],[3.81409122,48.50034843],[3.81405041,48.50033522],[3.81398124,48.50032669],[3.81395523,48.50030798],[3.81392682,48.50030907],[3.81390219,48.50029215],[3.813856,48.50028167],[3.81383159,48.50027914],[3.81379103,48.50028211],[3.8137616,48.50030481],[3.81377511,48.50039018],[3.81380099,48.5004008],[3.81387516,48.5003823],[3.81403743,48.50037129],[3.81412245,48.50035451],[3.81418631,48.50036937],[3.81428118,48.50037682],[3.81433574,48.50040343],[3.81439543,48.50041112],[3.81443419,48.50037937],[3.81441073,48.50035074],[3.8143185,48.50033878],[3.81432566,48.50027665]]]]},"properties":{"nature":"Haie","precision":3,"modifiedAt":null}},{"type":"Feature","id":"ZONEVEGE0000002321890864","geometry":{"type":"MultiPolygon","coordinates":[[[[3.81469959,48.50047111],[3.81463039,48.50046079],[3.81457224,48.50046479],[3.81450247,48.50050485],[3.81452363,48.50055958],[3.81458638,48.50059064],[3.81469295,48.50056652],[3.81473012,48.50051948],[3.81469959,48.50047111]]]]},"properties":{"nature":"Haie","precision":3,"modifiedAt":null}},{"type":"Feature","id":"ZONEVEGE0000002321890863","geometry":{"type":"MultiPolygon","coordinates":[[[[3.81378436,48.50002666],[3.81375697,48.50000616],[3.81376133,48.49993866],[3.81368833,48.49994455],[3.81367178,48.50001214],[3.81361589,48.49998733],[3.81356734,48.49999936],[3.81352688,48.50000863],[3.81351384,48.50004111],[3.81361883,48.50008987],[3.81363817,48.50011493],[3.81368873,48.50014517],[3.81371682,48.50012339],[3.81377893,48.50011307],[3.81379891,48.50009224],[3.81377134,48.50006004],[3.81378436,48.50002666]]]]},"properties":{"nature":"Haie","precision":3,"modifiedAt":null}},{"type":"Feature","id":"ZONEVEGE0000002321890862","geometry":{"type":"MultiPolygon","coordinates":[[[[3.81402376,48.50027512],[3.81413203,48.50027348],[3.81432566,48.50027665],[3.81432679,48.50026225],[3.81424914,48.50023129],[3.81424151,48.50017557],[3.81409142,48.50018649],[3.81403366,48.50021568],[3.81402376,48.50027512]]]]},"properties":{"nature":"Haie","precision":3,"modifiedAt":null}},{"type":"Feature","id":"ZONEVEGE0000002321890861","geometry":{"type":"MultiPolygon","coordinates":[[[[3.81294685,48.50136476],[3.81299664,48.50134553],[3.81302235,48.50134535],[3.81305753,48.50134421],[3.8131271,48.50129066],[3.81319327,48.50128031],[3.81325326,48.50130779],[3.81329385,48.50130661],[3.81332694,48.5012578],[3.81338216,48.50123943],[3.81340048,48.50119882],[3.81345175,48.50118768],[3.81346328,48.50114531],[3.81339119,48.50112332],[3.81334115,48.50112636],[3.81328744,48.50115461],[3.81329217,48.50119776],[3.81318134,48.50120932],[3.81314499,48.50122216],[3.8131176,48.50120166],[3.81305355,48.50117421],[3.8129268,48.50120656],[3.81291389,48.5013344],[3.81294685,48.50136476]]]]},"properties":{"nature":"Haie","precision":3,"modifiedAt":null}},{"type":"Feature","id":"ZONEVEGE0000002321890860","geometry":{"type":"MultiPolygon","coordinates":[[[[3.8170304,48.50027967],[3.81700447,48.50026636],[3.8169166,48.50027416],[3.81695759,48.50029817],[3.8169848,48.50030698],[3.81702569,48.50032469],[3.8171341,48.50033204],[3.81716131,48.50034085],[3.81735908,48.50034938],[3.81742849,48.5003732],[3.81747282,48.5003513],[3.81745613,48.50032263],[3.81709404,48.50028104],[3.8170304,48.50027967]]]]},"properties":{"nature":"Haie","precision":3,"modifiedAt":null}},{"type":"Feature","id":"ZONEVEGE0000002321890859","geometry":{"type":"MultiPolygon","coordinates":[[[[3.81722214,48.49929235],[3.81717482,48.49920901],[3.81713424,48.49921109],[3.81711469,48.49917254],[3.81710087,48.49915464],[3.81710317,48.49912853],[3.81705938,48.49909825],[3.81702348,48.49905261],[3.81698458,48.49907537],[3.81700614,48.49915619],[3.81702117,48.49916508],[3.81701777,48.49920739],[3.81704934,48.49923596],[3.81706358,48.49928085],[3.81711978,48.49932544],[3.81714498,48.49937925],[3.81720843,48.49936801],[3.81720069,48.49930599],[3.81722214,48.49929235]]]]},"properties":{"nature":"Haie","precision":3,"modifiedAt":null}},{"type":"Feature","id":"ZONEVEGE0000002321890858","geometry":{"type":"MultiPolygon","coordinates":[[[[3.81541321,48.50039784],[3.81543171,48.50036893],[3.81548454,48.50037126],[3.8155114,48.50035758],[3.81548249,48.50032629],[3.81552252,48.50028913],[3.81553575,48.50026925],[3.81549344,48.50024705],[3.81549948,48.50020023],[3.81551936,48.5001731],[3.81553656,48.5001469],[3.81559592,48.50013389],[3.81561312,48.50010858],[3.8156585,48.50006689],[3.81571649,48.500053],[3.81573479,48.50009785],[3.81579098,48.50014245],[3.81576162,48.50016964],[3.81578211,48.50018119],[3.81588392,48.50019939],[3.81589832,48.5001678],[3.81591157,48.50014972],[3.81592441,48.50010465],[3.81593645,48.50009557],[3.81595629,48.50006574],[3.81602401,48.50006798],[3.81598592,48.50014291],[3.81599996,48.5001752],[3.81607217,48.50011803],[3.81612771,48.50012034],[3.81616816,48.50011017],[3.81621134,48.50010088],[3.81619023,48.50004974],[3.81622739,48.50000181],[3.81623717,48.49993427],[3.81618987,48.49993909],[3.81615622,48.49995192],[3.81611131,48.49993603],[3.81605468,48.49995081],[3.81602746,48.49994111],[3.81591634,48.49993377],[3.81588157,48.499961],[3.81582487,48.49997129],[3.8157859,48.49998955],[3.8156886,48.50000011],[3.81565985,48.49997962],[3.81560306,48.4999836],[3.81556919,48.49998204],[3.81550834,48.49998605],[3.81545417,48.49998463],[3.8153984,48.49996792],[3.81535984,48.50001226],[3.81529908,48.50002258],[3.81528034,48.5000362],[3.81531468,48.50006835],[3.81531248,48.50010075],[3.81519328,48.50009617],[3.81517164,48.50009722],[3.81513855,48.50014603],[3.81503426,48.50014225],[3.81496145,48.50016074],[3.81501491,48.50020355],[3.81509358,48.50021381],[3.81512919,48.50024055],[3.81521053,48.50024809],[3.81523774,48.5002569],[3.81527984,48.50026561],[3.81528012,48.5002836],[3.81529805,48.50030507],[3.8152945,48.50033748],[3.8152976,48.50036265],[3.81535189,48.50037217],[3.81538887,48.50039981],[3.81541321,48.50039784]]]]},"properties":{"nature":"Haie","precision":3,"modifiedAt":null}},{"type":"Feature","id":"ZONEVEGE0000002321890857","geometry":{"type":"MultiPolygon","coordinates":[[[[3.83100893,48.50738613],[3.83101373,48.50726195],[3.83096675,48.50728747],[3.83088864,48.5073141],[3.83080666,48.50735246],[3.83073916,48.50736463],[3.83067202,48.50739929],[3.83050186,48.50742656],[3.83035171,48.50752028],[3.8302977,48.50752965],[3.83022254,48.50757156],[3.83014494,48.50762968],[3.83002487,48.50765661],[3.82994967,48.50769581],[3.82984886,48.5077424],[3.8297705,48.50775284],[3.82971029,48.50779825],[3.82963121,48.50784828],[3.82950056,48.50789147],[3.82949,48.50790864],[3.82978794,48.50791376],[3.82989512,48.50784194],[3.83022831,48.50767947],[3.83065882,48.50750643],[3.83100893,48.50738613]]]]},"properties":{"nature":"Haie","precision":3,"modifiedAt":null}},{"type":"Feature","id":"ZONEVEGE0000002321890856","geometry":{"type":"MultiPolygon","coordinates":[[[[3.8135934,48.50133065],[3.81369891,48.50132543],[3.81378287,48.50132755],[3.81382301,48.50129669],[3.81380283,48.50113039],[3.81378751,48.50110261],[3.81378053,48.50108916],[3.81370211,48.5010951],[3.81370699,48.50114814],[3.81366695,48.5011853],[3.81369551,48.5011932],[3.81370938,48.5012147],[3.81365575,48.50124835],[3.81363045,48.50127552],[3.81361435,48.50128462],[3.8135897,48.5012668],[3.81354529,48.5012833],[3.81352266,48.50130864],[3.81356347,48.50132096],[3.8135934,48.50133065]]]]},"properties":{"nature":"Haie","precision":3,"modifiedAt":null}},{"type":"Feature","id":"ZONEVEGE0000002321890855","geometry":{"type":"MultiPolygon","coordinates":[[[[3.82029794,48.50225256],[3.82034084,48.50222527],[3.82035807,48.50220176],[3.82043856,48.50224169],[3.82066567,48.50222123],[3.82073186,48.50221178],[3.8208535,48.50219924],[3.82083658,48.50215618],[3.82052649,48.50215112],[3.82050733,48.50213776],[3.82047356,48.50214249],[3.82013668,48.50215561],[3.82006968,48.50219926],[3.82008368,48.50222885],[3.82013795,48.50223657],[3.82016516,48.50224538],[3.82026234,48.50222672],[3.82029794,48.50225256]]]]},"properties":{"nature":"Haie","precision":3,"modifiedAt":null}},{"type":"Feature","id":"ZONEVEGE0000002321890854","geometry":{"type":"MultiPolygon","coordinates":[[[[3.82289303,48.50207628],[3.82289261,48.50204929],[3.82290586,48.50203121],[3.82293294,48.50203102],[3.82299382,48.5020288],[3.82305475,48.50202928],[3.82312647,48.50202788],[3.82317627,48.50200954],[3.8236144,48.50197862],[3.82370222,48.50196721],[3.82417579,48.50195223],[3.82422844,48.50194287],[3.82451253,48.50193011],[3.82464095,48.50191842],[3.82466042,48.5018652],[3.82467452,48.50190109],[3.82469641,48.50191533],[3.8247575,48.50192661],[3.82483708,48.50190806],[3.82491395,48.50188953],[3.82524939,48.50187101],[3.82530916,48.50188409],[3.82539321,48.5018916],[3.82543069,48.50186435],[3.82547115,48.50185508],[3.82553025,48.50182498],[3.82574142,48.50182441],[3.82578998,48.50181328],[3.8259443,48.5018131],[3.82598342,48.50180384],[3.82605225,48.50179076],[3.82623908,48.50179126],[3.82629443,48.50178188],[3.82636466,48.5017715],[3.82647053,48.50178875],[3.82653292,48.50179642],[3.82659205,48.50176902],[3.82682201,48.50175752],[3.8268692,48.5017455],[3.8269978,48.5017455],[3.82706254,48.50172976],[3.82722062,48.50171066],[3.82775229,48.50168807],[3.82779267,48.50167339],[3.82814442,48.50165925],[3.82820366,48.50163904],[3.82832009,48.50163913],[3.8283524,48.50162811],[3.82850943,48.50162791],[3.8285499,48.50161863],[3.82862407,48.50160102],[3.82884588,48.50158778],[3.82888634,48.5015785],[3.82910275,48.5015662],[3.82912968,48.50155701],[3.82925673,48.50154443],[3.82922085,48.5015015],[3.82882999,48.50152492],[3.82877283,48.50150552],[3.8285604,48.5015124],[3.82845073,48.50151137],[3.82843159,48.50149891],[3.82838428,48.50150373],[3.82831982,48.50153657],[3.82826318,48.50155046],[3.82823625,48.50155964],[3.8280821,48.50157061],[3.8279007,48.50157098],[3.82787527,48.50158915],[3.82777394,48.50160155],[3.82773197,48.50160184],[3.82770407,48.50154896],[3.82765589,48.50158438],[3.82752187,48.50158441],[3.82749376,48.5016044],[3.82739378,48.50161679],[3.82733673,48.5016046],[3.82731051,48.50157329],[3.8272055,48.50161001],[3.82707419,48.50161002],[3.82699462,48.50162947],[3.82687159,48.50163932],[3.82681717,48.50162261],[3.82677806,48.50163188],[3.82646283,48.50164396],[3.82644116,48.50164322],[3.82633571,48.50165205],[3.82631831,48.50166476],[3.82628326,48.501674],[3.82625053,48.50165894],[3.82617889,48.50166573],[3.82612924,48.50169397],[3.8260712,48.50170427],[3.82575205,48.50172538],[3.8257184,48.5017382],[3.82567757,48.50172409],[3.8256345,48.50173969],[3.82536104,48.50173979],[3.82530568,48.50174917],[3.82506668,48.50178771],[3.82487464,48.50179984],[3.82477867,48.50180951],[3.82468528,48.50181015],[3.82464511,48.50183832],[3.82461382,48.50182864],[3.82429175,48.50183628],[3.82422703,48.50185292],[3.82404986,48.50186404],[3.82397986,48.50188882],[3.82356453,48.50190609],[3.82350114,48.50192093],[3.82342904,48.50189893],[3.823417,48.50190801],[3.82340227,48.50191801],[3.82333593,48.50191757],[3.82319113,48.50192128],[3.82311966,48.50193886],[3.8230765,48.50194906],[3.82300475,48.50194866],[3.82292356,48.50195102],[3.8228491,48.50195063],[3.82282218,48.50196072],[3.82279525,48.5019699],[3.82276581,48.50199169],[3.82278377,48.50201496],[3.82272977,48.50202433],[3.82268138,48.50204626],[3.82272239,48.50207206],[3.8227574,48.50206012],[3.8227911,48.50205089],[3.82281184,48.50207864],[3.82289303,48.50207628]]]]},"properties":{"nature":"Haie","precision":3,"modifiedAt":null}},{"type":"Feature","id":"ZONEVEGE0000002321890853","geometry":{"type":"MultiPolygon","coordinates":[[[[3.81926286,48.50055309],[3.81922996,48.50052632],[3.81911905,48.50053249],[3.81911545,48.5005622],[3.81915931,48.50059698],[3.81921368,48.500611],[3.81929268,48.50064194],[3.81939033,48.50065387],[3.81941486,48.50066449],[3.81947181,48.5006704],[3.81950722,48.50068365],[3.81956329,48.50063378],[3.81953879,48.50062495],[3.81946821,48.50061285],[3.81938502,48.50057383],[3.81926286,48.50055309]]]]},"properties":{"nature":"Haie","precision":3,"modifiedAt":null}},{"type":"Feature","id":"ZONEVEGE0000002321890852","geometry":{"type":"MultiPolygon","coordinates":[[[[3.81532136,48.50224093],[3.81534449,48.50216071],[3.81536032,48.50213451],[3.81535185,48.50211207],[3.81531673,48.50211681],[3.81530607,48.50212768],[3.81525907,48.5021523],[3.8152119,48.50216611],[3.81515906,48.50216288],[3.8150917,48.50218403],[3.81504849,48.50219152],[3.81503789,48.50220599],[3.81506683,48.50223908],[3.81513307,48.50223323],[3.81521188,48.50225158],[3.81532136,48.50224093]]]]},"properties":{"nature":"Haie","precision":3,"modifiedAt":null}},{"type":"Feature","id":"ZONEVEGE0000002321890851","geometry":{"type":"MultiPolygon","coordinates":[[[[3.81909798,48.5016113],[3.81903286,48.50160185],[3.81898571,48.50161657],[3.81900107,48.50164705],[3.81909461,48.5016554],[3.81916691,48.50169089],[3.8192848,48.50169818],[3.81933112,48.50171675],[3.8193935,48.50172352],[3.81944115,48.50174118],[3.81949915,48.50172728],[3.81948783,48.50169588],[3.81940647,48.50168744],[3.81927056,48.50165329],[3.81918922,48.50164576],[3.81909798,48.5016113]]]]},"properties":{"nature":"Haie","precision":3,"modifiedAt":null}},{"type":"Feature","id":"ZONEVEGE0000002321890850","geometry":{"type":"MultiPolygon","coordinates":[[[[3.83105195,48.50745241],[3.83100719,48.50744732],[3.83100893,48.50738613],[3.83065882,48.50750643],[3.83022831,48.50767947],[3.82989512,48.50784194],[3.82978794,48.50791376],[3.82977865,48.50801098],[3.82982587,48.50800076],[3.82986207,48.50797801],[3.82987797,48.50795631],[3.82994366,48.50791537],[3.82995508,48.50786671],[3.83001467,48.50786809],[3.83010341,48.50782879],[3.83014238,48.50781052],[3.83019809,48.50782273],[3.83029194,48.50776449],[3.83033207,48.50773363],[3.83039843,48.50773496],[3.83043874,48.50771579],[3.83051596,48.50771885],[3.83053188,48.50769804],[3.83054499,48.50767096],[3.83055823,48.50765198],[3.83057806,48.50762215],[3.83061016,48.50759674],[3.83070362,48.50759968],[3.83076514,48.50755157],[3.83079897,48.50755044],[3.8308262,48.50756014],[3.83084224,48.50754743],[3.83091872,48.50750372],[3.83095919,48.50749444],[3.83101292,48.50746707],[3.83103717,48.50745971],[3.83105195,48.50745241]]]]},"properties":{"nature":"Haie","precision":3,"modifiedAt":null}},{"type":"Feature","id":"ZONEVEGE0000002321885851","geometry":{"type":"MultiPolygon","coordinates":[[[[3.78536791,48.52464638],[3.78537515,48.52467782],[3.78539129,48.52476048],[3.78545963,48.52480231],[3.78550106,48.52485601],[3.78555412,48.52487185],[3.78558005,48.52488517],[3.78548458,48.52474996],[3.78536791,48.52464638]]]]},"properties":{"nature":"Haie","precision":3,"modifiedAt":null}},{"type":"Feature","id":"ZONEVEGE0000002321885829","geometry":{"type":"MultiPolygon","coordinates":[[[[3.78500833,48.52469104],[3.78534105,48.52511346],[3.78516963,48.52515237],[3.78496622,48.524954],[3.78495021,48.5249703],[3.78490611,48.52501018],[3.78492542,48.52503344],[3.78494336,48.52505581],[3.78491281,48.5250956],[3.78492663,48.5251144],[3.78494031,48.5251233],[3.78496915,48.5251501],[3.78500589,48.52516155],[3.78505824,48.52522058],[3.78509585,48.52519964],[3.78533557,48.52519986],[3.7853625,48.52518978],[3.78541549,48.52520113],[3.78543501,48.52514792],[3.78540083,48.52512656],[3.78536802,48.52510608],[3.7853999,48.52506449],[3.78538458,48.5250358],[3.78535725,48.52501979],[3.78538327,48.52494855],[3.78535998,48.52493071],[3.78531379,48.52492112],[3.78525948,48.52491248],[3.78524444,48.52490269],[3.78516403,48.52486903],[3.7851631,48.52480696],[3.78513439,48.52478916],[3.78512002,48.52473348],[3.78509268,48.52471657],[3.78510446,48.5246895],[3.7850229,48.52466935],[3.78502243,48.52463787],[3.78500999,48.52462085],[3.78500833,48.52469104]]]]},"properties":{"nature":"Haie","precision":3,"modifiedAt":null}},{"type":"Feature","id":"ZONEVEGE0000002321885827","geometry":{"type":"MultiPolygon","coordinates":[[[[3.78168946,48.51555206],[3.78166747,48.51553062],[3.78160936,48.5155382],[3.78159724,48.51563364],[3.78165223,48.51568905],[3.78173546,48.51573168],[3.781773,48.51570625],[3.78177795,48.51567473],[3.78173128,48.51563275],[3.78171694,48.51557887],[3.78168946,48.51555206]]]]},"properties":{"nature":"Haie","precision":3,"modifiedAt":null}},{"type":"Feature","id":"ZONEVEGE0000002321885826","geometry":{"type":"MultiPolygon","coordinates":[[[[3.79733171,48.51313251],[3.79736004,48.51312602],[3.79739127,48.51313121],[3.79743971,48.51311109],[3.79742537,48.51305901],[3.79738325,48.5130494],[3.79737736,48.51301795],[3.79723661,48.51302249],[3.79724788,48.51305121],[3.7972835,48.51307886],[3.79727434,48.51309961],[3.79733171,48.51313251]]]]},"properties":{"nature":"Haie","precision":3,"modifiedAt":null}},{"type":"Feature","id":"ZONEVEGE0000002321885761","geometry":{"type":"MultiPolygon","coordinates":[[[[3.804739,48.5135342],[3.80473261,48.5133822],[3.80470806,48.51337067],[3.80468735,48.51334472],[3.80467354,48.51332682],[3.80464348,48.51330904],[3.80464537,48.51325594],[3.80458972,48.51324733],[3.80460307,48.51323464],[3.80462975,48.51320837],[3.8046281,48.51318949],[3.80457136,48.51319797],[3.80442534,48.51321155],[3.80439978,48.51322252],[3.80432552,48.51323652],[3.80429609,48.51326011],[3.80424085,48.51327758],[3.80421359,48.51335423],[3.80415831,48.5133699],[3.80416171,48.51341485],[3.80413891,48.5134294],[3.80414223,48.51346896],[3.80415268,48.51362093],[3.80417839,48.51361986],[3.80422839,48.51361322],[3.80424732,48.51361129],[3.80432975,48.51360084],[3.804739,48.5135342]]]]},"properties":{"nature":"Bois","precision":3,"modifiedAt":null}},{"type":"Feature","id":"ZONEVEGE0000002321885850","geometry":{"type":"MultiPolygon","coordinates":[[[[3.7939566,48.51432822],[3.7939222,48.51429157],[3.79384241,48.5142984],[3.79379706,48.51434368],[3.79377764,48.51440229],[3.79382275,48.51443077],[3.79384902,48.51446658],[3.79389141,48.51449419],[3.79395889,48.51447934],[3.79397453,48.51443875],[3.7940132,48.51439981],[3.79398469,48.5143946],[3.79396977,48.51439291],[3.79388974,48.51438354],[3.7939054,48.51434476],[3.7939566,48.51432822]]]]},"properties":{"nature":"Haie","precision":3,"modifiedAt":null}},{"type":"Feature","id":"ZONEVEGE0000002321885781","geometry":{"type":"MultiPolygon","coordinates":[[[[3.80470034,48.51313232],[3.80463865,48.51308236],[3.80454535,48.51309109],[3.80453817,48.51306415],[3.80446515,48.51307094],[3.80447915,48.51310053],[3.80451891,48.51313265],[3.80457027,48.51312691],[3.80459631,48.51314742],[3.80470034,48.51313232]]]]},"properties":{"nature":"Haie","precision":3,"modifiedAt":null}},{"type":"Feature","id":"ZONEVEGE0000002321885825","geometry":{"type":"MultiPolygon","coordinates":[[[[3.79032055,48.51205481],[3.7902949,48.51205948],[3.79026754,48.51204077],[3.79024437,48.51203102],[3.79017983,48.51206114],[3.79009003,48.51203205],[3.79004943,48.51203322],[3.78999255,48.5120327],[3.78994086,48.51201685],[3.78989196,48.51200638],[3.78985882,48.51196342],[3.78981524,48.51194661],[3.78973563,48.51196513],[3.78969488,48.51195641],[3.78965279,48.51194859],[3.78962679,48.51193077],[3.78958861,48.51191303],[3.78954162,48.51193943],[3.78950402,48.51196038],[3.7894709,48.51200828],[3.78951054,48.5120332],[3.78964507,48.51206559],[3.78969759,48.51204635],[3.78973667,48.5120344],[3.78978019,48.5120467],[3.78981849,48.51207254],[3.78987688,48.51208385],[3.78990719,48.51211873],[3.78995641,48.51214989],[3.78997261,48.51214708],[3.79006308,48.51213029],[3.79013673,48.51216578],[3.79018792,48.51214835],[3.79023139,48.51215796],[3.79029635,48.51215573],[3.79033445,48.51216807],[3.79032826,48.51211683],[3.79032055,48.51205481]]]]},"properties":{"nature":"Haie","precision":3,"modifiedAt":null}},{"type":"Feature","id":"ZONEVEGE0000002321885824","geometry":{"type":"MultiPolygon","coordinates":[[[[3.79127808,48.52562645],[3.79143326,48.52873],[3.79160244,48.52881164],[3.79197537,48.52902146],[3.79214833,48.52908418],[3.79223548,48.52911509],[3.79229404,48.52913629],[3.79236212,48.52916012],[3.79218235,48.52846682],[3.79217886,48.52841556],[3.79217996,48.52839846],[3.79216296,48.5283491],[3.79216369,48.52830771],[3.79214769,48.52823495],[3.79214669,48.52816838],[3.79213104,48.52811901],[3.79211533,48.52806514],[3.79208662,48.52804734],[3.79212283,48.5280237],[3.79215502,48.5280028],[3.79214133,48.52799299],[3.79211946,48.52797965],[3.79210169,48.52796897],[3.79206374,48.52769844],[3.79206427,48.52764356],[3.79202174,48.52760786],[3.79204012,48.52756905],[3.79203423,48.5275376],[3.79201645,48.52743696],[3.79192483,48.52693019],[3.7919219,48.52691582],[3.79184804,48.52650878],[3.79184649,48.5264962],[3.79172838,48.52584926],[3.79171429,48.52581337],[3.79163273,48.52579322],[3.79164564,48.52575175],[3.79166564,48.52573093],[3.79127808,48.52562645]]]]},"properties":{"nature":"Peupleraie","precision":3,"modifiedAt":null}},{"type":"Feature","id":"ZONEVEGE0000002321885846","geometry":{"type":"MultiPolygon","coordinates":[[[[3.78508013,48.52433071],[3.78505466,48.52434798],[3.78506875,48.52438477],[3.78508419,48.52442065],[3.78514729,48.52447421],[3.78518194,48.52452706],[3.78519589,48.52455485],[3.7852369,48.52457977],[3.78525072,48.52459857],[3.78536791,48.52464638],[3.78518125,48.52448118],[3.78508013,48.52433071]]]]},"properties":{"nature":"Haie","precision":3,"modifiedAt":null}},{"type":"Feature","id":"ZONEVEGE0000002321885777","geometry":{"type":"MultiPolygon","coordinates":[[[[3.81062967,48.51269529],[3.81066154,48.51265459],[3.81064617,48.51262411],[3.81056342,48.51261388],[3.81043379,48.51263725],[3.81047224,48.51267207],[3.81050213,48.51267817],[3.81052937,48.51268878],[3.81056838,48.51267232],[3.81062967,48.51269529]]]]},"properties":{"nature":"Haie","precision":3,"modifiedAt":null}},{"type":"Feature","id":"ZONEVEGE0000002321885820","geometry":{"type":"MultiPolygon","coordinates":[[[[3.78710059,48.51403017],[3.78702389,48.5139722],[3.786982,48.51397787],[3.78696479,48.51400408],[3.78693393,48.51402317],[3.78691092,48.51402333],[3.78685691,48.51403358],[3.78680323,48.51406542],[3.78694736,48.51410585],[3.78701989,48.51406669],[3.78704684,48.51405751],[3.78710059,48.51403017]]]]},"properties":{"nature":"Haie","precision":3,"modifiedAt":null}},{"type":"Feature","id":"ZONEVEGE0000002321885802","geometry":{"type":"MultiPolygon","coordinates":[[[[3.78593288,48.5240282],[3.78587309,48.52401511],[3.78572131,48.52400801],[3.78564101,48.52398155],[3.78552849,48.5239742],[3.78542864,48.52390829],[3.78539445,48.52388603],[3.78537376,48.52386097],[3.78532486,48.5238514],[3.78527056,48.52384276],[3.78525646,48.52380597],[3.78522912,48.52378906],[3.78520773,48.52371723],[3.78515873,48.52370046],[3.78508818,48.52369193],[3.78508991,48.52371711],[3.78509741,48.5238565],[3.78517516,48.52389377],[3.78523358,48.52390598],[3.7852678,48.52393004],[3.78535465,48.52394206],[3.7853554,48.52399154],[3.78544233,48.52400896],[3.78561555,48.52409058],[3.78564955,48.52410025],[3.78568528,48.5241342],[3.78570359,48.52418176],[3.7857751,48.52416329],[3.78582451,48.52420705],[3.78585595,48.52422663],[3.78583951,48.52403332],[3.78593288,48.5240282]]]]},"properties":{"nature":"Haie","precision":3,"modifiedAt":null}},{"type":"Feature","id":"ZONEVEGE0000002321885849","geometry":{"type":"MultiPolygon","coordinates":[[[[3.7922812,48.52174151],[3.79228291,48.52176489],[3.79225981,48.52184961],[3.7920607,48.52184733],[3.79213269,48.52186125],[3.7921874,48.52189687],[3.7922146,48.52190478],[3.79224182,48.5219136],[3.79235308,48.52192725],[3.79241839,48.52194751],[3.79245942,48.52197422],[3.79250004,48.52197395],[3.79252833,48.52196387],[3.79258359,48.5219464],[3.79262743,48.52189034],[3.79263068,48.52183634],[3.79260035,48.52180055],[3.79252278,48.52177588],[3.79248928,48.5217995],[3.79243044,48.52175941],[3.79230024,48.52174678],[3.7922812,48.52174151]]]]},"properties":{"nature":"Haie","precision":3,"modifiedAt":null}},{"type":"Feature","id":"ZONEVEGE0000002321885848","geometry":{"type":"MultiPolygon","coordinates":[[[[3.77801344,48.51247068],[3.77802363,48.51242743],[3.77793165,48.51243343],[3.777843,48.51248169],[3.77785883,48.51254456],[3.77794259,48.51253232],[3.77801344,48.51247068]]]]},"properties":{"nature":"Haie","precision":3,"modifiedAt":null}},{"type":"Feature","id":"ZONEVEGE0000002321885847","geometry":{"type":"MultiPolygon","coordinates":[[[[3.78497287,48.52702758],[3.78487546,48.52703452],[3.78475303,48.52699844],[3.78475025,48.52708482],[3.7848533,48.52709224],[3.78489533,48.52709556],[3.78495421,48.52704749],[3.78497287,48.52702758]]]]},"properties":{"nature":"Haie","precision":3,"modifiedAt":null}},{"type":"Feature","id":"ZONEVEGE0000002321885856","geometry":{"type":"MultiPolygon","coordinates":[[[[3.79767851,48.52801534],[3.79780638,48.52796231],[3.79782944,48.52796485],[3.7978905,48.52797254],[3.79801534,48.52798789],[3.79824243,48.52804664],[3.79838646,48.52807716],[3.7985074,48.52810334],[3.79860387,48.52812338],[3.79863102,48.5281277],[3.79884284,48.52816226],[3.79830514,48.52727255],[3.79828756,48.52727447],[3.7979404,48.52724621],[3.79752775,48.52718601],[3.79710644,48.52709077],[3.79813109,48.52909634],[3.7981446,48.52909445],[3.79816081,48.52909165],[3.79822568,48.52908221],[3.7983394,48.52898969],[3.79840399,48.52887321],[3.79841598,48.52877057],[3.79842328,48.52871654],[3.79834422,48.52859473],[3.79833034,48.52857233],[3.79827116,48.52851065],[3.79824364,48.52848205],[3.79818447,48.52842127],[3.79779629,48.52810092],[3.79767851,48.52801534]]]]},"properties":{"nature":"Peupleraie","precision":3,"modifiedAt":null}},{"type":"Feature","id":"ZONEVEGE0000002321885833","geometry":{"type":"MultiPolygon","coordinates":[[[[3.77971641,48.51736517],[3.77970538,48.51735175],[3.77968691,48.51729339],[3.77963546,48.51729373],[3.77960946,48.51727591],[3.77956072,48.51727623],[3.77951334,48.51727744],[3.77949283,48.51726408],[3.779445,48.51723471],[3.77941876,48.51719979],[3.77938745,48.5171892],[3.77936146,48.51717138],[3.77930717,48.51716274],[3.77927997,48.51715482],[3.77925275,48.517146],[3.77921173,48.51711928],[3.77914925,48.5171062],[3.77910412,48.51707681],[3.77899308,48.51707664],[3.77892541,48.51707888],[3.77892333,48.51703031],[3.77899058,48.51699929],[3.77896703,48.51696345],[3.77892123,48.51697995],[3.77884404,48.51697955],[3.77880086,48.51698973],[3.77878921,48.51702579],[3.77868106,48.5170382],[3.77868047,48.51708948],[3.77871189,48.51710817],[3.77871193,48.51720173],[3.77871375,48.5172332],[3.77868719,48.51726846],[3.77870534,48.51730523],[3.77883669,48.51730527],[3.77882272,48.51727657],[3.77878192,48.51726424],[3.77879497,48.51723177],[3.77882043,48.51721361],[3.77883357,48.51718654],[3.7788876,48.51717719],[3.77891388,48.51712304],[3.77895352,48.51714797],[3.77899218,48.51719809],[3.77907122,48.51723176],[3.77909351,48.5172739],[3.77910718,48.5172828],[3.77913452,48.51729972],[3.77915998,48.51728156],[3.77921031,48.51729742],[3.77932473,48.51734255],[3.77940066,48.51734925],[3.77941833,48.51735363],[3.7794482,48.51735883],[3.77956616,48.51736885],[3.77958466,48.51742901],[3.77959833,48.51743791],[3.77971641,48.51736517]]]]},"properties":{"nature":"Haie","precision":3,"modifiedAt":null}},{"type":"Feature","id":"ZONEVEGE0000002321885844","geometry":{"type":"MultiPolygon","coordinates":[[[[3.79625707,48.51530422],[3.79618156,48.51523545],[3.79612477,48.51524123],[3.7961077,48.51527643],[3.79604556,48.51528584],[3.79602621,48.51525988],[3.79598438,48.51527006],[3.79598747,48.51529523],[3.79596621,48.51532146],[3.7961356,48.51533022],[3.79617786,48.51534883],[3.79625707,48.51530422]]]]},"properties":{"nature":"Haie","precision":3,"modifiedAt":null}},{"type":"Feature","id":"ZONEVEGE0000002321885819","geometry":{"type":"MultiPolygon","coordinates":[[[[3.78791453,48.52107243],[3.78788758,48.5210816],[3.78788575,48.52105013],[3.78791526,48.52103104],[3.78793896,48.5209859],[3.78790341,48.52096365],[3.78781862,48.52090843],[3.78778733,48.52089874],[3.7876781,48.52083919],[3.78762831,48.52086021],[3.78756988,48.52084711],[3.78752778,48.52083929],[3.78749772,48.5208215],[3.78743848,48.52084438],[3.78737939,48.5207872],[3.78735065,48.52076759],[3.78735126,48.52071811],[3.78732501,48.5206832],[3.78728189,48.52069788],[3.78726518,48.52075736],[3.78723285,48.52076837],[3.78713809,48.5207708],[3.78706522,48.52078838],[3.78705278,48.52077137],[3.78696478,48.52077285],[3.78690115,48.52077417],[3.78689795,48.52083177],[3.78692007,48.52086221],[3.78692183,48.52088918],[3.78690899,48.52093605],[3.78689433,48.52095144],[3.78687033,48.52097679],[3.78689098,48.52099914],[3.78692483,48.52099892],[3.7869664,48.52106162],[3.78710244,48.52092217],[3.78725915,48.52089685],[3.787447,48.52096127],[3.78750306,48.52099689],[3.78770666,48.52111789],[3.78780025,48.52121802],[3.7878086,48.52123326],[3.78782622,48.52123405],[3.78792771,48.52122887],[3.78791453,48.52107243]]]]},"properties":{"nature":"Bois","precision":3,"modifiedAt":null}},{"type":"Feature","id":"ZONEVEGE0000002321885855","geometry":{"type":"MultiPolygon","coordinates":[[[[3.79890588,48.52607652],[3.79837135,48.52521648],[3.79864873,48.52511026],[3.79864,48.52498167],[3.79807036,48.52430448],[3.79766753,48.52373143],[3.79790911,48.52358677],[3.79813004,48.52350972],[3.79874792,48.52361982],[3.79910843,48.52372625],[3.79907945,48.52369046],[3.79905873,48.52366361],[3.79902865,48.52364492],[3.79898662,48.52355344],[3.79893346,48.52353041],[3.79884467,48.52348063],[3.79858788,48.52333751],[3.79853724,48.52330277],[3.79830466,48.52323686],[3.79825978,48.52322457],[3.79822064,48.52323383],[3.79818983,48.52325562],[3.79816634,48.52322519],[3.79800372,48.52321819],[3.79785462,48.52321019],[3.79773292,48.52322181],[3.79770598,48.52323188],[3.79766534,48.52323126],[3.79760221,48.52326497],[3.79754147,48.52327887],[3.79741298,48.52337869],[3.79739971,48.52339677],[3.79734623,48.52344211],[3.79733472,48.52348717],[3.79730807,48.52351523],[3.79731023,48.5235683],[3.79728477,48.52358646],[3.79723088,48.52360481],[3.79720286,48.52363289],[3.79719095,48.52365096],[3.79717768,48.52366904],[3.7971625,48.52373932],[3.79710012,48.5238234],[3.7970853,48.52391706],[3.79703758,48.52398575],[3.79696859,48.52407977],[3.79694804,48.52415368],[3.79692155,48.52419254],[3.79693553,48.52422124],[3.79694796,48.52423735],[3.79697559,48.52427315],[3.79701799,48.52430075],[3.79708634,48.52434257],[3.79710385,48.52442522],[3.79717858,48.52444091],[3.79719974,48.52449655],[3.79725218,48.52456097],[3.79730214,48.5246398],[3.79736781,48.52468344],[3.79743616,48.52472526],[3.79746735,48.52481682],[3.79748212,48.52489768],[3.79751068,48.52490559],[3.79751029,48.52496856],[3.79752805,48.5250683],[3.79756987,48.52514629],[3.79755826,48.52518415],[3.79750477,48.52522949],[3.79753402,48.52528237],[3.79752076,48.52530135],[3.79746981,48.52533498],[3.79745592,48.52540165],[3.79741585,48.5254379],[3.79737712,48.52547414],[3.79731276,48.52551686],[3.79725028,48.52559374],[3.79719109,48.52562023],[3.79714151,48.52565565],[3.7970175,48.52569426],[3.79694113,48.52574875],[3.79686261,48.52575108],[3.79677593,48.52575076],[3.796694,48.52579629],[3.7965601,48.52580798],[3.79650756,48.52582633],[3.79644507,48.52581415],[3.79642454,48.52579989],[3.79629187,48.52580348],[3.79622103,48.52577607],[3.79619381,48.52576725],[3.79616479,48.52572966],[3.79605876,48.52570339],[3.79604186,48.52566122],[3.79604228,48.52559914],[3.79601233,48.52558945],[3.79595804,48.52558171],[3.79589237,48.52553807],[3.79586243,48.52552838],[3.79582154,48.52551156],[3.79576588,48.52550293],[3.79573839,48.52547613],[3.79568396,48.5254594],[3.79565537,48.5254497],[3.79555383,48.52545217],[3.79539798,48.52535606],[3.79537986,48.52532199],[3.79530073,48.52528384],[3.79525726,48.52527513],[3.79520388,48.52523861],[3.79505631,48.52524229],[3.79497714,48.52520144],[3.79489835,48.52518577],[3.79483721,48.52517269],[3.79468813,48.52516559],[3.79464042,48.52514522],[3.79458882,48.52513657],[3.79451145,48.52512539],[3.79448994,48.52513543],[3.79445497,48.52515185],[3.79432902,48.5251518],[3.79416048,48.5252015],[3.79407869,48.52525603],[3.7940532,48.52527239],[3.79406838,48.52529118],[3.79410287,48.52533233],[3.79405714,48.52535333],[3.79401637,48.5253446],[3.79398106,48.52533764],[3.79394827,48.52531897],[3.79393233,48.52533977],[3.79392173,48.52535513],[3.7938319,48.52541511],[3.7938027,48.52545489],[3.79377618,48.52549195],[3.79373343,48.52553092],[3.7936804,48.52560684],[3.79364401,48.52561878],[3.79362044,48.52567201],[3.79348663,48.52577906],[3.79340558,48.52579309],[3.79336805,48.52581943],[3.79333437,48.52583135],[3.79315019,48.52583168],[3.79308384,48.52583303],[3.7930401,48.52580633],[3.79302212,48.52578126],[3.79297185,48.5257708],[3.7929311,48.52576297],[3.79289005,48.52573536],[3.79280841,48.52571072],[3.79278118,48.525701],[3.79275397,48.52569309],[3.7927403,48.52568418],[3.79272526,48.52567528],[3.79270835,48.52563132],[3.79258822,48.52556914],[3.79255965,48.52556034],[3.79253229,48.52554253],[3.79251862,48.52553362],[3.79250066,48.52551035],[3.79240731,48.52542731],[3.79239295,48.52537343],[3.79237927,48.52536452],[3.79236342,48.52530166],[3.79233168,48.52526228],[3.79233228,48.52512284],[3.79232687,48.52503381],[3.79238586,48.52499384],[3.79240866,48.52497929],[3.79239482,48.52495959],[3.79235518,48.52493557],[3.79239253,48.52489753],[3.79240348,48.5248156],[3.79246233,48.52476662],[3.79248565,48.5246963],[3.79261417,48.52459738],[3.79266672,48.52457994],[3.79270815,48.52454278],[3.79272034,48.52445363],[3.79279134,48.52440188],[3.79283827,48.52437098],[3.79286055,48.52432136],[3.79291666,48.5242706],[3.79294185,48.52423445],[3.7930224,48.52418803],[3.7931247,48.52414597],[3.79315411,48.52412058],[3.79318218,48.5240961],[3.79319517,48.52406003],[3.79330332,48.52404672],[3.79328647,48.52400725],[3.79323349,48.5239968],[3.79321982,48.5239879],[3.79320614,48.52397899],[3.79318661,48.52394134],[3.79315827,48.52394783],[3.79313804,48.52395336],[3.79306978,48.52391783],[3.79304256,48.52390901],[3.79302889,48.52390011],[3.79301385,48.52389121],[3.79304057,48.52386675],[3.79306196,48.52384861],[3.7930293,48.52383803],[3.79297597,48.5238042],[3.79285932,48.52379239],[3.79281008,48.52376033],[3.79270394,48.52372685],[3.79255198,48.52370807],[3.79252098,48.52371818],[3.79249685,48.52373453],[3.79245801,48.52376358],[3.79244163,48.52375469],[3.79242512,48.52373771],[3.79239764,48.5237118],[3.79224378,48.52374701],[3.79219698,48.52378691],[3.79215986,48.52383933],[3.79211294,48.52387113],[3.79208078,48.52389384],[3.79206737,48.52390292],[3.79199368,48.52395559],[3.79194788,48.52397209],[3.79190746,48.52398585],[3.79187946,48.52401483],[3.79172248,48.52411303],[3.79161418,48.52411555],[3.79155841,48.52409973],[3.79145734,48.52413279],[3.79137112,48.52416305],[3.79109774,48.52417567],[3.79099267,48.52421325],[3.79088447,48.52422297],[3.79080811,48.52427835],[3.79073906,48.52427971],[3.79070225,48.52426376],[3.79067771,48.52425313],[3.79062241,48.52426789],[3.79056877,48.52430333],[3.7905125,48.52434419],[3.79048286,48.52435428],[3.79044251,48.52437254],[3.79041556,48.52438172],[3.79032426,48.5244345],[3.79025537,48.52444666],[3.79018795,48.524466],[3.79012037,48.52447544],[3.79009343,48.52448462],[3.790053,48.52449838],[3.78998835,48.5245222],[3.78967543,48.52451708],[3.78963331,48.52450837],[3.78958999,48.52450955],[3.78954107,48.52449818],[3.78942151,48.52447289],[3.78937174,48.52449571],[3.78931795,48.52452126],[3.78920137,48.52451393],[3.78916047,48.52449621],[3.78910481,48.52448759],[3.78907881,48.52446977],[3.788982,48.52442633],[3.78895714,48.52439411],[3.78887069,48.52431911],[3.78875021,48.52432261],[3.78874857,48.52430373],[3.78877801,48.52428014],[3.78882749,48.52423843],[3.78882833,48.52420424],[3.7888021,48.52417113],[3.78875048,48.52416068],[3.78869035,48.52412419],[3.78866179,48.52411629],[3.78859367,48.52408975],[3.78856645,48.52408093],[3.78847086,48.52402849],[3.78842724,48.52400989],[3.78838894,48.52398405],[3.78834682,48.52397534],[3.78830442,48.52394773],[3.78828117,48.52393259],[3.7881983,48.52391515],[3.7880969,48.52392661],[3.78805925,48.52394486],[3.78802159,48.5239622],[3.7879811,48.52397146],[3.7879421,48.52398971],[3.78790291,48.52399537],[3.78783669,48.52400481],[3.78781545,48.52403374],[3.78790269,48.52407094],[3.78790606,48.524115],[3.78787403,48.5241467],[3.78791757,48.5241599],[3.78795397,48.52423883],[3.78793735,48.52430461],[3.78792408,48.52432269],[3.78794207,48.52443862],[3.78794141,48.52448451],[3.78796875,48.52450142],[3.78798244,48.52451123],[3.78802188,48.52452266],[3.7880442,48.52456569],[3.78809864,48.52458332],[3.78808006,48.52460864],[3.78812624,48.52461733],[3.78809288,48.52465083],[3.78808222,48.5246626],[3.78810002,48.52467508],[3.78806936,48.52470767],[3.78811562,48.52472175],[3.78814585,48.52475124],[3.78816657,48.52477809],[3.78823442,48.52478664],[3.78824977,48.52481712],[3.78838025,48.52484774],[3.78843465,48.52486268],[3.78863583,48.52491172],[3.7886711,48.52491599],[3.78869564,48.52492662],[3.78891721,48.52498092],[3.78911434,48.52503089],[3.78916185,48.52503778],[3.78925701,48.52506143],[3.78932778,48.52508435],[3.78940799,48.52510451],[3.78975874,48.52519304],[3.78981036,48.5252035],[3.78982491,48.52518001],[3.7898367,48.52515384],[3.78986932,48.52516172],[3.78992658,48.52518653],[3.79001073,48.52519857],[3.79005453,48.52522886],[3.79012917,48.52523916],[3.79017265,48.52524877],[3.79027555,48.52524628],[3.79032613,48.52527744],[3.79030382,48.52532526],[3.79038808,48.52534449],[3.79045591,48.52535214],[3.79051184,48.52537876],[3.79059322,48.52538631],[3.79071143,48.52541161],[3.79079688,48.52542004],[3.79089208,48.5254464],[3.79094637,48.52545413],[3.79097359,48.52546295],[3.79101435,48.52547167],[3.79104034,48.52548859],[3.79108246,48.52549731],[3.79115573,48.52550672],[3.79116685,48.52552554],[3.79117385,48.52554078],[3.79119153,48.52554516],[3.79121735,48.52555129],[3.79122923,48.52553052],[3.79124102,48.52550435],[3.79130088,48.52552194],[3.7913281,48.52553076],[3.79137837,48.52554122],[3.79139647,48.52557439],[3.79141015,48.52558329],[3.79142383,48.5255922],[3.79146459,48.52560092],[3.79148116,48.5256215],[3.79151651,48.52563116],[3.79154773,48.52563545],[3.79161558,48.525644],[3.79166457,48.52565986],[3.79171076,48.52566945],[3.79177846,48.5256681],[3.79179505,48.52569048],[3.79186183,48.52571792],[3.79194002,48.52569401],[3.79198214,48.52570273],[3.79207733,48.52572818],[3.79213163,48.52573682],[3.79215273,48.52578885],[3.79225598,48.52580976],[3.79225208,48.52582058],[3.79296713,48.52599663],[3.79385589,48.52619492],[3.79439307,48.52634066],[3.79565735,48.52665157],[3.79606934,48.52675767],[3.79590539,48.52648528],[3.79614145,48.52642253],[3.79667564,48.52628131],[3.79669048,48.52627761],[3.79707713,48.5270334],[3.79710014,48.52703234],[3.79754863,48.52713369],[3.79795312,48.52719215],[3.79827317,48.52721879],[3.79798421,48.52674303],[3.79890588,48.52607652]]]]},"properties":{"nature":"Peupleraie","precision":3,"modifiedAt":null}},{"type":"Feature","id":"ZONEVEGE0000002321885854","geometry":{"type":"MultiPolygon","coordinates":[[[[3.78941331,48.52131888],[3.7894467,48.52128807],[3.78935606,48.52129407],[3.78932797,48.52131764],[3.78930513,48.52132949],[3.7892946,48.52134935],[3.78925852,48.52138198],[3.78932262,48.52141214],[3.78934267,48.52139401],[3.78938313,48.52138295],[3.78939236,48.52136669],[3.78940291,48.52134773],[3.78941331,48.52131888]]]]},"properties":{"nature":"Haie","precision":3,"modifiedAt":null}},{"type":"Feature","id":"ZONEVEGE0000002321885853","geometry":{"type":"MultiPolygon","coordinates":[[[[3.79762993,48.51288761],[3.79760636,48.51285088],[3.79754963,48.51286026],[3.79752372,48.51284784],[3.797475,48.51284996],[3.79744698,48.51287714],[3.79746249,48.51291752],[3.79749248,48.51293081],[3.79746584,48.51295978],[3.79748664,48.51299203],[3.79755176,48.51300059],[3.79762993,48.51288761]]]]},"properties":{"nature":"Haie","precision":3,"modifiedAt":null}},{"type":"Feature","id":"ZONEVEGE0000002321885834","geometry":{"type":"MultiPolygon","coordinates":[[[[3.7790132,48.5166078],[3.77894824,48.51651916],[3.77893995,48.51650752],[3.77891021,48.51651132],[3.77882426,48.51655956],[3.77877576,48.51657607],[3.77873528,48.51658533],[3.77865702,48.51660474],[3.77853633,48.51659293],[3.77847784,48.51657532],[3.7784343,48.51656121],[3.77834226,48.51656362],[3.77830259,48.51653689],[3.77827403,48.51652808],[3.77827337,48.516484],[3.77822303,48.51646814],[3.7781629,48.51643075],[3.77816237,48.51639477],[3.77808641,48.51638627],[3.77806707,48.5163603],[3.7780385,48.5163515],[3.77801102,48.51632469],[3.77799735,48.51631578],[3.77802176,48.51622746],[3.77798887,48.51620068],[3.77791273,48.51617959],[3.77791103,48.51615621],[3.77796193,48.51611899],[3.77801718,48.51610064],[3.77805875,48.51607338],[3.77807025,48.51602742],[3.77817464,48.51594397],[3.77819004,48.5158872],[3.77826268,48.51585433],[3.77828123,48.51582722],[3.77830791,48.51580006],[3.77832117,48.51578108],[3.77837863,48.51572943],[3.77842508,48.51566615],[3.77845134,48.5156102],[3.77847812,48.51559023],[3.77850521,48.51559096],[3.77854515,48.51554481],[3.77857183,48.51551765],[3.77858375,48.51549958],[3.77861977,48.51546336],[3.77864077,48.51541824],[3.77867144,48.51538655],[3.77870063,48.51534588],[3.7787809,48.51528058],[3.77878014,48.5152293],[3.77869876,48.51521994],[3.77867927,48.51518408],[3.77864285,48.51519332],[3.77858643,48.51522428],[3.77856092,48.51523884],[3.7784188,48.51524247],[3.7783875,48.51523188],[3.7783577,48.51523117],[3.77831941,48.51520623],[3.77827893,48.5152155],[3.7782467,48.5152337],[3.7782064,48.51525555],[3.77816966,48.5152432],[3.77811687,48.51524444],[3.77809752,48.51521848],[3.77800803,48.51521007],[3.77799436,48.51520117],[3.77789756,48.51515682],[3.77789826,48.51511273],[3.77780182,48.51509267],[3.77780109,48.5150432],[3.7777859,48.5150235],[3.7777636,48.51498047],[3.77770511,48.51496286],[3.77768872,48.51495307],[3.77766221,48.51490017],[3.7775516,48.51483792],[3.77750937,48.5148202],[3.77748175,48.51478439],[3.77740163,48.51476873],[3.77738659,48.51475893],[3.77737292,48.51475002],[3.77733217,48.51474129],[3.77731129,48.51470274],[3.77727846,48.51468047],[3.7771118,48.51467346],[3.77707137,48.51505157],[3.77735434,48.5153241],[3.77741067,48.51556124],[3.7767293,48.51545234],[3.77655046,48.51553717],[3.77648236,48.51569325],[3.77650003,48.51569763],[3.77652622,48.51572895],[3.77657876,48.51571061],[3.77661412,48.51572118],[3.77665501,48.5157389],[3.7766971,48.51574673],[3.77673665,48.51576536],[3.77680582,48.515773],[3.77682753,48.51577646],[3.77690897,48.51578942],[3.77694267,48.51577931],[3.77699915,48.51575285],[3.77702229,48.51576079],[3.7770565,48.51578486],[3.77713114,48.51579607],[3.77712905,48.51583746],[3.77722412,48.51585663],[3.77724187,48.51586641],[3.77726799,48.51589323],[3.77737408,48.51592492],[3.77739871,48.51594186],[3.77743422,48.51596231],[3.77746706,48.51598549],[3.77750121,48.51600596],[3.77752386,48.51607238],[3.77749452,48.51610226],[3.77747851,48.51611856],[3.77749919,48.51614361],[3.77753315,48.51615059],[3.77756036,48.51615941],[3.77761154,48.51614108],[3.77763105,48.51617784],[3.77762913,48.51623093],[3.77767029,48.51626754],[3.77767375,48.5163179],[3.7776605,48.51633778],[3.77763233,48.51635595],[3.77764789,48.51640083],[3.77762294,48.51645317],[3.77770695,48.51645712],[3.77767931,48.51651038],[3.77767843,48.51654277],[3.77776117,48.51655213],[3.77779674,48.51657618],[3.77792631,48.51663921],[3.77800621,48.51663959],[3.77805749,48.51662756],[3.77808782,48.51666424],[3.7780758,48.51667512],[3.77803557,48.51670147],[3.77803585,48.51672036],[3.77810219,48.51671992],[3.77812497,48.51670358],[3.77817123,48.51671857],[3.77828125,48.51674124],[3.77832109,48.51677967],[3.77837672,48.5167874],[3.77839862,48.51680255],[3.77849498,48.51681721],[3.77851292,48.51684048],[3.77860844,48.51688934],[3.77861038,48.51692891],[3.77857015,48.51695526],[3.7786479,48.51699343],[3.77869765,48.51696972],[3.77875889,48.51699001],[3.77881392,48.51695726],[3.7788136,48.51693567],[3.7787113,48.51688596],[3.77878403,48.5168594],[3.77877029,48.51684599],[3.77870645,48.51683292],[3.77878043,48.51679915],[3.77879857,48.51674415],[3.77883341,48.51671963],[3.77888945,48.51675435],[3.77891569,48.51678926],[3.77894441,48.51680797],[3.77895768,48.51678989],[3.77897028,48.51672683],[3.7790222,48.51666622],[3.77896786,48.51665488],[3.7789,48.51664453],[3.77889976,48.51662834],[3.77895379,48.51661899],[3.7790132,48.5166078]]]]},"properties":{"nature":"Peupleraie","precision":3,"modifiedAt":null}},{"type":"Feature","id":"ZONEVEGE0000002321885818","geometry":{"type":"MultiPolygon","coordinates":[[[[3.79313029,48.52926296],[3.79317742,48.52924465],[3.79320166,48.52923549],[3.79317803,48.52919517],[3.79315022,48.52914767],[3.79312457,48.52915324],[3.79307078,48.52917879],[3.79302354,48.5291899],[3.79295658,48.52923983],[3.79288092,48.52925292],[3.7928453,48.52922617],[3.79276122,48.52921864],[3.79273657,48.52920081],[3.79269851,48.52919207],[3.79268039,48.52924796],[3.79263974,48.52924644],[3.7925843,48.5292531],[3.7926143,48.5292664],[3.79266747,48.52928943],[3.79293316,48.52930385],[3.7930145,48.52930871],[3.79306701,48.52928767],[3.79313029,48.52926296]]]]},"properties":{"nature":"Haie","precision":3,"modifiedAt":null}},{"type":"Feature","id":"ZONEVEGE0000002321885817","geometry":{"type":"MultiPolygon","coordinates":[[[[3.78913604,48.5122507],[3.78905801,48.51219364],[3.7890077,48.51217958],[3.78892932,48.51219],[3.78889837,48.5122028],[3.78885093,48.51219952],[3.78877042,48.51224773],[3.78871395,48.51227419],[3.788727,48.51233168],[3.78878429,48.51236009],[3.78879952,48.51238248],[3.78881741,48.51240125],[3.78882741,48.51243627],[3.78886968,48.51245579],[3.78888092,48.51239274],[3.78888211,48.51238193],[3.78893747,48.51237167],[3.78898986,48.51234433],[3.78900026,48.51231548],[3.7891247,48.51230655],[3.78916641,48.51228918],[3.78914717,48.51227042],[3.78913604,48.5122507]]]]},"properties":{"nature":"Bois","precision":3,"modifiedAt":null}},{"type":"Feature","id":"ZONEVEGE0000002321885816","geometry":{"type":"MultiPolygon","coordinates":[[[[3.78629686,48.52608412],[3.78620162,48.52614503],[3.78603016,48.52627211],[3.78606926,48.52626016],[3.78613819,48.5262507],[3.7861757,48.52622347],[3.78620253,48.5262062],[3.78620882,48.52617377],[3.78626968,48.52616797],[3.78632478,48.52613972],[3.78632042,48.52611995],[3.78629311,48.52610484],[3.78629686,48.52608412]]]]},"properties":{"nature":"Haie","precision":3,"modifiedAt":null}},{"type":"Feature","id":"ZONEVEGE0000002321885815","geometry":{"type":"MultiPolygon","coordinates":[[[[3.77892412,48.51808647],[3.77893034,48.51804954],[3.77892457,48.51802529],[3.77896318,48.51798095],[3.77892777,48.51796769],[3.77887483,48.51795904],[3.77884346,48.51794395],[3.77883717,48.51788462],[3.77877767,48.51789041],[3.77876233,48.51795168],[3.77868125,48.51796301],[3.77868558,48.51798097],[3.77863477,48.51802449],[3.77867313,48.51805482],[3.77876667,48.51806141],[3.77882752,48.51805561],[3.77889023,48.51808399],[3.77892412,48.51808647]]]]},"properties":{"nature":"Haie","precision":3,"modifiedAt":null}},{"type":"Feature","id":"ZONEVEGE0000002321885843","geometry":{"type":"MultiPolygon","coordinates":[[[[3.78129494,48.52643017],[3.78128121,48.52641767],[3.78124411,48.52638193],[3.78111142,48.5263846],[3.78097057,48.52638462],[3.78093824,48.52639653],[3.78078113,48.52639666],[3.78075298,48.52641574],[3.78072484,48.52643662],[3.78096598,48.52644043],[3.78129494,48.52643017]]]]},"properties":{"nature":"Haie","precision":3,"modifiedAt":null}},{"type":"Feature","id":"ZONEVEGE0000002321885842","geometry":{"type":"MultiPolygon","coordinates":[[[[3.78717023,48.51641551],[3.78721999,48.51639269],[3.78726581,48.516378],[3.78728702,48.51634727],[3.78731636,48.51631739],[3.78736621,48.51630086],[3.78746033,48.51625616],[3.7874749,48.51623447],[3.78747054,48.51621471],[3.78740399,48.51620165],[3.78738321,48.5161703],[3.78734944,48.51617593],[3.78732401,48.51619589],[3.78730484,48.51618162],[3.78726713,48.51619536],[3.78722784,48.51619382],[3.78720933,48.51622363],[3.78717547,48.51622296],[3.78713758,48.51622501],[3.78711926,48.51626741],[3.78701381,48.51627891],[3.78694905,48.51629463],[3.7869323,48.51626145],[3.78691575,48.51624087],[3.78682783,48.51624775],[3.78680133,48.51628661],[3.78675156,48.51630853],[3.78672918,48.516261],[3.78658043,48.51627458],[3.78651948,48.51627318],[3.78645182,48.51627633],[3.78641258,48.51627839],[3.78633835,48.51629507],[3.78639319,48.51633969],[3.78642067,48.5163665],[3.78650205,48.51637496],[3.78656987,48.5163826],[3.78671356,48.51639335],[3.78681397,48.51640708],[3.7869157,48.5164181],[3.78700352,48.51640492],[3.78703873,48.51640559],[3.78708501,48.51642148],[3.78717023,48.51641551]]]]},"properties":{"nature":"Haie","precision":3,"modifiedAt":null}},{"type":"Feature","id":"ZONEVEGE0000002321885832","geometry":{"type":"MultiPolygon","coordinates":[[[[3.78550763,48.51616112],[3.78551557,48.51614848],[3.78546688,48.5161524],[3.78540247,48.51619151],[3.78533503,48.51620904],[3.78532736,48.51623968],[3.78536307,48.51627363],[3.78542551,48.51628312],[3.78549777,48.51622596],[3.78550763,48.51616112]]]]},"properties":{"nature":"Haie","precision":3,"modifiedAt":null}},{"type":"Feature","id":"ZONEVEGE0000002321885780","geometry":{"type":"MultiPolygon","coordinates":[[[[3.80005555,48.51283532],[3.80006807,48.5126796],[3.80004584,48.51264286],[3.80000002,48.51265667],[3.79994491,48.51268313],[3.79996009,48.51270192],[3.79998361,48.51273504],[3.79994186,48.51274972],[3.79989295,48.51273925],[3.79981971,48.51273075],[3.79979749,48.51278308],[3.79985646,48.51283216],[3.79997281,48.51282598],[3.80000684,48.51283745],[3.80005555,48.51283532]]]]},"properties":{"nature":"Haie","precision":3,"modifiedAt":null}},{"type":"Feature","id":"ZONEVEGE0000002321885791","geometry":{"type":"MultiPolygon","coordinates":[[[[3.79715139,48.51338472],[3.79722532,48.51334913],[3.79742038,48.51335412],[3.79747413,48.51332677],[3.79756827,48.51328476],[3.79754709,48.51322732],[3.79749833,48.51322675],[3.79742256,48.51322996],[3.79737636,48.51321947],[3.79733562,48.51321165],[3.79727847,48.51319314],[3.79726068,48.51318067],[3.79716875,48.51319028],[3.79713252,48.51321211],[3.79714636,48.51323181],[3.79718757,48.51327022],[3.79713513,48.51329486],[3.79708258,48.51331141],[3.79708159,48.5133357],[3.79702935,48.51337294],[3.79709602,48.51339408],[3.79715139,48.51338472]]]]},"properties":{"nature":"Bois","precision":3,"modifiedAt":null}},{"type":"Feature","id":"ZONEVEGE0000002321885779","geometry":{"type":"MultiPolygon","coordinates":[[[[3.80653179,48.51256754],[3.80658592,48.51256537],[3.80662425,48.512593],[3.80669583,48.51258082],[3.80665876,48.51254778],[3.80660193,48.51254997],[3.80658673,48.51253028],[3.8065419,48.51252069],[3.80651043,48.51249931],[3.80647156,48.51252476],[3.80650464,48.51256322],[3.80643864,48.51258526],[3.80649754,48.51262984],[3.80653504,48.5126026],[3.80653179,48.51256754]]]]},"properties":{"nature":"Haie","precision":3,"modifiedAt":null}},{"type":"Feature","id":"ZONEVEGE0000002321885845","geometry":{"type":"MultiPolygon","coordinates":[[[[3.7916914,48.51218423],[3.79168294,48.51216179],[3.79161284,48.51218205],[3.79159555,48.51220286],[3.79162987,48.51223411],[3.79161112,48.51224773],[3.79159502,48.51225774],[3.79167855,48.51231926],[3.79175794,48.51228634],[3.79177518,48.51226283],[3.79172812,48.51219478],[3.7916914,48.51218423]]]]},"properties":{"nature":"Haie","precision":3,"modifiedAt":null}},{"type":"Feature","id":"ZONEVEGE0000002321885840","geometry":{"type":"MultiPolygon","coordinates":[[[[3.78705278,48.52077137],[3.787039,48.52075526],[3.78701277,48.52072215],[3.78701052,48.52066279],[3.78706834,48.52063542],[3.78702141,48.52057636],[3.78708632,48.52056963],[3.78711671,48.52060991],[3.78714405,48.52062682],[3.78716654,48.52068155],[3.78720039,48.52068133],[3.78723938,48.52066218],[3.78733397,48.52064895],[3.78731995,48.52061666],[3.78730614,48.52059876],[3.78730709,48.52057177],[3.78723647,48.52055874],[3.7872344,48.52051107],[3.78727596,48.52048291],[3.78725984,48.52040115],[3.78724617,48.52039314],[3.78723209,48.52035725],[3.7872157,48.52034747],[3.78717563,48.52029465],[3.78716195,48.52028575],[3.7871993,48.52024772],[3.78717333,48.52023169],[3.78715885,48.52016882],[3.78714517,48.52015991],[3.78712947,48.52010604],[3.78710486,48.52009091],[3.78708615,48.52001726],[3.78701829,48.52000692],[3.78703157,48.51998974],[3.78707182,48.51996428],[3.78705759,48.51991849],[3.78701467,48.5198558],[3.78697586,48.51979669],[3.78694442,48.5197771],[3.78695768,48.51975812],[3.78698423,48.51972286],[3.78695579,48.51963219],[3.78694076,48.51962329],[3.78692138,48.51950467],[3.78688721,48.5194842],[3.78687258,48.51941143],[3.78686672,48.51938178],[3.78685155,48.51936389],[3.78685213,48.51931171],[3.78682312,48.51927412],[3.78682235,48.51922284],[3.7867932,48.51917536],[3.78677804,48.51915746],[3.78680459,48.5191222],[3.78679064,48.51909441],[3.78674989,48.51908658],[3.78673038,48.51904982],[3.78665999,48.51905119],[3.78651915,48.51905122],[3.78653498,48.51911319],[3.78658579,48.51916054],[3.78660459,48.51924048],[3.7866184,48.51925838],[3.78661907,48.51930246],[3.78666403,48.51941101],[3.78667839,48.51946579],[3.78670735,48.51950069],[3.78672771,48.51959411],[3.7867512,48.51962545],[3.78677744,48.51965946],[3.78678072,48.51969722],[3.7867803,48.5197593],[3.78682445,48.51981388],[3.78683906,48.51988485],[3.7868679,48.51991165],[3.78688549,48.5200015],[3.78692945,48.52013345],[3.78702585,48.52023987],[3.78701302,48.52028763],[3.78699577,48.52031114],[3.78707184,48.52050765],[3.78700719,48.52053057],[3.7869865,48.52050552],[3.78690457,48.52028025],[3.7868786,48.52026423],[3.78687492,48.52019948],[3.78687453,48.5201734],[3.78684828,48.52013849],[3.78683146,48.52010081],[3.78681698,48.52003794],[3.78679217,48.52000931],[3.78677312,48.51991318],[3.78675796,48.51989529],[3.78674334,48.51982341],[3.78671737,48.51980739],[3.78669533,48.51969239],[3.78667051,48.51966286],[3.78667012,48.51963678],[3.7866563,48.51961798],[3.78663031,48.51951019],[3.78661081,48.51947434],[3.786597,48.51945644],[3.78658238,48.51938456],[3.78656053,48.51937211],[3.78653907,48.51929579],[3.78652323,48.51923292],[3.78650942,48.51921502],[3.78649304,48.51911617],[3.78642672,48.51911841],[3.78642468,48.51907254],[3.78643794,48.51905356],[3.78640924,48.51903666],[3.7863886,48.5190143],[3.78633995,48.51902092],[3.78631635,48.51907326],[3.78629778,48.51909857],[3.78627255,48.51913202],[3.78633024,48.51918652],[3.78634884,48.51925297],[3.78636307,48.51929875],[3.78636238,48.51934284],[3.78637741,48.51935173],[3.78639297,48.51939661],[3.78642045,48.51942252],[3.78642072,48.51944051],[3.78643866,48.51946288],[3.78640946,48.51950266],[3.7864375,48.51956635],[3.78646634,48.51959314],[3.78648082,48.51965602],[3.78651253,48.5196936],[3.78651103,48.51977367],[3.78655338,48.51979858],[3.78657523,48.51990099],[3.78664679,48.51997699],[3.78662554,48.52000502],[3.78664354,48.52012185],[3.78664259,48.52014884],[3.78667127,48.52016485],[3.78668563,48.52021963],[3.78672788,48.52023734],[3.78670134,48.5202735],[3.78671515,48.5202914],[3.78671581,48.52033548],[3.7867448,48.52037217],[3.78674398,48.52040816],[3.78677256,48.52041697],[3.78681395,48.52046798],[3.78681587,48.52050575],[3.78681504,48.52054084],[3.78684537,48.52057662],[3.78683238,48.52061359],[3.78680718,48.52064884],[3.786821,48.52066764],[3.78683482,48.52068555],[3.78684903,48.52073043],[3.78687652,48.52075724],[3.78689795,48.52083177],[3.78690115,48.52077417],[3.78696478,48.52077285],[3.78705278,48.52077137]]]]},"properties":{"nature":"Haie","precision":3,"modifiedAt":null}},{"type":"Feature","id":"ZONEVEGE0000002321885823","geometry":{"type":"MultiPolygon","coordinates":[[[[3.78456829,48.52325005],[3.78447187,48.5232327],[3.78439337,48.52323591],[3.78439226,48.52325211],[3.78441988,48.52328792],[3.78449771,48.52333058],[3.7844356,48.52334269],[3.78444953,48.52336869],[3.78458271,48.52339929],[3.78466673,48.52340324],[3.78465195,48.52332057],[3.78463679,48.52330268],[3.78461327,48.52326955],[3.78456829,48.52325005]]]]},"properties":{"nature":"Haie","precision":3,"modifiedAt":null}},{"type":"Feature","id":"ZONEVEGE0000002321885831","geometry":{"type":"MultiPolygon","coordinates":[[[[3.78480925,48.514102],[3.78482629,48.51415496],[3.78485041,48.51413771],[3.78490713,48.51412744],[3.78496115,48.51411809],[3.78501231,48.51409886],[3.78506943,48.51411557],[3.78500513,48.51416188],[3.78492136,48.51417413],[3.78492174,48.51419931],[3.78490983,48.51421738],[3.78494401,48.51423965],[3.78496492,48.51427999],[3.78501806,48.51430213],[3.78505289,48.51436758],[3.78514227,48.51436789],[3.78517017,48.51433262],[3.78516922,48.51426875],[3.78512822,48.51424383],[3.78512443,48.51417099],[3.78513768,48.51415201],[3.78516424,48.51411675],[3.78514879,48.51407996],[3.78510758,48.51404065],[3.78512507,48.51403334],[3.78516684,48.51401957],[3.78500176,48.51402696],[3.78497935,48.51388676],[3.78496876,48.51390303],[3.7849406,48.5139212],[3.7849441,48.51397426],[3.78491041,48.51398528],[3.78478147,48.51396454],[3.78478205,48.51400322],[3.78487832,48.51401248],[3.78493163,48.51404541],[3.78485526,48.51409989],[3.78480925,48.514102]]]]},"properties":{"nature":"Haie","precision":3,"modifiedAt":null}},{"type":"Feature","id":"ZONEVEGE0000002321885830","geometry":{"type":"MultiPolygon","coordinates":[[[[3.78911653,48.52139551],[3.78905624,48.5214391],[3.78899413,48.5214512],[3.78901875,48.52146723],[3.78908916,48.52146677],[3.78912965,48.5214575],[3.78919803,48.52150203],[3.78925057,48.52148369],[3.78925156,48.52145939],[3.78925205,48.52140181],[3.78921144,48.52140298],[3.78915755,48.52142133],[3.78913843,48.52141066],[3.78911653,48.52139551]]]]},"properties":{"nature":"Haie","precision":3,"modifiedAt":null}},{"type":"Feature","id":"ZONEVEGE0000002321885838","geometry":{"type":"MultiPolygon","coordinates":[[[[3.78941389,48.51433869],[3.78912535,48.51433071],[3.78908173,48.51413128],[3.78907447,48.51427887],[3.7891162,48.51435236],[3.78919355,48.51436354],[3.7892343,48.51437227],[3.78935222,48.51437958],[3.78941389,48.51433869]]]]},"properties":{"nature":"Haie","precision":3,"modifiedAt":null}},{"type":"Feature","id":"ZONEVEGE0000002321885837","geometry":{"type":"MultiPolygon","coordinates":[[[[3.77893995,48.51650752],[3.77894824,48.51651916],[3.7790132,48.5166078],[3.77903211,48.51660408],[3.77907455,48.51663529],[3.77915836,48.51662574],[3.77920523,48.51659035],[3.77926844,48.51656115],[3.77929024,48.51657],[3.7793299,48.51659673],[3.77934466,48.51658764],[3.77939949,48.51654139],[3.77941845,48.51654127],[3.77941946,48.51651787],[3.77953398,48.51647934],[3.77952295,48.51646592],[3.77957145,48.51644941],[3.77959974,48.51643932],[3.77966474,48.5164398],[3.77971864,48.51642145],[3.77974515,48.51638349],[3.77986181,48.51630626],[3.77989746,48.51624485],[3.77995137,48.5162274],[3.78006663,48.51614748],[3.78018855,48.51596855],[3.78029667,48.51586349],[3.7802748,48.51585014],[3.78039103,48.51574412],[3.78037436,48.51571544],[3.78033626,48.5157031],[3.78029409,48.51568988],[3.78031543,48.51566815],[3.78039919,48.515655],[3.78041715,48.51558831],[3.78045352,48.51557548],[3.7805345,48.51555785],[3.78054776,48.51553887],[3.78056331,48.51549199],[3.78066449,48.51537528],[3.78069103,48.51533912],[3.78075271,48.51529823],[3.78081031,48.51525647],[3.78088886,48.51525685],[3.7809434,48.51519172],[3.78101097,48.51518228],[3.78102396,48.51514531],[3.78112988,48.51507444],[3.78114387,48.51501408],[3.78127602,48.51497722],[3.78123373,48.51495591],[3.78115383,48.51495553],[3.78110291,48.51499095],[3.78107463,48.51500194],[3.78099407,48.51504745],[3.78092678,48.51507578],[3.78078725,48.51516216],[3.78075991,48.51514524],[3.78072025,48.51511852],[3.7806733,48.51514851],[3.7806587,48.5151684],[3.78060784,48.51520832],[3.78050747,48.51528814],[3.78048091,48.5153234],[3.78046101,48.51535052],[3.78040902,48.51540574],[3.78038513,48.51543829],[3.78035993,48.51547354],[3.78033061,48.51550522],[3.78026371,48.51555963],[3.78022794,48.51561294],[3.78020119,48.51563471],[3.78017177,48.51566009],[3.7801613,48.51568445],[3.78015475,48.51569889],[3.78013737,48.5157143],[3.78005981,48.51577958],[3.78002794,48.51582207],[3.78000432,48.5158726],[3.77994687,48.51592516],[3.77991241,48.51597487],[3.77990305,48.51598302],[3.77982017,48.51605554],[3.77977907,48.51611428],[3.77975252,48.51615044],[3.77971405,48.51620377],[3.77964557,48.5162429],[3.77961322,48.51625301],[3.77941929,48.51632446],[3.77933848,48.51635377],[3.77923913,48.5164111],[3.77914212,48.51644412],[3.77909773,48.51646421],[3.77905725,48.51647347],[3.77898049,48.51650186],[3.77893995,48.51650752]]]]},"properties":{"nature":"Haie","precision":3,"modifiedAt":null}},{"type":"Feature","id":"ZONEVEGE0000002321885822","geometry":{"type":"MultiPolygon","coordinates":[[[[3.76745236,48.51535337],[3.76743868,48.51534356],[3.76736972,48.51535031],[3.76735969,48.51540525],[3.76738584,48.51543387],[3.76735658,48.51547004],[3.76738166,48.51551846],[3.76747904,48.51551063],[3.76748932,48.51547278],[3.7675053,48.51545469],[3.76748784,48.51537203],[3.76745236,48.51535337]]]]},"properties":{"nature":"Haie","precision":3,"modifiedAt":null}},{"type":"Feature","id":"ZONEVEGE0000002321885821","geometry":{"type":"MultiPolygon","coordinates":[[[[3.78144383,48.51506158],[3.78143807,48.51503823],[3.78140293,48.51504296],[3.78131966,48.51508849],[3.78135404,48.51512425],[3.78138049,48.51517265],[3.78146588,48.51517839],[3.78150047,48.51513678],[3.78148767,48.51509548],[3.78144383,48.51506158]]]]},"properties":{"nature":"Haie","precision":3,"modifiedAt":null}},{"type":"Feature","id":"ZONEVEGE0000002321885836","geometry":{"type":"MultiPolygon","coordinates":[[[[3.77042663,48.51632281],[3.77040478,48.51631036],[3.77040308,48.51628698],[3.77040517,48.51624469],[3.77032199,48.51620564],[3.77031884,48.51617508],[3.77039835,48.51614937],[3.77044779,48.51610407],[3.77046619,48.51606617],[3.77049275,48.51603091],[3.77050425,48.51598405],[3.77054164,48.51594783],[3.77055534,48.51586677],[3.77056875,48.51585769],[3.77058541,48.51579371],[3.77063351,48.51574931],[3.77072047,48.51567768],[3.77075201,48.5156127],[3.77080457,48.51559527],[3.77078624,48.51554591],[3.77075482,48.51552722],[3.77080148,48.51547744],[3.77088117,48.51546343],[3.77089519,48.51540396],[3.77090721,48.51530043],[3.77094492,48.51528669],[3.77098541,48.51527743],[3.77100246,48.51524043],[3.77103462,48.51521683],[3.77098039,48.51521269],[3.770966,48.51506254],[3.77093787,48.51508342],[3.77089842,48.51507108],[3.77089002,48.51523666],[3.77079721,48.51527865],[3.77078394,48.51529763],[3.77077093,48.5153337],[3.77071475,48.51538084],[3.77067898,48.51543415],[3.77061373,48.51550924],[3.77053671,48.5156123],[3.77049174,48.51568546],[3.77044262,48.51575235],[3.77044598,48.51579641],[3.77043297,48.51583248],[3.77044677,48.51585038],[3.77039162,48.51587503],[3.77035293,48.51591486],[3.77035467,48.51594094],[3.77031598,48.51598078],[3.77030333,48.51604113],[3.77028933,48.5161024],[3.77030587,48.51612208],[3.7702926,48.51614016],[3.77027959,48.51617623],[3.77025301,48.51621059],[3.77025478,48.51623936],[3.77026859,48.51625727],[3.7702146,48.51626931],[3.7702285,48.51629351],[3.77026151,48.51632838],[3.77042663,48.51632281]]]]},"properties":{"nature":"Haie","precision":3,"modifiedAt":null}},{"type":"Feature","id":"ZONEVEGE0000002321885835","geometry":{"type":"MultiPolygon","coordinates":[[[[3.78670621,48.51292354],[3.78676169,48.51283051],[3.78672482,48.51281006],[3.78666126,48.51281498],[3.78668883,48.51284809],[3.78666909,48.512886],[3.78656456,48.5128678],[3.78652976,48.51289502],[3.78648522,48.51290431],[3.78645922,48.51288649],[3.78641428,48.51286879],[3.78633082,48.51290173],[3.78635585,48.51294565],[3.7863941,48.51296789],[3.78642694,48.51299106],[3.786472,48.51301595],[3.78652951,48.51305875],[3.78658959,48.51309254],[3.78658876,48.51312763],[3.78665459,48.51318297],[3.7866976,48.513162],[3.78674468,48.51314099],[3.78670898,48.51310794],[3.78669487,48.51307025],[3.78673511,48.5130448],[3.78679803,48.5129967],[3.78681379,48.51296421],[3.78670399,48.51295594],[3.78670621,48.51292354]]]]},"properties":{"nature":"Haie","precision":3,"modifiedAt":null}},{"type":"Feature","id":"ZONEVEGE0000002321885801","geometry":{"type":"MultiPolygon","coordinates":[[[[3.7878086,48.52123326],[3.78780025,48.52121802],[3.78770666,48.52111789],[3.78750306,48.52099689],[3.787447,48.52096127],[3.78725915,48.52089685],[3.78710244,48.52092217],[3.7869664,48.52106162],[3.78699646,48.52116937],[3.78702568,48.52122136],[3.78701194,48.52129881],[3.78698804,48.52133046],[3.78706929,48.52132992],[3.78709623,48.52132075],[3.78719217,48.52130662],[3.78724886,48.52129365],[3.7872961,48.52128344],[3.78735526,48.52125516],[3.78747292,48.52124448],[3.78763526,48.52123351],[3.78769598,48.52121872],[3.78775712,48.5212318],[3.7878086,48.52123326]]]]},"properties":{"nature":"Bois","precision":3,"modifiedAt":null}},{"type":"Feature","id":"ZONEVEGE0000002321885813","geometry":{"type":"MultiPolygon","coordinates":[[[[3.7816473,48.52435514],[3.7817115,48.52430074],[3.78165286,48.52427413],[3.78161916,48.52428425],[3.78159395,48.5243195],[3.78155084,48.52433508],[3.78152463,48.52430287],[3.78152567,48.52428127],[3.78148347,48.52426715],[3.78144694,48.52426919],[3.78137901,48.52425524],[3.78135832,48.52423019],[3.78143242,48.52420361],[3.78153536,48.52420474],[3.78153623,48.52417234],[3.78146551,48.52415212],[3.7813879,48.52412474],[3.78132464,48.52415124],[3.78130345,48.52418287],[3.78122737,48.52416718],[3.78120903,48.52411782],[3.78118046,48.52410901],[3.78119904,48.5240837],[3.78117952,48.52404604],[3.78126025,48.52401043],[3.7812448,48.52397365],[3.78112708,48.52388985],[3.78108524,48.52389913],[3.78105334,48.52393982],[3.78105978,48.52400815],[3.78102804,48.52405963],[3.78103138,48.52410189],[3.78102884,48.52420447],[3.78106318,48.52423663],[3.78107852,48.52426621],[3.78118774,48.52432487],[3.78125571,48.52434242],[3.78130743,48.52435917],[3.78159612,48.52437436],[3.7816473,48.52435514]]]]},"properties":{"nature":"Haie","precision":3,"modifiedAt":null}},{"type":"Feature","id":"ZONEVEGE0000002321885812","geometry":{"type":"MultiPolygon","coordinates":[[[[3.7818967,48.5236419],[3.78187889,48.52362852],[3.78181399,48.52363524],[3.78181995,48.52367209],[3.78173515,48.52370683],[3.78177647,48.52375334],[3.78171362,48.52380683],[3.78174231,48.52382374],[3.78179137,48.52384411],[3.78183518,48.5238762],[3.78186889,48.52386609],[3.78190895,48.52382804],[3.7819016,48.5237894],[3.78192972,48.52376763],[3.78196072,48.52375753],[3.78206243,48.52367589],[3.78202548,48.52365005],[3.7818967,48.5236419]]]]},"properties":{"nature":"Haie","precision":3,"modifiedAt":null}},{"type":"Feature","id":"ZONEVEGE0000002321885811","geometry":{"type":"MultiPolygon","coordinates":[[[[3.78899413,48.5214512],[3.78905624,48.5214391],[3.78911653,48.52139551],[3.78908647,48.52137772],[3.78911325,48.52135775],[3.78917285,48.52135826],[3.78921707,48.52132738],[3.78929248,48.52120902],[3.78929357,48.52119102],[3.78927034,48.52117768],[3.78928374,48.5211677],[3.78929443,48.52115863],[3.78923468,48.52105737],[3.78921146,48.52104403],[3.78920019,48.52101532],[3.78908768,48.52091801],[3.7890633,48.52091817],[3.78903366,48.52092826],[3.7890193,48.52087348],[3.78899196,48.52085657],[3.78894782,48.52080288],[3.78893945,48.52078675],[3.78877509,48.52075365],[3.78878833,48.52082373],[3.78888174,48.52082132],[3.78888512,48.52086627],[3.7888437,48.52090343],[3.78887668,48.5209356],[3.78892872,48.5210639],[3.78900991,48.52114973],[3.78905836,48.52121957],[3.78903998,48.52125838],[3.78909931,48.52133086],[3.78907413,48.52136791],[3.78899291,48.52137025],[3.78891379,48.52133209],[3.78884846,48.52131003],[3.78877706,48.52133479],[3.78870938,48.52133704],[3.78866591,48.52132833],[3.78860729,48.52130263],[3.78850303,48.52130333],[3.78844578,48.52127852],[3.78834678,48.52126928],[3.78826147,48.52126984],[3.78823183,48.52127994],[3.78820557,48.52124502],[3.78817536,48.52121734],[3.78820231,48.52120816],[3.78820192,48.52118208],[3.78821517,48.5211631],[3.7881866,48.52115429],[3.78816061,48.52113647],[3.7880914,48.52112703],[3.78809216,48.52108744],[3.78799583,48.52107549],[3.78793878,48.52106417],[3.78791453,48.52107243],[3.78792771,48.52122887],[3.78782622,48.52123405],[3.78793466,48.52124052],[3.78795927,48.52125655],[3.78806921,48.52127292],[3.78821582,48.52129624],[3.78839198,48.52130316],[3.78857651,48.52132713],[3.78874416,48.52139889],[3.78883831,48.52144594],[3.78891302,48.52146074],[3.78892641,48.52145075],[3.78895187,48.52143259],[3.78898044,48.5214414],[3.78899413,48.5214512]]]]},"properties":{"nature":"Haie","precision":3,"modifiedAt":null}},{"type":"Feature","id":"ZONEVEGE0000002321885790","geometry":{"type":"MultiPolygon","coordinates":[[[[3.773155,48.51401555],[3.77315866,48.51389588],[3.77314383,48.51390047],[3.77311691,48.51391145],[3.77308486,48.51384958],[3.77304523,48.51382555],[3.77302035,48.51379062],[3.77295244,48.51377667],[3.77293313,48.51375251],[3.77291795,48.51373371],[3.77291896,48.51371032],[3.77290208,48.51366724],[3.77286262,48.51365401],[3.77282187,48.51364528],[3.77279725,48.51362834],[3.7727402,48.51361612],[3.7725342,48.51360396],[3.7724959,48.51357722],[3.77246877,48.5135738],[3.77247872,48.51369789],[3.77253468,48.51372811],[3.77259317,48.51374662],[3.77263147,48.51377246],[3.77267765,48.51378206],[3.77272908,48.51378082],[3.77275777,48.51379773],[3.77278799,48.51382722],[3.77283854,48.51385748],[3.77288271,48.51391477],[3.77291807,48.51392533],[3.772939,48.51396748],[3.77296633,48.51398439],[3.77298586,48.51402295],[3.7730351,48.51405682],[3.77308926,48.51405646],[3.77310387,48.51403748],[3.77312352,48.51399237],[3.77313857,48.51400307],[3.773155,48.51401555]]]]},"properties":{"nature":"Haie","precision":3,"modifiedAt":null}},{"type":"Feature","id":"ZONEVEGE0000002321885807","geometry":{"type":"MultiPolygon","coordinates":[[[[3.78453564,48.51681167],[3.78451504,48.51697374],[3.7845658,48.51701749],[3.78462105,48.51700003],[3.78462213,48.51698113],[3.78458354,48.51693641],[3.78463412,48.5168776],[3.78469891,48.51686367],[3.78474872,48.51684445],[3.78476646,48.51685333],[3.78478013,48.51686224],[3.78480708,48.51685306],[3.78485305,48.51684826],[3.78487357,48.51686252],[3.78491044,48.51688297],[3.78494408,48.51695922],[3.78495924,48.51697711],[3.78497759,48.51711733],[3.78505765,48.51712849],[3.78507438,48.51716077],[3.78511438,48.51720909],[3.78511355,48.51724418],[3.78512859,48.51725397],[3.78514267,48.51728986],[3.78516747,48.51731849],[3.7851447,48.51733483],[3.78510157,48.51734861],[3.78511829,48.51737999],[3.78507113,48.51739559],[3.78516131,48.51744987],[3.78518227,48.51749292],[3.78524103,48.51752851],[3.78521712,48.51755926],[3.78524608,48.51759415],[3.78524538,48.51763824],[3.78527532,48.51764794],[3.78528913,48.51766584],[3.78530292,48.51768284],[3.78528953,48.51769283],[3.78526881,48.51775594],[3.78520039,48.51779867],[3.78519243,48.51780952],[3.78550505,48.51779756],[3.78552578,48.51782531],[3.78553782,48.51781533],[3.78556314,48.51778818],[3.78561433,48.51776985],[3.78558167,48.5176693],[3.78552724,48.51765167],[3.78555113,48.51761913],[3.78552985,48.51755449],[3.78551267,48.51749253],[3.78544066,48.51729509],[3.78542658,48.5172592],[3.78541237,48.51721431],[3.78537002,48.51709944],[3.7853496,48.51700152],[3.78527223,48.51698943],[3.78526874,48.51693728],[3.78526834,48.51691029],[3.78522745,48.51689257],[3.78524489,48.51688166],[3.78522542,48.5168476],[3.78521095,48.51678562],[3.78519566,48.51675874],[3.78517767,48.5166428],[3.78509832,48.51658845],[3.78498774,48.51661887],[3.78495889,48.51668203],[3.78480046,48.51668218],[3.78474956,48.5167194],[3.78468612,48.51673331],[3.78462851,48.51677418],[3.78459632,48.51679508],[3.78461564,48.51681924],[3.78457504,48.51682041],[3.78454797,48.51682149],[3.78453564,48.51681167]]]]},"properties":{"nature":"Haie","precision":3,"modifiedAt":null}},{"type":"Feature","id":"ZONEVEGE0000002321885806","geometry":{"type":"MultiPolygon","coordinates":[[[[3.78613234,48.52586031],[3.78611235,48.52588203],[3.78604665,48.52592655],[3.78604688,48.52594184],[3.78602,48.52595551],[3.7859463,48.52600818],[3.78591396,48.52601919],[3.78588702,48.52602926],[3.78584666,48.52604752],[3.78581972,48.52605669],[3.78577936,48.52607495],[3.78574836,48.52608505],[3.78567651,48.52617099],[3.78563338,48.52618477],[3.78558097,48.52621211],[3.78553508,48.5262232],[3.78544663,48.52628586],[3.78539265,48.52629881],[3.78539437,48.52632309],[3.78539464,48.52634108],[3.7853477,48.52637198],[3.78532675,48.5264198],[3.7852149,48.52645742],[3.78516689,48.52650722],[3.78502608,48.52660081],[3.78500885,48.52662611],[3.78495519,48.52666065],[3.78495695,48.52668763],[3.78493162,48.52671478],[3.78491862,48.52675085],[3.78489851,48.52676448],[3.78486768,48.52678627],[3.78482464,48.52680635],[3.7847585,48.52682118],[3.7847568,48.52688866],[3.7853116,48.52649367],[3.78613226,48.52594577],[3.78613234,48.52586031]]]]},"properties":{"nature":"Haie","precision":3,"modifiedAt":null}},{"type":"Feature","id":"ZONEVEGE0000002321885805","geometry":{"type":"MultiPolygon","coordinates":[[[[3.79416154,48.51480635],[3.79410586,48.51479593],[3.79411879,48.51475536],[3.79417002,48.51474062],[3.79415256,48.51466067],[3.7940809,48.51466745],[3.79404522,48.5146362],[3.79404903,48.51461998],[3.79400196,48.51464099],[3.7939759,48.51461867],[3.79398324,48.51456734],[3.79387611,48.51455636],[3.79386104,48.51454477],[3.79382323,48.51455222],[3.79375101,48.51461118],[3.79377853,48.51464068],[3.79377473,48.5146578],[3.79388832,48.51473711],[3.79386173,48.51476967],[3.79393401,48.51480337],[3.79398945,48.51479851],[3.79402477,48.51480637],[3.79403182,48.51482431],[3.79404314,48.51485662],[3.79409217,48.51487519],[3.7941848,48.51482239],[3.79416154,48.51480635]]]]},"properties":{"nature":"Haie","precision":3,"modifiedAt":null}},{"type":"Feature","id":"ZONEVEGE0000002321885804","geometry":{"type":"MultiPolygon","coordinates":[[[[3.78423207,48.52331704],[3.784196,48.52325971],[3.78412935,48.52324035],[3.78409249,48.52322081],[3.78407332,48.52320654],[3.78397196,48.5232207],[3.78389086,48.52323113],[3.78384506,48.52324763],[3.7836855,48.52326397],[3.78363582,48.52329309],[3.7837219,48.5233438],[3.78379225,48.52333884],[3.78389254,48.52334357],[3.78386498,48.52331227],[3.78392037,48.52330291],[3.78394045,48.52328748],[3.78397332,48.52331155],[3.78402728,48.5232977],[3.78404263,48.52332819],[3.78406985,48.52333701],[3.78413944,48.52337163],[3.78424351,48.52335745],[3.7842471,48.52332594],[3.78423207,48.52331704]]]]},"properties":{"nature":"Haie","precision":3,"modifiedAt":null}},{"type":"Feature","id":"ZONEVEGE0000002321885803","geometry":{"type":"MultiPolygon","coordinates":[[[[3.79104152,48.52556685],[3.7906378,48.52546878],[3.79060661,48.52546629],[3.79059294,48.52545738],[3.79048964,48.52543288],[3.79044496,48.52543408],[3.79038378,48.52541829],[3.78989569,48.52529379],[3.78990372,48.52528744],[3.78947141,48.52517876],[3.78921354,48.5267629],[3.78920193,48.52689162],[3.78907101,48.5278218],[3.78931019,48.52778512],[3.78973062,48.52773285],[3.78986736,48.52772924],[3.7899364,48.52772699],[3.78999896,48.52774366],[3.79010502,48.52777175],[3.7901635,48.52778755],[3.79018803,48.52779728],[3.79025342,48.52782294],[3.79035288,48.52786186],[3.79053459,48.52796591],[3.79068666,48.52808095],[3.79084044,48.52821936],[3.79087761,48.5282587],[3.79098771,48.52837492],[3.7910557,48.52848242],[3.79108872,48.52851638],[3.79104152,48.52556685]]]]},"properties":{"nature":"Peupleraie","precision":3,"modifiedAt":null}},{"type":"Feature","id":"ZONEVEGE0000002321885800","geometry":{"type":"MultiPolygon","coordinates":[[[[3.77832386,48.52928705],[3.77757505,48.52911742],[3.77707642,48.52928711],[3.77674422,48.52935406],[3.77674629,48.52922],[3.7768082,48.52882736],[3.77702186,48.52825561],[3.77703492,48.52822314],[3.7770784,48.52814099],[3.77718379,48.52794149],[3.77715486,48.52763401],[3.77676894,48.52736575],[3.77608343,48.52735313],[3.77594039,48.52738825],[3.77593448,48.52744676],[3.77591088,48.5274991],[3.7758976,48.52751717],[3.77588475,48.52756404],[3.7758343,48.52763274],[3.77579504,48.52772565],[3.77578204,48.52776262],[3.77575416,48.52780059],[3.77574354,48.52781505],[3.77575471,48.52783747],[3.77578535,48.52789485],[3.77577163,48.5279741],[3.77573389,48.52798694],[3.77566091,48.52799731],[3.77563434,48.52803257],[3.77561974,48.52805246],[3.77563073,48.52806318],[3.77565957,48.52808998],[3.7756465,48.52821332],[3.77563322,48.52823139],[3.77561991,48.52833854],[3.77555571,48.52839383],[3.77550341,48.52842926],[3.77549056,48.52847612],[3.77546399,48.52851138],[3.77544956,48.52854296],[3.77535942,48.52858403],[3.77534481,48.52860302],[3.77532796,48.52865441],[3.77523876,48.52866758],[3.77514472,48.52871947],[3.77505294,48.52874166],[3.77502437,48.52873285],[3.77497216,48.52868281],[3.77494069,48.52866143],[3.77488627,48.52864469],[3.77485905,48.52863587],[3.77480476,48.52862813],[3.77474834,48.52856822],[3.77460864,48.52855474],[3.77457857,48.52853604],[3.77454574,48.52851467],[3.77450363,48.52850594],[3.77446287,48.52849721],[3.77442022,48.52845251],[3.77436554,48.52841868],[3.77435145,48.52838189],[3.77433642,48.52837299],[3.77432222,48.5283281],[3.7742812,48.52830228],[3.77427734,48.52822404],[3.7742946,48.52820054],[3.77431875,48.52818509],[3.7742859,48.52816191],[3.77424915,48.52814956],[3.77423493,48.52810377],[3.77421976,48.52808498],[3.77421986,48.52800041],[3.77420438,48.52796093],[3.7741892,48.52794214],[3.77418928,48.52785577],[3.77417135,48.5278334],[3.77417248,48.52772634],[3.77402174,48.52779119],[3.77394144,48.52987612],[3.77373818,48.52996111],[3.7737413,48.52998897],[3.77374892,48.5300465],[3.77372099,48.53008177],[3.77377943,48.53009488],[3.77380525,48.53010101],[3.773942,48.53009742],[3.7741043,48.53008107],[3.77413128,48.5300737],[3.77480819,48.52986867],[3.77491368,48.52985809],[3.77494614,48.52985518],[3.77496379,48.52985776],[3.77507243,48.52987685],[3.77537389,48.52992886],[3.77569093,48.52993579],[3.77580483,48.52994404],[3.77594315,48.52995483],[3.77614493,48.52995262],[3.77620586,48.52995132],[3.77622347,48.5299512],[3.77623836,48.52995111],[3.7762505,48.52994743],[3.77645807,48.5298786],[3.77663779,48.52975868],[3.77666595,48.5297396],[3.77670797,48.52974203],[3.77696151,48.52975926],[3.77727831,48.52984086],[3.77757126,48.52977597],[3.77780305,48.52978794],[3.77814683,48.52967954],[3.77822814,48.52959085],[3.77828173,48.52946005],[3.77831234,48.52933211],[3.77831617,48.52931679],[3.77832386,48.52928705]]]]},"properties":{"nature":"Peupleraie","precision":3,"modifiedAt":null}},{"type":"Feature","id":"ZONEVEGE0000002321885799","geometry":{"type":"MultiPolygon","coordinates":[[[[3.79096707,48.51578036],[3.79099222,48.51574241],[3.79104506,48.51574385],[3.79106226,48.51571765],[3.7911122,48.51570652],[3.79112693,48.51569563],[3.79117949,48.51567909],[3.79125868,48.51563268],[3.79131541,48.5156233],[3.79133951,48.51560515],[3.79137999,48.51559589],[3.79142033,48.51557673],[3.79148781,48.51556188],[3.79154002,48.51552195],[3.79158319,48.51551177],[3.79160729,48.51549361],[3.79168428,48.51548051],[3.7917271,48.51544693],[3.79176888,48.51543406],[3.79180793,48.51541941],[3.79184841,48.51541014],[3.79189127,48.51537837],[3.79195468,48.51536355],[3.79198153,48.51534808],[3.7919321,48.51530253],[3.79199408,48.51528232],[3.79202236,48.51527224],[3.79206166,48.51527378],[3.792109,48.51527076],[3.79215478,48.51525336],[3.79218982,48.51524234],[3.79223532,48.51520695],[3.79234133,48.51514327],[3.79235608,48.51513327],[3.792353,48.515109],[3.79223369,48.515099],[3.79216466,48.51510036],[3.79213798,48.51512753],[3.79206502,48.51513791],[3.79201818,48.51517421],[3.79196128,48.51517279],[3.79196445,48.51520335],[3.791947,48.51521337],[3.79193356,48.51521975],[3.79189931,48.51519389],[3.79188373,48.51523808],[3.79185955,48.51525083],[3.79183217,48.51523122],[3.7918063,48.5152215],[3.79182995,48.51526363],[3.79180441,48.51527549],[3.79177073,48.51528741],[3.79180522,48.51532946],[3.79182071,48.51536894],[3.79175323,48.51538379],[3.7917129,48.51540295],[3.79165887,48.5154123],[3.79159,48.51542446],[3.79150801,48.51546459],[3.79142562,48.51547863],[3.79137742,48.51551494],[3.79133694,48.5155242],[3.79128576,48.51554254],[3.79127154,48.51558761],[3.7912392,48.51559772],[3.79119044,48.51559715],[3.79106702,48.51567354],[3.79100335,48.51567216],[3.79096952,48.51567329],[3.79091999,48.5157114],[3.79092611,48.51575814],[3.79096707,48.51578036]]]]},"properties":{"nature":"Haie","precision":3,"modifiedAt":null}},{"type":"Feature","id":"ZONEVEGE0000002321885798","geometry":{"type":"MultiPolygon","coordinates":[[[[3.78921691,48.52158647],[3.7891459,48.52154736],[3.78911612,48.52154845],[3.7890552,48.52154976],[3.78899669,48.52153125],[3.78896947,48.52152244],[3.78880445,48.52153523],[3.7887099,48.52146209],[3.78862828,48.52143744],[3.78862642,48.52140417],[3.78876339,48.52141675],[3.78879516,48.52145792],[3.78885777,48.5214791],[3.78891302,48.52146074],[3.78883831,48.52144594],[3.78874416,48.52139889],[3.78857651,48.52132713],[3.78839198,48.52130316],[3.78821582,48.52129624],[3.7882459,48.52131493],[3.78822627,48.52136094],[3.78813948,48.52135252],[3.78804308,48.52133606],[3.78793323,48.521326],[3.78786638,48.52129315],[3.78784997,48.52128247],[3.78783642,48.52128166],[3.78777689,48.52128565],[3.7877123,48.52131307],[3.78767844,48.52131329],[3.78754817,48.52129526],[3.78744938,48.52130042],[3.78738057,48.52131706],[3.7872995,48.5213293],[3.7871916,48.5213588],[3.7870835,48.52137481],[3.78706359,48.52140193],[3.78703176,48.52144622],[3.78707047,48.52149904],[3.78717222,48.52151096],[3.78721186,48.52153589],[3.78727482,48.52148959],[3.78734385,48.52148734],[3.78738354,48.52151496],[3.78741291,48.52148688],[3.78744342,48.52144439],[3.78749199,48.52143238],[3.78753248,48.52142311],[3.78757148,48.52140486],[3.78767845,48.52140415],[3.7876932,48.52139416],[3.78771464,48.52137872],[3.78776226,48.5213937],[3.78781424,48.52142844],[3.78782831,48.52137347],[3.78782792,48.52134739],[3.78789576,48.52135593],[3.78791513,48.52138279],[3.78804524,48.52139003],[3.78809832,48.52140767],[3.78815396,48.5214154],[3.78816764,48.5214243],[3.78826106,48.52142278],[3.78827609,48.52143168],[3.78835706,48.52141315],[3.78840933,48.52137682],[3.78843119,48.52138927],[3.78845212,48.52143051],[3.78849314,48.52145633],[3.78850681,48.52146523],[3.78859089,48.52147277],[3.78863057,48.5214995],[3.78867132,48.52150822],[3.78869184,48.52152158],[3.78872602,48.52154295],[3.78872657,48.52157983],[3.78877964,48.52159657],[3.78882311,48.52160527],[3.78887768,48.5216319],[3.78889401,48.52163719],[3.78893073,48.52164774],[3.78894729,48.52166832],[3.78895742,48.52162148],[3.78896378,48.52159445],[3.78905041,48.52159117],[3.78921691,48.52158647]]]]},"properties":{"nature":"Haie","precision":3,"modifiedAt":null}},{"type":"Feature","id":"ZONEVEGE0000002321885764","geometry":{"type":"MultiPolygon","coordinates":[[[[3.80377546,48.51268517],[3.80373493,48.51260268],[3.80369788,48.51257054],[3.80347645,48.51261162],[3.80349461,48.51264838],[3.80359497,48.5126585],[3.80361866,48.51270242],[3.80365371,48.51269229],[3.80368023,48.51265613],[3.80370757,48.51267303],[3.80372709,48.51270979],[3.80377546,48.51268517]]]]},"properties":{"nature":"Haie","precision":3,"modifiedAt":null}},{"type":"Feature","id":"ZONEVEGE0000002321885769","geometry":{"type":"MultiPolygon","coordinates":[[[[3.81073734,48.51659625],[3.81073516,48.51645502],[3.81071625,48.51645785],[3.8106853,48.51647065],[3.81061774,48.51648011],[3.81057727,48.51649028],[3.81049753,48.51649982],[3.81043156,48.51652456],[3.81033562,48.51653781],[3.8102858,48.51655614],[3.81020065,48.51656662],[3.81017371,48.5165758],[3.8100669,48.51658642],[3.81000215,48.51660216],[3.80983716,48.51661588],[3.80975735,48.51662182],[3.80975351,48.5167235],[3.80973318,48.51672274],[3.8097999,48.51674658],[3.8098942,48.51671445],[3.80990732,48.51668737],[3.81001549,48.51667674],[3.81001611,48.51671722],[3.81008012,48.51674107],[3.81012299,48.51671109],[3.81017837,48.51670172],[3.81019424,48.51667732],[3.81021886,48.51669334],[3.81025477,48.51673898],[3.81033083,48.51675375],[3.81039513,48.51670833],[3.81050194,48.51669771],[3.81055568,48.51667035],[3.81062996,48.51665725],[3.8106522,48.51660672],[3.81073734,48.51659625]]]]},"properties":{"nature":"Haie","precision":3,"modifiedAt":null}},{"type":"Feature","id":"ZONEVEGE0000002321885792","geometry":{"type":"MultiPolygon","coordinates":[[[[3.79317426,48.51622896],[3.79322949,48.5162097],[3.79331886,48.51621],[3.79334296,48.51619185],[3.79340763,48.51616982],[3.79349724,48.51609635],[3.79346279,48.516057],[3.79344868,48.51601931],[3.79342136,48.5160033],[3.79343458,48.51598252],[3.79347347,48.51595707],[3.79345978,48.51594727],[3.79343244,48.51593036],[3.79349972,48.51590202],[3.79353879,48.51588916],[3.79353979,48.51586577],[3.79349904,48.51585704],[3.79348387,48.51583915],[3.79346611,48.51582847],[3.79329827,48.51583319],[3.79328255,48.51586838],[3.79309996,48.5158822],[3.79306673,48.5159238],[3.79308342,48.51604244],[3.79310253,48.51605221],[3.79307229,48.51611179],[3.793086,48.51612339],[3.79312015,48.51614295],[3.79307501,48.51620263],[3.79309994,48.51623935],[3.79312703,48.51624007],[3.79317426,48.51622896]]]]},"properties":{"nature":"Bois","precision":3,"modifiedAt":null}},{"type":"Feature","id":"ZONEVEGE0000002321885763","geometry":{"type":"MultiPolygon","coordinates":[[[[3.80751122,48.51171883],[3.80758687,48.51170752],[3.80754281,48.51166014],[3.80740073,48.5116656],[3.8073738,48.51167568],[3.80725212,48.51168731],[3.80727303,48.51172585],[3.80740964,48.51171682],[3.80744776,48.51173006],[3.80751122,48.51171883]]]]},"properties":{"nature":"Haie","precision":3,"modifiedAt":null}},{"type":"Feature","id":"ZONEVEGE0000002321885789","geometry":{"type":"MultiPolygon","coordinates":[[[[3.77056057,48.5130887],[3.77054442,48.51318776],[3.77049307,48.51319439],[3.77052181,48.5132149],[3.77059874,48.5131982],[3.7706351,48.51318447],[3.77080439,48.51318697],[3.77085395,48.51315067],[3.77088627,48.51313876],[3.77092675,48.51312861],[3.77097793,48.51311028],[3.77115107,48.51309836],[3.7712337,48.51310052],[3.77126466,48.51308863],[3.77135795,48.51307903],[3.77139978,48.51306886],[3.77163271,48.51307185],[3.7716571,48.51307259],[3.77166924,48.51306981],[3.77172321,48.51305686],[3.77187199,48.513046],[3.77192316,48.51302678],[3.77205194,48.51303674],[3.77208925,48.51308777],[3.77211808,48.51311457],[3.77214968,48.51314586],[3.77226779,48.51316668],[3.77234243,48.51317789],[3.77237662,48.51320106],[3.77245799,48.51320952],[3.77247166,48.51321843],[3.77252593,48.51322618],[3.77256559,48.51325291],[3.77259096,48.51322845],[3.77260433,48.51321667],[3.77256889,48.51320071],[3.77252527,48.5131812],[3.77247078,48.51315906],[3.77247856,48.51313562],[3.77236201,48.51312828],[3.77234624,48.51297725],[3.77217023,48.51297749],[3.77212868,48.51300655],[3.7721016,48.51300673],[3.7720729,48.51298892],[3.77204557,48.512972],[3.77199438,48.51298943],[3.77149243,48.51301608],[3.77139791,48.51303379],[3.77135186,48.51303319],[3.77118143,48.51304509],[3.77090407,48.51305948],[3.77083119,48.51307615],[3.77078026,48.51311156],[3.77064357,48.51311605],[3.77060119,48.51308843],[3.77056057,48.5130887]]]]},"properties":{"nature":"Haie","precision":3,"modifiedAt":null}},{"type":"Feature","id":"ZONEVEGE0000002321885783","geometry":{"type":"MultiPolygon","coordinates":[[[[3.78537584,48.52725612],[3.78536486,48.52724629],[3.78541853,48.52721265],[3.78544399,48.52719449],[3.78548172,48.52718165],[3.78567365,48.52706523],[3.78570942,48.52701192],[3.78581654,48.52692934],[3.78583755,48.52688512],[3.78598222,48.52686887],[3.78594904,48.52682411],[3.7859892,48.52679236],[3.78601587,48.52676429],[3.78603462,48.52675068],[3.7861137,48.52669528],[3.78620085,48.52663623],[3.78622768,48.52661896],[3.78624094,48.52659998],[3.78629594,48.52656453],[3.78634683,48.52652641],[3.78637648,48.52651631],[3.78642741,48.52648089],[3.78645289,48.52646363],[3.7864943,48.52642557],[3.78659084,48.52636016],[3.78664028,48.52631575],[3.78666576,48.52629849],[3.78669256,48.52627942],[3.78672472,48.52625672],[3.78684267,48.52617407],[3.78687767,48.52616035],[3.78691816,48.52615108],[3.78694604,48.52611311],[3.78704927,48.52604316],[3.78707181,48.52601063],[3.78712708,48.52599317],[3.7872368,48.52590428],[3.78728489,48.52585988],[3.78746067,48.52575076],[3.78747527,48.52573087],[3.78753696,48.52568998],[3.78759457,48.52564822],[3.78764308,48.5256317],[3.78773391,48.52554743],[3.78787312,48.52543856],[3.78792379,48.52538514],[3.78800807,48.52531621],[3.78803169,48.52526568],[3.78807843,48.52522129],[3.78809682,48.52518338],[3.7881592,48.5250984],[3.78817889,48.52505689],[3.78821356,48.52502068],[3.78822873,48.52494861],[3.78827882,48.52494738],[3.78829413,48.52497516],[3.78833515,48.52500098],[3.78835191,48.52503505],[3.78844428,48.52505333],[3.7884715,48.52506215],[3.78851362,48.52507086],[3.78855328,48.52509669],[3.78869703,48.52510923],[3.78872986,48.5251306],[3.78879906,48.52513914],[3.78883995,48.52515686],[3.78886716,48.52516478],[3.78889438,48.52517359],[3.78891208,48.52517977],[3.78891632,48.52510148],[3.78915726,48.52509268],[3.78898322,48.52504706],[3.7889939,48.52503709],[3.78874461,48.52503065],[3.78873308,48.52498484],[3.78868546,48.52496987],[3.78859994,48.52495694],[3.78851418,48.52492782],[3.78833081,48.52489215],[3.78833312,48.52486605],[3.78830865,48.52485991],[3.78829412,48.5248843],[3.78826419,48.5248755],[3.78814978,48.52483218],[3.78805385,48.52484721],[3.78803284,48.52489143],[3.78796692,48.52492066],[3.78802322,48.52497246],[3.78796941,48.52499621],[3.78790598,48.52501102],[3.78787265,48.52504633],[3.7878495,48.52512835],[3.78773099,48.52526317],[3.78768003,48.5252968],[3.78766528,48.52530679],[3.78758266,48.52530644],[3.78753325,48.52535265],[3.78748632,48.52538444],[3.78743406,48.52542168],[3.78729057,48.52551619],[3.78722113,48.52558232],[3.78702801,48.52570954],[3.7869945,48.52573226],[3.78696233,48.52575496],[3.78691678,48.52578765],[3.78686179,48.525824],[3.78683098,48.52584669],[3.78679324,48.52585863],[3.78676407,48.52590021],[3.7866942,48.52593756],[3.78667931,48.52602852],[3.78653307,48.52603038],[3.78647191,48.52610636],[3.78633766,48.52618551],[3.78625734,48.52624812],[3.78613518,48.52632089],[3.78609905,48.52634992],[3.78600912,48.52640449],[3.78596647,48.52645065],[3.78591412,48.52648159],[3.7858997,48.52651407],[3.78584768,48.52656749],[3.78575991,48.52658516],[3.78573478,48.52662491],[3.78571085,48.52665476],[3.78562047,48.52667965],[3.78551445,48.52674422],[3.78546591,48.52675893],[3.78544177,48.52677529],[3.78538982,48.5268332],[3.78542564,48.52687345],[3.78531621,48.52689217],[3.78526693,48.52694737],[3.78518483,48.5269821],[3.78512148,48.52700231],[3.78506928,48.52704403],[3.78499052,48.52712102],[3.78503948,48.52713419],[3.78507076,48.52714298],[3.7850953,48.52715361],[3.78520761,48.52714658],[3.78525006,48.52717778],[3.78526944,48.52720554],[3.78528312,48.52721445],[3.78529171,48.52724588],[3.78532447,48.52726275],[3.78537584,48.52725612]]]]},"properties":{"nature":"Haie","precision":3,"modifiedAt":null}},{"type":"Feature","id":"ZONEVEGE0000002321885787","geometry":{"type":"MultiPolygon","coordinates":[[[[3.78579053,48.51705798],[3.78579258,48.51701388],[3.78574762,48.51699529],[3.78577551,48.51695912],[3.785733,48.51692342],[3.78571742,48.51687764],[3.78575767,48.51685308],[3.78578151,48.51681694],[3.78572311,48.51680563],[3.78570112,48.51678418],[3.78580243,48.51676732],[3.78582211,48.51672491],[3.78583937,48.5167023],[3.78590144,48.5166875],[3.78591468,48.51666762],[3.78588296,48.51662915],[3.78590953,48.51659478],[3.78588493,48.51657965],[3.78588581,48.51654816],[3.78588248,48.5165068],[3.78583875,48.5164801],[3.7857482,48.5164915],[3.78572126,48.51650157],[3.78561863,48.51652024],[3.78559927,48.51649338],[3.78555718,48.51648556],[3.78553038,48.51650463],[3.78547783,48.51652207],[3.7854647,48.51654915],[3.78545278,48.51656722],[3.78543964,48.51659429],[3.78542503,48.51661328],[3.78542664,48.51663036],[3.78538348,48.51664144],[3.78535937,48.5166596],[3.78538806,48.5166765],[3.78540325,48.51669619],[3.78544288,48.51672022],[3.78546222,48.51674528],[3.78552878,48.51675923],[3.7855049,48.51679268],[3.78555298,48.51683824],[3.78557016,48.5169002],[3.78561115,48.51692512],[3.78562648,48.51695381],[3.78562253,48.51705189],[3.78554803,48.51705059],[3.78551571,48.51706249],[3.78553518,48.51709655],[3.78555193,48.51712973],[3.78554871,48.51718642],[3.78557058,48.51719977],[3.78560203,48.51722026],[3.78557945,48.51724919],[3.78558126,48.51727977],[3.78560882,48.51731197],[3.78565185,48.51738186],[3.78571904,48.51743809],[3.78568148,48.51746173],[3.78566684,48.51747892],[3.78572118,48.51749026],[3.78569992,48.51751739],[3.78572374,48.51757121],[3.78573972,48.51764307],[3.78575504,48.51767176],[3.7857519,48.51773295],[3.78575815,48.51778869],[3.7857841,48.51780381],[3.78579791,48.51782171],[3.78581998,48.51784855],[3.78580008,48.51787567],[3.78585572,48.5178843],[3.78581654,48.51788996],[3.7857868,48.51789375],[3.78574651,48.51791561],[3.7857757,48.5179658],[3.78580247,48.51803579],[3.78582146,48.51812833],[3.78587662,48.5182845],[3.78591424,48.51835532],[3.78594348,48.5184091],[3.78597766,48.51843047],[3.78597573,48.51848266],[3.78600732,48.51851214],[3.78603479,48.51853804],[3.78610196,48.51859248],[3.78603324,48.51861542],[3.78601065,48.51864436],[3.78606963,48.51869435],[3.78602733,48.518763],[3.786041,48.5187719],[3.78606701,48.51879062],[3.78610254,48.51881198],[3.78616683,48.51885474],[3.78616582,48.51887813],[3.78616914,48.51891859],[3.78619672,48.5189517],[3.78624977,48.51896754],[3.78628726,48.5189394],[3.78631556,48.51893022],[3.78634655,48.51891922],[3.78639208,48.51888563],[3.78640908,48.51884504],[3.78631207,48.5187872],[3.78629785,48.51874232],[3.78628418,48.51873341],[3.78630672,48.51870178],[3.78626395,48.51864898],[3.78629182,48.51861101],[3.78625237,48.51859868],[3.78625321,48.51856449],[3.78623802,48.5185448],[3.78623883,48.51850881],[3.78620891,48.51850001],[3.78619515,48.5184857],[3.78623518,48.51844586],[3.7862485,48.51843137],[3.78615852,48.51839059],[3.78619186,48.51835618],[3.78621186,48.51824539],[3.78617305,48.51818538],[3.78617474,48.51811789],[3.78615542,48.51809373],[3.78613082,48.5180786],[3.78611539,48.51804272],[3.78610144,48.51801582],[3.78610241,48.51798973],[3.78603117,48.51793532],[3.786058,48.51791805],[3.78607126,48.51789907],[3.78608453,48.51788099],[3.7860031,48.51786893],[3.78597407,48.51782954],[3.78597502,48.51780255],[3.78595984,48.51778375],[3.78598652,48.51775659],[3.78595768,48.51772979],[3.7859436,48.5176939],[3.78591492,48.5176779],[3.78594293,48.51764892],[3.78595463,48.51761646],[3.78590839,48.51760327],[3.78585776,48.51756852],[3.78585854,48.51752983],[3.78588643,48.51749366],[3.7858814,48.51742892],[3.78579862,48.51741687],[3.78579969,48.51739798],[3.78582759,48.51736181],[3.78579754,48.51734491],[3.78579714,48.51731793],[3.78585103,48.51729958],[3.78586433,48.5172833],[3.78580941,48.51723328],[3.78580634,48.51720901],[3.78578037,48.51719299],[3.78574754,48.51717072],[3.78577956,48.51713902],[3.78576284,48.51710764],[3.78581675,48.51709019],[3.78579053,48.51705798]]]]},"properties":{"nature":"Haie","precision":3,"modifiedAt":null}},{"type":"Feature","id":"ZONEVEGE0000002321885786","geometry":{"type":"MultiPolygon","coordinates":[[[[3.79453781,48.5282064],[3.79428331,48.52785725],[3.79490942,48.5270776],[3.79505988,48.52708559],[3.79520812,48.52739407],[3.79554328,48.52779215],[3.79574645,48.52797162],[3.79553067,48.5281215],[3.79558902,48.5281292],[3.79565281,48.52813777],[3.79579822,48.52825915],[3.79588346,48.52834224],[3.79591226,48.52836634],[3.79598501,48.52842972],[3.79601382,48.52845382],[3.79605893,48.52848141],[3.79613412,48.52852678],[3.79617648,48.52855169],[3.79619693,48.52856055],[3.79626919,48.52859155],[3.79636325,48.5286314],[3.79654767,48.52864546],[3.79667084,48.52864014],[3.79675071,48.5286378],[3.79679132,48.52863573],[3.79680757,48.52863562],[3.79691729,48.52863669],[3.79696471,48.52863727],[3.79698509,48.52864163],[3.79706528,48.52865998],[3.79715499,48.52868097],[3.79723169,48.52873713],[3.79729197,48.52878171],[3.79727805,48.52875751],[3.79610544,48.5268159],[3.79608244,48.52681786],[3.79562832,48.52670215],[3.79436404,48.52639124],[3.79382686,48.52624549],[3.79294081,48.52604719],[3.79226791,48.52588255],[3.79224525,48.52590609],[3.7922326,48.52596555],[3.79221104,48.52597289],[3.79218004,48.52598299],[3.7921942,48.52602338],[3.792208,48.52604038],[3.79222042,48.52605559],[3.79223794,48.52614004],[3.79226555,48.52617404],[3.79228114,48.52621982],[3.79229766,48.52632766],[3.79232391,48.52636167],[3.79233119,48.52648487],[3.79233126,48.52657933],[3.79237266,48.52663033],[3.79239629,48.52675972],[3.79237772,48.52678593],[3.79243215,48.52680266],[3.79242023,48.52682073],[3.79239356,48.5268479],[3.79238029,48.52686598],[3.79235362,48.52689405],[3.79240805,48.52691078],[3.7924339,48.5269187],[3.7924503,48.52692849],[3.79245001,48.52699866],[3.79247761,48.52703266],[3.79249969,48.52714946],[3.79255196,48.52729215],[3.79258233,48.52732974],[3.79258418,48.52736301],[3.79258355,48.52741069],[3.79259888,48.52743938],[3.79261541,48.52754722],[3.79264412,48.52756502],[3.79264338,48.52769547],[3.79266132,48.52771694],[3.79267581,48.52777982],[3.79270478,48.52781471],[3.79271956,48.52789648],[3.79274853,48.52793137],[3.79276492,48.52803022],[3.79278979,48.52806244],[3.79280962,48.52820985],[3.79282757,48.52823222],[3.79286724,48.528348],[3.79288479,48.52843335],[3.79290172,48.52856818],[3.79291554,48.52858608],[3.79291852,48.52860405],[3.7929365,48.52871818],[3.79295996,48.52874681],[3.7929923,48.52882576],[3.79303215,48.52886328],[3.7930503,48.52889915],[3.79309215,48.52888987],[3.79309013,48.5288458],[3.79308838,48.52881973],[3.79308501,48.52877657],[3.7930926,48.52874053],[3.79311036,48.52866125],[3.793118,48.52862881],[3.79316636,48.5286024],[3.79319054,48.52858964],[3.79322009,48.52857325],[3.79336447,48.5285372],[3.79356221,48.52853678],[3.79358936,48.5285411],[3.79361381,48.52854543],[3.79378762,48.52857486],[3.79394956,48.52862506],[3.79414791,48.52875418],[3.79425558,48.52897746],[3.79437454,48.5291413],[3.79458372,48.52918038],[3.79501712,48.52917928],[3.79517767,48.52913773],[3.7952642,48.52903819],[3.79524501,48.52893396],[3.79520541,48.52891264],[3.79519039,48.52890464],[3.79511937,48.52886553],[3.79507195,48.52886495],[3.7950557,48.52886506],[3.7947211,48.528861],[3.79452519,48.52880383],[3.79437345,48.52871129],[3.79432937,48.528663],[3.79432248,48.52865495],[3.79429631,48.52862634],[3.79428886,48.52858141],[3.79427856,48.5285275],[3.79427412,48.52850234],[3.79427669,48.52849333],[3.79429095,48.52845095],[3.79431298,48.52838513],[3.79442641,48.52827372],[3.79452573,48.52821368],[3.79453781,48.5282064]]]]},"properties":{"nature":"Peupleraie","precision":3,"modifiedAt":null}},{"type":"Feature","id":"ZONEVEGE0000002321885768","geometry":{"type":"MultiPolygon","coordinates":[[[[3.80583969,48.51634527],[3.80584153,48.51628858],[3.80584371,48.51625438],[3.80586531,48.51624974],[3.80581619,48.51622578],[3.80579331,48.51623493],[3.80574777,48.51626763],[3.80570085,48.51629853],[3.80568745,48.51630762],[3.80560637,48.51631807],[3.8055769,48.51633896],[3.80556752,48.51634532],[3.80554303,48.51633829],[3.80551582,48.51632947],[3.80548438,48.5163108],[3.80550956,48.51627464],[3.80548382,48.51627391],[3.80540259,48.51627536],[3.80537388,48.51625757],[3.80531028,48.5162598],[3.80528588,48.51625816],[3.80538204,48.51634747],[3.80539179,48.5163654],[3.80542282,48.51635799],[3.80551311,48.51641766],[3.80574718,48.51640527],[3.80583969,48.51634527]]]]},"properties":{"nature":"Haie","precision":3,"modifiedAt":null}},{"type":"Feature","id":"ZONEVEGE0000002321885762","geometry":{"type":"MultiPolygon","coordinates":[[[[3.80092795,48.51295089],[3.800914,48.512924],[3.80072601,48.51293876],[3.80071081,48.51291817],[3.80069578,48.51290927],[3.80070027,48.51284897],[3.80068114,48.5128374],[3.80066719,48.51281051],[3.8006359,48.51280082],[3.80061946,48.51278834],[3.80055226,48.51282118],[3.80060167,48.51286493],[3.80057367,48.512893],[3.80059017,48.51290999],[3.80056757,48.51293713],[3.80064894,48.51294558],[3.8006304,48.51297269],[3.80059172,48.51301163],[3.80063545,48.51303743],[3.80076216,48.51300059],[3.80088788,48.51298715],[3.80091482,48.51297797],[3.80094312,48.51296878],[3.80092795,48.51295089]]]]},"properties":{"nature":"Haie","precision":3,"modifiedAt":null}},{"type":"Feature","id":"ZONEVEGE0000002321885785","geometry":{"type":"MultiPolygon","coordinates":[[[[3.78552578,48.51782531],[3.78550505,48.51779756],[3.78519243,48.51780952],[3.78517387,48.51783663],[3.78517282,48.51785643],[3.78521245,48.51788046],[3.78514626,48.51789169],[3.78514798,48.51791597],[3.78507968,48.5179668],[3.78501317,48.51795644],[3.78495669,48.5179829],[3.78487832,48.51799422],[3.78476958,48.51805791],[3.78467766,48.51806841],[3.78465073,48.51807848],[3.78459669,48.51808694],[3.78452108,48.51810183],[3.78451316,48.51802542],[3.7845151,48.51797412],[3.78448988,48.51773589],[3.78440949,48.51770314],[3.7843969,48.51767623],[3.78438187,48.51766733],[3.7843827,48.51763224],[3.78435393,48.51760994],[3.78435475,48.51757395],[3.78433788,48.51753268],[3.78431056,48.51751667],[3.78432368,48.51748869],[3.78434623,48.51745706],[3.78433918,48.51743821],[3.78430346,48.51740426],[3.78433133,48.51736629],[3.78432558,48.51734384],[3.78431854,48.51732589],[3.78426935,48.51729653],[3.7842483,48.51724719],[3.78422411,48.51716908],[3.78416345,48.51709661],[3.78418483,48.51707758],[3.7842307,48.51706648],[3.78427254,48.51705721],[3.78429665,48.51703906],[3.7843465,48.51702254],[3.78436483,48.51698013],[3.78442273,48.51695816],[3.78445557,48.51698133],[3.78451504,48.51697374],[3.78453564,48.51681167],[3.78449327,48.51678587],[3.78454701,48.51675762],[3.78458749,48.51674746],[3.78462635,48.51672021],[3.78465316,48.51670204],[3.78469558,48.51664149],[3.78479965,48.51662821],[3.78483853,48.51660186],[3.78462893,48.51644041],[3.78366235,48.51536994],[3.78350435,48.51530801],[3.7832689,48.51540942],[3.78315558,48.51561888],[3.78316548,48.51582843],[3.7839832,48.51690528],[3.78397941,48.51701416],[3.78367032,48.5172627],[3.78319747,48.51751771],[3.78252937,48.51784687],[3.78191035,48.5181982],[3.78109799,48.51866235],[3.78082931,48.51889802],[3.78086652,48.5193053],[3.78119437,48.52095125],[3.78129237,48.5209848],[3.78139259,48.52162107],[3.78087173,48.52165688],[3.78098751,48.52233803],[3.7808659,48.52235682],[3.78074762,48.52241697],[3.78064482,48.52242484],[3.78085007,48.52374954],[3.78103277,48.52364938],[3.78131594,48.52347569],[3.78148558,48.5234089],[3.78162228,48.5234035],[3.78163772,48.52334853],[3.78171069,48.52333815],[3.78175117,48.52332799],[3.78179723,48.52332858],[3.78182195,48.52335181],[3.78183296,48.52336344],[3.78186964,48.52337129],[3.78191535,48.5233485],[3.78194087,48.52333484],[3.78201941,48.52333432],[3.78205175,48.52332331],[3.78213031,48.52332369],[3.78220325,48.52331062],[3.78226488,48.52326613],[3.78243281,48.52326593],[3.78246802,48.5232657],[3.78252055,48.52324646],[3.78256104,48.5232372],[3.78258663,48.52322803],[3.78269618,48.52321831],[3.78275888,48.52324489],[3.78277796,48.52325286],[3.7827984,48.52326172],[3.78283337,48.5232453],[3.78287505,48.52322523],[3.78294308,48.52324637],[3.78300651,48.52323156],[3.78312282,48.5232209],[3.78314139,48.52319469],[3.78316806,48.52316663],[3.78322331,48.52314827],[3.78332353,48.52314851],[3.78343724,48.52314506],[3.78345913,48.52316021],[3.78348639,48.52317172],[3.78350231,48.52314913],[3.78353444,48.52312463],[3.78366852,48.52312464],[3.78369178,48.52314068],[3.78373663,48.52315118],[3.78376075,48.52313393],[3.78381167,48.52309761],[3.78396453,48.52308581],[3.78403167,48.52304758],[3.78408449,48.52304813],[3.78411021,48.52304706],[3.78414109,48.52302887],[3.78430393,48.52305118],[3.78427582,48.52307296],[3.78431,48.52309432],[3.78437839,48.52313975],[3.78442797,48.52310434],[3.7846257,48.52310483],[3.78463189,48.52306611],[3.78464337,48.52301835],[3.78466916,48.52311264],[3.78484612,48.52317355],[3.78494556,48.52321158],[3.78497042,48.5232438],[3.78499113,48.52327065],[3.78502565,48.5233145],[3.78504069,48.5233243],[3.78511099,48.5234066],[3.78513885,48.5234586],[3.78519216,48.52349153],[3.7852279,48.52352638],[3.7852504,48.52358201],[3.78528092,48.52363038],[3.78534911,48.52366232],[3.78541342,48.52370598],[3.78545689,48.52371469],[3.78551146,48.52374131],[3.78571316,48.52373548],[3.78574218,48.52377397],[3.7857981,48.52380059],[3.78582674,48.5238139],[3.78591996,48.52379889],[3.78600544,48.52380912],[3.78602869,48.52382426],[3.78605049,48.52383311],[3.78607094,48.52384197],[3.78610467,48.52383365],[3.78615729,48.52382071],[3.7862968,48.52382158],[3.78647268,48.52380963],[3.7865148,48.52381834],[3.78659752,48.52382589],[3.78663828,48.52383462],[3.78685507,48.52384128],[3.78690937,48.52384992],[3.78702947,48.52382123],[3.78725547,48.52380984],[3.78738982,48.52382784],[3.78743596,48.52383384],[3.78756624,48.52385186],[3.78766507,48.52384941],[3.78756643,48.5237745],[3.78753097,48.52375764],[3.78750096,48.52374344],[3.78748717,48.52372734],[3.78753852,48.5237198],[3.78760474,48.52371037],[3.7875795,48.52365296],[3.7875598,48.52360361],[3.78751606,48.52357691],[3.7875536,48.52355148],[3.7875355,48.52351831],[3.78757292,48.52348478],[3.78758869,48.52345318],[3.78757759,48.52343527],[3.78754834,48.52338148],[3.78752887,48.52325746],[3.78751344,48.52322158],[3.78749098,48.52307869],[3.78746891,48.52305185],[3.78745469,48.52300696],[3.78742585,48.52298016],[3.78742653,48.52293518],[3.78742293,48.52287583],[3.78738211,48.5228635],[3.78734929,48.52284213],[3.78738134,48.52281223],[3.78739604,48.52279864],[3.78739228,48.52272849],[3.78736767,48.52271336],[3.78734935,48.5226658],[3.78733542,48.52263981],[3.78733501,48.52261282],[3.7873212,48.52259492],[3.7873059,48.52256803],[3.78729209,48.52255013],[3.78729284,48.52250964],[3.78728944,48.52246379],[3.78724782,48.52239749],[3.78722812,48.52225818],[3.78717404,48.52217397],[3.7871582,48.5221111],[3.78711797,48.5220475],[3.78715685,48.52202115],[3.78706499,48.52176537],[3.78702793,48.52164236],[3.78698527,48.5215068],[3.7869753,48.52147448],[3.78696393,48.52143857],[3.78695264,48.52140806],[3.78689614,48.5212528],[3.78686646,48.52117023],[3.78685657,48.52114241],[3.78684954,48.52112536],[3.78667727,48.5206551],[3.78666739,48.52062818],[3.78648376,48.52012291],[3.78600949,48.51883778],[3.78578229,48.51822484],[3.78571163,48.51802829],[3.78569093,48.51800234],[3.7856907,48.51798705],[3.78568191,48.51794213],[3.78566921,48.51790803],[3.78566497,48.51789636],[3.78560917,48.51787783],[3.78549638,48.51785159],[3.78552578,48.51782531]]]]},"properties":{"nature":"Peupleraie","precision":3,"modifiedAt":null}},{"type":"Feature","id":"ZONEVEGE0000002321885784","geometry":{"type":"MultiPolygon","coordinates":[[[[3.78908173,48.51413128],[3.78912535,48.51433071],[3.78941389,48.51433869],[3.78945724,48.5143402],[3.78946082,48.51430779],[3.78948611,48.51409891],[3.7894885,48.5140782],[3.78934249,48.51391274],[3.78907315,48.51383086],[3.78892569,48.51365911],[3.78896338,48.51364447],[3.78898308,48.51360386],[3.78887727,48.51359106],[3.78884812,48.51354358],[3.78880435,48.51351418],[3.7887633,48.51348566],[3.78876418,48.51345417],[3.78878847,48.51344861],[3.78882626,48.51344027],[3.78884205,48.51340957],[3.78880083,48.51337026],[3.78878149,48.5133443],[3.7887408,48.51334007],[3.78883416,48.51315503],[3.78886765,48.51313142],[3.78891325,48.51310233],[3.78892559,48.51302218],[3.78886317,48.5130136],[3.78884416,48.51301013],[3.78884395,48.51299573],[3.78856808,48.51301915],[3.78833378,48.51292535],[3.78828534,48.5128555],[3.78804697,48.51285168],[3.78800034,48.51290237],[3.78793552,48.5129136],[3.78784689,48.51296276],[3.78779632,48.51302157],[3.7877491,48.51303268],[3.78770187,48.51304379],[3.78762685,48.5130074],[3.78752546,48.51301797],[3.78750684,48.51304059],[3.78754765,48.51305291],[3.78756002,48.51306542],[3.78749009,48.51309737],[3.78743345,48.51311214],[3.78749254,48.51317023],[3.787549,48.51314286],[3.78763281,48.51313331],[3.78769404,48.5131536],[3.78771309,48.51315977],[3.78771217,48.51318856],[3.78769377,48.51322557],[3.78768459,48.51324542],[3.78769838,48.51326242],[3.78771663,48.51330548],[3.78771688,48.51332168],[3.78769114,48.51332095],[3.78763067,48.51335194],[3.78765825,48.51338504],[3.78769884,48.51338297],[3.78773947,48.5133836],[3.78776093,48.51345993],[3.78770925,48.51344498],[3.78764732,48.51346878],[3.78761193,48.51345642],[3.78757661,48.51344855],[3.78751879,48.51347593],[3.7874807,48.51346358],[3.78734245,48.5134546],[3.78729773,48.5134522],[3.78727884,48.51345682],[3.78722083,48.5134707],[3.78711807,48.51348038],[3.78710011,48.51345711],[3.7869972,48.51345689],[3.78694978,48.51345451],[3.78697898,48.51341563],[3.78695966,48.51339147],[3.78687846,48.5133938],[3.78688157,48.51342077],[3.78686563,48.51344157],[3.78683881,48.51345884],[3.78676054,48.51347645],[3.78674756,48.51351342],[3.78680493,48.51354723],[3.78682903,48.51352907],[3.78685868,48.51351988],[3.78688361,48.5135566],[3.78681924,48.51359841],[3.78686045,48.51363772],[3.78685937,48.51365572],[3.78692568,48.51365348],[3.78697064,48.51367208],[3.78702343,48.51367083],[3.78703778,48.51372471],[3.78707604,48.51374785],[3.78710993,48.51375032],[3.78713827,48.51374384],[3.78718683,48.51373182],[3.78725033,48.5137224],[3.78734412,48.51374607],[3.78739692,48.51374572],[3.78744405,48.51372832],[3.78749938,48.51371625],[3.7875389,48.51373309],[3.78750294,48.51377291],[3.78754139,48.51380864],[3.78755523,48.51382834],[3.78751229,48.51385471],[3.7875247,48.51386902],[3.78752907,48.51388969],[3.78757157,48.51392449],[3.78757043,48.51393889],[3.78757676,48.51400002],[3.78761366,48.51402227],[3.78762885,48.51404196],[3.78759521,48.51405658],[3.78754814,48.51407758],[3.7875363,48.51410105],[3.78757711,48.51411337],[3.78758956,48.51413128],[3.78760612,48.51415187],[3.78767229,48.51413973],[3.78773036,48.51412945],[3.78779196,48.51408406],[3.78782415,48.51406316],[3.78792707,48.51406427],[3.78801504,48.51406099],[3.78806567,48.51400668],[3.78821331,48.5140093],[3.78826707,48.51398285],[3.78853048,48.51394062],[3.78857904,48.5139286],[3.78866293,48.51392445],[3.78881718,48.51391713],[3.78885101,48.513916],[3.78898919,48.51401045],[3.78904254,48.51404608],[3.78906717,48.51406301],[3.78908173,48.51413128]]]]},"properties":{"nature":"Peupleraie","precision":3,"modifiedAt":null}},{"type":"Feature","id":"ZONEVEGE0000002321885776","geometry":{"type":"MultiPolygon","coordinates":[[[[3.80282024,48.51317473],[3.80280024,48.51310649],[3.80273534,48.51311233],[3.80273095,48.51309077],[3.80277137,48.5130779],[3.8027773,48.51302298],[3.80274352,48.51302771],[3.80272763,48.5130512],[3.8026617,48.51307864],[3.80262448,48.51312387],[3.80265475,48.51315515],[3.80272779,48.51315016],[3.80275151,48.51319588],[3.80282024,48.51317473]]]]},"properties":{"nature":"Haie","precision":3,"modifiedAt":null}},{"type":"Feature","id":"ZONEVEGE0000002321885775","geometry":{"type":"MultiPolygon","coordinates":[[[[3.80900861,48.5120613],[3.80900146,48.51203706],[3.80891493,48.51204485],[3.80891396,48.51207004],[3.80891695,48.51208802],[3.80884852,48.51212896],[3.80889765,48.51215382],[3.80905106,48.5120925],[3.80903593,48.51207731],[3.80900861,48.5120613]]]]},"properties":{"nature":"Haie","precision":3,"modifiedAt":null}},{"type":"Feature","id":"ZONEVEGE0000002321885774","geometry":{"type":"MultiPolygon","coordinates":[[[[3.80856537,48.5121183],[3.80853273,48.51210862],[3.8084028,48.51211221],[3.80839527,48.51215094],[3.80841865,48.51217417],[3.80843391,48.51219836],[3.80848541,48.51220161],[3.8085767,48.51215061],[3.80856537,48.5121183]]]]},"properties":{"nature":"Haie","precision":3,"modifiedAt":null}},{"type":"Feature","id":"ZONEVEGE0000002321885773","geometry":{"type":"MultiPolygon","coordinates":[[[[3.80224856,48.5131561],[3.80230892,48.5131188],[3.80228434,48.51310548],[3.80228657,48.51307397],[3.80224304,48.51306077],[3.80223551,48.51301134],[3.80212092,48.5130445],[3.80208194,48.51306276],[3.80204151,48.51307563],[3.80207595,48.51311408],[3.80217259,48.51314671],[3.80220203,48.51312402],[3.80223195,48.51313282],[3.80224856,48.5131561]]]]},"properties":{"nature":"Haie","precision":3,"modifiedAt":null}},{"type":"Feature","id":"ZONEVEGE0000002321885772","geometry":{"type":"MultiPolygon","coordinates":[[[[3.79803832,48.51311967],[3.79802988,48.51309904],[3.79795278,48.51310405],[3.79790304,48.51312778],[3.79791736,48.51326802],[3.79797596,48.51329282],[3.79801233,48.51328088],[3.79800112,48.51325576],[3.79797914,48.51323522],[3.7980114,48.51321971],[3.79807083,48.51320941],[3.79810413,48.51317321],[3.79809149,48.5131436],[3.79803832,48.51311967]]]]},"properties":{"nature":"Haie","precision":3,"modifiedAt":null}},{"type":"Feature","id":"ZONEVEGE0000002321885771","geometry":{"type":"MultiPolygon","coordinates":[[[[3.81341419,48.51413456],[3.81335329,48.51413678],[3.81335619,48.51414936],[3.81331457,48.51417213],[3.81321999,48.51418537],[3.81322062,48.51422585],[3.81320737,48.51424483],[3.81319315,48.51428811],[3.81312727,48.51431825],[3.81309547,48.51436345],[3.81306366,48.51440775],[3.81308996,48.51444446],[3.81317294,48.51446908],[3.81314766,48.51449804],[3.81310099,48.51454514],[3.81313551,48.51458809],[3.81317695,48.51464088],[3.81323396,48.51464949],[3.81328596,48.51468512],[3.8133258,48.51463446],[3.813341,48.51456689],[3.813406,48.51456734],[3.81340693,48.51453945],[3.81340515,48.51451247],[3.81343046,48.51448531],[3.81344358,48.51445823],[3.81347806,48.51441121],[3.81357611,48.51436016],[3.81356238,48.51434766],[3.81350796,48.51433094],[3.81348075,48.51432303],[3.81339664,48.51431281],[3.81335836,48.51428878],[3.81337011,48.51426081],[3.81339266,48.51423097],[3.81335573,48.51420693],[3.81339444,48.51417068],[3.81340489,48.51414632],[3.81341419,48.51413456]]]]},"properties":{"nature":"Haie","precision":3,"modifiedAt":null}},{"type":"Feature","id":"ZONEVEGE0000002321885770","geometry":{"type":"MultiPolygon","coordinates":[[[[3.80839867,48.51535899],[3.8084174,48.51534447],[3.80855963,48.515348],[3.80858601,48.51530194],[3.80862586,48.51525219],[3.80859678,48.51521011],[3.80855443,48.51518611],[3.80858234,48.51515173],[3.80856712,48.51513114],[3.80855345,48.51512224],[3.80853935,48.51508635],[3.80852567,48.51507745],[3.80851172,48.51505055],[3.80847227,48.51503913],[3.80846473,48.5149888],[3.80852107,48.51495423],[3.80852189,48.51492004],[3.80852019,48.51489756],[3.80853174,48.51476793],[3.80852874,48.51474906],[3.80855884,48.51468138],[3.80862153,48.51461978],[3.80860486,48.51450474],[3.8085627,48.51449244],[3.80854902,48.51448353],[3.80846221,48.51447423],[3.80844714,48.51446264],[3.80842701,48.51447447],[3.80841527,48.51450334],[3.80840201,48.51452142],[3.80838902,48.51455749],[3.80836401,48.51460354],[3.80835116,48.51464861],[3.80831818,48.51470551],[3.8083539,48.51473856],[3.80836784,48.51476455],[3.80838716,48.51478781],[3.80830291,48.51485675],[3.8083214,48.5149142],[3.80836647,48.51493909],[3.80834638,48.51495362],[3.80830463,48.5149683],[3.80830943,48.51501594],[3.80825466,48.5150649],[3.80826845,48.515081],[3.80829595,48.5151078],[3.8082734,48.51513854],[3.80832531,48.51516787],[3.80833943,48.51520556],[3.8083779,48.51524128],[3.80832853,48.5152893],[3.80834686,48.51533596],[3.80839867,48.51535899]]]]},"properties":{"nature":"Haie","precision":3,"modifiedAt":null}},{"type":"Feature","id":"ZONEVEGE0000002321885767","geometry":{"type":"MultiPolygon","coordinates":[[[[3.80844046,48.51183216],[3.80841618,48.51175046],[3.8083756,48.51175344],[3.80835778,48.51173917],[3.80825671,48.51177044],[3.80829791,48.51180794],[3.80832919,48.51181673],[3.80838808,48.51186041],[3.80844046,48.51183216]]]]},"properties":{"nature":"Haie","precision":3,"modifiedAt":null}},{"type":"Feature","id":"ZONEVEGE0000002321885766","geometry":{"type":"MultiPolygon","coordinates":[[[[3.81059587,48.5132245],[3.81044005,48.51321747],[3.81044654,48.513024],[3.8104142,48.51303412],[3.81030475,48.51304926],[3.81024184,48.51309647],[3.81017277,48.51309514],[3.81014446,48.51310343],[3.81012731,48.51313234],[3.81006674,48.51315614],[3.81002185,48.51314295],[3.81002124,48.5132788],[3.81004441,48.51328854],[3.8101087,48.51333038],[3.81020058,48.51331806],[3.81024367,48.51330247],[3.81033286,48.51329107],[3.81037658,48.5132287],[3.81044576,48.51323632],[3.81053259,48.51324743],[3.81056761,48.51323549],[3.81059587,48.5132245]]]]},"properties":{"nature":"Haie","precision":3,"modifiedAt":null}},{"type":"Feature","id":"ZONEVEGE0000002321885765","geometry":{"type":"MultiPolygon","coordinates":[[[[3.8027913,48.51393781],[3.80302043,48.51386879],[3.8030851,48.51384766],[3.80310195,48.51379807],[3.8030185,48.51374285],[3.8029363,48.5137686],[3.80291795,48.5138083],[3.80286947,48.51382573],[3.80283198,48.51385297],[3.80279014,48.51386225],[3.80275129,48.5138895],[3.80273626,48.5138806],[3.80268292,48.51384588],[3.80265327,48.51385507],[3.80261578,48.51388232],[3.80251994,48.51390186],[3.80246457,48.51391123],[3.80241636,48.51394664],[3.80238001,48.51396038],[3.80221321,48.51394351],[3.80219762,48.5139868],[3.8022385,48.51400361],[3.80226585,48.51402142],[3.80248219,48.51400107],[3.80253621,48.51399171],[3.80260102,48.51397958],[3.80271244,48.51391675],[3.80279117,48.51392971],[3.8027913,48.51393781]]]]},"properties":{"nature":"Haie","precision":3,"modifiedAt":null}},{"type":"Feature","id":"ZONEVEGE0000002321885760","geometry":{"type":"MultiPolygon","coordinates":[[[[3.81017632,48.51306183],[3.81015556,48.51303319],[3.81015524,48.5130125],[3.81010073,48.51298948],[3.81007216,48.51298068],[3.81003248,48.51295396],[3.81000432,48.51297214],[3.80999228,48.51298122],[3.80995181,48.51299139],[3.80989669,48.51301696],[3.80980195,48.5130194],[3.80976756,48.51298455],[3.80973507,48.51298477],[3.80970712,48.51301645],[3.80970896,48.51304792],[3.8096414,48.51305738],[3.80961733,48.51307644],[3.80954844,48.5130877],[3.80947458,48.51312689],[3.80942016,48.51311017],[3.80928076,48.51311472],[3.80925291,48.51315269],[3.80923136,48.51316003],[3.80918536,48.51316215],[3.80919917,48.51318004],[3.80928141,48.51324426],[3.80924364,48.51325351],[3.80924689,48.51328857],[3.80960438,48.51320247],[3.81017632,48.51306183]]]]},"properties":{"nature":"Bois","precision":3,"modifiedAt":null}},{"type":"Feature","id":"ZONEVEGE0000002321885757","geometry":{"type":"MultiPolygon","coordinates":[[[[3.82196997,48.51660725],[3.82185808,48.51655315],[3.82063966,48.51700419],[3.82070632,48.51711078],[3.82076227,48.51722465],[3.82088041,48.51724542],[3.82119949,48.51738716],[3.82125192,48.51736251],[3.82130971,48.51733422],[3.8213554,48.51731231],[3.82146183,48.51727739],[3.8214833,48.51726465],[3.82177182,48.51709712],[3.82181342,48.51707345],[3.82186437,48.51704071],[3.82188313,48.51702798],[3.82190994,48.5170107],[3.82192186,48.51699353],[3.8219364,48.51697094],[3.8219483,48.51695286],[3.82194949,48.51685569],[3.82195008,48.51680711],[3.82195172,48.51665236],[3.82196997,48.51660725]]]]},"properties":{"nature":"Peupleraie","precision":3,"modifiedAt":null}},{"type":"Feature","id":"ZONEVEGE0000002321885756","geometry":{"type":"MultiPolygon","coordinates":[[[[3.80473261,48.5133822],[3.804739,48.5135342],[3.80475927,48.51353136],[3.80477405,48.51352406],[3.80483346,48.51351286],[3.80492772,48.51347894],[3.80497536,48.51349481],[3.80498753,48.51349383],[3.805267,48.51344066],[3.80533258,48.51339073],[3.80544617,48.51338097],[3.80547159,48.513361],[3.80554,48.51331916],[3.80550708,48.51329149],[3.80542393,48.51325517],[3.80538221,48.51327165],[3.80536234,48.51330057],[3.80535029,48.51330965],[3.80533703,48.51332773],[3.80523411,48.51332663],[3.80517764,48.5133531],[3.80508766,48.51331322],[3.80492267,48.51332604],[3.8049041,48.51335135],[3.80487892,48.51338661],[3.80485199,48.51339669],[3.80483529,48.51336711],[3.80474761,48.5133893],[3.80473261,48.5133822]]]]},"properties":{"nature":"Haie","precision":3,"modifiedAt":null}},{"type":"Feature","id":"ZONEVEGE0000002321885755","geometry":{"type":"MultiPolygon","coordinates":[[[[3.8010255,48.51437345],[3.80109433,48.51435859],[3.80120815,48.51436412],[3.8012782,48.51434026],[3.80134438,48.51432901],[3.80141158,48.51429618],[3.80146556,48.51428412],[3.8015327,48.51424768],[3.80162593,48.51423445],[3.80171859,48.51418435],[3.80177379,48.51416329],[3.80188603,48.51415353],[3.80194356,48.51410816],[3.8019679,48.5141062],[3.80204514,48.51411018],[3.80209719,48.51406035],[3.80206286,48.51402909],[3.80206861,48.51396248],[3.80189922,48.51395373],[3.80182079,48.51396055],[3.80172391,48.51400079],[3.80165165,48.51405705],[3.80158315,48.5140935],[3.80148041,48.51410409],[3.80146187,48.5141312],[3.80143369,48.51414849],[3.80140826,48.51416755],[3.80138133,48.51417763],[3.80131133,48.51420419],[3.80122894,48.51421824],[3.80119425,48.51425176],[3.8011676,48.51427983],[3.80113197,48.51425218],[3.80111315,48.5142613],[3.80108253,48.51429569],[3.8009528,48.51431276],[3.80097368,48.51434951],[3.8010255,48.51437345]]]]},"properties":{"nature":"Haie","precision":3,"modifiedAt":null}},{"type":"Feature","id":"ZONEVEGE0000002321885754","geometry":{"type":"MultiPolygon","coordinates":[[[[3.81002124,48.5132788],[3.81002185,48.51314295],[3.80999601,48.51313503],[3.81001587,48.51310611],[3.81014446,48.51310343],[3.8101564,48.51308716],[3.81017632,48.51306183],[3.80960438,48.51320247],[3.80924689,48.51328857],[3.80925706,48.51342165],[3.80953043,48.51341169],[3.80953555,48.51339276],[3.80958698,48.51339151],[3.80961296,48.51340753],[3.80967864,48.51345206],[3.80972198,48.51345267],[3.80978754,48.51340184],[3.80983568,48.51336283],[3.80986935,48.51335091],[3.80996142,48.51335028],[3.80998942,48.5133222],[3.81002124,48.5132788]]]]},"properties":{"nature":"Bois","precision":3,"modifiedAt":null}},{"type":"Feature","id":"ZONEVEGE0000002321885753","geometry":{"type":"MultiPolygon","coordinates":[[[[3.81226137,48.51602537],[3.81228894,48.51596941],[3.81226705,48.51595516],[3.81222056,48.51583853],[3.81218362,48.51581359],[3.81212132,48.51581312],[3.81205365,48.51581538],[3.81203156,48.51578764],[3.81215414,48.51574632],[3.81219455,48.51573255],[3.81226066,48.5157168],[3.812262,48.51562863],[3.8122369,48.51558202],[3.81217538,48.51554376],[3.81215048,48.51550974],[3.81211903,48.51549017],[3.8120756,48.51548417],[3.81209217,48.51567927],[3.81181068,48.51569019],[3.81185595,48.51572767],[3.81187007,48.51576535],[3.81195166,48.51578729],[3.81193055,48.51582342],[3.81186079,48.51586528],[3.81185841,48.51588688],[3.8118995,48.51591719],[3.81195002,48.51594383],[3.81198084,48.5160102],[3.81199863,48.51602267],[3.81203134,48.51603594],[3.81204331,48.51602236],[3.81226137,48.51602537]]]]},"properties":{"nature":"Haie","precision":3,"modifiedAt":null}},{"type":"Feature","id":"ZONEVEGE0000002321885752","geometry":{"type":"MultiPolygon","coordinates":[[[[3.80896344,48.51290816],[3.80893042,48.5128742],[3.80889664,48.51287893],[3.8087705,48.51295266],[3.80871937,48.5129737],[3.8087254,48.51301324],[3.808819,48.5130243],[3.80886123,48.5130411],[3.80891701,48.51305782],[3.8089701,48.51307635],[3.80899581,48.51307527],[3.80900851,48.51302121],[3.80902282,48.51298333],[3.80901829,48.51295277],[3.80891381,48.51293819],[3.80896344,48.51290816]]]]},"properties":{"nature":"Haie","precision":3,"modifiedAt":null}},{"type":"Feature","id":"ZONEVEGE0000002321885751","geometry":{"type":"MultiPolygon","coordinates":[[[[3.8063489,48.51167994],[3.80632841,48.51166839],[3.80619713,48.51167198],[3.80617046,48.51169915],[3.80615734,48.51172622],[3.80613213,48.51175968],[3.80617334,48.51179809],[3.80619041,48.51185195],[3.80621641,48.51186976],[3.80623009,48.51187867],[3.80620352,48.51191213],[3.80623382,48.51194521],[3.80630868,48.5119708],[3.80635811,48.51192728],[3.80633468,48.51190045],[3.80635002,48.51184097],[3.80640391,48.51182351],[3.80640501,48.51180731],[3.80634877,48.51176001],[3.80637132,48.51172927],[3.80634673,48.51171504],[3.8063489,48.51167994]]]]},"properties":{"nature":"Haie","precision":3,"modifiedAt":null}},{"type":"Feature","id":"ZONEVEGE0000002321885750","geometry":{"type":"MultiPolygon","coordinates":[[[[3.80112474,48.51324644],[3.80111211,48.51321774],[3.80106826,48.51318385],[3.80105561,48.51315335],[3.80102287,48.51313738],[3.80103297,48.51308963],[3.80099783,48.51309346],[3.80096022,48.51311351],[3.80093298,48.5131029],[3.80089225,48.51309597],[3.80085369,48.51314211],[3.80081047,48.5131496],[3.80078627,48.51316056],[3.8006973,48.51318635],[3.80065616,48.51315244],[3.80058428,48.51314483],[3.80051843,48.51317766],[3.80055798,48.51319629],[3.80061229,48.51320582],[3.80063286,48.51322277],[3.80058586,48.51324828],[3.80056736,48.51327809],[3.80064104,48.51331538],[3.80067754,48.51331153],[3.80069299,48.51325925],[3.80071887,48.51326897],[3.80075147,48.51327595],[3.80077286,48.51325781],[3.80079441,48.51325047],[3.80083142,48.51327991],[3.800945,48.51326925],[3.80099069,48.51324645],[3.80101613,48.51331645],[3.80109345,48.51332582],[3.80115228,48.51327685],[3.80112474,48.51324644]]]]},"properties":{"nature":"Haie","precision":3,"modifiedAt":null}},{"type":"Feature","id":"ZONEVEGE0000002321885749","geometry":{"type":"MultiPolygon","coordinates":[[[[3.81069064,48.51278574],[3.81072971,48.51277288],[3.81077608,48.51279415],[3.81082748,48.5127911],[3.81094208,48.51275883],[3.8110583,48.51274454],[3.8111177,48.51273334],[3.81119163,48.51269775],[3.81141464,48.51267194],[3.81142545,48.5125828],[3.81135105,48.51258781],[3.81133765,48.5125969],[3.81130548,48.51261781],[3.81120525,48.51261579],[3.81113535,48.51264866],[3.81101915,48.51266474],[3.810988,48.51266406],[3.81093428,48.51269231],[3.81087914,48.51271698],[3.81067896,48.51273094],[3.81065203,48.51274012],[3.81061836,48.51275204],[3.81059836,48.51277197],[3.81065421,48.51279408],[3.81066791,48.51280388],[3.81069064,48.51278574]]]]},"properties":{"nature":"Haie","precision":3,"modifiedAt":null}},{"type":"Feature","id":"ZONEVEGE0000002321885748","geometry":{"type":"MultiPolygon","coordinates":[[[[3.80953043,48.51341169],[3.80925706,48.51342165],[3.80924689,48.51328857],[3.80913356,48.51331544],[3.80893105,48.5133537],[3.80897458,48.5133669],[3.80892091,48.51339875],[3.80883969,48.5134002],[3.80876905,48.51338539],[3.80861011,48.51343955],[3.80848841,48.51345027],[3.80846325,48.51348733],[3.80841096,48.51352097],[3.80839638,48.51354086],[3.80837121,48.51357702],[3.80838502,48.51359492],[3.80839899,48.51362271],[3.80842633,48.51363962],[3.80844001,48.51364852],[3.80847926,48.51364735],[3.80853626,48.51365596],[3.80856185,48.51364679],[3.80862262,48.51363648],[3.80859227,48.5135998],[3.80863646,48.51356802],[3.80870938,48.51355492],[3.80884207,48.51355492],[3.80886858,48.51351786],[3.80891026,48.51349868],[3.80893856,48.51348949],[3.80898674,48.51345318],[3.80904196,48.51343391],[3.80907053,48.51344271],[3.80910466,48.51346047],[3.80917594,48.5134294],[3.80924788,48.5134406],[3.80927388,48.51345842],[3.80929824,48.51345735],[3.80939591,48.51346928],[3.80938213,48.51354135],[3.80933104,48.51356509],[3.80923642,48.51357563],[3.80915979,48.51361123],[3.80908969,48.5136315],[3.80902213,48.51364096],[3.80896839,48.51366831],[3.80885349,48.51368079],[3.80889334,48.51371831],[3.8088761,48.51374181],[3.80885227,48.51377706],[3.8088362,48.51378886],[3.80870215,48.51378888],[3.80870149,48.51383386],[3.80875023,48.51383353],[3.8089071,48.51382077],[3.80899835,48.51376707],[3.80903898,48.51376769],[3.80914725,48.51376426],[3.80914904,48.51379213],[3.80908158,48.51380789],[3.80909805,48.51382217],[3.80913633,48.5138462],[3.80916659,48.51387658],[3.80921105,48.51386188],[3.80931014,48.51379014],[3.80936403,48.51377268],[3.80936482,48.51373579],[3.80932244,48.51370999],[3.80932215,48.5136911],[3.8093044,48.51368132],[3.80931983,48.51362814],[3.80938706,48.51359799],[3.80946581,48.51352369],[3.80955305,48.51356178],[3.80959704,48.51351649],[3.80955722,48.51348078],[3.80951757,48.51345586],[3.80953043,48.51341169]]]]},"properties":{"nature":"Haie","precision":3,"modifiedAt":null}},{"type":"Feature","id":"ZONEVEGE0000002321885747","geometry":{"type":"MultiPolygon","coordinates":[[[[3.80415268,48.51362093],[3.80414223,48.51346896],[3.80410987,48.51347818],[3.80407389,48.51351621],[3.80402218,48.51349946],[3.80395485,48.51352331],[3.80388042,48.51352651],[3.80381095,48.51349909],[3.80372028,48.51350241],[3.80368732,48.51347204],[3.80368788,48.51342076],[3.80366054,48.51340385],[3.80367363,48.51337407],[3.80376843,48.51337523],[3.8038166,48.51333802],[3.80384796,48.5133522],[3.80387173,48.51340062],[3.80390014,48.51339953],[3.80396633,48.51338919],[3.80393059,48.51335434],[3.80396947,48.51332889],[3.80394223,48.51331828],[3.80390821,48.51330771],[3.80394143,48.51326611],[3.80376665,48.51325919],[3.80369786,48.51327675],[3.80360323,48.51328639],[3.80355207,48.51330562],[3.8035005,48.51329788],[3.80346001,48.51330625],[3.80327781,48.51334526],[3.8032671,48.51335343],[3.80321314,48.51336639],[3.80322691,48.51338159],[3.80328446,48.51342619],[3.80328365,48.51346128],[3.80331114,48.51348808],[3.80332772,48.51350956],[3.80338509,48.51354246],[3.80335617,48.51359933],[3.80343526,48.51363568],[3.80345198,48.51366615],[3.80346579,48.51368405],[3.80343128,48.51372927],[3.80355834,48.51371491],[3.80357583,48.51361943],[3.80359899,48.51362827],[3.8036713,48.51366377],[3.80373478,48.51365345],[3.80377512,48.51363518],[3.80383719,48.51362127],[3.80389344,48.5135804],[3.80395975,48.51357815],[3.80397792,48.51361492],[3.80405927,48.51362246],[3.80408649,48.51363127],[3.80415268,48.51362093]]]]},"properties":{"nature":"Haie","precision":3,"modifiedAt":null}},{"type":"Feature","id":"ZONEVEGE0000002321885746","geometry":{"type":"MultiPolygon","coordinates":[[[[3.80893105,48.5133537],[3.80913356,48.51331544],[3.80924689,48.51328857],[3.80924364,48.51325351],[3.80916719,48.51321355],[3.80910796,48.51323554],[3.80907817,48.51323575],[3.80902509,48.51321811],[3.80898327,48.51322829],[3.80895247,48.5132501],[3.80888295,48.51321998],[3.80878276,48.51322066],[3.80875326,48.51323976],[3.80872837,48.5132939],[3.80864852,48.51329625],[3.80853773,48.51322413],[3.80848222,48.51322451],[3.80843536,48.51325901],[3.80837141,48.51323876],[3.80840208,48.51320796],[3.80835832,48.51318037],[3.8083586,48.5131102],[3.80833536,48.51309596],[3.80839668,48.51303347],[3.80838292,48.51301917],[3.80834049,48.51298977],[3.80836297,48.51295453],[3.80833836,48.5129394],[3.80833768,48.51289533],[3.80832372,48.51286753],[3.80829622,48.51284073],[3.8082755,48.51281388],[3.80822843,48.51283489],[3.8082425,48.51286898],[3.80828527,48.51292087],[3.8082873,48.51296494],[3.8082702,48.51299744],[3.80827546,48.51307478],[3.80826233,48.51310185],[3.80827738,48.51311165],[3.80827792,48.51314673],[3.80829725,48.51317089],[3.80826775,48.51318998],[3.80832133,48.51324],[3.80830801,48.51325448],[3.80829327,48.51326448],[3.80829524,48.51330405],[3.80825483,48.51331782],[3.80818498,48.51335428],[3.80811308,48.51334577],[3.80808547,48.51331087],[3.80805974,48.51331105],[3.80807732,48.51348545],[3.80820843,48.51347017],[3.80825961,48.51345273],[3.80836827,48.51338632],[3.80850096,48.51338631],[3.80855511,48.51338504],[3.80857291,48.51339842],[3.80864968,48.51337181],[3.80878471,48.5133475],[3.80883587,48.51332826],[3.80890506,48.51333678],[3.80893105,48.5133537]]]]},"properties":{"nature":"Haie","precision":3,"modifiedAt":null}},{"type":"Feature","id":"ZONEVEGE0000002321885745","geometry":{"type":"MultiPolygon","coordinates":[[[[3.80934795,48.51536333],[3.80933829,48.5153517],[3.80934198,48.51532738],[3.80927088,48.51528289],[3.80930934,48.51523045],[3.80930985,48.51517557],[3.8092948,48.51516577],[3.80927977,48.51515688],[3.80928046,48.51511369],[3.80923927,48.51507709],[3.80922559,48.51506818],[3.80922585,48.51499711],[3.80918209,48.51496952],[3.80920728,48.51493427],[3.80919345,48.51491547],[3.80916747,48.51489945],[3.80923023,48.51484235],[3.80914996,48.5148177],[3.80915076,48.51478171],[3.80908103,48.51473811],[3.80908034,48.51469313],[3.80905163,48.51467533],[3.80906472,48.51464645],[3.80910092,48.51462282],[3.80900855,48.51460366],[3.80902165,48.51457568],[3.80903492,48.51455759],[3.80898023,48.51452378],[3.80896491,48.514496],[3.8089362,48.5144782],[3.80889196,48.51441913],[3.808828,48.51439887],[3.80876458,48.5144128],[3.80874732,48.5144354],[3.80871152,48.51448423],[3.80876482,48.51451625],[3.80876388,48.51454325],[3.80879138,48.51457005],[3.80879186,48.51460153],[3.80879371,48.51463391],[3.80874142,48.51466755],[3.8088073,48.51472468],[3.80881054,48.51475884],[3.80881092,48.51478403],[3.80883857,48.51482072],[3.80885381,48.51484311],[3.80888165,48.5148924],[3.80890955,48.51494529],[3.80895195,48.51497289],[3.80895235,48.51499897],[3.80896618,48.51501777],[3.80897999,48.51503477],[3.80895053,48.51505656],[3.80898233,48.51509863],[3.80900967,48.51511554],[3.80902335,48.51512444],[3.80905043,48.51512425],[3.80905232,48.51515933],[3.80902433,48.51518831],[3.80902616,48.51521888],[3.80902692,48.51526836],[3.80908162,48.51530307],[3.80911047,48.51532986],[3.80913509,48.51534589],[3.8090938,48.51539025],[3.80911705,48.51540538],[3.80912876,48.51537472],[3.80934795,48.51536333]]]]},"properties":{"nature":"Haie","precision":3,"modifiedAt":null}},{"type":"Feature","id":"ZONEVEGE0000002321885744","geometry":{"type":"MultiPolygon","coordinates":[[[[3.80109063,48.51464829],[3.80101591,48.51454354],[3.80101141,48.51460385],[3.80098433,48.51460403],[3.80097066,48.51459513],[3.8008622,48.51458686],[3.80084487,48.51451591],[3.80081915,48.51451608],[3.80077854,48.51451725],[3.80069865,48.51451689],[3.80059916,48.51456344],[3.80045839,48.51456709],[3.80040124,48.51454858],[3.8003594,48.51455786],[3.80032034,48.51457162],[3.80023933,48.51458656],[3.80019885,48.51459583],[3.80010421,48.51460546],[3.79999687,48.51467006],[3.79993597,48.51467226],[3.79980719,48.5147514],[3.79966984,48.51489087],[3.79944479,48.51505071],[3.79927981,48.51515348],[3.79939763,48.51515449],[3.79939275,48.51527867],[3.79948992,48.51525733],[3.79955294,48.51521642],[3.79957809,48.51517846],[3.79969143,48.51515251],[3.79972457,48.51510551],[3.7997917,48.51506817],[3.79984298,48.51505613],[3.79986249,48.51500382],[3.79991738,48.51496297],[3.79995089,48.51494025],[3.79998933,48.51488602],[3.80008275,48.51488539],[3.8001176,48.51486176],[3.80023682,48.5147773],[3.80030418,48.51475435],[3.8003455,48.51471179],[3.80040626,48.51470059],[3.80046688,48.51467949],[3.80048601,48.51469105],[3.80050242,48.51470174],[3.80058077,48.51468951],[3.80064698,48.51468007],[3.80069142,48.51466448],[3.80072698,48.51468763],[3.80082405,48.51465999],[3.8008495,48.51464182],[3.80090519,48.51465314],[3.80094426,48.51464028],[3.80099268,48.51461837],[3.80101182,48.51463083],[3.80104205,48.51465942],[3.80109063,48.51464829]]]]},"properties":{"nature":"Haie","precision":3,"modifiedAt":null}},{"type":"Feature","id":"ZONEVEGE0000002321885743","geometry":{"type":"MultiPolygon","coordinates":[[[[3.80807732,48.51348545],[3.80805974,48.51331105],[3.80801779,48.51331223],[3.80799706,48.51328538],[3.80796849,48.51327658],[3.80797037,48.51322259],[3.8079418,48.51321379],[3.80791295,48.513187],[3.80789792,48.5131781],[3.80789851,48.51312862],[3.80789966,48.51311512],[3.80787124,48.51311621],[3.80783064,48.51311738],[3.80780164,48.5130807],[3.80774925,48.51310804],[3.80772232,48.51311812],[3.8077009,48.51313356],[3.80767008,48.51315446],[3.80764015,48.51314567],[3.80761962,48.51313141],[3.80758694,48.51311904],[3.80756095,48.51310212],[3.80752457,48.51311407],[3.80750599,48.51313848],[3.80748875,48.51316199],[3.80743221,48.51318307],[3.80742231,48.51315614],[3.80740527,48.51310408],[3.80735652,48.51310441],[3.80734383,48.51315938],[3.80723687,48.5131601],[3.80721261,48.51316746],[3.80717086,48.51318214],[3.80715404,48.51323264],[3.80712832,48.51323281],[3.80714161,48.51339285],[3.80726465,48.51346939],[3.80732483,48.51350856],[3.80735477,48.51351825],[3.80738469,48.51352705],[3.80740933,48.51354397],[3.8074692,48.51356336],[3.80758985,48.51357243],[3.80764372,48.51355318],[3.80766932,48.5135449],[3.80777333,48.5135289],[3.80792092,48.5135288],[3.8080209,48.51351463],[3.80807732,48.51348545]]]]},"properties":{"nature":"Bois","precision":3,"modifiedAt":null}},{"type":"Feature","id":"ZONEVEGE0000002321885731","geometry":{"type":"MultiPolygon","coordinates":[[[[3.79905249,48.52120949],[3.79913386,48.52121703],[3.79914614,48.52131231],[3.79915074,48.52134737],[3.79916816,48.52133555],[3.7991931,48.52128321],[3.79917348,48.5211511],[3.79913656,48.52112795],[3.79913657,48.52103979],[3.79907722,48.52096642],[3.79906257,48.52089365],[3.79903386,48.52087585],[3.79903293,48.52081468],[3.79901924,48.52080488],[3.79898781,48.5207862],[3.79900555,48.52070601],[3.79905511,48.52067059],[3.79913472,48.52065117],[3.79925099,48.52063869],[3.79929813,48.52062218],[3.79934806,48.52061015],[3.79931113,48.52058611],[3.79929202,48.52048728],[3.79918098,48.52048802],[3.79915974,48.52051605],[3.79914161,48.52057015],[3.79911026,48.52055687],[3.7990854,48.52052555],[3.79905311,48.52053926],[3.7990322,48.52058888],[3.79901312,48.52058091],[3.79898576,48.5205631],[3.79896748,48.52051825],[3.79885022,48.52055502],[3.79885066,48.5205838],[3.79889166,48.52060872],[3.79890534,48.52061762],[3.79894345,48.52062996],[3.79884156,48.52069812],[3.79882317,48.52073513],[3.79894061,48.52079911],[3.79889793,48.52084258],[3.79889873,48.52089475],[3.7989142,48.52093243],[3.79892992,48.5209863],[3.79894387,48.5210132],[3.79896481,48.52105444],[3.79899898,48.5210749],[3.79902287,48.52113232],[3.7990696,48.52117698],[3.79905249,48.52120949]]]]},"properties":{"nature":"Haie","precision":3,"modifiedAt":null}},{"type":"Feature","id":"ZONEVEGE0000002321885739","geometry":{"type":"MultiPolygon","coordinates":[[[[3.79905297,48.51688499],[3.79910715,48.51688642],[3.79910068,48.51708349],[3.79913016,48.5170635],[3.79919788,48.51706394],[3.79922479,48.51705296],[3.7992586,48.51705004],[3.79933297,48.51704324],[3.79934638,48.51703415],[3.79940575,48.51702026],[3.799454,48.51698755],[3.79950816,48.51698718],[3.79956054,48.51695894],[3.79964164,48.5169494],[3.79968743,48.5169329],[3.79979015,48.51692051],[3.79984798,48.51689404],[3.80002665,48.51688923],[3.80012009,48.5168895],[3.80016748,48.51688919],[3.80018768,48.51688185],[3.80020383,48.51687545],[3.80022418,48.51687801],[3.80033675,48.51688985],[3.80036772,48.51687794],[3.800396,48.51686786],[3.80042867,48.51687933],[3.80045057,48.51689448],[3.8005754,48.51691073],[3.80065542,48.51691919],[3.80068138,48.5169343],[3.80081952,48.51693517],[3.80081882,48.5168893],[3.80074705,48.51680072],[3.80074692,48.51670356],[3.80070315,48.51667507],[3.80070382,48.51663008],[3.80066172,48.51662227],[3.80063943,48.51658103],[3.80048572,48.51662435],[3.80035319,48.51663604],[3.80028332,48.5166716],[3.80016687,48.51667148],[3.80012235,48.51668258],[3.80003991,48.51669303],[3.79996179,48.51672054],[3.79990641,48.51672991],[3.79986332,48.51674549],[3.79973082,48.51675898],[3.79970538,48.51677804],[3.79964308,48.51677756],[3.79958366,48.51678786],[3.79954333,48.51680702],[3.79945418,48.51682202],[3.79942872,48.51683928],[3.79940645,48.51688891],[3.79935623,48.51688115],[3.79933025,48.51686423],[3.79922693,48.51683794],[3.79920541,48.51684708],[3.79916641,48.51686533],[3.79907179,48.51687587],[3.79905297,48.51688499]]]]},"properties":{"nature":"Haie","precision":3,"modifiedAt":null}},{"type":"Feature","id":"ZONEVEGE0000002321885738","geometry":{"type":"MultiPolygon","coordinates":[[[[3.8092725,48.51222774],[3.80931833,48.51221483],[3.80940509,48.51222144],[3.80938677,48.51217478],[3.80933784,48.51216252],[3.80928353,48.51215299],[3.80930338,48.51212317],[3.80935057,48.51211025],[3.80934059,48.51207793],[3.80926891,48.51208292],[3.80920166,48.51211217],[3.80913416,48.51212522],[3.80914549,48.51215753],[3.80920437,48.51220031],[3.80921715,48.51223891],[3.8092725,48.51222774]]]]},"properties":{"nature":"Haie","precision":3,"modifiedAt":null}},{"type":"Feature","id":"ZONEVEGE0000002321885737","geometry":{"type":"MultiPolygon","coordinates":[[[[3.81080037,48.51497918],[3.81080017,48.51496659],[3.81079895,48.51488743],[3.81074898,48.51489587],[3.81060842,48.51491302],[3.81057475,48.51492495],[3.81051399,48.51493616],[3.81042667,48.51498083],[3.81038088,48.51499734],[3.81041502,48.515016],[3.81041532,48.51503489],[3.81038839,48.51504497],[3.81034805,48.51506324],[3.81029695,48.51508607],[3.81028254,48.51511766],[3.81026943,48.51514564],[3.81023592,48.51516746],[3.81021184,48.51518651],[3.81019548,48.51517943],[3.81019242,48.51524422],[3.81019124,48.51525593],[3.81018693,48.51532703],[3.81023252,48.51529793],[3.81024564,48.51527085],[3.81027364,48.51524277],[3.81027053,48.5152167],[3.81029747,48.51520752],[3.81031204,48.51518673],[3.81038586,48.51514394],[3.81039486,48.5151133],[3.81040519,48.51508084],[3.81047953,48.51507224],[3.81051468,48.5150684],[3.8105401,48.51504843],[3.81057221,48.51502302],[3.8106571,48.51499635],[3.81070556,48.51497803],[3.81073683,48.51498592],[3.81075735,48.51499927],[3.81080037,48.51497918]]]]},"properties":{"nature":"Haie","precision":3,"modifiedAt":null}},{"type":"Feature","id":"ZONEVEGE0000002321885736","geometry":{"type":"MultiPolygon","coordinates":[[[[3.80532689,48.51346094],[3.80562196,48.51345354],[3.80562921,48.51348498],[3.80563457,48.51356951],[3.80564315,48.51359914],[3.80566459,48.5135846],[3.80571464,48.5134934],[3.80575648,48.51348412],[3.8058511,48.51347358],[3.80587804,48.5134644],[3.80594979,48.51346392],[3.80610396,48.51345118],[3.80616219,48.51345168],[3.80621227,48.51345044],[3.80630859,48.51346238],[3.80636391,48.51344941],[3.80638491,48.51340609],[3.80649764,48.51342871],[3.80653576,48.51344195],[3.80682405,48.51343459],[3.80690569,48.51346013],[3.80699004,48.51348655],[3.80698924,48.51352254],[3.80701674,48.51354934],[3.8070594,48.51359403],[3.80711354,48.51359276],[3.80715322,48.51361948],[3.80724661,48.51361705],[3.80727655,48.51362674],[3.80736612,48.51363963],[3.80738526,48.51365209],[3.80741674,48.51367347],[3.80748059,48.51368743],[3.80757549,48.51369488],[3.80767185,48.51370952],[3.80771073,48.51368407],[3.80770962,48.5136121],[3.80767443,48.51361324],[3.80753772,48.51361597],[3.80750507,48.5136063],[3.80731772,48.51357428],[3.80724911,48.51351537],[3.80720286,48.51350129],[3.80716319,48.51347547],[3.80704495,48.51344659],[3.80697748,48.51337418],[3.80695984,48.5133716],[3.80690444,48.51337917],[3.80684774,48.51339035],[3.80665126,48.51338089],[3.8065281,48.51338442],[3.8064711,48.51337582],[3.80640314,48.51335918],[3.80632482,48.51337321],[3.80622307,48.5133604],[3.80611208,48.51336296],[3.80596043,48.51336309],[3.80588219,48.51338251],[3.80576714,48.51338509],[3.80565069,48.51338498],[3.80560483,48.51339608],[3.80553727,48.51340554],[3.80551033,48.51341472],[3.80537917,48.5134264],[3.80532689,48.51346094]]]]},"properties":{"nature":"Haie","precision":3,"modifiedAt":null}},{"type":"Feature","id":"ZONEVEGE0000002321885735","geometry":{"type":"MultiPolygon","coordinates":[[[[3.80427175,48.51944431],[3.80427623,48.51929494],[3.80427606,48.51928414],[3.80418764,48.51925775],[3.80406468,48.51927568],[3.80406809,48.51932154],[3.80398606,48.51935898],[3.80393203,48.51936834],[3.80389702,48.51938117],[3.80380151,48.51933414],[3.803715,48.51934462],[3.80368806,48.51935379],[3.80365572,48.51936481],[3.80365278,48.5194377],[3.80364993,48.51951688],[3.80378788,48.51950516],[3.80386979,48.51945962],[3.80393761,48.51946726],[3.8040033,48.5195118],[3.80405867,48.51950243],[3.80408425,48.51949236],[3.80411119,48.51948318],[3.80421057,48.51942853],[3.8042444,48.5194274],[3.80427175,48.51944431]]]]},"properties":{"nature":"Haie","precision":3,"modifiedAt":null}},{"type":"Feature","id":"ZONEVEGE0000002321885734","geometry":{"type":"MultiPolygon","coordinates":[[[[3.80046016,48.51441684],[3.80049372,48.51439772],[3.80050918,48.5144345],[3.80047994,48.51447068],[3.80048594,48.51450933],[3.80055192,48.51448459],[3.80059238,48.51447442],[3.80063682,48.51445793],[3.8007191,48.51443759],[3.80082102,48.51446119],[3.80086129,48.51443843],[3.80082008,48.51440002],[3.80080437,48.51434615],[3.80077793,48.51429955],[3.80073466,48.51430344],[3.80073919,48.51433399],[3.80073552,48.51436011],[3.80068253,48.51434787],[3.80061876,48.5143393],[3.8005556,48.51437122],[3.80048875,48.51433838],[3.80045969,48.51429719],[3.80046305,48.51425129],[3.80044494,48.51421812],[3.80035383,48.51419265],[3.80033501,48.51411271],[3.8002116,48.51410005],[3.80018468,48.51411102],[3.80019207,48.51415146],[3.80025862,48.5141645],[3.80028051,48.51417965],[3.80022012,48.51421514],[3.80020704,48.51424492],[3.80035204,48.51425294],[3.80037008,48.5142816],[3.80032177,48.51430982],[3.80028909,48.51429834],[3.80022926,48.51428165],[3.80016466,48.51430728],[3.80019488,48.51433586],[3.80023638,48.51439316],[3.80029223,48.51441527],[3.80030617,48.51444127],[3.80024068,48.51449749],[3.8002274,48.51451467],[3.80030606,48.51452313],[3.80035401,48.51447063],[3.8004187,48.51445041],[3.80046016,48.51441684]]]]},"properties":{"nature":"Haie","precision":3,"modifiedAt":null}},{"type":"Feature","id":"ZONEVEGE0000002321885733","geometry":{"type":"MultiPolygon","coordinates":[[[[3.80653742,48.51214107],[3.80660596,48.51210732],[3.80665634,48.51212587],[3.80680373,48.51211318],[3.80680468,48.51208708],[3.80678965,48.51207819],[3.80677556,48.5120423],[3.80675491,48.51201995],[3.8067076,48.51202567],[3.80666713,48.51203494],[3.80655896,48.51204467],[3.80648771,48.51207844],[3.80639318,48.51209437],[3.80631832,48.51215695],[3.80638789,48.51219067],[3.80644055,48.51218131],[3.80649727,48.51217193],[3.80653742,48.51214107]]]]},"properties":{"nature":"Haie","precision":3,"modifiedAt":null}},{"type":"Feature","id":"ZONEVEGE0000002321885732","geometry":{"type":"MultiPolygon","coordinates":[[[[3.80377728,48.51386457],[3.80375723,48.51370457],[3.80373833,48.5137083],[3.8036397,48.51372246],[3.8035671,48.51375624],[3.80344551,48.51377415],[3.80331622,48.51382001],[3.80328928,48.51382919],[3.80325029,48.51384744],[3.80320995,48.51386571],[3.80316828,48.51388578],[3.80308191,48.51390436],[3.80295668,48.51395018],[3.80292639,48.5139171],[3.80293975,48.51390532],[3.80302043,48.51386879],[3.8027913,48.51393781],[3.802793,48.51396029],[3.80277596,48.51399729],[3.80267712,48.51399795],[3.80259253,48.51404441],[3.80257711,48.51409849],[3.80253906,48.51408975],[3.80250332,48.5140549],[3.80242764,48.51406441],[3.80234954,48.51409283],[3.8022549,48.51410246],[3.80221592,48.51412072],[3.80212964,48.51414559],[3.8020517,48.5141848],[3.80198674,48.51418704],[3.80194612,48.51418731],[3.8018909,48.51420658],[3.80180966,48.51420713],[3.8017427,48.51425526],[3.80165102,48.51428107],[3.80155248,48.51430152],[3.80147706,48.51432812],[3.80145012,48.5143373],[3.80138161,48.51437285],[3.80125865,48.51438987],[3.80120883,48.5144082],[3.80116841,48.51442196],[3.80109275,48.51443237],[3.80103358,48.51445976],[3.80102236,48.51452281],[3.80101309,48.51453636],[3.80101591,48.51454354],[3.80109063,48.51464829],[3.80112744,48.51466514],[3.80117442,48.51463783],[3.80122268,48.51460602],[3.80128027,48.51456425],[3.801372,48.51454204],[3.80138884,48.51449155],[3.80150918,48.51448084],[3.80158593,48.51445243],[3.80164802,48.51443942],[3.80166946,48.51442488],[3.80170695,48.51439674],[3.80173552,48.51440554],[3.80176287,48.51442335],[3.80181272,48.51440682],[3.80183027,48.51431494],[3.80202132,48.51432355],[3.80204593,48.51433868],[3.80208492,48.51432042],[3.80215248,48.51431097],[3.80227723,48.51423456],[3.80234381,48.5142494],[3.80238151,48.51423565],[3.8024071,48.51422648],[3.80242808,48.51418136],[3.80248493,48.51418008],[3.80251486,48.51418977],[3.80254207,48.51419768],[3.80256901,48.51418851],[3.80261084,48.51417923],[3.80264834,48.51415198],[3.80278337,48.51412768],[3.80285071,48.51410384],[3.80291553,48.5140926],[3.80300025,48.51405425],[3.80310562,48.51403824],[3.80313256,48.51402906],[3.80321365,48.51401862],[3.80326739,48.51399127],[3.80332141,48.51398191],[3.80334834,48.51397183],[3.80340905,48.51395792],[3.80345447,48.51391713],[3.80347436,48.51389001],[3.80351921,48.5139005],[3.80353877,48.51393995],[3.80363005,48.51388806],[3.80371113,48.51387761],[3.80377728,48.51386457]]]]},"properties":{"nature":"Haie","precision":3,"modifiedAt":null}},{"type":"Feature","id":"ZONEVEGE0000002321885730","geometry":{"type":"MultiPolygon","coordinates":[[[[3.79993597,48.51467226],[3.79991837,48.51467238],[3.79988966,48.51465458],[3.79988803,48.5146366],[3.79990142,48.51462662],[3.79996083,48.51461542],[3.80007639,48.51455707],[3.80000929,48.51450804],[3.79998086,48.51450823],[3.7999661,48.51451733],[3.79992593,48.51454638],[3.79981545,48.51458311],[3.79975264,48.51463751],[3.79974073,48.51465559],[3.79965647,48.51472452],[3.79969493,48.51476025],[3.79967658,48.51479996],[3.79963732,48.51480022],[3.79960767,48.51480942],[3.79956389,48.51478003],[3.79952752,48.51479286],[3.7994601,48.51481131],[3.79944697,48.51483839],[3.79943506,48.51485646],[3.79944874,48.51486536],[3.79946255,48.51488326],[3.79950104,48.51492079],[3.79946351,48.51494623],[3.79938337,48.51492968],[3.79936861,48.51493877],[3.7993433,48.51496593],[3.79927582,48.51498078],[3.79927615,48.51500237],[3.79932295,48.51505243],[3.79929213,48.51507333],[3.79927245,48.51511485],[3.79921174,48.51512965],[3.79917011,48.51515242],[3.79927981,48.51515348],[3.79944479,48.51505071],[3.79966984,48.51489087],[3.79980719,48.5147514],[3.79993597,48.51467226]]]]},"properties":{"nature":"Haie","precision":3,"modifiedAt":null}},{"type":"Feature","id":"ZONEVEGE0000002321885729","geometry":{"type":"MultiPolygon","coordinates":[[[[3.80011595,48.52372037],[3.80019762,48.52374771],[3.80068731,48.52388745],[3.80090494,48.52403802],[3.80102907,48.52418472],[3.80103278,48.5244276],[3.80101301,48.52455188],[3.80103225,48.5246588],[3.80106338,48.52483492],[3.80109755,48.52503261],[3.80129355,48.52536234],[3.80134663,48.52537998],[3.80141879,48.52540468],[3.80152325,48.52541567],[3.80163856,48.52542839],[3.80166441,48.52543631],[3.8016847,48.52543438],[3.80190112,48.52541672],[3.80199986,48.52540796],[3.80239969,48.52533869],[3.80254727,48.52533589],[3.80270143,48.52532046],[3.8027365,48.52531123],[3.80281474,48.52529091],[3.80287004,48.52527614],[3.80288217,48.52527246],[3.80308565,48.52520541],[3.80313417,48.52518979],[3.80316909,48.52517066],[3.80320806,48.52515061],[3.80327389,48.52511598],[3.80329257,48.52509786],[3.80348484,48.52491753],[3.8027067,48.52460343],[3.80240962,48.52448308],[3.80237556,48.52446982],[3.80232425,48.52448006],[3.80227047,48.52450561],[3.80221473,48.5244916],[3.80219696,48.52448092],[3.8021666,48.52444424],[3.80210316,48.52445816],[3.8020859,48.52448077],[3.80206203,48.52451422],[3.80204629,48.52454761],[3.80190874,48.52458632],[3.80184462,48.52455527],[3.80179155,48.52453943],[3.8015938,48.52453807],[3.80141862,48.52432964],[3.80126853,48.52390243],[3.80131632,48.52357285],[3.80123541,48.52341866],[3.80112076,48.52336005],[3.80106913,48.52334961],[3.80105095,48.52331194],[3.80096643,48.52327563],[3.80085261,48.5232719],[3.80082698,48.52327837],[3.80080674,48.523283],[3.80079469,48.52329208],[3.80055109,48.52330362],[3.80051062,48.52331379],[3.8004094,48.52333696],[3.80037994,48.52335875],[3.8003369,48.52337883],[3.80027617,48.52339273],[3.80024472,48.52346131],[3.80016426,48.52351403],[3.80015832,48.52356805],[3.80015219,48.52361038],[3.80011595,48.52372037]]]]},"properties":{"nature":"Peupleraie","precision":3,"modifiedAt":null}},{"type":"Feature","id":"ZONEVEGE0000002321885728","geometry":{"type":"MultiPolygon","coordinates":[[[[3.79878654,48.51192713],[3.79880047,48.51186407],[3.79874617,48.51185453],[3.79870393,48.51183683],[3.79865895,48.51181734],[3.79853443,48.51182087],[3.7985446,48.51186579],[3.79850546,48.51187415],[3.79847584,48.51188514],[3.79834439,48.51187793],[3.79834194,48.51189504],[3.79832947,48.51196529],[3.79834868,48.51198225],[3.79837201,48.51200279],[3.79835618,48.51202988],[3.79836493,48.51207121],[3.79838678,48.51208366],[3.7984128,48.51210237],[3.79844104,48.51217865],[3.79846171,48.5122028],[3.79857971,48.51221551],[3.79867475,48.51223286],[3.79881026,48.51224005],[3.79890248,48.51224932],[3.79894552,48.51223104],[3.79889886,48.51218997],[3.79892144,48.51216103],[3.79888714,48.51213157],[3.79888658,48.51209469],[3.79885938,48.51208678],[3.7988678,48.51201745],[3.79883107,48.512006],[3.79881712,48.51197911],[3.79876147,48.51197048],[3.79876396,48.51195607],[3.79878654,48.51192713]]]]},"properties":{"nature":"Bois","precision":3,"modifiedAt":null}},{"type":"Feature","id":"ZONEVEGE0000002321885727","geometry":{"type":"MultiPolygon","coordinates":[[[[3.80163137,48.51299563],[3.80176658,48.51298302],[3.80174172,48.5129508],[3.80167144,48.51295937],[3.80164724,48.51297033],[3.80159048,48.51297791],[3.80152569,48.51299094],[3.80147283,48.5129877],[3.80146792,48.51302102],[3.80147816,48.51307043],[3.80147194,48.51310646],[3.80150761,48.51313681],[3.80148234,48.51316666],[3.80149251,48.51321248],[3.80148327,48.51322783],[3.80151585,48.51323301],[3.80153141,48.51327699],[3.80156158,48.51330197],[3.80157299,48.51333968],[3.80159084,48.51335575],[3.80161722,48.51339876],[3.80165616,48.5133769],[3.80166935,48.51335433],[3.80171106,48.51333695],[3.80166017,48.51328512],[3.80170026,48.51325066],[3.80173247,48.51323155],[3.80171458,48.51321278],[3.80167106,48.51320048],[3.8016394,48.5131665],[3.80160922,48.51314062],[3.80163875,48.51312423],[3.80167347,48.51309251],[3.8017151,48.51306973],[3.80169828,48.51303206],[3.80162095,48.51302269],[3.80163137,48.51299563]]]]},"properties":{"nature":"Haie","precision":3,"modifiedAt":null}},{"type":"Feature","id":"ZONEVEGE0000002321885726","geometry":{"type":"MultiPolygon","coordinates":[[[[3.80712832,48.51323281],[3.80696184,48.51323754],[3.80693903,48.51316303],[3.80688327,48.51314721],[3.80685726,48.51312849],[3.80678955,48.51312805],[3.8067357,48.51314821],[3.80669359,48.5131395],[3.80664645,48.51306785],[3.8066114,48.51307799],[3.80654977,48.51312069],[3.80649262,48.51310218],[3.80647404,48.5131266],[3.80649932,48.5131858],[3.80639781,48.51318829],[3.80635676,48.51316068],[3.80627555,48.51316303],[3.80622792,48.51314716],[3.80610025,48.5132101],[3.80607331,48.51321928],[3.80606141,48.51323735],[3.80603326,48.51325644],[3.80589921,48.51325645],[3.80589978,48.51329333],[3.80585944,48.51331159],[3.80576602,48.51331223],[3.80574747,48.51333844],[3.80578285,48.5133499],[3.80588829,48.51333839],[3.80596234,48.51331089],[3.80608315,48.51333077],[3.80614901,48.51329883],[3.80630618,48.51330586],[3.80631986,48.51331477],[3.80645538,48.51332194],[3.80648804,48.51333252],[3.80667212,48.51332857],[3.80674968,48.51335323],[3.80684718,48.51335347],[3.80690241,48.5133351],[3.80695492,48.51331585],[3.80696995,48.51332475],[3.80698364,48.51333455],[3.80703806,48.51335127],[3.80706527,48.51335919],[3.80711956,48.51336781],[3.80714161,48.51339285],[3.80712832,48.51323281]]]]},"properties":{"nature":"Haie","precision":3,"modifiedAt":null}},{"type":"Feature","id":"ZONEVEGE0000002321885725","geometry":{"type":"MultiPolygon","coordinates":[[[[3.80973318,48.51672274],[3.80975351,48.5167235],[3.80975735,48.51662182],[3.80957196,48.51662938],[3.80973922,48.51649959],[3.80970251,48.51648995],[3.80968023,48.51645052],[3.8096975,48.51642881],[3.80972514,48.51637734],[3.80980163,48.51633184],[3.80982674,48.51629208],[3.80990836,48.51622855],[3.80993731,48.51617438],[3.80998577,48.51615515],[3.8100953,48.51614541],[3.81014099,48.51612261],[3.81022771,48.51612652],[3.81027887,48.51610728],[3.8104087,48.51609649],[3.81045715,48.51607727],[3.81051254,48.5160688],[3.81058636,48.51602691],[3.81068527,48.51603073],[3.81073869,48.51598269],[3.81072038,48.51593693],[3.81064255,48.51589518],[3.81059344,48.51587123],[3.81056205,48.51585525],[3.81054404,48.51582928],[3.81046348,48.51578575],[3.81039354,48.51572865],[3.81037278,48.5157],[3.81029629,48.51565734],[3.81027811,48.51561968],[3.81016611,48.51555747],[3.81014407,48.51553333],[3.81011778,48.51549663],[3.81002763,48.51544596],[3.80992354,48.5153702],[3.81019124,48.51525593],[3.81019242,48.51524422],[3.81019548,48.51517943],[3.81016138,48.51516347],[3.81006799,48.5151659],[3.81005295,48.51515701],[3.81003928,48.51514811],[3.81002076,48.51508886],[3.80994203,48.5150768],[3.80978071,48.5150644],[3.80976493,48.51500694],[3.80972255,48.51498113],[3.80972309,48.51492805],[3.8097012,48.51491381],[3.80966702,48.51489245],[3.80965128,48.51483768],[3.80961183,48.51482625],[3.8095963,48.51478498],[3.80958113,48.51476709],[3.80961981,48.51472904],[3.80958016,48.51470412],[3.80956605,48.51466733],[3.80953052,48.51464598],[3.80948588,48.51456172],[3.80943999,48.51457103],[3.80937035,48.51462098],[3.80931662,48.51464924],[3.80948337,48.51510062],[3.80952809,48.51510301],[3.8095609,48.51512348],[3.80953042,48.51516597],[3.80956282,48.51524761],[3.80954138,48.51526215],[3.80954504,48.5153242],[3.80944975,48.51537883],[3.80936312,48.51538122],[3.80934795,48.51536333],[3.80912876,48.51537472],[3.80911705,48.51540538],[3.80915395,48.51542762],[3.80914057,48.51543761],[3.80912717,48.5154467],[3.80911015,48.5154846],[3.80895443,48.51548476],[3.80887239,48.5155213],[3.80884747,48.51557365],[3.80883063,48.51562325],[3.8087851,48.51565594],[3.80868644,48.51566831],[3.80865546,48.51567931],[3.8085767,48.51566456],[3.80854643,48.51572144],[3.80846024,48.51575171],[3.8084046,48.515744],[3.80837017,48.51570644],[3.80835503,48.51569035],[3.80831594,48.51570232],[3.80828234,48.51571874],[3.80821576,48.5157039],[3.80819678,48.51570223],[3.80810499,48.51572084],[3.80805246,48.51573919],[3.80796173,48.51573891],[3.80790545,48.51577708],[3.80784249,48.51582159],[3.80779796,48.51583179],[3.80776699,48.51584279],[3.8077032,48.51583333],[3.80766407,48.51584259],[3.80762359,48.51585186],[3.80761034,48.51587084],[3.80759708,48.51588893],[3.80758024,48.51593852],[3.80751974,48.51596682],[3.80746442,48.51597979],[3.80734549,48.51599499],[3.80727543,48.51601796],[3.80721348,48.51603997],[3.80719435,48.51602841],[3.80716701,48.5160115],[3.80712651,48.51601987],[3.80707535,48.51603911],[3.80687078,48.5160324],[3.80684344,48.5160155],[3.80673903,48.51600631],[3.80655912,48.51601833],[3.80647717,48.51606116],[3.80638394,48.51607439],[3.806357,48.51608357],[3.80631661,48.51609824],[3.80631857,48.51613781],[3.80630532,48.51615679],[3.80626484,48.51616606],[3.80620434,48.51619436],[3.8061285,48.51619398],[3.80599923,48.51624073],[3.80595605,48.51625092],[3.80590486,48.51626836],[3.80586531,48.51624974],[3.80584371,48.51625438],[3.80584153,48.51628858],[3.80583969,48.51634527],[3.80586742,48.51638737],[3.80621262,48.51690951],[3.80617711,48.51697812],[3.80612751,48.51701084],[3.80610088,48.51703981],[3.80607421,48.51706698],[3.80606129,48.51710755],[3.8060967,48.51712081],[3.80615721,48.51709251],[3.80621983,48.51702641],[3.80628865,48.51701065],[3.80630164,48.51697458],[3.8063271,48.51695731],[3.80634169,48.51693742],[3.80636984,48.51691834],[3.80640601,48.5168929],[3.80646137,48.51688263],[3.8064596,48.51685565],[3.80647687,48.51683395],[3.80654028,48.51681912],[3.80657665,48.51680628],[3.80659443,48.51681785],[3.80661756,48.51682489],[3.8066345,48.5167816],[3.8066546,48.51676797],[3.80669768,48.51675148],[3.80684305,48.51669472],[3.80704193,48.51668347],[3.80720039,48.51668509],[3.80721574,48.51662651],[3.80726617,48.51664776],[3.80729297,48.51662959],[3.80732939,48.51662034],[3.80734612,48.51665172],[3.80740318,48.51666392],[3.80743329,48.51668441],[3.80751125,48.516647],[3.80755331,48.51665211],[3.80757606,48.51663486],[3.80761519,48.5166256],[3.80789113,48.51669389],[3.8079051,48.51672169],[3.80812035,48.51671843],[3.80818128,48.51671801],[3.80827446,48.51678935],[3.80829896,48.51679728],[3.80833298,48.51680784],[3.80834091,48.51679519],[3.80835283,48.51677802],[3.80838925,48.51676877],[3.80841159,48.5168127],[3.80912164,48.51675659],[3.80913979,48.51670429],[3.8092725,48.51670429],[3.80931342,48.5167238],[3.80935251,48.51671184],[3.80953108,48.51670073],[3.80956392,48.51672299],[3.80973318,48.51672274]]]]},"properties":{"nature":"Peupleraie","precision":3,"modifiedAt":null}},{"type":"Feature","id":"ZONEVEGE0000002322385285","geometry":{"type":"MultiPolygon","coordinates":[[[[3.77956509,48.53096479],[3.77952321,48.53097226],[3.77948852,48.53100758],[3.77946304,48.53102484],[3.77941212,48.53106205],[3.77935042,48.53110294],[3.77922041,48.53119555],[3.77929358,48.53119687],[3.77956509,48.53096479]]]]},"properties":{"nature":"Haie","precision":3,"modifiedAt":null}},{"type":"Feature","id":"ZONEVEGE0000002322253383","geometry":{"type":"MultiPolygon","coordinates":[[[[3.76218692,48.53030471],[3.76218827,48.5303047],[3.76221115,48.53029466],[3.76211618,48.53028357],[3.76203602,48.53026699],[3.76202517,48.5301726],[3.76199151,48.53018631],[3.7617885,48.53019751],[3.76175232,48.53022473],[3.7616984,48.53024217],[3.76168285,48.53029085],[3.76171871,48.5303347],[3.76196103,48.53032595],[3.76196101,48.53051127],[3.76196234,48.53050946],[3.76196368,48.53050855],[3.76197302,48.5304986],[3.76197837,48.53049407],[3.76202641,48.53044428],[3.76209405,48.53034579],[3.76215173,48.53030674],[3.76218692,48.53030471]]]]},"properties":{"nature":"Haie","precision":3,"modifiedAt":null}},{"type":"Feature","id":"ZONEVEGE0000002322387467","geometry":{"type":"MultiPolygon","coordinates":[[[[3.81371927,48.52664446],[3.81293415,48.52562336],[3.81285376,48.52550516],[3.8126574,48.52550651],[3.8123222,48.52546292],[3.81189672,48.52536147],[3.81165787,48.52524255],[3.81136486,48.52503674],[3.81126152,48.52492319],[3.81116767,48.52480958],[3.81112153,48.52462817],[3.8111039,48.52453923],[3.81120351,48.52432444],[3.81134426,48.52405539],[3.81137499,48.52394093],[3.81133503,48.52380896],[3.81115117,48.52374274],[3.81095128,48.52369013],[3.81076355,48.52372379],[3.81050791,48.52383259],[3.81024407,48.52384878],[3.8100027,48.52382884],[3.80970749,48.52383085],[3.80950449,48.52392849],[3.80940019,48.52419009],[3.80941826,48.52430782],[3.80945339,48.52447851],[3.80931612,48.52462248],[3.80909134,48.52471308],[3.80895214,48.52473202],[3.80873009,48.52464806],[3.80863168,48.52450209],[3.80843753,48.52447103],[3.80790326,48.52433972],[3.80772936,48.52421585],[3.80749864,48.52392054],[3.80744932,48.52379583],[3.80732034,48.52351153],[3.80724433,48.52341219],[3.80711519,48.52338068],[3.80694907,48.52341059],[3.80678882,48.52355832],[3.80671058,48.5236659],[3.80663666,48.52379145],[3.80635371,48.52388603],[3.8061279,48.52390916],[3.8057489,48.52392252],[3.80558771,48.52392092],[3.80548612,48.52400797],[3.80532575,48.52405943],[3.80514176,48.52407237],[3.80490839,48.52404427],[3.80472398,48.52403022],[3.80457717,48.52408249],[3.8045344,48.52420783],[3.804559,48.52431112],[3.80465331,48.52436716],[3.80493252,48.52446962],[3.80514524,48.52456354],[3.80538487,48.52473465],[3.80538176,48.52479674],[3.80534657,48.52488604],[3.80534734,48.52493642],[3.8054473,48.52500771],[3.80556047,48.52505732],[3.80566349,48.52506292],[3.80576562,48.52501095],[3.8059276,48.52479934],[3.80606474,48.52464637],[3.80613469,48.52452715],[3.80628644,48.52426703],[3.80642404,48.52414375],[3.80645104,48.52413817],[3.80656226,48.52414911],[3.80659067,48.52423528],[3.80646878,48.52441153],[3.80628293,48.52456753],[3.8062133,48.52470744],[3.80614431,48.52480057],[3.80627959,48.52496698],[3.80642035,48.52504879],[3.80653175,48.52524775],[3.80661888,48.52536501],[3.80666606,48.52561479],[3.80662465,48.52574011],[3.80640434,48.52603399],[3.80616966,48.52618581],[3.80582717,48.5262844],[3.80544134,48.52638327],[3.8051314,48.52648523],[3.80483935,48.52669412],[3.80449079,48.527104],[3.80425133,48.52729814],[3.80421894,48.52730556],[3.80376408,48.52740849],[3.80342508,48.527382],[3.80302447,48.52722457],[3.80282862,48.52708285],[3.80281817,48.52693089],[3.80216178,48.52687415],[3.80162194,48.52602495],[3.80139404,48.52591223],[3.8011523,48.5256026],[3.80079145,48.52520919],[3.80066817,48.52520643],[3.8004575,48.52515747],[3.80035127,48.52503044],[3.7997766,48.52544633],[3.79970828,48.52549537],[3.80105839,48.52734579],[3.80156934,48.52736844],[3.80320659,48.52744285],[3.80435857,48.52749083],[3.80705181,48.52762372],[3.80747335,48.52764424],[3.80761432,48.52765138],[3.8072588,48.52602459],[3.80735748,48.52601222],[3.80758643,48.52601606],[3.80774276,48.52605369],[3.80886677,48.52771484],[3.80907009,48.52772515],[3.80910402,48.52772942],[3.8091596,48.52773264],[3.80878087,48.52715046],[3.80789382,48.52592491],[3.80840249,48.52588817],[3.80777351,48.52462038],[3.80773565,48.52444881],[3.80774391,48.52436959],[3.80802912,48.52450979],[3.80824676,48.52457128],[3.80837507,48.52454792],[3.80864015,48.52478812],[3.80944485,48.52576772],[3.80964242,48.52602007],[3.81043789,48.52710139],[3.81058256,48.52743596],[3.81066577,48.52764951],[3.81013105,48.52810566],[3.81034358,48.52827334],[3.81058849,48.52808275],[3.8108593,48.52790278],[3.81113166,48.52782265],[3.81137323,48.52776703],[3.81159874,48.52772321],[3.81196218,48.52757768],[3.81225398,48.52744165],[3.8123145,48.52741425],[3.81235382,48.52732941],[3.81277383,48.52707645],[3.8133837,48.52684017],[3.81361329,48.52670996],[3.81371927,48.52664446]],[[3.81217798,48.52620699],[3.8116121,48.52561081],[3.81188727,48.52562602],[3.81252056,48.52559021],[3.81274602,48.52589364],[3.81341885,48.52674817],[3.81279093,48.52695668],[3.81217798,48.52620699]]]]},"properties":{"nature":"Peupleraie","precision":3,"modifiedAt":null}},{"type":"Feature","id":"ZONEVEGE0000002322387466","geometry":{"type":"MultiPolygon","coordinates":[[[[3.80454435,48.52450374],[3.80417578,48.52449094],[3.80358498,48.52447065],[3.80356519,48.52459313],[3.80355156,48.52476415],[3.80348484,48.52491753],[3.80327389,48.52511598],[3.80313417,48.52518979],[3.80287004,48.52527614],[3.80270143,48.52532046],[3.80254727,48.52533589],[3.80243354,48.52533846],[3.80244528,48.52539776],[3.80240922,48.52551945],[3.80251204,48.52560062],[3.8027435,48.52559186],[3.80295243,48.52552658],[3.80301513,48.52537592],[3.80314433,48.52541103],[3.80348256,48.52547621],[3.80353481,48.52543898],[3.80365268,48.52544178],[3.80383014,48.52544418],[3.80402954,48.52546442],[3.80410117,48.5255431],[3.80424224,48.5256456],[3.80435075,48.52574473],[3.80444415,48.52582956],[3.80463847,48.52587143],[3.80483743,48.52586288],[3.80504587,48.52585427],[3.80521691,48.52579194],[3.80532793,48.52561306],[3.8055381,48.52527608],[3.80563385,48.52516118],[3.80549399,48.52513784],[3.80533203,48.52508586],[3.8052001,48.5249617],[3.80518044,48.52482779],[3.80511054,48.52468523],[3.80494392,48.5245946],[3.80479586,48.52456591],[3.80462066,48.52453381],[3.80454435,48.52450374]]]]},"properties":{"nature":"Peupleraie","precision":3,"modifiedAt":null}},{"type":"Feature","id":"ZONEVEGE0000002322387465","geometry":{"type":"MultiPolygon","coordinates":[[[[3.80729664,48.52909833],[3.80723556,48.52900248],[3.80728865,48.52769948],[3.80700258,48.52768073],[3.80575574,48.52762981],[3.80490453,48.5275879],[3.80519975,48.52917282],[3.80537276,48.52923822],[3.80543105,48.52924143],[3.80550065,48.52927514],[3.80552923,48.52928394],[3.80560038,48.52933114],[3.80562664,48.52936515],[3.80567997,48.52939807],[3.80569379,48.52941597],[3.80573646,48.52946066],[3.80575686,48.52955409],[3.80573962,48.52957759],[3.80575344,48.52959549],[3.80576725,48.52961339],[3.80573776,48.52963338],[3.80572703,48.52963975],[3.80573058,48.5296946],[3.80568604,48.5297048],[3.80569148,48.52979473],[3.80573428,48.52984751],[3.80579792,48.52984618],[3.80587257,48.52976831],[3.80594822,48.5297552],[3.80598707,48.52972705],[3.8060277,48.52972678],[3.80606273,48.52971484],[3.80604041,48.52967271],[3.8060306,48.52965119],[3.80602639,48.52964132],[3.80611554,48.52962542],[3.80615927,48.52956305],[3.80619976,48.52955378],[3.80625779,48.52953989],[3.80638544,48.52947336],[3.80644756,48.52946124],[3.80646828,48.52948719],[3.80648196,48.52949609],[3.8065015,48.52953374],[3.80657759,48.52954942],[3.80661848,48.52956623],[3.80664706,48.52957504],[3.80674405,48.52962836],[3.80679713,48.52964509],[3.80682176,48.52966111],[3.80691942,48.52967035],[3.80695896,48.52968717],[3.80700245,48.52969677],[3.80701613,48.52970568],[3.80709872,48.52970332],[3.80712149,48.52968697],[3.80714992,48.52968588],[3.80716332,48.52967679],[3.8072309,48.52966733],[3.80724401,48.52963936],[3.8072884,48.52961926],[3.80734275,48.52963059],[3.8073774,48.52959347],[3.80741746,48.52955631],[3.80743613,48.52953729],[3.80749011,48.52952433],[3.80750984,48.52948642],[3.80745493,48.52943911],[3.80744643,48.52941488],[3.80743789,48.52938795],[3.80738842,48.5293415],[3.80724596,48.52923811],[3.8072701,48.52913449],[3.80729664,48.52909833]]]]},"properties":{"nature":"Peupleraie","precision":3,"modifiedAt":null}},{"type":"Feature","id":"ZONEVEGE0000002322387463","geometry":{"type":"MultiPolygon","coordinates":[[[[3.80623236,48.52603515],[3.80637939,48.52582004],[3.80648866,48.52561599],[3.80641456,48.52537719],[3.80633727,48.52519509],[3.80605199,48.52505039],[3.80587448,48.52513256],[3.80573163,48.52517851],[3.80544575,48.52561227],[3.80525588,48.52586005],[3.80504132,48.52591098],[3.80478999,48.52594867],[3.80453658,48.52593959],[3.80435293,48.52588685],[3.80424464,48.52580212],[3.80419514,48.52575388],[3.80413602,48.5256958],[3.80404748,48.52557495],[3.80390724,48.52552642],[3.80368678,48.5255459],[3.80364528,48.52557767],[3.80360397,48.52571019],[3.80360497,48.52577496],[3.80368662,48.52588866],[3.80377449,48.52596633],[3.80381907,48.5260479],[3.80377832,48.5262164],[3.80370532,48.52640222],[3.80352436,48.52652489],[3.80338624,48.52661488],[3.80318322,48.52671252],[3.80297253,48.52692805],[3.80300489,48.527007],[3.8031472,48.52710229],[3.8033684,48.52721865],[3.8036976,48.52731268],[3.80397738,48.52727481],[3.80423283,48.52715163],[3.80450424,48.52692129],[3.80476817,48.52664512],[3.80516231,48.52638156],[3.80541885,48.52633034],[3.80597032,48.52616917],[3.80623236,48.52603515]]]]},"properties":{"nature":"Peupleraie","precision":3,"modifiedAt":null}},{"type":"Feature","id":"ZONEVEGE0000002322387462","geometry":{"type":"MultiPolygon","coordinates":[[[[3.80570685,48.53185294],[3.80582577,48.53183505],[3.80631655,48.53159962],[3.80634942,48.5313592],[3.80608404,48.53022028],[3.80605696,48.53022047],[3.80602732,48.53023056],[3.80594633,48.5302491],[3.80587726,48.53024957],[3.80580239,48.53022489],[3.80578407,48.53017914],[3.80567962,48.53016905],[3.80565974,48.53010891],[3.805583,48.53005095],[3.8056027,48.53001124],[3.80560073,48.52997077],[3.80560131,48.52992038],[3.80554524,48.52988568],[3.80554574,48.5298299],[3.80556585,48.52981627],[3.80559534,48.52979628],[3.80555832,48.52976684],[3.80552678,48.52974187],[3.80552751,48.52970138],[3.80552418,48.52966092],[3.80547138,48.52966218],[3.80545742,48.52963528],[3.80543375,48.52959316],[3.80538725,48.52956379],[3.80540036,48.52953581],[3.80539861,48.52950973],[3.80531708,48.52949319],[3.80530343,48.52948609],[3.80534351,48.52944983],[3.80535687,48.52943805],[3.80536877,48.52941907],[3.80533671,48.52935992],[3.80523226,48.52934983],[3.80515216,48.52933778],[3.80513775,48.52936936],[3.80508772,48.5293751],[3.80505663,48.52937891],[3.80500424,48.52940715],[3.80494885,48.52941652],[3.8049152,48.52943024],[3.80486977,48.52947103],[3.80489903,48.52952391],[3.80487238,48.52955288],[3.80484304,48.52958277],[3.80487635,48.52963472],[3.8048888,48.52965173],[3.8048892,48.52967781],[3.80490424,48.52968671],[3.80488015,48.52970576],[3.80482531,48.52975111],[3.80485298,48.52978871],[3.80488715,48.52980917],[3.80490766,48.52982163],[3.80490711,48.52987381],[3.80492366,48.52989349],[3.80492271,48.52991958],[3.80500463,48.52996221],[3.80508608,48.52997425],[3.80502171,48.53001607],[3.80500847,48.53003595],[3.80498857,48.53006308],[3.80502172,48.53010513],[3.80498304,48.53014408],[3.80497196,48.53021612],[3.80494501,48.5302253],[3.80492778,48.53024971],[3.80489276,48.53026254],[3.80485942,48.53029695],[3.80480148,48.53031624],[3.80478485,48.53038022],[3.8047334,48.53038147],[3.8046736,48.53036838],[3.80461151,48.53038229],[3.80457103,48.53039246],[3.80455342,48.53039258],[3.80454867,48.5304358],[3.80443882,48.53042664],[3.80429904,48.5304096],[3.8042664,48.53040082],[3.80418072,48.53037801],[3.80403369,48.53032953],[3.80392922,48.53022948],[3.80392637,48.5302205],[3.80390131,48.53017569],[3.80388693,48.53012181],[3.80385957,48.530104],[3.80383686,48.53003578],[3.80380064,48.52997036],[3.80378212,48.52991111],[3.80374536,48.52989876],[3.8036814,48.5298794],[3.80366008,48.52981387],[3.80362983,48.52978439],[3.80359271,48.52974866],[3.80354097,48.52973101],[3.80348274,48.52973141],[3.80348448,48.52975659],[3.80341693,48.52976784],[3.80339683,48.52978237],[3.80338477,48.52979055],[3.80334989,48.52981237],[3.80333679,48.52984125],[3.8032845,48.52987669],[3.80326876,48.52991008],[3.80322969,48.52992384],[3.80321756,48.52992752],[3.8032245,48.52993827],[3.80323145,48.52994991],[3.80324662,48.5299678],[3.80324676,48.5299768],[3.8032469,48.52998579],[3.80321261,48.5300463],[3.80319187,48.53010761],[3.80314389,48.53015832],[3.80312243,48.53017196],[3.80310233,48.53018649],[3.80305492,48.53018591],[3.80302312,48.530232],[3.80294375,48.53026762],[3.80291721,48.53030379],[3.8029175,48.53032268],[3.80294096,48.53035131],[3.80291996,48.53039463],[3.80292181,48.530427],[3.80291032,48.53047296],[3.80288218,48.53049294],[3.80285592,48.5305471],[3.80286948,48.53054791],[3.80291011,48.53054763],[3.80292364,48.53054664],[3.80291073,48.53058811],[3.80284472,48.53061195],[3.80280524,48.53059872],[3.80273651,48.53062167],[3.80270822,48.53063176],[3.80264186,48.53063221],[3.80261506,48.53065128],[3.80238062,48.53064387],[3.80224817,48.53057369],[3.80223435,48.53055579],[3.80214482,48.5305474],[3.80212411,48.53052145],[3.80210338,48.5304946],[3.80213124,48.53045663],[3.80214053,48.53044397],[3.80212273,48.5304315],[3.8020616,48.53041932],[3.80201921,48.53039351],[3.80199688,48.53035048],[3.80194716,48.53028784],[3.80192727,48.5302268],[3.80189843,48.53020091],[3.80187747,48.53015877],[3.80177355,48.5300947],[3.80171744,48.53005729],[3.8016102,48.53004182],[3.80156959,48.530043],[3.80151541,48.53004336],[3.80150201,48.53005245],[3.8014602,48.53006443],[3.80144961,48.53008069],[3.80139422,48.53009006],[3.801377,48.53011536],[3.80132841,48.53012649],[3.80130768,48.5301878],[3.80124855,48.53021879],[3.80120137,48.5302335],[3.80123436,48.53026476],[3.80127145,48.5302987],[3.80119967,48.53029918],[3.80111868,48.53031772],[3.80110392,48.53032682],[3.80107848,48.53034588],[3.80102309,48.53035525],[3.80098409,48.5303735],[3.80090162,48.53038395],[3.80085169,48.53039599],[3.80076756,48.53038576],[3.80072011,48.53038338],[3.80068319,48.53053746],[3.80119947,48.53055198],[3.80119906,48.53088034],[3.80148888,48.53123193],[3.80199806,48.53113584],[3.80215949,48.53115184],[3.80221504,48.53115327],[3.80223754,48.53111893],[3.80228864,48.5310943],[3.80231696,48.53108601],[3.80235594,48.53106685],[3.80240998,48.53105749],[3.8024582,48.53102208],[3.80249998,48.53100831],[3.80251586,48.53098391],[3.80253048,48.53096582],[3.80253577,48.53095768],[3.80258692,48.53093665],[3.80283599,48.53083781],[3.80309448,48.53073531],[3.80324583,48.53062363],[3.80331145,48.53057461],[3.80333019,48.53056009],[3.80337068,48.53055082],[3.80344056,48.53051436],[3.80351383,48.53052286],[3.8035249,48.53053808],[3.80354564,48.53056583],[3.80359746,48.53058887],[3.80369882,48.53057379],[3.80373538,48.53057354],[3.8041447,48.5319157],[3.80417028,48.53190563],[3.80425956,48.53207415],[3.80429199,48.53206944],[3.80570685,48.53185294]],[[3.80425853,48.53130049],[3.80414013,48.53055731],[3.80426611,48.53055826],[3.80452213,48.53056012],[3.80456142,48.53056076],[3.80457664,48.53058135],[3.80465611,48.53064108],[3.80463086,48.53067274],[3.80462698,48.53068446],[3.80466388,48.5307058],[3.80465297,48.5308777],[3.80462642,48.53091297],[3.80461479,48.53094903],[3.80459372,48.53098876],[3.80460467,48.53108404],[3.80457799,48.53111121],[3.8045588,48.53118421],[3.80458639,48.53121731],[3.80458215,48.5312938],[3.80454895,48.53133721],[3.80456143,48.53144418],[3.8045334,48.53147136],[3.80452131,48.5315659],[3.80449606,48.53159756],[3.80447753,48.53162557],[3.80448676,48.53169748],[3.80446141,48.53172284],[3.80444699,48.53175442],[3.80445802,48.53176694],[3.80447593,48.53178661],[3.80449256,48.53181079],[3.80443244,48.53186517],[3.80437593,48.53188985],[3.80435006,48.53188102],[3.80434711,48.53186575],[3.80434561,48.53185587],[3.80434403,48.53184148],[3.80432312,48.53171478],[3.80428857,48.53149281],[3.8042826,48.53145686],[3.80425853,48.53130049]]]]},"properties":{"nature":"Peupleraie","precision":3,"modifiedAt":null}},{"type":"Feature","id":"ZONEVEGE0000002322385638","geometry":{"type":"MultiPolygon","coordinates":[[[[3.76669325,48.53299256],[3.76665634,48.53296941],[3.76665614,48.53295592],[3.76628377,48.53296461],[3.76624992,48.53296573],[3.76607399,48.53297676],[3.76600761,48.53297629],[3.76597807,48.53299357],[3.76625851,48.53299716],[3.76625765,48.53303135],[3.76647951,48.53301193],[3.76669325,48.53299256]]]]},"properties":{"nature":"Haie","precision":3,"modifiedAt":null}},{"type":"Feature","id":"ZONEVEGE0000002322385521","geometry":{"type":"MultiPolygon","coordinates":[[[[3.76465941,48.53155279],[3.76466267,48.53159055],[3.76436485,48.53160236],[3.76441885,48.53168298],[3.76447191,48.53179149],[3.76452234,48.53190632],[3.76458183,48.5319914],[3.7646044,48.53205333],[3.76462925,48.53208555],[3.76466511,48.5321294],[3.76470029,48.53222004],[3.76472804,48.53226484],[3.76474345,48.53229982],[3.76475725,48.53231773],[3.76477136,48.53235632],[3.76481406,48.53240462],[3.76483403,48.53247377],[3.76492667,48.53260361],[3.76494223,48.53264849],[3.76496997,48.5326933],[3.76499531,48.5327588],[3.7650741,48.53286715],[3.76510346,48.53292993],[3.76520169,48.53297788],[3.76527598,48.53296391],[3.76526224,48.5329505],[3.76523341,48.5329237],[3.76521934,48.53288781],[3.76515549,48.53287562],[3.76518945,48.53278904],[3.76521472,48.53275739],[3.76518718,48.53272608],[3.7651618,48.53265788],[3.76510474,48.53264655],[3.76508932,48.53261066],[3.76502824,48.53260206],[3.76499378,48.5325609],[3.76500702,48.53254012],[3.76504861,48.53251287],[3.76502267,48.53249864],[3.76500475,48.53247717],[3.76498587,48.53239002],[3.76494725,48.53234259],[3.76493305,48.5322977],[3.76491256,48.53228614],[3.76488851,48.53221613],[3.76489169,48.53215493],[3.76484251,48.53212646],[3.76479524,48.5320431],[3.76477835,48.53190647],[3.76482419,48.53189178],[3.76479744,48.53182268],[3.76478339,48.53178769],[3.76476744,48.53171582],[3.7647535,48.53168892],[3.76473225,48.53162519],[3.76468354,48.5316282],[3.76465941,48.53155279]]]]},"properties":{"nature":"Haie","precision":3,"modifiedAt":null}},{"type":"Feature","id":"ZONEVEGE0000002322385490","geometry":{"type":"MultiPolygon","coordinates":[[[[3.76335678,48.53316247],[3.76333053,48.53312665],[3.76330331,48.53311783],[3.76328364,48.53306938],[3.7632604,48.53305513],[3.76327475,48.53301726],[3.7633459,48.53297272],[3.7633028,48.53289653],[3.76328138,48.5328211],[3.76326757,48.53280319],[3.76325177,48.53274122],[3.76322294,48.53271442],[3.76322403,48.53269642],[3.76319655,48.53266961],[3.76317865,48.53255637],[3.76317914,48.53249699],[3.76321806,48.53247246],[3.76323112,48.53243909],[3.76317535,48.53242325],[3.76315868,48.53230101],[3.76311618,48.5322662],[3.76312192,48.53210243],[3.76307118,48.53205958],[3.76305537,48.53199671],[3.76300325,48.53195206],[3.76298622,48.53189909],[3.76295616,48.53188129],[3.76295713,48.5318543],[3.76294208,48.5318445],[3.76294306,48.5318184],[3.76292925,48.5318005],[3.7629137,48.53175562],[3.76289976,48.53172872],[3.76288563,48.53168833],[3.76292471,48.53167458],[3.76293947,48.53166459],[3.76292762,48.53150184],[3.76266634,48.53151161],[3.76268716,48.53182544],[3.76271361,48.53187475],[3.7627293,48.53192863],[3.76276196,48.53193921],[3.76278426,48.53198225],[3.76280093,48.53201093],[3.7628002,48.53205412],[3.76281388,48.53206303],[3.76284142,48.53209434],[3.76280234,48.53210808],[3.76277578,48.53214424],[3.76277795,48.5322009],[3.76281932,48.53225101],[3.76283365,48.5323049],[3.76284881,48.53232279],[3.76286277,48.53235149],[3.76289036,48.5323855],[3.76286823,48.53244771],[3.76291905,48.53249597],[3.76293605,48.53254713],[3.76294999,48.53257403],[3.76296996,48.53273673],[3.76302394,48.53281555],[3.76303936,48.53285144],[3.76307509,48.53288629],[3.76305688,48.53303125],[3.76315407,48.53310169],[3.76316801,48.53312859],[3.76318182,48.5331465],[3.76316494,48.53319698],[3.76320865,48.53322189],[3.76320381,48.53316885],[3.76335678,48.53316247]]]]},"properties":{"nature":"Haie","precision":3,"modifiedAt":null}},{"type":"Feature","id":"ZONEVEGE0000002322385321","geometry":{"type":"MultiPolygon","coordinates":[[[[3.77387777,48.53097676],[3.77385958,48.53102906],[3.77387609,48.5311378],[3.77390258,48.53118891],[3.77392386,48.5313462],[3.77394893,48.53139282],[3.77394046,48.53127772],[3.77387777,48.53097676]]]]},"properties":{"nature":"Haie","precision":3,"modifiedAt":null}},{"type":"Feature","id":"ZONEVEGE0000002322385311","geometry":{"type":"MultiPolygon","coordinates":[[[[3.76821419,48.53001942],[3.76810626,48.53004891],[3.76800808,48.53009632],[3.76794422,48.530175],[3.76793919,48.53020202],[3.76797268,48.53017661],[3.76799948,48.53015665],[3.76803857,48.5301438],[3.76805435,48.53011132],[3.76813252,48.53008472],[3.76821419,48.53001942]]]]},"properties":{"nature":"Haie","precision":3,"modifiedAt":null}},{"type":"Feature","id":"ZONEVEGE0000002322385310","geometry":{"type":"MultiPolygon","coordinates":[[[[3.77662878,48.52988198],[3.77662328,48.52987662],[3.77657459,48.52988144],[3.77651041,48.52993763],[3.77652593,48.52997981],[3.77663711,48.52998718],[3.77668384,48.5299419],[3.77667222,48.5298889],[3.77662878,48.52988198]]]]},"properties":{"nature":"Bois","precision":3,"modifiedAt":null}},{"type":"Feature","id":"ZONEVEGE0000002322385316","geometry":{"type":"MultiPolygon","coordinates":[[[[3.76962893,48.5283127],[3.76943406,48.52832386],[3.76945158,48.52850277],[3.7694857,48.52852054],[3.76950484,48.52853211],[3.76962152,48.52854575],[3.76964873,48.52855457],[3.76968949,48.5285633],[3.76967373,48.52859669],[3.7696616,48.52860037],[3.76968698,48.52876123],[3.76990087,48.52875355],[3.7699345,48.52873804],[3.76996451,48.52875224],[3.76999316,48.52876645],[3.77003675,48.52878326],[3.77012564,48.52874939],[3.77013968,48.52869083],[3.77021961,48.52869211],[3.77026415,48.52868103],[3.77034406,48.52868141],[3.77038319,48.52867126],[3.77044807,48.52866184],[3.77053268,48.52870538],[3.77058698,48.52871402],[3.7706142,48.52872284],[3.77066715,48.52873149],[3.77068097,48.52865763],[3.77059798,48.52863298],[3.77059856,48.5285799],[3.77048873,48.52857162],[3.7704547,48.52856014],[3.77042959,48.52851083],[3.77033319,48.52849436],[3.77031554,48.52849177],[3.7702962,48.52846581],[3.77024289,48.52843287],[3.77019734,48.52837469],[3.77007708,48.5283017],[3.77000227,48.5282797],[3.76998449,48.52826812],[3.76994479,48.52823959],[3.76986039,48.52821044],[3.76983556,48.52827178],[3.76982908,48.52829161],[3.76977463,48.52827307],[3.76970667,48.52825732],[3.7696839,48.52827456],[3.76966782,48.52828636],[3.76967118,48.52833042],[3.76963325,48.52832977],[3.76962893,48.5283127]]]]},"properties":{"nature":"Bois","precision":3,"modifiedAt":null}},{"type":"Feature","id":"ZONEVEGE0000002322385307","geometry":{"type":"MultiPolygon","coordinates":[[[[3.77460828,48.5328405],[3.77455477,48.53288583],[3.77446985,48.53291427],[3.7743945,48.53294805],[3.77434943,48.53301491],[3.77429424,48.53303866],[3.77437202,48.53307684],[3.77441625,48.53304506],[3.77441295,48.5330055],[3.77441399,48.5329839],[3.77441383,48.53297311],[3.77446938,48.53297365],[3.77447879,48.53296909],[3.77454875,48.53293714],[3.7746012,48.53291161],[3.7746007,48.53287743],[3.77460828,48.5328405]]]]},"properties":{"nature":"Haie","precision":3,"modifiedAt":null}},{"type":"Feature","id":"ZONEVEGE0000002322385315","geometry":{"type":"MultiPolygon","coordinates":[[[[3.76916785,48.52928907],[3.76924978,48.52924176],[3.76931348,48.52924494],[3.76937258,48.52921127],[3.76943629,48.52921446],[3.76947664,48.52919531],[3.76953067,48.52918506],[3.76955762,48.52917589],[3.76959812,48.52916663],[3.76962613,48.52913676],[3.76961596,48.52909005],[3.76958895,48.52909562],[3.76954316,48.52911301],[3.76948913,48.52912326],[3.76939486,48.52915985],[3.76925687,48.52917154],[3.76923305,48.52920948],[3.7691558,48.52920638],[3.76911275,48.52922645],[3.76896258,48.52923822],[3.76892388,48.52927715],[3.76896105,48.52931829],[3.76908441,48.52932559],[3.7691409,48.52929824],[3.76916785,48.52928907]]]]},"properties":{"nature":"Haie","precision":3,"modifiedAt":null}},{"type":"Feature","id":"ZONEVEGE0000002322385314","geometry":{"type":"MultiPolygon","coordinates":[[[[3.78077618,48.53297828],[3.78074869,48.53295147],[3.78069569,48.53294012],[3.78067805,48.53284668],[3.78062449,48.53279755],[3.78061811,48.53273282],[3.78064312,48.53268408],[3.78060176,48.53263577],[3.78055607,48.53275122],[3.78059382,48.532921],[3.78071937,48.53298405],[3.78077618,48.53297828]]]]},"properties":{"nature":"Haie","precision":3,"modifiedAt":null}},{"type":"Feature","id":"ZONEVEGE0000002322385303","geometry":{"type":"MultiPolygon","coordinates":[[[[3.78481505,48.52860924],[3.78503178,48.52861051],[3.78507731,48.52857603],[3.78505385,48.52854649],[3.78506712,48.52852841],[3.78508035,48.52850764],[3.78505385,48.52845653],[3.78507237,48.52842672],[3.78511863,48.52834995],[3.78519715,48.52825767],[3.78525113,48.52815386],[3.78524798,48.52812419],[3.78524288,48.52805496],[3.7851832,48.52795909],[3.78514361,48.5278478],[3.78518452,48.52777556],[3.78529438,48.52769567],[3.78543006,48.527621],[3.78546993,48.52757036],[3.78545509,48.52757406],[3.78537989,48.52761684],[3.78532706,48.52761629],[3.78527318,48.52763643],[3.78520428,48.52764768],[3.7850781,48.52772409],[3.7850584,48.5277647],[3.78503307,48.52779185],[3.78501847,48.52781174],[3.78498215,48.52791904],[3.78500949,48.52793595],[3.78503041,48.52797629],[3.78505405,48.52801752],[3.78509369,48.52804155],[3.78511101,48.5281125],[3.78509641,48.52813239],[3.78508327,48.52815947],[3.78504319,48.52819661],[3.78503154,48.52823268],[3.78499419,48.52827071],[3.78495525,48.52838431],[3.7849369,48.52842492],[3.78487759,48.5284442],[3.78486415,48.52854145],[3.78483759,48.52857671],[3.78481505,48.52860924]]]]},"properties":{"nature":"Haie","precision":3,"modifiedAt":null}},{"type":"Feature","id":"ZONEVEGE0000002322385302","geometry":{"type":"MultiPolygon","coordinates":[[[[3.78105179,48.52965599],[3.78097727,48.52965468],[3.781021,48.52968048],[3.78096708,48.52969793],[3.78097184,48.52974468],[3.78090754,48.52979278],[3.78086449,48.52981196],[3.78085141,48.52984353],[3.7807585,48.52988012],[3.78066878,48.52994908],[3.78063912,48.52995827],[3.78060696,48.52998188],[3.78054793,48.53002005],[3.78053334,48.53004083],[3.78048504,48.53007174],[3.78043948,48.53010442],[3.78042607,48.53011351],[3.78037919,48.5301489],[3.78034684,48.53015991],[3.7803011,48.5301809],[3.78028477,48.53017561],[3.78028023,48.53032587],[3.78035723,48.53031187],[3.78037716,48.53028565],[3.78040619,48.53023419],[3.78045874,48.53021585],[3.78043804,48.5301899],[3.78049607,48.53017602],[3.78052181,48.53017585],[3.78053657,48.53016676],[3.78054985,48.53014868],[3.78057532,48.53013142],[3.78058857,48.53011154],[3.78060714,48.53008533],[3.7806693,48.53007503],[3.78068271,48.53006594],[3.78070954,48.53004867],[3.7807228,48.53002969],[3.78073471,48.53001072],[3.7807342,48.52997654],[3.78076099,48.52995657],[3.78082601,48.52995705],[3.78086907,48.52993787],[3.78088099,48.5299198],[3.78093488,48.52990056],[3.78093455,48.52987807],[3.78098306,48.52986156],[3.78100166,48.52983714],[3.78100153,48.52982815],[3.78105148,48.52981703],[3.78107902,48.52975657],[3.7811231,48.5297149],[3.78110514,48.52969163],[3.78105179,48.52965599]]]]},"properties":{"nature":"Haie","precision":3,"modifiedAt":null}},{"type":"Feature","id":"ZONEVEGE0000002322385300","geometry":{"type":"MultiPolygon","coordinates":[[[[3.76849031,48.52852788],[3.76848178,48.52850004],[3.76844233,48.5284886],[3.76841906,48.52847166],[3.76838776,48.52846197],[3.76834005,48.52844069],[3.76826563,48.52844567],[3.76823277,48.52842159],[3.76815514,48.5283924],[3.76810198,48.52836936],[3.76804628,48.52835802],[3.76800552,48.52834929],[3.76793769,48.52834163],[3.76787902,48.52831232],[3.7678287,48.52829825],[3.76771808,48.52823599],[3.7676732,48.52822369],[3.76764526,48.52816539],[3.76760747,48.52817464],[3.76758187,48.5281838],[3.76754143,48.52819665],[3.76756789,48.52824596],[3.76760485,48.52827271],[3.76765239,48.5282823],[3.76761647,48.52832661],[3.76766672,48.52833618],[3.76768507,48.52838644],[3.76777069,48.52840658],[3.76782666,48.52834415],[3.76787401,48.52834024],[3.76792454,48.5283687],[3.76795189,48.52838652],[3.76797139,48.52842328],[3.76800425,48.52844735],[3.76803554,48.52845705],[3.76804922,48.52846596],[3.76809929,48.52846293],[3.76814427,48.52848243],[3.76818774,48.52849115],[3.76823018,48.52852236],[3.76827511,48.52853826],[3.76840398,48.52855183],[3.76844434,48.52853357],[3.76849031,48.52852788]]]]},"properties":{"nature":"Haie","precision":3,"modifiedAt":null}},{"type":"Feature","id":"ZONEVEGE0000002322385297","geometry":{"type":"MultiPolygon","coordinates":[[[[3.76962893,48.5283127],[3.76961472,48.52826691],[3.76957261,48.52825909],[3.76953567,48.52823324],[3.76950437,48.52822355],[3.76947715,48.52821473],[3.7694269,48.52820515],[3.76938243,48.52822074],[3.76930137,48.52823475],[3.76926089,48.52824491],[3.7691995,48.52821472],[3.7691694,48.52819423],[3.76912495,48.52821071],[3.76902622,48.52822034],[3.76898242,48.52818914],[3.76893239,48.52819486],[3.7688327,48.52823149],[3.76881559,48.52826579],[3.76889701,48.52827605],[3.76892302,48.52829478],[3.76895171,48.52831169],[3.76899001,48.52833753],[3.76911482,48.52835111],[3.769148,48.52839768],[3.7692118,48.52840716],[3.76931773,48.52842627],[3.76933862,48.52846571],[3.76931602,48.52849465],[3.76945158,48.52850277],[3.76943406,48.52832386],[3.76962893,48.5283127]]]]},"properties":{"nature":"Haie","precision":3,"modifiedAt":null}},{"type":"Feature","id":"ZONEVEGE0000002322385294","geometry":{"type":"MultiPolygon","coordinates":[[[[3.77070668,48.52874833],[3.77069023,48.52873494],[3.77067141,48.52874496],[3.77068271,48.52877637],[3.7706992,48.52879246],[3.77071046,48.52882117],[3.77075565,48.52885506],[3.77077647,48.52888912],[3.77083756,48.52889861],[3.77090445,48.52893417],[3.77099666,48.52894166],[3.77098639,48.52888775],[3.77093474,48.52887549],[3.77084869,48.52882657],[3.77078488,48.52881619],[3.77079502,48.52876935],[3.77077993,48.52875595],[3.77070668,48.52874833]]]]},"properties":{"nature":"Bois","precision":3,"modifiedAt":null}},{"type":"Feature","id":"ZONEVEGE0000002322385293","geometry":{"type":"MultiPolygon","coordinates":[[[[3.76864515,48.53290079],[3.76869931,48.53289954],[3.76871846,48.53291201],[3.76878505,48.53292688],[3.76883965,48.53286355],[3.76891044,48.53288738],[3.76899603,48.53290482],[3.76908997,48.53284484],[3.76906343,48.53279013],[3.76904701,48.53277854],[3.76897931,48.53278078],[3.76899882,48.53272578],[3.76904621,48.53272457],[3.7691177,48.53279608],[3.76921792,48.53279543],[3.76924032,48.5327521],[3.76921923,48.53270006],[3.76920516,48.53266417],[3.76911534,48.53263506],[3.76903676,48.53263377],[3.76898938,48.53263588],[3.76889727,48.53263558],[3.76886775,48.53265466],[3.76884229,48.53267371],[3.76880179,48.53268297],[3.76876142,48.53270123],[3.76872092,48.53271048],[3.76864277,48.53273888],[3.76857521,48.53275011],[3.76851199,48.5327802],[3.76842552,48.53279516],[3.76839856,48.53280433],[3.76834453,48.53281457],[3.76830403,48.53282383],[3.76823644,48.53283326],[3.7682139,48.53286669],[3.76814366,48.53287974],[3.76808557,48.53289001],[3.76800647,48.5329463],[3.76816514,48.53295877],[3.76815966,48.53313963],[3.76821741,48.53310597],[3.76829032,48.5330902],[3.76840443,48.5330202],[3.76848545,48.53300258],[3.76864515,48.53290079]]]]},"properties":{"nature":"Haie","precision":3,"modifiedAt":null}},{"type":"Feature","id":"ZONEVEGE0000002322385292","geometry":{"type":"MultiPolygon","coordinates":[[[[3.7698995,48.52976742],[3.76996761,48.52970131],[3.76980408,48.529634],[3.76965202,48.52960889],[3.76953569,48.52961954],[3.76941862,48.52967158],[3.76939613,48.52970861],[3.76940101,48.52976435],[3.76944805,48.52973886],[3.76950655,48.52975647],[3.76950493,48.52973849],[3.76950462,48.5297178],[3.76954444,48.52966177],[3.76965967,48.52966912],[3.76968038,48.52969597],[3.76965381,48.52973123],[3.76968006,48.52976615],[3.76970879,48.52978575],[3.76972759,48.52977483],[3.76969422,48.52971568],[3.7697848,48.52970429],[3.76985709,48.52973891],[3.7698995,48.52976742]]]]},"properties":{"nature":"Haie","precision":3,"modifiedAt":null}},{"type":"Feature","id":"ZONEVEGE0000002322385289","geometry":{"type":"MultiPolygon","coordinates":[[[[3.76831451,48.52826903],[3.76835048,48.52822831],[3.76839641,48.52821992],[3.76841919,48.52820358],[3.76837841,48.52819304],[3.76836741,48.52818232],[3.76831311,48.52817368],[3.76827746,48.52814422],[3.76826939,48.52814787],[3.76822072,48.52815358],[3.76820467,48.52816808],[3.76817499,48.52817547],[3.76816607,48.52821421],[3.76813638,48.5282216],[3.76810811,48.52823347],[3.76808479,48.52821293],[3.76801003,48.52819453],[3.76797662,48.52822533],[3.76795491,48.52822277],[3.76796357,48.5282596],[3.76805849,48.52826708],[3.76808309,48.52828222],[3.76805249,48.5283193],[3.76809205,48.52833883],[3.76815583,48.52834742],[3.76819261,48.52836157],[3.7682077,48.52837497],[3.76822677,48.52838204],[3.76824791,48.52834592],[3.76830169,48.52831859],[3.76831451,48.52826903]]]]},"properties":{"nature":"Bois","precision":3,"modifiedAt":null}},{"type":"Feature","id":"ZONEVEGE0000002322385288","geometry":{"type":"MultiPolygon","coordinates":[[[[3.76948986,48.52815797],[3.76941745,48.52811525],[3.76932513,48.52809966],[3.76922884,48.52809129],[3.7692299,48.52807149],[3.76917251,48.52803677],[3.76912386,48.52804429],[3.76909487,48.52809935],[3.76913568,48.52811168],[3.76914935,48.52811969],[3.76921973,48.52811653],[3.76921898,48.52815792],[3.76932454,48.52815184],[3.76944414,48.52817985],[3.76948986,48.52815797]]]]},"properties":{"nature":"Haie","precision":3,"modifiedAt":null}},{"type":"Feature","id":"ZONEVEGE0000002322385266","geometry":{"type":"MultiPolygon","coordinates":[[[[3.76888572,48.52935386],[3.76885262,48.5293136],[3.76876033,48.5293007],[3.76865338,48.52930409],[3.76862793,48.52932315],[3.76854665,48.52932277],[3.7685063,48.52934192],[3.76842389,48.52935595],[3.76835788,48.52938067],[3.76836017,48.52944453],[3.76846481,48.52946814],[3.76856966,48.52941348],[3.768644,48.52940311],[3.76869492,48.52936589],[3.76888572,48.52935386]]]]},"properties":{"nature":"Bois","precision":3,"modifiedAt":null}},{"type":"Feature","id":"ZONEVEGE0000002322385277","geometry":{"type":"MultiPolygon","coordinates":[[[[3.7783659,48.53193704],[3.7783649,48.53186957],[3.77827033,48.53188638],[3.77830348,48.53192935],[3.77822885,48.53192084],[3.77819074,48.53190849],[3.77812911,48.53195388],[3.77809558,48.53197659],[3.77801114,48.53203652],[3.77793603,48.53208649],[3.7779092,48.53210465],[3.7778933,48.53212815],[3.77776319,48.53221446],[3.77773772,48.53223262],[3.77768929,48.53225453],[3.7775755,48.53234523],[3.77753123,48.53237431],[3.7774977,48.53239702],[3.77746132,48.53240985],[3.77744543,48.53243425],[3.77738488,48.53246163],[3.77736364,48.53249056],[3.77732473,48.532516],[3.77718277,48.53262488],[3.77715312,48.53263497],[3.77712096,48.53265857],[3.77698001,48.53274496],[3.77696673,48.53276304],[3.77693979,48.53277311],[3.77692386,48.5327948],[3.7768474,48.53284568],[3.77679538,48.5329],[3.77672659,48.53291934],[3.77668983,48.53290698],[3.77664708,48.53294685],[3.77664896,48.53298282],[3.7766342,48.53299191],[3.7766208,48.53300189],[3.77659371,48.53300207],[3.77656546,48.53301485],[3.77655015,48.53307882],[3.77645427,48.53309834],[3.77642732,48.53310841],[3.77634414,48.53316203],[3.77632822,48.53318463],[3.77628663,48.53321189],[3.77624912,48.53324002],[3.77622216,48.53324919],[3.77616861,48.53329182],[3.77622485,48.53333913],[3.77623866,48.53335704],[3.77628377,48.53338463],[3.77633959,48.53340406],[3.7764437,48.53339078],[3.77650567,48.53336789],[3.77652104,48.53330841],[3.77656114,48.53327217],[3.77657442,48.53325409],[3.776589,48.5332324],[3.77664805,48.53319513],[3.7766802,48.53317153],[3.77674743,48.53313781],[3.77680683,48.53312393],[3.77684682,48.53308048],[3.77691704,48.53306563],[3.77693645,48.53300433],[3.77705351,48.53295139],[3.77707053,48.53291169],[3.77722189,48.53279735],[3.77725425,48.53278724],[3.77727837,48.53276909],[3.77738168,48.53270275],[3.77739743,48.53266846],[3.77743499,48.53264392],[3.77749034,48.53263097],[3.77751863,48.53262089],[3.77756639,48.5325531],[3.77770209,48.53247845],[3.77771655,48.53244867],[3.77774856,48.53241517],[3.77781583,48.53238414],[3.77783573,48.53235613],[3.77788671,48.53232341],[3.77790131,48.53230262],[3.77791857,48.53227912],[3.77807683,48.53226459],[3.77811456,48.53225175],[3.77812909,48.53222646],[3.77803752,48.53217128],[3.77807375,48.53214856],[3.77808816,48.53211518],[3.77812589,48.53210234],[3.77813917,48.53208426],[3.77815514,48.53206526],[3.7782096,48.5320838],[3.77826376,48.53208254],[3.77829953,48.53202833],[3.77831696,48.53201652],[3.77831187,48.53194728],[3.77831172,48.53193739],[3.7783659,48.53193704]]]]},"properties":{"nature":"Haie","precision":3,"modifiedAt":null}},{"type":"Feature","id":"ZONEVEGE0000002322385276","geometry":{"type":"MultiPolygon","coordinates":[[[[3.76939613,48.52970861],[3.76941862,48.52967158],[3.76953569,48.52961954],[3.76965202,48.52960889],[3.76980408,48.529634],[3.76996761,48.52970131],[3.76998229,48.52968682],[3.7700828,48.5296133],[3.77003917,48.52959379],[3.7699483,48.52958539],[3.76989249,48.52956685],[3.7698126,48.52956827],[3.76978539,48.52956035],[3.76967692,48.52955206],[3.76962259,48.52954161],[3.76951441,48.52955401],[3.76940621,48.52956461],[3.76932561,48.52961011],[3.76928923,48.52962294],[3.76926935,48.52965275],[3.76923297,48.52966558],[3.76914103,48.52967697],[3.76912808,48.52971754],[3.76939613,48.52970861]]]]},"properties":{"nature":"Haie","precision":3,"modifiedAt":null}},{"type":"Feature","id":"ZONEVEGE0000002322385275","geometry":{"type":"MultiPolygon","coordinates":[[[[3.77296332,48.53307881],[3.77266819,48.53308972],[3.77266461,48.53303037],[3.77265788,48.53294135],[3.77260483,48.5329264],[3.77248955,48.53291636],[3.77246097,48.53290755],[3.77238108,48.53290897],[3.77235386,48.53290015],[3.77232665,48.53289223],[3.77227208,48.53286559],[3.77223806,48.53285502],[3.77219821,48.53281659],[3.77212029,48.53276852],[3.77207357,48.53272294],[3.7719161,48.53269968],[3.77187385,48.53268196],[3.77183295,48.53266423],[3.77177851,48.53264659],[3.77174994,48.53263778],[3.7716706,48.53258522],[3.77162875,48.53259449],[3.77156144,48.53262281],[3.77150739,48.53263216],[3.77138457,48.53266174],[3.77125181,48.53266081],[3.77122217,48.53267179],[3.7711707,48.53267213],[3.77114105,48.53268222],[3.77109144,48.53271672],[3.7710389,48.53273596],[3.77077621,48.53274216],[3.77077826,48.53278982],[3.77078804,48.53290221],[3.77082433,48.53288308],[3.77084994,48.53287392],[3.77087689,48.53286475],[3.77100402,48.53285133],[3.77103752,48.53282683],[3.77109169,48.53282557],[3.77112026,48.53283439],[3.771158,48.53282155],[3.77118148,48.53285198],[3.77123543,48.53283634],[3.77125556,48.53282361],[3.77127282,48.53280011],[3.77129606,48.53281435],[3.77131931,48.5328295],[3.77138667,48.53280477],[3.77148011,48.53280326],[3.77163463,48.53281036],[3.77168921,48.53283699],[3.77178962,48.53284893],[3.77181149,48.53286229],[3.77181885,48.53290272],[3.77197602,48.5329053],[3.77205262,48.53295608],[3.77207214,48.53299374],[3.77208581,48.53300264],[3.77209977,48.53303044],[3.77214213,48.53305535],[3.77215607,48.53308225],[3.77221331,48.53310617],[3.77230519,48.53309028],[3.77231872,48.53308929],[3.77231801,48.53313338],[3.77244547,48.53314245],[3.77253484,48.53314007],[3.7725771,48.53315868],[3.77264223,48.53316636],[3.77265794,48.53312937],[3.77271213,48.53312992],[3.77273909,48.53312075],[3.77278228,48.53311057],[3.77288117,48.53311083],[3.77294346,48.53310952],[3.77296332,48.53307881]]]]},"properties":{"nature":"Haie","precision":3,"modifiedAt":null}},{"type":"Feature","id":"ZONEVEGE0000002322385273","geometry":{"type":"MultiPolygon","coordinates":[[[[3.76989376,48.52909995],[3.76992206,48.52908987],[3.76998712,48.52909304],[3.77010063,48.52907522],[3.770137,48.52906149],[3.77021811,48.52905107],[3.77032757,48.52903416],[3.77041897,48.52898589],[3.77051899,48.52897175],[3.77067387,48.52891227],[3.77069109,48.52888607],[3.77065268,48.52885303],[3.77061889,48.52885775],[3.77057853,48.528876],[3.77052449,48.52888535],[3.77046236,48.52889745],[3.77042107,48.5289445],[3.77035046,48.52893236],[3.77031664,48.52893528],[3.77028275,48.5289337],[3.77024226,48.52894296],[3.77018555,48.52895502],[3.7701197,48.52899053],[3.77002754,48.52898663],[3.76993444,48.52901062],[3.7698793,48.52903707],[3.76975755,48.52904775],[3.76969042,48.52908777],[3.76973447,48.52913606],[3.76979964,48.52914644],[3.76986681,48.52910912],[3.76989376,48.52909995]]]]},"properties":{"nature":"Haie","precision":3,"modifiedAt":null}},{"type":"Feature","id":"ZONEVEGE0000002322385272","geometry":{"type":"MultiPolygon","coordinates":[[[[3.7841985,48.52795569],[3.78419632,48.52790083],[3.78392013,48.52790805],[3.78388391,48.52793168],[3.7838464,48.52795892],[3.78379141,48.52799526],[3.78373914,48.52803249],[3.78371355,48.52804166],[3.7836842,48.52807154],[3.78361984,48.52811514],[3.7835354,48.52817508],[3.78343349,48.52824322],[3.78341741,48.52825502],[3.78325267,48.52837935],[3.78318158,48.5284257],[3.78316817,48.52843479],[3.78314405,48.52845204],[3.78310264,48.52849099],[3.78313437,48.52852947],[3.78319625,48.52850117],[3.78321053,48.5284597],[3.78323873,48.52844332],[3.7832918,48.52846006],[3.78331726,48.5284419],[3.78333067,48.52843281],[3.78336552,48.5284083],[3.7833839,48.52836949],[3.78341763,48.52836027],[3.7834289,48.52838989],[3.78343875,48.52841411],[3.78353773,48.52842155],[3.78358784,48.52842122],[3.78360288,48.52843102],[3.78361654,48.52843813],[3.78364349,48.52842895],[3.78371355,48.5284042],[3.7838993,48.52841737],[3.78397987,48.52837096],[3.78401901,48.52836171],[3.78406617,48.5283452],[3.78410121,48.52833328],[3.78417867,48.52835076],[3.78419768,48.52835423],[3.78419622,48.52834704],[3.78419384,48.52827869],[3.78420036,48.52826155],[3.78420563,48.52825162],[3.78421861,48.52821375],[3.78420034,48.52816979],[3.78418771,48.52814019],[3.78418764,48.52804483],[3.78418536,48.52798277],[3.7841985,48.52795569]]]]},"properties":{"nature":"Bois","precision":3,"modifiedAt":null}},{"type":"Feature","id":"ZONEVEGE0000002322385269","geometry":{"type":"MultiPolygon","coordinates":[[[[3.76849031,48.52852788],[3.76842615,48.52858587],[3.76836405,48.52859976],[3.76839709,48.52863643],[3.76849481,48.5286502],[3.76851551,48.52867615],[3.76853486,48.52870301],[3.76856179,48.52869204],[3.76859663,48.52866663],[3.76862346,48.52864846],[3.76860802,48.52861168],[3.76858068,48.52859476],[3.7685991,48.52855776],[3.76853954,48.52855995],[3.76852572,48.52854114],[3.76849031,48.52852788]]]]},"properties":{"nature":"Bois","precision":3,"modifiedAt":null}},{"type":"Feature","id":"ZONEVEGE0000002322385261","geometry":{"type":"MultiPolygon","coordinates":[[[[3.77078804,48.53290221],[3.77077826,48.53278982],[3.77077621,48.53274216],[3.77072458,48.5327317],[3.7706783,48.5327158],[3.77057522,48.53270658],[3.770548,48.53269776],[3.77049369,48.53268911],[3.77041758,48.53267161],[3.77028163,48.53263831],[3.77020863,48.53264778],[3.77019535,48.53266586],[3.77016878,48.53270111],[3.77018247,48.53271092],[3.77023681,48.53272226],[3.77020846,48.53272874],[3.77014887,48.53272913],[3.76997148,48.53273298],[3.76992502,48.53270539],[3.76991135,48.53269648],[3.76978933,48.53268918],[3.76972682,48.53267519],[3.76957485,48.53265728],[3.76955857,48.53265559],[3.76945675,48.53264005],[3.76934431,48.53263898],[3.76924719,48.5326666],[3.76926261,48.53270248],[3.76927904,48.53271407],[3.7692779,48.53282113],[3.7693131,48.53282],[3.76936189,48.53282149],[3.76938786,48.53283751],[3.76940474,48.53288058],[3.76944322,48.53291812],[3.76947756,48.53295028],[3.76956778,48.53300637],[3.76959538,48.53304128],[3.76973231,48.53304939],[3.76975953,48.53305821],[3.76978783,48.53304813],[3.76982711,48.53304788],[3.76990429,48.53304648],[3.76989642,48.53306362],[3.77012804,48.53306302],[3.77016446,48.53305289],[3.77023205,48.53304346],[3.77028459,48.53302422],[3.77034026,48.53303286],[3.77036489,48.53304979],[3.77042204,48.53306741],[3.77043388,48.53304395],[3.77043914,48.53303312],[3.77055263,48.53301349],[3.77067079,48.53294255],[3.77074774,48.53292496],[3.77078804,48.53290221]]]]},"properties":{"nature":"Bois","precision":3,"modifiedAt":null}},{"type":"Feature","id":"ZONEVEGE0000002322385260","geometry":{"type":"MultiPolygon","coordinates":[[[[3.78390703,48.52984051],[3.78381531,48.52977544],[3.783595,48.52962576],[3.78355248,48.52959006],[3.78334584,48.52944838],[3.78302413,48.5292193],[3.78296184,48.52922061],[3.78291958,48.529202],[3.78286652,48.52918615],[3.78286338,48.52915738],[3.78288994,48.52912212],[3.78284918,48.5291134],[3.78282196,48.52910458],[3.78275411,48.52909603],[3.78276725,48.52906896],[3.78273446,48.52905028],[3.78276994,48.52897718],[3.78274375,48.52894676],[3.78278948,48.52892487],[3.78280288,48.52891579],[3.78282984,48.52890661],[3.78284311,48.52888853],[3.78287006,48.52887936],[3.78288347,48.52887028],[3.78293039,48.52883758],[3.78293281,48.52881867],[3.78293456,48.52875389],[3.78291661,48.52873152],[3.78285526,48.52870403],[3.78280969,48.52873672],[3.78272166,48.5287373],[3.78249115,48.52890165],[3.7824174,48.52895161],[3.7822807,48.52904877],[3.78218683,48.52911146],[3.78214549,48.52915491],[3.78201416,48.52924934],[3.78193904,48.52929841],[3.78186132,48.5293547],[3.78173525,48.52943829],[3.78201163,48.52944277],[3.78202887,48.52960009],[3.78208804,48.52957181],[3.78218533,48.52955588],[3.78214773,48.52948686],[3.78222322,48.52946297],[3.78221869,48.52943151],[3.78231574,48.52940029],[3.78229379,48.52938154],[3.78225434,48.5293701],[3.78222405,48.52933702],[3.78225938,48.52934488],[3.78228812,48.52936448],[3.78236786,48.52935316],[3.78238214,48.52931169],[3.78245597,48.52926712],[3.78247336,48.52925261],[3.78252323,48.52923609],[3.7824861,48.52919855],[3.78244648,48.52917542],[3.78249911,48.52916248],[3.78251936,48.52915785],[3.78253333,48.52918655],[3.78261204,48.52919682],[3.78267502,48.52924229],[3.78271875,48.52926809],[3.78273831,48.52930844],[3.78278739,48.52932971],[3.78283747,48.52932758],[3.78286878,48.52933817],[3.78290959,48.5293496],[3.78289626,48.52936408],[3.78278943,48.52937558],[3.78281035,48.52941592],[3.78285807,48.5294372],[3.78293137,48.52944751],[3.78296423,48.52947159],[3.78307548,48.52948345],[3.7830515,48.52951059],[3.78299624,48.52952895],[3.78310164,48.52960292],[3.78314785,48.52961341],[3.78327527,48.52962067],[3.78325672,48.52964778],[3.78322707,48.52965787],[3.78320295,48.52967513],[3.7831694,48.52969604],[3.7831913,48.52971119],[3.78324409,48.52970904],[3.78327061,48.52976194],[3.78329254,48.52977889],[3.78334033,48.52980466],[3.7834595,48.52989384],[3.7835091,48.52995019],[3.783534,48.52998511],[3.78356804,48.52999658],[3.78362081,48.52999353],[3.78363728,48.53000782],[3.78362796,48.52983695],[3.78390703,48.52984051]]]]},"properties":{"nature":"Haie","precision":3,"modifiedAt":null}},{"type":"Feature","id":"ZONEVEGE0000002322385258","geometry":{"type":"MultiPolygon","coordinates":[[[[3.7803573,48.52913338],[3.78035989,48.52921613],[3.78038036,48.52922679],[3.78039816,48.52923927],[3.78042279,48.5292562],[3.78048155,48.5292909],[3.78059933,48.52937828],[3.78062836,48.52941768],[3.78071992,48.52947195],[3.7807201,48.52948455],[3.78079369,48.52951465],[3.78081713,48.52954238],[3.78083094,48.52956028],[3.78090201,48.529603],[3.78097727,48.52965468],[3.78105179,48.52965599],[3.78108526,48.52962968],[3.78113279,48.52963837],[3.78116151,48.52965707],[3.78119299,48.52967845],[3.78122113,48.52965848],[3.78133637,48.52957496],[3.78139836,48.52955386],[3.78141299,48.52953577],[3.7814249,48.5295168],[3.78143832,48.52950861],[3.78149728,48.52946594],[3.78155899,48.52942596],[3.78158831,48.52939428],[3.78170366,48.52931795],[3.78171807,48.52928547],[3.78187513,48.52919088],[3.78196894,48.52912369],[3.78200533,48.52911175],[3.78202258,48.52908735],[3.78215133,48.52900194],[3.78216858,48.52897754],[3.78219566,48.52897736],[3.78220907,48.52896827],[3.7822495,48.52895451],[3.78224754,48.52891404],[3.7823139,48.52891361],[3.78232865,48.52890361],[3.78234296,48.52886394],[3.78240618,48.52883473],[3.78242062,48.52880405],[3.78246644,48.52878846],[3.78248765,48.52875773],[3.78253752,48.52874121],[3.78259384,48.52870305],[3.78260698,48.52867598],[3.7826501,48.5286613],[3.78278019,48.52857498],[3.78279722,48.52853619],[3.7828727,48.5285114],[3.7828995,48.52849233],[3.78292632,48.52847416],[3.78294356,48.52844976],[3.78300419,48.52842867],[3.78323198,48.52826344],[3.78324524,48.52824446],[3.78330559,48.52820448],[3.78335115,48.52817179],[3.78336456,48.52816271],[3.78337797,48.52815362],[3.78339808,48.52814],[3.78343024,48.52811639],[3.78346913,48.52809095],[3.78348374,48.52807106],[3.78357754,48.52800387],[3.78365153,48.5279701],[3.78368248,48.5279564],[3.7836967,48.52791132],[3.78373577,48.52789757],[3.78375473,48.52789745],[3.78378941,48.52786123],[3.78385936,48.52782929],[3.7838819,48.52779675],[3.78393592,48.5277865],[3.78394907,48.52776032],[3.78408299,48.52765868],[3.78411348,48.5276144],[3.78417402,48.52758701],[3.78420082,48.52756794],[3.78422764,48.52754978],[3.78429319,48.52749537],[3.7843066,48.52748628],[3.78432001,48.5274772],[3.78433342,48.52746811],[3.78439237,48.52742544],[3.78445272,48.52738546],[3.78446613,48.52737638],[3.78448624,48.52736275],[3.78462693,48.52726106],[3.78467948,48.52724272],[3.78470398,48.52725066],[3.78476564,48.52720797],[3.78477164,48.52715665],[3.78479731,48.52715198],[3.78482568,48.5271473],[3.78484405,48.52710759],[3.78486415,48.52709307],[3.7848411,48.52709142],[3.78475025,48.52708482],[3.78472721,48.52708318],[3.78455948,48.52709778],[3.78440676,48.52711948],[3.78413788,48.52716263],[3.78376786,48.52723524],[3.78348614,48.52732526],[3.7832754,48.52736174],[3.78307597,48.52733966],[3.78288576,48.52729953],[3.78270722,48.527316],[3.78255775,48.52737366],[3.78244387,48.52745717],[3.7824342,48.5275355],[3.78243056,48.52756342],[3.782482,48.52765304],[3.78256324,48.52774157],[3.7825931,48.52783673],[3.7825771,48.52785393],[3.7824357,48.5279988],[3.78243316,48.52801051],[3.78241171,48.5281159],[3.7824742,48.52830981],[3.78246928,48.52834313],[3.78246208,48.52840525],[3.78241964,48.5284658],[3.78239708,48.52849744],[3.78235949,48.52851928],[3.7822695,48.52857025],[3.78213113,48.52855586],[3.78200142,48.52848565],[3.78189447,48.52839819],[3.78181595,48.52830964],[3.78177847,48.52824872],[3.78171289,48.52802874],[3.78166122,48.52792473],[3.78156656,48.52784348],[3.78150791,48.52772512],[3.78149997,48.5276469],[3.78149826,48.52762263],[3.7815129,48.52751458],[3.78151679,48.52741199],[3.78150118,48.52736442],[3.78147993,48.52730158],[3.7813972,48.52720317],[3.78124378,48.52717809],[3.78107456,48.5271837],[3.7808934,48.52720558],[3.78073943,48.52723448],[3.78058719,48.52728856],[3.78047053,48.52736759],[3.78040424,48.52746338],[3.78038279,48.52756968],[3.78038724,48.5276866],[3.78041193,48.52779799],[3.78042033,48.52790769],[3.78036069,48.52799534],[3.78015051,48.52816135],[3.78011558,48.52827133],[3.78018739,48.52836442],[3.78032499,48.5284184],[3.78046709,48.52841027],[3.7806017,48.52835451],[3.78073962,48.52833921],[3.78089174,48.5283679],[3.78100383,48.52843643],[3.78106106,48.5285503],[3.78106285,48.52867084],[3.78102508,48.52877185],[3.78091959,48.5288733],[3.78079068,48.52894881],[3.78051632,48.52907926],[3.7803573,48.52913338]]]]},"properties":{"nature":"Peupleraie","precision":3,"modifiedAt":null}},{"type":"Feature","id":"ZONEVEGE0000002322385257","geometry":{"type":"MultiPolygon","coordinates":[[[[3.78392013,48.52790805],[3.78419632,48.52790083],[3.7841985,48.52795569],[3.78421277,48.52791422],[3.78421084,48.52787555],[3.78427096,48.52782027],[3.78433039,48.52780909],[3.78438076,48.52773589],[3.78440893,48.52771771],[3.78446149,48.52770027],[3.78448977,48.52768929],[3.78451497,48.52765313],[3.7846008,48.52759679],[3.78465874,48.52757662],[3.78473088,48.52750957],[3.7848132,48.52749013],[3.78483577,48.5274594],[3.78488673,48.52742578],[3.78489986,48.5273978],[3.78495362,48.52737046],[3.78500736,48.52734132],[3.78503257,48.52730606],[3.78507266,48.52726981],[3.78509652,48.52723547],[3.78514769,48.52721534],[3.78521999,48.52724995],[3.78525809,48.52726139],[3.78527607,48.52728646],[3.78530476,48.52730337],[3.78530408,48.52734835],[3.78536772,48.52734703],[3.78538722,48.52738289],[3.78540103,48.52740079],[3.78542218,48.52745643],[3.78549482,48.52751352],[3.78547603,48.52743448],[3.78540828,48.52734227],[3.7853492,48.52728598],[3.7853231,48.52726186],[3.78523439,48.52721657],[3.78507076,48.52714298],[3.78501229,48.52712717],[3.78499893,48.52713986],[3.78492112,48.52718985],[3.784908,48.52721782],[3.78484783,48.5272695],[3.78477488,48.52728258],[3.78474834,48.52731874],[3.78473378,48.52734132],[3.78466249,48.52737418],[3.78459522,48.52740431],[3.78457692,48.52744851],[3.78448838,48.52750577],[3.78444282,48.52753846],[3.784397,48.52755406],[3.78435032,48.52760204],[3.78427903,48.5276349],[3.78425783,48.52766653],[3.78422818,48.52767662],[3.78411698,48.52775742],[3.78409857,48.52779442],[3.78404601,48.52781186],[3.78399091,48.52784101],[3.78396439,48.52787897],[3.78392013,48.52790805]]]]},"properties":{"nature":"Haie","precision":3,"modifiedAt":null}},{"type":"Feature","id":"ZONEVEGE0000002322385263","geometry":{"type":"MultiPolygon","coordinates":[[[[3.76968698,48.52876123],[3.7696616,48.52860037],[3.76963463,48.52860864],[3.76959631,48.5285819],[3.76952577,48.52857426],[3.76950192,48.5286104],[3.76948729,48.52862848],[3.76943665,48.52859283],[3.76939319,48.52858501],[3.7693725,48.52855906],[3.76931276,48.52854955],[3.76925678,48.52861108],[3.76926173,48.52867132],[3.76919584,48.52870414],[3.76914361,48.5286523],[3.7691096,48.52864172],[3.76909566,48.52861482],[3.76902934,48.52861795],[3.76898691,48.52858764],[3.76890705,48.52859175],[3.76884035,48.5285688],[3.76882242,48.52854642],[3.76878534,48.52851158],[3.7687134,48.52850125],[3.76870028,48.52853012],[3.76868701,48.5285491],[3.76869022,48.52858326],[3.7686756,48.52860225],[3.7686482,48.52867349],[3.7687138,48.52871355],[3.76876276,48.52872673],[3.76878876,48.52874545],[3.76884157,48.52874421],[3.76886879,48.52875303],[3.76893662,48.52876069],[3.76896519,48.5287695],[3.76900866,48.52877822],[3.76905851,48.5287599],[3.76909087,48.5287498],[3.76916885,48.52880327],[3.76919607,48.52881209],[3.76920974,48.528821],[3.76923966,48.5288289],[3.76932407,48.52876628],[3.76939164,48.52875595],[3.769494,48.52880926],[3.7695292,48.52880813],[3.76954729,48.52874864],[3.76958637,48.52873489],[3.76963328,48.52870131],[3.76968698,48.52876123]]]]},"properties":{"nature":"Haie","precision":3,"modifiedAt":null}},{"type":"Feature","id":"ZONEVEGE0000002322385241","geometry":{"type":"MultiPolygon","coordinates":[[[[3.78676178,48.53206799],[3.78672746,48.53203763],[3.78669505,48.53204414],[3.7866808,48.53208742],[3.78665581,48.53213706],[3.78669422,48.53216919],[3.7868769,48.53215719],[3.78695362,48.5321243],[3.78692473,48.5320948],[3.78679184,48.53208488],[3.78676178,48.53206799]]]]},"properties":{"nature":"Bois","precision":3,"modifiedAt":null}},{"type":"Feature","id":"ZONEVEGE0000002322385218","geometry":{"type":"MultiPolygon","coordinates":[[[[3.79813109,48.52909634],[3.79710227,48.52708361],[3.79708334,48.52708553],[3.79704934,48.52707676],[3.79685079,48.52702322],[3.79644279,48.5269126],[3.796111,48.52682576],[3.79729197,48.52878171],[3.79776572,48.52911859],[3.79813109,48.52909634]]]]},"properties":{"nature":"Peupleraie","precision":3,"modifiedAt":null}},{"type":"Feature","id":"ZONEVEGE0000002322385247","geometry":{"type":"MultiPolygon","coordinates":[[[[3.80455342,48.53039258],[3.80450333,48.53039382],[3.80448279,48.53037957],[3.80440858,48.53039806],[3.80435421,48.53038583],[3.8042999,48.53037721],[3.80426997,48.53036841],[3.80423192,48.53036057],[3.80419102,48.53034286],[3.8040987,48.53032909],[3.80408213,48.53030851],[3.80406668,48.53027263],[3.80405286,48.53025473],[3.80402658,48.53021892],[3.80397782,48.53021925],[3.80392637,48.5302205],[3.80392922,48.53022948],[3.80403369,48.53032953],[3.80418072,48.53037801],[3.8042664,48.53040082],[3.80429904,48.5304096],[3.80443882,48.53042664],[3.80454867,48.5304358],[3.80455342,48.53039258]]]]},"properties":{"nature":"Haie","precision":3,"modifiedAt":null}},{"type":"Feature","id":"ZONEVEGE0000002322385244","geometry":{"type":"MultiPolygon","coordinates":[[[[3.80472094,48.52992275],[3.80454812,48.52986994],[3.80409131,48.52755022],[3.80276194,48.52750433],[3.80141705,48.52741804],[3.80122591,48.52740674],[3.80109987,48.52740129],[3.80149821,48.52794287],[3.8007831,48.52803315],[3.80117858,48.52856396],[3.80224643,48.52842362],[3.80242701,48.52854115],[3.80292013,48.52837139],[3.8032911,48.52827352],[3.80394215,48.52824573],[3.80404333,48.52874973],[3.80314038,48.52877923],[3.80246337,48.52897002],[3.80194216,48.52907519],[3.80199144,48.52928627],[3.80215828,48.5293904],[3.80241166,48.52957401],[3.80257348,48.52979243],[3.803171,48.52971732],[3.80318497,48.52965695],[3.80323624,48.52964401],[3.80331858,48.52962546],[3.80334404,48.5296073],[3.80340077,48.52959702],[3.80346373,48.52955161],[3.80358034,48.52955982],[3.80360105,48.52958577],[3.80376372,48.52959457],[3.80376358,48.52967373],[3.80378661,48.52967358],[3.8038868,48.5296711],[3.80388844,48.52968998],[3.80385471,48.52969831],[3.80383446,48.52970294],[3.8038655,48.5297837],[3.80387958,48.52981869],[3.80387874,48.52985198],[3.80389391,48.52986987],[3.80391172,48.52997141],[3.80393796,48.53000451],[3.80396422,48.53003852],[3.80399296,48.53005812],[3.80402031,48.53007503],[3.8040218,48.53008401],[3.80402072,48.53010201],[3.80411934,48.53017331],[3.80411867,48.5302183],[3.8041337,48.53022629],[3.80415184,48.53026126],[3.80422919,48.53027063],[3.80427009,48.53028835],[3.80445712,48.53029518],[3.80449668,48.5303138],[3.80454582,48.53033866],[3.80461201,48.53032651],[3.80461028,48.53030224],[3.80460824,48.53025727],[3.80463517,48.53024719],[3.80466212,48.53023801],[3.80468758,48.53021985],[3.80472935,48.53020607],[3.80472732,48.530162],[3.80477441,48.53014099],[3.80479055,48.53013369],[3.80481178,48.53010476],[3.80477348,48.53008073],[3.80477734,48.53006721],[3.80479459,48.5300437],[3.80477936,48.53002221],[3.80473852,48.53000899],[3.80476639,48.52997192],[3.80473462,48.52993165],[3.80472094,48.52992275]]]]},"properties":{"nature":"Peupleraie","precision":3,"modifiedAt":null}},{"type":"Feature","id":"ZONEVEGE0000002322385243","geometry":{"type":"MultiPolygon","coordinates":[[[[3.79914835,48.52590126],[3.79798421,48.52674303],[3.79826623,48.52720804],[3.799741,48.52728629],[3.79993075,48.52729491],[3.80029127,48.52731137],[3.79914835,48.52590126]]]]},"properties":{"nature":"Peupleraie","precision":3,"modifiedAt":null}},{"type":"Feature","id":"ZONEVEGE0000002322385242","geometry":{"type":"MultiPolygon","coordinates":[[[[3.79208559,48.52914488],[3.7922954,48.52913628],[3.79197537,48.52902146],[3.79167075,48.52885076],[3.79168404,48.52901351],[3.79174106,48.52902212],[3.79176842,48.52903993],[3.79180918,48.52904866],[3.79185007,48.52906548],[3.79189356,48.52907508],[3.7919688,48.52912496],[3.79201925,48.52914712],[3.79205564,48.52913518],[3.7920677,48.5291261],[3.79208559,48.52914488]]]]},"properties":{"nature":"Peupleraie","precision":3,"modifiedAt":null}},{"type":"Feature","id":"ZONEVEGE0000002322385238","geometry":{"type":"MultiPolygon","coordinates":[[[[3.8003776,48.53003933],[3.80038802,48.5301895],[3.80048085,48.53023745],[3.80055924,48.53022613],[3.80058605,48.53020796],[3.80060637,48.53020782],[3.80065374,48.5302057],[3.80072012,48.53020615],[3.80077402,48.5301878],[3.80078139,48.53022733],[3.80074139,48.53026898],[3.80082943,48.53026839],[3.80088994,48.53024009],[3.80096441,48.53023779],[3.80100798,48.53025279],[3.80106044,48.53022905],[3.8011103,48.53021252],[3.80115454,48.53018254],[3.80117008,48.53013565],[3.80123342,48.53011453],[3.80123309,48.53009294],[3.8012179,48.53007415],[3.80116627,48.53006371],[3.8011495,48.53002963],[3.80112256,48.53003971],[3.80106857,48.53005177],[3.80108397,48.53008495],[3.8011116,48.53011985],[3.80106289,48.53012378],[3.80103007,48.53010331],[3.8010107,48.53007645],[3.80086713,48.53007652],[3.80084746,48.53011893],[3.80078632,48.53010675],[3.80074556,48.53009803],[3.80074639,48.53006384],[3.80058521,48.53006402],[3.80047512,48.53012774],[3.80042316,48.5300957],[3.80039277,48.53005722],[3.8003776,48.53003933]]]]},"properties":{"nature":"Haie","precision":3,"modifiedAt":null}},{"type":"Feature","id":"ZONEVEGE0000002322385227","geometry":{"type":"MultiPolygon","coordinates":[[[[3.79307903,48.52936585],[3.79306701,48.52928767],[3.7930145,48.52930871],[3.79293316,48.52930385],[3.79266747,48.52928943],[3.7925843,48.5292531],[3.79242205,48.52918222],[3.7922954,48.52913628],[3.79208559,48.52914488],[3.79213513,48.52919672],[3.79221896,48.52918717],[3.79224442,48.52916901],[3.79231097,48.52918116],[3.79232756,48.52920354],[3.79234486,48.52927269],[3.79243862,48.52929276],[3.79247924,48.52929159],[3.792507,48.52933638],[3.79253071,48.52938121],[3.79264566,48.52936964],[3.79269122,48.52933695],[3.79274838,48.52935547],[3.79285157,48.52937187],[3.79289268,48.52931402],[3.79294021,48.5293218],[3.79299616,48.52934931],[3.79307903,48.52936585]]]]},"properties":{"nature":"Haie","precision":3,"modifiedAt":null}},{"type":"Feature","id":"ZONEVEGE0000002322385213","geometry":{"type":"MultiPolygon","coordinates":[[[[3.7903094,48.53297556],[3.79015918,48.53298466],[3.78960455,48.53303332],[3.78941629,48.53303457],[3.78900704,48.53293293],[3.78876573,48.5330092],[3.78854408,48.53286224],[3.78809881,48.53270686],[3.7879446,48.53263051],[3.78762856,48.53305272],[3.78764403,48.53318037],[3.78758123,48.53341828],[3.78828287,48.53350719],[3.78844577,48.53344044],[3.78868271,48.53334351],[3.78902115,48.53324051],[3.78925781,48.53321465],[3.78945534,48.53319894],[3.78958987,48.53322773],[3.78967172,48.53326587],[3.78995969,48.53322978],[3.79003505,48.53319689],[3.79009749,48.53320547],[3.79012213,48.5332224],[3.79017793,48.53324002],[3.79023699,48.53320454],[3.7902314,48.53319289],[3.79020328,48.5331247],[3.79021666,48.53311382],[3.79026526,48.5331027],[3.7902878,48.53307016],[3.79033233,48.53305907],[3.79034988,48.53305536],[3.79034926,48.53301398],[3.79034101,48.53300594],[3.7903094,48.53297556]]]]},"properties":{"nature":"Peupleraie","precision":3,"modifiedAt":null}},{"type":"Feature","id":"ZONEVEGE0000002322385226","geometry":{"type":"MultiPolygon","coordinates":[[[[3.79536994,48.52975898],[3.79539157,48.5291309],[3.79538187,48.52893755],[3.79524791,48.52894654],[3.7952642,48.52903819],[3.79517767,48.52913773],[3.79501712,48.52917928],[3.79458372,48.52918038],[3.79437454,48.5291413],[3.79425558,48.52897746],[3.79414791,48.52875418],[3.79394956,48.52862506],[3.79378762,48.52857486],[3.79356221,48.52853678],[3.79336447,48.5285372],[3.79322009,48.52857325],[3.793118,48.52862881],[3.79308501,48.52877657],[3.79309917,48.52899598],[3.79313213,48.52911541],[3.79315022,48.52914767],[3.79317803,48.52919517],[3.79320166,48.52923549],[3.79317742,48.52924465],[3.79313029,48.52926296],[3.79306701,48.52928767],[3.79307903,48.52936585],[3.79312145,48.52939436],[3.79318343,48.52937325],[3.79321075,48.52938837],[3.79329066,48.52947779],[3.79332333,48.52948837],[3.79338311,48.52950057],[3.79342001,48.52952281],[3.79344656,48.52957661],[3.79347514,48.52958542],[3.79350644,48.5295951],[3.79362002,48.52967171],[3.79365404,48.52968228],[3.79370712,48.52969902],[3.79376238,48.52968156],[3.7937212,48.52964495],[3.79369385,48.52962804],[3.79367867,48.52960925],[3.79366209,48.52958777],[3.79370521,48.52957309],[3.79374585,48.52957371],[3.79378469,48.52954467],[3.79382493,48.52951831],[3.79383805,48.52949033],[3.79387828,48.52946398],[3.79390082,48.52943144],[3.79399812,48.52941729],[3.7940472,48.52943856],[3.79409142,48.52940678],[3.79413124,48.52944249],[3.79411018,48.52948312],[3.79410624,48.52949124],[3.79416886,48.52951151],[3.79419162,48.52949427],[3.79421574,48.52947702],[3.79424553,48.52947682],[3.79437191,48.52950386],[3.79450053,48.5295003],[3.79452924,48.5295181],[3.79455251,48.52953414],[3.79456739,48.52953314],[3.79459709,48.52952664],[3.79463757,48.52951648],[3.79467726,48.5295432],[3.79473292,48.52955183],[3.79478063,48.5295722],[3.79481701,48.52955936],[3.79494987,48.52956747],[3.79498954,48.52959329],[3.79501947,48.52960209],[3.79504548,48.52961991],[3.79509991,48.52963663],[3.79512862,48.52965443],[3.79512807,48.52970752],[3.79514447,48.5297173],[3.79521233,48.52972584],[3.79523695,48.52974187],[3.79528059,48.52976137],[3.79536994,48.52975898]]]]},"properties":{"nature":"Peupleraie","precision":3,"modifiedAt":null}},{"type":"Feature","id":"ZONEVEGE0000002322385223","geometry":{"type":"MultiPolygon","coordinates":[[[[3.79475514,48.53155422],[3.79452494,48.53155846],[3.79450843,48.53136335],[3.79449637,48.53137153],[3.79444624,48.53137096],[3.79443423,48.5314718],[3.79440712,48.53147108],[3.79436005,48.53149299],[3.79434171,48.53153449],[3.79432844,48.53155257],[3.79434364,48.53157226],[3.79434402,48.53159745],[3.79436862,48.53161168],[3.79434071,48.53164695],[3.79444893,48.53172719],[3.7945191,48.53170963],[3.79453442,48.53164836],[3.79462249,48.53164957],[3.79469152,48.53164641],[3.79471141,48.53161839],[3.79470535,48.53157614],[3.79475514,48.53155422]]]]},"properties":{"nature":"Haie","precision":3,"modifiedAt":null}},{"type":"Feature","id":"ZONEVEGE0000002322385221","geometry":{"type":"MultiPolygon","coordinates":[[[[3.79812469,48.53063383],[3.79808176,48.53066111],[3.79806686,48.53066121],[3.79801269,48.53066157],[3.79795853,48.53066283],[3.79792178,48.53065139],[3.79790543,48.5306452],[3.79787713,48.53065439],[3.79783962,48.53068163],[3.79778412,48.5306838],[3.79772993,48.53068326],[3.79765031,48.53070269],[3.7975811,48.53069416],[3.79755111,48.53068176],[3.79752248,48.53066936],[3.79749969,48.53068481],[3.79744207,48.53072568],[3.79733762,48.53071558],[3.79724269,48.53070812],[3.79721545,48.53069841],[3.79710577,48.53070004],[3.79704541,48.53082819],[3.79694908,48.5309071],[3.79670059,48.53113367],[3.79666495,48.53128415],[3.79677292,48.5313473],[3.79661555,48.53159845],[3.79645645,48.53173625],[3.79650177,48.53177733],[3.79651559,48.53179523],[3.79654431,48.53181303],[3.7965844,48.53186674],[3.79667214,48.53193542],[3.7967384,48.53201774],[3.79675222,48.53203564],[3.79680691,48.53206946],[3.79683456,48.53210616],[3.79687157,48.5321347],[3.7971548,48.53169829],[3.79715854,48.53158761],[3.79718898,48.53145156],[3.79728823,48.53129796],[3.79750665,48.53114266],[3.79780677,48.53110467],[3.79799276,48.53095408],[3.79812469,48.53063383]]]]},"properties":{"nature":"Peupleraie","precision":3,"modifiedAt":null}},{"type":"Feature","id":"ZONEVEGE0000002322385220","geometry":{"type":"MultiPolygon","coordinates":[[[[3.79514585,48.5313267],[3.79514346,48.53116929],[3.79496879,48.53117316],[3.79496627,48.53118577],[3.79492156,48.53118517],[3.79489297,48.53117546],[3.79487255,48.5311684],[3.79484829,48.53117666],[3.79483178,48.53115968],[3.79478171,48.53116271],[3.79475038,48.53115123],[3.79474267,48.53117827],[3.79473878,48.53118999],[3.79462203,48.53126184],[3.79456261,48.53127393],[3.79456583,48.53130719],[3.79455242,48.53131628],[3.79453931,48.53134515],[3.79450843,48.53136335],[3.79452494,48.53155846],[3.79475514,48.53155422],[3.79480084,48.53153143],[3.7948526,48.53154997],[3.79486894,48.53155616],[3.79492022,48.53154322],[3.79493112,48.53154765],[3.79496521,48.53156271],[3.79500288,48.53154537],[3.79501637,48.53154168],[3.79508752,48.53149982],[3.79517689,48.53140836],[3.79516415,48.53137246],[3.79514638,48.53136179],[3.79513545,48.53135556],[3.79512158,48.53133406],[3.79514585,48.5313267]]]]},"properties":{"nature":"Bois","precision":3,"modifiedAt":null}},{"type":"Feature","id":"ZONEVEGE0000002322385219","geometry":{"type":"MultiPolygon","coordinates":[[[[3.79707293,48.52702443],[3.79669048,48.52627761],[3.79590539,48.52648528],[3.79607623,48.52676572],[3.79609383,48.5267647],[3.79610469,48.52676643],[3.79636846,48.52683393],[3.79707293,48.52702443]]]]},"properties":{"nature":"Peupleraie","precision":3,"modifiedAt":null}},{"type":"Feature","id":"ZONEVEGE0000002322385217","geometry":{"type":"MultiPolygon","coordinates":[[[[3.79003845,48.52784776],[3.7900819,48.5277656],[3.7899364,48.52772699],[3.78973062,48.52773285],[3.78931019,48.52778512],[3.78906425,48.52782274],[3.7890143,48.52783387],[3.78809227,48.52794524],[3.78793526,48.52795168],[3.78799428,48.52809432],[3.7880211,48.52807615],[3.78807474,48.52804071],[3.78820071,48.52804078],[3.78824809,48.52803956],[3.78830092,48.52804011],[3.78834276,48.52802994],[3.78836998,48.52803876],[3.78843903,48.5280374],[3.78848753,48.52801998],[3.78851043,48.52801174],[3.78854037,48.52802143],[3.78855807,48.52802761],[3.78864743,48.52802522],[3.78865272,48.52801709],[3.788666,48.52799901],[3.78868076,48.52798991],[3.78871086,48.52801041],[3.78874859,48.52799756],[3.78881495,48.52799712],[3.7888419,48.52798795],[3.78889594,48.52797859],[3.78893096,48.52796576],[3.78895832,48.52798357],[3.78900547,48.52796707],[3.78907185,48.52796753],[3.78908389,48.52795755],[3.78911219,48.52794837],[3.78914048,48.52793828],[3.78921904,48.52793866],[3.78924598,48.52792859],[3.78928647,48.52791932],[3.78933776,48.52790729],[3.78935419,48.52791887],[3.78933407,48.5279325],[3.7892992,48.52795522],[3.78936299,48.5279638],[3.78942216,48.52793551],[3.78952629,48.52792493],[3.78954377,48.52791671],[3.78959487,48.52789209],[3.78969219,48.52787884],[3.78976106,48.52786579],[3.78990756,48.52788011],[3.78994798,48.52786635],[3.78998847,48.52785708],[3.79001542,48.52784791],[3.79003845,48.52784776]]]]},"properties":{"nature":"Peupleraie","precision":3,"modifiedAt":null}},{"type":"Feature","id":"ZONEVEGE0000002322385215","geometry":{"type":"MultiPolygon","coordinates":[[[[3.79564299,48.53284733],[3.79563049,48.53282672],[3.79555471,48.53283172],[3.79554316,48.53287408],[3.7955059,48.53291751],[3.7955186,48.53295161],[3.79563324,48.53291846],[3.79565318,48.53289404],[3.79563543,48.53288426],[3.79564299,48.53284733]]]]},"properties":{"nature":"Bois","precision":3,"modifiedAt":null}},{"type":"Feature","id":"ZONEVEGE0000002322385214","geometry":{"type":"MultiPolygon","coordinates":[[[[3.79601161,48.53098535],[3.79585571,48.5309765],[3.79581739,48.53095067],[3.79579834,48.5309445],[3.79569031,48.53096681],[3.79567361,48.5310263],[3.7958005,48.53099756],[3.79601161,48.53098535]]]]},"properties":{"nature":"Haie","precision":3,"modifiedAt":null}},{"type":"Feature","id":"ZONEVEGE0000002322385212","geometry":{"type":"MultiPolygon","coordinates":[[[[3.79513817,48.53260691],[3.79466418,48.53252371],[3.79464432,48.53255443],[3.79456092,48.53259277],[3.79450148,48.53260307],[3.79448185,48.53264818],[3.79442668,48.53267284],[3.7944338,48.53278524],[3.7943773,48.53281081],[3.79435345,48.53284605],[3.79433872,48.53285695],[3.79431177,48.53286612],[3.79429732,48.53289591],[3.7942462,48.53291964],[3.79420048,48.53294153],[3.79398917,48.53294115],[3.79394855,48.53294232],[3.79388056,48.53292478],[3.79383845,48.53291696],[3.7938056,48.53289469],[3.79378645,48.53288223],[3.79373115,48.53289789],[3.79365967,48.53291816],[3.79351358,48.53293173],[3.7935154,48.5329623],[3.79344386,48.53297897],[3.79338753,48.53301623],[3.79335538,48.53303984],[3.79331648,48.53306529],[3.79330056,48.53308698],[3.79323619,48.53312969],[3.79322293,48.53314867],[3.79320966,48.53316675],[3.7931941,48.53321274],[3.79311824,48.53321235],[3.79303886,48.53324796],[3.79302277,48.53325886],[3.79300851,48.53330124],[3.79295723,48.53331418],[3.79288833,48.53332633],[3.79281576,48.5333646],[3.7928036,48.53336648],[3.79272794,48.53337958],[3.7926876,48.53339874],[3.7928033,48.53352571],[3.79281835,48.53353551],[3.79288124,48.53357377],[3.79289657,48.53360246],[3.79317471,48.53390107],[3.79320502,48.53393506],[3.79359059,48.5343508],[3.79377648,48.53455018],[3.793782,48.53455734],[3.79391558,48.53470128],[3.79392247,48.53470933],[3.79394313,48.53473168],[3.79399131,48.53478264],[3.79404227,48.53483808],[3.79412163,48.53489062],[3.79419022,48.53485778],[3.79420303,48.53480911],[3.79421992,48.53476132],[3.79436582,48.5346461],[3.79486838,48.53437825],[3.79537749,48.53418593],[3.7956913,48.53406688],[3.79575191,48.53404398],[3.79580994,48.5340301],[3.79588652,48.5339882],[3.79595806,48.53397153],[3.79614108,48.53389294],[3.79620827,48.53385741],[3.79625275,48.53384271],[3.79612402,48.53366095],[3.79608204,48.53366214],[3.79603856,48.53365343],[3.79601134,48.53364462],[3.79597208,48.53364578],[3.79594757,48.53363785],[3.79591763,48.53362815],[3.79577017,48.53364083],[3.79569484,48.53367552],[3.79563377,48.53366783],[3.79560655,48.53365902],[3.79557524,48.53364933],[3.79549588,48.53359679],[3.79542817,48.53359814],[3.79538727,48.53358042],[3.79535602,48.53357433],[3.79533701,48.53357086],[3.7953052,48.53352789],[3.79524852,48.53354177],[3.79518453,48.5335206],[3.79517177,48.53357197],[3.79516918,48.53358008],[3.79513009,48.53359294],[3.79504274,48.5336385],[3.79498317,48.5336407],[3.79494348,48.53361398],[3.79490538,48.53360254],[3.79488563,48.53355049],[3.79485775,48.5334985],[3.79487362,48.53347321],[3.79491944,48.53345761],[3.79493668,48.5334332],[3.79495411,48.53342139],[3.79493203,48.53339455],[3.79494778,48.53336116],[3.79497473,48.53335198],[3.79501874,48.53330671],[3.7950675,48.53330638],[3.79508062,48.5332784],[3.79510879,48.53326022],[3.79510542,48.53321617],[3.79515931,48.53319691],[3.79518626,48.53318774],[3.79526683,48.53314132],[3.79532206,48.53312116],[3.79535946,48.53308672],[3.7953767,48.53306232],[3.79541443,48.53304947],[3.79543989,48.53303131],[3.79548714,48.53302019],[3.79548774,48.53297071],[3.79548861,48.53284926],[3.79513817,48.53260691]]]]},"properties":{"nature":"Peupleraie","precision":3,"modifiedAt":null}},{"type":"Feature","id":"ZONEVEGE0000002322385210","geometry":{"type":"MultiPolygon","coordinates":[[[[3.79106265,48.53037966],[3.79102039,48.53036195],[3.79095091,48.53033542],[3.7908828,48.53030979],[3.79080406,48.53029772],[3.79076052,48.53028451],[3.79070594,48.53025789],[3.7905982,48.53020913],[3.79058162,48.53018764],[3.79050055,48.53011082],[3.79047808,48.52996793],[3.79044739,48.52990876],[3.79038976,48.52985966],[3.79033417,48.52976557],[3.79028477,48.52972362],[3.79018755,48.52965319],[3.79016267,48.52962007],[3.79014624,48.52960849],[3.79005441,48.52953713],[3.78996511,48.52945316],[3.78995136,48.52943976],[3.78992387,48.52941295],[3.78986768,48.52936924],[3.78985387,48.52935134],[3.78975894,48.52925391],[3.78975365,48.52917208],[3.78980881,48.52914743],[3.78980514,48.52908358],[3.78981716,48.52898274],[3.7898303,48.52895567],[3.78984342,48.52892769],[3.78989139,48.5288752],[3.78989665,48.52868444],[3.78976126,48.52868804],[3.78975461,48.52869618],[3.78973998,48.52871427],[3.78963264,48.52869159],[3.78961501,48.52868991],[3.7895921,48.52869816],[3.7894839,48.52870788],[3.78943262,48.52872081],[3.78941596,48.52878389],[3.789365,48.52881752],[3.78932211,48.52884749],[3.78930191,48.52894478],[3.78928731,48.52896467],[3.78924841,48.52899012],[3.78923663,48.52901719],[3.78919678,48.52906963],[3.78918302,48.52914529],[3.78915889,48.52916164],[3.78914593,48.52920041],[3.78910742,48.52925194],[3.78908493,48.52928718],[3.78906635,48.52940245],[3.7890787,48.52941317],[3.78909104,48.52942298],[3.78905971,48.52950145],[3.78903627,48.52956368],[3.7890384,48.52961585],[3.7890645,48.52963996],[3.7896094,48.52966693],[3.78995491,48.52976539],[3.79008238,48.5298653],[3.79017126,48.53010041],[3.79016442,48.53027588],[3.79020404,48.53047803],[3.78998056,48.53056858],[3.78964919,48.53060047],[3.7892204,48.5306393],[3.78901195,48.53046796],[3.78878695,48.53009791],[3.78877349,48.5301034],[3.78873315,48.53012256],[3.7886719,48.53010317],[3.78859456,48.53009379],[3.78857523,48.53006963],[3.78856418,48.53005531],[3.78853719,48.53006178],[3.78852235,48.53006548],[3.78846701,48.53007844],[3.78842516,48.53008771],[3.78835438,48.53006479],[3.78826347,48.5300537],[3.78818738,48.53003801],[3.78796509,48.53002779],[3.78771461,48.53003395],[3.78766992,48.53003425],[3.78762367,48.53002106],[3.78816668,48.53127422],[3.78804176,48.53134432],[3.78770434,48.53142392],[3.78770558,48.53150668],[3.78785617,48.53242419],[3.78797997,48.53237029],[3.78823298,48.53208074],[3.78826412,48.53198967],[3.78814437,48.53177276],[3.7882887,48.53164225],[3.78840247,48.5316415],[3.78878483,48.53193764],[3.7888687,48.5321107],[3.78911437,48.53196424],[3.78934259,48.53191774],[3.78951925,48.53141638],[3.78966976,48.53106723],[3.7897938,48.53093866],[3.79077613,48.53060107],[3.79106265,48.53037966]]]]},"properties":{"nature":"Peupleraie","precision":3,"modifiedAt":null}},{"type":"Feature","id":"ZONEVEGE0000002322385206","geometry":{"type":"MultiPolygon","coordinates":[[[[3.79059867,48.5286231],[3.79058094,48.5284352],[3.79053217,48.52843462],[3.79040936,48.52846423],[3.79038524,48.52848148],[3.79034751,48.52849433],[3.79032648,48.52853675],[3.79022518,48.52855541],[3.79016994,48.52857467],[3.79007649,48.52857529],[3.79003648,48.52861604],[3.78999605,48.5286298],[3.78997045,48.52863897],[3.78980928,48.52863914],[3.78979471,48.52866083],[3.78976788,48.5286781],[3.78976126,48.52868804],[3.78989665,48.52868444],[3.78989139,48.5288752],[3.78994067,48.52881999],[3.79002444,48.52880594],[3.79004169,48.52878244],[3.79005304,48.52872658],[3.79017659,48.52865649],[3.79025498,48.52864518],[3.79030482,48.52862685],[3.79041287,48.52860724],[3.79044279,48.52861514],[3.79051374,48.52864975],[3.79059867,48.5286231]]]]},"properties":{"nature":"Haie","precision":3,"modifiedAt":null}},{"type":"Feature","id":"ZONEVEGE0000002322385199","geometry":{"type":"MultiPolygon","coordinates":[[[[3.79668539,48.53057871],[3.79640783,48.53058597],[3.79639164,48.53041155],[3.79636876,48.5304216],[3.79635536,48.53043069],[3.79631378,48.53045796],[3.79622402,48.53052333],[3.7961449,48.53057514],[3.79611691,48.53060501],[3.79610363,48.53062309],[3.79603614,48.53063794],[3.79605001,48.53065944],[3.79606369,48.53066834],[3.79609016,48.53071674],[3.79616092,48.53073876],[3.79614102,48.53076588],[3.79609364,48.530768],[3.796053,48.53076737],[3.79601835,48.53080449],[3.79593302,48.53080506],[3.79591989,48.53083213],[3.79594711,48.53084095],[3.79597473,48.53087585],[3.79601658,48.53086657],[3.79604204,48.53084841],[3.79610977,48.53084886],[3.79614861,48.53081981],[3.79619181,48.53081052],[3.79618828,48.53075657],[3.79621523,48.53074739],[3.79629379,48.53074687],[3.79632343,48.53073677],[3.79637747,48.53072741],[3.79640442,48.53071824],[3.79644356,48.53070898],[3.79641731,48.53067497],[3.79641389,48.53062821],[3.796456,48.53063603],[3.79651332,48.53066443],[3.79657789,48.53063521],[3.79661823,48.53061605],[3.79668539,48.53057871]]]]},"properties":{"nature":"Haie","precision":3,"modifiedAt":null}},{"type":"Feature","id":"ZONEVEGE0000002322385203","geometry":{"type":"MultiPolygon","coordinates":[[[[3.80038802,48.5301895],[3.8003776,48.53003933],[3.80035134,48.53000532],[3.80034955,48.52997655],[3.80037089,48.52995481],[3.80038822,48.5299367],[3.80037432,48.52991341],[3.80036342,48.52990898],[3.80031979,48.52989039],[3.80029966,48.52972499],[3.80026134,48.52969916],[3.80022052,48.52968684],[3.8002168,48.52962029],[3.80023253,48.529586],[3.80020215,48.52954842],[3.80021821,48.52953572],[3.80023698,48.529523],[3.8002504,48.52951481],[3.80023212,48.52947085],[3.8002265,48.5294574],[3.80022624,48.52944031],[3.80020371,48.52938378],[3.80016919,48.52934083],[3.80014157,48.52930593],[3.80010065,48.52928732],[3.80005841,48.52927051],[3.80004459,48.52925261],[3.80001695,48.52921681],[3.80001628,48.52917273],[3.79998741,48.52914504],[3.79995476,48.52913536],[3.79987812,48.5290837],[3.79982377,48.52907237],[3.79984927,48.52905691],[3.79986949,48.52905047],[3.79990047,48.52903947],[3.79985651,48.52899838],[3.79985231,48.52898942],[3.79994107,48.52894834],[3.79991385,48.52893952],[3.79984344,48.5289409],[3.79982178,48.52894194],[3.79977256,48.52891169],[3.79980444,48.52887009],[3.79978898,48.52883331],[3.79977516,48.52881541],[3.79975793,48.52875165],[3.79973329,48.52873473],[3.79966514,48.5287064],[3.79966125,48.52862906],[3.79968514,48.52859651],[3.79966028,48.52856519],[3.79965958,48.52851931],[3.79957617,48.5284677],[3.79956193,48.52842191],[3.79952092,48.528397],[3.79951914,48.52836912],[3.79955665,48.52834188],[3.79952209,48.52829623],[3.79959794,48.52829662],[3.79961265,48.52828393],[3.79958332,48.52822565],[3.7996007,48.52821114],[3.79968932,48.52816017],[3.79975688,48.52814982],[3.79980942,48.52813147],[3.79982432,48.52813137],[3.79985005,48.5281312],[3.79990666,48.52811282],[3.79998518,48.5281105],[3.80000707,48.52812474],[3.80004057,48.52810113],[3.80010422,48.5281007],[3.80020159,48.52809105],[3.80022852,48.52808097],[3.8002949,48.52808142],[3.80032303,48.52806144],[3.80034715,48.52804419],[3.8003945,48.52804027],[3.80040797,48.52803568],[3.80062328,48.52794427],[3.80030294,48.52736617],[3.79992616,48.52734892],[3.79885951,48.52730031],[3.79830932,48.52728062],[3.79884284,48.52816226],[3.79860387,48.52812338],[3.79824243,48.52804664],[3.79801534,48.52798789],[3.79780638,48.52796231],[3.79767851,48.52801534],[3.79779629,48.52810092],[3.79818447,48.52842127],[3.79833034,48.52857233],[3.79842328,48.52871654],[3.79840399,48.52887321],[3.7983394,48.52898969],[3.79822568,48.52908221],[3.79813109,48.52909634],[3.79842956,48.53046356],[3.79849423,48.53044063],[3.79856179,48.53043028],[3.79859279,48.53042018],[3.79875939,48.53041996],[3.79881883,48.53040966],[3.79889709,48.53039025],[3.7990489,48.53039732],[3.79907765,48.53041692],[3.79908859,48.53042404],[3.79919951,48.5304143],[3.79924538,48.5304023],[3.79927396,48.5304111],[3.79930392,48.5304217],[3.79936199,48.53041051],[3.79938611,48.53039326],[3.79944026,48.53039199],[3.7994649,48.53040892],[3.79949466,48.53040602],[3.79952166,48.53040044],[3.79956202,48.53038218],[3.7995891,48.53038199],[3.7996296,48.53037273],[3.79969731,48.53037227],[3.79971043,48.53034429],[3.79985401,48.53034423],[3.79988499,48.53033322],[3.79992548,48.53032396],[3.79995096,48.53030669],[3.79998059,48.5302957],[3.80003207,48.53029625],[3.80006022,48.53027717],[3.80008434,48.53025991],[3.80013283,48.53024249],[3.80029372,48.53022342],[3.80032157,48.53018455],[3.80038802,48.5301895]]]]},"properties":{"nature":"Peupleraie","precision":3,"modifiedAt":null}},{"type":"Feature","id":"ZONEVEGE0000002322385201","geometry":{"type":"MultiPolygon","coordinates":[[[[3.79496879,48.53117316],[3.79514346,48.53116929],[3.79514585,48.5313267],[3.7952173,48.53130464],[3.79524962,48.53129183],[3.79525484,48.5312792],[3.79524392,48.53118391],[3.79529648,48.53116647],[3.79526488,48.53113699],[3.7952495,48.53110561],[3.79525719,48.5309877],[3.79535423,48.53095557],[3.79538252,48.53094548],[3.79538091,48.5309284],[3.79550265,48.53091769],[3.79551606,48.53090861],[3.79562427,48.53089889],[3.7957365,48.53088644],[3.79575793,48.5308701],[3.79578503,48.53087082],[3.79580911,48.53085087],[3.79585231,48.53084158],[3.79586548,48.53081721],[3.79575697,48.53080714],[3.79571607,48.53078942],[3.79568475,48.53077883],[3.79559446,48.53080912],[3.79554162,48.53080768],[3.79552688,48.53081857],[3.79548895,48.53081793],[3.79545662,48.53082984],[3.79541868,48.53082919],[3.79538536,48.5308645],[3.79531661,48.53088655],[3.79529939,48.53091185],[3.7952635,48.53095708],[3.7952459,48.53095719],[3.79517145,48.53096039],[3.79518076,48.53103859],[3.79515422,48.53107476],[3.79511509,48.53108491],[3.79504105,48.5311151],[3.79498175,48.53113438],[3.79496879,48.53117316]]]]},"properties":{"nature":"Haie","precision":3,"modifiedAt":null}},{"type":"Feature","id":"ZONEVEGE0000002322385200","geometry":{"type":"MultiPolygon","coordinates":[[[[3.79774625,48.53059859],[3.79760183,48.53000851],[3.79721341,48.52994004],[3.79736244,48.52976452],[3.79737147,48.52937852],[3.79726013,48.52909319],[3.79719203,48.52889034],[3.79729197,48.52878171],[3.79715499,48.52868097],[3.79696471,48.52863727],[3.79679132,48.52863573],[3.79654767,48.52864546],[3.79636325,48.5286314],[3.79628146,48.52859687],[3.7961884,48.5288017],[3.79616919,48.52896376],[3.79613977,48.5293454],[3.79610054,48.52961644],[3.79590096,48.52994164],[3.79592276,48.52995049],[3.7959474,48.52996742],[3.79598397,48.52996717],[3.79601784,48.52996785],[3.79604196,48.52995059],[3.79613809,48.52994815],[3.79617872,48.52994788],[3.79624642,48.52994653],[3.79623334,48.5299772],[3.7962078,48.52998997],[3.79612715,48.53003099],[3.79618164,48.53005131],[3.79622205,48.53003665],[3.79624928,48.53004546],[3.79629955,48.53005592],[3.79631754,48.53008099],[3.79639352,48.53008948],[3.79641423,48.53011543],[3.79645389,48.53014035],[3.79649647,48.53017965],[3.79658961,48.53015833],[3.79660613,48.53017622],[3.79659145,48.53019071],[3.79657411,48.53020792],[3.79659058,48.5302222],[3.79662625,48.53025255],[3.79659409,48.53027525],[3.79655888,48.53027549],[3.79651353,48.53032168],[3.79643711,48.53037347],[3.79641853,48.53039878],[3.79639164,48.53041155],[3.79640783,48.53058597],[3.79668539,48.53057871],[3.796711,48.53057045],[3.79673646,48.53055228],[3.79676394,48.53057819],[3.79681891,48.53063],[3.79689153,48.53059622],[3.79700377,48.53058378],[3.79701304,48.53057022],[3.79702233,48.53055756],[3.79706283,48.5305483],[3.79708828,48.53053013],[3.79711685,48.53053804],[3.79714632,48.53060531],[3.79715611,48.53062594],[3.79725513,48.53063517],[3.79731513,48.53066175],[3.7973271,48.53064728],[3.79736023,48.53059938],[3.79737349,48.5305804],[3.79738839,48.5305803],[3.79740617,48.53059187],[3.79746814,48.53056987],[3.79753467,48.53058022],[3.79756603,48.5305935],[3.79760693,48.53061122],[3.7976432,48.53059118],[3.79767276,48.53057569],[3.79769329,48.53058995],[3.79771655,48.53060508],[3.79774625,48.53059859]]]]},"properties":{"nature":"Peupleraie","precision":3,"modifiedAt":null}},{"type":"Feature","id":"ZONEVEGE0000002322371322","geometry":{"type":"MultiPolygon","coordinates":[[[[3.81311766,48.53029653],[3.81309273,48.53034888],[3.8131606,48.53035831],[3.81323604,48.53041897],[3.81330459,48.53047248],[3.81331991,48.53049936],[3.81333345,48.53049927],[3.81339868,48.53051322],[3.81339966,48.53048892],[3.81337778,48.53047557],[3.81329007,48.5304096],[3.81329108,48.53038711],[3.81324345,48.53037304],[3.81314478,48.53029904],[3.81311766,48.53029653]]]]},"properties":{"nature":"Haie","precision":3,"modifiedAt":null}},{"type":"Feature","id":"ZONEVEGE0000002322371317","geometry":{"type":"MultiPolygon","coordinates":[[[[3.82701051,48.52780411],[3.82633089,48.52799506],[3.82643102,48.52798896],[3.82648095,48.52797692],[3.82651361,48.52798659],[3.82658146,48.52799511],[3.8266155,48.52800657],[3.82663931,48.52797042],[3.82668922,48.52795748],[3.82674325,48.52794811],[3.82677019,48.52793892],[3.82679729,48.52793963],[3.82678331,48.52791184],[3.82676122,48.52788501],[3.82681944,48.5278837],[3.82684937,48.52789249],[3.82688972,48.52787422],[3.82691694,48.52788303],[3.82693151,48.52786223],[3.82701696,48.52786974],[3.82701051,48.52780411]]]]},"properties":{"nature":"Haie","precision":3,"modifiedAt":null}},{"type":"Feature","id":"ZONEVEGE0000002322371315","geometry":{"type":"MultiPolygon","coordinates":[[[[3.81772408,48.52733308],[3.81770341,48.52731073],[3.81766421,48.5273155],[3.81763234,48.5273562],[3.81764749,48.52745955],[3.81757904,48.5274996],[3.81760133,48.52753903],[3.8176891,48.52752224],[3.81776749,48.5275118],[3.81779969,48.52749179],[3.81780922,48.52740806],[3.81778951,48.52736051],[3.81772408,48.52733308]]]]},"properties":{"nature":"Bois","precision":3,"modifiedAt":null}},{"type":"Feature","id":"ZONEVEGE0000002322371301","geometry":{"type":"MultiPolygon","coordinates":[[[[3.81577575,48.52911691],[3.81563488,48.52911608],[3.81563923,48.52913494],[3.81559611,48.52914873],[3.81556916,48.52915791],[3.81552868,48.52916809],[3.81551528,48.52917718],[3.81548833,48.52918636],[3.81547493,48.52919544],[3.81543309,48.52920473],[3.81539961,48.52922925],[3.81535469,48.52921516],[3.81531151,48.52922535],[3.8152335,48.52926097],[3.8151824,48.52928471],[3.81516786,48.5293073],[3.8151191,48.52930764],[3.81505726,48.52933775],[3.81503314,48.52935411],[3.81500619,48.52936329],[3.81498074,48.52938146],[3.8149389,48.52939074],[3.81492549,48.52939983],[3.81488104,48.52941543],[3.81485984,48.52944616],[3.81480566,48.52944563],[3.81476546,48.52947379],[3.81472363,48.52948398],[3.81466603,48.52952485],[3.81461911,48.52955666],[3.81457862,48.52956594],[3.81453283,48.52958244],[3.81439997,48.52966162],[3.81434239,48.5297043],[3.81429919,48.52971359],[3.81424544,48.52974094],[3.8142185,48.52975102],[3.81417547,48.52977111],[3.81415135,48.52978747],[3.81409191,48.52979777],[3.81400458,48.52984335],[3.81397763,48.52985253],[3.81389842,48.52989806],[3.8138539,48.52990916],[3.81377752,48.52996276],[3.81375058,48.52997194],[3.81373867,48.52999001],[3.81371067,48.53001899],[3.81365812,48.53003644],[3.81360437,48.5300638],[3.81357742,48.53007298],[3.8135115,48.53010222],[3.81353885,48.53011912],[3.81353792,48.53014612],[3.81363018,48.53015628],[3.81371475,48.53010712],[3.81375524,48.53009785],[3.81379558,48.53007868],[3.81384813,48.53006123],[3.81386153,48.53005214],[3.81388847,48.53004206],[3.81390173,48.53002398],[3.81395428,48.53000653],[3.81403483,48.52996009],[3.81406176,48.52995001],[3.8140941,48.529939],[3.81417075,48.52990339],[3.81419459,48.52986814],[3.81424996,48.52985786],[3.81427541,48.5298397],[3.81430357,48.52982151],[3.81432931,48.52982134],[3.81435611,48.52980316],[3.81438169,48.52979309],[3.81439509,48.529784],[3.8144234,48.52977481],[3.81444885,48.52975664],[3.81447579,48.52974746],[3.8144892,48.52973838],[3.81451615,48.52972919],[3.81456853,48.52970095],[3.81461712,48.52968982],[3.81463569,48.5296645],[3.81464909,48.52965541],[3.81470001,48.52961998],[3.81473099,48.52960897],[3.81475509,48.52959081],[3.81478204,48.52958163],[3.81485859,48.52953973],[3.81491661,48.52952583],[3.81495412,48.52949859],[3.81499596,48.52948931],[3.81500942,48.52948382],[3.81496818,48.52944452],[3.81496794,48.52942922],[3.81502328,48.52941715],[3.81504929,48.52943496],[3.81508734,48.5294428],[3.81518269,48.52938997],[3.81527866,48.52937761],[3.81530411,48.52935945],[3.81533106,48.52935027],[3.81541025,48.52930384],[3.8154372,48.52929466],[3.8154506,48.52928557],[3.81549484,48.52925648],[3.8155447,48.52923995],[3.81555809,48.52922996],[3.81562152,48.52921513],[3.81563876,48.52919162],[3.81568032,48.52916435],[3.81575833,48.52912873],[3.81577575,48.52911691]]]]},"properties":{"nature":"Haie","precision":3,"modifiedAt":null}},{"type":"Feature","id":"ZONEVEGE0000002322371347","geometry":{"type":"MultiPolygon","coordinates":[[[[3.82899167,48.51955605],[3.82889061,48.51958824],[3.82901833,48.5197007],[3.82910064,48.5197676],[3.82932742,48.51989286],[3.82961894,48.52000148],[3.83035656,48.52006021],[3.83057582,48.52013784],[3.83080979,48.52020368],[3.83128231,48.52019768],[3.83183296,48.52016504],[3.83201743,48.52018354],[3.83293845,48.52044877],[3.83309152,48.52053676],[3.8334307,48.52057577],[3.83376418,48.52051225],[3.83412233,48.52029653],[3.83405741,48.52021692],[3.83390112,48.52035206],[3.833679,48.52043548],[3.83348354,48.52049263],[3.83294164,48.52039387],[3.83254134,48.52025814],[3.83201237,48.5201206],[3.83149258,48.52013503],[3.8310252,48.52012391],[3.83071738,48.52009817],[3.83045866,48.52000821],[3.83000325,48.51998351],[3.82962443,48.51992048],[3.82924128,48.51975492],[3.82899167,48.51955605]]]]},"properties":{"nature":"Haie","precision":3,"modifiedAt":null}},{"type":"Feature","id":"ZONEVEGE0000002322371328","geometry":{"type":"MultiPolygon","coordinates":[[[[3.81949535,48.51882033],[3.81929149,48.51886042],[3.81899733,48.51892722],[3.8189639,48.51895444],[3.81905039,48.51903032],[3.82016939,48.52001129],[3.82053201,48.51981806],[3.81949535,48.51882033]]]]},"properties":{"nature":"Peupleraie","precision":3,"modifiedAt":null}},{"type":"Feature","id":"ZONEVEGE0000002322371327","geometry":{"type":"MultiPolygon","coordinates":[[[[3.81717774,48.53016883],[3.81709004,48.53010376],[3.81704356,48.5300762],[3.81702972,48.5300574],[3.81701313,48.53003592],[3.8169479,48.53002198],[3.81689197,48.52999627],[3.81684433,48.52998131],[3.81674189,48.52992623],[3.81672549,48.52991735],[3.81670142,48.52993731],[3.81671248,48.52995163],[3.81673933,48.52993615],[3.81709245,48.53017122],[3.81717774,48.53016883]]]]},"properties":{"nature":"Haie","precision":3,"modifiedAt":null}},{"type":"Feature","id":"ZONEVEGE0000002322371342","geometry":{"type":"MultiPolygon","coordinates":[[[[3.82972152,48.5325649],[3.82967679,48.53256341],[3.82967853,48.53258769],[3.82964502,48.53260951],[3.82962491,48.53262315],[3.82959797,48.53263233],[3.82945121,48.53268823],[3.82938364,48.5326986],[3.82934311,48.53270518],[3.82939803,48.53275158],[3.82941479,48.53278385],[3.82945562,48.53279615],[3.82950758,48.53274092],[3.82953438,48.53272274],[3.82958721,48.53272327],[3.82955139,48.5327703],[3.82958285,48.53278987],[3.82968464,48.53280265],[3.82970262,48.53282592],[3.82973937,48.53283736],[3.82975335,48.53286425],[3.82976703,48.53287315],[3.82978086,48.53289104],[3.82979604,48.53290893],[3.8298119,48.53296909],[3.82979373,48.5330196],[3.82981308,48.53304375],[3.82982733,48.53308864],[3.82985483,48.53311453],[3.82987156,48.5331441],[3.8299144,48.53319778],[3.82996702,48.53318482],[3.82996333,48.53312277],[3.82997659,48.53310469],[3.82996262,48.5330778],[3.83003004,48.53305843],[3.83008235,48.53302568],[3.83004109,48.53298639],[3.83002712,48.5329595],[3.82997632,48.53291667],[3.82991925,48.53290537],[3.82989112,48.53292536],[3.82987095,48.5329345],[3.82984886,48.53290856],[3.82979232,48.53284508],[3.82979312,48.53280999],[3.82977794,48.53279211],[3.82976381,48.53275532],[3.8298451,48.53275655],[3.82985805,48.53271868],[3.82982905,48.5326838],[3.82981071,48.53263714],[3.82991742,48.53261841],[3.82993463,48.5325931],[3.82973133,48.53258552],[3.82972152,48.5325649]]]]},"properties":{"nature":"Haie","precision":3,"modifiedAt":null}},{"type":"Feature","id":"ZONEVEGE0000002322371346","geometry":{"type":"MultiPolygon","coordinates":[[[[3.8391817,48.51987318],[3.83863491,48.51989233],[3.83652563,48.51984422],[3.834333,48.51779049],[3.83409178,48.51794961],[3.83391349,48.51797875],[3.83371024,48.51797028],[3.83368859,48.51797134],[3.83366963,48.51797147],[3.83347746,48.51797911],[3.83330938,48.51805406],[3.83314703,48.51814876],[3.83298552,48.51821107],[3.83277615,48.51824402],[3.83260544,48.51823892],[3.832429,48.51821407],[3.83231514,48.51820677],[3.83223401,48.51821453],[3.83214365,48.51823766],[3.83191803,48.51835619],[3.83176317,48.51849671],[3.83173963,48.51854906],[3.83141466,48.5183804],[3.83114672,48.51822124],[3.83087305,48.51804233],[3.83068051,48.51785565],[3.83058118,48.51765393],[3.83060296,48.51740458],[3.83068413,48.51722859],[3.83072212,48.51714825],[3.83076346,48.51693655],[3.83079487,48.51669703],[3.83075224,48.51657048],[3.83064854,48.51652083],[3.83062557,48.51652369],[3.83053224,48.51653064],[3.83044583,48.51654653],[3.83034025,48.51654907],[3.82945452,48.51654086],[3.82925057,48.51657377],[3.82905491,48.51661742],[3.82894022,48.51664341],[3.8286984,48.51667928],[3.82826263,48.51678128],[3.82794943,48.51684194],[3.82776295,48.51686663],[3.82758154,48.51686969],[3.82745532,48.51685168],[3.82726328,48.51678104],[3.82700113,48.51655886],[3.82679726,48.51633897],[3.82669297,48.51625153],[3.82659033,48.51618297],[3.82631679,48.51592488],[3.82615329,48.51577488],[3.82608577,48.51570068],[3.82568152,48.51539582],[3.82537305,48.51524052],[3.8251535,48.51531492],[3.82483063,48.5154494],[3.82432447,48.51563914],[3.82394596,48.51576591],[3.82347214,48.51594552],[3.82321219,48.51603459],[3.82280055,48.51620747],[3.8221187,48.51650637],[3.82201671,48.51656555],[3.82196997,48.51660725],[3.82195172,48.51665236],[3.8219483,48.51695286],[3.82190994,48.5170107],[3.82181478,48.51707344],[3.82220557,48.51721108],[3.82257242,48.5172895],[3.82291442,48.51759661],[3.82349412,48.51794974],[3.82456174,48.5163473],[3.8258469,48.51747191],[3.82349414,48.51795064],[3.82326097,48.51827972],[3.82281918,48.51886304],[3.82279367,48.51904944],[3.82286021,48.51906158],[3.82322184,48.51897901],[3.82346021,48.51898095],[3.8236352,48.51900043],[3.82425306,48.51876404],[3.82465636,48.51866229],[3.82474541,48.51864188],[3.82510973,48.51855838],[3.82558244,48.51847863],[3.82617394,48.51837556],[3.82633329,48.51834747],[3.82636634,48.51821049],[3.82656718,48.51789333],[3.82682441,48.51771791],[3.8268533,48.51766103],[3.82688484,48.51759964],[3.82693165,48.51756243],[3.82700899,48.51748632],[3.82712086,48.51745316],[3.82732749,48.51741843],[3.82751188,48.51743244],[3.82761045,48.51750013],[3.82769929,48.51755259],[3.82770157,48.51761105],[3.82769564,48.51766417],[3.82774378,48.51771151],[3.82780156,48.51776868],[3.82778175,48.51788667],[3.82773629,48.51800934],[3.82773651,48.51819466],[3.82773756,48.51860488],[3.82780367,48.51876096],[3.82819531,48.51894985],[3.8282223,48.51902973],[3.82845116,48.51920176],[3.82889061,48.51958824],[3.82899167,48.51955605],[3.82897248,48.51954179],[3.82926108,48.51886595],[3.82898262,48.51855482],[3.8276289,48.51738215],[3.82797432,48.51713234],[3.82821454,48.51708029],[3.82858381,48.51722616],[3.83005579,48.5179122],[3.83019013,48.51801562],[3.83128114,48.51892741],[3.83164265,48.51866759],[3.83175231,48.51866592],[3.83186453,48.51856887],[3.8319855,48.51851225],[3.83202051,48.51841395],[3.83212551,48.51828906],[3.83245871,48.51829393],[3.83251686,48.51828902],[3.83267282,48.51838869],[3.83276204,48.51837907],[3.83281736,48.51836608],[3.83284063,48.51838211],[3.83302949,48.51850674],[3.83356315,48.51902568],[3.83357966,48.51904176],[3.83367568,48.51911935],[3.83402962,48.51940565],[3.83405979,48.51942973],[3.83448236,48.51985858],[3.83455823,48.51986075],[3.83467607,48.51986262],[3.83481832,48.51986612],[3.83499082,48.51981363],[3.83548583,48.5199442],[3.83578853,48.52007341],[3.83614529,48.52019595],[3.8365342,48.52029667],[3.8369335,48.52036943],[3.83717652,48.52049277],[3.83733486,48.52065538],[3.83750431,48.52075135],[3.83770104,48.52026506],[3.83801895,48.52024483],[3.83823359,48.5202865],[3.838365,48.52037464],[3.83845208,48.52048468],[3.838583,48.52062679],[3.83863545,48.5206885],[3.839137,48.52088827],[3.83915597,48.52080447],[3.83888597,48.52034937],[3.83926094,48.52033952],[3.83931858,48.52055683],[3.8394502,48.52074212],[3.83958264,48.52089412],[3.8397297,48.52102893],[3.83997096,48.52104162],[3.8396677,48.52053997],[3.8391817,48.51987318]]]]},"properties":{"nature":"Peupleraie","precision":3,"modifiedAt":null}},{"type":"Feature","id":"ZONEVEGE0000002322371344","geometry":{"type":"MultiPolygon","coordinates":[[[[3.82540709,48.52273958],[3.8249978,48.52211808],[3.8250047,48.52204067],[3.82524266,48.52201562],[3.82626525,48.52210928],[3.82661724,48.52270328],[3.82721488,48.52281428],[3.82757889,48.52279555],[3.82798797,48.52288716],[3.82850895,48.52286014],[3.8294254,48.52283486],[3.83081081,48.52274781],[3.83084089,48.5227656],[3.83113241,48.52270238],[3.83179759,48.52263116],[3.83229668,48.52259078],[3.83318936,48.52243339],[3.83396762,48.52231998],[3.83400274,48.52231433],[3.83385626,48.52213004],[3.83375645,48.52164494],[3.83401313,48.52160535],[3.83398175,48.52142025],[3.83391356,48.52122011],[3.83400336,48.52099098],[3.83408745,48.52082845],[3.83426582,48.52080381],[3.83451038,48.52085427],[3.83473961,48.52087695],[3.83517712,48.52088288],[3.83550612,48.52206807],[3.83571133,48.52202795],[3.83600232,48.5220169],[3.83620018,48.52202541],[3.83638304,48.52202772],[3.83662402,48.52202242],[3.83669592,48.52203002],[3.836233,48.52060107],[3.83661302,48.52056871],[3.83671727,48.52065164],[3.83669429,48.52082453],[3.8366869,48.52095502],[3.83672008,48.52108254],[3.83679507,48.52128443],[3.83685634,48.52147472],[3.83712935,48.52144041],[3.83719415,48.52159739],[3.83740898,48.52156618],[3.83752144,48.52165446],[3.83773183,48.52159989],[3.83800421,48.521526],[3.83822721,48.52149744],[3.83825138,48.52156924],[3.83818945,48.52167674],[3.8381704,48.5218406],[3.83816688,48.52195938],[3.83790311,48.52197923],[3.83768859,48.52194476],[3.83747067,48.52178256],[3.83743356,48.52174864],[3.83732379,48.52182858],[3.83728912,48.52194757],[3.83731304,48.52208864],[3.83767923,48.52212205],[3.83789471,48.52213133],[3.83809454,48.52209393],[3.83815375,48.52207012],[3.83851576,48.52218092],[3.83864711,48.52218],[3.83879238,48.52228783],[3.8388329,48.52211121],[3.83880385,48.52164991],[3.8386923,48.52136462],[3.83846764,48.52120427],[3.83802229,48.52113184],[3.83768413,48.52107215],[3.83730089,48.52090302],[3.83698256,48.52064347],[3.83689295,48.52045878],[3.83653501,48.52043251],[3.83615392,48.52039741],[3.83595298,48.52036554],[3.83577957,48.52027589],[3.83541079,48.52007877],[3.83508046,48.52000012],[3.83489367,48.52000593],[3.83457398,48.52017011],[3.83434427,48.52037234],[3.83425871,48.52044221],[3.83403666,48.52053013],[3.83364038,48.52064717],[3.83332753,48.52064576],[3.83311893,48.52064273],[3.83233687,48.5204296],[3.83230301,48.52034437],[3.83214926,48.52029867],[3.83205415,48.5203641],[3.83178057,48.52027696],[3.83139849,48.5203507],[3.83087705,48.52034625],[3.83056286,48.52026028],[3.83026355,48.52017331],[3.82988657,48.52014086],[3.82960167,48.52010866],[3.82950943,48.52009851],[3.82900755,48.5198753],[3.82888865,48.5197214],[3.82888174,48.51971245],[3.82856806,48.5195725],[3.82850762,48.51968987],[3.82855873,48.51983885],[3.82883278,48.52012752],[3.82886714,48.52041696],[3.8286337,48.52064169],[3.8283362,48.52083989],[3.82792804,48.5211495],[3.82766334,48.52136726],[3.82764085,48.52165889],[3.82767575,48.52181069],[3.82827348,48.52192797],[3.82860633,48.52190946],[3.8288958,48.52180218],[3.82906136,48.52173805],[3.82910078,48.52166131],[3.82914413,48.52166191],[3.82915515,48.52158806],[3.8290339,48.5213712],[3.82894572,48.52119009],[3.82896936,48.52097222],[3.82904507,48.5207072],[3.82913365,48.52048527],[3.8293178,48.52031216],[3.82938844,48.52032606],[3.82918228,48.5205632],[3.82915148,48.52067047],[3.82915339,48.52079191],[3.82912033,48.52101344],[3.82913861,48.52114196],[3.82922889,48.5214553],[3.82933032,48.52161833],[3.82927702,48.52175904],[3.82919148,48.52183071],[3.82901584,48.52194259],[3.82858783,48.52202384],[3.82817905,48.52203748],[3.82791071,48.52202496],[3.82754291,48.52188898],[3.82747087,48.52178602],[3.82745839,48.52168175],[3.82750946,48.52148528],[3.82758744,48.52127782],[3.82779902,48.52112611],[3.826779,48.52024978],[3.82666226,48.52014623],[3.82676284,48.52008346],[3.82587724,48.5193987],[3.82619733,48.51925884],[3.82669578,48.51909344],[3.82710846,48.51932897],[3.82798662,48.52005605],[3.82816895,48.52019692],[3.82809139,48.520345],[3.82852034,48.52058041],[3.82864365,48.52049948],[3.8287224,48.5203415],[3.82870435,48.52022737],[3.82865357,48.52009908],[3.82853391,48.51998206],[3.82844939,48.51977574],[3.8283969,48.51945314],[3.82810415,48.51909443],[3.82802586,48.5190248],[3.82770413,48.51897486],[3.82732733,48.5189532],[3.82668337,48.51899366],[3.82615651,48.5190747],[3.82559637,48.51936377],[3.82529452,48.51954489],[3.82475295,48.51981044],[3.82433529,48.52003285],[3.82406988,48.52012015],[3.82371958,48.52023413],[3.82337979,48.52024189],[3.82300214,48.52016713],[3.8226089,48.52004751],[3.82256128,48.52003344],[3.82230053,48.5198994],[3.82173011,48.52022631],[3.82147843,48.52015339],[3.82099144,48.52001371],[3.81984575,48.52070533],[3.82028889,48.52081113],[3.82044174,48.52080018],[3.82061312,48.52076121],[3.82090472,48.52061616],[3.82113915,48.52053897],[3.82147518,48.52046468],[3.82172591,48.52047734],[3.82184882,48.52054306],[3.82191561,48.52065685],[3.8218973,48.52087109],[3.8218857,48.52099532],[3.82191577,48.52109947],[3.82199454,48.52111332],[3.82207948,48.52108934],[3.82222286,48.52107845],[3.82248291,48.52116751],[3.82251017,48.52117812],[3.82289304,48.52132661],[3.82292328,48.52135519],[3.82303889,48.52147314],[3.82309891,48.52158697],[3.82314297,48.52171981],[3.82323195,48.52186674],[3.82347108,48.52208909],[3.82373204,48.52223482],[3.82395591,48.52234752],[3.82424642,48.52256411],[3.82462917,48.52278996],[3.82498382,48.5230376],[3.82525058,48.52286302],[3.82528686,48.52284477],[3.82535732,48.52276152],[3.82540709,48.52273958]]]]},"properties":{"nature":"Peupleraie","precision":3,"modifiedAt":null}},{"type":"Feature","id":"ZONEVEGE0000002322371338","geometry":{"type":"MultiPolygon","coordinates":[[[[3.82670037,48.5324456],[3.82673488,48.53240038],[3.82672088,48.53237169],[3.8267057,48.5323538],[3.82670841,48.53226832],[3.82665094,48.53214547],[3.82663103,48.53208534],[3.82660353,48.53205944],[3.82658787,48.53201097],[3.82654644,48.53196088],[3.82653219,48.531916],[3.82651701,48.53189811],[3.82649865,48.53185056],[3.82645979,48.53179145],[3.82644567,48.53175467],[3.82643185,48.53173767],[3.82641067,48.53168294],[3.82638859,48.53165701],[3.82636604,48.53160139],[3.82633152,48.53155934],[3.82631725,48.53151356],[3.82628964,48.53148047],[3.82632071,48.53147486],[3.82633569,48.53148015],[3.82630719,48.53139039],[3.82624758,48.5313899],[3.82621593,48.53127227],[3.82619406,48.53125983],[3.82614751,48.53122866],[3.82608506,48.5312192],[3.82606391,48.53116627],[3.82604874,48.53114928],[3.82603462,48.5311125],[3.82600712,48.5310866],[3.82599301,48.53105071],[3.82595046,48.53101502],[3.82593247,48.53099086],[3.82589573,48.53098032],[3.82588148,48.53093544],[3.82585261,48.53090865],[3.82583864,48.53088176],[3.82581113,48.53085496],[3.82579716,48.53082807],[3.82575437,48.53077709],[3.82574023,48.5307394],[3.82571124,48.53070452],[3.82572461,48.53069363],[3.82575171,48.53069434],[3.8254687,48.53052718],[3.82544973,48.53052641],[3.82541454,48.53052845],[3.82539514,48.5305007],[3.82535303,48.5304929],[3.82532163,48.53047692],[3.82526291,48.53044674],[3.82521691,48.53044976],[3.8251898,48.53044905],[3.82516423,48.53045912],[3.8250669,48.53047149],[3.82505512,48.53049766],[3.8249867,48.53053952],[3.82493817,48.53055425],[3.82492119,48.53059395],[3.82487535,48.53060776],[3.82484475,48.53064306],[3.82483398,48.53064674],[3.82476807,48.53067598],[3.8247802,48.53075866],[3.82482928,48.53077901],[3.82484836,48.53078608],[3.82486499,48.53081025],[3.82490581,48.53082166],[3.82493596,48.53084394],[3.82498105,48.53086882],[3.82501942,48.53089734],[3.82504129,48.53090978],[3.82505929,48.53093485],[3.82510956,48.5309444],[3.8251234,48.53096319],[3.82517691,48.5310069],[3.82510477,48.53107038],[3.82505886,48.53107969],[3.82503612,48.53109784],[3.82500512,48.53110795],[3.82496615,48.53112711],[3.82492429,48.5311355],[3.82487978,48.53114751],[3.82485836,48.53116385],[3.82481945,48.53118751],[3.82477587,48.53117252],[3.82475017,48.53117449],[3.8247339,48.53117371],[3.82469553,48.53114518],[3.82464141,48.53114916],[3.82462757,48.53113036],[3.82452199,48.53104833],[3.82447083,48.53106848],[3.82439445,48.53103482],[3.82436722,48.53102601],[3.82435354,48.53101711],[3.82432497,48.53100921],[3.82431262,48.5309994],[3.82427316,48.53098798],[3.82425774,48.5309548],[3.82420446,48.53092549],[3.8241341,48.53093047],[3.82410807,48.53091176],[3.82407801,48.53089488],[3.82405168,48.53085727],[3.82403564,48.53078452],[3.8240622,48.53075105],[3.82405763,48.53071869],[3.8240988,48.53066623],[3.82411366,48.53057796],[3.82417785,48.53052534],[3.82417489,48.53050917],[3.82418647,48.5304704],[3.82419551,48.53044245],[3.824188,48.53039572],[3.8243691,48.53019745],[3.82430545,48.53011243],[3.82420709,48.53005913],[3.82419066,48.53004755],[3.82416471,48.53003424],[3.82417934,48.53001704],[3.8241966,48.52999443],[3.82426287,48.52998858],[3.82428206,48.53000284],[3.82439393,48.53005424],[3.82444855,48.53008175],[3.82451385,48.53010019],[3.82453029,48.53011177],[3.82457141,48.53014297],[3.82460404,48.53015084],[3.82459947,48.53011849],[3.82459792,48.5301059],[3.82462073,48.53009225],[3.82447036,48.5298324],[3.82484355,48.5296193],[3.82519423,48.52935328],[3.82570236,48.52953867],[3.8258242,48.52944876],[3.82600704,48.52944749],[3.82635925,48.52988046],[3.82724943,48.52972763],[3.82721948,48.52954612],[3.82717506,48.52947806],[3.82711333,48.52934264],[3.82702795,48.52933964],[3.82681742,48.52930242],[3.82667505,48.52912079],[3.82576986,48.52935198],[3.82573036,48.5292524],[3.8256266,48.52911368],[3.82552256,48.52895787],[3.82537562,48.52891571],[3.82512347,48.52924582],[3.8249913,48.52936818],[3.82473008,48.52955262],[3.82453719,48.52960344],[3.82422231,48.52973427],[3.82399347,48.52982491],[3.82395016,48.52991338],[3.82394624,48.5299224],[3.82392167,48.5300827],[3.82415321,48.53016386],[3.824016,48.53031055],[3.82353221,48.53098502],[3.82433662,48.53123314],[3.82430049,48.53134764],[3.82437667,48.5313687],[3.82495068,48.53160762],[3.82519541,48.53183802],[3.82521743,48.53186036],[3.82522992,48.53187916],[3.82525723,48.53189337],[3.82527385,48.53191664],[3.82532577,48.53194507],[3.82533963,48.53196477],[3.82543479,48.5319866],[3.82562585,48.53216339],[3.82558832,48.53218884],[3.82533679,48.53230124],[3.82536562,48.5324117],[3.82553339,48.5324852],[3.8256906,48.53257677],[3.82592751,48.53256792],[3.82617994,48.53251309],[3.82670037,48.5324456]]]]},"properties":{"nature":"Peupleraie","precision":3,"modifiedAt":null}},{"type":"Feature","id":"ZONEVEGE0000002322371343","geometry":{"type":"MultiPolygon","coordinates":[[[[3.83335148,48.52999538],[3.83345786,48.52995595],[3.83348479,48.52994587],[3.83352114,48.52993212],[3.83355211,48.52992021],[3.8335473,48.52987346],[3.83354433,48.52985729],[3.83356724,48.52984993],[3.83357229,48.52982651],[3.8335412,48.52983032],[3.83353615,48.52976828],[3.83356528,48.5297267],[3.83354595,48.52970344],[3.83349453,48.5297065],[3.83346321,48.52969593],[3.83342389,48.52960804],[3.83340858,48.52958206],[3.83339388,48.52950929],[3.83337856,48.52948331],[3.83336368,48.52939885],[3.83336563,48.52935116],[3.83334769,48.52933059],[3.83333382,48.52931],[3.83336769,48.52931066],[3.83342867,48.52931203],[3.83344201,48.52929934],[3.83341166,48.52926447],[3.83333857,48.52926768],[3.8333141,48.52917699],[3.83331639,48.52915089],[3.83329228,48.52908268],[3.83329757,48.52898909],[3.83325893,48.52894438],[3.83323961,48.52883656],[3.8332243,48.52881058],[3.83321002,48.5287639],[3.83321333,48.52863163],[3.83342172,48.52861937],[3.83343104,48.52860941],[3.83339814,48.52858445],[3.83334053,48.52853897],[3.8333227,48.52852471],[3.8331979,48.52842752],[3.83321675,48.52842019],[3.83317319,48.528407],[3.83319727,48.52838794],[3.83334333,48.52828886],[3.83337146,48.52826887],[3.8334118,48.5282506],[3.83345228,48.52824132],[3.83349261,48.52822214],[3.83356018,48.52821267],[3.83358577,48.5282035],[3.83365236,48.52821742],[3.83371296,48.52819541],[3.83376153,48.52818337],[3.83384533,48.52817289],[3.83389651,48.52815454],[3.83394104,48.52814433],[3.83399625,48.52812415],[3.8340965,48.52812524],[3.83415187,48.52811496],[3.83426275,48.52810339],[3.83428789,48.52806633],[3.83434018,48.52803267],[3.83436561,48.5280136],[3.83443989,48.52800049],[3.83466255,48.52777852],[3.83461582,48.5276511],[3.83460587,48.52762148],[3.83449903,48.52763123],[3.83411084,48.52766454],[3.83401894,48.52767688],[3.83393647,48.52768645],[3.8339109,48.52769653],[3.8338578,48.52767891],[3.83382814,48.52768811],[3.83377302,48.52771369],[3.83370819,48.52772494],[3.83363834,48.52776141],[3.83352469,48.52776941],[3.833599,48.52767263],[3.83351064,48.52748163],[3.83347892,48.52744586],[3.83341552,48.52737704],[3.83331076,48.52726172],[3.83327838,48.52727004],[3.83300588,48.52733853],[3.83287937,48.52738889],[3.83278111,48.52742736],[3.83272862,48.52744842],[3.83268286,48.52746674],[3.8325496,48.52751895],[3.83228863,48.52763143],[3.83200889,48.52724385],[3.83152688,48.52674074],[3.83163031,48.52668693],[3.83158482,48.52663687],[3.83152036,48.52650058],[3.83186115,48.52621212],[3.83191327,48.52616767],[3.83184767,48.52613035],[3.83098689,48.52565597],[3.8310718,48.52562929],[3.8315435,48.52548295],[3.83226482,48.52527728],[3.83278659,48.52512879],[3.83288772,48.52510019],[3.83326586,48.5249473],[3.83351346,48.52484661],[3.83323619,48.52410277],[3.83303751,48.52404298],[3.83239504,48.52264497],[3.83225715,48.52266033],[3.83186244,48.52270717],[3.83155032,48.52275254],[3.83124892,48.52279063],[3.83096729,48.5227944],[3.83089281,48.52279492],[3.83091606,48.52280915],[3.83088224,48.52281119],[3.8304479,48.52283581],[3.83006456,48.52291676],[3.82966739,48.52289344],[3.82864789,48.52299682],[3.82847403,48.52305021],[3.82809708,48.52302134],[3.82801318,48.52302553],[3.82788906,48.52331337],[3.82811925,48.52382545],[3.8283126,48.52380522],[3.82882117,48.52470669],[3.82820094,48.52488194],[3.82870756,48.52565929],[3.82840688,48.52574415],[3.82862754,48.52608087],[3.82896383,48.52653463],[3.8292999,48.52774588],[3.82879755,48.52792571],[3.82867081,48.52667612],[3.82849347,48.52633909],[3.82815901,48.52634322],[3.82833804,48.52661636],[3.82809608,48.52664683],[3.82788143,48.52669061],[3.8277166,48.52680241],[3.82777901,48.526981],[3.82781355,48.52710941],[3.82784299,48.52725854],[3.82750703,48.52734005],[3.82738694,48.52736877],[3.82676346,48.52751165],[3.82637479,48.52760072],[3.82621151,48.52763874],[3.82605772,48.52767759],[3.82600647,48.52769144],[3.82594711,48.52770625],[3.82555996,48.52780609],[3.82551608,48.52768585],[3.825493,48.52759605],[3.8255284,48.52743567],[3.82561712,48.52722094],[3.82562542,48.52705985],[3.82554643,48.52686069],[3.8254406,48.52676246],[3.82545255,48.52674709],[3.8255689,48.52656725],[3.82570328,48.52624156],[3.82615289,48.52615297],[3.82631865,48.52644419],[3.82646659,48.52689388],[3.82666431,48.5268925],[3.82696043,48.52686165],[3.82732494,48.52678715],[3.82742482,48.52676486],[3.82758135,48.52672869],[3.82761194,48.52660702],[3.82745487,48.52635173],[3.82679811,48.52635899],[3.82616065,48.52535585],[3.82609032,48.52527627],[3.82607516,48.52525928],[3.82631184,48.52515238],[3.82541245,48.52325233],[3.82526016,48.5232138],[3.82508569,48.52331487],[3.82512703,48.52353229],[3.82546649,48.52427663],[3.8256993,48.52504239],[3.82553696,48.52505431],[3.82539691,48.5250193],[3.82517838,48.52507479],[3.82507619,48.52512138],[3.82488767,48.5251047],[3.82472692,48.525131],[3.82460967,48.5251678],[3.82419487,48.52411002],[3.82380833,48.52424675],[3.82422154,48.52529014],[3.82437209,48.52556258],[3.8242938,48.52583751],[3.82446086,48.5262124],[3.82474154,48.52657749],[3.82430727,48.52678112],[3.82420013,48.52677197],[3.8240834,48.52684205],[3.82405365,48.52693132],[3.82403887,48.52702498],[3.82385907,48.52704602],[3.82376888,48.52708173],[3.82375677,48.52708631],[3.82411983,48.52752281],[3.82438956,48.52753533],[3.82458367,48.52756278],[3.82492552,48.52811367],[3.82539252,48.52878514],[3.82562085,48.52857665],[3.82542648,48.52818846],[3.82568901,48.52817404],[3.82623918,48.52801998],[3.82626212,48.52801443],[3.826312,48.52799969],[3.82633089,48.52799506],[3.82701051,48.52780411],[3.82757687,48.52764633],[3.82761466,48.52789526],[3.82762214,48.52794019],[3.82782587,48.52797566],[3.82781191,48.52812149],[3.82744779,48.52822119],[3.82722116,48.52853673],[3.82803073,48.5297132],[3.82851855,48.52964143],[3.8281138,48.52888407],[3.82982736,48.52846819],[3.83002748,48.52887432],[3.82887785,48.52923589],[3.82889009,48.52932487],[3.82900537,48.52950579],[3.82912767,48.52961649],[3.82915753,48.52962078],[3.82928493,48.52962529],[3.82934591,48.52962756],[3.82933743,48.52960513],[3.82940366,48.52959657],[3.82942924,48.5295865],[3.82946438,48.52958176],[3.82950481,48.52956888],[3.82963015,48.52952932],[3.82985254,48.5294603],[3.83017464,48.52935819],[3.83049674,48.52925608],[3.8305689,48.5291944],[3.83060547,48.52919415],[3.83070091,48.5291485],[3.83069119,48.52913327],[3.83067445,48.5291028],[3.83064711,48.5290868],[3.83065829,48.52902285],[3.83067483,48.52895526],[3.83064306,48.5289168],[3.83062743,48.52887013],[3.83059856,48.52884334],[3.83060141,48.52876686],[3.8305933,48.52868235],[3.83060818,48.52868135],[3.83063393,48.52868206],[3.83069242,48.52861239],[3.83072742,48.52859865],[3.83077061,48.52858935],[3.83088038,48.52850762],[3.83095236,48.52851971],[3.83099726,48.52853289],[3.831015,48.52862632],[3.83106819,48.52864934],[3.8311291,48.52864712],[3.83120766,48.52864747],[3.83126677,48.52861647],[3.83129632,48.52860097],[3.83133673,48.52858719],[3.83139135,48.52852923],[3.83148069,48.52852591],[3.83151213,48.52854458],[3.83153868,48.52859567],[3.83161961,48.52865988],[3.83168575,48.52864592],[3.83171628,48.52860613],[3.83170242,48.52858643],[3.83168724,48.52856855],[3.83168903,48.52851096],[3.8316902,48.52849925],[3.83165875,48.52848058],[3.83169352,48.52845245],[3.83171247,48.52845142],[3.83176286,48.52846906],[3.83178176,48.52846533],[3.83180741,48.52845975],[3.83192813,48.52838514],[3.83198096,48.52838567],[3.83201463,48.52837374],[3.83206227,48.5283887],[3.83210889,48.52833889],[3.83212934,48.52834774],[3.83214042,48.52836296],[3.83214873,48.5283746],[3.83218098,48.52835818],[3.83220773,48.5283373],[3.83227123,48.52832696],[3.83230168,48.52828266],[3.83233174,48.52829955],[3.83233097,48.52833644],[3.83237139,48.52840812],[3.83238834,48.52845209],[3.83240352,48.52846997],[3.83241873,48.52848966],[3.83244498,48.52852186],[3.83245912,48.52855954],[3.83248782,48.52857554],[3.8325021,48.52862222],[3.83251729,48.5286401],[3.83254607,48.52874696],[3.8325737,48.52878095],[3.83257535,48.52879983],[3.83256191,48.52880622],[3.83250142,48.52883543],[3.83239327,48.52884788],[3.83239143,48.52890277],[3.83238862,48.52898196],[3.83241857,48.52899165],[3.83243312,48.52905452],[3.83245105,48.52907508],[3.8324493,48.52913537],[3.8324768,48.52916127],[3.83249217,48.52919085],[3.83251978,48.52922394],[3.83253432,48.52928681],[3.8325578,48.52931543],[3.83260702,48.52942934],[3.83262199,48.5295192],[3.83265787,48.52956123],[3.83267909,48.52961776],[3.83269426,48.52963474],[3.83270839,48.52967153],[3.8327349,48.52972082],[3.83275043,48.5297603],[3.83276561,48.52977818],[3.83278001,48.52983206],[3.8327952,48.52984995],[3.83280669,48.52989125],[3.83303025,48.52989598],[3.83312087,48.53005817],[3.833132,48.53007699],[3.83335148,48.52999538]],[[3.8293387,48.52428926],[3.82918202,48.52371639],[3.82980307,48.52350874],[3.82997334,48.52365599],[3.83025396,48.52358836],[3.83036678,48.52370002],[3.83038604,48.52371878],[3.83065918,48.524119],[3.83106926,48.52410174],[3.83148827,48.52396387],[3.8317161,48.5238975],[3.83195673,48.52429705],[3.83199156,48.52435798],[3.8309473,48.52452452],[3.83077712,48.52421174],[3.83066912,48.52423408],[3.82980337,48.52464046],[3.82944764,48.5247554],[3.82929298,48.52448119],[3.82926375,48.52434556],[3.8293387,48.52428926]],[[3.83054102,48.52692036],[3.83048424,48.52684159],[3.83032321,48.52685081],[3.83002418,48.52686909],[3.82986088,48.52647799],[3.82961403,48.52654089],[3.82961034,48.52647884],[3.82956779,48.52644315],[3.83019563,48.52632002],[3.8305274,48.5263168],[3.83068893,48.52659636],[3.83075718,48.52671553],[3.83070956,48.52670147],[3.83070547,48.52687063],[3.83073422,48.52689022],[3.83073865,48.52691358],[3.83068196,48.52692567],[3.83056452,48.52695078],[3.83054102,48.52692036]]]]},"properties":{"nature":"Peupleraie","precision":3,"modifiedAt":null}},{"type":"Feature","id":"ZONEVEGE0000002322371336","geometry":{"type":"MultiPolygon","coordinates":[[[[3.81747944,48.53040696],[3.81743839,48.53038025],[3.81740282,48.53035801],[3.81737118,48.53032674],[3.81735751,48.53031873],[3.81729323,48.53027869],[3.81726974,48.53024917],[3.81719568,48.5301903],[3.81717774,48.53016883],[3.81709245,48.53017122],[3.81673933,48.52993615],[3.81671248,48.52995163],[3.81453809,48.53122961],[3.81467944,48.53134739],[3.81471099,48.53137326],[3.81477687,48.53142858],[3.81489762,48.53152851],[3.81494291,48.53156689],[3.81507328,48.53167575],[3.81513483,48.53171401],[3.81515397,48.53172557],[3.81518272,48.53174517],[3.81521062,48.53179715],[3.81523813,48.53182395],[3.8152547,48.53184453],[3.81532171,48.53188545],[3.8153506,48.53191404],[3.81549645,48.53179879],[3.81568512,48.53164996],[3.81587332,48.53164507],[3.81624667,48.53143919],[3.81676627,48.53105689],[3.81715944,48.53073302],[3.81747944,48.53040696]]]]},"properties":{"nature":"Peupleraie","precision":3,"modifiedAt":null}},{"type":"Feature","id":"ZONEVEGE0000002322371341","geometry":{"type":"MultiPolygon","coordinates":[[[[3.82300578,48.5271311],[3.82279062,48.52697065],[3.82235169,48.52653198],[3.82186841,48.52602793],[3.82177699,48.52581176],[3.82178338,48.52552833],[3.82161055,48.52564828],[3.82140762,48.52574954],[3.8211552,48.52580346],[3.82180022,48.52660326],[3.82250217,48.52740447],[3.82262961,48.52749895],[3.82262607,48.52753226],[3.82226844,48.52787389],[3.82199735,48.52777411],[3.82141593,48.52723116],[3.82057586,48.52651636],[3.82035889,48.52667259],[3.82045168,48.52671693],[3.82053698,48.52671545],[3.82063793,48.52676153],[3.82061431,48.52689663],[3.82003375,48.52744671],[3.81995156,48.52747427],[3.81983055,48.52753088],[3.81978737,48.52754107],[3.81971863,48.52756224],[3.82009779,48.52790418],[3.82050048,48.527412],[3.82082112,48.52756273],[3.82141472,48.52793197],[3.82143439,48.52806408],[3.82117551,48.52831146],[3.82078698,48.52815041],[3.82072387,48.5282723],[3.82067891,48.52842824],[3.82048157,48.52854116],[3.81992869,48.52843702],[3.81979599,48.52843883],[3.81966328,48.52844065],[3.8194998,48.52855333],[3.81929956,48.5285673],[3.81905057,48.52858161],[3.81883355,48.52856152],[3.81858251,48.52853176],[3.81840949,48.5286409],[3.81867074,48.528891],[3.81857015,48.52904103],[3.81854362,48.5290772],[3.81913598,48.52962728],[3.8191227,48.52973083],[3.81898793,48.52977404],[3.81885659,48.52995037],[3.81892784,48.53000296],[3.81816905,48.5306793],[3.81816961,48.53071528],[3.81832156,48.53081769],[3.81841907,48.53081702],[3.81859493,48.53071595],[3.81874884,48.53059704],[3.81893648,48.53055616],[3.8190427,48.53050595],[3.81932439,48.53024312],[3.81946424,48.53017828],[3.819472,48.52998121],[3.81925484,48.5297794],[3.81951619,48.52968853],[3.82054298,48.53038855],[3.82081951,48.53022921],[3.82109646,48.53035594],[3.8213297,48.5302005],[3.82140817,48.53002183],[3.8211911,48.52991268],[3.82079775,48.5301367],[3.8198413,48.52951806],[3.81998348,48.52934256],[3.82014348,48.52926678],[3.82040584,48.52915432],[3.82092282,48.52886827],[3.82106767,48.52886367],[3.8211908,48.52885563],[3.8218227,48.52838346],[3.82226937,48.52801962],[3.82237604,48.52799819],[3.82253161,48.52798632],[3.82274281,48.52806672],[3.8227933,48.52817703],[3.82277359,48.52830221],[3.82253481,48.52853596],[3.82232955,48.5287479],[3.82199394,48.52893914],[3.82192,48.5290611],[3.82193235,48.52915727],[3.82196139,48.52928212],[3.82195235,48.52939643],[3.82187847,48.52952199],[3.82184173,48.52959781],[3.82197889,48.52970752],[3.82221186,48.52988043],[3.82220188,48.52993448],[3.82181066,48.53020797],[3.82190419,48.53055817],[3.82191489,48.53055],[3.82220557,48.53060197],[3.82243308,48.53068586],[3.82267031,48.53078408],[3.82287827,48.53065759],[3.82306997,48.53053122],[3.82330032,48.53053682],[3.82340265,48.53049742],[3.82349701,48.53038252],[3.82346013,48.53027662],[3.82238036,48.52982889],[3.82242767,48.5297359],[3.82257733,48.52969258],[3.82276558,48.52969128],[3.82293679,48.52963972],[3.82295695,48.52954332],[3.8228802,48.52948627],[3.8227879,48.52938705],[3.82251447,48.52913885],[3.82236269,48.52904724],[3.82234459,48.52892952],[3.82249318,48.52881783],[3.82264725,48.52870971],[3.82285503,48.52857243],[3.82306959,48.52852147],[3.82341916,48.52852984],[3.82360784,48.52855642],[3.82364296,48.52846352],[3.82327193,48.52803787],[3.82311479,48.5279499],[3.82301091,48.52788944],[3.82307942,48.52776752],[3.8231467,48.5276528],[3.82311833,48.52757113],[3.82298213,48.52743623],[3.82293739,48.52734748],[3.82292623,48.5272405],[3.82300578,48.5271311]]]]},"properties":{"nature":"Peupleraie","precision":3,"modifiedAt":null}},{"type":"Feature","id":"ZONEVEGE0000002322371340","geometry":{"type":"MultiPolygon","coordinates":[[[[3.82654844,48.53079856],[3.82652783,48.53060798],[3.82654947,48.53060603],[3.82650673,48.53055865],[3.82645733,48.53051761],[3.82641717,48.53046211],[3.82633928,48.53041857],[3.82637824,48.53039851],[3.82619954,48.53040425],[3.82620533,48.5304276],[3.82622052,48.53044639],[3.82621972,48.53048148],[3.82626327,48.53049467],[3.82628977,48.53054307],[3.82632966,48.53058147],[3.82634701,48.53065152],[3.82637879,48.53069088],[3.82632308,48.53076594],[3.82634306,48.53083057],[3.82637939,48.53081503],[3.82642603,48.53076612],[3.82645718,48.53076591],[3.82648576,48.5307747],[3.82654844,48.53079856]]]]},"properties":{"nature":"Haie","precision":3,"modifiedAt":null}},{"type":"Feature","id":"ZONEVEGE0000002322371339","geometry":{"type":"MultiPolygon","coordinates":[[[[3.82071727,48.53122579],[3.82001786,48.53058829],[3.81994922,48.53070302],[3.81974628,48.53080427],[3.81960243,48.53087364],[3.81936715,48.53098591],[3.81937479,48.531128],[3.81978498,48.53154709],[3.81989574,48.5316138],[3.82071727,48.53122579]]]]},"properties":{"nature":"Peupleraie","precision":3,"modifiedAt":null}},{"type":"Feature","id":"ZONEVEGE0000002322371337","geometry":{"type":"MultiPolygon","coordinates":[[[[3.8152599,48.53061022],[3.81531132,48.53060717],[3.81534299,48.53064024],[3.81538204,48.53062558],[3.81541862,48.53062622],[3.81543472,48.53061622],[3.81544629,48.53057656],[3.81548219,48.53053313],[3.81548572,48.53049892],[3.81546356,48.53046758],[3.81538916,48.53047349],[3.81530995,48.53051902],[3.81524652,48.53053384],[3.81522717,48.53059605],[3.81517742,48.53061978],[3.81515047,48.53062896],[3.81510497,48.53066436],[3.81504963,48.53067643],[3.81501767,48.53071174],[3.81498398,48.53072276],[3.81495051,48.53074818],[3.81488973,48.5307594],[3.8148498,48.53080465],[3.8147556,48.53084398],[3.81466664,48.53087248],[3.81460211,48.53090351],[3.81453593,48.53091565],[3.81452308,48.53096072],[3.81450968,48.53096981],[3.81449777,48.53098789],[3.8144309,48.53104322],[3.81444471,48.53106022],[3.81447194,48.53106903],[3.81455786,48.53110712],[3.81458041,48.53107638],[3.81461576,48.53099787],[3.81471574,48.53098099],[3.81480705,48.53092999],[3.814834,48.53092081],[3.81487147,48.53089176],[3.8149238,48.53085992],[3.81493958,48.53082922],[3.81495531,48.53079583],[3.81502676,48.53077375],[3.81507226,48.53073835],[3.81518633,48.5306701],[3.8152599,48.53061022]]]]},"properties":{"nature":"Haie","precision":3,"modifiedAt":null}},{"type":"Feature","id":"ZONEVEGE0000002322371335","geometry":{"type":"MultiPolygon","coordinates":[[[[3.81081227,48.53134324],[3.8107381,48.53136443],[3.81069702,48.53133593],[3.81067516,48.53132348],[3.81067634,48.53131268],[3.81070451,48.53129449],[3.81071523,48.53128722],[3.81072855,48.53127274],[3.81068909,48.53126131],[3.81064668,48.53123371],[3.81061934,48.53121771],[3.81059998,48.53119175],[3.81056324,48.53118121],[3.81054648,48.53114803],[3.81007132,48.53081482],[3.81001793,48.5307783],[3.80995218,48.53073106],[3.80987142,48.53067584],[3.81015199,48.53060106],[3.81021943,48.53058261],[3.81030462,48.53057303],[3.8103935,48.53054004],[3.81051517,48.53052481],[3.80911744,48.52956545],[3.80907977,48.5295819],[3.80903691,48.52961277],[3.80901546,48.52962731],[3.80889399,48.52965513],[3.80884308,48.52969146],[3.8087674,48.52970277],[3.80874355,48.52973712],[3.80861263,48.5297668],[3.80850779,48.52973153],[3.80839935,48.52972597],[3.80836488,48.52977478],[3.80843465,48.53043462],[3.8089339,48.53039884],[3.80905446,48.53048708],[3.80951756,48.53082938],[3.80954766,48.53084897],[3.80960313,48.53084499],[3.80962094,48.53085837],[3.809636,48.53086816],[3.80966199,48.53088508],[3.80972634,48.53092962],[3.80977699,48.53096436],[3.80985639,48.53101869],[3.80988924,48.53104096],[3.80992894,48.53106768],[3.81005625,48.53115497],[3.81006994,48.53116388],[3.81009732,48.53118258],[3.81012197,48.53120041],[3.81014935,48.53121911],[3.81020137,48.53125474],[3.8107043,48.53154369],[3.81084871,48.53151032],[3.81081227,48.53134324]]]]},"properties":{"nature":"Peupleraie","precision":3,"modifiedAt":null}},{"type":"Feature","id":"ZONEVEGE0000002322371334","geometry":{"type":"MultiPolygon","coordinates":[[[[3.81610063,48.5295402],[3.81597203,48.52954468],[3.81597176,48.52944033],[3.81594347,48.52945042],[3.81586978,48.5295022],[3.81570169,48.52957983],[3.81570386,48.52963289],[3.81561099,48.52967041],[3.81553966,48.52969969],[3.81550348,48.52972512],[3.81544586,48.5297651],[3.81531922,48.52980825],[3.81523732,48.5298547],[3.81521037,48.52986388],[3.81518492,48.52988204],[3.81515528,48.52989214],[3.81512982,48.52991031],[3.81510288,48.52991949],[3.81508947,48.52992858],[3.81505048,48.52994684],[3.81488945,48.5300442],[3.81482344,48.53006714],[3.81469847,48.53013097],[3.81462262,48.53013149],[3.81457172,48.53016783],[3.81454208,48.53017793],[3.81448176,48.53021882],[3.81437146,48.53026816],[3.81430164,48.53030732],[3.81426121,48.53032109],[3.81418194,48.53036212],[3.81411437,48.53037247],[3.81410097,48.53038156],[3.81405913,48.53039085],[3.81394415,48.53031337],[3.81386657,48.53028961],[3.81386692,48.53022483],[3.81393711,48.53020906],[3.81395963,48.53017652],[3.81397439,48.53016742],[3.81401773,48.53016712],[3.81410776,48.53012063],[3.8141347,48.53011145],[3.81420451,48.53007138],[3.81423935,48.53004686],[3.81428112,48.53003308],[3.8142805,48.5299926],[3.81430651,48.53001041],[3.81433359,48.53001023],[3.8143316,48.52996886],[3.81438196,48.52998471],[3.81445449,48.52994553],[3.81448144,48.52993634],[3.81454723,48.52989901],[3.81459439,48.52988339],[3.81469508,48.52982603],[3.81472066,48.52981596],[3.81476101,48.52979769],[3.8148015,48.52978841],[3.8148174,48.52976581],[3.81486851,48.52974207],[3.81492224,48.52971382],[3.8149118,48.52965181],[3.81485264,48.52968011],[3.8148257,48.52968929],[3.81473309,48.5297439],[3.8146658,48.52977225],[3.81447076,48.52985905],[3.81437267,48.5299101],[3.81433234,48.52992927],[3.81427316,48.52995666],[3.81414564,48.53003041],[3.81409308,48.53004786],[3.81388368,48.53016984],[3.81379326,48.53019115],[3.81370465,48.53024214],[3.81363347,48.53028131],[3.81355802,48.53030701],[3.81351781,48.53033428],[3.81350473,48.53036405],[3.81347953,48.53039841],[3.8134623,48.53042282],[3.81354592,48.53048702],[3.81360294,48.53049562],[3.81363016,48.53050443],[3.81367778,48.5305176],[3.81369992,48.53054804],[3.81371374,48.53056594],[3.81372784,48.53060182],[3.81374578,48.53062329],[3.81381102,48.53063724],[3.81382469,48.53064524],[3.81397394,48.53066221],[3.8139991,48.53062516],[3.81405275,48.5305906],[3.81406977,48.5305527],[3.81410442,48.53051648],[3.81415859,48.53051611],[3.81419921,48.53051493],[3.81421701,48.53052741],[3.81426281,48.5305109],[3.81430525,48.53045303],[3.81439039,48.53044075],[3.81443995,48.53040443],[3.81449105,48.53038069],[3.81451623,48.53034543],[3.8146146,48.53031237],[3.81465344,48.53028422],[3.81472233,48.53027205],[3.81480022,48.53022923],[3.81485602,48.53024594],[3.81490476,48.53024471],[3.81492249,48.53016542],[3.81497458,48.53011829],[3.81503656,48.53009717],[3.81505377,48.53007186],[3.81511144,48.53003458],[3.81520843,48.53000063],[3.81522679,48.52996182],[3.81526566,48.52993547],[3.81531955,48.5299171],[3.81538592,48.52991665],[3.81541554,48.52990565],[3.81545306,48.5298793],[3.81548136,48.52987011],[3.81552034,48.52985096],[3.81556069,48.52983269],[3.81559071,48.52975961],[3.81565437,48.52976007],[3.81567023,48.52973478],[3.81572414,48.52971731],[3.81581412,48.52966812],[3.81589656,48.52965586],[3.81598784,48.52960305],[3.81601477,48.52959297],[3.81610063,48.5295402]]]]},"properties":{"nature":"Haie","precision":3,"modifiedAt":null}},{"type":"Feature","id":"ZONEVEGE0000002322371333","geometry":{"type":"MultiPolygon","coordinates":[[[[3.80923759,48.52831056],[3.80921416,48.52828463],[3.80905259,48.52825874],[3.80895275,48.52819645],[3.80893137,48.52812732],[3.80891957,48.52806443],[3.8088606,48.52801715],[3.80891812,48.52797088],[3.80905196,48.52795468],[3.80906221,48.52791682],[3.80909692,48.5278842],[3.80913609,48.52787674],[3.8091539,48.52789011],[3.80921763,48.52789507],[3.80923933,48.52789672],[3.80925167,48.52790654],[3.80920541,48.52798062],[3.80918807,48.52799783],[3.80914801,48.52803499],[3.80913704,48.52811423],[3.80916925,48.52818238],[3.80919884,48.52816958],[3.80921769,48.52816226],[3.80923323,48.52820354],[3.80928888,48.52821125],[3.80931476,48.52822097],[3.80935263,48.52821712],[3.80939628,48.52823751],[3.80944768,48.52823266],[3.80946414,48.52824604],[3.80950493,48.52825656],[3.80954743,48.52828956],[3.80960047,48.52830359],[3.80963834,48.5283879],[3.80960068,48.52840525],[3.80957463,48.52838473],[3.80952338,48.52839858],[3.80963468,48.52858944],[3.80977813,48.52866943],[3.81026462,48.52833505],[3.8099535,48.52809787],[3.80963085,48.52790305],[3.80935607,48.52782576],[3.80909815,48.52778793],[3.80888376,48.52785056],[3.80883642,48.52794265],[3.80854079,48.52791857],[3.80832789,48.52921997],[3.80903179,48.52928085],[3.80916115,48.52923769],[3.8091738,48.52891644],[3.80923759,48.52831056]]]]},"properties":{"nature":"Peupleraie","precision":3,"modifiedAt":null}},{"type":"Feature","id":"ZONEVEGE0000002322371326","geometry":{"type":"MultiPolygon","coordinates":[[[[3.81054322,48.52173533],[3.81091114,48.52179489],[3.81116711,48.52197127],[3.81145358,48.52210516],[3.81163335,48.52225777],[3.81142462,48.52233386],[3.81120011,48.52235339],[3.81091472,48.52237693],[3.81061427,48.52238977],[3.81038592,48.52224829],[3.81019207,48.52214795],[3.81004167,48.52223084],[3.80986922,48.52228869],[3.81057181,48.52279669],[3.81082377,48.52271311],[3.81088899,48.52272706],[3.81108369,48.52288226],[3.81183948,48.52341328],[3.81184041,48.52347355],[3.81117825,48.52356713],[3.81134288,48.52361638],[3.81154305,48.52368609],[3.81157759,48.5238181],[3.81161685,48.52399235],[3.81158367,48.52421119],[3.81142473,48.52435441],[3.81132397,48.52449454],[3.81135348,48.52465178],[3.81148466,48.52481461],[3.81174657,48.52502334],[3.81204395,48.52516075],[3.81249119,48.52526834],[3.81277213,48.52530601],[3.81314312,48.52529987],[3.81320593,48.52524546],[3.81320631,48.5249207],[3.81326867,48.52474934],[3.81334037,48.52456983],[3.81342422,48.52438753],[3.81343831,48.52424799],[3.81343592,48.52409417],[3.81340238,48.52402693],[3.81329385,48.52392781],[3.81316822,48.5238612],[3.81303265,48.52376497],[3.81297248,48.52364033],[3.81292202,48.52353003],[3.8130165,48.52342233],[3.81316461,48.52327917],[3.81329842,48.5231748],[3.81358207,48.52312608],[3.81396874,48.52308385],[3.81420984,48.52308579],[3.81444128,48.52307701],[3.8146409,48.52311163],[3.81471394,48.52301847],[3.81471781,48.52291858],[3.81469939,48.52277927],[3.814639,48.52264024],[3.81464817,48.52253312],[3.81454828,48.52237997],[3.81427469,48.52237825],[3.81390947,48.52240594],[3.81351705,48.52242662],[3.81325971,48.52242478],[3.8129047,48.52241281],[3.81251478,48.52224455],[3.8122015,48.52212884],[3.81194706,48.52205141],[3.81136065,48.5216128],[3.81118918,48.52147183],[3.81091867,48.52149347],[3.81076346,48.52152781],[3.81067488,48.5215797],[3.81056424,48.5216938],[3.81054322,48.52173533]]]]},"properties":{"nature":"Peupleraie","precision":3,"modifiedAt":null}},{"type":"Feature","id":"ZONEVEGE0000002322371325","geometry":{"type":"MultiPolygon","coordinates":[[[[3.81597385,48.52922621],[3.81598016,48.52919648],[3.81598384,48.52917216],[3.81594862,48.5291715],[3.81592167,48.52918068],[3.81586885,48.52918105],[3.81581376,48.52920931],[3.81578681,48.52921849],[3.81570197,48.52924966],[3.81565373,48.52928328],[3.81560521,48.52929891],[3.81549384,48.52936624],[3.81546554,48.52937543],[3.81544009,48.5293936],[3.81532298,48.52944028],[3.81519541,48.52951133],[3.81516038,48.52952326],[3.81510662,48.52955062],[3.81507968,48.5295598],[3.81502472,48.52959706],[3.81506868,48.52963635],[3.8151091,48.52962257],[3.81513469,48.5296134],[3.81521523,48.52956697],[3.81528652,48.52953499],[3.81543575,48.5294629],[3.81548263,48.52942929],[3.81551766,48.52941736],[3.81553488,48.52939205],[3.81558891,48.52938268],[3.81565606,48.52934624],[3.81568301,48.52933706],[3.81572745,48.52932056],[3.81574866,48.52929073],[3.81578504,48.52927878],[3.81580227,48.52925437],[3.81587829,48.52926555],[3.81589704,48.52925192],[3.81595095,48.52923446],[3.81597385,48.52922621]]]]},"properties":{"nature":"Haie","precision":3,"modifiedAt":null}},{"type":"Feature","id":"ZONEVEGE0000002322371324","geometry":{"type":"MultiPolygon","coordinates":[[[[3.82776264,48.52499925],[3.82781755,48.52496018],[3.82762988,48.52456835],[3.82741837,48.52446727],[3.82698152,48.5230453],[3.82661262,48.52292552],[3.82611719,48.52294066],[3.82697474,48.52502003],[3.82737653,48.52507751],[3.827457,48.52502747],[3.82776264,48.52499925]]]]},"properties":{"nature":"Peupleraie","precision":3,"modifiedAt":null}},{"type":"Feature","id":"ZONEVEGE0000002322371316","geometry":{"type":"MultiPolygon","coordinates":[[[[3.81859818,48.51946975],[3.81855208,48.51920558],[3.81852318,48.51900246],[3.81864846,48.51896021],[3.81879059,48.51886927],[3.81894095,48.51878547],[3.81913761,48.51871844],[3.81935982,48.51863954],[3.81951147,48.5186385],[3.81970934,48.51864883],[3.82015827,48.51869341],[3.82049042,48.51880447],[3.82069035,48.51894613],[3.82080801,48.51902269],[3.82114963,48.51913278],[3.82134704,48.51911343],[3.82176853,48.5191348],[3.82181493,48.51915787],[3.82165834,48.51884319],[3.82106272,48.51747357],[3.82098009,48.51755781],[3.82092248,48.51759779],[3.82084186,48.51763793],[3.82068439,48.51769929],[3.82058468,48.51773147],[3.82049873,48.51777704],[3.82046856,48.51783932],[3.82044173,48.51794207],[3.82032799,48.51802922],[3.82010096,48.51805957],[3.8199,48.51811134],[3.81975366,48.51819241],[3.81968954,48.51824863],[3.81962157,48.51840474],[3.81956551,48.5184573],[3.81947834,48.51851188],[3.81938143,48.51854943],[3.81926954,48.51858169],[3.81914525,48.51860054],[3.81903708,48.51861118],[3.81879869,48.51860743],[3.81874684,48.51858259],[3.81869607,48.51853976],[3.81862522,48.51851236],[3.81842182,48.51840761],[3.81832688,48.51839836],[3.81822411,48.51840807],[3.81814734,48.51843468],[3.81807476,48.51846937],[3.81793914,48.51854317],[3.81777951,48.51864053],[3.81738764,48.51878177],[3.81744143,48.51884437],[3.81797878,48.51952259],[3.81815866,48.51968149],[3.81859818,48.51946975]]]]},"properties":{"nature":"Peupleraie","precision":3,"modifiedAt":null}},{"type":"Feature","id":"ZONEVEGE0000002322371308","geometry":{"type":"MultiPolygon","coordinates":[[[[3.81598811,48.52909836],[3.81644758,48.52903134],[3.81678365,48.528868],[3.81699212,48.5287739],[3.81699012,48.52864527],[3.81687988,48.52852458],[3.81673347,48.52842933],[3.81657093,48.52834138],[3.8164248,48.52826412],[3.81594065,48.52822426],[3.8156138,48.52828318],[3.81531396,48.52842468],[3.81506457,48.52858742],[3.81479947,48.5284372],[3.81466887,48.52848757],[3.81445431,48.52853852],[3.8142085,48.52858339],[3.81417466,48.52858452],[3.81420914,48.52862477],[3.81426062,48.52871258],[3.81439181,48.52878725],[3.81450657,48.52885123],[3.81468766,48.52891206],[3.81486661,48.52892253],[3.81499134,48.52893067],[3.81513845,48.52898364],[3.81547286,48.52897505],[3.81560991,48.5289912],[3.8156188,48.52904062],[3.81563488,48.52911608],[3.81577575,48.52911691],[3.81578378,48.52911056],[3.81590818,48.52909711],[3.81595983,48.52910845],[3.81598811,48.52909836]]]]},"properties":{"nature":"Peupleraie","precision":3,"modifiedAt":null}},{"type":"Feature","id":"ZONEVEGE0000002322371289","geometry":{"type":"MultiPolygon","coordinates":[[[[3.8181702,48.53144756],[3.81766207,48.53126124],[3.81734222,48.53177082],[3.81752431,48.53206914],[3.81802886,48.53237244],[3.81865522,48.53180137],[3.8181702,48.53144756]]]]},"properties":{"nature":"Peupleraie","precision":3,"modifiedAt":null}},{"type":"Feature","id":"ZONEVEGE0000002322371307","geometry":{"type":"MultiPolygon","coordinates":[[[[3.81374986,48.52852895],[3.81391085,48.52851706],[3.81403578,48.52853779],[3.81424389,48.52850758],[3.8145023,48.52848871],[3.81497216,48.52830647],[3.81527126,48.52820456],[3.81559666,48.52805209],[3.81570914,48.52796946],[3.81576176,48.52786924],[3.81597379,48.52774273],[3.81617746,48.52768826],[3.81625881,48.527694],[3.81627195,48.52766782],[3.81628547,48.52766593],[3.81631106,48.52765675],[3.81639351,48.52764629],[3.81642488,48.52766047],[3.81647533,48.52768172],[3.81655538,48.52769106],[3.81658209,48.52766659],[3.81654125,48.52765337],[3.81650035,48.52763566],[3.81644608,48.52762974],[3.81643251,48.52762803],[3.81640517,48.52761203],[3.81647785,48.52758274],[3.81653244,48.52760935],[3.81656792,48.5276262],[3.81661004,48.52763491],[3.81663549,48.52761674],[3.81671645,48.52759729],[3.81675415,48.52758264],[3.81667909,48.52754627],[3.81655501,48.52749315],[3.81646159,48.52740833],[3.81640067,48.52732328],[3.81636803,48.52722724],[3.81630113,48.52710626],[3.81621799,48.52698538],[3.81617417,48.52686783],[3.81608595,48.52676858],[3.81610633,48.52668567],[3.81623388,48.52661373],[3.81649143,48.52654089],[3.81674298,48.52651757],[3.81701118,48.52643296],[3.81717129,48.52636439],[3.81731608,48.52635619],[3.81753654,48.52633669],[3.81763235,48.52631444],[3.81780137,48.52620982],[3.81739533,48.526227],[3.81660121,48.5263719],[3.81600645,48.52644706],[3.81561329,48.52642187],[3.81471112,48.52649912],[3.81420704,48.52657005],[3.81400305,48.52660383],[3.81362059,48.52683136],[3.8131076,48.52702738],[3.81268066,48.5272696],[3.81241172,48.52748195],[3.8121599,48.52757633],[3.81182968,48.52776751],[3.81152594,48.52791982],[3.81149394,48.52795242],[3.81144216,48.52802025],[3.81145376,48.52806965],[3.81154539,48.5281266],[3.81160001,48.52815501],[3.81179455,48.52821036],[3.81197224,48.52822714],[3.81213881,48.528226],[3.81224508,48.5281785],[3.81238313,48.52808489],[3.81249032,48.52800949],[3.81268147,48.52793352],[3.81284825,48.52794587],[3.81293565,48.52799205],[3.81285589,48.52808886],[3.81280977,48.52817194],[3.81275791,48.52832163],[3.81263611,48.52841512],[3.81265359,48.52849417],[3.81270153,48.52852893],[3.81278831,48.52853553],[3.81298739,48.52853417],[3.81312186,48.52855844],[3.81322449,48.52862611],[3.81339792,48.52871758],[3.81352887,48.52877696],[3.81359661,48.52869103],[3.81374986,48.52852895]]]]},"properties":{"nature":"Peupleraie","precision":3,"modifiedAt":null}},{"type":"Feature","id":"ZONEVEGE0000002322371306","geometry":{"type":"MultiPolygon","coordinates":[[[[3.81719881,48.52456675],[3.81703817,48.52451388],[3.81591937,48.52311276],[3.81530592,48.52233159],[3.81684664,48.52186851],[3.81717738,48.52180056],[3.81697622,48.52157973],[3.816682,48.52129658],[3.81638787,48.52110608],[3.81608747,48.52112163],[3.81574575,48.52126702],[3.81552263,48.52146197],[3.81526028,48.52157352],[3.81518089,48.52160646],[3.81482891,48.52170153],[3.81467856,48.52169986],[3.81312488,48.52228896],[3.81329608,48.52232467],[3.81356939,48.52230841],[3.8140727,48.52219071],[3.81447065,48.52217719],[3.81480096,48.52234315],[3.8149788,48.52271978],[3.81499225,48.52288791],[3.81496235,48.52305545],[3.81483576,48.52318856],[3.81467551,48.52324724],[3.81445478,48.52324875],[3.81411619,48.52324747],[3.81382651,48.52325665],[3.81363873,48.52328672],[3.81342321,48.52336197],[3.81437659,48.52484162],[3.81491121,48.52560443],[3.81499341,48.5257514],[3.81505088,48.52578969],[3.81525212,48.52584049],[3.81541072,48.5258493],[3.81558322,48.5258814],[3.81564871,48.5259997],[3.81579507,48.52617952],[3.81596049,48.52636551],[3.816177,48.52635323],[3.81655666,48.52629394],[3.8168889,48.52623408],[3.817093,48.52620749],[3.81730749,48.52615294],[3.81753337,48.52613339],[3.81771607,48.52612494],[3.81787104,48.52607439],[3.81795506,48.52599105],[3.81807854,48.52591913],[3.81812799,48.52587651],[3.818024,48.52580885],[3.8177105,48.52541968],[3.81719881,48.52456675]],[[3.81683847,48.52612648],[3.8162832,48.52621485],[3.81557032,48.5251393],[3.81602494,48.52493647],[3.8165324,48.52473596],[3.81741855,48.52606581],[3.81683847,48.52612648]]]]},"properties":{"nature":"Peupleraie","precision":3,"modifiedAt":null}},{"type":"Feature","id":"ZONEVEGE0000002322371305","geometry":{"type":"MultiPolygon","coordinates":[[[[3.81822891,48.52010473],[3.81784096,48.51971606],[3.81760094,48.51978159],[3.81674741,48.51914872],[3.81661147,48.5192891],[3.81654032,48.51932917],[3.81644329,48.51935952],[3.81632686,48.51936122],[3.81617273,48.51937757],[3.81606872,48.51939448],[3.8160364,48.5194055],[3.81576845,48.5195045],[3.81543633,48.51965702],[3.81415678,48.52027843],[3.81331271,48.52068994],[3.81290762,48.52094101],[3.81292422,48.52096339],[3.81295742,48.52100814],[3.8132721,48.52112744],[3.81354209,48.52124704],[3.81379221,48.52139466],[3.81420157,48.52150611],[3.81450218,48.52150405],[3.81485651,48.52147284],[3.81513626,48.52143583],[3.81539276,48.52138369],[3.81568067,48.52117481],[3.81590345,48.52104463],[3.81621356,48.52095704],[3.81649386,48.52095511],[3.81673091,48.52104614],[3.81695849,48.52113724],[3.81720962,48.52134963],[3.81737556,48.52165616],[3.81755008,48.52181869],[3.81773556,48.52198924],[3.81782099,48.52199585],[3.81789648,48.52197374],[3.81796884,48.5218374],[3.8179138,48.52169474],[3.81780179,48.52145981],[3.81764704,48.52117569],[3.81764237,48.52087615],[3.81781871,48.52046021],[3.8181362,48.52015125],[3.81822891,48.52010473]]]]},"properties":{"nature":"Peupleraie","precision":3,"modifiedAt":null}},{"type":"Feature","id":"ZONEVEGE0000002322371295","geometry":{"type":"MultiPolygon","coordinates":[[[[3.82212303,48.5252507],[3.82216211,48.52523783],[3.82243131,48.52504525],[3.82293273,48.52454699],[3.82310208,48.52437849],[3.82362032,48.52408972],[3.82379825,48.52394994],[3.82417888,48.52360994],[3.82450428,48.52328832],[3.82488865,48.52310033],[3.82457386,48.5228902],[3.82337184,48.52215095],[3.82307284,48.52182466],[3.82298499,48.52166333],[3.82295454,48.5215349],[3.82288113,48.52143105],[3.82262048,48.5213042],[3.82232515,48.52121089],[3.82217425,48.52117415],[3.82199551,48.52117538],[3.82189642,48.52124714],[3.82178021,48.52117687],[3.82176376,48.52099166],[3.8217822,48.52087189],[3.82181735,48.52078168],[3.82174267,48.52059597],[3.82149782,48.5205266],[3.82112642,48.52059124],[3.82084174,48.52074524],[3.82064433,48.52085186],[3.82154646,48.52198905],[3.8219462,48.52200428],[3.82256264,48.52279708],[3.82168558,48.52308923],[3.82161306,48.52304205],[3.82006847,48.52109154],[3.82064298,48.52085187],[3.8203359,48.52087288],[3.81993894,48.52077576],[3.81967821,48.52072988],[3.81960488,48.52071689],[3.81953826,48.52078662],[3.81947174,48.52077628],[3.8192886,48.52075596],[3.81903244,48.52074243],[3.81902958,48.52081981],[3.81895231,48.52090131],[3.81941576,48.52100697],[3.8198568,48.52115237],[3.81934181,48.52130166],[3.82098071,48.52330821],[3.82045099,48.5234693],[3.81927134,48.52199216],[3.8191925,48.52188655],[3.8189514,48.5221437],[3.81884983,48.52223077],[3.81873992,48.52230349],[3.81877058,48.52235906],[3.81873201,48.5224043],[3.81863782,48.52244364],[3.81843282,48.52249813],[3.81823666,48.52251117],[3.81808744,48.52249511],[3.81797725,48.52246348],[3.81766467,48.52265365],[3.81885762,48.52403086],[3.81796623,48.5242754],[3.81819578,48.52475241],[3.8187966,48.52558763],[3.81884199,48.52563229],[3.819594,48.52539411],[3.81943698,48.5251397],[3.81974953,48.52503319],[3.81966889,48.52481334],[3.81909176,48.52393389],[3.81943974,48.52384242],[3.81946017,48.52402311],[3.82037067,48.52526101],[3.8202819,48.5253003],[3.82043276,48.52550707],[3.82081296,48.52548376],[3.82109035,48.52546745],[3.82151954,48.52537182],[3.82200333,48.52513098],[3.82212303,48.5252507]]]]},"properties":{"nature":"Peupleraie","precision":3,"modifiedAt":null}},{"type":"Feature","id":"ZONEVEGE0000002322371285","geometry":{"type":"MultiPolygon","coordinates":[[[[3.81677451,48.532543],[3.81674769,48.53256027],[3.81662172,48.53256024],[3.8165725,48.53261815],[3.81657614,48.5326775],[3.81657794,48.53270628],[3.81658004,48.53275394],[3.81660616,48.53277895],[3.81666059,48.53279477],[3.8167015,48.53281248],[3.81675876,48.53283638],[3.81681583,48.53284768],[3.81701602,48.53291648],[3.81705679,48.53292519],[3.81707048,48.5329341],[3.81712355,48.53294992],[3.81716583,48.53296853],[3.8172066,48.53297724],[3.81726391,48.53300384],[3.817317,48.53302056],[3.81735791,48.53303827],[3.81738514,48.53304708],[3.81742604,48.5330639],[3.81745462,48.53307269],[3.81748063,48.53309051],[3.81752562,48.53310909],[3.81757627,48.53314293],[3.81764824,48.53315413],[3.8177005,48.53320505],[3.81772772,48.53321296],[3.81779172,48.53323501],[3.81795888,48.5333571],[3.81820934,48.53352181],[3.81832735,48.53361906],[3.81892641,48.53398827],[3.81895462,48.53397278],[3.8189549,48.53399077],[3.81895512,48.53400517],[3.81907274,48.53407722],[3.81924105,48.53401219],[3.81938909,48.53403726],[3.8204244,48.53354433],[3.82044351,48.53338047],[3.82040378,48.53335195],[3.82042635,48.53332301],[3.82046563,48.53332274],[3.82052073,48.53329447],[3.8205578,48.53324024],[3.82059801,48.53321297],[3.82061791,48.53318585],[3.82064177,48.53315239],[3.82067815,48.53314045],[3.8207058,48.53317624],[3.82071963,48.53319414],[3.82072012,48.53322562],[3.82072197,48.5332571],[3.82082424,48.53330047],[3.82084635,48.53332821],[3.82088602,48.53335312],[3.82089163,48.53336568],[3.82090148,48.533389],[3.82093455,48.53342476],[3.82102338,48.53338816],[3.82109094,48.5333778],[3.82112854,48.53335684],[3.82117286,48.53333225],[3.82129133,48.53328555],[3.82131678,48.53326738],[3.8213572,48.53325361],[3.82143782,48.53321167],[3.82149855,48.53319776],[3.82153069,48.53317414],[3.82157118,48.53316487],[3.82160756,48.53315202],[3.82162824,48.53317527],[3.82165723,48.53321015],[3.8217248,48.53328615],[3.82177169,48.53333981],[3.82203927,48.53364563],[3.82251649,48.53419019],[3.82254957,48.53422685],[3.82259787,48.53428319],[3.82269028,48.5343887],[3.82276482,48.53439089],[3.82289559,48.5343513],[3.82317196,48.53426752],[3.8224164,48.53316352],[3.82100566,48.53147749],[3.82077991,48.5315933],[3.82064154,48.53166623],[3.8205728,48.53168829],[3.82070369,48.53182953],[3.82092265,48.53214558],[3.82082259,48.53224343],[3.82067979,48.53237936],[3.82049309,48.53248051],[3.82030567,48.53253578],[3.82012351,48.53258022],[3.8200117,48.53261967],[3.81988638,48.53257465],[3.81968098,48.53243303],[3.81955448,48.53231246],[3.81943044,48.53226293],[3.81930714,48.53226018],[3.81928569,48.53227473],[3.81919316,48.53250746],[3.81915741,48.53264715],[3.81906318,48.53285831],[3.81891313,48.53287734],[3.81869633,48.53278617],[3.81843486,48.53286983],[3.81825638,48.53280359],[3.81769144,48.53245033],[3.81753468,48.53238664],[3.81738535,48.53245244],[3.8173267,48.53251311],[3.81732698,48.5325311],[3.81735646,48.53268474],[3.81723483,48.53278903],[3.81703483,48.53273283],[3.81688316,48.53264841],[3.81677451,48.532543]]]]},"properties":{"nature":"Peupleraie","precision":3,"modifiedAt":null}},{"type":"Feature","id":"ZONEVEGE0000002322371279","geometry":{"type":"MultiPolygon","coordinates":[[[[3.81575104,48.53336238],[3.81589751,48.53337397],[3.81591417,48.53339994],[3.8159465,48.53338802],[3.81602571,48.5333425],[3.81605535,48.5333324],[3.8161384,48.53327246],[3.81619873,48.53323246],[3.81625098,48.53319522],[3.81630863,48.53315704],[3.81628213,48.53310774],[3.81636722,48.53309186],[3.81638446,48.53306835],[3.8164236,48.53305909],[3.81644217,48.53303377],[3.8164921,48.53302173],[3.81655106,48.53298085],[3.81658322,48.53295813],[3.81659662,48.53294905],[3.81669218,48.53290971],[3.81669029,48.53287553],[3.81666714,48.5328676],[3.81661809,48.53284904],[3.81658695,48.53285015],[3.81656664,48.53285029],[3.81652777,48.53287665],[3.81651466,48.53290463],[3.81647618,48.53295617],[3.81642084,48.53296915],[3.81639405,48.53298822],[3.8163649,48.5330298],[3.81631503,48.53304634],[3.8162764,48.53308799],[3.81624691,48.53310798],[3.8161957,48.53312453],[3.81615684,48.53315178],[3.8160947,48.533163],[3.81607616,48.53319012],[3.81604934,48.5332074],[3.81603078,48.53323361],[3.81595375,48.53324494],[3.81590122,48.53326419],[3.81579561,48.53335397],[3.81578208,48.53335497],[3.81575104,48.53336238]]]]},"properties":{"nature":"Haie","precision":3,"modifiedAt":null}},{"type":"Feature","id":"ZONEVEGE0000002322371278","geometry":{"type":"MultiPolygon","coordinates":[[[[3.8157679,48.53322732],[3.81577849,48.53321105],[3.81579158,48.53318218],[3.8158327,48.53312612],[3.81584317,48.53310266],[3.81583048,48.53298309],[3.8158152,48.53295891],[3.81572494,48.53290375],[3.81563375,48.53287559],[3.81557873,48.53282199],[3.81554471,48.53281143],[3.81534185,48.53283261],[3.81517663,48.53283464],[3.81528384,48.5328474],[3.81483016,48.533115],[3.81366898,48.53274421],[3.8135853,48.53293821],[3.81355,48.53302031],[3.81345846,48.53305692],[3.81330054,48.53291856],[3.81247597,48.53206687],[3.81287081,48.53193552],[3.81373178,48.53260165],[3.81398402,48.53262061],[3.81405499,48.53265521],[3.81413095,48.53248736],[3.8138811,48.53227316],[3.81332654,48.53180016],[3.81318301,48.53154115],[3.81225273,48.53190826],[3.81218256,48.53192583],[3.81210025,48.53194619],[3.81227552,48.5321555],[3.81190423,48.53232087],[3.8123987,48.53302459],[3.81286998,48.53354224],[3.81274023,48.53356112],[3.81241738,48.53353094],[3.81224548,48.53353931],[3.81243016,48.53400585],[3.81245233,48.53403809],[3.81283908,48.53399586],[3.81302647,48.5339379],[3.81327032,48.53411436],[3.81205083,48.53479021],[3.81147934,48.53436229],[3.81038488,48.53348814],[3.81031866,48.53341032],[3.81012136,48.53317777],[3.81007823,48.53319155],[3.8100513,48.53320163],[3.810012,48.533201],[3.80995418,48.53322838],[3.80987715,48.5332397],[3.8098502,48.53324888],[3.8098097,48.53325816],[3.80978141,48.53326825],[3.80971503,48.5332678],[3.8096881,48.53327788],[3.8096369,48.53329532],[3.80960873,48.5333135],[3.80959019,48.53334062],[3.80954159,48.53335174],[3.80945815,48.5333865],[3.80937977,48.53339873],[3.80936786,48.5334168],[3.80931247,48.53342617],[3.80925858,48.53344543],[3.80913261,48.53344539],[3.80911137,48.53347342],[3.80911473,48.53351568],[3.80904585,48.53352874],[3.80897827,48.5335382],[3.8089365,48.53355288],[3.80888333,48.53353075],[3.80882635,48.53352484],[3.80872288,48.53357862],[3.80849479,48.53363235],[3.80838181,48.53333355],[3.80795327,48.53338864],[3.80805194,48.53372622],[3.80760139,48.53384803],[3.80745316,48.53345861],[3.80640766,48.53356106],[3.80715276,48.53444662],[3.80754745,48.53474351],[3.80769457,48.53470923],[3.80794214,48.53451233],[3.80815346,48.53424911],[3.8082811,48.53418167],[3.80858753,48.53411301],[3.8086003,48.53397439],[3.80934146,48.53372465],[3.80974976,48.53358692],[3.8098333,48.53364573],[3.81055404,48.53435421],[3.81088668,48.53466681],[3.81151674,48.53511592],[3.81167016,48.53522552],[3.81251111,48.53573346],[3.81290877,48.5360447],[3.81293562,48.53576654],[3.81308936,48.53554778],[3.81326814,48.53537113],[3.81363639,48.53518329],[3.81440615,48.53485686],[3.8148654,48.53468549],[3.81484743,48.53457496],[3.81488668,48.5343111],[3.8147,48.53406589],[3.814719,48.53389393],[3.81482357,48.53373668],[3.81487166,48.53369317],[3.81431176,48.53331467],[3.81477839,48.53318283],[3.81507062,48.53333466],[3.8151821,48.53327362],[3.81537197,48.53337577],[3.8157679,48.53322732]]]]},"properties":{"nature":"Peupleraie","precision":3,"modifiedAt":null}},{"type":"Feature","id":"ZONEVEGE0000002322371274","geometry":{"type":"MultiPolygon","coordinates":[[[[3.82958319,48.53289692],[3.82961675,48.5328778],[3.82960004,48.53284912],[3.82957578,48.53285649],[3.82952069,48.53288476],[3.8294947,48.53286875],[3.82948891,48.5328454],[3.82942534,48.53285124],[3.82942967,48.53286831],[3.82935478,48.5329291],[3.82936651,48.5329857],[3.82933013,48.53299765],[3.82935894,48.53302083],[3.82939689,48.53302237],[3.82947121,48.53301105],[3.82947358,48.53298945],[3.82946919,48.53296879],[3.82951085,48.53294781],[3.82956761,48.53293931],[3.82958319,48.53289692]]]]},"properties":{"nature":"Bois","precision":3,"modifiedAt":null}},{"type":"Feature","id":"ZONEVEGE0000002322371252","geometry":{"type":"MultiPolygon","coordinates":[[[[3.82624863,48.53291834],[3.82622648,48.53288791],[3.8261676,48.53284784],[3.82612274,48.53283735],[3.8260862,48.53283941],[3.82605217,48.53282885],[3.82602205,48.53280837],[3.82599791,48.53282383],[3.82601591,48.53284889],[3.82605691,48.532872],[3.82608461,48.53291049],[3.82612661,48.5329111],[3.82618076,48.53290892],[3.82618093,48.53291971],[3.82614246,48.53297126],[3.82620353,48.53297893],[3.82622182,48.53293562],[3.82624863,48.53291834]]]]},"properties":{"nature":"Haie","precision":3,"modifiedAt":null}},{"type":"Feature","id":"ZONEVEGE0000002322371213","geometry":{"type":"MultiPolygon","coordinates":[[[[3.82818495,48.53296065],[3.82819682,48.5331117],[3.8280847,48.53313137],[3.82809579,48.53314749],[3.82809671,48.53320596],[3.82811346,48.53323733],[3.82816846,48.53328912],[3.82819364,48.53333933],[3.82826632,48.5333955],[3.82828044,48.53343228],[3.82830809,48.53346717],[3.82832327,48.53348506],[3.8283896,48.53356826],[3.82840772,48.53360052],[3.82843524,48.53362732],[3.82844935,48.53366321],[3.82847808,48.533681],[3.82851869,48.53367981],[3.82855753,48.53365166],[3.82852269,48.53358983],[3.82850103,48.53359088],[3.82847366,48.53357307],[3.8284463,48.53355617],[3.82842277,48.53352395],[3.82840288,48.53346561],[3.82837552,48.53344871],[3.82836155,48.53342182],[3.82832035,48.53338612],[3.82830503,48.53335924],[3.82827737,48.53332345],[3.82824986,48.53329665],[3.82822086,48.53326177],[3.82827025,48.53321554],[3.82832526,48.53326824],[3.82840396,48.53327669],[3.8284288,48.53321984],[3.82840394,48.53318942],[3.82830083,48.53317935],[3.82828012,48.5331543],[3.82833107,48.53312156],[3.82829806,48.5330894],[3.82828407,48.53306161],[3.82836535,48.53306195],[3.82837718,48.53303937],[3.82829571,48.53302645],[3.82827863,48.53297439],[3.82818495,48.53296065]]]]},"properties":{"nature":"Haie","precision":3,"modifiedAt":null}},{"type":"Feature","id":"ZONEVEGE0000002322371173","geometry":{"type":"MultiPolygon","coordinates":[[[[3.82724638,48.53142344],[3.82725115,48.53129656],[3.82718667,48.53133029],[3.82713808,48.53134143],[3.82711115,48.53135151],[3.82709732,48.53133361],[3.82696174,48.53132556],[3.82685149,48.53129124],[3.82681454,48.53126721],[3.82668855,48.53126629],[3.82667515,48.53127537],[3.82664822,48.53128546],[3.82662947,48.53129908],[3.82648969,48.53128206],[3.82645685,48.53134706],[3.82650357,48.53138902],[3.82649012,48.53139541],[3.82642239,48.53139498],[3.8263425,48.53139644],[3.82630719,48.53139039],[3.82633569,48.53148015],[3.82638198,48.53149512],[3.82645091,48.53148565],[3.82650872,48.53145826],[3.82655745,48.53145612],[3.82660375,48.53147199],[3.82686907,48.53146115],[3.82692218,48.53147967],[3.8269383,48.53147056],[3.82697042,48.53144605],[3.82703228,48.53141773],[3.82714599,48.53141334],[3.8271907,48.53141393],[3.82721363,48.53140837],[3.82724638,48.53142344]]]]},"properties":{"nature":"Haie","precision":3,"modifiedAt":null}},{"type":"Feature","id":"ZONEVEGE0000002322412863","geometry":{"type":"MultiPolygon","coordinates":[[[[3.77991519,48.53109924],[3.77980935,48.5311773],[3.77988214,48.53115343],[3.77991519,48.53109924]]]]},"properties":{"nature":"Haie","precision":3,"modifiedAt":null}},{"type":"Feature","id":"ZONEVEGE0000002322385253","geometry":{"type":"MultiPolygon","coordinates":[[[[3.77991519,48.53109924],[3.77993905,48.531064],[3.77996427,48.53102965],[3.7799396,48.53101002],[3.77991117,48.5310111],[3.77988221,48.53097621],[3.77989546,48.53095633],[3.77992079,48.53092917],[3.7799388,48.53086518],[3.7799873,48.53084777],[3.78001695,48.53083768],[3.78005312,48.53081046],[3.78009766,48.53080027],[3.78014725,48.53076486],[3.78021048,48.53073566],[3.78021253,48.53069156],[3.7802124,48.53068257],[3.78023789,48.53066621],[3.78027254,48.53062819],[3.78031725,48.5306288],[3.78042332,48.53056603],[3.78050033,48.53055293],[3.78047226,48.53048744],[3.78052027,48.53043675],[3.78058189,48.53039046],[3.78060489,48.53038851],[3.78060757,48.53029584],[3.78061045,48.53021665],[3.78059167,48.53022847],[3.78057961,48.53023755],[3.78055576,48.53027279],[3.78052626,48.53029277],[3.78040275,48.53036735],[3.78023792,48.53048628],[3.78014376,48.53053008],[3.7800877,48.53058533],[3.78005968,48.5306143],[3.78002215,48.53064063],[3.77998998,48.53066333],[3.77982356,48.53076698],[3.77978201,48.53079604],[3.7797686,48.53080513],[3.7797474,48.53083675],[3.77965592,48.53087873],[3.77963998,48.53090043],[3.77983778,48.53099449],[3.77991519,48.53109924]]]]},"properties":{"nature":"Haie","precision":3,"modifiedAt":"2022-10-26T17:20:52.510Z"}}]}