{"type":"FeatureCollection","metadata":{"source":"Parcellaire Express (PCI) — plan cadastral DGFiP diffusé par l’IGN, couche batiment","service":"Géoplateforme WFS CADASTRALPARCELS.PARCELLAIRE_EXPRESS:batiment","bbox":[3.75,48.476,3.83,48.533],"retrievedAt":"2026-09-24T17:13:23.808Z","requests":["https://data.geopf.fr/wfs/ows?service=WFS&version=2.0.0&request=GetFeature&typeNames=CADASTRALPARCELS.PARCELLAIRE_EXPRESS%3Abatiment&outputFormat=application%2Fjson&srsName=urn%3Aogc%3Adef%3Acrs%3AOGC%3A1.3%3ACRS84&bbox=3.75%2C48.476%2C3.83%2C48.533%2Curn%3Aogc%3Adef%3Acrs%3AOGC%3A1.3%3ACRS84&count=5000&startIndex=0"],"etalabAttempt":{"url":"https://cadastre.data.gouv.fr/data/etalab-cadastre/latest/geojson/communes/10/10220/cadastre-10220-batiments.json.gz","error":"fetch failed"},"license":"Licence Ouverte 2.0"},"features":[{"type":"Feature","id":"batiment.155266","geometry":{"type":"MultiPolygon","coordinates":[[[[3.7508233,48.5066305],[3.75080328,48.50663152],[3.75080687,48.50664616],[3.75082511,48.50664362],[3.7508233,48.5066305]]]]},"geometry_name":"geom","properties":{"gid":18830046,"type":"Construction légère","code_dep":"10","code_insee":"10323"}},{"type":"Feature","id":"batiment.181297","geometry":{"type":"MultiPolygon","coordinates":[[[[3.76619972,48.50565682],[3.76620651,48.5056772],[3.76625029,48.50567107],[3.76624133,48.50565125],[3.76619972,48.50565682]]]]},"geometry_name":"geom","properties":{"gid":22587777,"type":"Construction légère","code_dep":"10","code_insee":"10323"}},{"type":"Feature","id":"batiment.181303","geometry":{"type":"MultiPolygon","coordinates":[[[[3.76399864,48.50435376],[3.76401276,48.50438488],[3.76404477,48.50437937],[3.76403064,48.50434824],[3.76399864,48.50435376]]]]},"geometry_name":"geom","properties":{"gid":22588182,"type":"Construction légère","code_dep":"10","code_insee":"10323"}},{"type":"Feature","id":"batiment.309027","geometry":{"type":"MultiPolygon","coordinates":[[[[3.80007877,48.51335443],[3.80020121,48.5133483],[3.80020588,48.51334359],[3.80019389,48.51327682],[3.8000681,48.51328514],[3.80007877,48.51335443]]]]},"geometry_name":"geom","properties":{"gid":39793994,"type":"Bâtiment en dur","code_dep":"10","code_insee":"10220"}},{"type":"Feature","id":"batiment.309117","geometry":{"type":"MultiPolygon","coordinates":[[[[3.79384421,48.50907523],[3.79395042,48.50912409],[3.79401917,48.5090594],[3.79391606,48.50900971],[3.79384421,48.50907523]]]]},"geometry_name":"geom","properties":{"gid":39809373,"type":"Bâtiment en dur","code_dep":"10","code_insee":"10220"}},{"type":"Feature","id":"batiment.309127","geometry":{"type":"MultiPolygon","coordinates":[[[[3.78758655,48.50963721],[3.78763624,48.50963715],[3.78763884,48.50958523],[3.78759104,48.50958455],[3.78758655,48.50963721]]]]},"geometry_name":"geom","properties":{"gid":39810108,"type":"Bâtiment en dur","code_dep":"10","code_insee":"10220"}},{"type":"Feature","id":"batiment.309166","geometry":{"type":"MultiPolygon","coordinates":[[[[3.77459886,48.50159181],[3.77467733,48.50157942],[3.77465993,48.50152852],[3.77457847,48.50154012],[3.77459886,48.50159181]]]]},"geometry_name":"geom","properties":{"gid":39816752,"type":"Bâtiment en dur","code_dep":"10","code_insee":"10220"}},{"type":"Feature","id":"batiment.309171","geometry":{"type":"MultiPolygon","coordinates":[[[[3.78533023,48.50393976],[3.78542759,48.50392328],[3.78538298,48.50381931],[3.78528562,48.50383614],[3.78533023,48.50393976]]]]},"geometry_name":"geom","properties":{"gid":39817470,"type":"Bâtiment en dur","code_dep":"10","code_insee":"10220"}},{"type":"Feature","id":"batiment.309174","geometry":{"type":"MultiPolygon","coordinates":[[[[3.78437731,48.50474726],[3.78455993,48.50473751],[3.78454919,48.50465284],[3.78436469,48.50466359],[3.78437731,48.50474726]]]]},"geometry_name":"geom","properties":{"gid":39817978,"type":"Bâtiment en dur","code_dep":"10","code_insee":"10220"}},{"type":"Feature","id":"batiment.4755195","geometry":{"type":"MultiPolygon","coordinates":[[[[3.75788975,48.50133539],[3.75832321,48.50128854],[3.75830103,48.50099028],[3.75781797,48.50104248],[3.75788975,48.50133539]]]]},"geometry_name":"geom","properties":{"gid":4370526,"type":"Bâtiment en dur","code_dep":"10","code_insee":"10323"}},{"type":"Feature","id":"batiment.5946493","geometry":{"type":"MultiPolygon","coordinates":[[[[3.75127393,48.50717453],[3.75133416,48.50716371],[3.75134267,48.50716195],[3.75133284,48.50713736],[3.75126382,48.50714922],[3.75127393,48.50717453]]]]},"geometry_name":"geom","properties":{"gid":5571458,"type":"Construction légère","code_dep":"10","code_insee":"10323"}},{"type":"Feature","id":"batiment.8851083","geometry":{"type":"MultiPolygon","coordinates":[[[[3.75019768,48.50749206],[3.75015773,48.50738742],[3.75000932,48.5074139],[3.75004792,48.50751874],[3.75019768,48.50749206]]]]},"geometry_name":"geom","properties":{"gid":8498911,"type":"Bâtiment en dur","code_dep":"10","code_insee":"10323"}},{"type":"Feature","id":"batiment.11947017","geometry":{"type":"MultiPolygon","coordinates":[[[[3.76810056,48.5049674],[3.76817964,48.50494997],[3.7681477,48.50488595],[3.76806862,48.50490337],[3.76810056,48.5049674]]]]},"geometry_name":"geom","properties":{"gid":11619448,"type":"Bâtiment en dur","code_dep":"10","code_insee":"10220"}},{"type":"Feature","id":"batiment.15003481","geometry":{"type":"MultiPolygon","coordinates":[[[[3.81718688,48.52689605],[3.81727113,48.52687882],[3.81720877,48.52674494],[3.81712466,48.52676216],[3.81718688,48.52689605]]]]},"geometry_name":"geom","properties":{"gid":14701045,"type":"Bâtiment FI","code_dep":"51","code_insee":"51155"}},{"type":"Feature","id":"batiment.15003503","geometry":{"type":"MultiPolygon","coordinates":[[[[3.81611714,48.52674497],[3.81617852,48.52685152],[3.81627228,48.52682766],[3.81621076,48.52672112],[3.81611714,48.52674497]]]]},"geometry_name":"geom","properties":{"gid":14701067,"type":"Bâtiment FI","code_dep":"51","code_insee":"51155"}},{"type":"Feature","id":"batiment.15003553","geometry":{"type":"MultiPolygon","coordinates":[[[[3.81641083,48.52717495],[3.81645659,48.52722601],[3.81652712,48.52719799],[3.81648136,48.52714703],[3.81641083,48.52717495]]]]},"geometry_name":"geom","properties":{"gid":14701117,"type":"Bâtiment FI","code_dep":"51","code_insee":"51155"}},{"type":"Feature","id":"batiment.15003579","geometry":{"type":"MultiPolygon","coordinates":[[[[3.81767198,48.5276662],[3.81777042,48.52761263],[3.81769511,48.52755161],[3.81759681,48.52760528],[3.81767198,48.5276662]]]]},"geometry_name":"geom","properties":{"gid":14701143,"type":"Bâtiment FI","code_dep":"51","code_insee":"51155"}},{"type":"Feature","id":"batiment.15266267","geometry":{"type":"MultiPolygon","coordinates":[[[[3.7847244,48.53171144],[3.78465344,48.53168528],[3.78459635,48.53175349],[3.78466731,48.53177965],[3.7847244,48.53171144]]]]},"geometry_name":"geom","properties":{"gid":14965726,"type":"Bâtiment FI","code_dep":"51","code_insee":"51492"}},{"type":"Feature","id":"batiment.15389308","geometry":{"type":"MultiPolygon","coordinates":[[[[3.80421948,48.51205135],[3.8042677,48.51204418],[3.80426216,48.51202686],[3.80421379,48.51203375],[3.80421948,48.51205135]]]]},"geometry_name":"geom","properties":{"gid":15089701,"type":"Construction légère","code_dep":"10","code_insee":"10220"}},{"type":"Feature","id":"batiment.15875844","geometry":{"type":"MultiPolygon","coordinates":[[[[3.75445026,48.50462375],[3.75447902,48.50461853],[3.75446583,48.50458641],[3.75443707,48.50459163],[3.75445026,48.50462375]]]]},"geometry_name":"geom","properties":{"gid":15580049,"type":"Bâtiment en dur","code_dep":"10","code_insee":"10323"}},{"type":"Feature","id":"batiment.16357050","geometry":{"type":"MultiPolygon","coordinates":[[[[3.75190922,48.50641294],[3.75188709,48.50636099],[3.7518043,48.50637546],[3.75182644,48.5064274],[3.75190922,48.50641294]]]]},"geometry_name":"geom","properties":{"gid":16064829,"type":"Construction légère","code_dep":"10","code_insee":"10323"}},{"type":"Feature","id":"batiment.16357132","geometry":{"type":"MultiPolygon","coordinates":[[[[3.75171145,48.50634869],[3.75181087,48.50633277],[3.75176323,48.50620164],[3.75166395,48.50621756],[3.75171145,48.50634869]]]]},"geometry_name":"geom","properties":{"gid":16064911,"type":"Construction légère","code_dep":"10","code_insee":"10323"}},{"type":"Feature","id":"batiment.16359463","geometry":{"type":"MultiPolygon","coordinates":[[[[3.75190922,48.50641294],[3.75202267,48.50639369],[3.75198389,48.50629551],[3.75187867,48.50631228],[3.75188205,48.50632144],[3.75181087,48.50633277],[3.75171145,48.50634869],[3.75168376,48.5063531],[3.75168038,48.50634394],[3.7516073,48.50635556],[3.75161715,48.50638123],[3.75164659,48.50637645],[3.75165434,48.50639755],[3.7518043,48.50637546],[3.75188709,48.50636099],[3.75190922,48.50641294]]]]},"geometry_name":"geom","properties":{"gid":16067257,"type":"Bâtiment en dur","code_dep":"10","code_insee":"10323"}},{"type":"Feature","id":"batiment.17093640","geometry":{"type":"MultiPolygon","coordinates":[[[[3.75244755,48.50979518],[3.75248312,48.5097928],[3.7524738,48.50976569],[3.75246179,48.50973086],[3.75244652,48.50973285],[3.7524307,48.50973457],[3.75244755,48.50979518]]]]},"geometry_name":"geom","properties":{"gid":16806858,"type":"Bâtiment en dur","code_dep":"10","code_insee":"10323"}},{"type":"Feature","id":"batiment.17102848","geometry":{"type":"MultiPolygon","coordinates":[[[[3.75251747,48.50972349],[3.75246179,48.50973086],[3.7524738,48.50976569],[3.75252783,48.50975707],[3.75251747,48.50972349]]]]},"geometry_name":"geom","properties":{"gid":16816141,"type":"Construction légère","code_dep":"10","code_insee":"10323"}},{"type":"Feature","id":"batiment.18731215","geometry":{"type":"MultiPolygon","coordinates":[[[[3.75755169,48.5014733],[3.75769834,48.50145725],[3.75748666,48.50060692],[3.75733988,48.50062297],[3.75755169,48.5014733]]]]},"geometry_name":"geom","properties":{"gid":18459095,"type":"Construction légère","code_dep":"10","code_insee":"10323"}},{"type":"Feature","id":"batiment.18926616","geometry":{"type":"MultiPolygon","coordinates":[[[[3.79319292,48.51497358],[3.79355636,48.51497368],[3.79355649,48.51494642],[3.79355851,48.51491015],[3.79398352,48.51490785],[3.79395493,48.51470985],[3.79326491,48.51471041],[3.79321324,48.51490202],[3.79320217,48.51492242],[3.79318623,48.51496958],[3.79318639,48.51497129],[3.79319292,48.51497358]]]]},"geometry_name":"geom","properties":{"gid":18656162,"type":"Construction légère","code_dep":"10","code_insee":"10220"}},{"type":"Feature","id":"batiment.19098155","geometry":{"type":"MultiPolygon","coordinates":[[[[3.75070356,48.50738325],[3.75073583,48.50737774],[3.75071806,48.50733701],[3.75068686,48.50734206],[3.75070356,48.50738325]]]]},"geometry_name":"geom","properties":{"gid":18829268,"type":"Construction légère","code_dep":"10","code_insee":"10323"}},{"type":"Feature","id":"batiment.19098163","geometry":{"type":"MultiPolygon","coordinates":[[[[3.7511166,48.50636964],[3.75107717,48.50637681],[3.75109283,48.50641144],[3.75112767,48.50640564],[3.7511166,48.50636964]]]]},"geometry_name":"geom","properties":{"gid":18829276,"type":"Construction légère","code_dep":"10","code_insee":"10323"}},{"type":"Feature","id":"batiment.19099379","geometry":{"type":"MultiPolygon","coordinates":[[[[3.75096927,48.50722863],[3.75096878,48.5072227],[3.75095977,48.50719847],[3.75090223,48.50720801],[3.75091106,48.50723836],[3.75096927,48.50722863]]]]},"geometry_name":"geom","properties":{"gid":18830502,"type":"Construction légère","code_dep":"10","code_insee":"10323"}},{"type":"Feature","id":"batiment.19099391","geometry":{"type":"MultiPolygon","coordinates":[[[[3.75113457,48.50756801],[3.75113076,48.50753817],[3.75107192,48.50754196],[3.75107655,48.50757278],[3.75113457,48.50756801]]]]},"geometry_name":"geom","properties":{"gid":18830515,"type":"Construction légère","code_dep":"10","code_insee":"10323"}},{"type":"Feature","id":"batiment.19099403","geometry":{"type":"MultiPolygon","coordinates":[[[[3.75143529,48.50736216],[3.75150646,48.50734957],[3.7514968,48.50732741],[3.75145018,48.50733364],[3.75143231,48.5073521],[3.75143529,48.50736216]]]]},"geometry_name":"geom","properties":{"gid":18830527,"type":"Construction légère","code_dep":"10","code_insee":"10323"}},{"type":"Feature","id":"batiment.19099466","geometry":{"type":"MultiPolygon","coordinates":[[[[3.75158564,48.50750839],[3.75160904,48.50750725],[3.7516057,48.50749099],[3.75158068,48.50749286],[3.75158564,48.50750839]]]]},"geometry_name":"geom","properties":{"gid":18830591,"type":"Construction légère","code_dep":"10","code_insee":"10323"}},{"type":"Feature","id":"batiment.19099479","geometry":{"type":"MultiPolygon","coordinates":[[[[3.75110363,48.50674073],[3.75118103,48.50672809],[3.75117554,48.50671355],[3.75109815,48.50672655],[3.75110363,48.50674073]]]]},"geometry_name":"geom","properties":{"gid":18830604,"type":"Construction légère","code_dep":"10","code_insee":"10323"}},{"type":"Feature","id":"batiment.19099519","geometry":{"type":"MultiPolygon","coordinates":[[[[3.75128087,48.50663786],[3.75132043,48.50662996],[3.75129444,48.50656427],[3.75125865,48.50657071],[3.7512603,48.50658176],[3.751268,48.50660852],[3.75128087,48.50663786]]]]},"geometry_name":"geom","properties":{"gid":18830644,"type":"Construction légère","code_dep":"10","code_insee":"10323"}},{"type":"Feature","id":"batiment.19099534","geometry":{"type":"MultiPolygon","coordinates":[[[[3.75161695,48.5070196],[3.75158172,48.50702675],[3.75158997,48.50705504],[3.75162668,48.50704662],[3.75161695,48.5070196]]]]},"geometry_name":"geom","properties":{"gid":18830658,"type":"Construction légère","code_dep":"10","code_insee":"10323"}},{"type":"Feature","id":"batiment.19099970","geometry":{"type":"MultiPolygon","coordinates":[[[[3.75063148,48.50694433],[3.75066998,48.5069386],[3.75065857,48.50690745],[3.75061913,48.50691391],[3.75063148,48.50694433]]]]},"geometry_name":"geom","properties":{"gid":18831097,"type":"Bâtiment en dur","code_dep":"10","code_insee":"10323"}},{"type":"Feature","id":"batiment.19100424","geometry":{"type":"MultiPolygon","coordinates":[[[[3.75060768,48.50706017],[3.7506436,48.50705338],[3.75063427,48.50702609],[3.75059524,48.50703254],[3.75060768,48.50706017]]]]},"geometry_name":"geom","properties":{"gid":18831555,"type":"Bâtiment en dur","code_dep":"10","code_insee":"10323"}},{"type":"Feature","id":"batiment.19100438","geometry":{"type":"MultiPolygon","coordinates":[[[[3.75032252,48.50661234],[3.75042503,48.50659541],[3.75037505,48.50647022],[3.75027481,48.5064857],[3.75032252,48.50661234]]]]},"geometry_name":"geom","properties":{"gid":18831569,"type":"Bâtiment en dur","code_dep":"10","code_insee":"10323"}},{"type":"Feature","id":"batiment.19100550","geometry":{"type":"MultiPolygon","coordinates":[[[[3.75006805,48.50691019],[3.75020633,48.50688503],[3.75017497,48.50680345],[3.75011149,48.5068142],[3.75011424,48.50682632],[3.7500389,48.50684038],[3.75006805,48.50691019]]]]},"geometry_name":"geom","properties":{"gid":18831683,"type":"Bâtiment en dur","code_dep":"10","code_insee":"10323"}},{"type":"Feature","id":"batiment.19100583","geometry":{"type":"MultiPolygon","coordinates":[[[[3.75129798,48.50753963],[3.75133025,48.50753385],[3.75131023,48.50748719],[3.7512781,48.5074936],[3.75129798,48.50753963]]]]},"geometry_name":"geom","properties":{"gid":18831715,"type":"Bâtiment en dur","code_dep":"10","code_insee":"10323"}},{"type":"Feature","id":"batiment.19100596","geometry":{"type":"MultiPolygon","coordinates":[[[[3.7511166,48.50636964],[3.75114927,48.50636286],[3.75113303,48.50631619],[3.75109655,48.50632128],[3.75108957,48.50630675],[3.75095138,48.50632813],[3.75097199,48.5063872],[3.75105207,48.5063732],[3.75105433,48.50637975],[3.75107717,48.50637681],[3.7511166,48.50636964]]]]},"geometry_name":"geom","properties":{"gid":18831728,"type":"Bâtiment en dur","code_dep":"10","code_insee":"10323"}},{"type":"Feature","id":"batiment.19103700","geometry":{"type":"MultiPolygon","coordinates":[[[[3.75087621,48.50696914],[3.75089045,48.50700881],[3.75093259,48.50700162],[3.75093732,48.50701095],[3.75097053,48.50700417],[3.75096824,48.50699546],[3.750987,48.50699156],[3.75097414,48.50695377],[3.75087621,48.50696914]]]]},"geometry_name":"geom","properties":{"gid":18834863,"type":"Bâtiment en dur","code_dep":"10","code_insee":"10323"}},{"type":"Feature","id":"batiment.19103828","geometry":{"type":"MultiPolygon","coordinates":[[[[3.75087621,48.50696914],[3.75097414,48.50695377],[3.75096142,48.50691624],[3.75086366,48.50693449],[3.75087621,48.50696914]]]]},"geometry_name":"geom","properties":{"gid":18834991,"type":"Bâtiment en dur","code_dep":"10","code_insee":"10323"}},{"type":"Feature","id":"batiment.19103860","geometry":{"type":"MultiPolygon","coordinates":[[[[3.75091143,48.50683856],[3.75083485,48.50685137],[3.75085216,48.50689723],[3.75092862,48.50688559],[3.75091143,48.50683856]]]]},"geometry_name":"geom","properties":{"gid":18835022,"type":"Bâtiment en dur","code_dep":"10","code_insee":"10323"}},{"type":"Feature","id":"batiment.19103937","geometry":{"type":"MultiPolygon","coordinates":[[[[3.75088818,48.50677448],[3.75080807,48.50678695],[3.75081499,48.50680705],[3.75077906,48.5068125],[3.7507943,48.50685612],[3.75083485,48.50685137],[3.75091143,48.50683856],[3.75088818,48.50677448]]]]},"geometry_name":"geom","properties":{"gid":18835100,"type":"Bâtiment en dur","code_dep":"10","code_insee":"10323"}},{"type":"Feature","id":"batiment.19103948","geometry":{"type":"MultiPolygon","coordinates":[[[[3.7508645,48.50670931],[3.75078576,48.50672231],[3.75080807,48.50678695],[3.75088818,48.50677448],[3.7508645,48.50670931]]]]},"geometry_name":"geom","properties":{"gid":18835111,"type":"Bâtiment en dur","code_dep":"10","code_insee":"10323"}},{"type":"Feature","id":"batiment.19103986","geometry":{"type":"MultiPolygon","coordinates":[[[[3.75055909,48.50669208],[3.7505415,48.50663569],[3.75049271,48.50664185],[3.75051641,48.50669928],[3.75055909,48.50669208]]]]},"geometry_name":"geom","properties":{"gid":18835149,"type":"Bâtiment en dur","code_dep":"10","code_insee":"10323"}},{"type":"Feature","id":"batiment.19166677","geometry":{"type":"MultiPolygon","coordinates":[[[[3.75012486,48.50666028],[3.75018294,48.50665055],[3.75013903,48.5065337],[3.75007987,48.50654334],[3.75012486,48.50666028]]]]},"geometry_name":"geom","properties":{"gid":18898342,"type":"Bâtiment en dur","code_dep":"10","code_insee":"10323"}},{"type":"Feature","id":"batiment.19166705","geometry":{"type":"MultiPolygon","coordinates":[[[[3.75012486,48.50666028],[3.75007987,48.50654334],[3.75003286,48.50655101],[3.75004596,48.50658664],[3.74991711,48.50660788],[3.74994794,48.50669018],[3.75012486,48.50666028]]]]},"geometry_name":"geom","properties":{"gid":18898370,"type":"Bâtiment en dur","code_dep":"10","code_insee":"10323"}},{"type":"Feature","id":"batiment.19170395","geometry":{"type":"MultiPolygon","coordinates":[[[[3.75065878,48.50706399],[3.75069877,48.50705789],[3.7506803,48.50700699],[3.7506387,48.50701346],[3.75065878,48.50706399]]]]},"geometry_name":"geom","properties":{"gid":18902090,"type":"Bâtiment en dur","code_dep":"10","code_insee":"10323"}},{"type":"Feature","id":"batiment.19170418","geometry":{"type":"MultiPolygon","coordinates":[[[[3.75017856,48.50679857],[3.7502534,48.50678703],[3.75024583,48.50676909],[3.75017111,48.50677945],[3.75017856,48.50679857]]]]},"geometry_name":"geom","properties":{"gid":18902112,"type":"Bâtiment en dur","code_dep":"10","code_insee":"10323"}},{"type":"Feature","id":"batiment.19319106","geometry":{"type":"MultiPolygon","coordinates":[[[[3.75232254,48.50980173],[3.75229088,48.509709],[3.75224833,48.50971575],[3.75227417,48.50980861],[3.75232254,48.50980173]]]]},"geometry_name":"geom","properties":{"gid":19052217,"type":"Bâtiment en dur","code_dep":"10","code_insee":"10323"}},{"type":"Feature","id":"batiment.19319149","geometry":{"type":"MultiPolygon","coordinates":[[[[3.75264136,48.50999799],[3.75262714,48.50995022],[3.75260477,48.50987299],[3.75259635,48.50985236],[3.75259018,48.50983746],[3.75256723,48.50984175],[3.75256926,48.50986063],[3.7525197,48.50986976],[3.75254596,48.50996351],[3.75255492,48.50996525],[3.75256795,48.51001501],[3.75264136,48.50999799]]]]},"geometry_name":"geom","properties":{"gid":19052262,"type":"Bâtiment en dur","code_dep":"10","code_insee":"10323"}},{"type":"Feature","id":"batiment.19319188","geometry":{"type":"MultiPolygon","coordinates":[[[[3.75255288,48.50971913],[3.75251747,48.50972349],[3.75252783,48.50975707],[3.75253436,48.50977835],[3.75256856,48.50977409],[3.75255288,48.50971913]]]]},"geometry_name":"geom","properties":{"gid":19052301,"type":"Bâtiment en dur","code_dep":"10","code_insee":"10323"}},{"type":"Feature","id":"batiment.19347543","geometry":{"type":"MultiPolygon","coordinates":[[[[3.7503351,48.5072079],[3.75041519,48.50719426],[3.7502534,48.50678703],[3.75017856,48.50679857],[3.7503351,48.5072079]]]]},"geometry_name":"geom","properties":{"gid":19080878,"type":"Bâtiment en dur","code_dep":"10","code_insee":"10323"}},{"type":"Feature","id":"batiment.19347559","geometry":{"type":"MultiPolygon","coordinates":[[[[3.7507342,48.50725369],[3.75078566,48.50724536],[3.75076012,48.50717337],[3.75070596,48.50718208],[3.75071089,48.5071959],[3.7507342,48.50725369]]]]},"geometry_name":"geom","properties":{"gid":19080894,"type":"Bâtiment en dur","code_dep":"10","code_insee":"10323"}},{"type":"Feature","id":"batiment.19347576","geometry":{"type":"MultiPolygon","coordinates":[[[[3.75095977,48.50719847],[3.75092695,48.50710898],[3.75092256,48.50709587],[3.75085758,48.50710528],[3.75087164,48.50714235],[3.75077535,48.50715888],[3.75079063,48.50720484],[3.75086346,48.50719476],[3.75085577,48.50716845],[3.75085996,48.50716806],[3.75086918,48.50718743],[3.75087797,48.50718702],[3.75088335,48.50720363],[3.7508912,48.50720358],[3.7508944,48.50720905],[3.75090223,48.50720801],[3.75095977,48.50719847]]]]},"geometry_name":"geom","properties":{"gid":19080911,"type":"Bâtiment en dur","code_dep":"10","code_insee":"10323"}},{"type":"Feature","id":"batiment.19347607","geometry":{"type":"MultiPolygon","coordinates":[[[[3.75096878,48.5072227],[3.7510478,48.50720979],[3.7510076,48.50709669],[3.75092695,48.50710898],[3.75095977,48.50719847],[3.75096878,48.5072227]]]]},"geometry_name":"geom","properties":{"gid":19080942,"type":"Bâtiment en dur","code_dep":"10","code_insee":"10323"}},{"type":"Feature","id":"batiment.19347624","geometry":{"type":"MultiPolygon","coordinates":[[[[3.75105177,48.50754388],[3.7509985,48.50754908],[3.75100433,48.50757801],[3.75106343,48.5075735],[3.75105177,48.50754388]]]]},"geometry_name":"geom","properties":{"gid":19080959,"type":"Bâtiment en dur","code_dep":"10","code_insee":"10323"}},{"type":"Feature","id":"batiment.19347639","geometry":{"type":"MultiPolygon","coordinates":[[[[3.75105227,48.50732338],[3.75098349,48.50729503],[3.7509599,48.50728339],[3.75091119,48.50734163],[3.7510043,48.50737694],[3.75105227,48.50732338]]]]},"geometry_name":"geom","properties":{"gid":19080974,"type":"Bâtiment en dur","code_dep":"10","code_insee":"10323"}},{"type":"Feature","id":"batiment.19347650","geometry":{"type":"MultiPolygon","coordinates":[[[[3.75107192,48.50754196],[3.75105177,48.50754388],[3.75106343,48.5075735],[3.75107655,48.50757278],[3.75107192,48.50754196]]]]},"geometry_name":"geom","properties":{"gid":19080985,"type":"Bâtiment en dur","code_dep":"10","code_insee":"10323"}},{"type":"Feature","id":"batiment.19347665","geometry":{"type":"MultiPolygon","coordinates":[[[[3.7511273,48.5073534],[3.75105227,48.50732338],[3.7510043,48.50737694],[3.75107998,48.5074057],[3.7511273,48.5073534]]]]},"geometry_name":"geom","properties":{"gid":19081000,"type":"Bâtiment en dur","code_dep":"10","code_insee":"10323"}},{"type":"Feature","id":"batiment.19347677","geometry":{"type":"MultiPolygon","coordinates":[[[[3.75122433,48.50737861],[3.75116464,48.50738978],[3.75117483,48.50741122],[3.7511004,48.50742249],[3.75111671,48.50746529],[3.75124938,48.50744502],[3.75122433,48.50737861]]]]},"geometry_name":"geom","properties":{"gid":19081012,"type":"Bâtiment en dur","code_dep":"10","code_insee":"10323"}},{"type":"Feature","id":"batiment.19347742","geometry":{"type":"MultiPolygon","coordinates":[[[[3.75126229,48.50747679],[3.75133252,48.50746528],[3.7513043,48.50738503],[3.75128713,48.5073873],[3.75128009,48.50736827],[3.75122433,48.50737861],[3.75124938,48.50744502],[3.75126229,48.50747679]]]]},"geometry_name":"geom","properties":{"gid":19081078,"type":"Bâtiment en dur","code_dep":"10","code_insee":"10323"}},{"type":"Feature","id":"batiment.19347757","geometry":{"type":"MultiPolygon","coordinates":[[[[3.75143231,48.5073521],[3.75145018,48.50733364],[3.75145481,48.50732596],[3.75133834,48.50727614],[3.75129274,48.50732465],[3.75137391,48.50735868],[3.75139298,48.50733814],[3.75143231,48.5073521]]]]},"geometry_name":"geom","properties":{"gid":19081093,"type":"Bâtiment en dur","code_dep":"10","code_insee":"10323"}},{"type":"Feature","id":"batiment.19347780","geometry":{"type":"MultiPolygon","coordinates":[[[[3.75138099,48.50722909],[3.75133834,48.50727614],[3.75145481,48.50732596],[3.75148205,48.50729907],[3.75144689,48.5072831],[3.75146688,48.50726111],[3.75145488,48.50725498],[3.75146658,48.50723997],[3.75143093,48.50722743],[3.75142067,48.50723928],[3.75138351,48.50722494],[3.75138099,48.50722909]]]]},"geometry_name":"geom","properties":{"gid":19081116,"type":"Bâtiment en dur","code_dep":"10","code_insee":"10323"}},{"type":"Feature","id":"batiment.19347801","geometry":{"type":"MultiPolygon","coordinates":[[[[3.75152315,48.50733309],[3.75153839,48.50737635],[3.75158987,48.5073691],[3.75157369,48.50732656],[3.75152315,48.50733309]]]]},"geometry_name":"geom","properties":{"gid":19081137,"type":"Bâtiment en dur","code_dep":"10","code_insee":"10323"}},{"type":"Feature","id":"batiment.19347896","geometry":{"type":"MultiPolygon","coordinates":[[[[3.75144556,48.50738882],[3.75151416,48.50737624],[3.75150646,48.50734957],[3.75143529,48.50736216],[3.75144556,48.50738882]]]]},"geometry_name":"geom","properties":{"gid":19081231,"type":"Bâtiment en dur","code_dep":"10","code_insee":"10323"}},{"type":"Feature","id":"batiment.19347907","geometry":{"type":"MultiPolygon","coordinates":[[[[3.75109815,48.50672655],[3.75117554,48.50671355],[3.75113992,48.50661815],[3.75106079,48.50663223],[3.75109815,48.50672655]]]]},"geometry_name":"geom","properties":{"gid":19081244,"type":"Bâtiment en dur","code_dep":"10","code_insee":"10323"}},{"type":"Feature","id":"batiment.19347920","geometry":{"type":"MultiPolygon","coordinates":[[[[3.75130786,48.50706663],[3.75130849,48.50707256],[3.75133284,48.50713736],[3.75139117,48.50712665],[3.75136822,48.50705581],[3.75130786,48.50706663]]]]},"geometry_name":"geom","properties":{"gid":19081257,"type":"Bâtiment en dur","code_dep":"10","code_insee":"10323"}},{"type":"Feature","id":"batiment.19347944","geometry":{"type":"MultiPolygon","coordinates":[[[[3.75049162,48.50637629],[3.75039544,48.50639138],[3.75042467,48.50646613],[3.75051626,48.5064517],[3.75049162,48.50637629]]]]},"geometry_name":"geom","properties":{"gid":19081281,"type":"Bâtiment en dur","code_dep":"10","code_insee":"10323"}},{"type":"Feature","id":"batiment.19348057","geometry":{"type":"MultiPolygon","coordinates":[[[[3.75084082,48.50658747],[3.75074344,48.5066032],[3.75075674,48.50664342],[3.75077809,48.5066405],[3.75078188,48.50665019],[3.75080687,48.50664616],[3.75080328,48.50663152],[3.7508233,48.5066305],[3.75085504,48.50662544],[3.75084082,48.50658747]]]]},"geometry_name":"geom","properties":{"gid":19081394,"type":"Bâtiment en dur","code_dep":"10","code_insee":"10323"}},{"type":"Feature","id":"batiment.19348067","geometry":{"type":"MultiPolygon","coordinates":[[[[3.75084082,48.50658747],[3.75082801,48.50655274],[3.75073169,48.50656765],[3.75074344,48.5066032],[3.75084082,48.50658747]]]]},"geometry_name":"geom","properties":{"gid":19081404,"type":"Bâtiment en dur","code_dep":"10","code_insee":"10323"}},{"type":"Feature","id":"batiment.19348118","geometry":{"type":"MultiPolygon","coordinates":[[[[3.751268,48.50660852],[3.7512603,48.50658176],[3.75117966,48.50659478],[3.75119156,48.50662214],[3.751268,48.50660852]]]]},"geometry_name":"geom","properties":{"gid":19081454,"type":"Bâtiment en dur","code_dep":"10","code_insee":"10323"}},{"type":"Feature","id":"batiment.19348225","geometry":{"type":"MultiPolygon","coordinates":[[[[3.75146684,48.50717286],[3.75139443,48.50718411],[3.75138713,48.50718488],[3.75139904,48.50721287],[3.75147604,48.50720096],[3.75147543,48.50719647],[3.75146684,48.50717286]]]]},"geometry_name":"geom","properties":{"gid":19081562,"type":"Bâtiment en dur","code_dep":"10","code_insee":"10323"}},{"type":"Feature","id":"batiment.19348336","geometry":{"type":"MultiPolygon","coordinates":[[[[3.75146684,48.50717286],[3.75147543,48.50719647],[3.75149731,48.50719282],[3.75149846,48.50719695],[3.75154991,48.50718835],[3.75153908,48.50715999],[3.75146684,48.50717286]]]]},"geometry_name":"geom","properties":{"gid":19081674,"type":"Bâtiment en dur","code_dep":"10","code_insee":"10323"}},{"type":"Feature","id":"batiment.19360623","geometry":{"type":"MultiPolygon","coordinates":[[[[3.75146066,48.50714798],[3.75138273,48.50716161],[3.75139443,48.50718411],[3.75146684,48.50717286],[3.75146066,48.50714798]]]]},"geometry_name":"geom","properties":{"gid":19094068,"type":"Bâtiment en dur","code_dep":"10","code_insee":"10323"}},{"type":"Feature","id":"batiment.19360655","geometry":{"type":"MultiPolygon","coordinates":[[[[3.75164057,48.50709017],[3.75155046,48.50710342],[3.75157111,48.50715565],[3.75165701,48.50714134],[3.75164057,48.50709017]]]]},"geometry_name":"geom","properties":{"gid":19094100,"type":"Bâtiment en dur","code_dep":"10","code_insee":"10323"}},{"type":"Feature","id":"batiment.19360790","geometry":{"type":"MultiPolygon","coordinates":[[[[3.75065601,48.5063784],[3.75059372,48.50638671],[3.75061659,48.50645251],[3.75063836,48.50645057],[3.75064978,48.50648243],[3.75069192,48.5064756],[3.75065601,48.5063784]]]]},"geometry_name":"geom","properties":{"gid":19094236,"type":"Bâtiment en dur","code_dep":"10","code_insee":"10323"}},{"type":"Feature","id":"batiment.19360830","geometry":{"type":"MultiPolygon","coordinates":[[[[3.75065601,48.5063784],[3.75069192,48.5064756],[3.75070279,48.5065063],[3.75076258,48.50649378],[3.75074727,48.50645465],[3.75073495,48.50645482],[3.75072821,48.5064285],[3.75077912,48.50641918],[3.7507646,48.50638878],[3.75074905,48.50638995],[3.75073772,48.50636466],[3.75065601,48.5063784]]]]},"geometry_name":"geom","properties":{"gid":19094275,"type":"Bâtiment en dur","code_dep":"10","code_insee":"10323"}},{"type":"Feature","id":"batiment.19360844","geometry":{"type":"MultiPolygon","coordinates":[[[[3.75101822,48.5065617],[3.75103228,48.50659859],[3.75112644,48.50658441],[3.75111386,48.50654697],[3.75101822,48.5065617]]]]},"geometry_name":"geom","properties":{"gid":19094289,"type":"Bâtiment en dur","code_dep":"10","code_insee":"10323"}},{"type":"Feature","id":"batiment.19361918","geometry":{"type":"MultiPolygon","coordinates":[[[[3.75124827,48.5069138],[3.75115019,48.50692863],[3.75116519,48.5069647],[3.75126191,48.50694916],[3.75124827,48.5069138]]]]},"geometry_name":"geom","properties":{"gid":19095368,"type":"Bâtiment en dur","code_dep":"10","code_insee":"10323"}},{"type":"Feature","id":"batiment.19361933","geometry":{"type":"MultiPolygon","coordinates":[[[[3.75124827,48.5069138],[3.75123322,48.50687485],[3.75113546,48.50689274],[3.75115019,48.50692863],[3.75124827,48.5069138]]]]},"geometry_name":"geom","properties":{"gid":19095383,"type":"Bâtiment en dur","code_dep":"10","code_insee":"10323"}},{"type":"Feature","id":"batiment.19361956","geometry":{"type":"MultiPolygon","coordinates":[[[[3.75122454,48.50672215],[3.75118103,48.50672809],[3.75110363,48.50674073],[3.75114531,48.50685274],[3.75121689,48.50684005],[3.75120914,48.5068096],[3.75125127,48.50680169],[3.75122454,48.50672215]]]]},"geometry_name":"geom","properties":{"gid":19095406,"type":"Bâtiment en dur","code_dep":"10","code_insee":"10323"}},{"type":"Feature","id":"batiment.19362377","geometry":{"type":"MultiPolygon","coordinates":[[[[3.75139103,48.50694654],[3.7512715,48.50696673],[3.7512776,48.50698613],[3.75139755,48.50696728],[3.75139103,48.50694654]]]]},"geometry_name":"geom","properties":{"gid":19095827,"type":"Bâtiment en dur","code_dep":"10","code_insee":"10323"}},{"type":"Feature","id":"batiment.19362652","geometry":{"type":"MultiPolygon","coordinates":[[[[3.75121079,48.50644263],[3.75108599,48.50646348],[3.75109625,48.50648978],[3.75116556,48.50647962],[3.75118505,48.506536],[3.75124124,48.50652692],[3.75121079,48.50644263]]]]},"geometry_name":"geom","properties":{"gid":19096103,"type":"Bâtiment en dur","code_dep":"10","code_insee":"10323"}},{"type":"Feature","id":"batiment.19437136","geometry":{"type":"MultiPolygon","coordinates":[[[[3.75263795,48.50649478],[3.7523774,48.50653727],[3.75241987,48.5066571],[3.75244894,48.50665386],[3.75261965,48.50718194],[3.75280414,48.5071509],[3.75277107,48.50707239],[3.7526555,48.50673658],[3.75262994,48.50673818],[3.75259931,48.50663239],[3.75266551,48.5066228],[3.75263795,48.50649478]]]]},"geometry_name":"geom","properties":{"gid":19171186,"type":"Bâtiment en dur","code_dep":"10","code_insee":"10323"}},{"type":"Feature","id":"batiment.19534374","geometry":{"type":"MultiPolygon","coordinates":[[[[3.75159409,48.50695453],[3.75155317,48.50696171],[3.75157332,48.50702681],[3.75158172,48.50702675],[3.75161695,48.5070196],[3.75159409,48.50695453]]]]},"geometry_name":"geom","properties":{"gid":19269140,"type":"Bâtiment en dur","code_dep":"10","code_insee":"10323"}},{"type":"Feature","id":"batiment.19538801","geometry":{"type":"MultiPolygon","coordinates":[[[[3.75135505,48.50684529],[3.75135128,48.50683668],[3.75130511,48.50684597],[3.75132203,48.50690272],[3.75137172,48.50689341],[3.75135505,48.50684529]]]]},"geometry_name":"geom","properties":{"gid":19273589,"type":"Bâtiment en dur","code_dep":"10","code_insee":"10323"}},{"type":"Feature","id":"batiment.19551815","geometry":{"type":"MultiPolygon","coordinates":[[[[3.7595613,48.50731922],[3.75960131,48.50742674],[3.75973488,48.5074043],[3.75969263,48.50730066],[3.7595613,48.50731922]]]]},"geometry_name":"geom","properties":{"gid":19286709,"type":"Bâtiment en dur","code_dep":"10","code_insee":"10323"}},{"type":"Feature","id":"batiment.19551824","geometry":{"type":"MultiPolygon","coordinates":[[[[3.7595613,48.50731922],[3.75969263,48.50730066],[3.75967718,48.50726226],[3.75954764,48.50728225],[3.7595613,48.50731922]]]]},"geometry_name":"geom","properties":{"gid":19286718,"type":"Bâtiment en dur","code_dep":"10","code_insee":"10323"}},{"type":"Feature","id":"batiment.19553894","geometry":{"type":"MultiPolygon","coordinates":[[[[3.75251747,48.50972349],[3.75250718,48.50968586],[3.75243176,48.50969524],[3.75244652,48.50973285],[3.75246179,48.50973086],[3.75251747,48.50972349]]]]},"geometry_name":"geom","properties":{"gid":19288800,"type":"Bâtiment en dur","code_dep":"10","code_insee":"10323"}},{"type":"Feature","id":"batiment.19565923","geometry":{"type":"MultiPolygon","coordinates":[[[[3.75273128,48.53116588],[3.75278628,48.53121366],[3.75286387,48.53118402],[3.75281274,48.53113181],[3.75273128,48.53116588]]]]},"geometry_name":"geom","properties":{"gid":19300920,"type":"Construction légère","code_dep":"10","code_insee":"10323"}},{"type":"Feature","id":"batiment.19565928","geometry":{"type":"MultiPolygon","coordinates":[[[[3.76146527,48.52883154],[3.76150593,48.52887095],[3.76157843,48.52883594],[3.76153157,48.52879909],[3.76146527,48.52883154]]]]},"geometry_name":"geom","properties":{"gid":19300925,"type":"Construction légère","code_dep":"10","code_insee":"10323"}},{"type":"Feature","id":"batiment.19565934","geometry":{"type":"MultiPolygon","coordinates":[[[[3.76099252,48.5288002],[3.76103539,48.52880506],[3.76103641,48.52874451],[3.76099222,48.52875136],[3.76099252,48.5288002]]]]},"geometry_name":"geom","properties":{"gid":19300931,"type":"Construction légère","code_dep":"10","code_insee":"10323"}},{"type":"Feature","id":"batiment.19565941","geometry":{"type":"MultiPolygon","coordinates":[[[[3.75110751,48.53209168],[3.75113233,48.53222674],[3.75121892,48.53221989],[3.75119698,48.53208734],[3.75110751,48.53209168]]]]},"geometry_name":"geom","properties":{"gid":19300938,"type":"Construction légère","code_dep":"10","code_insee":"10323"}},{"type":"Feature","id":"batiment.19565982","geometry":{"type":"MultiPolygon","coordinates":[[[[3.75074518,48.53223431],[3.75079347,48.53234286],[3.75088274,48.53232457],[3.75083352,48.53221666],[3.75074518,48.53223431]]]]},"geometry_name":"geom","properties":{"gid":19301051,"type":"Bâtiment en dur","code_dep":"10","code_insee":"10323"}},{"type":"Feature","id":"batiment.19566026","geometry":{"type":"MultiPolygon","coordinates":[[[[3.75059005,48.53277083],[3.75051056,48.53269675],[3.75029659,48.53280372],[3.75037932,48.5328775],[3.75059005,48.53277083]]]]},"geometry_name":"geom","properties":{"gid":19301023,"type":"Bâtiment en dur","code_dep":"10","code_insee":"10323"}},{"type":"Feature","id":"batiment.19566032","geometry":{"type":"MultiPolygon","coordinates":[[[[3.76106345,48.52886236],[3.76106155,48.52888999],[3.76113251,48.52888954],[3.76113361,48.52886254],[3.76106345,48.52886236]]]]},"geometry_name":"geom","properties":{"gid":19301029,"type":"Bâtiment en dur","code_dep":"10","code_insee":"10323"}},{"type":"Feature","id":"batiment.19566039","geometry":{"type":"MultiPolygon","coordinates":[[[[3.76099252,48.5288002],[3.76099222,48.52875136],[3.76081732,48.52875769],[3.76081925,48.52880698],[3.76099252,48.5288002]]]]},"geometry_name":"geom","properties":{"gid":19301036,"type":"Bâtiment en dur","code_dep":"10","code_insee":"10323"}},{"type":"Feature","id":"batiment.19566048","geometry":{"type":"MultiPolygon","coordinates":[[[[3.7613458,48.52795401],[3.76134699,48.5279711],[3.76137367,48.52797057],[3.7613738,48.52795195],[3.7613458,48.52795401]]]]},"geometry_name":"geom","properties":{"gid":19301045,"type":"Bâtiment en dur","code_dep":"10","code_insee":"10323"}},{"type":"Feature","id":"batiment.19596553","geometry":{"type":"MultiPolygon","coordinates":[[[[3.75211173,48.50916865],[3.75197256,48.50918842],[3.75197738,48.50921313],[3.75199238,48.50921133],[3.75211483,48.50919634],[3.75211173,48.50916865]]]]},"geometry_name":"geom","properties":{"gid":19331781,"type":"Construction légère","code_dep":"10","code_insee":"10323"}},{"type":"Feature","id":"batiment.19596572","geometry":{"type":"MultiPolygon","coordinates":[[[[3.75187849,48.50961607],[3.75188402,48.50963331],[3.75193456,48.50962633],[3.75192889,48.50960865],[3.75187849,48.50961607]]]]},"geometry_name":"geom","properties":{"gid":19331800,"type":"Construction légère","code_dep":"10","code_insee":"10323"}},{"type":"Feature","id":"batiment.19596711","geometry":{"type":"MultiPolygon","coordinates":[[[[3.75218414,48.50969609],[3.75228075,48.50968244],[3.75225828,48.5096071],[3.75216167,48.50962067],[3.75218414,48.50969609]]]]},"geometry_name":"geom","properties":{"gid":19331940,"type":"Bâtiment en dur","code_dep":"10","code_insee":"10323"}},{"type":"Feature","id":"batiment.19596723","geometry":{"type":"MultiPolygon","coordinates":[[[[3.75213942,48.50956071],[3.75223764,48.50954651],[3.75221159,48.50945743],[3.75215931,48.50946604],[3.75216314,48.50948733],[3.75212854,48.50949169],[3.7521307,48.50951938],[3.75211477,48.50952245],[3.75212063,48.50955372],[3.75213942,48.50956071]]]]},"geometry_name":"geom","properties":{"gid":19331953,"type":"Bâtiment en dur","code_dep":"10","code_insee":"10323"}},{"type":"Feature","id":"batiment.19596749","geometry":{"type":"MultiPolygon","coordinates":[[[[3.75182027,48.50909583],[3.75207024,48.50906114],[3.75204294,48.50896028],[3.75193307,48.50897456],[3.75193986,48.50900412],[3.75180057,48.50902506],[3.75182027,48.50909583]]]]},"geometry_name":"geom","properties":{"gid":19331979,"type":"Bâtiment en dur","code_dep":"10","code_insee":"10323"}},{"type":"Feature","id":"batiment.19596861","geometry":{"type":"MultiPolygon","coordinates":[[[[3.74977188,48.50966105],[3.74989298,48.50964616],[3.74987317,48.50957683],[3.74985935,48.50957611],[3.74985645,48.50955373],[3.74992527,48.50954673],[3.74992977,48.50955821],[3.7500087,48.50954863],[3.74998994,48.50947705],[3.74990967,48.5094879],[3.74991087,48.50950535],[3.74982843,48.50951585],[3.74981865,48.50948524],[3.74972567,48.50949761],[3.74977188,48.50966105]]]]},"geometry_name":"geom","properties":{"gid":19332092,"type":"Bâtiment en dur","code_dep":"10","code_insee":"10323"}},{"type":"Feature","id":"batiment.19596914","geometry":{"type":"MultiPolygon","coordinates":[[[[3.75225682,48.50914659],[3.752388,48.50912687],[3.75236389,48.50905019],[3.75222908,48.50907174],[3.75225682,48.50914659]]]]},"geometry_name":"geom","properties":{"gid":19332145,"type":"Bâtiment en dur","code_dep":"10","code_insee":"10323"}},{"type":"Feature","id":"batiment.19597001","geometry":{"type":"MultiPolygon","coordinates":[[[[3.75238166,48.50942109],[3.75243318,48.50941608],[3.75242648,48.50939309],[3.75237607,48.50939935],[3.75238166,48.50942109]]]]},"geometry_name":"geom","properties":{"gid":19332271,"type":"Bâtiment en dur","code_dep":"10","code_insee":"10323"}},{"type":"Feature","id":"batiment.19597032","geometry":{"type":"MultiPolygon","coordinates":[[[[3.75264598,48.50946134],[3.75268933,48.50945332],[3.75267809,48.50940562],[3.75263375,48.50941067],[3.75264598,48.50946134]]]]},"geometry_name":"geom","properties":{"gid":19332263,"type":"Bâtiment en dur","code_dep":"10","code_insee":"10323"}},{"type":"Feature","id":"batiment.19597078","geometry":{"type":"MultiPolygon","coordinates":[[[[3.75031609,48.51084917],[3.75036727,48.51083058],[3.75031659,48.51076127],[3.75032626,48.5107559],[3.75030278,48.51072303],[3.7502347,48.51074406],[3.75031609,48.51084917]]]]},"geometry_name":"geom","properties":{"gid":19332310,"type":"Bâtiment en dur","code_dep":"10","code_insee":"10323"}},{"type":"Feature","id":"batiment.19597150","geometry":{"type":"MultiPolygon","coordinates":[[[[3.75199238,48.50921133],[3.75201302,48.50928146],[3.75205642,48.50927705],[3.75209815,48.50926967],[3.75209917,48.50928451],[3.752141,48.50928425],[3.75213976,48.50926356],[3.75214503,48.5092629],[3.75212905,48.50919625],[3.75211483,48.50919634],[3.75199238,48.50921133]]]]},"geometry_name":"geom","properties":{"gid":19332381,"type":"Bâtiment en dur","code_dep":"10","code_insee":"10323"}},{"type":"Feature","id":"batiment.19597197","geometry":{"type":"MultiPolygon","coordinates":[[[[3.75212617,48.50982664],[3.75215013,48.50990214],[3.7521966,48.50989474],[3.75217226,48.50982104],[3.75212617,48.50982664]]]]},"geometry_name":"geom","properties":{"gid":19332426,"type":"Bâtiment en dur","code_dep":"10","code_insee":"10323"}},{"type":"Feature","id":"batiment.19597212","geometry":{"type":"MultiPolygon","coordinates":[[[[3.75190081,48.50919841],[3.75190116,48.50922315],[3.75197738,48.50921313],[3.75197256,48.50918842],[3.75190081,48.50919841]]]]},"geometry_name":"geom","properties":{"gid":19332441,"type":"Bâtiment en dur","code_dep":"10","code_insee":"10323"}},{"type":"Feature","id":"batiment.19597226","geometry":{"type":"MultiPolygon","coordinates":[[[[3.75210224,48.50982913],[3.75212312,48.50990645],[3.75215013,48.50990214],[3.75212617,48.50982664],[3.75210224,48.50982913]]]]},"geometry_name":"geom","properties":{"gid":19332455,"type":"Bâtiment en dur","code_dep":"10","code_insee":"10323"}},{"type":"Feature","id":"batiment.19597239","geometry":{"type":"MultiPolygon","coordinates":[[[[3.75188402,48.50963331],[3.75189536,48.50967849],[3.75185986,48.50968582],[3.75189344,48.50979014],[3.75198277,48.50977815],[3.75197322,48.50973512],[3.75193456,48.50962633],[3.75188402,48.50963331]]]]},"geometry_name":"geom","properties":{"gid":19332469,"type":"Bâtiment en dur","code_dep":"10","code_insee":"10323"}},{"type":"Feature","id":"batiment.19597250","geometry":{"type":"MultiPolygon","coordinates":[[[[3.75208034,48.51006794],[3.75209788,48.51011991],[3.75215363,48.5101084],[3.75214003,48.51005658],[3.75208034,48.51006794]]]]},"geometry_name":"geom","properties":{"gid":19332480,"type":"Bâtiment en dur","code_dep":"10","code_insee":"10323"}},{"type":"Feature","id":"batiment.19597260","geometry":{"type":"MultiPolygon","coordinates":[[[[3.75204566,48.51013212],[3.75209788,48.51011991],[3.75208034,48.51006794],[3.7520262,48.51007826],[3.75204566,48.51013212]]]]},"geometry_name":"geom","properties":{"gid":19332490,"type":"Bâtiment en dur","code_dep":"10","code_insee":"10323"}},{"type":"Feature","id":"batiment.19597304","geometry":{"type":"MultiPolygon","coordinates":[[[[3.75183966,48.50879559],[3.7517848,48.50880358],[3.75181408,48.50890056],[3.75197177,48.50887824],[3.75194841,48.50879814],[3.75184196,48.5088142],[3.75183966,48.50879559]]]]},"geometry_name":"geom","properties":{"gid":19332536,"type":"Bâtiment en dur","code_dep":"10","code_insee":"10323"}},{"type":"Feature","id":"batiment.19597458","geometry":{"type":"MultiPolygon","coordinates":[[[[3.75009256,48.51050863],[3.75008152,48.51047514],[3.7500295,48.51048285],[3.75003449,48.51051934],[3.75009256,48.51050863]]]]},"geometry_name":"geom","properties":{"gid":19332691,"type":"Bâtiment en dur","code_dep":"10","code_insee":"10323"}},{"type":"Feature","id":"batiment.19597559","geometry":{"type":"MultiPolygon","coordinates":[[[[3.75247198,48.50927055],[3.75244405,48.50919255],[3.75234205,48.50920795],[3.7523647,48.50928598],[3.75247198,48.50927055]]]]},"geometry_name":"geom","properties":{"gid":19332793,"type":"Bâtiment en dur","code_dep":"10","code_insee":"10323"}},{"type":"Feature","id":"batiment.19597796","geometry":{"type":"MultiPolygon","coordinates":[[[[3.75262714,48.50995022],[3.75282059,48.50991985],[3.75279924,48.50985674],[3.75265739,48.50987896],[3.75265102,48.50986892],[3.75260477,48.50987299],[3.75262714,48.50995022]]]]},"geometry_name":"geom","properties":{"gid":19333030,"type":"Bâtiment en dur","code_dep":"10","code_insee":"10323"}},{"type":"Feature","id":"batiment.19597808","geometry":{"type":"MultiPolygon","coordinates":[[[[3.75272374,48.50969088],[3.75273521,48.50968793],[3.75270547,48.50958709],[3.75259292,48.50960381],[3.75261998,48.50968749],[3.75263241,48.50968561],[3.75263783,48.50970447],[3.75272374,48.50969088]]]]},"geometry_name":"geom","properties":{"gid":19333042,"type":"Bâtiment en dur","code_dep":"10","code_insee":"10323"}},{"type":"Feature","id":"batiment.19597906","geometry":{"type":"MultiPolygon","coordinates":[[[[3.75280521,48.50973516],[3.75278779,48.5096821],[3.75273521,48.50968793],[3.75272374,48.50969088],[3.75274156,48.50974393],[3.75280521,48.50973516]]]]},"geometry_name":"geom","properties":{"gid":19333141,"type":"Bâtiment en dur","code_dep":"10","code_insee":"10323"}},{"type":"Feature","id":"batiment.20076630","geometry":{"type":"MultiPolygon","coordinates":[[[[3.75482346,48.50596678],[3.75473216,48.50571825],[3.75460709,48.50573883],[3.75462907,48.5057987],[3.75464879,48.50579552],[3.75469683,48.50592575],[3.75467711,48.50592893],[3.75469853,48.50598736],[3.75482346,48.50596678]]]]},"geometry_name":"geom","properties":{"gid":19815565,"type":"Bâtiment en dur","code_dep":"10","code_insee":"10323"}},{"type":"Feature","id":"batiment.20121301","geometry":{"type":"MultiPolygon","coordinates":[[[[3.77842884,48.50166547],[3.77846179,48.50166003],[3.77850558,48.50165498],[3.77850541,48.50165309],[3.77852148,48.50165046],[3.77849974,48.50159033],[3.77857015,48.50158168],[3.77853482,48.50145471],[3.77842253,48.50146813],[3.77845,48.50156754],[3.77843652,48.50157149],[3.77845513,48.5016401],[3.7784238,48.50164535],[3.77842884,48.50166547]]]]},"geometry_name":"geom","properties":{"gid":19860705,"type":"Bâtiment en dur","code_dep":"10","code_insee":"10220"}},{"type":"Feature","id":"batiment.20151303","geometry":{"type":"MultiPolygon","coordinates":[[[[3.79944837,48.51248684],[3.79961919,48.51246518],[3.79960174,48.51240385],[3.79943065,48.51242561],[3.79944837,48.51248684]]]]},"geometry_name":"geom","properties":{"gid":19891047,"type":"Bâtiment en dur","code_dep":"10","code_insee":"10220"}},{"type":"Feature","id":"batiment.20524244","geometry":{"type":"MultiPolygon","coordinates":[[[[3.75229246,48.50873326],[3.75234528,48.50872537],[3.75232266,48.5086584],[3.75231618,48.50865943],[3.75226984,48.50866629],[3.75229246,48.50873326]]]]},"geometry_name":"geom","properties":{"gid":20266930,"type":"Construction légère","code_dep":"10","code_insee":"10323"}},{"type":"Feature","id":"batiment.20635461","geometry":{"type":"MultiPolygon","coordinates":[[[[3.75228828,48.50676103],[3.7523718,48.50675052],[3.75229673,48.50651943],[3.75221353,48.50653291],[3.75228828,48.50676103]]]]},"geometry_name":"geom","properties":{"gid":20378988,"type":"Bâtiment FI","code_dep":"10","code_insee":"10323"}},{"type":"Feature","id":"batiment.20635470","geometry":{"type":"MultiPolygon","coordinates":[[[[3.75447641,48.50512459],[3.75444398,48.50512893],[3.75452164,48.5053421],[3.75455893,48.50533674],[3.75447641,48.50512459]]]]},"geometry_name":"geom","properties":{"gid":20378997,"type":"Bâtiment FI","code_dep":"10","code_insee":"10323"}},{"type":"Feature","id":"batiment.20635481","geometry":{"type":"MultiPolygon","coordinates":[[[[3.75011337,48.50382058],[3.75009597,48.5037677],[3.74993358,48.5037914],[3.74995099,48.50384419],[3.75011337,48.50382058]]]]},"geometry_name":"geom","properties":{"gid":20379008,"type":"Bâtiment FI","code_dep":"10","code_insee":"10323"}},{"type":"Feature","id":"batiment.20635834","geometry":{"type":"MultiPolygon","coordinates":[[[[3.75242153,48.50912342],[3.75257395,48.5091023],[3.75256019,48.5090584],[3.75240777,48.50907951],[3.75242153,48.50912342]]]]},"geometry_name":"geom","properties":{"gid":20379362,"type":"Bâtiment FI","code_dep":"10","code_insee":"10323"}},{"type":"Feature","id":"batiment.20636008","geometry":{"type":"MultiPolygon","coordinates":[[[[3.75032346,48.51197977],[3.75020494,48.51198618],[3.75021391,48.51203597],[3.75033174,48.51202865],[3.75032346,48.51197977]]]]},"geometry_name":"geom","properties":{"gid":20379537,"type":"Bâtiment FI","code_dep":"10","code_insee":"10323"}},{"type":"Feature","id":"batiment.20636017","geometry":{"type":"MultiPolygon","coordinates":[[[[3.75023868,48.51217696],[3.75030701,48.51220262],[3.75036026,48.51213868],[3.75029315,48.51211382],[3.75023868,48.51217696]]]]},"geometry_name":"geom","properties":{"gid":20379546,"type":"Bâtiment FI","code_dep":"10","code_insee":"10323"}},{"type":"Feature","id":"batiment.20636027","geometry":{"type":"MultiPolygon","coordinates":[[[[3.75016519,48.51217014],[3.75022176,48.51210222],[3.75005983,48.5120454],[3.75000617,48.51210889],[3.75016519,48.51217014]]]]},"geometry_name":"geom","properties":{"gid":20379556,"type":"Bâtiment FI","code_dep":"10","code_insee":"10323"}},{"type":"Feature","id":"batiment.20636035","geometry":{"type":"MultiPolygon","coordinates":[[[[3.7527543,48.51121654],[3.75276861,48.51124191],[3.75260697,48.51128161],[3.75263612,48.51133172],[3.75277994,48.51129581],[3.75278487,48.5112992],[3.75292147,48.51126046],[3.75288751,48.51120598],[3.75283681,48.51122015],[3.75282063,48.51119678],[3.7527543,48.51121654]]]]},"geometry_name":"geom","properties":{"gid":20379564,"type":"Bâtiment FI","code_dep":"10","code_insee":"10323"}},{"type":"Feature","id":"batiment.20650744","geometry":{"type":"MultiPolygon","coordinates":[[[[3.78389283,48.504007],[3.78385546,48.50379854],[3.78379515,48.50380334],[3.78383266,48.50401181],[3.78389283,48.504007]]]]},"geometry_name":"geom","properties":{"gid":20394374,"type":"Bâtiment FI","code_dep":"10","code_insee":"10220"}},{"type":"Feature","id":"batiment.20650758","geometry":{"type":"MultiPolygon","coordinates":[[[[3.79414335,48.51618974],[3.79403225,48.5162038],[3.79405198,48.51627248],[3.79416307,48.51625843],[3.79414335,48.51618974]]]]},"geometry_name":"geom","properties":{"gid":20394388,"type":"Bâtiment FI","code_dep":"10","code_insee":"10220"}},{"type":"Feature","id":"batiment.20650779","geometry":{"type":"MultiPolygon","coordinates":[[[[3.79556791,48.51600505],[3.7955893,48.51603136],[3.79572531,48.51598205],[3.79567675,48.51592282],[3.79558601,48.5159577],[3.79555542,48.51592237],[3.79550694,48.51594033],[3.79551578,48.51595188],[3.79545707,48.51597305],[3.79550287,48.5160287],[3.79556791,48.51600505]]]]},"geometry_name":"geom","properties":{"gid":20394409,"type":"Bâtiment FI","code_dep":"10","code_insee":"10220"}},{"type":"Feature","id":"batiment.20650791","geometry":{"type":"MultiPolygon","coordinates":[[[[3.79558104,48.51433526],[3.79562707,48.51445973],[3.79566867,48.51445288],[3.79562264,48.51432841],[3.79558104,48.51433526]]]]},"geometry_name":"geom","properties":{"gid":20394422,"type":"Bâtiment FI","code_dep":"10","code_insee":"10220"}},{"type":"Feature","id":"batiment.20650805","geometry":{"type":"MultiPolygon","coordinates":[[[[3.79417148,48.51291401],[3.79417441,48.51292892],[3.79422959,48.51292415],[3.7942196,48.51287284],[3.79397349,48.51289383],[3.79397965,48.51292528],[3.794057,48.512919],[3.79405804,48.51292448],[3.79417148,48.51291401]]]]},"geometry_name":"geom","properties":{"gid":20394436,"type":"Bâtiment FI","code_dep":"10","code_insee":"10220"}},{"type":"Feature","id":"batiment.20650852","geometry":{"type":"MultiPolygon","coordinates":[[[[3.80163291,48.51400023],[3.80167378,48.51398988],[3.80169146,48.51402116],[3.80175108,48.51400609],[3.80170725,48.51392929],[3.80160689,48.51395453],[3.80163291,48.51400023]]]]},"geometry_name":"geom","properties":{"gid":20394483,"type":"Bâtiment FI","code_dep":"10","code_insee":"10220"}},{"type":"Feature","id":"batiment.20650863","geometry":{"type":"MultiPolygon","coordinates":[[[[3.80635878,48.51242891],[3.8063657,48.5124473],[3.80633315,48.51245274],[3.80634501,48.51248415],[3.80647628,48.51246212],[3.80645737,48.51241241],[3.80635878,48.51242891]]]]},"geometry_name":"geom","properties":{"gid":20394494,"type":"Bâtiment FI","code_dep":"10","code_insee":"10220"}},{"type":"Feature","id":"batiment.20650875","geometry":{"type":"MultiPolygon","coordinates":[[[[3.80597361,48.51239625],[3.80595914,48.51235362],[3.80582243,48.51237407],[3.80583676,48.5124167],[3.80597361,48.51239625]]]]},"geometry_name":"geom","properties":{"gid":20394506,"type":"Bâtiment FI","code_dep":"10","code_insee":"10220"}},{"type":"Feature","id":"batiment.20650886","geometry":{"type":"MultiPolygon","coordinates":[[[[3.78799756,48.50337836],[3.78791331,48.50297858],[3.78788303,48.50298139],[3.78796715,48.50338117],[3.78799756,48.50337836]]]]},"geometry_name":"geom","properties":{"gid":20394517,"type":"Bâtiment FI","code_dep":"10","code_insee":"10220"}},{"type":"Feature","id":"batiment.20650899","geometry":{"type":"MultiPolygon","coordinates":[[[[3.76130811,48.50854431],[3.76119669,48.50857256],[3.76126975,48.50869957],[3.76138104,48.50867132],[3.76130811,48.50854431]]]]},"geometry_name":"geom","properties":{"gid":20394530,"type":"Bâtiment FI","code_dep":"10","code_insee":"10220"}},{"type":"Feature","id":"batiment.20650918","geometry":{"type":"MultiPolygon","coordinates":[[[[3.78567455,48.50724363],[3.78567596,48.50720206],[3.78552172,48.50719984],[3.78552031,48.5072415],[3.78567455,48.50724363]]]]},"geometry_name":"geom","properties":{"gid":20394549,"type":"Bâtiment FI","code_dep":"10","code_insee":"10220"}},{"type":"Feature","id":"batiment.20650930","geometry":{"type":"MultiPolygon","coordinates":[[[[3.78590088,48.50638244],[3.78597251,48.50638323],[3.78597294,48.50634877],[3.78594708,48.50634867],[3.78594809,48.50628029],[3.78590314,48.50627978],[3.78590088,48.50638244]]]]},"geometry_name":"geom","properties":{"gid":20394561,"type":"Bâtiment FI","code_dep":"10","code_insee":"10220"}},{"type":"Feature","id":"batiment.20650952","geometry":{"type":"MultiPolygon","coordinates":[[[[3.78828458,48.5079931],[3.78827554,48.50799505],[3.78828639,48.50801459],[3.78833078,48.5080044],[3.7883174,48.50797876],[3.78834115,48.50797356],[3.78832207,48.50793851],[3.78830939,48.50794157],[3.78827193,48.50787209],[3.78822957,48.50788218],[3.78828458,48.5079931]]]]},"geometry_name":"geom","properties":{"gid":20394582,"type":"Bâtiment FI","code_dep":"10","code_insee":"10220"}},{"type":"Feature","id":"batiment.20650999","geometry":{"type":"MultiPolygon","coordinates":[[[[3.78480778,48.50821052],[3.78467212,48.50821978],[3.78469523,48.50837068],[3.78483115,48.50836142],[3.78480778,48.50821052]]]]},"geometry_name":"geom","properties":{"gid":20394629,"type":"Bâtiment FI","code_dep":"10","code_insee":"10220"}},{"type":"Feature","id":"batiment.20651012","geometry":{"type":"MultiPolygon","coordinates":[[[[3.7919132,48.5114581],[3.79185117,48.51146643],[3.79182509,48.51138015],[3.79176875,48.51138808],[3.79180487,48.51150227],[3.79185715,48.51149482],[3.79185873,48.51150065],[3.79192333,48.51149258],[3.7919132,48.5114581]]]]},"geometry_name":"geom","properties":{"gid":20394642,"type":"Bâtiment FI","code_dep":"10","code_insee":"10220"}},{"type":"Feature","id":"batiment.20651023","geometry":{"type":"MultiPolygon","coordinates":[[[[3.76822606,48.50622517],[3.76825112,48.50630921],[3.76834395,48.50629701],[3.76831903,48.50621296],[3.76822606,48.50622517]]]]},"geometry_name":"geom","properties":{"gid":20394653,"type":"Bâtiment FI","code_dep":"10","code_insee":"10220"}},{"type":"Feature","id":"batiment.20651031","geometry":{"type":"MultiPolygon","coordinates":[[[[3.78740925,48.5063129],[3.78741488,48.50636289],[3.7874679,48.50635966],[3.78751036,48.50636576],[3.78760603,48.50639859],[3.78766693,48.5063515],[3.78754863,48.50628112],[3.78740925,48.5063129]]]]},"geometry_name":"geom","properties":{"gid":20394661,"type":"Bâtiment FI","code_dep":"10","code_insee":"10220"}},{"type":"Feature","id":"batiment.20651058","geometry":{"type":"MultiPolygon","coordinates":[[[[3.78441343,48.50815024],[3.78441744,48.50820131],[3.78437455,48.50820277],[3.78438002,48.50826975],[3.78441885,48.50826842],[3.78441435,48.50821141],[3.78452639,48.50820743],[3.78452537,48.50819349],[3.78460521,48.50819072],[3.78460153,48.50814369],[3.78441343,48.50815024]]]]},"geometry_name":"geom","properties":{"gid":20394689,"type":"Bâtiment FI","code_dep":"10","code_insee":"10220"}},{"type":"Feature","id":"batiment.20651067","geometry":{"type":"MultiPolygon","coordinates":[[[[3.77897109,48.50227285],[3.77908281,48.50234778],[3.77913147,48.5023157],[3.77901976,48.50224078],[3.77897109,48.50227285]]]]},"geometry_name":"geom","properties":{"gid":20394698,"type":"Bâtiment FI","code_dep":"10","code_insee":"10220"}},{"type":"Feature","id":"batiment.20651079","geometry":{"type":"MultiPolygon","coordinates":[[[[3.77833809,48.50339597],[3.77819972,48.50341333],[3.77822114,48.50348867],[3.77835965,48.5034713],[3.77833809,48.50339597]]]]},"geometry_name":"geom","properties":{"gid":20394710,"type":"Bâtiment FI","code_dep":"10","code_insee":"10220"}},{"type":"Feature","id":"batiment.20651093","geometry":{"type":"MultiPolygon","coordinates":[[[[3.7833717,48.50189099],[3.78336438,48.50173577],[3.78329198,48.50173723],[3.78329944,48.50189255],[3.7833717,48.50189099]]]]},"geometry_name":"geom","properties":{"gid":20394724,"type":"Bâtiment FI","code_dep":"10","code_insee":"10220"}},{"type":"Feature","id":"batiment.20651143","geometry":{"type":"MultiPolygon","coordinates":[[[[3.77972699,48.50180602],[3.77979384,48.50184994],[3.77986372,48.50184273],[3.77984667,48.50177015],[3.77975395,48.50177976],[3.77972699,48.50180602]]]]},"geometry_name":"geom","properties":{"gid":20394774,"type":"Bâtiment FI","code_dep":"10","code_insee":"10220"}},{"type":"Feature","id":"batiment.20651155","geometry":{"type":"MultiPolygon","coordinates":[[[[3.80518264,48.5117905],[3.80514367,48.51165987],[3.80496354,48.51168358],[3.80499609,48.51179266],[3.80504838,48.51178574],[3.80505481,48.51180738],[3.80518264,48.5117905]]]]},"geometry_name":"geom","properties":{"gid":20394787,"type":"Bâtiment FI","code_dep":"10","code_insee":"10220"}},{"type":"Feature","id":"batiment.20651180","geometry":{"type":"MultiPolygon","coordinates":[[[[3.80488185,48.5028375],[3.80490231,48.50278563],[3.80478476,48.50276528],[3.80476444,48.50281706],[3.80488185,48.5028375]]]]},"geometry_name":"geom","properties":{"gid":20394812,"type":"Bâtiment FI","code_dep":"10","code_insee":"10220"}},{"type":"Feature","id":"batiment.20651192","geometry":{"type":"MultiPolygon","coordinates":[[[[3.78503689,48.50081124],[3.78503238,48.50079013],[3.78496776,48.50079622],[3.78499617,48.50093053],[3.78506255,48.50092433],[3.7850538,48.50088265],[3.78512788,48.50087568],[3.78511273,48.50080408],[3.78503689,48.50081124]]]]},"geometry_name":"geom","properties":{"gid":20394824,"type":"Bâtiment FI","code_dep":"10","code_insee":"10220"}},{"type":"Feature","id":"batiment.20651214","geometry":{"type":"MultiPolygon","coordinates":[[[[3.79369106,48.5000074],[3.7936687,48.49990751],[3.79371858,48.4999025],[3.7937074,48.49985274],[3.79362684,48.49986074],[3.79363962,48.49991769],[3.79357338,48.49992425],[3.79359428,48.50001696],[3.79369106,48.5000074]]]]},"geometry_name":"geom","properties":{"gid":20394845,"type":"Bâtiment FI","code_dep":"10","code_insee":"10220"}},{"type":"Feature","id":"batiment.20651224","geometry":{"type":"MultiPolygon","coordinates":[[[[3.77561322,48.50116209],[3.77563418,48.50121548],[3.77585792,48.50117696],[3.77583723,48.50112347],[3.77561322,48.50116209]]]]},"geometry_name":"geom","properties":{"gid":20394856,"type":"Bâtiment FI","code_dep":"10","code_insee":"10220"}},{"type":"Feature","id":"batiment.20651236","geometry":{"type":"MultiPolygon","coordinates":[[[[3.77616494,48.4986504],[3.77617668,48.4986756],[3.77642824,48.49862384],[3.77641649,48.49859864],[3.77616494,48.4986504]]]]},"geometry_name":"geom","properties":{"gid":20394868,"type":"Bâtiment FI","code_dep":"10","code_insee":"10220"}},{"type":"Feature","id":"batiment.20651247","geometry":{"type":"MultiPolygon","coordinates":[[[[3.77854769,48.49952976],[3.77855642,48.49955238],[3.77872291,48.49952412],[3.77869601,48.49945376],[3.7786104,48.49946836],[3.77862871,48.4995161],[3.77854769,48.49952976]]]]},"geometry_name":"geom","properties":{"gid":20394879,"type":"Bâtiment FI","code_dep":"10","code_insee":"10220"}},{"type":"Feature","id":"batiment.20651289","geometry":{"type":"MultiPolygon","coordinates":[[[[3.77767717,48.4996777],[3.77769022,48.49970892],[3.77787004,48.49967598],[3.77784814,48.4996235],[3.77772867,48.49964551],[3.77773751,48.4996666],[3.77767717,48.4996777]]]]},"geometry_name":"geom","properties":{"gid":20394922,"type":"Bâtiment FI","code_dep":"10","code_insee":"10220"}},{"type":"Feature","id":"batiment.20651298","geometry":{"type":"MultiPolygon","coordinates":[[[[3.76146411,48.49316292],[3.7613928,48.4931085],[3.76137589,48.49311824],[3.76134153,48.49309192],[3.76128717,48.49312348],[3.76140679,48.49321475],[3.76146344,48.49318191],[3.76144961,48.49317129],[3.76146411,48.49316292]]]]},"geometry_name":"geom","properties":{"gid":20394931,"type":"Bâtiment FI","code_dep":"10","code_insee":"10220"}},{"type":"Feature","id":"batiment.20651308","geometry":{"type":"MultiPolygon","coordinates":[[[[3.77094307,48.50172678],[3.77102634,48.50171886],[3.77099626,48.50157862],[3.77091461,48.50158635],[3.77092013,48.50161195],[3.77088295,48.50161552],[3.77089632,48.5016776],[3.77093187,48.50167422],[3.77094307,48.50172678]]]]},"geometry_name":"geom","properties":{"gid":20394941,"type":"Bâtiment FI","code_dep":"10","code_insee":"10220"}},{"type":"Feature","id":"batiment.20651312","geometry":{"type":"MultiPolygon","coordinates":[[[[3.78444439,48.51075536],[3.78445554,48.51078534],[3.78439949,48.51079461],[3.78441401,48.51083347],[3.78447425,48.51082354],[3.78447905,48.51083664],[3.78454442,48.51082586],[3.78451368,48.51074384],[3.78444439,48.51075536]]]]},"geometry_name":"geom","properties":{"gid":20394976,"type":"Bâtiment FI","code_dep":"10","code_insee":"10220"}},{"type":"Feature","id":"batiment.20651318","geometry":{"type":"MultiPolygon","coordinates":[[[[3.77019556,48.50111943],[3.77021356,48.5011929],[3.77027992,48.50118563],[3.77026178,48.50111216],[3.77019556,48.50111943]]]]},"geometry_name":"geom","properties":{"gid":20394950,"type":"Bâtiment FI","code_dep":"10","code_insee":"10220"}},{"type":"Feature","id":"batiment.20651351","geometry":{"type":"MultiPolygon","coordinates":[[[[3.78871532,48.51218557],[3.78877034,48.51222488],[3.78887579,48.51215959],[3.78882049,48.51212019],[3.78871532,48.51218557]]]]},"geometry_name":"geom","properties":{"gid":20394985,"type":"Bâtiment FI","code_dep":"10","code_insee":"10220"}},{"type":"Feature","id":"batiment.20651371","geometry":{"type":"MultiPolygon","coordinates":[[[[3.77638592,48.50108858],[3.77629177,48.50110242],[3.77633427,48.50122989],[3.77643179,48.50121558],[3.7764257,48.501197],[3.77646635,48.50119097],[3.77644681,48.50113236],[3.77640277,48.50113885],[3.77638592,48.50108858]]]]},"geometry_name":"geom","properties":{"gid":20395005,"type":"Bâtiment FI","code_dep":"10","code_insee":"10220"}},{"type":"Feature","id":"batiment.20811583","geometry":{"type":"MultiPolygon","coordinates":[[[[3.82930982,48.53256975],[3.82930897,48.5325676],[3.82928118,48.53257499],[3.82928867,48.53259428],[3.82927747,48.53259741],[3.82928805,48.53262379],[3.82932491,48.53261651],[3.82930982,48.53256975]]]]},"geometry_name":"geom","properties":{"gid":20556425,"type":"Bâtiment en dur","code_dep":"51","code_insee":"51155"}},{"type":"Feature","id":"batiment.20814046","geometry":{"type":"MultiPolygon","coordinates":[[[[3.82938497,48.53267997],[3.82963619,48.53260849],[3.8296002,48.53255108],[3.82935034,48.5326229],[3.82938497,48.53267997]]]]},"geometry_name":"geom","properties":{"gid":20558911,"type":"Bâtiment en dur","code_dep":"51","code_insee":"51155"}},{"type":"Feature","id":"batiment.20882355","geometry":{"type":"MultiPolygon","coordinates":[[[[3.81717552,48.5274968],[3.81716506,48.52748635],[3.81709377,48.52751742],[3.81706659,48.52752913],[3.81709568,48.52756212],[3.81710255,48.52756864],[3.81729351,48.52774986],[3.81738671,48.52770802],[3.81717552,48.5274968]]]]},"geometry_name":"geom","properties":{"gid":20628025,"type":"Bâtiment en dur","code_dep":"51","code_insee":"51155"}},{"type":"Feature","id":"batiment.20882369","geometry":{"type":"MultiPolygon","coordinates":[[[[3.81756526,48.52770175],[3.81754145,48.52766863],[3.81747519,48.52769293],[3.81749885,48.52772506],[3.81756526,48.52770175]]]]},"geometry_name":"geom","properties":{"gid":20628039,"type":"Bâtiment en dur","code_dep":"51","code_insee":"51155"}},{"type":"Feature","id":"batiment.20882380","geometry":{"type":"MultiPolygon","coordinates":[[[[3.81749494,48.52760427],[3.81746776,48.52761597],[3.81749555,48.52765185],[3.81752207,48.52764196],[3.81749494,48.52760427]]]]},"geometry_name":"geom","properties":{"gid":20628050,"type":"Bâtiment en dur","code_dep":"51","code_insee":"51155"}},{"type":"Feature","id":"batiment.20882388","geometry":{"type":"MultiPolygon","coordinates":[[[[3.81770554,48.52815941],[3.81765102,48.52809412],[3.81749449,48.52815736],[3.81755105,48.52822354],[3.81770554,48.52815941]]]]},"geometry_name":"geom","properties":{"gid":20628059,"type":"Bâtiment en dur","code_dep":"51","code_insee":"51155"}},{"type":"Feature","id":"batiment.20882403","geometry":{"type":"MultiPolygon","coordinates":[[[[3.81714035,48.52746493],[3.81707323,48.52749453],[3.81709377,48.52751742],[3.81716506,48.52748635],[3.81714035,48.52746493]]]]},"geometry_name":"geom","properties":{"gid":20628074,"type":"Construction légère","code_dep":"51","code_insee":"51155"}},{"type":"Feature","id":"batiment.22826448","geometry":{"type":"MultiPolygon","coordinates":[[[[3.76355745,48.50489439],[3.76354228,48.50485679],[3.76307827,48.50493678],[3.76309263,48.50497439],[3.76355745,48.50489439]]]]},"geometry_name":"geom","properties":{"gid":22587482,"type":"Construction légère","code_dep":"10","code_insee":"10323"}},{"type":"Feature","id":"batiment.22826456","geometry":{"type":"MultiPolygon","coordinates":[[[[3.76664792,48.50604221],[3.76663556,48.50602133],[3.76658524,48.5060338],[3.76659978,48.50605539],[3.76664792,48.50604221]]]]},"geometry_name":"geom","properties":{"gid":22587490,"type":"Construction légère","code_dep":"10","code_insee":"10323"}},{"type":"Feature","id":"batiment.22826463","geometry":{"type":"MultiPolygon","coordinates":[[[[3.76447283,48.50585606],[3.76446205,48.50582257],[3.76442922,48.50582719],[3.76444136,48.50586112],[3.76447283,48.50585606]]]]},"geometry_name":"geom","properties":{"gid":22587497,"type":"Construction légère","code_dep":"10","code_insee":"10323"}},{"type":"Feature","id":"batiment.22826473","geometry":{"type":"MultiPolygon","coordinates":[[[[3.76368462,48.50585591],[3.76389381,48.50582002],[3.76387483,48.50577201],[3.76366334,48.50580792],[3.76368462,48.50585591]]]]},"geometry_name":"geom","properties":{"gid":22587507,"type":"Construction légère","code_dep":"10","code_insee":"10323"}},{"type":"Feature","id":"batiment.22826483","geometry":{"type":"MultiPolygon","coordinates":[[[[3.76471017,48.50501149],[3.76474519,48.50500883],[3.76473156,48.50497447],[3.76470022,48.50497899],[3.76471017,48.50501149]]]]},"geometry_name":"geom","properties":{"gid":22587517,"type":"Construction légère","code_dep":"10","code_insee":"10323"}},{"type":"Feature","id":"batiment.22826491","geometry":{"type":"MultiPolygon","coordinates":[[[[3.76496877,48.50481847],[3.76495446,48.50478402],[3.7649245,48.50479006],[3.76493379,48.504824],[3.76496877,48.50481847]]]]},"geometry_name":"geom","properties":{"gid":22587525,"type":"Construction légère","code_dep":"10","code_insee":"10323"}},{"type":"Feature","id":"batiment.22826501","geometry":{"type":"MultiPolygon","coordinates":[[[[3.76447812,48.50441635],[3.76451094,48.50441128],[3.76449734,48.50437934],[3.7644645,48.50438342],[3.76447812,48.50441635]]]]},"geometry_name":"geom","properties":{"gid":22587535,"type":"Construction légère","code_dep":"10","code_insee":"10323"}},{"type":"Feature","id":"batiment.22826507","geometry":{"type":"MultiPolygon","coordinates":[[[[3.76453519,48.50447769],[3.76452238,48.50444377],[3.76449024,48.50444937],[3.76450171,48.50448376],[3.76453519,48.50447769]]]]},"geometry_name":"geom","properties":{"gid":22587541,"type":"Construction légère","code_dep":"10","code_insee":"10323"}},{"type":"Feature","id":"batiment.22826564","geometry":{"type":"MultiPolygon","coordinates":[[[[3.76415454,48.50465692],[3.76414027,48.50462543],[3.7641096,48.5046295],[3.76412106,48.50466352],[3.76415454,48.50465692]]]]},"geometry_name":"geom","properties":{"gid":22587599,"type":"Construction légère","code_dep":"10","code_insee":"10323"}},{"type":"Feature","id":"batiment.22826571","geometry":{"type":"MultiPolygon","coordinates":[[[[3.76404005,48.50482706],[3.76407138,48.50482155],[3.76405856,48.50478762],[3.76402794,48.50479466],[3.76404005,48.50482706]]]]},"geometry_name":"geom","properties":{"gid":22587606,"type":"Construction légère","code_dep":"10","code_insee":"10323"}},{"type":"Feature","id":"batiment.22826585","geometry":{"type":"MultiPolygon","coordinates":[[[[3.76423324,48.50494816],[3.76426605,48.5049421],[3.76425326,48.50490962],[3.76422177,48.50491324],[3.76423324,48.50494816]]]]},"geometry_name":"geom","properties":{"gid":22587619,"type":"Construction légère","code_dep":"10","code_insee":"10323"}},{"type":"Feature","id":"batiment.22826598","geometry":{"type":"MultiPolygon","coordinates":[[[[3.76414879,48.50510803],[3.76418097,48.50510486],[3.76416718,48.5050695],[3.76413437,48.50507547],[3.76414879,48.50510803]]]]},"geometry_name":"geom","properties":{"gid":22587632,"type":"Construction légère","code_dep":"10","code_insee":"10323"}},{"type":"Feature","id":"batiment.22826608","geometry":{"type":"MultiPolygon","coordinates":[[[[3.76500127,48.50527357],[3.76521127,48.50523812],[3.76519696,48.50520366],[3.76498848,48.50524153],[3.76500127,48.50527357]]]]},"geometry_name":"geom","properties":{"gid":22587642,"type":"Construction légère","code_dep":"10","code_insee":"10323"}},{"type":"Feature","id":"batiment.22826620","geometry":{"type":"MultiPolygon","coordinates":[[[[3.76440862,48.50538911],[3.76444145,48.50538449],[3.76442716,48.50535157],[3.76439579,48.5053542],[3.76440862,48.50538911]]]]},"geometry_name":"geom","properties":{"gid":22587655,"type":"Construction légère","code_dep":"10","code_insee":"10323"}},{"type":"Feature","id":"batiment.22826629","geometry":{"type":"MultiPolygon","coordinates":[[[[3.76432341,48.50555231],[3.76435409,48.5055487],[3.76434127,48.50551478],[3.76430844,48.50551939],[3.76432341,48.50555231]]]]},"geometry_name":"geom","properties":{"gid":22587664,"type":"Construction légère","code_dep":"10","code_insee":"10323"}},{"type":"Feature","id":"batiment.22826639","geometry":{"type":"MultiPolygon","coordinates":[[[[3.76456007,48.50569257],[3.76454628,48.50565668],[3.7645136,48.50566229],[3.76452655,48.50569621],[3.76456007,48.50569257]]]]},"geometry_name":"geom","properties":{"gid":22587674,"type":"Construction légère","code_dep":"10","code_insee":"10323"}},{"type":"Feature","id":"batiment.22826646","geometry":{"type":"MultiPolygon","coordinates":[[[[3.7665131,48.5058126],[3.7665622,48.50580041],[3.76654877,48.50577998],[3.76650399,48.50579151],[3.7665131,48.5058126]]]]},"geometry_name":"geom","properties":{"gid":22587681,"type":"Construction légère","code_dep":"10","code_insee":"10323"}},{"type":"Feature","id":"batiment.22826655","geometry":{"type":"MultiPolygon","coordinates":[[[[3.7665131,48.5058126],[3.76650399,48.50579151],[3.76645342,48.50580453],[3.76646792,48.50582431],[3.7665131,48.5058126]]]]},"geometry_name":"geom","properties":{"gid":22587690,"type":"Construction légère","code_dep":"10","code_insee":"10323"}},{"type":"Feature","id":"batiment.22826712","geometry":{"type":"MultiPolygon","coordinates":[[[[3.76609627,48.50588744],[3.7661451,48.50587516],[3.76612974,48.50585285],[3.76608378,48.50586709],[3.76609627,48.50588744]]]]},"geometry_name":"geom","properties":{"gid":22587748,"type":"Construction légère","code_dep":"10","code_insee":"10323"}},{"type":"Feature","id":"batiment.22826723","geometry":{"type":"MultiPolygon","coordinates":[[[[3.76609627,48.50588744],[3.76608378,48.50586709],[3.76603456,48.50588001],[3.76604946,48.50589916],[3.76609627,48.50588744]]]]},"geometry_name":"geom","properties":{"gid":22587759,"type":"Construction légère","code_dep":"10","code_insee":"10323"}},{"type":"Feature","id":"batiment.22826732","geometry":{"type":"MultiPolygon","coordinates":[[[[3.7675858,48.5053626],[3.76738917,48.50539599],[3.76740569,48.50543331],[3.76760164,48.50540002],[3.7675858,48.5053626]]]]},"geometry_name":"geom","properties":{"gid":22587768,"type":"Construction légère","code_dep":"10","code_insee":"10323"}},{"type":"Feature","id":"batiment.22826750","geometry":{"type":"MultiPolygon","coordinates":[[[[3.76711919,48.50429245],[3.7668829,48.50433518],[3.76692641,48.50444015],[3.76676828,48.50446816],[3.76688764,48.50477057],[3.76727861,48.50470507],[3.76711919,48.50429245]]]]},"geometry_name":"geom","properties":{"gid":22587787,"type":"Construction légère","code_dep":"10","code_insee":"10323"}},{"type":"Feature","id":"batiment.22826759","geometry":{"type":"MultiPolygon","coordinates":[[[[3.76580286,48.50417877],[3.76579218,48.50414231],[3.76515213,48.50425592],[3.76522724,48.50443977],[3.76525221,48.50449926],[3.76524548,48.50459448],[3.76525089,48.50470573],[3.76526322,48.50479939],[3.76528278,48.50488761],[3.76530958,48.50497056],[3.76535441,48.50508309],[3.76536786,48.50510513],[3.7653987,48.50515891],[3.76547415,48.50527304],[3.76557928,48.50540785],[3.7656103,48.50543679],[3.76572687,48.50572527],[3.76577615,48.50571605],[3.7656625,48.5054334],[3.7655986,48.50535905],[3.76551668,48.50525576],[3.76541932,48.50509697],[3.76545259,48.50506662],[3.76543804,48.50502497],[3.76539865,48.50503494],[3.76535095,48.5049201],[3.76539339,48.50491551],[3.76537885,48.50487467],[3.7653275,48.50486285],[3.76531849,48.50480192],[3.76529909,48.50467861],[3.76529589,48.50460774],[3.76529959,48.50450867],[3.76530364,48.50448921],[3.76525517,48.5043777],[3.7652111,48.50427983],[3.76580286,48.50417877]]]]},"geometry_name":"geom","properties":{"gid":22587796,"type":"Construction légère","code_dep":"10","code_insee":"10323"}},{"type":"Feature","id":"batiment.22826772","geometry":{"type":"MultiPolygon","coordinates":[[[[3.76539578,48.50589627],[3.76538547,48.50586647],[3.76474265,48.5059773],[3.76475361,48.50600449],[3.76539578,48.50589627]]]]},"geometry_name":"geom","properties":{"gid":22587809,"type":"Construction légère","code_dep":"10","code_insee":"10323"}},{"type":"Feature","id":"batiment.22826780","geometry":{"type":"MultiPolygon","coordinates":[[[[3.76500611,48.50576365],[3.76501837,48.50579668],[3.76505187,48.50579161],[3.76503976,48.50575957],[3.76500611,48.50576365]]]]},"geometry_name":"geom","properties":{"gid":22587817,"type":"Construction légère","code_dep":"10","code_insee":"10323"}},{"type":"Feature","id":"batiment.22826788","geometry":{"type":"MultiPolygon","coordinates":[[[[3.76500611,48.50576365],[3.76503976,48.50575957],[3.76502681,48.50572565],[3.76499169,48.50573118],[3.76500611,48.50576365]]]]},"geometry_name":"geom","properties":{"gid":22587825,"type":"Construction légère","code_dep":"10","code_insee":"10323"}},{"type":"Feature","id":"batiment.22826797","geometry":{"type":"MultiPolygon","coordinates":[[[[3.76383456,48.50548862],[3.76379956,48.50549325],[3.76381167,48.5055252],[3.76384815,48.50552002],[3.76383456,48.50548862]]]]},"geometry_name":"geom","properties":{"gid":22587834,"type":"Construction légère","code_dep":"10","code_insee":"10323"}},{"type":"Feature","id":"batiment.22826885","geometry":{"type":"MultiPolygon","coordinates":[[[[3.76383456,48.50548862],[3.76382161,48.50545469],[3.76378744,48.50546022],[3.76379956,48.50549325],[3.76383456,48.50548862]]]]},"geometry_name":"geom","properties":{"gid":22587923,"type":"Construction légère","code_dep":"10","code_insee":"10323"}},{"type":"Feature","id":"batiment.22826892","geometry":{"type":"MultiPolygon","coordinates":[[[[3.76460323,48.50473356],[3.76461316,48.50476462],[3.76464884,48.50476098],[3.76463373,48.50472707],[3.76460323,48.50473356]]]]},"geometry_name":"geom","properties":{"gid":22587930,"type":"Construction légère","code_dep":"10","code_insee":"10323"}},{"type":"Feature","id":"batiment.22826902","geometry":{"type":"MultiPolygon","coordinates":[[[[3.76460323,48.50473356],[3.76463373,48.50472707],[3.7646216,48.50469404],[3.76459028,48.50469964],[3.76460323,48.50473356]]]]},"geometry_name":"geom","properties":{"gid":22587940,"type":"Construction légère","code_dep":"10","code_insee":"10323"}},{"type":"Feature","id":"batiment.22826909","geometry":{"type":"MultiPolygon","coordinates":[[[[3.76482776,48.50454364],[3.76483904,48.50457416],[3.76487485,48.50456952],[3.76485828,48.50453814],[3.76482776,48.50454364]]]]},"geometry_name":"geom","properties":{"gid":22587947,"type":"Construction légère","code_dep":"10","code_insee":"10323"}},{"type":"Feature","id":"batiment.22826917","geometry":{"type":"MultiPolygon","coordinates":[[[[3.76482776,48.50454364],[3.76485828,48.50453814],[3.76484613,48.50450322],[3.76481248,48.50450731],[3.76482776,48.50454364]]]]},"geometry_name":"geom","properties":{"gid":22587955,"type":"Construction légère","code_dep":"10","code_insee":"10323"}},{"type":"Feature","id":"batiment.22826928","geometry":{"type":"MultiPolygon","coordinates":[[[[3.76495514,48.50554582],[3.76492231,48.50554999],[3.76493742,48.50558381],[3.76496807,48.5055783],[3.76495514,48.50554582]]]]},"geometry_name":"geom","properties":{"gid":22587966,"type":"Construction légère","code_dep":"10","code_insee":"10323"}},{"type":"Feature","id":"batiment.22826939","geometry":{"type":"MultiPolygon","coordinates":[[[[3.76495514,48.50554582],[3.76494004,48.50551299],[3.76490805,48.50551904],[3.76492231,48.50554999],[3.76495514,48.50554582]]]]},"geometry_name":"geom","properties":{"gid":22587977,"type":"Construction légère","code_dep":"10","code_insee":"10323"}},{"type":"Feature","id":"batiment.22826949","geometry":{"type":"MultiPolygon","coordinates":[[[[3.76520805,48.50550911],[3.76522248,48.50554257],[3.7652545,48.50553796],[3.76524088,48.50550503],[3.76520805,48.50550911]]]]},"geometry_name":"geom","properties":{"gid":22587987,"type":"Construction légère","code_dep":"10","code_insee":"10323"}},{"type":"Feature","id":"batiment.22826958","geometry":{"type":"MultiPolygon","coordinates":[[[[3.76520805,48.50550911],[3.76524088,48.50550503],[3.76522646,48.50547219],[3.76519743,48.50547724],[3.76520805,48.50550911]]]]},"geometry_name":"geom","properties":{"gid":22587996,"type":"Construction légère","code_dep":"10","code_insee":"10323"}},{"type":"Feature","id":"batiment.22827021","geometry":{"type":"MultiPolygon","coordinates":[[[[3.76436995,48.50604303],[3.76435594,48.50601056],[3.76418161,48.50604155],[3.76420573,48.50609888],[3.76430244,48.50608314],[3.76429322,48.5060545],[3.76436995,48.50604303]]]]},"geometry_name":"geom","properties":{"gid":22588060,"type":"Construction légère","code_dep":"10","code_insee":"10323"}},{"type":"Feature","id":"batiment.22827029","geometry":{"type":"MultiPolygon","coordinates":[[[[3.76306394,48.50589669],[3.76305123,48.50587932],[3.76304077,48.50586724],[3.76302967,48.50585805],[3.76301358,48.50585041],[3.76299954,48.50584367],[3.76297968,48.5058375],[3.76295705,48.50583611],[3.76292205,48.5058403],[3.76289884,48.50584575],[3.76286838,48.50586439],[3.76285474,48.50587617],[3.76283964,48.50589867],[3.76284164,48.5059341],[3.76306394,48.50589669]]]]},"geometry_name":"geom","properties":{"gid":22588068,"type":"Construction légère","code_dep":"10","code_insee":"10323"}},{"type":"Feature","id":"batiment.22827039","geometry":{"type":"MultiPolygon","coordinates":[[[[3.76356362,48.50626737],[3.76354906,48.50622527],[3.762655,48.50638503],[3.76267619,48.50642699],[3.76356362,48.50626737]]]]},"geometry_name":"geom","properties":{"gid":22588079,"type":"Construction légère","code_dep":"10","code_insee":"10323"}},{"type":"Feature","id":"batiment.22827049","geometry":{"type":"MultiPolygon","coordinates":[[[[3.76245355,48.5062171],[3.76244203,48.50618847],[3.76143879,48.50636287],[3.76137349,48.50634098],[3.76135187,48.50636298],[3.76143507,48.50639582],[3.76245355,48.5062171]]]]},"geometry_name":"geom","properties":{"gid":22588089,"type":"Construction légère","code_dep":"10","code_insee":"10323"}},{"type":"Feature","id":"batiment.22827056","geometry":{"type":"MultiPolygon","coordinates":[[[[3.76098749,48.50586413],[3.76115541,48.50628705],[3.76122402,48.50631324],[3.76124342,48.50628765],[3.76119538,48.50627078],[3.76102937,48.50585756],[3.76098749,48.50586413]]]]},"geometry_name":"geom","properties":{"gid":22588096,"type":"Construction légère","code_dep":"10","code_insee":"10323"}},{"type":"Feature","id":"batiment.22827068","geometry":{"type":"MultiPolygon","coordinates":[[[[3.758887,48.50537665],[3.75886888,48.50534051],[3.75871484,48.5053701],[3.75873376,48.50540524],[3.758887,48.50537665]]]]},"geometry_name":"geom","properties":{"gid":22588108,"type":"Construction légère","code_dep":"10","code_insee":"10323"}},{"type":"Feature","id":"batiment.22827076","geometry":{"type":"MultiPolygon","coordinates":[[[[3.75977655,48.50656036],[3.7597305,48.50641905],[3.75965,48.50643234],[3.75969971,48.50657399],[3.75977655,48.50656036]]]]},"geometry_name":"geom","properties":{"gid":22588116,"type":"Construction légère","code_dep":"10","code_insee":"10323"}},{"type":"Feature","id":"batiment.22827084","geometry":{"type":"MultiPolygon","coordinates":[[[[3.76083126,48.50545346],[3.76101667,48.50524391],[3.7609949,48.50524576],[3.76082371,48.50543704],[3.76083126,48.50545346]]]]},"geometry_name":"geom","properties":{"gid":22588124,"type":"Construction légère","code_dep":"10","code_insee":"10323"}},{"type":"Feature","id":"batiment.22827091","geometry":{"type":"MultiPolygon","coordinates":[[[[3.75560965,48.50606173],[3.75559531,48.50602475],[3.75557382,48.50602759],[3.75558641,48.50606475],[3.75560965,48.50606173]]]]},"geometry_name":"geom","properties":{"gid":22588131,"type":"Construction légère","code_dep":"10","code_insee":"10323"}},{"type":"Feature","id":"batiment.22827098","geometry":{"type":"MultiPolygon","coordinates":[[[[3.76474203,48.50422537],[3.76470638,48.50423162],[3.76472078,48.50426275],[3.7647551,48.50425821],[3.76474203,48.50422537]]]]},"geometry_name":"geom","properties":{"gid":22588138,"type":"Construction légère","code_dep":"10","code_insee":"10323"}},{"type":"Feature","id":"batiment.22827158","geometry":{"type":"MultiPolygon","coordinates":[[[[3.75066941,48.50594298],[3.75065203,48.5059018],[3.75060909,48.50590945],[3.75062731,48.50595242],[3.75066941,48.50594298]]]]},"geometry_name":"geom","properties":{"gid":22588203,"type":"Bâtiment en dur","code_dep":"10","code_insee":"10323"}},{"type":"Feature","id":"batiment.22827165","geometry":{"type":"MultiPolygon","coordinates":[[[[3.75086561,48.50578395],[3.75094116,48.50562361],[3.75070562,48.50557849],[3.75062574,48.5057385],[3.75086561,48.50578395]]]]},"geometry_name":"geom","properties":{"gid":22588210,"type":"Bâtiment en dur","code_dep":"10","code_insee":"10323"}},{"type":"Feature","id":"batiment.22827170","geometry":{"type":"MultiPolygon","coordinates":[[[[3.75124691,48.50551426],[3.75126735,48.50546672],[3.75119499,48.5054526],[3.75117007,48.50549918],[3.75124691,48.50551426]]]]},"geometry_name":"geom","properties":{"gid":22588218,"type":"Bâtiment en dur","code_dep":"10","code_insee":"10323"}},{"type":"Feature","id":"batiment.22827177","geometry":{"type":"MultiPolygon","coordinates":[[[[3.75129551,48.50570278],[3.75135808,48.50555368],[3.75113155,48.50551301],[3.7510587,48.50566371],[3.75129551,48.50570278]]]]},"geometry_name":"geom","properties":{"gid":22588225,"type":"Bâtiment en dur","code_dep":"10","code_insee":"10323"}},{"type":"Feature","id":"batiment.22827182","geometry":{"type":"MultiPolygon","coordinates":[[[[3.75169301,48.50563792],[3.75176427,48.50548085],[3.7515268,48.50544259],[3.75145768,48.50559767],[3.75169301,48.50563792]]]]},"geometry_name":"geom","properties":{"gid":22588230,"type":"Bâtiment en dur","code_dep":"10","code_insee":"10323"}},{"type":"Feature","id":"batiment.22827245","geometry":{"type":"MultiPolygon","coordinates":[[[[3.76722964,48.50564289],[3.76726515,48.50563609],[3.7672426,48.50558424],[3.76720775,48.50559004],[3.76722964,48.50564289]]]]},"geometry_name":"geom","properties":{"gid":22588293,"type":"Bâtiment en dur","code_dep":"10","code_insee":"10323"}},{"type":"Feature","id":"batiment.22827256","geometry":{"type":"MultiPolygon","coordinates":[[[[3.76726632,48.5057713],[3.76732576,48.50576291],[3.76728511,48.50565882],[3.76722921,48.50566889],[3.76726632,48.5057713]]]]},"geometry_name":"geom","properties":{"gid":22588304,"type":"Bâtiment en dur","code_dep":"10","code_insee":"10323"}},{"type":"Feature","id":"batiment.22827266","geometry":{"type":"MultiPolygon","coordinates":[[[[3.76635736,48.50566057],[3.76636371,48.50566881],[3.76637364,48.50567261],[3.76638248,48.50567481],[3.76639318,48.50567546],[3.76639968,48.50567542],[3.76641089,48.50567336],[3.76642071,48.50566916],[3.76642726,48.50566354],[3.76643259,48.50565766],[3.76643507,48.50565153],[3.76643428,48.50564353],[3.76642972,48.50563726],[3.76642573,48.50563314],[3.76641492,48.50562539],[3.76640758,48.50562328],[3.76640242,48.50562205],[3.76639483,48.50562138],[3.76638968,48.50562141],[3.76637281,48.50562494],[3.76636702,48.50562714],[3.76636166,48.50563059],[3.76635914,48.50563429],[3.76635422,48.50564017],[3.76635239,48.50564504],[3.76635248,48.50565116],[3.76635517,48.50565915],[3.76635736,48.50566057]]]]},"geometry_name":"geom","properties":{"gid":22588314,"type":"Bâtiment en dur","code_dep":"10","code_insee":"10323"}},{"type":"Feature","id":"batiment.22827276","geometry":{"type":"MultiPolygon","coordinates":[[[[3.76763084,48.50537842],[3.76764402,48.5053813],[3.76766297,48.50538118],[3.76768418,48.50537861],[3.76769657,48.50537367],[3.76770677,48.50536776],[3.76771248,48.5053599],[3.76771536,48.50535358],[3.76771893,48.50534726],[3.7677188,48.50533898],[3.76771504,48.50533163],[3.76771348,48.50532678],[3.76771044,48.50532249],[3.76770817,48.50531521],[3.76770147,48.50531085],[3.76768307,48.50530215],[3.76766624,48.50529983],[3.76764863,48.50529904],[3.76763043,48.50530402],[3.76761588,48.50530897],[3.76760569,48.50531588],[3.76759998,48.5053232],[3.76759281,48.50533296],[3.76759364,48.50534366],[3.76759605,48.50535048],[3.767599,48.5053582],[3.76760494,48.50536644],[3.76761095,48.50536982],[3.76762049,48.50537417],[3.76763084,48.50537842]]]]},"geometry_name":"geom","properties":{"gid":22588324,"type":"Bâtiment en dur","code_dep":"10","code_insee":"10323"}},{"type":"Feature","id":"batiment.22827288","geometry":{"type":"MultiPolygon","coordinates":[[[[3.76759063,48.50528574],[3.76761411,48.50529],[3.76763903,48.50529029],[3.76765063,48.50528734],[3.76766381,48.5052814],[3.76767383,48.50527207],[3.76767607,48.50526819],[3.76767815,48.50526233],[3.76768381,48.50525105],[3.76768369,48.50524286],[3.76768362,48.50523791],[3.76767839,48.50523219],[3.76767029,48.50522487],[3.76765991,48.50521818],[3.7676467,48.50521287],[3.76763124,48.50521153],[3.76761592,48.50520965],[3.7675838,48.5052167],[3.76757002,48.50522794],[3.76755856,48.50524025],[3.76756101,48.50526012],[3.7675715,48.50527372],[3.76757743,48.50528097],[3.76759063,48.50528574]]]]},"geometry_name":"geom","properties":{"gid":22588336,"type":"Bâtiment en dur","code_dep":"10","code_insee":"10323"}},{"type":"Feature","id":"batiment.22827296","geometry":{"type":"MultiPolygon","coordinates":[[[[3.76754769,48.50519183],[3.7675616,48.50519849],[3.76758221,48.50520078],[3.76760627,48.50519775],[3.76763022,48.50518788],[3.76764315,48.50517412],[3.76764509,48.50515855],[3.76764494,48.50514838],[3.7676345,48.50513819],[3.76762121,48.50512712],[3.76761316,48.50512322],[3.76759253,48.50511912],[3.76757423,48.50511771],[3.76756196,48.50512121],[3.76754163,48.50512917],[3.76753293,48.50513606],[3.7675193,48.50515702],[3.76752465,48.50517102],[3.76752845,48.50518125],[3.76753368,48.50518706],[3.76753886,48.50518946],[3.76754769,48.50519183]]]]},"geometry_name":"geom","properties":{"gid":22588344,"type":"Bâtiment en dur","code_dep":"10","code_insee":"10323"}},{"type":"Feature","id":"batiment.22827307","geometry":{"type":"MultiPolygon","coordinates":[[[[3.76245185,48.50656644],[3.76245142,48.50658299],[3.76245815,48.50659896],[3.76247286,48.50660516],[3.76248842,48.50661388],[3.76250524,48.5066162],[3.76252135,48.5066161],[3.76253807,48.50661113],[3.76255341,48.50660519],[3.76257071,48.50659338],[3.76257498,48.50658022],[3.76257186,48.50657007],[3.76256803,48.5065584],[3.76256059,48.50654918],[3.76254884,48.50654197],[3.76253998,48.50653816],[3.76252965,48.50653526],[3.76251649,48.50653345],[3.762507,48.50653253],[3.7624865,48.50653752],[3.76247343,48.50654201],[3.76246038,48.50654785],[3.76245538,48.50655769],[3.76245185,48.50656644]]]]},"geometry_name":"geom","properties":{"gid":22588355,"type":"Bâtiment en dur","code_dep":"10","code_insee":"10323"}},{"type":"Feature","id":"batiment.22827318","geometry":{"type":"MultiPolygon","coordinates":[[[[3.76490294,48.5054194],[3.76489146,48.50538394],[3.7648593,48.50538855],[3.76487294,48.50542346],[3.76490294,48.5054194]]]]},"geometry_name":"geom","properties":{"gid":22588365,"type":"Bâtiment en dur","code_dep":"10","code_insee":"10323"}},{"type":"Feature","id":"batiment.22827392","geometry":{"type":"MultiPolygon","coordinates":[[[[3.76580286,48.50417877],[3.7652111,48.50427983],[3.76525517,48.5043777],[3.76530364,48.50448921],[3.76529959,48.50450867],[3.76529589,48.50460774],[3.76529909,48.50467861],[3.76531849,48.50480192],[3.7653275,48.50486285],[3.76537885,48.50487467],[3.76539339,48.50491551],[3.76535095,48.5049201],[3.76539865,48.50503494],[3.76543804,48.50502497],[3.76545259,48.50506662],[3.76541932,48.50509697],[3.76551668,48.50525576],[3.7655986,48.50535905],[3.7656625,48.5054334],[3.76577615,48.50571605],[3.76619263,48.50564418],[3.76619972,48.50565682],[3.76624133,48.50565125],[3.76623746,48.50563616],[3.76740569,48.50543331],[3.76738917,48.50539599],[3.7675858,48.5053626],[3.76748405,48.50510741],[3.7675956,48.50508869],[3.76756167,48.50500876],[3.76745443,48.505026],[3.76732533,48.50469658],[3.76727861,48.50470507],[3.76688764,48.50477057],[3.76676828,48.50446816],[3.76692641,48.50444015],[3.7668829,48.50433518],[3.76711919,48.50429245],[3.76699172,48.5039721],[3.76580286,48.50417877]]]]},"geometry_name":"geom","properties":{"gid":22588443,"type":"Bâtiment en dur","code_dep":"10","code_insee":"10323"}},{"type":"Feature","id":"batiment.22827400","geometry":{"type":"MultiPolygon","coordinates":[[[[3.76539578,48.50589627],[3.76475361,48.50600449],[3.76489515,48.50636154],[3.76553541,48.50625207],[3.76539578,48.50589627]]]]},"geometry_name":"geom","properties":{"gid":22588451,"type":"Bâtiment en dur","code_dep":"10","code_insee":"10323"}},{"type":"Feature","id":"batiment.22827420","geometry":{"type":"MultiPolygon","coordinates":[[[[3.76436995,48.50604303],[3.76429322,48.5060545],[3.76430244,48.50608314],[3.76420573,48.50609888],[3.76408785,48.50611997],[3.76420962,48.5064399],[3.7646172,48.5063708],[3.7645632,48.50624178],[3.76468837,48.50621893],[3.76461358,48.50602941],[3.76438103,48.50606905],[3.76436995,48.50604303]]]]},"geometry_name":"geom","properties":{"gid":22588471,"type":"Bâtiment en dur","code_dep":"10","code_insee":"10323"}},{"type":"Feature","id":"batiment.22827427","geometry":{"type":"MultiPolygon","coordinates":[[[[3.76356362,48.50626737],[3.76366742,48.50652534],[3.76389378,48.50648754],[3.76371241,48.50601658],[3.76360314,48.50603384],[3.76357193,48.50595496],[3.76346432,48.50597455],[3.76343721,48.50590734],[3.76329405,48.50585635],[3.76306394,48.50589669],[3.76284164,48.5059341],[3.76272726,48.50595427],[3.76278791,48.50610268],[3.76272541,48.50617163],[3.76258281,48.50619675],[3.762655,48.50638503],[3.76354906,48.50622527],[3.76356362,48.50626737]]]]},"geometry_name":"geom","properties":{"gid":22588478,"type":"Bâtiment en dur","code_dep":"10","code_insee":"10323"}},{"type":"Feature","id":"batiment.22827435","geometry":{"type":"MultiPolygon","coordinates":[[[[3.76245355,48.5062171],[3.76143507,48.50639582],[3.76135187,48.50636298],[3.76113405,48.50660655],[3.76139047,48.50670873],[3.76257081,48.50650738],[3.76245355,48.5062171]]]]},"geometry_name":"geom","properties":{"gid":22588486,"type":"Bâtiment en dur","code_dep":"10","code_insee":"10323"}},{"type":"Feature","id":"batiment.22827442","geometry":{"type":"MultiPolygon","coordinates":[[[[3.76098749,48.50586413],[3.76048902,48.50594909],[3.76068556,48.50643211],[3.76101357,48.50656099],[3.76122402,48.50631324],[3.76115541,48.50628705],[3.76098749,48.50586413]]]]},"geometry_name":"geom","properties":{"gid":22588493,"type":"Bâtiment en dur","code_dep":"10","code_insee":"10323"}},{"type":"Feature","id":"batiment.22827574","geometry":{"type":"MultiPolygon","coordinates":[[[[3.75869196,48.50690546],[3.75873056,48.50689748],[3.75874079,48.50690272],[3.75876121,48.5069007],[3.75877508,48.50689575],[3.75878663,48.50688929],[3.75879531,48.50688105],[3.75879434,48.50687035],[3.75879198,48.50685678],[3.75878302,48.50684568],[3.75877215,48.50684278],[3.75876112,48.50683854],[3.758742,48.50683668],[3.75873108,48.50683972],[3.75871301,48.50684469],[3.75870008,48.50685881],[3.7586666,48.50686532],[3.75867322,48.506874],[3.75866381,48.50687802],[3.75867057,48.50689642],[3.75868378,48.50689238],[3.75869196,48.50690546]]]]},"geometry_name":"geom","properties":{"gid":22588626,"type":"Bâtiment en dur","code_dep":"10","code_insee":"10323"}},{"type":"Feature","id":"batiment.22827631","geometry":{"type":"MultiPolygon","coordinates":[[[[3.75860994,48.50687936],[3.75860189,48.50687509],[3.75859379,48.50687658],[3.7585822,48.50688007],[3.75856982,48.50688546],[3.75855679,48.50689238],[3.75855186,48.50690744],[3.75855645,48.50691604],[3.75856606,48.50692525],[3.75857997,48.50693191],[3.75859098,48.50693525],[3.75859762,48.50693521],[3.75860776,48.5069347],[3.75862313,48.50693019],[3.75863321,48.50692527],[3.75864336,48.50691504],[3.75864537,48.50690477],[3.75864313,48.50689948],[3.75863704,48.50689025],[3.75862599,48.50688456],[3.75860994,48.50687936]]]]},"geometry_name":"geom","properties":{"gid":22588683,"type":"Bâtiment en dur","code_dep":"10","code_insee":"10323"}},{"type":"Feature","id":"batiment.22827643","geometry":{"type":"MultiPolygon","coordinates":[[[[3.75859957,48.50682706],[3.75857932,48.50679319],[3.75850156,48.50680916],[3.75852318,48.50684356],[3.75859957,48.50682706]]]]},"geometry_name":"geom","properties":{"gid":22588695,"type":"Bâtiment en dur","code_dep":"10","code_insee":"10323"}},{"type":"Feature","id":"batiment.22827653","geometry":{"type":"MultiPolygon","coordinates":[[[[3.7585418,48.50535006],[3.7584667,48.5051932],[3.75837527,48.5052088],[3.75844893,48.50536901],[3.7585418,48.50535006]]]]},"geometry_name":"geom","properties":{"gid":22588705,"type":"Bâtiment en dur","code_dep":"10","code_insee":"10323"}},{"type":"Feature","id":"batiment.22827666","geometry":{"type":"MultiPolygon","coordinates":[[[[3.75801309,48.50542217],[3.75829829,48.50537186],[3.75825036,48.50526862],[3.75797435,48.50531743],[3.75801309,48.50542217]]]]},"geometry_name":"geom","properties":{"gid":22588718,"type":"Bâtiment en dur","code_dep":"10","code_insee":"10323"}},{"type":"Feature","id":"batiment.22827675","geometry":{"type":"MultiPolygon","coordinates":[[[[3.75977655,48.50656036],[3.76026239,48.50648177],[3.76021186,48.50633942],[3.7597305,48.50641905],[3.75977655,48.50656036]]]]},"geometry_name":"geom","properties":{"gid":22588727,"type":"Bâtiment en dur","code_dep":"10","code_insee":"10323"}},{"type":"Feature","id":"batiment.22827711","geometry":{"type":"MultiPolygon","coordinates":[[[[3.75994414,48.50505412],[3.76008398,48.50540921],[3.76043611,48.50534371],[3.76056666,48.50569193],[3.76090439,48.50563246],[3.76083033,48.50545463],[3.76083126,48.50545346],[3.76082371,48.50543704],[3.7609949,48.50524576],[3.76101667,48.50524391],[3.76124962,48.50520302],[3.7611158,48.50485356],[3.75994414,48.50505412]]]]},"geometry_name":"geom","properties":{"gid":22588763,"type":"Bâtiment en dur","code_dep":"10","code_insee":"10323"}},{"type":"Feature","id":"batiment.22827724","geometry":{"type":"MultiPolygon","coordinates":[[[[3.75154176,48.50651494],[3.75168484,48.50649451],[3.75166882,48.50643506],[3.7516476,48.50643753],[3.75163421,48.50640037],[3.75156111,48.50641037],[3.75157668,48.50644797],[3.75152481,48.5064563],[3.75154176,48.50651494]]]]},"geometry_name":"geom","properties":{"gid":22588776,"type":"Bâtiment en dur","code_dep":"10","code_insee":"10323"}},{"type":"Feature","id":"batiment.22827778","geometry":{"type":"MultiPolygon","coordinates":[[[[3.75602912,48.50662924],[3.75601307,48.50658643],[3.75597928,48.5065898],[3.7559978,48.50663529],[3.75602912,48.50662924]]]]},"geometry_name":"geom","properties":{"gid":22588830,"type":"Bâtiment en dur","code_dep":"10","code_insee":"10323"}},{"type":"Feature","id":"batiment.22827788","geometry":{"type":"MultiPolygon","coordinates":[[[[3.75291363,48.506893],[3.75299232,48.50688567],[3.75295719,48.5067774],[3.75288149,48.50678561],[3.75291363,48.506893]]]]},"geometry_name":"geom","properties":{"gid":22588840,"type":"Bâtiment en dur","code_dep":"10","code_insee":"10323"}},{"type":"Feature","id":"batiment.22827799","geometry":{"type":"MultiPolygon","coordinates":[[[[3.75642113,48.50654947],[3.75655931,48.50652682],[3.75653964,48.50647747],[3.756778,48.50643619],[3.75674557,48.50635605],[3.75650668,48.50639779],[3.75652349,48.50644671],[3.75639263,48.50646932],[3.75642113,48.50654947]]]]},"geometry_name":"geom","properties":{"gid":22588851,"type":"Bâtiment en dur","code_dep":"10","code_insee":"10323"}},{"type":"Feature","id":"batiment.22827810","geometry":{"type":"MultiPolygon","coordinates":[[[[3.75716885,48.50641696],[3.75732201,48.5063917],[3.75729245,48.50631308],[3.75713829,48.50633529],[3.75711876,48.50628603],[3.75689064,48.50632382],[3.75691876,48.50640542],[3.75714908,48.50637004],[3.75716885,48.50641696]]]]},"geometry_name":"geom","properties":{"gid":22588862,"type":"Bâtiment en dur","code_dep":"10","code_insee":"10323"}},{"type":"Feature","id":"batiment.22827823","geometry":{"type":"MultiPolygon","coordinates":[[[[3.75742216,48.50625809],[3.75756381,48.50623236],[3.75755445,48.50619383],[3.75768668,48.50617202],[3.75765577,48.50609386],[3.75752114,48.50611802],[3.75753116,48.50614602],[3.75738874,48.506175],[3.75742216,48.50625809]]]]},"geometry_name":"geom","properties":{"gid":22588875,"type":"Bâtiment en dur","code_dep":"10","code_insee":"10323"}},{"type":"Feature","id":"batiment.22827832","geometry":{"type":"MultiPolygon","coordinates":[[[[3.75761637,48.50599974],[3.75759191,48.50591857],[3.75744738,48.50594135],[3.75744271,48.5059278],[3.75727844,48.5059526],[3.75730509,48.50603519],[3.75747298,48.50600794],[3.75747968,48.50602202],[3.75761637,48.50599974]]]]},"geometry_name":"geom","properties":{"gid":22588884,"type":"Bâtiment en dur","code_dep":"10","code_insee":"10323"}},{"type":"Feature","id":"batiment.22827841","geometry":{"type":"MultiPolygon","coordinates":[[[[3.7572595,48.50575597],[3.75741357,48.50572827],[3.7573982,48.50567655],[3.75724259,48.50570084],[3.7572595,48.50575597]]]]},"geometry_name":"geom","properties":{"gid":22588893,"type":"Bâtiment en dur","code_dep":"10","code_insee":"10323"}},{"type":"Feature","id":"batiment.22827849","geometry":{"type":"MultiPolygon","coordinates":[[[[3.75703938,48.50579461],[3.75701747,48.50574006],[3.75695135,48.50575505],[3.75697245,48.50581006],[3.75703938,48.50579461]]]]},"geometry_name":"geom","properties":{"gid":22588901,"type":"Bâtiment en dur","code_dep":"10","code_insee":"10323"}},{"type":"Feature","id":"batiment.22827859","geometry":{"type":"MultiPolygon","coordinates":[[[[3.7570207,48.5060012],[3.75700175,48.50595454],[3.75712585,48.50593297],[3.75709778,48.5058547],[3.75696715,48.50587397],[3.75698451,48.50591389],[3.75674534,48.50595518],[3.75678434,48.50604004],[3.7570207,48.5060012]]]]},"geometry_name":"geom","properties":{"gid":22588911,"type":"Bâtiment en dur","code_dep":"10","code_insee":"10323"}},{"type":"Feature","id":"batiment.22827870","geometry":{"type":"MultiPolygon","coordinates":[[[[3.75598397,48.5064649],[3.75610908,48.50644665],[3.75612049,48.50647753],[3.75624204,48.50645696],[3.756213,48.50637708],[3.75609306,48.50639682],[3.75608631,48.5063795],[3.75596342,48.50640062],[3.75598397,48.5064649]]]]},"geometry_name":"geom","properties":{"gid":22588922,"type":"Bâtiment en dur","code_dep":"10","code_insee":"10323"}},{"type":"Feature","id":"batiment.22827907","geometry":{"type":"MultiPolygon","coordinates":[[[[3.75599593,48.50627014],[3.75598669,48.50624942],[3.75611378,48.50622783],[3.7560827,48.5061476],[3.75595262,48.50616777],[3.75596122,48.50620118],[3.75584791,48.50622026],[3.75586933,48.5062884],[3.75599593,48.50627014]]]]},"geometry_name":"geom","properties":{"gid":22588976,"type":"Bâtiment en dur","code_dep":"10","code_insee":"10323"}},{"type":"Feature","id":"batiment.22827933","geometry":{"type":"MultiPolygon","coordinates":[[[[3.75622946,48.50607263],[3.75634926,48.50605288],[3.75638457,48.50612634],[3.75662811,48.50608745],[3.75658895,48.50600062],[3.7563484,48.50604038],[3.75631968,48.50597328],[3.75619688,48.50599106],[3.75622946,48.50607263]]]]},"geometry_name":"geom","properties":{"gid":22588990,"type":"Bâtiment en dur","code_dep":"10","code_insee":"10323"}},{"type":"Feature","id":"batiment.22827944","geometry":{"type":"MultiPolygon","coordinates":[[[[3.75573149,48.50602371],[3.75605102,48.50596896],[3.75602923,48.50591287],[3.75570968,48.50596609],[3.75573149,48.50602371]]]]},"geometry_name":"geom","properties":{"gid":22589001,"type":"Bâtiment en dur","code_dep":"10","code_insee":"10323"}},{"type":"Feature","id":"batiment.22827955","geometry":{"type":"MultiPolygon","coordinates":[[[[3.75640523,48.50590661],[3.75638031,48.50584964],[3.75615591,48.50589173],[3.75617333,48.50594488],[3.75640523,48.50590661]]]]},"geometry_name":"geom","properties":{"gid":22589012,"type":"Bâtiment en dur","code_dep":"10","code_insee":"10323"}},{"type":"Feature","id":"batiment.22827990","geometry":{"type":"MultiPolygon","coordinates":[[[[3.75606099,48.50585266],[3.75602185,48.50575773],[3.7557969,48.50579929],[3.75580693,48.50583818],[3.75582802,48.50589229],[3.75606099,48.50585266]]]]},"geometry_name":"geom","properties":{"gid":22589042,"type":"Bâtiment en dur","code_dep":"10","code_insee":"10323"}},{"type":"Feature","id":"batiment.22828051","geometry":{"type":"MultiPolygon","coordinates":[[[[3.75516452,48.50600599],[3.755391,48.50596767],[3.75537309,48.50590805],[3.75536213,48.50587105],[3.75512963,48.50590555],[3.75516452,48.50600599]]]]},"geometry_name":"geom","properties":{"gid":22589125,"type":"Bâtiment en dur","code_dep":"10","code_insee":"10323"}},{"type":"Feature","id":"batiment.22828072","geometry":{"type":"MultiPolygon","coordinates":[[[[3.75156609,48.50657866],[3.75157243,48.50660534],[3.75169971,48.50658789],[3.75169133,48.50656041],[3.75156609,48.50657866]]]]},"geometry_name":"geom","properties":{"gid":22589183,"type":"Bâtiment en dur","code_dep":"10","code_insee":"10323"}},{"type":"Feature","id":"batiment.22828120","geometry":{"type":"MultiPolygon","coordinates":[[[[3.75156609,48.50657866],[3.75169133,48.50656041],[3.75167624,48.50651832],[3.75155098,48.50653512],[3.75156609,48.50657866]]]]},"geometry_name":"geom","properties":{"gid":22589194,"type":"Bâtiment en dur","code_dep":"10","code_insee":"10323"}},{"type":"Feature","id":"batiment.23254508","geometry":{"type":"MultiPolygon","coordinates":[[[[3.75133284,48.50713736],[3.75130849,48.50707256],[3.75130786,48.50706663],[3.75130012,48.50704608],[3.7512149,48.50706074],[3.75122996,48.50710077],[3.75121686,48.50710292],[3.75123192,48.50714304],[3.75124502,48.5071408],[3.7512491,48.50715175],[3.75133284,48.50713736]]]]},"geometry_name":"geom","properties":{"gid":23019322,"type":"Bâtiment en dur","code_dep":"10","code_insee":"10323"}},{"type":"Feature","id":"batiment.23799603","geometry":{"type":"MultiPolygon","coordinates":[[[[3.77898554,48.50095713],[3.7788913,48.50096513],[3.77891745,48.50108497],[3.77891888,48.50108991],[3.77892825,48.50112871],[3.77890729,48.5011302],[3.77890399,48.50111762],[3.77885747,48.50112063],[3.77885968,48.50113321],[3.77884794,48.50113535],[3.7788597,48.50119807],[3.77892977,48.50124016],[3.77895601,48.50123891],[3.778959,48.50125743],[3.77904395,48.50125327],[3.77901771,48.50111832],[3.77909424,48.50111188],[3.7790875,48.50107756],[3.7790126,48.50108398],[3.77901098,48.50108408],[3.77899999,48.50102793],[3.77905608,48.50102198],[3.77904187,48.50095847],[3.77898577,48.50096379],[3.77898554,48.50095713]]]]},"geometry_name":"geom","properties":{"gid":23568694,"type":"Bâtiment en dur","code_dep":"10","code_insee":"10220"}},{"type":"Feature","id":"batiment.23800980","geometry":{"type":"MultiPolygon","coordinates":[[[[3.77098847,48.50237503],[3.7711601,48.50236429],[3.77115101,48.50228905],[3.77114654,48.50225228],[3.77097461,48.50226141],[3.77097978,48.50229961],[3.77093392,48.50230197],[3.77094247,48.50237731],[3.77098847,48.50237503]]]]},"geometry_name":"geom","properties":{"gid":23570081,"type":"Bâtiment en dur","code_dep":"10","code_insee":"10220"}},{"type":"Feature","id":"batiment.23801126","geometry":{"type":"MultiPolygon","coordinates":[[[[3.77083716,48.50212888],[3.77092948,48.50211956],[3.77092153,48.50208497],[3.7708292,48.50209421],[3.77083716,48.50212888]]]]},"geometry_name":"geom","properties":{"gid":23570228,"type":"Bâtiment en dur","code_dep":"10","code_insee":"10220"}},{"type":"Feature","id":"batiment.23801163","geometry":{"type":"MultiPolygon","coordinates":[[[[3.78412658,48.50273554],[3.78417078,48.50273129],[3.78416497,48.50270461],[3.78412077,48.50270886],[3.78412658,48.50273554]]]]},"geometry_name":"geom","properties":{"gid":23570265,"type":"Construction légère","code_dep":"10","code_insee":"10220"}},{"type":"Feature","id":"batiment.23801169","geometry":{"type":"MultiPolygon","coordinates":[[[[3.78409846,48.50273824],[3.78412658,48.50273554],[3.78412077,48.50270886],[3.78409265,48.50271156],[3.78409846,48.50273824]]]]},"geometry_name":"geom","properties":{"gid":23570271,"type":"Bâtiment en dur","code_dep":"10","code_insee":"10220"}},{"type":"Feature","id":"batiment.23801211","geometry":{"type":"MultiPolygon","coordinates":[[[[3.78386043,48.50182938],[3.78399534,48.50182571],[3.78413919,48.50182188],[3.78413558,48.50176163],[3.78404911,48.50176382],[3.78405041,48.50178765],[3.78402808,48.50178815],[3.784026,48.50174858],[3.78385593,48.50175483],[3.78386043,48.50182938]]]]},"geometry_name":"geom","properties":{"gid":23570313,"type":"Bâtiment en dur","code_dep":"10","code_insee":"10220"}},{"type":"Feature","id":"batiment.23801281","geometry":{"type":"MultiPolygon","coordinates":[[[[3.7848343,48.50413681],[3.78495476,48.50412603],[3.78494016,48.50405497],[3.78490378,48.50405746],[3.78489959,48.50403068],[3.78485577,48.50403366],[3.78485996,48.50406045],[3.78482047,48.50406323],[3.7848343,48.50413681]]]]},"geometry_name":"geom","properties":{"gid":23570383,"type":"Bâtiment en dur","code_dep":"10","code_insee":"10220"}},{"type":"Feature","id":"batiment.23801613","geometry":{"type":"MultiPolygon","coordinates":[[[[3.79101609,48.49967879],[3.79112991,48.49966841],[3.7911153,48.49959716],[3.79112868,48.499596],[3.79125805,48.49958416],[3.79125075,48.49954858],[3.79099417,48.49957179],[3.79101609,48.49967879]]]]},"geometry_name":"geom","properties":{"gid":23570713,"type":"Bâtiment en dur","code_dep":"10","code_insee":"10220"}},{"type":"Feature","id":"batiment.23801633","geometry":{"type":"MultiPolygon","coordinates":[[[[3.79112991,48.49966841],[3.79114329,48.49966724],[3.79112868,48.499596],[3.7911153,48.49959716],[3.79112991,48.49966841]]]]},"geometry_name":"geom","properties":{"gid":23570733,"type":"Construction légère","code_dep":"10","code_insee":"10220"}},{"type":"Feature","id":"batiment.23801732","geometry":{"type":"MultiPolygon","coordinates":[[[[3.7821394,48.50366248],[3.7821465,48.50369366],[3.78220003,48.50368826],[3.78219293,48.50365709],[3.7821394,48.50366248]]]]},"geometry_name":"geom","properties":{"gid":23570834,"type":"Bâtiment en dur","code_dep":"10","code_insee":"10220"}},{"type":"Feature","id":"batiment.23801748","geometry":{"type":"MultiPolygon","coordinates":[[[[3.78220003,48.50368826],[3.78230709,48.50367748],[3.78229999,48.50364631],[3.78219293,48.50365709],[3.78220003,48.50368826]]]]},"geometry_name":"geom","properties":{"gid":23570850,"type":"Construction légère","code_dep":"10","code_insee":"10220"}},{"type":"Feature","id":"batiment.23804568","geometry":{"type":"MultiPolygon","coordinates":[[[[3.78612984,48.50713356],[3.78620494,48.50713145],[3.78620287,48.50710177],[3.78618596,48.50710224],[3.78618331,48.50706088],[3.78612512,48.50706252],[3.78612984,48.50713356]]]]},"geometry_name":"geom","properties":{"gid":23573685,"type":"Bâtiment en dur","code_dep":"10","code_insee":"10220"}},{"type":"Feature","id":"batiment.23804834","geometry":{"type":"MultiPolygon","coordinates":[[[[3.78617394,48.50724006],[3.78622048,48.50723777],[3.78621386,48.5071662],[3.78629963,48.50716186],[3.78630067,48.50717732],[3.78633666,48.50717565],[3.78633265,48.50713393],[3.78619101,48.50714116],[3.78616923,48.50714239],[3.78617394,48.50724006]]]]},"geometry_name":"geom","properties":{"gid":23573954,"type":"Bâtiment en dur","code_dep":"10","code_insee":"10220"}},{"type":"Feature","id":"batiment.23804937","geometry":{"type":"MultiPolygon","coordinates":[[[[3.78603886,48.50710663],[3.78603343,48.50702471],[3.78587118,48.50702957],[3.7858766,48.5071114],[3.78603886,48.50710663]]]]},"geometry_name":"geom","properties":{"gid":23574057,"type":"Bâtiment en dur","code_dep":"10","code_insee":"10220"}},{"type":"Feature","id":"batiment.23805136","geometry":{"type":"MultiPolygon","coordinates":[[[[3.77974369,48.50422341],[3.77964722,48.50423637],[3.77967751,48.50443445],[3.77968096,48.50446582],[3.77968555,48.5044926],[3.77977685,48.50448732],[3.77976489,48.50434724],[3.77974369,48.50422341]]]]},"geometry_name":"geom","properties":{"gid":23574256,"type":"Bâtiment en dur","code_dep":"10","code_insee":"10220"}},{"type":"Feature","id":"batiment.23805252","geometry":{"type":"MultiPolygon","coordinates":[[[[3.77451436,48.50257107],[3.77454556,48.50256655],[3.77455761,48.50260344],[3.77462368,48.50259465],[3.77459533,48.50249884],[3.77458425,48.50250026],[3.77457382,48.50246308],[3.77448598,48.502474],[3.77451436,48.50257107]]]]},"geometry_name":"geom","properties":{"gid":23574372,"type":"Bâtiment en dur","code_dep":"10","code_insee":"10220"}},{"type":"Feature","id":"batiment.23805283","geometry":{"type":"MultiPolygon","coordinates":[[[[3.77986713,48.50450391],[3.77991457,48.50449883],[3.77990784,48.50447405],[3.77986122,48.50447966],[3.77986713,48.50450391]]]]},"geometry_name":"geom","properties":{"gid":23574404,"type":"Construction légère","code_dep":"10","code_insee":"10220"}},{"type":"Feature","id":"batiment.23805291","geometry":{"type":"MultiPolygon","coordinates":[[[[3.78299827,48.50317444],[3.78307742,48.50316241],[3.78305945,48.5031099],[3.78298029,48.50312175],[3.78299827,48.50317444]]]]},"geometry_name":"geom","properties":{"gid":23574412,"type":"Construction légère","code_dep":"10","code_insee":"10220"}},{"type":"Feature","id":"batiment.23805354","geometry":{"type":"MultiPolygon","coordinates":[[[[3.78994459,48.50599659],[3.78997248,48.50596105],[3.7898926,48.50593342],[3.78986484,48.50596887],[3.78994459,48.50599659]]]]},"geometry_name":"geom","properties":{"gid":23574475,"type":"Bâtiment en dur","code_dep":"10","code_insee":"10220"}},{"type":"Feature","id":"batiment.23805399","geometry":{"type":"MultiPolygon","coordinates":[[[[3.78621983,48.50367028],[3.78640223,48.50366476],[3.78639686,48.50359543],[3.78631906,48.50359801],[3.78631433,48.50353516],[3.78621,48.50353873],[3.78621983,48.50367028]]]]},"geometry_name":"geom","properties":{"gid":23574521,"type":"Bâtiment en dur","code_dep":"10","code_insee":"10220"}},{"type":"Feature","id":"batiment.23805459","geometry":{"type":"MultiPolygon","coordinates":[[[[3.77991457,48.50449883],[3.77981793,48.50450927],[3.77983408,48.50457583],[3.77983956,48.50459802],[3.77993715,48.50458757],[3.77993167,48.50456538],[3.77991457,48.50449883]]]]},"geometry_name":"geom","properties":{"gid":23574582,"type":"Bâtiment en dur","code_dep":"10","code_insee":"10220"}},{"type":"Feature","id":"batiment.23805652","geometry":{"type":"MultiPolygon","coordinates":[[[[3.78596539,48.50369338],[3.78600598,48.50369185],[3.78600319,48.50365957],[3.78596261,48.50366119],[3.78596539,48.50369338]]]]},"geometry_name":"geom","properties":{"gid":23574775,"type":"Bâtiment en dur","code_dep":"10","code_insee":"10220"}},{"type":"Feature","id":"batiment.23805702","geometry":{"type":"MultiPolygon","coordinates":[[[[3.78535507,48.50204487],[3.7853686,48.50204442],[3.78536657,48.50201745],[3.78535304,48.5020179],[3.78535507,48.50204487]]]]},"geometry_name":"geom","properties":{"gid":23574826,"type":"Construction légère","code_dep":"10","code_insee":"10220"}},{"type":"Feature","id":"batiment.23805784","geometry":{"type":"MultiPolygon","coordinates":[[[[3.78536386,48.50217067],[3.78547197,48.50216717],[3.78545893,48.50198346],[3.78535082,48.50198687],[3.78535304,48.5020179],[3.78536657,48.50201745],[3.7853686,48.50204442],[3.78535507,48.50204487],[3.78536386,48.50217067]]]]},"geometry_name":"geom","properties":{"gid":23574909,"type":"Bâtiment en dur","code_dep":"10","code_insee":"10220"}},{"type":"Feature","id":"batiment.23805905","geometry":{"type":"MultiPolygon","coordinates":[[[[3.77994569,48.50276702],[3.77999344,48.50274655],[3.77996265,48.50271482],[3.77991489,48.50273528],[3.77994569,48.50276702]]]]},"geometry_name":"geom","properties":{"gid":23575030,"type":"Bâtiment en dur","code_dep":"10","code_insee":"10220"}},{"type":"Feature","id":"batiment.23805925","geometry":{"type":"MultiPolygon","coordinates":[[[[3.78539996,48.50186942],[3.78552132,48.50185602],[3.78551771,48.50184048],[3.78539634,48.50185397],[3.78539996,48.50186942]]]]},"geometry_name":"geom","properties":{"gid":23575050,"type":"Construction légère","code_dep":"10","code_insee":"10220"}},{"type":"Feature","id":"batiment.23805948","geometry":{"type":"MultiPolygon","coordinates":[[[[3.78525412,48.50188451],[3.78539996,48.50186942],[3.78539634,48.50185397],[3.78551771,48.50184048],[3.78549818,48.50175703],[3.78531841,48.50177549],[3.78531248,48.50175016],[3.7852249,48.5017592],[3.78525412,48.50188451]]]]},"geometry_name":"geom","properties":{"gid":23575073,"type":"Bâtiment en dur","code_dep":"10","code_insee":"10220"}},{"type":"Feature","id":"batiment.23806013","geometry":{"type":"MultiPolygon","coordinates":[[[[3.77984407,48.50257876],[3.77990271,48.50263523],[3.78004763,48.50256699],[3.78007894,48.50259638],[3.78013461,48.50257154],[3.78004901,48.50248655],[3.77994749,48.5025331],[3.77988483,48.50256158],[3.77984407,48.50257876]]]]},"geometry_name":"geom","properties":{"gid":23575137,"type":"Bâtiment en dur","code_dep":"10","code_insee":"10220"}},{"type":"Feature","id":"batiment.23806164","geometry":{"type":"MultiPolygon","coordinates":[[[[3.78546505,48.50160539],[3.78551752,48.50160217],[3.78550735,48.5015559],[3.78545744,48.50155812],[3.78546505,48.50160539]]]]},"geometry_name":"geom","properties":{"gid":23575291,"type":"Bâtiment en dur","code_dep":"10","code_insee":"10220"}},{"type":"Feature","id":"batiment.23806222","geometry":{"type":"MultiPolygon","coordinates":[[[[3.78512736,48.50216216],[3.78517458,48.50216041],[3.78517113,48.50211995],[3.78512392,48.5021217],[3.78512736,48.50216216]]]]},"geometry_name":"geom","properties":{"gid":23575349,"type":"Construction légère","code_dep":"10","code_insee":"10220"}},{"type":"Feature","id":"batiment.23806268","geometry":{"type":"MultiPolygon","coordinates":[[[[3.77993089,48.50246358],[3.77999638,48.50243436],[3.77995008,48.50238842],[3.77988394,48.50241962],[3.77993089,48.50246358]]]]},"geometry_name":"geom","properties":{"gid":23575395,"type":"Bâtiment en dur","code_dep":"10","code_insee":"10220"}},{"type":"Feature","id":"batiment.23806407","geometry":{"type":"MultiPolygon","coordinates":[[[[3.77695505,48.5001675],[3.77701852,48.50028458],[3.77712454,48.50025942],[3.77709658,48.5002085],[3.77708377,48.50021164],[3.77707361,48.50019309],[3.77708629,48.50018995],[3.77705986,48.50014181],[3.77695505,48.5001675]]]]},"geometry_name":"geom","properties":{"gid":23575535,"type":"Bâtiment en dur","code_dep":"10","code_insee":"10220"}},{"type":"Feature","id":"batiment.23806501","geometry":{"type":"MultiPolygon","coordinates":[[[[3.79232868,48.50822683],[3.79244057,48.50822203],[3.79243164,48.50816838],[3.79232353,48.50817297],[3.79232868,48.50822683]]]]},"geometry_name":"geom","properties":{"gid":23575630,"type":"Bâtiment en dur","code_dep":"10","code_insee":"10220"}},{"type":"Feature","id":"batiment.23806606","geometry":{"type":"MultiPolygon","coordinates":[[[[3.79215284,48.50838165],[3.79224163,48.50838007],[3.79224275,48.50834624],[3.792326,48.50834541],[3.79232597,48.50834362],[3.79238134,48.50834325],[3.7923806,48.50829377],[3.79232509,48.50829414],[3.79232494,48.50828443],[3.7921499,48.50828559],[3.79215284,48.50838165]]]]},"geometry_name":"geom","properties":{"gid":23575737,"type":"Bâtiment en dur","code_dep":"10","code_insee":"10220"}},{"type":"Feature","id":"batiment.23806627","geometry":{"type":"MultiPolygon","coordinates":[[[[3.7769417,48.50022544],[3.77698136,48.50021591],[3.77695505,48.5001675],[3.776915,48.5001773],[3.7769417,48.50022544]]]]},"geometry_name":"geom","properties":{"gid":23575758,"type":"Construction légère","code_dep":"10","code_insee":"10220"}},{"type":"Feature","id":"batiment.23806649","geometry":{"type":"MultiPolygon","coordinates":[[[[3.79335021,48.5079234],[3.79338603,48.50792838],[3.79339663,48.50789493],[3.79336081,48.50788986],[3.79335021,48.5079234]]]]},"geometry_name":"geom","properties":{"gid":23575781,"type":"Bâtiment en dur","code_dep":"10","code_insee":"10220"}},{"type":"Feature","id":"batiment.23806790","geometry":{"type":"MultiPolygon","coordinates":[[[[3.79304865,48.5080546],[3.79314835,48.50806716],[3.79315723,48.50803615],[3.79305739,48.50802378],[3.79304865,48.5080546]]]]},"geometry_name":"geom","properties":{"gid":23575922,"type":"Construction légère","code_dep":"10","code_insee":"10220"}},{"type":"Feature","id":"batiment.23807231","geometry":{"type":"MultiPolygon","coordinates":[[[[3.80397258,48.51228584],[3.80402568,48.51227864],[3.80401756,48.51225216],[3.80396445,48.51225936],[3.80397258,48.51228584]]]]},"geometry_name":"geom","properties":{"gid":23576367,"type":"Construction légère","code_dep":"10","code_insee":"10220"}},{"type":"Feature","id":"batiment.23807233","geometry":{"type":"MultiPolygon","coordinates":[[[[3.80397042,48.51235729],[3.80396828,48.51235019],[3.80399206,48.51234697],[3.80399434,48.51235397],[3.80413892,48.51233473],[3.80411025,48.51223966],[3.80401756,48.51225216],[3.80402568,48.51227864],[3.80397258,48.51228584],[3.80396445,48.51225936],[3.80393866,48.51217524],[3.80386367,48.51218537],[3.80391867,48.51236429],[3.80397042,48.51235729]]]]},"geometry_name":"geom","properties":{"gid":23576369,"type":"Bâtiment en dur","code_dep":"10","code_insee":"10220"}},{"type":"Feature","id":"batiment.23807247","geometry":{"type":"MultiPolygon","coordinates":[[[[3.80397042,48.51235729],[3.80399434,48.51235397],[3.80399206,48.51234697],[3.80396828,48.51235019],[3.80397042,48.51235729]]]]},"geometry_name":"geom","properties":{"gid":23576383,"type":"Construction légère","code_dep":"10","code_insee":"10220"}},{"type":"Feature","id":"batiment.23807327","geometry":{"type":"MultiPolygon","coordinates":[[[[3.79155848,48.50845372],[3.79165961,48.50845304],[3.79165769,48.50837056],[3.79174987,48.50836968],[3.79174927,48.50833001],[3.7914876,48.50833211],[3.79147419,48.5083412],[3.79147509,48.50839139],[3.79148889,48.5084002],[3.79155644,48.50839912],[3.79155848,48.50845372]]]]},"geometry_name":"geom","properties":{"gid":23576464,"type":"Bâtiment en dur","code_dep":"10","code_insee":"10220"}},{"type":"Feature","id":"batiment.23807401","geometry":{"type":"MultiPolygon","coordinates":[[[[3.77708377,48.50021164],[3.77709658,48.5002085],[3.77708629,48.50018995],[3.77707361,48.50019309],[3.77708377,48.50021164]]]]},"geometry_name":"geom","properties":{"gid":23576538,"type":"Construction légère","code_dep":"10","code_insee":"10220"}},{"type":"Feature","id":"batiment.23807963","geometry":{"type":"MultiPolygon","coordinates":[[[[3.7921993,48.50683164],[3.79231827,48.50682914],[3.7923111,48.50667706],[3.79219199,48.50667956],[3.7921993,48.50683164]]]]},"geometry_name":"geom","properties":{"gid":23577103,"type":"Bâtiment en dur","code_dep":"10","code_insee":"10220"}},{"type":"Feature","id":"batiment.23808235","geometry":{"type":"MultiPolygon","coordinates":[[[[3.79280262,48.50804374],[3.79293238,48.50804737],[3.79293387,48.50802928],[3.79301624,48.50803332],[3.79302315,48.50797048],[3.79280803,48.50796301],[3.79280262,48.50804374]]]]},"geometry_name":"geom","properties":{"gid":23577378,"type":"Bâtiment en dur","code_dep":"10","code_insee":"10220"}},{"type":"Feature","id":"batiment.23808340","geometry":{"type":"MultiPolygon","coordinates":[[[[3.79344277,48.50732948],[3.7935095,48.50733704],[3.79351883,48.50730072],[3.79345211,48.50729316],[3.79344277,48.50732948]]]]},"geometry_name":"geom","properties":{"gid":23577484,"type":"Construction légère","code_dep":"10","code_insee":"10220"}},{"type":"Feature","id":"batiment.23808398","geometry":{"type":"MultiPolygon","coordinates":[[[[3.79865854,48.51467204],[3.79866556,48.51467973],[3.79869328,48.51466857],[3.79868626,48.51466088],[3.79865854,48.51467204]]]]},"geometry_name":"geom","properties":{"gid":23577542,"type":"Construction légère","code_dep":"10","code_insee":"10220"}},{"type":"Feature","id":"batiment.23808402","geometry":{"type":"MultiPolygon","coordinates":[[[[3.79856097,48.51471165],[3.79860076,48.51475474],[3.7986177,48.51477343],[3.79867796,48.51474748],[3.79874226,48.51481722],[3.79884952,48.51477358],[3.79872946,48.51464322],[3.79868626,48.51466088],[3.79869328,48.51466857],[3.79866556,48.51467973],[3.79865854,48.51467204],[3.79856097,48.51471165]]]]},"geometry_name":"geom","properties":{"gid":23577546,"type":"Bâtiment en dur","code_dep":"10","code_insee":"10220"}},{"type":"Feature","id":"batiment.23808772","geometry":{"type":"MultiPolygon","coordinates":[[[[3.79847043,48.51460826],[3.79851377,48.51459088],[3.7984876,48.51456199],[3.79844427,48.51457947],[3.79847043,48.51460826]]]]},"geometry_name":"geom","properties":{"gid":23577918,"type":"Bâtiment en dur","code_dep":"10","code_insee":"10220"}},{"type":"Feature","id":"batiment.23809593","geometry":{"type":"MultiPolygon","coordinates":[[[[3.80041134,48.51338251],[3.80044611,48.51346936],[3.80051673,48.51345683],[3.80048196,48.51336998],[3.80041134,48.51338251]]]]},"geometry_name":"geom","properties":{"gid":23578748,"type":"Bâtiment en dur","code_dep":"10","code_insee":"10220"}},{"type":"Feature","id":"batiment.23809645","geometry":{"type":"MultiPolygon","coordinates":[[[[3.79732739,48.51520915],[3.79737793,48.51527376],[3.79749784,48.51523391],[3.79744715,48.51516831],[3.79742075,48.51514204],[3.79740608,48.5151389],[3.79734896,48.51515827],[3.79734315,48.51516838],[3.7973647,48.51519639],[3.79732739,48.51520915]]]]},"geometry_name":"geom","properties":{"gid":23578801,"type":"Bâtiment en dur","code_dep":"10","code_insee":"10220"}},{"type":"Feature","id":"batiment.23809838","geometry":{"type":"MultiPolygon","coordinates":[[[[3.78801813,48.50816418],[3.78805874,48.50816391],[3.78805861,48.50815491],[3.78801799,48.50815518],[3.78801813,48.50816418]]]]},"geometry_name":"geom","properties":{"gid":23578995,"type":"Construction légère","code_dep":"10","code_insee":"10220"}},{"type":"Feature","id":"batiment.23809957","geometry":{"type":"MultiPolygon","coordinates":[[[[3.78764214,48.50814544],[3.78764228,48.50815443],[3.78768289,48.50815425],[3.7877323,48.50815402],[3.78773197,48.50812253],[3.78768323,48.50812276],[3.78768275,48.50814526],[3.78764214,48.50814544]]]]},"geometry_name":"geom","properties":{"gid":23579114,"type":"Construction légère","code_dep":"10","code_insee":"10220"}},{"type":"Feature","id":"batiment.23810092","geometry":{"type":"MultiPolygon","coordinates":[[[[3.79300098,48.51207573],[3.79300775,48.51211122],[3.79307206,48.51210233],[3.793068,48.51206646],[3.79300098,48.51207573]]]]},"geometry_name":"geom","properties":{"gid":23579250,"type":"Bâtiment en dur","code_dep":"10","code_insee":"10220"}},{"type":"Feature","id":"batiment.23810287","geometry":{"type":"MultiPolygon","coordinates":[[[[3.79284291,48.51213463],[3.79285204,48.51224576],[3.7929174,48.51224316],[3.79292518,48.51232786],[3.79302016,48.51232353],[3.79301647,48.51226751],[3.7930143,48.51224009],[3.79300817,48.51217482],[3.79291389,48.51218147],[3.79290853,48.51213104],[3.79284291,48.51213463]]]]},"geometry_name":"geom","properties":{"gid":23579446,"type":"Bâtiment en dur","code_dep":"10","code_insee":"10220"}},{"type":"Feature","id":"batiment.23810308","geometry":{"type":"MultiPolygon","coordinates":[[[[3.78759333,48.50816753],[3.78759463,48.50832649],[3.788271,48.50832416],[3.78826983,48.50816521],[3.78759333,48.50816753]]]]},"geometry_name":"geom","properties":{"gid":23579467,"type":"Construction légère","code_dep":"10","code_insee":"10220"}},{"type":"Feature","id":"batiment.23810516","geometry":{"type":"MultiPolygon","coordinates":[[[[3.79011208,48.50775138],[3.79018698,48.50769942],[3.79015376,48.50767823],[3.79007886,48.50773019],[3.79011208,48.50775138]]]]},"geometry_name":"geom","properties":{"gid":23579675,"type":"Construction légère","code_dep":"10","code_insee":"10220"}},{"type":"Feature","id":"batiment.23810882","geometry":{"type":"MultiPolygon","coordinates":[[[[3.79123262,48.50887763],[3.79138312,48.50887348],[3.79138101,48.5087964],[3.79137532,48.50879653],[3.79137335,48.50876424],[3.79128944,48.50876651],[3.79129142,48.50879889],[3.79123051,48.50880055],[3.79123262,48.50887763]]]]},"geometry_name":"geom","properties":{"gid":23580041,"type":"Bâtiment en dur","code_dep":"10","code_insee":"10220"}},{"type":"Feature","id":"batiment.23811084","geometry":{"type":"MultiPolygon","coordinates":[[[[3.78878466,48.50889922],[3.78874098,48.50893882],[3.78871667,48.50896084],[3.78877313,48.50898836],[3.78879744,48.50896633],[3.7887628,48.50894947],[3.78880648,48.50890987],[3.78878466,48.50889922]]]]},"geometry_name":"geom","properties":{"gid":23580243,"type":"Construction légère","code_dep":"10","code_insee":"10220"}},{"type":"Feature","id":"batiment.23811355","geometry":{"type":"MultiPolygon","coordinates":[[[[3.7887628,48.50894947],[3.78879744,48.50896633],[3.78884112,48.50892673],[3.78880648,48.50890987],[3.7887628,48.50894947]]]]},"geometry_name":"geom","properties":{"gid":23580515,"type":"Bâtiment en dur","code_dep":"10","code_insee":"10220"}},{"type":"Feature","id":"batiment.23811620","geometry":{"type":"MultiPolygon","coordinates":[[[[3.79219947,48.51039409],[3.79229525,48.51038841],[3.79228455,48.51029879],[3.79218878,48.51030446],[3.79219947,48.51039409]]]]},"geometry_name":"geom","properties":{"gid":23580781,"type":"Bâtiment en dur","code_dep":"10","code_insee":"10220"}},{"type":"Feature","id":"batiment.23811649","geometry":{"type":"MultiPolygon","coordinates":[[[[3.79257181,48.50963196],[3.7925921,48.50963074],[3.79258892,48.50960836],[3.79256876,48.50960958],[3.79257181,48.50963196]]]]},"geometry_name":"geom","properties":{"gid":23580810,"type":"Construction légère","code_dep":"10","code_insee":"10220"}},{"type":"Feature","id":"batiment.23811655","geometry":{"type":"MultiPolygon","coordinates":[[[[3.79244506,48.50963946],[3.79246535,48.50963824],[3.7924623,48.50961586],[3.79244201,48.50961708],[3.79244506,48.50963946]]]]},"geometry_name":"geom","properties":{"gid":23580816,"type":"Construction légère","code_dep":"10","code_insee":"10220"}},{"type":"Feature","id":"batiment.23811696","geometry":{"type":"MultiPolygon","coordinates":[[[[3.79260476,48.50972467],[3.7925921,48.50963074],[3.79257181,48.50963196],[3.79256876,48.50960958],[3.79258892,48.50960836],[3.79257978,48.50954113],[3.79243301,48.50955003],[3.79244201,48.50961708],[3.7924623,48.50961586],[3.79246535,48.50963824],[3.79244506,48.50963946],[3.79245771,48.50973339],[3.79260476,48.50972467]]]]},"geometry_name":"geom","properties":{"gid":23580858,"type":"Bâtiment en dur","code_dep":"10","code_insee":"10220"}},{"type":"Feature","id":"batiment.23811906","geometry":{"type":"MultiPolygon","coordinates":[[[[3.79221562,48.5101545],[3.79228353,48.51015045],[3.79227865,48.51011413],[3.79221074,48.51011819],[3.79221562,48.5101545]]]]},"geometry_name":"geom","properties":{"gid":23581070,"type":"Bâtiment en dur","code_dep":"10","code_insee":"10220"}},{"type":"Feature","id":"batiment.23811986","geometry":{"type":"MultiPolygon","coordinates":[[[[3.79266972,48.51018916],[3.79266683,48.51016813],[3.7926533,48.51016894],[3.7926562,48.51018997],[3.79266972,48.51018916]]]]},"geometry_name":"geom","properties":{"gid":23581149,"type":"Construction légère","code_dep":"10","code_insee":"10220"}},{"type":"Feature","id":"batiment.23811995","geometry":{"type":"MultiPolygon","coordinates":[[[[3.79253547,48.51025591],[3.79251933,48.51013727],[3.79246535,48.51014051],[3.7924815,48.51025915],[3.79253547,48.51025591]]]]},"geometry_name":"geom","properties":{"gid":23581158,"type":"Construction légère","code_dep":"10","code_insee":"10220"}},{"type":"Feature","id":"batiment.23811997","geometry":{"type":"MultiPolygon","coordinates":[[[[3.79246032,48.5101033],[3.79246535,48.51014051],[3.79251933,48.51013727],[3.79253547,48.51025591],[3.79267779,48.51024831],[3.79266972,48.51018916],[3.7926562,48.51018997],[3.7926533,48.51016894],[3.79266683,48.51016813],[3.79265647,48.51009164],[3.79246032,48.5101033]]]]},"geometry_name":"geom","properties":{"gid":23581160,"type":"Bâtiment en dur","code_dep":"10","code_insee":"10220"}},{"type":"Feature","id":"batiment.23812562","geometry":{"type":"MultiPolygon","coordinates":[[[[3.80354158,48.51195751],[3.80356806,48.511954],[3.80356278,48.51193632],[3.8035363,48.51193982],[3.80354158,48.51195751]]]]},"geometry_name":"geom","properties":{"gid":23581733,"type":"Bâtiment en dur","code_dep":"10","code_insee":"10220"}},{"type":"Feature","id":"batiment.23812746","geometry":{"type":"MultiPolygon","coordinates":[[[[3.80342237,48.51205143],[3.80348872,48.51204252],[3.80348073,48.51201613],[3.80341439,48.51202494],[3.80342237,48.51205143]]]]},"geometry_name":"geom","properties":{"gid":23581919,"type":"Construction légère","code_dep":"10","code_insee":"10220"}},{"type":"Feature","id":"batiment.23812757","geometry":{"type":"MultiPolygon","coordinates":[[[[3.80344587,48.51211775],[3.80347911,48.51211339],[3.80347582,48.51210235],[3.80344258,48.51210671],[3.80344587,48.51211775]]]]},"geometry_name":"geom","properties":{"gid":23581930,"type":"Construction légère","code_dep":"10","code_insee":"10220"}},{"type":"Feature","id":"batiment.23812759","geometry":{"type":"MultiPolygon","coordinates":[[[[3.80337749,48.51212676],[3.80344587,48.51211775],[3.80344258,48.51210671],[3.80347582,48.51210235],[3.80347911,48.51211339],[3.80367342,48.51208752],[3.80364518,48.51199406],[3.80348073,48.51201613],[3.80348872,48.51204252],[3.80342237,48.51205143],[3.80341439,48.51202494],[3.80334952,48.5120333],[3.80337749,48.51212676]]]]},"geometry_name":"geom","properties":{"gid":23581932,"type":"Bâtiment en dur","code_dep":"10","code_insee":"10220"}},{"type":"Feature","id":"batiment.23812967","geometry":{"type":"MultiPolygon","coordinates":[[[[3.79756662,48.51468144],[3.79767652,48.51466928],[3.79765216,48.51456293],[3.79767204,48.51456126],[3.79766394,48.51452749],[3.79759837,48.51453441],[3.79760112,48.514546],[3.79753516,48.51455364],[3.79756662,48.51468144]]]]},"geometry_name":"geom","properties":{"gid":23582141,"type":"Bâtiment en dur","code_dep":"10","code_insee":"10220"}},{"type":"Feature","id":"batiment.23812985","geometry":{"type":"MultiPolygon","coordinates":[[[[3.79765216,48.51456293],[3.79767652,48.51466928],[3.7976964,48.51466762],[3.79767204,48.51456126],[3.79765216,48.51456293]]]]},"geometry_name":"geom","properties":{"gid":23582159,"type":"Construction légère","code_dep":"10","code_insee":"10220"}},{"type":"Feature","id":"batiment.23813055","geometry":{"type":"MultiPolygon","coordinates":[[[[3.8078435,48.51230853],[3.80789646,48.51230115],[3.8078855,48.51226596],[3.80783253,48.51227325],[3.8078435,48.51230853]]]]},"geometry_name":"geom","properties":{"gid":23582227,"type":"Construction légère","code_dep":"10","code_insee":"10220"}},{"type":"Feature","id":"batiment.23813057","geometry":{"type":"MultiPolygon","coordinates":[[[[3.80783253,48.51227325],[3.8078855,48.51226596],[3.80787453,48.51223068],[3.80782156,48.51223797],[3.80783253,48.51227325]]]]},"geometry_name":"geom","properties":{"gid":23582229,"type":"Bâtiment en dur","code_dep":"10","code_insee":"10220"}},{"type":"Feature","id":"batiment.23813217","geometry":{"type":"MultiPolygon","coordinates":[[[[3.80706455,48.51289048],[3.80715938,48.51287554],[3.80707646,48.51264373],[3.80698164,48.51265867],[3.80706455,48.51289048]]]]},"geometry_name":"geom","properties":{"gid":23582391,"type":"Bâtiment en dur","code_dep":"10","code_insee":"10220"}},{"type":"Feature","id":"batiment.23813295","geometry":{"type":"MultiPolygon","coordinates":[[[[3.806718,48.5130187],[3.80680824,48.51301368],[3.80677954,48.51278518],[3.80668917,48.51279021],[3.806718,48.5130187]]]]},"geometry_name":"geom","properties":{"gid":23582472,"type":"Bâtiment en dur","code_dep":"10","code_insee":"10220"}},{"type":"Feature","id":"batiment.23813412","geometry":{"type":"MultiPolygon","coordinates":[[[[3.80606764,48.51305298],[3.80613385,48.51304362],[3.80612261,48.51300843],[3.80605641,48.51301788],[3.80606764,48.51305298]]]]},"geometry_name":"geom","properties":{"gid":23582589,"type":"Construction légère","code_dep":"10","code_insee":"10220"}},{"type":"Feature","id":"batiment.23813438","geometry":{"type":"MultiPolygon","coordinates":[[[[3.8058761,48.51295954],[3.80589715,48.51303371],[3.80597945,48.51302344],[3.80595841,48.51294927],[3.8058761,48.51295954]]]]},"geometry_name":"geom","properties":{"gid":23582614,"type":"Bâtiment en dur","code_dep":"10","code_insee":"10220"}},{"type":"Feature","id":"batiment.23813523","geometry":{"type":"MultiPolygon","coordinates":[[[[3.80331063,48.51249966],[3.80356449,48.5124634],[3.80354075,48.51238988],[3.80328689,48.51242623],[3.80331063,48.51249966]]]]},"geometry_name":"geom","properties":{"gid":23582701,"type":"Bâtiment en dur","code_dep":"10","code_insee":"10220"}},{"type":"Feature","id":"batiment.23818456","geometry":{"type":"MultiPolygon","coordinates":[[[[3.7747898,48.5016055],[3.77486181,48.5015954],[3.77484351,48.50150232],[3.77481136,48.50150684],[3.77477151,48.5015125],[3.7747898,48.5016055]]]]},"geometry_name":"geom","properties":{"gid":23587675,"type":"Bâtiment en dur","code_dep":"10","code_insee":"10220"}},{"type":"Feature","id":"batiment.23820692","geometry":{"type":"MultiPolygon","coordinates":[[[[3.75069026,48.50726764],[3.75072835,48.50726155],[3.75071164,48.50721947],[3.75067165,48.50722521],[3.75069026,48.50726764]]]]},"geometry_name":"geom","properties":{"gid":23589927,"type":"Construction légère","code_dep":"10","code_insee":"10323"}},{"type":"Feature","id":"batiment.23841153","geometry":{"type":"MultiPolygon","coordinates":[[[[3.7729177,48.50299098],[3.77281549,48.50277033],[3.77300499,48.50273186],[3.77298832,48.502685],[3.77305663,48.50267214],[3.77302832,48.50260621],[3.7729064,48.50262814],[3.7728942,48.50259979],[3.77283128,48.502611],[3.77284283,48.50264142],[3.77265961,48.50267464],[3.77281158,48.50301038],[3.7729177,48.50299098]]]]},"geometry_name":"geom","properties":{"gid":23610544,"type":"Bâtiment en dur","code_dep":"10","code_insee":"10220"}},{"type":"Feature","id":"batiment.23977618","geometry":{"type":"MultiPolygon","coordinates":[[[[3.78166408,48.50101709],[3.78172227,48.5010159],[3.7817217,48.50100511],[3.78176365,48.5010042],[3.78176422,48.50101499],[3.78182228,48.5010138],[3.78181793,48.50092162],[3.78165973,48.50092491],[3.78166408,48.50101709]]]]},"geometry_name":"geom","properties":{"gid":23747969,"type":"Bâtiment en dur","code_dep":"10","code_insee":"10220"}},{"type":"Feature","id":"batiment.23977982","geometry":{"type":"MultiPolygon","coordinates":[[[[3.78131552,48.50101857],[3.7813171,48.5010523],[3.78131873,48.5010522],[3.78145622,48.50104922],[3.78157206,48.50104684],[3.78156828,48.50096545],[3.78144716,48.50096787],[3.78144448,48.50090626],[3.7812699,48.50090966],[3.78127492,48.50101938],[3.78131552,48.50101857]]]]},"geometry_name":"geom","properties":{"gid":23748334,"type":"Bâtiment en dur","code_dep":"10","code_insee":"10220"}},{"type":"Feature","id":"batiment.24820796","geometry":{"type":"MultiPolygon","coordinates":[[[[3.75264804,48.51096334],[3.75275947,48.51112384],[3.75286275,48.51109341],[3.75275456,48.51093279],[3.75264804,48.51096334]]]]},"geometry_name":"geom","properties":{"gid":24598804,"type":"Bâtiment en dur","code_dep":"10","code_insee":"10323"}},{"type":"Feature","id":"batiment.25113675","geometry":{"type":"MultiPolygon","coordinates":[[[[3.80313588,48.51207001],[3.80321412,48.51205949],[3.80319116,48.51198408],[3.80311293,48.51199459],[3.80313588,48.51207001]]]]},"geometry_name":"geom","properties":{"gid":24894082,"type":"Bâtiment en dur","code_dep":"10","code_insee":"10220"}},{"type":"Feature","id":"batiment.25115326","geometry":{"type":"MultiPolygon","coordinates":[[[[3.80901575,48.51137439],[3.80937531,48.51132633],[3.80935191,48.51124912],[3.80899236,48.51129727],[3.80901575,48.51137439]]]]},"geometry_name":"geom","properties":{"gid":24895741,"type":"Bâtiment en dur","code_dep":"10","code_insee":"10220"}},{"type":"Feature","id":"batiment.25265564","geometry":{"type":"MultiPolygon","coordinates":[[[[3.76850326,48.50488023],[3.76842405,48.50489766],[3.76844593,48.50494025],[3.76852432,48.50492247],[3.76850326,48.50488023]]]]},"geometry_name":"geom","properties":{"gid":25047480,"type":"Construction légère","code_dep":"10","code_insee":"10220"}},{"type":"Feature","id":"batiment.25280183","geometry":{"type":"MultiPolygon","coordinates":[[[[3.78090759,48.50106057],[3.78098866,48.50105941],[3.78098609,48.50097756],[3.78096308,48.50097789],[3.78096433,48.50101656],[3.78090629,48.50101829],[3.78090759,48.50106057]]]]},"geometry_name":"geom","properties":{"gid":25062213,"type":"Construction légère","code_dep":"10","code_insee":"10220"}},{"type":"Feature","id":"batiment.25434768","geometry":{"type":"MultiPolygon","coordinates":[[[[3.7807912,48.50106214],[3.7807893,48.50106189],[3.78078522,48.50106083],[3.78078291,48.50106004],[3.78077895,48.501058],[3.78077676,48.50105639],[3.78077429,48.50105398],[3.78077207,48.50105048],[3.78077128,48.50103376],[3.78073474,48.50103427],[3.78073571,48.50106305],[3.7807912,48.50106214]]]]},"geometry_name":"geom","properties":{"gid":25218021,"type":"Construction légère","code_dep":"10","code_insee":"10220"}},{"type":"Feature","id":"batiment.25672726","geometry":{"type":"MultiPolygon","coordinates":[[[[3.80858221,48.51111105],[3.80848412,48.51112449],[3.80850164,48.51118087],[3.80860079,48.51116616],[3.80858221,48.51111105]]]]},"geometry_name":"geom","properties":{"gid":25458034,"type":"Bâtiment en dur","code_dep":"10","code_insee":"10220"}},{"type":"Feature","id":"batiment.25686690","geometry":{"type":"MultiPolygon","coordinates":[[[[3.78311114,48.50143048],[3.7831096,48.50139055],[3.78310875,48.50136077],[3.78302754,48.50136176],[3.7830294,48.50143192],[3.78311114,48.50143048]]]]},"geometry_name":"geom","properties":{"gid":25472104,"type":"Construction légère","code_dep":"10","code_insee":"10220"}},{"type":"Feature","id":"batiment.25691095","geometry":{"type":"MultiPolygon","coordinates":[[[[3.78511293,48.50721423],[3.78488597,48.50721969],[3.78489763,48.50741106],[3.78512445,48.50740506],[3.78511293,48.50721423]]]]},"geometry_name":"geom","properties":{"gid":25476531,"type":"Bâtiment en dur","code_dep":"10","code_insee":"10220"}},{"type":"Feature","id":"batiment.25691217","geometry":{"type":"MultiPolygon","coordinates":[[[[3.75376324,48.50367423],[3.75381321,48.50366618],[3.75397745,48.50363959],[3.75393743,48.50353045],[3.75377306,48.50355704],[3.75379616,48.50361987],[3.75374619,48.50362801],[3.75376324,48.50367423]]]]},"geometry_name":"geom","properties":{"gid":25476649,"type":"Construction légère","code_dep":"10","code_insee":"10323"}},{"type":"Feature","id":"batiment.25691299","geometry":{"type":"MultiPolygon","coordinates":[[[[3.75347124,48.50329833],[3.75359618,48.50327811],[3.75358927,48.5032589],[3.75354969,48.50326527],[3.75353377,48.50322183],[3.75344828,48.50323568],[3.75347124,48.50329833]]]]},"geometry_name":"geom","properties":{"gid":25476735,"type":"Construction légère","code_dep":"10","code_insee":"10323"}},{"type":"Feature","id":"batiment.25691371","geometry":{"type":"MultiPolygon","coordinates":[[[[3.75336148,48.50345106],[3.7534267,48.50362779],[3.75355298,48.50360747],[3.75348776,48.50343074],[3.75336148,48.50345106]]]]},"geometry_name":"geom","properties":{"gid":25476807,"type":"Construction légère","code_dep":"10","code_insee":"10323"}},{"type":"Feature","id":"batiment.25691373","geometry":{"type":"MultiPolygon","coordinates":[[[[3.7532537,48.50346866],[3.75336148,48.50345106],[3.75348776,48.50343074],[3.75351802,48.50342587],[3.75340051,48.50310536],[3.75313633,48.50314815],[3.7532537,48.50346866]]]]},"geometry_name":"geom","properties":{"gid":25476809,"type":"Bâtiment en dur","code_dep":"10","code_insee":"10323"}},{"type":"Feature","id":"batiment.25691394","geometry":{"type":"MultiPolygon","coordinates":[[[[3.77483457,48.50193276],[3.77489547,48.50192202],[3.77489025,48.50190802],[3.77482935,48.50191876],[3.77483457,48.50193276]]]]},"geometry_name":"geom","properties":{"gid":25476830,"type":"Bâtiment en dur","code_dep":"10","code_insee":"10220"}},{"type":"Feature","id":"batiment.25730107","geometry":{"type":"MultiPolygon","coordinates":[[[[3.75572893,48.50089268],[3.75579059,48.50088779],[3.75578321,48.5008452],[3.75572155,48.50085009],[3.75572893,48.50089268]]]]},"geometry_name":"geom","properties":{"gid":25515850,"type":"Construction légère","code_dep":"10","code_insee":"10323"}},{"type":"Feature","id":"batiment.25730228","geometry":{"type":"MultiPolygon","coordinates":[[[[3.75383242,48.50117777],[3.7539064,48.50117253],[3.75389272,48.50108724],[3.75381874,48.50109248],[3.75383242,48.50117777]]]]},"geometry_name":"geom","properties":{"gid":25515972,"type":"Construction légère","code_dep":"10","code_insee":"10323"}},{"type":"Feature","id":"batiment.25730235","geometry":{"type":"MultiPolygon","coordinates":[[[[3.75370449,48.50118695],[3.75383242,48.50117777],[3.75381874,48.50109248],[3.75369081,48.50110157],[3.75370449,48.50118695]]]]},"geometry_name":"geom","properties":{"gid":25515979,"type":"Bâtiment en dur","code_dep":"10","code_insee":"10323"}},{"type":"Feature","id":"batiment.25730603","geometry":{"type":"MultiPolygon","coordinates":[[[[3.75374525,48.50532454],[3.75369165,48.50516519],[3.75361114,48.50517767],[3.75359886,48.50514257],[3.75370719,48.50512587],[3.75364481,48.50494886],[3.75353689,48.50496583],[3.7535246,48.50493073],[3.7536047,48.50491826],[3.75354767,48.50475534],[3.7533052,48.50479286],[3.75333428,48.50487607],[3.75330781,48.5048802],[3.75334197,48.50497741],[3.7533933,48.50496935],[3.75339964,48.50498703],[3.75337303,48.50499107],[3.75343514,48.5051679],[3.75346148,48.50516386],[3.75346769,48.50518137],[3.75341636,48.50518934],[3.75345065,48.50528655],[3.75347726,48.50528252],[3.75350511,48.5053643],[3.75374525,48.50532454]]]]},"geometry_name":"geom","properties":{"gid":25516351,"type":"Bâtiment en dur","code_dep":"10","code_insee":"10323"}},{"type":"Feature","id":"batiment.25730810","geometry":{"type":"MultiPolygon","coordinates":[[[[3.75253378,48.50492316],[3.75259102,48.50508203],[3.75267124,48.50506874],[3.75268434,48.50510366],[3.75257656,48.50512152],[3.75264299,48.50529779],[3.75275063,48.50527974],[3.75276372,48.50531466],[3.75268376,48.50532803],[3.75274485,48.5054902],[3.75298634,48.50545026],[3.75295536,48.50536724],[3.7529817,48.50536285],[3.75294525,48.5052661],[3.75289406,48.5052747],[3.75288731,48.50525711],[3.75291378,48.5052528],[3.75284735,48.50507645],[3.75282115,48.50508084],[3.75281454,48.50506334],[3.75286559,48.50505492],[3.75282927,48.50495817],[3.75280266,48.50496248],[3.75277279,48.50488089],[3.75253378,48.50492316]]]]},"geometry_name":"geom","properties":{"gid":25516557,"type":"Bâtiment en dur","code_dep":"10","code_insee":"10323"}},{"type":"Feature","id":"batiment.25751100","geometry":{"type":"MultiPolygon","coordinates":[[[[3.75474545,48.50474099],[3.75478973,48.50475123],[3.75484297,48.50476313],[3.75488765,48.50477265],[3.75494128,48.50478356],[3.75500441,48.50479575],[3.75506766,48.50480704],[3.75512208,48.50481632],[3.75516916,48.50482385],[3.75525911,48.50483713],[3.7553325,48.50484692],[3.75537861,48.50485257],[3.75545251,48.50486082],[3.75550809,48.50486632],[3.75555445,48.50487061],[3.75558875,48.50487372],[3.75559483,48.5048448],[3.75561687,48.50473959],[3.75570783,48.50474792],[3.75579672,48.50475329],[3.75586595,48.50475654],[3.7559353,48.50475897],[3.75602454,48.50476083],[3.75609386,48.50476129],[3.75617021,48.50476081],[3.7562525,48.5047592],[3.75634167,48.50475594],[3.75643068,48.50475141],[3.75650953,48.50474623],[3.75658824,48.50473997],[3.75667246,48.50473188],[3.75672842,48.50472577],[3.75678424,48.5047192],[3.75685856,48.50470964],[3.7569326,48.50469919],[3.75699689,48.50468915],[3.75701526,48.50468624],[3.757052,48.50468016],[3.7570886,48.50467381],[3.75713424,48.5046656],[3.75717056,48.50465881],[3.75721592,48.50464997],[3.75724305,48.50464449],[3.75728827,48.50463512],[3.75733307,48.50462538],[3.75737787,48.50461529],[3.75740459,48.50460909],[3.75747946,48.50459053],[3.75755377,48.5045709],[3.75762752,48.50455019],[3.75770031,48.50452849],[3.75774102,48.50451591],[3.75778171,48.50450287],[3.75786201,48.50447609],[3.75795023,48.50444476],[3.75805418,48.50440523],[3.75813103,48.50437407],[3.75819844,48.50434539],[3.75828382,48.50430517],[3.75837756,48.50439318],[3.75840322,48.50441695],[3.75842957,48.50440419],[3.7585054,48.50436826],[3.7585933,48.50432407],[3.75866599,48.50428546],[3.75871474,48.50425834],[3.75874361,48.50424187],[3.75881851,48.50419749],[3.75881004,48.50416453],[3.75878922,48.50417564],[3.75871472,48.50421974],[3.75863804,48.50426287],[3.7585663,48.50430103],[3.75847934,48.50434467],[3.75841319,48.50437613],[3.75829353,48.50426489],[3.75825844,48.50428149],[3.7581748,48.5043208],[3.75810779,48.5043493],[3.75803175,48.5043801],[3.75792888,48.50441917],[3.75784174,48.50445013],[3.75776225,48.50447664],[3.75772222,48.50448949],[3.75768206,48.50450189],[3.75760994,48.5045234],[3.75753713,48.50454384],[3.75746363,48.50456329],[3.75738916,48.50458166],[3.75735395,48.50458981],[3.75732736,48.50459582],[3.75729187,48.50460361],[3.7572387,48.50461492],[3.75720292,48.50462216],[3.75714919,48.50463258],[3.75710423,48.50464097],[3.75704103,48.50465198],[3.75699593,48.50465956],[3.75696851,48.50466387],[3.75695027,48.50466669],[3.75690488,48.50467345],[3.75685921,48.50467995],[3.7568226,48.50468477],[3.75675841,48.50469283],[3.75671232,48.50469807],[3.75665703,48.50470391],[3.75658308,48.50471095],[3.75650465,48.50471721],[3.75642688,48.50472229],[3.75633881,48.50472672],[3.75625072,48.50472998],[3.75616938,48.50473157],[3.75609385,48.50473206],[3.75602547,48.50473159],[3.75593718,48.50472972],[3.75586864,48.50472737],[3.75580023,48.50472412],[3.75571188,48.50471892],[3.75557944,48.50470681],[3.75555132,48.50484085],[3.75551445,48.50483749],[3.7554594,48.50483199],[3.75538618,48.50482373],[3.75534075,48.50481817],[3.75526804,48.50480856],[3.75517904,48.50479536],[3.75513264,48.50478792],[3.75507889,48.50477881],[3.75501632,48.5047676],[3.75495387,48.5047555],[3.75490078,48.50474477],[3.75485665,48.50473533],[3.75480395,48.50472361],[3.75475994,48.50471337],[3.75474545,48.50474099]]]]},"geometry_name":"geom","properties":{"gid":25537106,"type":"Construction légère","code_dep":"10","code_insee":"10323"}},{"type":"Feature","id":"batiment.25751853","geometry":{"type":"MultiPolygon","coordinates":[[[[3.75702151,48.50438699],[3.7572086,48.50445237],[3.75752435,48.50437092],[3.7577863,48.50428585],[3.7577099,48.50407664],[3.75740983,48.50408161],[3.75708146,48.50410448],[3.75696103,48.5042204],[3.75702151,48.50438699]],[[3.75721101,48.50442276],[3.75705658,48.50436877],[3.75700469,48.50422579],[3.75710417,48.50413007],[3.75741239,48.50410858],[3.75767808,48.50410419],[3.75773924,48.50427122],[3.75750801,48.50434619],[3.75721101,48.50442276]]]]},"geometry_name":"geom","properties":{"gid":25537871,"type":"Construction légère","code_dep":"10","code_insee":"10323"}},{"type":"Feature","id":"batiment.25751979","geometry":{"type":"MultiPolygon","coordinates":[[[[3.75721101,48.50442276],[3.75750801,48.50434619],[3.75773924,48.50427122],[3.75767808,48.50410419],[3.75741239,48.50410858],[3.75710417,48.50413007],[3.75700469,48.50422579],[3.75705658,48.50436877],[3.75721101,48.50442276]]]]},"geometry_name":"geom","properties":{"gid":25537999,"type":"Bâtiment en dur","code_dep":"10","code_insee":"10323"}},{"type":"Feature","id":"batiment.25756386","geometry":{"type":"MultiPolygon","coordinates":[[[[3.75740459,48.50460909],[3.75750576,48.50479053],[3.75758804,48.50476941],[3.75767004,48.50474747],[3.75774123,48.50472759],[3.75782226,48.50470413],[3.75789248,48.5046829],[3.75795744,48.50466261],[3.75801007,48.50472551],[3.75809182,48.50469647],[3.75816305,48.50466984],[3.7582196,48.50464798],[3.75827559,48.50462558],[3.75833117,48.50460264],[3.7583862,48.50457917],[3.7584271,48.50456119],[3.75819844,48.50434539],[3.75813103,48.50437407],[3.75805418,48.50440523],[3.75795023,48.50444476],[3.75786201,48.50447609],[3.75778171,48.50450287],[3.75770031,48.50452849],[3.75762752,48.50455019],[3.75755377,48.5045709],[3.75747946,48.50459053],[3.75740459,48.50460909]]]]},"geometry_name":"geom","properties":{"gid":25542478,"type":"Bâtiment en dur","code_dep":"10","code_insee":"10323"}},{"type":"Feature","id":"batiment.25756601","geometry":{"type":"MultiPolygon","coordinates":[[[[3.75708228,48.50481806],[3.75703204,48.50482612],[3.75703907,48.50484443],[3.75708959,48.50483628],[3.75708228,48.50481806]]]]},"geometry_name":"geom","properties":{"gid":25542698,"type":"Bâtiment en dur","code_dep":"10","code_insee":"10323"}},{"type":"Feature","id":"batiment.25756853","geometry":{"type":"MultiPolygon","coordinates":[[[[3.75889039,48.50452512],[3.7589182,48.50451019],[3.75893982,48.50449836],[3.75896145,48.50448644],[3.7589828,48.50447434],[3.75901127,48.50445823],[3.75903959,48.50444186],[3.75906765,48.50442539],[3.75910939,48.50440039],[3.75917111,48.50436221],[3.75919151,48.5043493],[3.75927157,48.50429697],[3.75930442,48.50427481],[3.7590042,48.50408178],[3.7589865,48.50409413],[3.75894481,48.50412246],[3.75891464,48.50414254],[3.75889627,48.50415444],[3.75886541,48.50417407],[3.75883429,48.50419343],[3.75881536,48.50420498],[3.75879577,48.5042168],[3.75889039,48.50452512]]]]},"geometry_name":"geom","properties":{"gid":25542954,"type":"Bâtiment en dur","code_dep":"10","code_insee":"10220"}},{"type":"Feature","id":"batiment.25757215","geometry":{"type":"MultiPolygon","coordinates":[[[[3.7590042,48.50408178],[3.75897263,48.50406147],[3.7589548,48.50407382],[3.75891351,48.50410188],[3.75888375,48.50412177],[3.75886564,48.5041334],[3.75883519,48.50415285],[3.75880433,48.50417203],[3.75878539,48.50418277],[3.75879577,48.5042168],[3.75881536,48.50420498],[3.75883429,48.50419343],[3.75886541,48.50417407],[3.75889627,48.50415444],[3.75891464,48.50414254],[3.75894481,48.50412246],[3.7589865,48.50409413],[3.7590042,48.50408178]]]]},"geometry_name":"geom","properties":{"gid":25543319,"type":"Construction légère","code_dep":"10","code_insee":"10220"}},{"type":"Feature","id":"batiment.25757352","geometry":{"type":"MultiPolygon","coordinates":[[[[3.74899876,48.50628324],[3.75023465,48.50608184],[3.75015635,48.50586993],[3.74892046,48.50607142],[3.74899876,48.50628324]]]]},"geometry_name":"geom","properties":{"gid":25543457,"type":"Bâtiment en dur","code_dep":"10","code_insee":"10323"}},{"type":"Feature","id":"batiment.25757523","geometry":{"type":"MultiPolygon","coordinates":[[[[3.75054005,48.50730125],[3.75067133,48.50727919],[3.7506431,48.50720775],[3.75053128,48.50722726],[3.7505117,48.50723072],[3.75054005,48.50730125]]]]},"geometry_name":"geom","properties":{"gid":25543631,"type":"Bâtiment en dur","code_dep":"10","code_insee":"10323"}},{"type":"Feature","id":"batiment.25757784","geometry":{"type":"MultiPolygon","coordinates":[[[[3.75040184,48.50737805],[3.75038176,48.50732789],[3.75037852,48.50731927],[3.7502074,48.50734779],[3.75020893,48.5073512],[3.75015803,48.50736061],[3.7501876,48.50743122],[3.75023837,48.50742181],[3.75023978,48.50742522],[3.75040683,48.50739601],[3.75040184,48.50737805]]]]},"geometry_name":"geom","properties":{"gid":25543895,"type":"Bâtiment en dur","code_dep":"10","code_insee":"10323"}},{"type":"Feature","id":"batiment.25760061","geometry":{"type":"MultiPolygon","coordinates":[[[[3.75116243,48.50630826],[3.75118976,48.50638312],[3.75124528,48.50637449],[3.75123759,48.50634755],[3.75125582,48.50634465],[3.75123888,48.50629627],[3.75116243,48.50630826]]]]},"geometry_name":"geom","properties":{"gid":25546213,"type":"Bâtiment en dur","code_dep":"10","code_insee":"10323"}},{"type":"Feature","id":"batiment.25760105","geometry":{"type":"MultiPolygon","coordinates":[[[[3.75058998,48.50746907],[3.75061184,48.50746462],[3.75060847,48.50745591],[3.7505866,48.50746037],[3.75058998,48.50746907]]]]},"geometry_name":"geom","properties":{"gid":25546257,"type":"Construction légère","code_dep":"10","code_insee":"10323"}},{"type":"Feature","id":"batiment.25760169","geometry":{"type":"MultiPolygon","coordinates":[[[[3.75068153,48.50750907],[3.75065763,48.5074475],[3.75060847,48.50745591],[3.75061184,48.50746462],[3.75058998,48.50746907],[3.7505866,48.50746037],[3.75056298,48.50739943],[3.75047128,48.50741512],[3.75051851,48.507537],[3.75068153,48.50750907]]]]},"geometry_name":"geom","properties":{"gid":25546322,"type":"Bâtiment en dur","code_dep":"10","code_insee":"10323"}},{"type":"Feature","id":"batiment.25972971","geometry":{"type":"MultiPolygon","coordinates":[[[[3.79912689,48.51499986],[3.79922098,48.51496307],[3.79912649,48.51485809],[3.79903226,48.51489452],[3.79912689,48.51499986]]]]},"geometry_name":"geom","properties":{"gid":25761036,"type":"Construction légère","code_dep":"10","code_insee":"10220"}},{"type":"Feature","id":"batiment.26204905","geometry":{"type":"MultiPolygon","coordinates":[[[[3.7807912,48.50106214],[3.78090759,48.50106057],[3.78090629,48.50101829],[3.78096433,48.50101656],[3.78096308,48.50097789],[3.78098609,48.50097756],[3.78098435,48.50092413],[3.7807923,48.50092692],[3.78079142,48.50090444],[3.78081443,48.5009041],[3.78081244,48.50084294],[3.78065016,48.50084527],[3.7806542,48.50097119],[3.78066232,48.50097105],[3.780666,48.50106405],[3.78073571,48.50106305],[3.78073474,48.50103427],[3.78077128,48.50103376],[3.78077207,48.50105048],[3.78077429,48.50105398],[3.78077676,48.50105639],[3.78077895,48.501058],[3.78078291,48.50106004],[3.78078522,48.50106083],[3.7807893,48.50106189],[3.7807912,48.50106214]]]]},"geometry_name":"geom","properties":{"gid":25994800,"type":"Bâtiment en dur","code_dep":"10","code_insee":"10220"}},{"type":"Feature","id":"batiment.26249256","geometry":{"type":"MultiPolygon","coordinates":[[[[3.76219513,48.505418],[3.76262454,48.50534201],[3.76258501,48.50523917],[3.76247859,48.50525721],[3.76246705,48.50522715],[3.7621432,48.50528213],[3.76215151,48.50530384],[3.76211207,48.50531057],[3.7621374,48.50537671],[3.76217684,48.50537007],[3.76219513,48.505418]]]]},"geometry_name":"geom","properties":{"gid":26039553,"type":"Bâtiment en dur","code_dep":"10","code_insee":"10323"}},{"type":"Feature","id":"batiment.26249275","geometry":{"type":"MultiPolygon","coordinates":[[[[3.76247859,48.50525721],[3.76258501,48.50523917],[3.76257347,48.5052091],[3.76246705,48.50522715],[3.76247859,48.50525721]]]]},"geometry_name":"geom","properties":{"gid":26039571,"type":"Construction légère","code_dep":"10","code_insee":"10323"}},{"type":"Feature","id":"batiment.26282875","geometry":{"type":"MultiPolygon","coordinates":[[[[3.75693467,48.50162388],[3.75696564,48.50162152],[3.75694924,48.5015268],[3.75687866,48.5015322],[3.75688692,48.50157956],[3.75692654,48.50157652],[3.75693467,48.50162388]]]]},"geometry_name":"geom","properties":{"gid":26073438,"type":"Construction légère","code_dep":"10","code_insee":"10323"}},{"type":"Feature","id":"batiment.26282948","geometry":{"type":"MultiPolygon","coordinates":[[[[3.75662505,48.50196969],[3.75659862,48.50181737],[3.75699428,48.50178678],[3.75696564,48.50162152],[3.75693467,48.50162388],[3.75692654,48.50157652],[3.75688692,48.50157956],[3.75687866,48.5015322],[3.75694924,48.5015268],[3.75686241,48.50102518],[3.75660147,48.50104771],[3.75646721,48.50105936],[3.75644096,48.5009003],[3.75417695,48.50106547],[3.75436231,48.50214115],[3.75662505,48.50196969]],[[3.75655818,48.50158498],[3.75649821,48.50124719],[3.75663815,48.50123496],[3.75669259,48.50157468],[3.75655818,48.50158498]]]]},"geometry_name":"geom","properties":{"gid":26073517,"type":"Bâtiment en dur","code_dep":"10","code_insee":"10323"}},{"type":"Feature","id":"batiment.26864791","geometry":{"type":"MultiPolygon","coordinates":[[[[3.77760279,48.50033141],[3.77751805,48.50036831],[3.77754993,48.50040013],[3.77758485,48.50043624],[3.77765461,48.50051271],[3.77779249,48.50065431],[3.77788181,48.50061594],[3.77764703,48.50037529],[3.77766761,48.50036643],[3.77764096,48.50034051],[3.77762132,48.50034874],[3.77760279,48.50033141]]]]},"geometry_name":"geom","properties":{"gid":26660499,"type":"Bâtiment en dur","code_dep":"10","code_insee":"10220"}},{"type":"Feature","id":"batiment.26866069","geometry":{"type":"MultiPolygon","coordinates":[[[[3.77807778,48.50075904],[3.77812524,48.50073696],[3.77807442,48.50069672],[3.77803008,48.5007195],[3.77807778,48.50075904]]]]},"geometry_name":"geom","properties":{"gid":26661782,"type":"Bâtiment en dur","code_dep":"10","code_insee":"10220"}},{"type":"Feature","id":"batiment.26931855","geometry":{"type":"MultiPolygon","coordinates":[[[[3.78034039,48.50144322],[3.78045922,48.50144172],[3.7804624,48.50147301],[3.78052097,48.50147037],[3.78052082,48.50146885],[3.78052134,48.50145832],[3.78051166,48.50137184],[3.78032585,48.50137593],[3.78034039,48.50144322]]]]},"geometry_name":"geom","properties":{"gid":26728143,"type":"Bâtiment en dur","code_dep":"10","code_insee":"10220"}},{"type":"Feature","id":"batiment.26934911","geometry":{"type":"MultiPolygon","coordinates":[[[[3.78034558,48.50174663],[3.78052642,48.50173645],[3.78051828,48.50166246],[3.78051141,48.50159207],[3.78053372,48.50158985],[3.78052097,48.50147037],[3.7804624,48.50147301],[3.78029857,48.50148029],[3.78034558,48.50174663]]]]},"geometry_name":"geom","properties":{"gid":26731237,"type":"Bâtiment en dur","code_dep":"10","code_insee":"10220"}},{"type":"Feature","id":"batiment.27527291","geometry":{"type":"MultiPolygon","coordinates":[[[[3.75866915,48.50462568],[3.75874416,48.50458939],[3.75882561,48.50454839],[3.75890193,48.50450823],[3.75881851,48.50419749],[3.75874361,48.50424187],[3.75866599,48.50428546],[3.7585933,48.50432407],[3.7585054,48.50436826],[3.75842957,48.50440419],[3.75866915,48.50462568]]]]},"geometry_name":"geom","properties":{"gid":27328254,"type":"Bâtiment en dur","code_dep":"10","code_insee":"10323"}},{"type":"Feature","id":"batiment.27795120","geometry":{"type":"MultiPolygon","coordinates":[[[[3.78172227,48.5010159],[3.78176422,48.50101499],[3.78176365,48.5010042],[3.7817217,48.50100511],[3.78172227,48.5010159]]]]},"geometry_name":"geom","properties":{"gid":27598133,"type":"Construction légère","code_dep":"10","code_insee":"10220"}},{"type":"Feature","id":"batiment.28126816","geometry":{"type":"MultiPolygon","coordinates":[[[[3.7508645,48.50670931],[3.75084788,48.50666408],[3.7506358,48.50669753],[3.75065285,48.50674421],[3.75078576,48.50672231],[3.7508645,48.50670931]]]]},"geometry_name":"geom","properties":{"gid":27932506,"type":"Bâtiment en dur","code_dep":"10","code_insee":"10323"}},{"type":"Feature","id":"batiment.28126905","geometry":{"type":"MultiPolygon","coordinates":[[[[3.75084788,48.50666408],[3.75084195,48.50664747],[3.75062988,48.50668093],[3.7506358,48.50669753],[3.75084788,48.50666408]]]]},"geometry_name":"geom","properties":{"gid":27932595,"type":"Construction légère","code_dep":"10","code_insee":"10323"}},{"type":"Feature","id":"batiment.28146653","geometry":{"type":"MultiPolygon","coordinates":[[[[3.75474545,48.50474099],[3.75463361,48.5049469],[3.75475801,48.50497445],[3.75490315,48.50500322],[3.75502028,48.50502397],[3.7551675,48.5050467],[3.75527642,48.5050613],[3.75538572,48.5050741],[3.75550557,48.50508602],[3.75555445,48.50487061],[3.75550809,48.50486632],[3.75545251,48.50486082],[3.75537861,48.50485257],[3.7553325,48.50484692],[3.75525911,48.50483713],[3.75516916,48.50482385],[3.75512208,48.50481632],[3.75506766,48.50480704],[3.75500441,48.50479575],[3.75494128,48.50478356],[3.75488765,48.50477265],[3.75484297,48.50476313],[3.75478973,48.50475123],[3.75474545,48.50474099]]]]},"geometry_name":"geom","properties":{"gid":27952523,"type":"Bâtiment en dur","code_dep":"10","code_insee":"10323"}},{"type":"Feature","id":"batiment.28183310","geometry":{"type":"MultiPolygon","coordinates":[[[[3.79354575,48.51244606],[3.79352648,48.51236253],[3.79345279,48.51236941],[3.79344783,48.51234578],[3.79337521,48.5123522],[3.79337643,48.51237873],[3.79345256,48.51237229],[3.79347071,48.51245367],[3.79354575,48.51244606]]]]},"geometry_name":"geom","properties":{"gid":27989520,"type":"Bâtiment en dur","code_dep":"10","code_insee":"10220"}},{"type":"Feature","id":"batiment.29066323","geometry":{"type":"MultiPolygon","coordinates":[[[[3.79347609,48.51247766],[3.79355111,48.51246951],[3.79354575,48.51244606],[3.79347071,48.51245367],[3.79347609,48.51247766]]]]},"geometry_name":"geom","properties":{"gid":28879203,"type":"Construction légère","code_dep":"10","code_insee":"10220"}},{"type":"Feature","id":"batiment.29356674","geometry":{"type":"MultiPolygon","coordinates":[[[[3.7558206,48.50396731],[3.7558663,48.5039537],[3.75585412,48.50393561],[3.75580843,48.5039493],[3.7558206,48.50396731]]]]},"geometry_name":"geom","properties":{"gid":29172127,"type":"Bâtiment en dur","code_dep":"10","code_insee":"10323"}},{"type":"Feature","id":"batiment.29356857","geometry":{"type":"MultiPolygon","coordinates":[[[[3.75504618,48.505723],[3.75520529,48.50569689],[3.75518543,48.50564358],[3.75502633,48.50566987],[3.75504618,48.505723]]]]},"geometry_name":"geom","properties":{"gid":29172311,"type":"Bâtiment en dur","code_dep":"10","code_insee":"10323"}},{"type":"Feature","id":"batiment.29356867","geometry":{"type":"MultiPolygon","coordinates":[[[[3.75595191,48.50557393],[3.75593219,48.5055208],[3.75577309,48.50554691],[3.75579294,48.50560013],[3.75595191,48.50557393]]]]},"geometry_name":"geom","properties":{"gid":29172321,"type":"Bâtiment en dur","code_dep":"10","code_insee":"10323"}},{"type":"Feature","id":"batiment.29357412","geometry":{"type":"MultiPolygon","coordinates":[[[[3.75633164,48.50572265],[3.75645401,48.50570253],[3.7564276,48.50563613],[3.75640802,48.50563958],[3.75636181,48.50552373],[3.75638139,48.50552028],[3.75635399,48.50545127],[3.75623163,48.50547139],[3.75633164,48.50572265]]]]},"geometry_name":"geom","properties":{"gid":29172866,"type":"Bâtiment en dur","code_dep":"10","code_insee":"10323"}},{"type":"Feature","id":"batiment.29357553","geometry":{"type":"MultiPolygon","coordinates":[[[[3.76316927,48.50462196],[3.76315958,48.50459746],[3.76309976,48.50460801],[3.76310945,48.50463251],[3.76316927,48.50462196]]]]},"geometry_name":"geom","properties":{"gid":29173010,"type":"Construction légère","code_dep":"10","code_insee":"10323"}},{"type":"Feature","id":"batiment.29357623","geometry":{"type":"MultiPolygon","coordinates":[[[[3.76318386,48.50457275],[3.76315184,48.50457781],[3.76315958,48.50459746],[3.76316927,48.50462196],[3.76320129,48.5046169],[3.76318386,48.50457275]]]]},"geometry_name":"geom","properties":{"gid":29173079,"type":"Bâtiment en dur","code_dep":"10","code_insee":"10323"}},{"type":"Feature","id":"batiment.29862340","geometry":{"type":"MultiPolygon","coordinates":[[[[3.75375124,48.50268867],[3.75385754,48.50267145],[3.75384161,48.50262783],[3.75373532,48.50264496],[3.75375124,48.50268867]]]]},"geometry_name":"geom","properties":{"gid":29681935,"type":"Bâtiment en dur","code_dep":"10","code_insee":"10323"}},{"type":"Feature","id":"batiment.30234972","geometry":{"type":"MultiPolygon","coordinates":[[[[3.80879945,48.51114168],[3.80888633,48.51112976],[3.80886865,48.51107212],[3.80878191,48.51108396],[3.80879945,48.51114168]]]]},"geometry_name":"geom","properties":{"gid":30057528,"type":"Bâtiment en dur","code_dep":"10","code_insee":"10220"}},{"type":"Feature","id":"batiment.30451060","geometry":{"type":"MultiPolygon","coordinates":[[[[3.78208018,48.50221419],[3.78217268,48.50221664],[3.78217473,48.50218155],[3.78208237,48.50217909],[3.78208018,48.50221419]]]]},"geometry_name":"geom","properties":{"gid":30275451,"type":"Construction légère","code_dep":"10","code_insee":"10220"}},{"type":"Feature","id":"batiment.30451114","geometry":{"type":"MultiPolygon","coordinates":[[[[3.78215084,48.50228633],[3.78216844,48.50228675],[3.78216953,48.50226875],[3.78215193,48.50226833],[3.78215084,48.50228633]]]]},"geometry_name":"geom","properties":{"gid":30275506,"type":"Construction légère","code_dep":"10","code_insee":"10220"}},{"type":"Feature","id":"batiment.30451122","geometry":{"type":"MultiPolygon","coordinates":[[[[3.78217268,48.50221664],[3.78208018,48.50221419],[3.78206186,48.50251974],[3.78215449,48.50252219],[3.78216844,48.50228675],[3.78215084,48.50228633],[3.78215193,48.50226833],[3.78216953,48.50226875],[3.78217268,48.50221664]]]]},"geometry_name":"geom","properties":{"gid":30275514,"type":"Bâtiment en dur","code_dep":"10","code_insee":"10220"}},{"type":"Feature","id":"batiment.32348604","geometry":{"type":"MultiPolygon","coordinates":[[[[3.75179221,48.49316335],[3.75179183,48.49313645],[3.75170521,48.493137],[3.7517056,48.49316399],[3.75179221,48.49316335]]]]},"geometry_name":"geom","properties":{"gid":32190617,"type":"Bâtiment en dur","code_dep":"10","code_insee":"10323"}},{"type":"Feature","id":"batiment.32348659","geometry":{"type":"MultiPolygon","coordinates":[[[[3.75146895,48.49416219],[3.75155355,48.49416238],[3.75155357,48.49413539],[3.75146897,48.4941352],[3.75146895,48.49416219]]]]},"geometry_name":"geom","properties":{"gid":32190672,"type":"Bâtiment en dur","code_dep":"10","code_insee":"10323"}},{"type":"Feature","id":"batiment.32348675","geometry":{"type":"MultiPolygon","coordinates":[[[[3.75178877,48.49490696],[3.75186252,48.49490595],[3.75186173,48.49487896],[3.75178797,48.49487997],[3.75178877,48.49490696]]]]},"geometry_name":"geom","properties":{"gid":32190688,"type":"Bâtiment en dur","code_dep":"10","code_insee":"10323"}},{"type":"Feature","id":"batiment.32348728","geometry":{"type":"MultiPolygon","coordinates":[[[[3.75210017,48.49564997],[3.75218762,48.49565005],[3.75218763,48.49562306],[3.75210006,48.49562298],[3.75210017,48.49564997]]]]},"geometry_name":"geom","properties":{"gid":32190741,"type":"Bâtiment en dur","code_dep":"10","code_insee":"10323"}},{"type":"Feature","id":"batiment.32348755","geometry":{"type":"MultiPolygon","coordinates":[[[[3.75242695,48.49652019],[3.75251478,48.49651891],[3.75251549,48.49649282],[3.75242766,48.4964941],[3.75242695,48.49652019]]]]},"geometry_name":"geom","properties":{"gid":32190768,"type":"Bâtiment en dur","code_dep":"10","code_insee":"10323"}},{"type":"Feature","id":"batiment.32357382","geometry":{"type":"MultiPolygon","coordinates":[[[[3.75009709,48.53208592],[3.75018292,48.53207278],[3.75017529,48.53205088],[3.75008946,48.53206401],[3.75009709,48.53208592]]]]},"geometry_name":"geom","properties":{"gid":32199466,"type":"Bâtiment en dur","code_dep":"10","code_insee":"10323"}},{"type":"Feature","id":"batiment.32357512","geometry":{"type":"MultiPolygon","coordinates":[[[[3.75022511,48.53199236],[3.75024306,48.53204496],[3.75044769,48.53201398],[3.7504296,48.53196138],[3.75022511,48.53199236]]]]},"geometry_name":"geom","properties":{"gid":32199597,"type":"Bâtiment en dur","code_dep":"10","code_insee":"10323"}},{"type":"Feature","id":"batiment.32357569","geometry":{"type":"MultiPolygon","coordinates":[[[[3.76336949,48.5298663],[3.76345209,48.52984616],[3.76340535,48.52976171],[3.76332288,48.52978185],[3.76336949,48.5298663]]]]},"geometry_name":"geom","properties":{"gid":32199655,"type":"Construction légère","code_dep":"10","code_insee":"10323"}},{"type":"Feature","id":"batiment.32357571","geometry":{"type":"MultiPolygon","coordinates":[[[[3.76340535,48.52976171],[3.76352642,48.52973296],[3.76349496,48.52967451],[3.76337375,48.52970326],[3.76340535,48.52976171]]]]},"geometry_name":"geom","properties":{"gid":32199657,"type":"Bâtiment en dur","code_dep":"10","code_insee":"10323"}},{"type":"Feature","id":"batiment.32357699","geometry":{"type":"MultiPolygon","coordinates":[[[[3.75070223,48.53258309],[3.75075218,48.53258098],[3.75075011,48.5325594],[3.75070016,48.53256151],[3.75070223,48.53258309]]]]},"geometry_name":"geom","properties":{"gid":32199785,"type":"Bâtiment en dur","code_dep":"10","code_insee":"10323"}},{"type":"Feature","id":"batiment.32357717","geometry":{"type":"MultiPolygon","coordinates":[[[[3.75075758,48.53263663],[3.75075218,48.53258098],[3.75070223,48.53258309],[3.75070763,48.53263874],[3.75071575,48.53263842],[3.75075758,48.53263663]]]]},"geometry_name":"geom","properties":{"gid":32199803,"type":"Construction légère","code_dep":"10","code_insee":"10323"}},{"type":"Feature","id":"batiment.32425363","geometry":{"type":"MultiPolygon","coordinates":[[[[3.7523516,48.50992084],[3.75225319,48.50993226],[3.75228817,48.51007688],[3.75238427,48.51005639],[3.7523516,48.50992084]]]]},"geometry_name":"geom","properties":{"gid":32268083,"type":"Bâtiment en dur","code_dep":"10","code_insee":"10323"}},{"type":"Feature","id":"batiment.32430794","geometry":{"type":"MultiPolygon","coordinates":[[[[3.75240659,48.50965798],[3.75241366,48.50968861],[3.75247959,48.50967893],[3.75247293,48.50964829],[3.75240659,48.50965798]]]]},"geometry_name":"geom","properties":{"gid":32273555,"type":"Bâtiment en dur","code_dep":"10","code_insee":"10323"}},{"type":"Feature","id":"batiment.32453414","geometry":{"type":"MultiPolygon","coordinates":[[[[3.75071846,48.5326671],[3.75076043,48.53266531],[3.75075758,48.53263663],[3.75071575,48.53263842],[3.75071846,48.5326671]]]]},"geometry_name":"geom","properties":{"gid":32296337,"type":"Bâtiment en dur","code_dep":"10","code_insee":"10323"}},{"type":"Feature","id":"batiment.32493919","geometry":{"type":"MultiPolygon","coordinates":[[[[3.75049789,48.53256819],[3.75058989,48.53255168],[3.75056855,48.53249919],[3.75047655,48.53251578],[3.75049789,48.53256819]]]]},"geometry_name":"geom","properties":{"gid":32337170,"type":"Construction légère","code_dep":"10","code_insee":"10323"}},{"type":"Feature","id":"batiment.32928532","geometry":{"type":"MultiPolygon","coordinates":[[[[3.76223828,48.50496772],[3.76220722,48.50488957],[3.76220867,48.50488695],[3.76221156,48.50488081],[3.76221377,48.5048745],[3.7622153,48.50486819],[3.7622164,48.50485964],[3.76224994,48.50485736],[3.76224977,48.5048552],[3.76224962,48.50485367],[3.76224946,48.50485205],[3.7622493,48.50485043],[3.76224914,48.50484881],[3.76224898,48.50484729],[3.76224869,48.50484567],[3.76224839,48.50484369],[3.76224809,48.50484198],[3.7622478,48.50484037],[3.7622475,48.50483875],[3.76224708,48.50483722],[3.76224678,48.5048356],[3.76224635,48.50483408],[3.76224606,48.50483246],[3.76224549,48.50483031],[3.76221181,48.50483286],[3.76220402,48.50481807],[3.76219478,48.50480679],[3.76218326,48.50479652],[3.76216973,48.50478743],[3.76215431,48.50477961],[3.76213757,48.50477324],[3.76211963,48.50476859],[3.76210077,48.50476565],[3.76208167,48.50476442],[3.76206245,48.504765],[3.76204353,48.50476728],[3.76202518,48.50477135],[3.76200793,48.50477713],[3.76199206,48.50478443],[3.76197784,48.50479307],[3.76196553,48.50480295],[3.76195553,48.5048139],[3.76194785,48.50482565],[3.76194262,48.5048381],[3.76194009,48.5048508],[3.76194028,48.50486357],[3.76194317,48.50487624],[3.76194876,48.50488862],[3.76195679,48.50490026],[3.7619671,48.50491108],[3.76197969,48.5049208],[3.76199062,48.50492748],[3.76202168,48.50500582],[3.76223828,48.50496772]]]]},"geometry_name":"geom","properties":{"gid":32775484,"type":"Bâtiment en dur","code_dep":"10","code_insee":"10323"}},{"type":"Feature","id":"batiment.32968895","geometry":{"type":"MultiPolygon","coordinates":[[[[3.78208996,48.50205256],[3.78217243,48.50205471],[3.78217391,48.50202681],[3.78209157,48.50202466],[3.78208996,48.50205256]]]]},"geometry_name":"geom","properties":{"gid":32816177,"type":"Bâtiment en dur","code_dep":"10","code_insee":"10220"}},{"type":"Feature","id":"batiment.33083552","geometry":{"type":"MultiPolygon","coordinates":[[[[3.76002314,48.50726499],[3.76011022,48.50725733],[3.76010261,48.50721833],[3.76001526,48.507226],[3.76002314,48.50726499]]]]},"geometry_name":"geom","properties":{"gid":32931662,"type":"Bâtiment en dur","code_dep":"10","code_insee":"10323"}},{"type":"Feature","id":"batiment.33083561","geometry":{"type":"MultiPolygon","coordinates":[[[[3.76002825,48.50729096],[3.76011547,48.50728338],[3.76011022,48.50725733],[3.76002314,48.50726499],[3.76002825,48.50729096]]]]},"geometry_name":"geom","properties":{"gid":32931671,"type":"Construction légère","code_dep":"10","code_insee":"10323"}},{"type":"Feature","id":"batiment.33085625","geometry":{"type":"MultiPolygon","coordinates":[[[[3.76018859,48.50734031],[3.76031647,48.50732672],[3.76030023,48.50726196],[3.76017235,48.50727555],[3.76018859,48.50734031]]]]},"geometry_name":"geom","properties":{"gid":32933750,"type":"Bâtiment en dur","code_dep":"10","code_insee":"10323"}},{"type":"Feature","id":"batiment.33257696","geometry":{"type":"MultiPolygon","coordinates":[[[[3.78521311,48.50228349],[3.7850793,48.50228843],[3.78508511,48.50236018],[3.78510541,48.50235951],[3.78510723,48.50238198],[3.78508694,48.50238266],[3.78509577,48.50249317],[3.78522958,48.50248832],[3.78522324,48.50240839],[3.78517859,48.50240994],[3.78517461,48.50236148],[3.78521926,48.50235983],[3.78521311,48.50228349]]]]},"geometry_name":"geom","properties":{"gid":33107157,"type":"Bâtiment en dur","code_dep":"10","code_insee":"10220"}},{"type":"Feature","id":"batiment.33301961","geometry":{"type":"MultiPolygon","coordinates":[[[[3.78522324,48.50240839],[3.78521926,48.50235983],[3.78517461,48.50236148],[3.78517859,48.50240994],[3.78522324,48.50240839]]]]},"geometry_name":"geom","properties":{"gid":33151850,"type":"Construction légère","code_dep":"10","code_insee":"10220"}},{"type":"Feature","id":"batiment.33302652","geometry":{"type":"MultiPolygon","coordinates":[[[[3.78508694,48.50238266],[3.78510723,48.50238198],[3.78510541,48.50235951],[3.78508511,48.50236018],[3.78508694,48.50238266]]]]},"geometry_name":"geom","properties":{"gid":33152548,"type":"Construction légère","code_dep":"10","code_insee":"10220"}},{"type":"Feature","id":"batiment.34581494","geometry":{"type":"MultiPolygon","coordinates":[[[[3.75408282,48.50603553],[3.75410375,48.50603189],[3.75408408,48.50598227],[3.75409205,48.50598096],[3.75408756,48.50596965],[3.75405082,48.505976],[3.75405532,48.50598731],[3.75406315,48.505986],[3.75408282,48.50603553]]]]},"geometry_name":"geom","properties":{"gid":34444167,"type":"Construction légère","code_dep":"10","code_insee":"10323"}},{"type":"Feature","id":"batiment.34581498","geometry":{"type":"MultiPolygon","coordinates":[[[[3.75377006,48.50609032],[3.75379099,48.50608659],[3.75377132,48.50603715],[3.75377929,48.50603575],[3.7537748,48.50602444],[3.75373806,48.50603088],[3.75374256,48.50604219],[3.75375039,48.50604079],[3.75377006,48.50609032]]]]},"geometry_name":"geom","properties":{"gid":34444171,"type":"Construction légère","code_dep":"10","code_insee":"10323"}},{"type":"Feature","id":"batiment.34582155","geometry":{"type":"MultiPolygon","coordinates":[[[[3.75436223,48.50598671],[3.75438329,48.50598298],[3.75436363,48.50593344],[3.75437146,48.50593204],[3.75436696,48.50592074],[3.75433037,48.50592717],[3.75433486,48.50593848],[3.75434269,48.50593708],[3.75436223,48.50598671]]]]},"geometry_name":"geom","properties":{"gid":34444829,"type":"Construction légère","code_dep":"10","code_insee":"10323"}},{"type":"Feature","id":"batiment.34590254","geometry":{"type":"MultiPolygon","coordinates":[[[[3.75346513,48.50614381],[3.75348606,48.50614008],[3.75346639,48.50609054],[3.75347436,48.50608914],[3.75346986,48.50607783],[3.75343313,48.50608427],[3.75343763,48.50609558],[3.75344546,48.50609418],[3.75346513,48.50614381]]]]},"geometry_name":"geom","properties":{"gid":34452989,"type":"Construction légère","code_dep":"10","code_insee":"10323"}},{"type":"Feature","id":"batiment.34590887","geometry":{"type":"MultiPolygon","coordinates":[[[[3.75428255,48.50600062],[3.75436223,48.50598671],[3.75434269,48.50593708],[3.75433486,48.50593848],[3.75433037,48.50592717],[3.75436696,48.50592074],[3.75437146,48.50593204],[3.75436363,48.50593344],[3.75438329,48.50598298],[3.7544631,48.50596906],[3.75441408,48.5058455],[3.75423339,48.50587714],[3.75428255,48.50600062]]]]},"geometry_name":"geom","properties":{"gid":34453627,"type":"Bâtiment en dur","code_dep":"10","code_insee":"10323"}},{"type":"Feature","id":"batiment.34716310","geometry":{"type":"MultiPolygon","coordinates":[[[[3.82980752,48.49981255],[3.82981345,48.49990473],[3.829952,48.49990079],[3.82994622,48.4998088],[3.82980752,48.49981255]]]]},"geometry_name":"geom","properties":{"gid":34580105,"type":"Bâtiment en dur","code_dep":"10","code_insee":"10089"}},{"type":"Feature","id":"batiment.34716528","geometry":{"type":"MultiPolygon","coordinates":[[[[3.80422068,48.51216496],[3.80429322,48.51215421],[3.80428311,48.51212208],[3.80424393,48.51212747],[3.80421231,48.51213164],[3.80422068,48.51216496]]]]},"geometry_name":"geom","properties":{"gid":34580335,"type":"Construction légère","code_dep":"10","code_insee":"10220"}},{"type":"Feature","id":"batiment.34716659","geometry":{"type":"MultiPolygon","coordinates":[[[[3.77946602,48.50453263],[3.77954864,48.50452651],[3.77954164,48.50446512],[3.77945955,48.50447123],[3.77946602,48.50453263]]]]},"geometry_name":"geom","properties":{"gid":34580465,"type":"Construction légère","code_dep":"10","code_insee":"10220"}},{"type":"Feature","id":"batiment.34716705","geometry":{"type":"MultiPolygon","coordinates":[[[[3.77947055,48.504564],[3.77955191,48.50455483],[3.77954864,48.50452651],[3.77946602,48.50453263],[3.77947055,48.504564]]]]},"geometry_name":"geom","properties":{"gid":34580513,"type":"Bâtiment en dur","code_dep":"10","code_insee":"10220"}},{"type":"Feature","id":"batiment.34716890","geometry":{"type":"MultiPolygon","coordinates":[[[[3.79085532,48.51084692],[3.79065338,48.51086068],[3.790669,48.51095395],[3.7906872,48.51105648],[3.79068867,48.51107302],[3.79069235,48.51109261],[3.79066677,48.51109323],[3.79067467,48.51114104],[3.79067971,48.51114316],[3.79072481,48.51116212],[3.79072911,48.51119591],[3.79073327,48.51121109],[3.79077699,48.5112108],[3.79076746,48.51116183],[3.79082359,48.51115831],[3.79079584,48.51105099],[3.79079024,48.51102952],[3.7907867,48.51101003],[3.79082913,48.51100489],[3.7908255,48.51097927],[3.79078233,48.51098082],[3.79077517,48.51094596],[3.79076707,48.51089401],[3.79086162,48.51088763],[3.79085532,48.51084692]]]]},"geometry_name":"geom","properties":{"gid":34580699,"type":"Bâtiment en dur","code_dep":"10","code_insee":"10220"}},{"type":"Feature","id":"batiment.34721609","geometry":{"type":"MultiPolygon","coordinates":[[[[3.78347031,48.50132357],[3.78347312,48.50135765],[3.78349883,48.50135676],[3.78349602,48.50132268],[3.78347031,48.50132357]]]]},"geometry_name":"geom","properties":{"gid":34585447,"type":"Bâtiment en dur","code_dep":"10","code_insee":"10220"}},{"type":"Feature","id":"batiment.34767415","geometry":{"type":"MultiPolygon","coordinates":[[[[3.78648125,48.50415831],[3.78648733,48.50422116],[3.78650289,48.50422042],[3.78650528,48.5042447],[3.78648973,48.50424534],[3.78649389,48.5042884],[3.78668573,48.50427976],[3.78667755,48.50419453],[3.78658758,48.50419836],[3.78658326,48.50415395],[3.78648125,48.50415831]]]]},"geometry_name":"geom","properties":{"gid":34631639,"type":"Bâtiment en dur","code_dep":"10","code_insee":"10220"}},{"type":"Feature","id":"batiment.34767627","geometry":{"type":"MultiPolygon","coordinates":[[[[3.78997248,48.50596105],[3.79006421,48.50599282],[3.79008964,48.50593742],[3.79013473,48.50583879],[3.79003983,48.50582107],[3.78999375,48.50591682],[3.78997248,48.50596105]]]]},"geometry_name":"geom","properties":{"gid":34631854,"type":"Bâtiment en dur","code_dep":"10","code_insee":"10220"}},{"type":"Feature","id":"batiment.34767628","geometry":{"type":"MultiPolygon","coordinates":[[[[3.79421872,48.50946928],[3.7942554,48.50949576],[3.79427029,48.50948666],[3.7942336,48.5094601],[3.79421872,48.50946928]]]]},"geometry_name":"geom","properties":{"gid":34631855,"type":"Construction légère","code_dep":"10","code_insee":"10220"}},{"type":"Feature","id":"batiment.34767661","geometry":{"type":"MultiPolygon","coordinates":[[[[3.79152885,48.5081771],[3.7915979,48.50817709],[3.79159847,48.50813408],[3.79152929,48.50813427],[3.79152885,48.5081771]]]]},"geometry_name":"geom","properties":{"gid":34631888,"type":"Construction légère","code_dep":"10","code_insee":"10220"}},{"type":"Feature","id":"batiment.34767662","geometry":{"type":"MultiPolygon","coordinates":[[[[3.78916518,48.50916505],[3.78917223,48.50909402],[3.78910476,48.50909105],[3.78909771,48.50916199],[3.78916518,48.50916505]]]]},"geometry_name":"geom","properties":{"gid":34631889,"type":"Construction légère","code_dep":"10","code_insee":"10220"}},{"type":"Feature","id":"batiment.34767741","geometry":{"type":"MultiPolygon","coordinates":[[[[3.78916518,48.50916505],[3.78935391,48.50917351],[3.78934646,48.50910168],[3.78917223,48.50909402],[3.78916518,48.50916505]]]]},"geometry_name":"geom","properties":{"gid":34631968,"type":"Bâtiment en dur","code_dep":"10","code_insee":"10220"}},{"type":"Feature","id":"batiment.34767742","geometry":{"type":"MultiPolygon","coordinates":[[[[3.79170041,48.5081334],[3.79159833,48.5081339],[3.79159655,48.5081771],[3.79152615,48.50817712],[3.79152626,48.50824756],[3.79170006,48.50824505],[3.79170041,48.5081334]]]]},"geometry_name":"geom","properties":{"gid":34631969,"type":"Bâtiment en dur","code_dep":"10","code_insee":"10220"}},{"type":"Feature","id":"batiment.34767744","geometry":{"type":"MultiPolygon","coordinates":[[[[3.78911374,48.50494351],[3.78910535,48.50489885],[3.78905153,48.5049029],[3.78905991,48.50494756],[3.78911374,48.50494351]]]]},"geometry_name":"geom","properties":{"gid":34631971,"type":"Bâtiment en dur","code_dep":"10","code_insee":"10220"}},{"type":"Feature","id":"batiment.34767881","geometry":{"type":"MultiPolygon","coordinates":[[[[3.78958516,48.51157588],[3.7895873,48.51140295],[3.78947689,48.51139919],[3.78947467,48.51145858],[3.78947258,48.51149062],[3.78940162,48.51148947],[3.7893915,48.51154576],[3.7893876,48.51157467],[3.78945801,48.5115751],[3.78958516,48.51157588]]]]},"geometry_name":"geom","properties":{"gid":34632116,"type":"Bâtiment en dur","code_dep":"10","code_insee":"10220"}},{"type":"Feature","id":"batiment.34767885","geometry":{"type":"MultiPolygon","coordinates":[[[[3.78931036,48.51145364],[3.78947467,48.51145858],[3.78947689,48.51139919],[3.78931623,48.51139396],[3.78931036,48.51145364]]]]},"geometry_name":"geom","properties":{"gid":34632120,"type":"Bâtiment en dur","code_dep":"10","code_insee":"10220"}},{"type":"Feature","id":"batiment.34767886","geometry":{"type":"MultiPolygon","coordinates":[[[[3.7892278,48.51168108],[3.78937326,48.51168344],[3.78938333,48.511606],[3.7893876,48.51157467],[3.7893915,48.51154576],[3.78925914,48.51154107],[3.7892278,48.51168108]]]]},"geometry_name":"geom","properties":{"gid":34632121,"type":"Bâtiment en dur","code_dep":"10","code_insee":"10220"}},{"type":"Feature","id":"batiment.34767888","geometry":{"type":"MultiPolygon","coordinates":[[[[3.78921959,48.511711],[3.7892278,48.51168108],[3.78925914,48.51154107],[3.78927148,48.511488],[3.78910067,48.51149246],[3.78909601,48.51151552],[3.78919223,48.51152172],[3.78915151,48.51170407],[3.78921959,48.511711]]]]},"geometry_name":"geom","properties":{"gid":34632123,"type":"Bâtiment en dur","code_dep":"10","code_insee":"10220"}},{"type":"Feature","id":"batiment.34768005","geometry":{"type":"MultiPolygon","coordinates":[[[[3.78938333,48.511606],[3.78937395,48.51167561],[3.78937326,48.51168344],[3.7893661,48.51176553],[3.78940673,48.51176598],[3.78940705,48.51175159],[3.78945309,48.511752],[3.78946729,48.51160662],[3.78945375,48.51160653],[3.78938333,48.511606]]]]},"geometry_name":"geom","properties":{"gid":34632241,"type":"Bâtiment en dur","code_dep":"10","code_insee":"10220"}},{"type":"Feature","id":"batiment.34768009","geometry":{"type":"MultiPolygon","coordinates":[[[[3.78938333,48.511606],[3.78945375,48.51160653],[3.78945801,48.5115751],[3.7893876,48.51157467],[3.78938333,48.511606]]]]},"geometry_name":"geom","properties":{"gid":34632245,"type":"Construction légère","code_dep":"10","code_insee":"10220"}},{"type":"Feature","id":"batiment.35126687","geometry":{"type":"MultiPolygon","coordinates":[[[[3.7617428,48.50110825],[3.76130072,48.5013914],[3.76148597,48.50151698],[3.76165418,48.50163384],[3.76182429,48.50175141],[3.76207097,48.50159527],[3.76189952,48.50147834],[3.76173239,48.50136129],[3.76192757,48.50123841],[3.7617532,48.50111619],[3.7617428,48.50110825]]]]},"geometry_name":"geom","properties":{"gid":34994101,"type":"Bâtiment en dur","code_dep":"10","code_insee":"10220"}},{"type":"Feature","id":"batiment.35686949","geometry":{"type":"MultiPolygon","coordinates":[[[[3.75299704,48.50613958],[3.75299332,48.50612539],[3.75291736,48.50613432],[3.75291593,48.50612894],[3.75289863,48.50613102],[3.75290508,48.50615581],[3.75292251,48.50615381],[3.75292108,48.50614843],[3.75299704,48.50613958]]]]},"geometry_name":"geom","properties":{"gid":35559389,"type":"Construction légère","code_dep":"10","code_insee":"10323"}},{"type":"Feature","id":"batiment.35687175","geometry":{"type":"MultiPolygon","coordinates":[[[[3.75305301,48.50635073],[3.75304915,48.50633654],[3.75297319,48.50634547],[3.75297176,48.50634017],[3.75295446,48.50634217],[3.75296104,48.50636696],[3.75297834,48.50636496],[3.75297691,48.50635966],[3.75305301,48.50635073]]]]},"geometry_name":"geom","properties":{"gid":35559616,"type":"Construction légère","code_dep":"10","code_insee":"10323"}},{"type":"Feature","id":"batiment.35687256","geometry":{"type":"MultiPolygon","coordinates":[[[[3.75297671,48.50606252],[3.75278736,48.50608459],[3.75282443,48.50622461],[3.75301365,48.50620236],[3.75299704,48.50613958],[3.75292108,48.50614843],[3.75292251,48.50615381],[3.75290508,48.50615581],[3.75289863,48.50613102],[3.75291593,48.50612894],[3.75291736,48.50613432],[3.75299332,48.50612539],[3.75297671,48.50606252]]]]},"geometry_name":"geom","properties":{"gid":35559697,"type":"Bâtiment en dur","code_dep":"10","code_insee":"10323"}},{"type":"Feature","id":"batiment.35687486","geometry":{"type":"MultiPolygon","coordinates":[[[[3.75303254,48.50627367],[3.75284332,48.50629583],[3.7528804,48.50643584],[3.75306962,48.50641368],[3.75305301,48.50635073],[3.75297691,48.50635966],[3.75297834,48.50636496],[3.75296104,48.50636696],[3.75295446,48.50634217],[3.75297176,48.50634017],[3.75297319,48.50634547],[3.75304915,48.50633654],[3.75303254,48.50627367]]]]},"geometry_name":"geom","properties":{"gid":35559928,"type":"Bâtiment en dur","code_dep":"10","code_insee":"10323"}},{"type":"Feature","id":"batiment.35687616","geometry":{"type":"MultiPolygon","coordinates":[[[[3.75367715,48.50610666],[3.75377006,48.50609032],[3.75375039,48.50604079],[3.75374256,48.50604219],[3.75373806,48.50603088],[3.7537748,48.50602444],[3.75377929,48.50603575],[3.75377132,48.50603715],[3.75379099,48.50608659],[3.75388403,48.50607035],[3.75383501,48.50594696],[3.75362826,48.50598309],[3.75367715,48.50610666]]]]},"geometry_name":"geom","properties":{"gid":35560057,"type":"Bâtiment en dur","code_dep":"10","code_insee":"10323"}},{"type":"Feature","id":"batiment.35687664","geometry":{"type":"MultiPolygon","coordinates":[[[[3.75337222,48.50616005],[3.75346513,48.50614381],[3.75344546,48.50609418],[3.75343763,48.50609558],[3.75343313,48.50608427],[3.75346986,48.50607783],[3.75347436,48.50608914],[3.75346639,48.50609054],[3.75348606,48.50614008],[3.75357897,48.50612383],[3.75353008,48.50600026],[3.75332333,48.50603648],[3.75337222,48.50616005]]]]},"geometry_name":"geom","properties":{"gid":35560107,"type":"Bâtiment en dur","code_dep":"10","code_insee":"10323"}},{"type":"Feature","id":"batiment.35687666","geometry":{"type":"MultiPolygon","coordinates":[[[[3.75400301,48.50604953],[3.75408282,48.50603553],[3.75406315,48.505986],[3.75405532,48.50598731],[3.75405082,48.505976],[3.75408756,48.50596965],[3.75409205,48.50598096],[3.75408408,48.50598227],[3.75410375,48.50603189],[3.7541837,48.50601789],[3.75413481,48.50589441],[3.75395412,48.50592605],[3.75400301,48.50604953]]]]},"geometry_name":"geom","properties":{"gid":35560109,"type":"Bâtiment en dur","code_dep":"10","code_insee":"10323"}},{"type":"Feature","id":"batiment.35720384","geometry":{"type":"MultiPolygon","coordinates":[[[[3.80874453,48.51143462],[3.80884101,48.51142182],[3.80882674,48.51137459],[3.8088493,48.51137165],[3.80885588,48.51139392],[3.80890736,48.51138718],[3.8088741,48.51127612],[3.80882262,48.51128304],[3.80882704,48.51129749],[3.80875448,48.51130725],[3.80875748,48.51131731],[3.80871113,48.51132347],[3.80874453,48.51143462]]]]},"geometry_name":"geom","properties":{"gid":35593125,"type":"Bâtiment en dur","code_dep":"10","code_insee":"10220"}},{"type":"Feature","id":"batiment.36296542","geometry":{"type":"MultiPolygon","coordinates":[[[[3.78271644,48.50190539],[3.7827232,48.50190516],[3.78272742,48.50197],[3.78272065,48.50197013],[3.78272327,48.5020097],[3.78274695,48.50200901],[3.78274902,48.50203823],[3.78281937,48.50203588],[3.78285388,48.50203484],[3.78284907,48.50196641],[3.78282011,48.50196723],[3.78281576,48.50190258],[3.78284485,48.50190166],[3.78283581,48.50176732],[3.78280685,48.50176823],[3.78280237,48.50170348],[3.7828316,48.50170266],[3.78282255,48.50156832],[3.78279346,48.50156914],[3.78278924,48.50150439],[3.78281834,48.50150357],[3.78281394,48.50143532],[3.78270893,48.50143835],[3.78271098,48.50146712],[3.78268717,48.50146782],[3.78268979,48.50150739],[3.78269656,48.50150725],[3.7827009,48.50157182],[3.78269414,48.50157204],[3.78269662,48.50161161],[3.78272017,48.50161073],[3.78272464,48.50166585],[3.78270097,48.50166682],[3.78270345,48.50170638],[3.78271022,48.50170616],[3.78271389,48.50176146],[3.78270712,48.50176169],[3.78270961,48.50180126],[3.78273329,48.50180047],[3.78273764,48.50186522],[3.78271382,48.50186591],[3.78271644,48.50190539]]]]},"geometry_name":"geom","properties":{"gid":36174859,"type":"Bâtiment en dur","code_dep":"10","code_insee":"10220"}},{"type":"Feature","id":"batiment.37376180","geometry":{"type":"MultiPolygon","coordinates":[[[[3.79715931,48.51528692],[3.79717214,48.51530276],[3.79723302,48.51528094],[3.79722005,48.5152652],[3.79715931,48.51528692]]]]},"geometry_name":"geom","properties":{"gid":37265061,"type":"Construction légère","code_dep":"10","code_insee":"10220"}},{"type":"Feature","id":"batiment.37376710","geometry":{"type":"MultiPolygon","coordinates":[[[[3.8002277,48.51344249],[3.8002397,48.51348352],[3.80025294,48.5134819],[3.80024094,48.51344078],[3.8002277,48.51344249]]]]},"geometry_name":"geom","properties":{"gid":37265595,"type":"Construction légère","code_dep":"10","code_insee":"10220"}},{"type":"Feature","id":"batiment.37376849","geometry":{"type":"MultiPolygon","coordinates":[[[[3.80008515,48.51342699],[3.80010387,48.513491],[3.80012144,48.51355107],[3.80026766,48.51353218],[3.80025294,48.5134819],[3.8002397,48.51348352],[3.8002277,48.51344249],[3.80024094,48.51344078],[3.80023124,48.5134081],[3.80008515,48.51342699]]]]},"geometry_name":"geom","properties":{"gid":37265734,"type":"Bâtiment en dur","code_dep":"10","code_insee":"10220"}},{"type":"Feature","id":"batiment.37376917","geometry":{"type":"MultiPolygon","coordinates":[[[[3.79701035,48.51541999],[3.79705612,48.51540223],[3.79705183,48.51539587],[3.7970902,48.51538158],[3.79705973,48.51534553],[3.79710699,48.51532794],[3.79707389,48.51528867],[3.79702677,48.51530626],[3.79699905,48.51527325],[3.79691181,48.51530667],[3.79701035,48.51541999]]]]},"geometry_name":"geom","properties":{"gid":37265803,"type":"Bâtiment en dur","code_dep":"10","code_insee":"10220"}},{"type":"Feature","id":"batiment.37377026","geometry":{"type":"MultiPolygon","coordinates":[[[[3.78817506,48.51107587],[3.78816801,48.51100313],[3.7881664,48.51098623],[3.78812305,48.51098517],[3.7881233,48.51100181],[3.78812296,48.51105129],[3.78812292,48.51107513],[3.78817506,48.51107587]]]]},"geometry_name":"geom","properties":{"gid":37265912,"type":"Construction légère","code_dep":"10","code_insee":"10220"}},{"type":"Feature","id":"batiment.37377027","geometry":{"type":"MultiPolygon","coordinates":[[[[3.78812296,48.51105129],[3.7881233,48.51100181],[3.78803281,48.51099836],[3.78803087,48.51104965],[3.78812296,48.51105129]]]]},"geometry_name":"geom","properties":{"gid":37265913,"type":"Bâtiment en dur","code_dep":"10","code_insee":"10220"}},{"type":"Feature","id":"batiment.37377028","geometry":{"type":"MultiPolygon","coordinates":[[[[3.78598162,48.50314098],[3.78598513,48.50322193],[3.78618408,48.50321809],[3.78618057,48.50313715],[3.78598162,48.50314098]]]]},"geometry_name":"geom","properties":{"gid":37265914,"type":"Bâtiment en dur","code_dep":"10","code_insee":"10220"}},{"type":"Feature","id":"batiment.37377054","geometry":{"type":"MultiPolygon","coordinates":[[[[3.78677091,48.51088123],[3.7868183,48.51088127],[3.78681837,48.51086778],[3.78677165,48.51086782],[3.78677091,48.51088123]]]]},"geometry_name":"geom","properties":{"gid":37265940,"type":"Bâtiment en dur","code_dep":"10","code_insee":"10220"}},{"type":"Feature","id":"batiment.37377055","geometry":{"type":"MultiPolygon","coordinates":[[[[3.78734663,48.5111616],[3.78749158,48.51115768],[3.78748992,48.51111909],[3.78752091,48.51111853],[3.78751784,48.51104928],[3.78747994,48.51104998],[3.7874776,48.51099332],[3.78736188,48.51099615],[3.78736244,48.51107891],[3.7873408,48.51108014],[3.78734663,48.5111616]]]]},"geometry_name":"geom","properties":{"gid":37265941,"type":"Bâtiment en dur","code_dep":"10","code_insee":"10220"}},{"type":"Feature","id":"batiment.37377056","geometry":{"type":"MultiPolygon","coordinates":[[[[3.78426646,48.5057994],[3.78426078,48.50572746],[3.78419989,48.50572966],[3.7842057,48.50580151],[3.78426646,48.5057994]]]]},"geometry_name":"geom","properties":{"gid":37265942,"type":"Bâtiment en dur","code_dep":"10","code_insee":"10220"}},{"type":"Feature","id":"batiment.37377085","geometry":{"type":"MultiPolygon","coordinates":[[[[3.78419108,48.50562905],[3.78419495,48.50566177],[3.78419547,48.50566942],[3.78423863,48.50566733],[3.78423423,48.50562697],[3.78419108,48.50562905]]]]},"geometry_name":"geom","properties":{"gid":37265971,"type":"Bâtiment en dur","code_dep":"10","code_insee":"10220"}},{"type":"Feature","id":"batiment.37377086","geometry":{"type":"MultiPolygon","coordinates":[[[[3.79224209,48.50058267],[3.79228782,48.50058084],[3.79228652,48.50056645],[3.79224079,48.50056829],[3.79224209,48.50058267]]]]},"geometry_name":"geom","properties":{"gid":37265972,"type":"Bâtiment en dur","code_dep":"10","code_insee":"10220"}},{"type":"Feature","id":"batiment.37377087","geometry":{"type":"MultiPolygon","coordinates":[[[[3.79087613,48.51081754],[3.79087952,48.51085341],[3.79093351,48.51085134],[3.79093026,48.51081538],[3.79087613,48.51081754]]]]},"geometry_name":"geom","properties":{"gid":37265973,"type":"Bâtiment en dur","code_dep":"10","code_insee":"10220"}},{"type":"Feature","id":"batiment.37377116","geometry":{"type":"MultiPolygon","coordinates":[[[[3.78263673,48.50240611],[3.78269627,48.50240491],[3.78269571,48.50239412],[3.78274578,48.50239307],[3.78274635,48.50240386],[3.78279913,48.5024027],[3.78278811,48.50216365],[3.78267186,48.50216586],[3.78267743,48.50227602],[3.78271667,48.50227514],[3.78271822,48.50230616],[3.78267898,48.50230705],[3.78263296,48.50230807],[3.78263673,48.50240611]]]]},"geometry_name":"geom","properties":{"gid":37266001,"type":"Bâtiment en dur","code_dep":"10","code_insee":"10220"}},{"type":"Feature","id":"batiment.37960946","geometry":{"type":"MultiPolygon","coordinates":[[[[3.80972084,48.51195803],[3.80968098,48.51196289],[3.80968829,48.51198947],[3.80972829,48.51198461],[3.80972084,48.51195803]]]]},"geometry_name":"geom","properties":{"gid":37854467,"type":"Bâtiment en dur","code_dep":"10","code_insee":"10220"}},{"type":"Feature","id":"batiment.37960976","geometry":{"type":"MultiPolygon","coordinates":[[[[3.78444931,48.5057595],[3.78444251,48.50571232],[3.78443912,48.5056939],[3.78442347,48.50557057],[3.78432124,48.50557853],[3.78432907,48.50562274],[3.78433935,48.50562196],[3.78436398,48.50576628],[3.78444931,48.5057595]]]]},"geometry_name":"geom","properties":{"gid":37854497,"type":"Bâtiment en dur","code_dep":"10","code_insee":"10220"}},{"type":"Feature","id":"batiment.38278494","geometry":{"type":"MultiPolygon","coordinates":[[[[3.78433588,48.50297184],[3.78436512,48.50294448],[3.78438053,48.50295157],[3.78444277,48.50289557],[3.78441658,48.50288215],[3.78444758,48.50285505],[3.78447567,48.50286836],[3.78449968,48.50288062],[3.78452642,48.5028584],[3.78460901,48.50285003],[3.78459297,48.50278185],[3.78446199,48.5027954],[3.78443749,48.50281355],[3.78442711,48.50280751],[3.784412,48.50282002],[3.78439073,48.50281008],[3.78439577,48.50280339],[3.78439698,48.50279331],[3.78435498,48.50277299],[3.7843204,48.50280515],[3.78428781,48.50278962],[3.78423411,48.50279286],[3.78424495,48.50284793],[3.78417026,48.50291392],[3.78422237,48.50294029],[3.78424081,48.50292416],[3.78433588,48.50297184]]]]},"geometry_name":"geom","properties":{"gid":38174780,"type":"Bâtiment en dur","code_dep":"10","code_insee":"10220"}},{"type":"Feature","id":"batiment.38303492","geometry":{"type":"MultiPolygon","coordinates":[[[[3.75110927,48.50406079],[3.75107501,48.50396582],[3.75101599,48.50397537],[3.75081784,48.50342992],[3.75092279,48.50341306],[3.75085416,48.50322413],[3.75074894,48.50324116],[3.75074274,48.50322411],[3.75036807,48.50328441],[3.75042938,48.50345343],[3.75036495,48.50346391],[3.75038439,48.50351713],[3.75031713,48.50352799],[3.75037631,48.50369045],[3.7504841,48.50367304],[3.75061896,48.50404382],[3.75063908,48.50404055],[3.75064105,48.50404575],[3.75066739,48.50404145],[3.75069907,48.50412653],[3.75110927,48.50406079]]]]},"geometry_name":"geom","properties":{"gid":38200016,"type":"Bâtiment en dur","code_dep":"10","code_insee":"10323"}},{"type":"Feature","id":"batiment.38303571","geometry":{"type":"MultiPolygon","coordinates":[[[[3.7509031,48.50366463],[3.75095375,48.50365649],[3.75086836,48.50342177],[3.75081784,48.50342992],[3.7509031,48.50366463]]]]},"geometry_name":"geom","properties":{"gid":38200095,"type":"Construction légère","code_dep":"10","code_insee":"10323"}},{"type":"Feature","id":"batiment.38364599","geometry":{"type":"MultiPolygon","coordinates":[[[[3.75658032,48.50426628],[3.75624415,48.50432105],[3.75629572,48.50446079],[3.75626533,48.50446575],[3.75629181,48.50453737],[3.75639959,48.50451978],[3.75640706,48.50453988],[3.75647864,48.50452818],[3.75647117,48.50450807],[3.75652411,48.50449892],[3.7566578,48.50447585],[3.75658032,48.50426628]]]]},"geometry_name":"geom","properties":{"gid":38261701,"type":"Bâtiment en dur","code_dep":"10","code_insee":"10323"}},{"type":"Feature","id":"batiment.38364883","geometry":{"type":"MultiPolygon","coordinates":[[[[3.75647864,48.50452818],[3.75653158,48.50451903],[3.75652411,48.50449892],[3.75647117,48.50450807],[3.75647864,48.50452818]]]]},"geometry_name":"geom","properties":{"gid":38261986,"type":"Construction légère","code_dep":"10","code_insee":"10323"}},{"type":"Feature","id":"batiment.38496945","geometry":{"type":"MultiPolygon","coordinates":[[[[3.78559811,48.50369365],[3.78579996,48.50368484],[3.78578576,48.50354118],[3.78569187,48.50354531],[3.78569809,48.50360815],[3.78559,48.50361291],[3.78559811,48.50369365]]]]},"geometry_name":"geom","properties":{"gid":38395383,"type":"Bâtiment en dur","code_dep":"10","code_insee":"10220"}},{"type":"Feature","id":"batiment.38507338","geometry":{"type":"MultiPolygon","coordinates":[[[[3.75658824,48.50473997],[3.75650953,48.50474623],[3.75643068,48.50475141],[3.75634167,48.50475594],[3.7562525,48.5047592],[3.75617021,48.50476081],[3.75609386,48.50476129],[3.75602454,48.50476083],[3.7559353,48.50475897],[3.75586595,48.50475654],[3.75579672,48.50475329],[3.75570783,48.50474792],[3.7556534,48.5050105],[3.75575096,48.50501645],[3.75587586,48.50502186],[3.75597906,48.50502463],[3.75606071,48.50502555],[3.75613693,48.50502551],[3.75613887,48.50495353],[3.75624377,48.50495232],[3.7563431,48.50494944],[3.75644227,48.50494485],[3.75652478,48.50493974],[3.75662904,48.50493178],[3.75658824,48.50473997]]]]},"geometry_name":"geom","properties":{"gid":38405905,"type":"Bâtiment en dur","code_dep":"10","code_insee":"10323"}},{"type":"Feature","id":"batiment.38697789","geometry":{"type":"MultiPolygon","coordinates":[[[[3.78762748,48.50993778],[3.78763877,48.51004944],[3.78763187,48.51005002],[3.78764231,48.51012255],[3.78764321,48.51012884],[3.78773058,48.51012251],[3.78772462,48.51004977],[3.787728,48.51004966],[3.78771919,48.50993195],[3.78762748,48.50993778]]]]},"geometry_name":"geom","properties":{"gid":38598361,"type":"Bâtiment en dur","code_dep":"10","code_insee":"10220"}},{"type":"Feature","id":"batiment.38701189","geometry":{"type":"MultiPolygon","coordinates":[[[[3.76014196,48.5009168],[3.76069828,48.50049239],[3.76044313,48.50034469],[3.75988682,48.50076909],[3.76014196,48.5009168]]]]},"geometry_name":"geom","properties":{"gid":38601789,"type":"Bâtiment en dur","code_dep":"10","code_insee":"10220"}},{"type":"Feature","id":"batiment.38972792","geometry":{"type":"MultiPolygon","coordinates":[[[[3.75768288,48.50396804],[3.75768236,48.50393206],[3.75764864,48.50393156],[3.75764916,48.50396754],[3.75768288,48.50396804]]]]},"geometry_name":"geom","properties":{"gid":38876219,"type":"Bâtiment en dur","code_dep":"10","code_insee":"10323"}},{"type":"Feature","id":"batiment.39070973","geometry":{"type":"MultiPolygon","coordinates":[[[[3.76095144,48.50117548],[3.76120441,48.50132194],[3.76160139,48.5010191],[3.76134829,48.50087264],[3.76095144,48.50117548]]]]},"geometry_name":"geom","properties":{"gid":38975465,"type":"Bâtiment en dur","code_dep":"10","code_insee":"10220"}},{"type":"Feature","id":"batiment.39130004","geometry":{"type":"MultiPolygon","coordinates":[[[[3.75120969,48.50346298],[3.75119532,48.50342376],[3.75116372,48.50342881],[3.75117809,48.50346813],[3.75120969,48.50346298]]]]},"geometry_name":"geom","properties":{"gid":39035084,"type":"Bâtiment en dur","code_dep":"10","code_insee":"10323"}},{"type":"Feature","id":"batiment.39130589","geometry":{"type":"MultiPolygon","coordinates":[[[[3.75140298,48.50411309],[3.75141468,48.50414549],[3.75144358,48.5041409],[3.75143188,48.5041085],[3.75140298,48.50411309]]]]},"geometry_name":"geom","properties":{"gid":39035673,"type":"Bâtiment en dur","code_dep":"10","code_insee":"10323"}},{"type":"Feature","id":"batiment.39140346","geometry":{"type":"MultiPolygon","coordinates":[[[[3.7521428,48.50864469],[3.75216599,48.50871319],[3.75214613,48.5087161],[3.75215433,48.50874061],[3.75217419,48.50873769],[3.75219738,48.5088061],[3.7523114,48.50878909],[3.75226984,48.50866629],[3.75231618,48.50865943],[3.75228849,48.50857936],[3.75218383,48.50859801],[3.75219684,48.50863661],[3.7521428,48.50864469]]]]},"geometry_name":"geom","properties":{"gid":39045488,"type":"Bâtiment en dur","code_dep":"10","code_insee":"10323"}},{"type":"Feature","id":"batiment.39140676","geometry":{"type":"MultiPolygon","coordinates":[[[[3.7521428,48.50864469],[3.75212294,48.5086477],[3.75214613,48.5087161],[3.75216599,48.50871319],[3.7521428,48.50864469]]]]},"geometry_name":"geom","properties":{"gid":39045817,"type":"Construction légère","code_dep":"10","code_insee":"10323"}},{"type":"Feature","id":"batiment.39143939","geometry":{"type":"MultiPolygon","coordinates":[[[[3.75107501,48.50396582],[3.75110927,48.50406079],[3.75113547,48.50405657],[3.75110135,48.50396161],[3.75107501,48.50396582]]]]},"geometry_name":"geom","properties":{"gid":39049121,"type":"Construction légère","code_dep":"10","code_insee":"10323"}},{"type":"Feature","id":"batiment.39253830","geometry":{"type":"MultiPolygon","coordinates":[[[[3.79014992,48.50727891],[3.79019644,48.50731161],[3.79025747,48.50727324],[3.79021094,48.50724054],[3.79014992,48.50727891]]]]},"geometry_name":"geom","properties":{"gid":39160171,"type":"Construction légère","code_dep":"10","code_insee":"10220"}},{"type":"Feature","id":"batiment.39266515","geometry":{"type":"MultiPolygon","coordinates":[[[[3.75212069,48.5023137],[3.75227609,48.50273833],[3.75310767,48.50260369],[3.75295225,48.50217897],[3.75212069,48.5023137]]]]},"geometry_name":"geom","properties":{"gid":39172938,"type":"Bâtiment en dur","code_dep":"10","code_insee":"10323"}},{"type":"Feature","id":"batiment.39285805","geometry":{"type":"MultiPolygon","coordinates":[[[[3.76852295,48.50513389],[3.7685718,48.50512305],[3.76855855,48.50509659],[3.7685097,48.50510743],[3.76852295,48.50513389]]]]},"geometry_name":"geom","properties":{"gid":39192423,"type":"Bâtiment en dur","code_dep":"10","code_insee":"10220"}},{"type":"Feature","id":"batiment.39289553","geometry":{"type":"MultiPolygon","coordinates":[[[[3.79270897,48.51045672],[3.79269942,48.51038958],[3.79267846,48.51039089],[3.79267528,48.51036851],[3.79269624,48.5103672],[3.7926832,48.51027499],[3.79253616,48.51028371],[3.79254615,48.51035309],[3.79259051,48.51035037],[3.79259641,48.51039108],[3.79255191,48.5103939],[3.79256206,48.51046553],[3.79270897,48.51045672]]]]},"geometry_name":"geom","properties":{"gid":39196190,"type":"Bâtiment en dur","code_dep":"10","code_insee":"10220"}},{"type":"Feature","id":"batiment.39289554","geometry":{"type":"MultiPolygon","coordinates":[[[[3.79255191,48.5103939],[3.79259641,48.51039108],[3.79259051,48.51035037],[3.79254615,48.51035309],[3.79255191,48.5103939]]]]},"geometry_name":"geom","properties":{"gid":39196191,"type":"Construction légère","code_dep":"10","code_insee":"10220"}},{"type":"Feature","id":"batiment.39289555","geometry":{"type":"MultiPolygon","coordinates":[[[[3.79267846,48.51039089],[3.79269942,48.51038958],[3.79269624,48.5103672],[3.79267528,48.51036851],[3.79267846,48.51039089]]]]},"geometry_name":"geom","properties":{"gid":39196192,"type":"Construction légère","code_dep":"10","code_insee":"10220"}},{"type":"Feature","id":"batiment.39289557","geometry":{"type":"MultiPolygon","coordinates":[[[[3.78478557,48.50551321],[3.78479791,48.50558654],[3.78485186,48.50558205],[3.78484075,48.50550952],[3.78478557,48.50551321]]]]},"geometry_name":"geom","properties":{"gid":39196194,"type":"Bâtiment en dur","code_dep":"10","code_insee":"10220"}},{"type":"Feature","id":"batiment.39291540","geometry":{"type":"MultiPolygon","coordinates":[[[[3.75191418,48.50297092],[3.75159086,48.50208872],[3.75118851,48.50215388],[3.75151183,48.50303599],[3.75191418,48.50297092]]]]},"geometry_name":"geom","properties":{"gid":39198181,"type":"Bâtiment en dur","code_dep":"10","code_insee":"10323"}},{"type":"Feature","id":"batiment.39291609","geometry":{"type":"MultiPolygon","coordinates":[[[[3.75391084,48.50267813],[3.75391788,48.50269733],[3.75396583,48.50268956],[3.75395878,48.50267036],[3.75391084,48.50267813]]]]},"geometry_name":"geom","properties":{"gid":39198250,"type":"Bâtiment en dur","code_dep":"10","code_insee":"10323"}},{"type":"Feature","id":"batiment.39300428","geometry":{"type":"MultiPolygon","coordinates":[[[[3.78648927,48.50666239],[3.78649106,48.50673659],[3.78660255,48.50673226],[3.78660063,48.50665814],[3.78648927,48.50666239]]]]},"geometry_name":"geom","properties":{"gid":39207119,"type":"Bâtiment en dur","code_dep":"10","code_insee":"10220"}},{"type":"Feature","id":"batiment.39309849","geometry":{"type":"MultiPolygon","coordinates":[[[[3.79022366,48.50738358],[3.79025075,48.50740248],[3.79027918,48.50738447],[3.79025209,48.50736558],[3.79022366,48.50738358]]]]},"geometry_name":"geom","properties":{"gid":39216603,"type":"Bâtiment en dur","code_dep":"10","code_insee":"10220"}},{"type":"Feature","id":"batiment.39309850","geometry":{"type":"MultiPolygon","coordinates":[[[[3.79003541,48.50743396],[3.79006155,48.50745222],[3.79009789,48.50742922],[3.79007176,48.50741104],[3.79003541,48.50743396]]]]},"geometry_name":"geom","properties":{"gid":39216604,"type":"Construction légère","code_dep":"10","code_insee":"10220"}},{"type":"Feature","id":"batiment.39312642","geometry":{"type":"MultiPolygon","coordinates":[[[[3.78648973,48.50424534],[3.78650528,48.5042447],[3.78650289,48.50422042],[3.78648733,48.50422116],[3.78648973,48.50424534]]]]},"geometry_name":"geom","properties":{"gid":39219419,"type":"Construction légère","code_dep":"10","code_insee":"10220"}},{"type":"Feature","id":"batiment.39314502","geometry":{"type":"MultiPolygon","coordinates":[[[[3.78500221,48.50213051],[3.7850037,48.5021484],[3.78501723,48.50214795],[3.7850156,48.50212997],[3.78500221,48.50213051]]]]},"geometry_name":"geom","properties":{"gid":39221290,"type":"Construction légère","code_dep":"10","code_insee":"10220"}},{"type":"Feature","id":"batiment.39348384","geometry":{"type":"MultiPolygon","coordinates":[[[[3.7850037,48.5021484],[3.78501043,48.50222744],[3.78513275,48.50222366],[3.78511835,48.50205705],[3.78499602,48.50206092],[3.78500221,48.50213051],[3.7850156,48.50212997],[3.78501723,48.50214795],[3.7850037,48.5021484]]]]},"geometry_name":"geom","properties":{"gid":39255432,"type":"Bâtiment en dur","code_dep":"10","code_insee":"10220"}},{"type":"Feature","id":"batiment.39453813","geometry":{"type":"MultiPolygon","coordinates":[[[[3.81112817,48.48357323],[3.81112659,48.48356721],[3.81112245,48.48356184],[3.81111589,48.48355757],[3.81110773,48.48355492],[3.81109878,48.483554],[3.81108973,48.48355505],[3.81108165,48.4835578],[3.81107522,48.48356216],[3.81107125,48.48356759],[3.81106985,48.48357363],[3.81107143,48.48357955],[3.81107558,48.48358492],[3.81108214,48.4835892],[3.8110903,48.48359193],[3.81109938,48.48359277],[3.8111083,48.48359181],[3.81111637,48.48358896],[3.8111228,48.4835846],[3.81112678,48.48357917],[3.81112817,48.48357323]]]]},"geometry_name":"geom","properties":{"gid":39361646,"type":"Bâtiment en dur","code_dep":"10","code_insee":"10089"}},{"type":"Feature","id":"batiment.39453848","geometry":{"type":"MultiPolygon","coordinates":[[[[3.81192204,48.48678675],[3.81192045,48.48678037],[3.8119159,48.48677474],[3.81190893,48.4867702],[3.81190036,48.48676738],[3.81189073,48.48676645],[3.81188128,48.48676751],[3.81187266,48.48677044],[3.81186583,48.48677508],[3.81186159,48.48678078],[3.8118602,48.48678717],[3.81186179,48.48679355],[3.8118662,48.48679919],[3.81187318,48.48680373],[3.81188188,48.48680655],[3.81189137,48.48680756],[3.81190096,48.48680642],[3.81190944,48.48680348],[3.81191627,48.48679884],[3.81192065,48.48679315],[3.81192204,48.48678675]]]]},"geometry_name":"geom","properties":{"gid":39361681,"type":"Bâtiment en dur","code_dep":"10","code_insee":"10089"}},{"type":"Feature","id":"batiment.39454455","geometry":{"type":"MultiPolygon","coordinates":[[[[3.82061263,48.50055178],[3.8206106,48.5005437],[3.8206048,48.50053636],[3.82059591,48.50053057],[3.82058476,48.50052696],[3.82057255,48.5005257],[3.82056039,48.50052713],[3.82054935,48.50053089],[3.82054065,48.5005368],[3.82053521,48.50054422],[3.82053331,48.50055233],[3.82053547,48.5005605],[3.82054113,48.50056784],[3.82055002,48.50057362],[3.82056118,48.50057723],[3.82057352,48.5005785],[3.82058568,48.50057706],[3.82059672,48.5005733],[3.82060542,48.50056739],[3.82061086,48.50055998],[3.82061263,48.50055178]]]]},"geometry_name":"geom","properties":{"gid":39362294,"type":"Bâtiment en dur","code_dep":"10","code_insee":"10089"}},{"type":"Feature","id":"batiment.39454456","geometry":{"type":"MultiPolygon","coordinates":[[[[3.82045595,48.50053091],[3.82045811,48.50053935],[3.82046405,48.50054696],[3.82047335,48.50055292],[3.82048491,48.5005568],[3.82049766,48.50055797],[3.82051036,48.50055662],[3.8205218,48.50055259],[3.82053078,48.5005465],[3.82053662,48.50053881],[3.82053851,48.50053034],[3.82053635,48.50052181],[3.82053027,48.5005142],[3.82052111,48.50050824],[3.82050955,48.50050445],[3.8204968,48.50050319],[3.8204841,48.50050462],[3.82047265,48.50050857],[3.82046354,48.50051466],[3.82045822,48.50052064],[3.82045703,48.50052208],[3.82045595,48.50053091]]]]},"geometry_name":"geom","properties":{"gid":39362295,"type":"Bâtiment en dur","code_dep":"10","code_insee":"10089"}},{"type":"Feature","id":"batiment.39454457","geometry":{"type":"MultiPolygon","coordinates":[[[[3.82045998,48.50051154],[3.82045752,48.50050202],[3.8204509,48.50049406],[3.82044092,48.50048783],[3.82042868,48.50048387],[3.82041499,48.5004827],[3.82040161,48.50048423],[3.82038949,48.50048854],[3.82037998,48.50049509],[3.82037388,48.50050323],[3.82037186,48.50051224],[3.82037445,48.50052176],[3.82038093,48.50052981],[3.82039091,48.50053595],[3.82040329,48.50053991],[3.82041685,48.50054116],[3.82043036,48.50053954],[3.82044248,48.50053532],[3.82045199,48.50052878],[3.82045703,48.50052208],[3.82045822,48.50052064],[3.82045998,48.50051154]]]]},"geometry_name":"geom","properties":{"gid":39362296,"type":"Bâtiment en dur","code_dep":"10","code_insee":"10089"}},{"type":"Feature","id":"batiment.39454458","geometry":{"type":"MultiPolygon","coordinates":[[[[3.82037799,48.50048871],[3.82037583,48.50048027],[3.82036975,48.50047258],[3.82036045,48.50046652],[3.82034888,48.50046274],[3.820336,48.50046148],[3.82032317,48.50046291],[3.82031172,48.50046686],[3.82030261,48.50047304],[3.82029822,48.50047775],[3.82029596,48.50048046],[3.82029502,48.50048929],[3.82029718,48.50049782],[3.82030312,48.50050542],[3.82031242,48.50051148],[3.82032399,48.50051536],[3.82033687,48.50051662],[3.8203497,48.50051518],[3.82036115,48.50051114],[3.82037026,48.50050496],[3.82037609,48.50049727],[3.82037799,48.50048871]]]]},"geometry_name":"geom","properties":{"gid":39362297,"type":"Bâtiment en dur","code_dep":"10","code_insee":"10089"}},{"type":"Feature","id":"batiment.39454459","geometry":{"type":"MultiPolygon","coordinates":[[[[3.82029984,48.50046856],[3.82029739,48.50045922],[3.8202909,48.50045126],[3.82028106,48.50044494],[3.82026867,48.50044089],[3.82025512,48.50043963],[3.82024161,48.50044126],[3.82022949,48.50044548],[3.82021998,48.50045202],[3.82021388,48.50046016],[3.82021185,48.50046917],[3.8202143,48.50047851],[3.82022079,48.50048656],[3.82023064,48.50049288],[3.82024302,48.50049684],[3.82025657,48.5004981],[3.82027009,48.50049657],[3.8202822,48.50049225],[3.82029171,48.50048571],[3.82029596,48.50048046],[3.82029822,48.50047775],[3.82029984,48.50046856]]]]},"geometry_name":"geom","properties":{"gid":39362298,"type":"Bâtiment en dur","code_dep":"10","code_insee":"10089"}},{"type":"Feature","id":"batiment.39454460","geometry":{"type":"MultiPolygon","coordinates":[[[[3.82021434,48.50044639],[3.82021218,48.50043813],[3.82020638,48.5004307],[3.82019735,48.50042483],[3.82018606,48.50042113],[3.82017345,48.50041986],[3.82016102,48.5004213],[3.82014984,48.50042516],[3.820141,48.50043115],[3.82013543,48.50043866],[3.82013353,48.50044695],[3.82013569,48.50045521],[3.8201415,48.50046264],[3.82015052,48.50046851],[3.82016182,48.5004723],[3.82017429,48.50047348],[3.82018686,48.50047213],[3.82019803,48.50046819],[3.82020687,48.50046219],[3.82021244,48.50045468],[3.82021434,48.50044639]]]]},"geometry_name":"geom","properties":{"gid":39362299,"type":"Bâtiment en dur","code_dep":"10","code_insee":"10089"}},{"type":"Feature","id":"batiment.39454461","geometry":{"type":"MultiPolygon","coordinates":[[[[3.82013197,48.50042465],[3.82012994,48.50041648],[3.82012415,48.50040923],[3.82011526,48.50040344],[3.8201041,48.50039974],[3.8200919,48.50039857],[3.8200796,48.50039991],[3.82006856,48.50040386],[3.82005985,48.50040976],[3.82005442,48.500417],[3.82005251,48.5004252],[3.82005467,48.50043337],[3.82006034,48.50044071],[3.82006922,48.5004464],[3.82008038,48.5004501],[3.82009272,48.50045128],[3.82010488,48.50044994],[3.82011592,48.50044608],[3.82012463,48.50044026],[3.8201302,48.50043285],[3.82013197,48.50042465]]]]},"geometry_name":"geom","properties":{"gid":39362300,"type":"Bâtiment en dur","code_dep":"10","code_insee":"10089"}},{"type":"Feature","id":"batiment.39454462","geometry":{"type":"MultiPolygon","coordinates":[[[[3.82005851,48.50040177],[3.82005635,48.50039332],[3.82005027,48.50038572],[3.82004111,48.50037966],[3.82002954,48.50037588],[3.8200168,48.50037461],[3.82000409,48.50037605],[3.81999265,48.50038],[3.81998354,48.50038618],[3.81997784,48.50039387],[3.81997594,48.50040234],[3.8199781,48.50041078],[3.81998404,48.50041838],[3.81999334,48.50042435],[3.82000491,48.50042813],[3.82001765,48.5004294],[3.82003035,48.50042787],[3.8200418,48.50042392],[3.82005077,48.50041783],[3.82005661,48.50041024],[3.82005851,48.50040177]]]]},"geometry_name":"geom","properties":{"gid":39362301,"type":"Bâtiment en dur","code_dep":"10","code_insee":"10089"}},{"type":"Feature","id":"batiment.39454507","geometry":{"type":"MultiPolygon","coordinates":[[[[3.81989553,48.50038508],[3.81989756,48.50039325],[3.81990336,48.50040059],[3.81991238,48.50040637],[3.81992354,48.50041007],[3.81993588,48.50041134],[3.81994831,48.5004099],[3.81995921,48.50040605],[3.81996792,48.50040014],[3.81997349,48.50039273],[3.81997539,48.50038453],[3.81997323,48.50037626],[3.81996743,48.50036893],[3.81995854,48.50036314],[3.81994739,48.50035944],[3.81993491,48.50035818],[3.81992262,48.50035961],[3.81991158,48.50036347],[3.81990273,48.50036937],[3.8198973,48.50037679],[3.81989553,48.50038508]]]]},"geometry_name":"geom","properties":{"gid":39362346,"type":"Bâtiment en dur","code_dep":"10","code_insee":"10089"}},{"type":"Feature","id":"batiment.39454508","geometry":{"type":"MultiPolygon","coordinates":[[[[3.81982156,48.50036373],[3.81982358,48.5003719],[3.81982938,48.50037924],[3.81983841,48.50038511],[3.81984957,48.50038881],[3.81986204,48.50038999],[3.81987434,48.50038864],[3.81988551,48.50038479],[3.81989422,48.50037879],[3.81989979,48.50037137],[3.81990155,48.50036317],[3.81989939,48.50035491],[3.81989359,48.50034758],[3.8198847,48.5003417],[3.81987341,48.500338],[3.81986107,48.50033682],[3.81984877,48.50033817],[3.81983773,48.50034202],[3.81982889,48.50034802],[3.8198229,48.50035436],[3.81982156,48.50036373]]]]},"geometry_name":"geom","properties":{"gid":39362347,"type":"Bâtiment en dur","code_dep":"10","code_insee":"10089"}},{"type":"Feature","id":"batiment.39454509","geometry":{"type":"MultiPolygon","coordinates":[[[[3.81974155,48.50034593],[3.81974216,48.5003506],[3.8197469,48.5003592],[3.8197554,48.50036625],[3.81976699,48.50037121],[3.81978028,48.50037328],[3.81979394,48.50037246],[3.81980647,48.50036869],[3.81981653,48.50036241],[3.8198229,48.50035436],[3.81982493,48.50034535],[3.81982431,48.50034068],[3.81981971,48.50033216],[3.81981107,48.50032502],[3.81979949,48.50032007],[3.81978619,48.500318],[3.81977253,48.50031881],[3.81976,48.50032259],[3.81975008,48.50032886],[3.81974371,48.50033691],[3.81974155,48.50034593]]]]},"geometry_name":"geom","properties":{"gid":39362348,"type":"Bâtiment en dur","code_dep":"10","code_insee":"10089"}},{"type":"Feature","id":"batiment.39454510","geometry":{"type":"MultiPolygon","coordinates":[[[[3.81974596,48.5003252],[3.8197438,48.50031685],[3.81973786,48.50030934],[3.81972884,48.50030346],[3.81971741,48.50029976],[3.8197048,48.5002985],[3.81969223,48.50029993],[3.81968092,48.50030388],[3.81967194,48.50030988],[3.81966624,48.50031748],[3.81966448,48.50032586],[3.8196665,48.50033412],[3.81967244,48.50034163],[3.8196816,48.5003476],[3.81969303,48.50035139],[3.81970564,48.50035256],[3.81971821,48.50035121],[3.81972952,48.50034727],[3.81973836,48.50034118],[3.81974406,48.50033358],[3.81974596,48.5003252]]]]},"geometry_name":"geom","properties":{"gid":39362349,"type":"Bâtiment en dur","code_dep":"10","code_insee":"10089"}},{"type":"Feature","id":"batiment.39454511","geometry":{"type":"MultiPolygon","coordinates":[[[[3.81966538,48.50030588],[3.81966336,48.50029734],[3.81965728,48.50028974],[3.81964798,48.50028369],[3.81963628,48.50027981],[3.81962353,48.50027855],[3.8196107,48.50027999],[3.81959912,48.50028402],[3.81959001,48.5002902],[3.81958431,48.50029789],[3.81958241,48.50030645],[3.81958458,48.50031498],[3.81959052,48.50032268],[3.81959982,48.50032873],[3.81961152,48.50033252],[3.8196244,48.50033378],[3.8196371,48.50033234],[3.81964868,48.50032839],[3.81965779,48.50032221],[3.81966362,48.50031444],[3.81966538,48.50030588]]]]},"geometry_name":"geom","properties":{"gid":39362350,"type":"Bâtiment en dur","code_dep":"10","code_insee":"10089"}},{"type":"Feature","id":"batiment.39454512","geometry":{"type":"MultiPolygon","coordinates":[[[[3.81958429,48.50028835],[3.81958241,48.50028054],[3.81957689,48.50027347],[3.81956827,48.50026795],[3.81955766,48.50026443],[3.81954586,48.50026325],[3.81953411,48.50026459],[3.81952347,48.50026826],[3.81951517,48.5002739],[3.81950986,48.50028104],[3.81950809,48.50028888],[3.81951011,48.50029669],[3.81951563,48.50030376],[3.81952411,48.50030928],[3.81953486,48.50031281],[3.81954666,48.50031398],[3.81955841,48.50031264],[3.81956891,48.50030897],[3.81957735,48.50030334],[3.81958266,48.50029619],[3.81958429,48.50028835]]]]},"geometry_name":"geom","properties":{"gid":39362351,"type":"Bâtiment en dur","code_dep":"10","code_insee":"10089"}},{"type":"Feature","id":"batiment.39454513","geometry":{"type":"MultiPolygon","coordinates":[[[[3.81951449,48.50026536],[3.81951233,48.500257],[3.81950653,48.50024949],[3.81949736,48.50024361],[3.81948593,48.50023982],[3.81947333,48.50023856],[3.81946076,48.50024],[3.81944958,48.50024394],[3.81944061,48.50024994],[3.81943504,48.50025754],[3.81943314,48.50026592],[3.8194353,48.50027427],[3.81944111,48.50028178],[3.81945027,48.50028766],[3.81946156,48.50029145],[3.81947417,48.50029271],[3.81948674,48.50029128],[3.81949805,48.50028733],[3.81950702,48.50028133],[3.81951259,48.50027373],[3.81951449,48.50026536]]]]},"geometry_name":"geom","properties":{"gid":39362352,"type":"Bâtiment en dur","code_dep":"10","code_insee":"10089"}},{"type":"Feature","id":"batiment.39454514","geometry":{"type":"MultiPolygon","coordinates":[[[[3.81943426,48.50025061],[3.8194321,48.50024226],[3.81942629,48.50023484],[3.81941713,48.50022896],[3.81940584,48.50022517],[3.81939337,48.500224],[3.8193808,48.50022534],[3.81936962,48.50022929],[3.81936078,48.50023529],[3.81935508,48.50024279],[3.81935318,48.50025117],[3.81935534,48.50025944],[3.81936128,48.50026695],[3.8193703,48.50027283],[3.8193816,48.50027653],[3.81939421,48.50027779],[3.81940664,48.50027635],[3.81941781,48.5002725],[3.81942679,48.5002665],[3.81943236,48.5002589],[3.81943426,48.50025061]]]]},"geometry_name":"geom","properties":{"gid":39362353,"type":"Bâtiment en dur","code_dep":"10","code_insee":"10089"}},{"type":"Feature","id":"batiment.39454515","geometry":{"type":"MultiPolygon","coordinates":[[[[3.81937288,48.50019544],[3.81937505,48.50020406],[3.81938127,48.50021221],[3.81939098,48.50021862],[3.81940323,48.50022276],[3.81941665,48.50022411],[3.8194303,48.50022266],[3.81944242,48.50021844],[3.81945206,48.50021199],[3.81945816,48.50020385],[3.81946019,48.50019484],[3.81945802,48.50018613],[3.8194518,48.50017807],[3.81944209,48.50017157],[3.81942985,48.50016752],[3.81941629,48.50016617],[3.81940277,48.50016771],[3.81939066,48.50017184],[3.81938101,48.50017829],[3.81937491,48.50018652],[3.81937288,48.50019544]]]]},"geometry_name":"geom","properties":{"gid":39362354,"type":"Bâtiment en dur","code_dep":"10","code_insee":"10089"}},{"type":"Feature","id":"batiment.39454516","geometry":{"type":"MultiPolygon","coordinates":[[[[3.81953384,48.50021304],[3.81953197,48.5002055],[3.81952658,48.5001987],[3.81951837,48.50019336],[3.81950803,48.50018992],[3.81949664,48.50018883],[3.81948516,48.50019008],[3.81947493,48.50019366],[3.81946689,48.50019911],[3.81946172,48.50020598],[3.81946007,48.50021355],[3.81946195,48.50022119],[3.81946734,48.50022799],[3.81947555,48.50023333],[3.81948589,48.50023667],[3.81949741,48.50023785],[3.81950876,48.50023652],[3.81951899,48.50023303],[3.81952703,48.50022757],[3.8195322,48.5002207],[3.81953384,48.50021304]]]]},"geometry_name":"geom","properties":{"gid":39362355,"type":"Bâtiment en dur","code_dep":"10","code_insee":"10089"}},{"type":"Feature","id":"batiment.39454601","geometry":{"type":"MultiPolygon","coordinates":[[[[3.81952875,48.50023332],[3.81953076,48.50024122],[3.81953643,48.50024838],[3.81954518,48.50025399],[3.81955593,48.5002576],[3.81956799,48.50025878],[3.81957989,48.50025744],[3.81959066,48.50025367],[3.81959923,48.50024795],[3.81960453,48.50024071],[3.8196063,48.50023278],[3.81960428,48.50022479],[3.81959876,48.50021763],[3.81959001,48.50021203],[3.81957912,48.50020841],[3.81956719,48.50020723],[3.81955516,48.50020858],[3.81954453,48.50021234],[3.81953595,48.50021807],[3.81953052,48.5002253],[3.81952875,48.50023332]]]]},"geometry_name":"geom","properties":{"gid":39362440,"type":"Bâtiment en dur","code_dep":"10","code_insee":"10089"}},{"type":"Feature","id":"batiment.39454602","geometry":{"type":"MultiPolygon","coordinates":[[[[3.81968768,48.50025121],[3.81968692,48.50024608],[3.81968205,48.50023757],[3.81967328,48.50023052],[3.8196617,48.50022575],[3.81964826,48.50022368],[3.81963461,48.50022467],[3.81962221,48.50022845],[3.81961229,48.50023472],[3.81960592,48.50024277],[3.81960376,48.50025178],[3.81960452,48.500257],[3.81960939,48.50026551],[3.81961816,48.50027256],[3.81962974,48.50027733],[3.81964318,48.5002794],[3.81965683,48.50027841],[3.81966923,48.50027463],[3.81967915,48.50026836],[3.81968552,48.50026022],[3.81968768,48.50025121]]]]},"geometry_name":"geom","properties":{"gid":39362441,"type":"Bâtiment en dur","code_dep":"10","code_insee":"10089"}},{"type":"Feature","id":"batiment.39454604","geometry":{"type":"MultiPolygon","coordinates":[[[[3.81968688,48.50026929],[3.8196889,48.50027729],[3.81969456,48.50028453],[3.81970331,48.50029014],[3.8197142,48.50029376],[3.81972627,48.50029493],[3.81973829,48.5002935],[3.81974906,48.50028974],[3.81975764,48.50028401],[3.81976294,48.50027669],[3.81976471,48.50026876],[3.81976255,48.50026076],[3.81975703,48.50025361],[3.81974827,48.500248],[3.81973752,48.50024438],[3.81972546,48.50024312],[3.81971343,48.50024455],[3.81970266,48.50024831],[3.81969409,48.50025404],[3.81968865,48.50026127],[3.81968688,48.50026929]]]]},"geometry_name":"geom","properties":{"gid":39362443,"type":"Bâtiment en dur","code_dep":"10","code_insee":"10089"}},{"type":"Feature","id":"batiment.39454605","geometry":{"type":"MultiPolygon","coordinates":[[[[3.81976592,48.50028557],[3.81976667,48.50029042],[3.81977141,48.50029903],[3.81977991,48.50030608],[3.81979163,48.50031094],[3.81980493,48.50031301],[3.81981859,48.5003122],[3.81983098,48.50030833],[3.8198409,48.50030215],[3.81984727,48.50029401],[3.81984943,48.500285],[3.81984868,48.50028023],[3.81984394,48.50027163],[3.81983544,48.50026458],[3.81982372,48.50025971],[3.81981042,48.50025756],[3.81979677,48.50025846],[3.81978424,48.50026232],[3.81977432,48.5002686],[3.81976808,48.50027656],[3.81976592,48.50028557]]]]},"geometry_name":"geom","properties":{"gid":39362444,"type":"Bâtiment en dur","code_dep":"10","code_insee":"10089"}},{"type":"Feature","id":"batiment.39454606","geometry":{"type":"MultiPolygon","coordinates":[[[[3.81984763,48.50030804],[3.81984964,48.50031576],[3.81985503,48.50032265],[3.81986337,48.50032808],[3.81987385,48.50033152],[3.81988551,48.5003327],[3.819897,48.50033136],[3.81990736,48.50032778],[3.81991553,48.50032223],[3.8199207,48.50031527],[3.81992248,48.50030752],[3.81992046,48.50029989],[3.81991508,48.500293],[3.81990673,48.50028757],[3.81989626,48.50028413],[3.81988473,48.50028295],[3.81987311,48.50028429],[3.81986274,48.50028787],[3.81985457,48.50029342],[3.8198494,48.50030038],[3.81984763,48.50030804]]]]},"geometry_name":"geom","properties":{"gid":39362445,"type":"Bâtiment en dur","code_dep":"10","code_insee":"10089"}},{"type":"Feature","id":"batiment.39454607","geometry":{"type":"MultiPolygon","coordinates":[[[[3.8200063,48.50032647],[3.82000414,48.50031811],[3.8199982,48.5003106],[3.81998917,48.50030472],[3.81997774,48.50030093],[3.81996513,48.50029967],[3.81995257,48.50030111],[3.81994126,48.50030505],[3.81993228,48.50031105],[3.81992671,48.50031865],[3.81992481,48.50032703],[3.81992697,48.50033538],[3.81993278,48.5003429],[3.81994194,48.50034877],[3.81995337,48.50035256],[3.81996598,48.50035382],[3.81997855,48.50035239],[3.81998986,48.50034844],[3.8199987,48.50034244],[3.8200044,48.50033485],[3.8200063,48.50032647]]]]},"geometry_name":"geom","properties":{"gid":39362446,"type":"Bâtiment en dur","code_dep":"10","code_insee":"10089"}},{"type":"Feature","id":"batiment.39454608","geometry":{"type":"MultiPolygon","coordinates":[[[[3.82001156,48.50035108],[3.82001357,48.50035862],[3.82001882,48.50036542],[3.82002703,48.50037077],[3.82003737,48.5003742],[3.82004876,48.50037529],[3.82006011,48.50037405],[3.8200702,48.50037047],[3.82007824,48.50036501],[3.82008341,48.50035814],[3.82008505,48.50035057],[3.82008318,48.50034312],[3.82007779,48.50033632],[3.82006959,48.50033098],[3.82005938,48.50032754],[3.82004799,48.50032645],[3.82003664,48.5003277],[3.82002641,48.50033128],[3.82001837,48.50033673],[3.82001333,48.5003436],[3.82001156,48.50035108]]]]},"geometry_name":"geom","properties":{"gid":39362447,"type":"Bâtiment en dur","code_dep":"10","code_insee":"10089"}},{"type":"Feature","id":"batiment.39454609","geometry":{"type":"MultiPolygon","coordinates":[[[[3.82016348,48.5003709],[3.82016132,48.50036282],[3.82015566,48.50035557],[3.82014691,48.50034997],[3.82013589,48.50034635],[3.82012382,48.50034518],[3.82011179,48.50034652],[3.82010089,48.50035028],[3.82009232,48.5003561],[3.82008688,48.50036342],[3.82008498,48.50037153],[3.82008713,48.50037953],[3.82009279,48.50038677],[3.82010155,48.50039238],[3.82011257,48.50039599],[3.82012463,48.50039717],[3.82013666,48.50039583],[3.82014757,48.50039206],[3.82015614,48.50038625],[3.82016158,48.50037892],[3.82016348,48.5003709]]]]},"geometry_name":"geom","properties":{"gid":39362448,"type":"Bâtiment en dur","code_dep":"10","code_insee":"10089"}},{"type":"Feature","id":"batiment.39454610","geometry":{"type":"MultiPolygon","coordinates":[[[[3.8202429,48.50039402],[3.82024073,48.50038548],[3.82023466,48.50037788],[3.82022549,48.50037182],[3.82021379,48.50036804],[3.82020091,48.50036669],[3.82018808,48.50036821],[3.82017663,48.50037216],[3.82016752,48.50037834],[3.82016169,48.50038603],[3.82015979,48.50039459],[3.82016195,48.50040312],[3.82016803,48.50041082],[3.82017733,48.50041687],[3.8201889,48.50042066],[3.82020178,48.50042192],[3.82021461,48.50042048],[3.82022619,48.50041653],[3.82023517,48.50041035],[3.820241,48.50040257],[3.8202429,48.50039402]]]]},"geometry_name":"geom","properties":{"gid":39362449,"type":"Bâtiment en dur","code_dep":"10","code_insee":"10089"}},{"type":"Feature","id":"batiment.39454611","geometry":{"type":"MultiPolygon","coordinates":[[[[3.82032364,48.50041532],[3.82032162,48.50040724],[3.82031596,48.50039999],[3.82030707,48.50039429],[3.82029605,48.50039068],[3.82028398,48.5003895],[3.82027182,48.50039085],[3.82026091,48.50039461],[3.82025234,48.50040043],[3.8202469,48.50040775],[3.820245,48.50041586],[3.82024716,48.50042394],[3.82025282,48.50043119],[3.82026157,48.50043689],[3.82027259,48.5004405],[3.8202848,48.50044168],[3.82029682,48.50044033],[3.82030773,48.50043657],[3.82031644,48.50043075],[3.82032187,48.50042343],[3.82032364,48.50041532]]]]},"geometry_name":"geom","properties":{"gid":39362450,"type":"Bâtiment en dur","code_dep":"10","code_insee":"10089"}},{"type":"Feature","id":"batiment.39454650","geometry":{"type":"MultiPolygon","coordinates":[[[[3.8204102,48.50043613],[3.82040817,48.50042787],[3.82040224,48.50042044],[3.82039321,48.50041457],[3.82038192,48.50041078],[3.82036944,48.5004096],[3.82035701,48.50041095],[3.8203457,48.5004149],[3.82033686,48.5004209],[3.82033129,48.5004284],[3.82032939,48.50043669],[3.82033155,48.50044495],[3.82033735,48.50045247],[3.82034638,48.50045834],[3.82035781,48.50046204],[3.82037028,48.50046331],[3.82038271,48.50046187],[3.82039389,48.50045802],[3.82040273,48.50045202],[3.82040843,48.50044442],[3.8204102,48.50043613]]]]},"geometry_name":"geom","properties":{"gid":39362490,"type":"Bâtiment en dur","code_dep":"10","code_insee":"10089"}},{"type":"Feature","id":"batiment.39454651","geometry":{"type":"MultiPolygon","coordinates":[[[[3.82040861,48.50045585],[3.82041063,48.50046375],[3.82041629,48.50047082],[3.82042491,48.50047642],[3.82043566,48.50048004],[3.82044759,48.50048122],[3.82045948,48.50047987],[3.82047025,48.50047611],[3.82047869,48.50047039],[3.82048386,48.50046324],[3.82048563,48.50045531],[3.82048361,48.50044741],[3.82047808,48.50044025],[3.82046947,48.50043464],[3.82045858,48.50043112],[3.82044665,48.50042994],[3.8204349,48.50043128],[3.82042426,48.50043496],[3.82041582,48.50044068],[3.82041038,48.50044792],[3.82040861,48.50045585]]]]},"geometry_name":"geom","properties":{"gid":39362491,"type":"Bâtiment en dur","code_dep":"10","code_insee":"10089"}},{"type":"Feature","id":"batiment.39454652","geometry":{"type":"MultiPolygon","coordinates":[[[[3.82057123,48.5004755],[3.8205692,48.50046688],[3.82056298,48.50045874],[3.82055327,48.50045233],[3.82054102,48.50044818],[3.82052746,48.50044684],[3.82051395,48.50044837],[3.82050183,48.5004525],[3.82049218,48.50045905],[3.82048622,48.50046719],[3.82048419,48.50047611],[3.82048622,48.50048473],[3.82049244,48.50049287],[3.82050215,48.50049928],[3.8205144,48.50050334],[3.82052796,48.50050477],[3.82054134,48.50050333],[3.82055346,48.50049911],[3.8205631,48.50049265],[3.8205692,48.50048451],[3.82057123,48.5004755]]]]},"geometry_name":"geom","properties":{"gid":39362492,"type":"Bâtiment en dur","code_dep":"10","code_insee":"10089"}},{"type":"Feature","id":"batiment.39454653","geometry":{"type":"MultiPolygon","coordinates":[[[[3.82064764,48.50049693],[3.82064562,48.50048902],[3.82063996,48.50048187],[3.82063134,48.50047626],[3.8206206,48.50047273],[3.82060853,48.50047156],[3.82059664,48.5004729],[3.820586,48.50047657],[3.82057756,48.5004823],[3.82057212,48.50048953],[3.82057035,48.50049746],[3.82057237,48.50050536],[3.82057803,48.50051252],[3.82058665,48.50051813],[3.8205974,48.50052175],[3.82060933,48.50052292],[3.82062136,48.50052158],[3.82063199,48.50051782],[3.82064043,48.50051209],[3.82064587,48.50050486],[3.82064764,48.50049693]]]]},"geometry_name":"geom","properties":{"gid":39362493,"type":"Bâtiment en dur","code_dep":"10","code_insee":"10089"}},{"type":"Feature","id":"batiment.39454654","geometry":{"type":"MultiPolygon","coordinates":[[[[3.81949426,48.50013999],[3.81949237,48.50013173],[3.81948629,48.50012359],[3.81947657,48.50011718],[3.81946446,48.50011294],[3.8194509,48.50011151],[3.81943739,48.50011295],[3.81942513,48.50011708],[3.81941549,48.50012353],[3.81940939,48.50013167],[3.81940736,48.50014068],[3.81940925,48.50014904],[3.81941547,48.50015718],[3.81942505,48.50016368],[3.81943716,48.50016783],[3.81945072,48.50016926],[3.81946423,48.50016782],[3.81947649,48.50016369],[3.81948613,48.50015723],[3.81949223,48.50014901],[3.81949426,48.50013999]]]]},"geometry_name":"geom","properties":{"gid":39362494,"type":"Bâtiment en dur","code_dep":"10","code_insee":"10089"}},{"type":"Feature","id":"batiment.39454655","geometry":{"type":"MultiPolygon","coordinates":[[[[3.81949147,48.50016071],[3.81949363,48.50016906],[3.81949957,48.50017648],[3.81950859,48.50018245],[3.81952002,48.50018615],[3.8195325,48.50018741],[3.81954506,48.50018598],[3.81955624,48.50018212],[3.81956521,48.50017603],[3.81957078,48.50016853],[3.81957268,48.50016015],[3.81957052,48.50015188],[3.81956472,48.50014437],[3.81955556,48.50013849],[3.81954426,48.5001347],[3.81953165,48.50013344],[3.81951922,48.50013487],[3.81950791,48.50013882],[3.81949907,48.50014482],[3.81949337,48.50015242],[3.81949147,48.50016071]]]]},"geometry_name":"geom","properties":{"gid":39362495,"type":"Bâtiment en dur","code_dep":"10","code_insee":"10089"}},{"type":"Feature","id":"batiment.39454656","geometry":{"type":"MultiPolygon","coordinates":[[[[3.81956776,48.50018339],[3.81956964,48.50019102],[3.81957503,48.50019782],[3.81958337,48.50020325],[3.81959385,48.50020669],[3.81960537,48.50020787],[3.81961686,48.50020653],[3.81962723,48.50020295],[3.81963526,48.50019741],[3.81964043,48.50019054],[3.81964221,48.50018288],[3.8196402,48.50017524],[3.81963481,48.50016835],[3.8196266,48.50016292],[3.81961612,48.50015949],[3.8196046,48.5001584],[3.81959311,48.50015964],[3.81958275,48.50016322],[3.81957458,48.50016877],[3.8195694,48.50017573],[3.81956776,48.50018339]]]]},"geometry_name":"geom","properties":{"gid":39362496,"type":"Bâtiment en dur","code_dep":"10","code_insee":"10089"}},{"type":"Feature","id":"batiment.39454657","geometry":{"type":"MultiPolygon","coordinates":[[[[3.81964004,48.50019989],[3.8196422,48.50020807],[3.81964786,48.50021531],[3.81965675,48.5002211],[3.81966791,48.5002248],[3.81968011,48.50022598],[3.81969241,48.50022463],[3.81970345,48.50022078],[3.81971188,48.50021487],[3.81971746,48.50020755],[3.81971922,48.50019935],[3.8197172,48.50019127],[3.8197114,48.50018393],[3.81970265,48.50017814],[3.81969149,48.50017444],[3.81967915,48.50017327],[3.81966699,48.50017461],[3.81965595,48.50017846],[3.81964738,48.50018437],[3.81964194,48.50019179],[3.81964004,48.50019989]]]]},"geometry_name":"geom","properties":{"gid":39362497,"type":"Bâtiment en dur","code_dep":"10","code_insee":"10089"}},{"type":"Feature","id":"batiment.39454658","geometry":{"type":"MultiPolygon","coordinates":[[[[3.81971737,48.50021915],[3.8197184,48.50022499],[3.81972368,48.50023341],[3.81973259,48.50024037],[3.81974417,48.50024506],[3.8197576,48.50024694],[3.81977126,48.50024595],[3.81978365,48.500242],[3.81979357,48.50023572],[3.8197998,48.50022758],[3.81980196,48.50021857],[3.81980093,48.50021282],[3.81979579,48.5002044],[3.81978688,48.50019744],[3.81977516,48.50019276],[3.81976173,48.50019087],[3.81974807,48.50019186],[3.81973568,48.50019573],[3.81972576,48.50020209],[3.81971953,48.50021014],[3.81971737,48.50021915]]]]},"geometry_name":"geom","properties":{"gid":39362498,"type":"Bâtiment en dur","code_dep":"10","code_insee":"10089"}},{"type":"Feature","id":"batiment.39454659","geometry":{"type":"MultiPolygon","coordinates":[[[[3.81988496,48.50023698],[3.81988295,48.50022926],[3.81987756,48.50022228],[3.81986908,48.50021676],[3.81985847,48.50021332],[3.81984667,48.50021214],[3.81983491,48.50021348],[3.81982441,48.50021716],[3.81981611,48.50022279],[3.81981094,48.50022984],[3.81980916,48.50023759],[3.81981118,48.50024541],[3.81981657,48.5002523],[3.81982505,48.50025781],[3.81983566,48.50026134],[3.81984746,48.50026243],[3.81985921,48.50026118],[3.81986971,48.50025751],[3.81987802,48.50025187],[3.81988319,48.50024482],[3.81988496,48.50023698]]]]},"geometry_name":"geom","properties":{"gid":39362499,"type":"Bâtiment en dur","code_dep":"10","code_insee":"10089"}},{"type":"Feature","id":"batiment.39454699","geometry":{"type":"MultiPolygon","coordinates":[[[[3.81996951,48.50025934],[3.81996651,48.50024901],[3.81995975,48.50024114],[3.81994964,48.500235],[3.81993712,48.50023122],[3.81992357,48.50023015],[3.81991006,48.50023186],[3.81989808,48.50023617],[3.81988857,48.5002428],[3.81988261,48.50025094],[3.81988058,48.50025995],[3.81988359,48.50027037],[3.81989048,48.50027823],[3.81990059,48.50028437],[3.81991311,48.50028815],[3.81992666,48.50028923],[3.81994017,48.50028752],[3.81995215,48.50028312],[3.81996166,48.50027657],[3.81996762,48.50026835],[3.81996951,48.50025934]]]]},"geometry_name":"geom","properties":{"gid":39362538,"type":"Bâtiment en dur","code_dep":"10","code_insee":"10089"}},{"type":"Feature","id":"batiment.39454700","geometry":{"type":"MultiPolygon","coordinates":[[[[3.82004104,48.50027998],[3.82003916,48.50027253],[3.82003391,48.50026582],[3.82002571,48.50026057],[3.8200155,48.50025713],[3.82000425,48.50025604],[3.81999303,48.50025729],[3.81998294,48.50026086],[3.81997503,48.50026623],[3.81997,48.50027301],[3.81996835,48.50028049],[3.81997023,48.50028794],[3.81997548,48.50029465],[3.81998355,48.5002999],[3.81999375,48.50030334],[3.82000501,48.50030443],[3.82001622,48.50030319],[3.82002632,48.50029961],[3.82003436,48.50029425],[3.8200394,48.50028746],[3.82004104,48.50027998]]]]},"geometry_name":"geom","properties":{"gid":39362539,"type":"Bâtiment en dur","code_dep":"10","code_insee":"10089"}},{"type":"Feature","id":"batiment.39454701","geometry":{"type":"MultiPolygon","coordinates":[[[[3.82003556,48.50030206],[3.82003773,48.5003106],[3.82004367,48.5003182],[3.82005297,48.50032425],[3.82006453,48.50032804],[3.82007741,48.5003293],[3.82009011,48.50032787],[3.82010156,48.50032392],[3.82011067,48.50031774],[3.82011637,48.50031005],[3.82011827,48.50030149],[3.8201161,48.50029305],[3.82011016,48.50028545],[3.82010086,48.50027939],[3.8200893,48.5002756],[3.82007655,48.50027434],[3.82006372,48.50027578],[3.82005227,48.50027973],[3.82004316,48.50028591],[3.82003746,48.50029359],[3.82003556,48.50030206]]]]},"geometry_name":"geom","properties":{"gid":39362540,"type":"Bâtiment en dur","code_dep":"10","code_insee":"10089"}},{"type":"Feature","id":"batiment.39454702","geometry":{"type":"MultiPolygon","coordinates":[[[[3.82019723,48.50032164],[3.82019507,48.50031338],[3.82018927,48.50030595],[3.82018024,48.50030008],[3.82016895,48.50029637],[3.82015648,48.50029511],[3.82014404,48.50029655],[3.82013273,48.5003004],[3.82012403,48.5003064],[3.82011832,48.50031391],[3.82011656,48.5003222],[3.82011858,48.50033046],[3.82012452,48.50033789],[3.82013341,48.50034376],[3.82014484,48.50034755],[3.82015731,48.50034872],[3.82016975,48.50034738],[3.82018092,48.50034334],[3.82018976,48.50033734],[3.82019533,48.50032993],[3.82019723,48.50032164]]]]},"geometry_name":"geom","properties":{"gid":39362541,"type":"Bâtiment en dur","code_dep":"10","code_insee":"10089"}},{"type":"Feature","id":"batiment.39454703","geometry":{"type":"MultiPolygon","coordinates":[[[[3.82027415,48.50034099],[3.82027213,48.50033282],[3.82026633,48.50032539],[3.8202573,48.50031961],[3.82024614,48.50031581],[3.82023367,48.50031464],[3.82022124,48.50031608],[3.8202102,48.50032002],[3.82020136,48.50032593],[3.82019579,48.50033334],[3.82019402,48.50034154],[3.82019605,48.50034981],[3.82020185,48.50035723],[3.82021087,48.50036302],[3.82022203,48.50036672],[3.8202345,48.50036798],[3.82024694,48.50036655],[3.82025798,48.50036269],[3.82026682,48.50035678],[3.82027239,48.50034928],[3.82027415,48.50034099]]]]},"geometry_name":"geom","properties":{"gid":39362542,"type":"Bâtiment en dur","code_dep":"10","code_insee":"10089"}},{"type":"Feature","id":"batiment.39454705","geometry":{"type":"MultiPolygon","coordinates":[[[[3.82027081,48.50036108],[3.82027171,48.50036656],[3.82027672,48.50037507],[3.82028549,48.50038203],[3.8202972,48.5003868],[3.82031064,48.50038878],[3.82032429,48.50038779],[3.82033669,48.50038392],[3.82034661,48.50037765],[3.82035298,48.5003695],[3.820355,48.50036049],[3.82035397,48.50035501],[3.8203491,48.5003465],[3.82034019,48.50033954],[3.82032848,48.50033486],[3.82031504,48.50033288],[3.82030152,48.50033387],[3.82028913,48.50033765],[3.82027921,48.50034401],[3.82027297,48.50035206],[3.82027081,48.50036108]]]]},"geometry_name":"geom","properties":{"gid":39362543,"type":"Bâtiment en dur","code_dep":"10","code_insee":"10089"}},{"type":"Feature","id":"batiment.39454706","geometry":{"type":"MultiPolygon","coordinates":[[[[3.8203548,48.50038236],[3.82035584,48.50038811],[3.82036098,48.50039662],[3.82036989,48.50040348],[3.8203816,48.50040817],[3.82039503,48.50041006],[3.82040869,48.50040906],[3.82042095,48.50040511],[3.82043087,48.50039883],[3.82043724,48.50039078],[3.82043927,48.50038177],[3.82043823,48.50037593],[3.82043308,48.50036742],[3.82042418,48.50036056],[3.82041246,48.50035587],[3.82039903,48.50035398],[3.82038537,48.50035498],[3.82037298,48.50035884],[3.82036306,48.50036521],[3.82035696,48.50037335],[3.8203548,48.50038236]]]]},"geometry_name":"geom","properties":{"gid":39362544,"type":"Bâtiment en dur","code_dep":"10","code_insee":"10089"}},{"type":"Feature","id":"batiment.39454707","geometry":{"type":"MultiPolygon","coordinates":[[[[3.82043595,48.50040348],[3.82043699,48.50040932],[3.82044199,48.50041774],[3.8204509,48.5004247],[3.82046275,48.50042938],[3.82047605,48.50043127],[3.8204897,48.50043019],[3.8205021,48.50042632],[3.82051202,48.50042005],[3.82051839,48.5004119],[3.82052041,48.50040289],[3.82051937,48.50039714],[3.82051437,48.50038863],[3.82050546,48.50038177],[3.82049361,48.50037708],[3.82048031,48.50037519],[3.82046666,48.50037619],[3.82045426,48.50038005],[3.82044435,48.50038642],[3.82043797,48.50039447],[3.82043595,48.50040348]]]]},"geometry_name":"geom","properties":{"gid":39362545,"type":"Bâtiment en dur","code_dep":"10","code_insee":"10089"}},{"type":"Feature","id":"batiment.39454708","geometry":{"type":"MultiPolygon","coordinates":[[[[3.82060006,48.50042358],[3.82059804,48.50041549],[3.82059238,48.50040834],[3.82058349,48.50040264],[3.82057247,48.50039894],[3.82056027,48.50039776],[3.8205481,48.5003991],[3.8205372,48.50040296],[3.82052863,48.50040878],[3.82052305,48.5004161],[3.82052129,48.50042421],[3.82052331,48.50043229],[3.82052911,48.50043954],[3.82053786,48.50044524],[3.82054888,48.50044885],[3.82056108,48.50045002],[3.82057325,48.50044868],[3.82058415,48.50044492],[3.82059286,48.50043901],[3.82059829,48.50043168],[3.82060006,48.50042358]]]]},"geometry_name":"geom","properties":{"gid":39362546,"type":"Bâtiment en dur","code_dep":"10","code_insee":"10089"}},{"type":"Feature","id":"batiment.39454709","geometry":{"type":"MultiPolygon","coordinates":[[[[3.82068066,48.50044443],[3.8206785,48.50043608],[3.82067256,48.50042856],[3.8206634,48.5004226],[3.82065197,48.50041881],[3.82063923,48.50041755],[3.82062666,48.50041898],[3.82061535,48.50042293],[3.82060637,48.50042902],[3.82060067,48.50043662],[3.82059877,48.500445],[3.82060094,48.50045344],[3.82060687,48.50046095],[3.82061604,48.50046692],[3.82062747,48.50047071],[3.82064008,48.50047197],[3.82065278,48.50047053],[3.82066409,48.50046659],[3.82067306,48.5004605],[3.82067876,48.5004529],[3.82068066,48.50044443]]]]},"geometry_name":"geom","properties":{"gid":39362547,"type":"Bâtiment en dur","code_dep":"10","code_insee":"10089"}},{"type":"Feature","id":"batiment.39454745","geometry":{"type":"MultiPolygon","coordinates":[[[[3.82059628,48.50058887],[3.82112734,48.50072707],[3.82122514,48.5005668],[3.82069829,48.50042893],[3.82059628,48.50058887]]]]},"geometry_name":"geom","properties":{"gid":39362585,"type":"Bâtiment en dur","code_dep":"10","code_insee":"10089"}},{"type":"Feature","id":"batiment.39454746","geometry":{"type":"MultiPolygon","coordinates":[[[[3.82138419,48.50079061],[3.82164571,48.50085843],[3.82191568,48.50093061],[3.82215286,48.50099113],[3.82216919,48.50096232],[3.82229209,48.50098684],[3.82233876,48.5009069],[3.82221597,48.50088067],[3.82229883,48.50074299],[3.82153788,48.50054286],[3.8214811,48.50063385],[3.82138419,48.50079061]]]]},"geometry_name":"geom","properties":{"gid":39362586,"type":"Bâtiment en dur","code_dep":"10","code_insee":"10089"}},{"type":"Feature","id":"batiment.39454747","geometry":{"type":"MultiPolygon","coordinates":[[[[3.82679679,48.50135151],[3.82683002,48.50135505],[3.82684217,48.5013188],[3.82680852,48.50131418],[3.82679679,48.50135151]]]]},"geometry_name":"geom","properties":{"gid":39362587,"type":"Bâtiment en dur","code_dep":"10","code_insee":"10089"}},{"type":"Feature","id":"batiment.39454748","geometry":{"type":"MultiPolygon","coordinates":[[[[3.82540494,48.50128624],[3.82670649,48.50150579],[3.82684906,48.50114585],[3.82554293,48.50092723],[3.82542739,48.50122437],[3.82540494,48.50128624]]]]},"geometry_name":"geom","properties":{"gid":39362588,"type":"Bâtiment en dur","code_dep":"10","code_insee":"10089"}},{"type":"Feature","id":"batiment.39454749","geometry":{"type":"MultiPolygon","coordinates":[[[[3.82301715,48.50083212],[3.8230459,48.50083507],[3.82305213,48.50080938],[3.8230242,48.50080706],[3.82301715,48.50083212]]]]},"geometry_name":"geom","properties":{"gid":39362589,"type":"Bâtiment en dur","code_dep":"10","code_insee":"10089"}},{"type":"Feature","id":"batiment.39454750","geometry":{"type":"MultiPolygon","coordinates":[[[[3.82299741,48.50088533],[3.82519089,48.50125004],[3.82521488,48.50119193],[3.82533402,48.50089108],[3.82317196,48.50053524],[3.82311413,48.5006974],[3.8230345,48.50068698],[3.82300294,48.50077167],[3.82303317,48.50077452],[3.82302989,48.50079829],[3.82307383,48.50080348],[3.8230599,48.50084783],[3.8230104,48.50084161],[3.82299741,48.50088533]]]]},"geometry_name":"geom","properties":{"gid":39362590,"type":"Bâtiment en dur","code_dep":"10","code_insee":"10089"}},{"type":"Feature","id":"batiment.39454784","geometry":{"type":"MultiPolygon","coordinates":[[[[3.82094704,48.49994941],[3.82094863,48.4999556],[3.82095305,48.49996115],[3.82095975,48.4999656],[3.82096832,48.49996842],[3.82097768,48.49996935],[3.820987,48.49996829],[3.82099549,48.49996536],[3.82100218,48.49996081],[3.82100643,48.4999552],[3.82100782,48.49994899],[3.82100623,48.4999427],[3.82100181,48.49993715],[3.82099497,48.4999327],[3.8209864,48.49992988],[3.82097705,48.49992896],[3.82096772,48.49993001],[3.82095924,48.49993295],[3.82095268,48.49993749],[3.82094843,48.4999431],[3.82094704,48.49994941]]]]},"geometry_name":"geom","properties":{"gid":39362625,"type":"Bâtiment en dur","code_dep":"10","code_insee":"10089"}},{"type":"Feature","id":"batiment.39454785","geometry":{"type":"MultiPolygon","coordinates":[[[[3.8210277,48.49996522],[3.82102943,48.49997169],[3.82103399,48.49997751],[3.82104096,48.49998205],[3.8210498,48.49998495],[3.82105957,48.49998588],[3.8210693,48.49998482],[3.82107805,48.49998179],[3.82108488,48.49997715],[3.82108925,48.49997128],[3.82109064,48.49996479],[3.82108905,48.49995832],[3.82108449,48.49995251],[3.82107752,48.49994797],[3.82106867,48.49994506],[3.82105891,48.49994405],[3.82104918,48.49994519],[3.82104043,48.49994822],[3.8210336,48.49995286],[3.82102922,48.49995874],[3.8210277,48.49996522]]]]},"geometry_name":"geom","properties":{"gid":39362626,"type":"Bâtiment en dur","code_dep":"10","code_insee":"10089"}},{"type":"Feature","id":"batiment.39454786","geometry":{"type":"MultiPolygon","coordinates":[[[[3.82092052,48.50000177],[3.82092211,48.50000815],[3.82092666,48.50001387],[3.82093364,48.50001841],[3.82094235,48.50002132],[3.82095197,48.50002224],[3.82096157,48.50002119],[3.82097019,48.50001816],[3.82097702,48.50001352],[3.82098139,48.50000774],[3.82098278,48.50000134],[3.82098119,48.49999496],[3.82097664,48.49998924],[3.82096966,48.4999847],[3.82096095,48.49998179],[3.82095133,48.49998087],[3.82094173,48.49998192],[3.82093312,48.49998495],[3.82092628,48.49998959],[3.82092191,48.49999537],[3.82092052,48.50000177]]]]},"geometry_name":"geom","properties":{"gid":39362627,"type":"Bâtiment en dur","code_dep":"10","code_insee":"10089"}},{"type":"Feature","id":"batiment.39454787","geometry":{"type":"MultiPolygon","coordinates":[[[[3.82099887,48.5000176],[3.8210006,48.50002425],[3.8210053,48.50003033],[3.82101268,48.50003505],[3.8210218,48.50003805],[3.82103197,48.50003905],[3.82104197,48.50003791],[3.82105099,48.50003479],[3.82105822,48.50002997],[3.82106273,48.50002382],[3.82106425,48.50001715],[3.82106252,48.50001042],[3.82105783,48.50000442],[3.82105044,48.4999997],[3.82104132,48.49999671],[3.82103129,48.4999957],[3.82102116,48.49999685],[3.82101214,48.49999997],[3.8210049,48.50000479],[3.82100039,48.50001084],[3.82099887,48.5000176]]]]},"geometry_name":"geom","properties":{"gid":39362628,"type":"Bâtiment en dur","code_dep":"10","code_insee":"10089"}},{"type":"Feature","id":"batiment.39454788","geometry":{"type":"MultiPolygon","coordinates":[[[[3.82095643,48.50005613],[3.82095484,48.50004975],[3.82095028,48.50004403],[3.82094331,48.50003949],[3.8209346,48.50003658],[3.82092497,48.50003566],[3.82091538,48.50003671],[3.82090676,48.50003974],[3.82089993,48.50004438],[3.82089556,48.50005016],[3.82089417,48.50005656],[3.82089576,48.50006294],[3.82090031,48.50006866],[3.82090729,48.5000732],[3.820916,48.50007611],[3.82092562,48.50007703],[3.82093522,48.50007598],[3.82094383,48.50007295],[3.82095066,48.50006832],[3.82095504,48.50006253],[3.82095643,48.50005613]]]]},"geometry_name":"geom","properties":{"gid":39362629,"type":"Bâtiment en dur","code_dep":"10","code_insee":"10089"}},{"type":"Feature","id":"batiment.39454789","geometry":{"type":"MultiPolygon","coordinates":[[[[3.82103913,48.50007274],[3.8210374,48.50006601],[3.82103257,48.50005983],[3.82102518,48.50005503],[3.82101579,48.50005194],[3.82100549,48.50005093],[3.82099522,48.50005208],[3.82098606,48.5000553],[3.82097883,48.5000602],[3.82097419,48.50006644],[3.82097267,48.5000732],[3.8209744,48.50008003],[3.82097924,48.5000862],[3.82098662,48.50009101],[3.82099588,48.50009409],[3.82100618,48.5000951],[3.82101645,48.50009395],[3.82102574,48.50009074],[3.82103297,48.50008583],[3.82103761,48.50007959],[3.82103913,48.50007274]]]]},"geometry_name":"geom","properties":{"gid":39362630,"type":"Bâtiment en dur","code_dep":"10","code_insee":"10089"}},{"type":"Feature","id":"batiment.39454790","geometry":{"type":"MultiPolygon","coordinates":[[[[3.82086941,48.50010963],[3.820871,48.50011592],[3.82087542,48.50012146],[3.82088212,48.50012583],[3.82089069,48.50012865],[3.82090005,48.50012957],[3.82090937,48.50012852],[3.82091772,48.50012558],[3.82092428,48.50012113],[3.82092853,48.50011552],[3.82092992,48.50010921],[3.82092833,48.50010311],[3.82092378,48.50009747],[3.82091721,48.50009311],[3.82090877,48.50009029],[3.82089942,48.50008936],[3.82089009,48.50009041],[3.82088161,48.50009335],[3.82087505,48.50009781],[3.82087081,48.5001035],[3.82086941,48.50010963]]]]},"geometry_name":"geom","properties":{"gid":39362631,"type":"Bâtiment en dur","code_dep":"10","code_insee":"10089"}},{"type":"Feature","id":"batiment.39454791","geometry":{"type":"MultiPolygon","coordinates":[[[[3.82095024,48.5001276],[3.82095183,48.50013389],[3.82095625,48.50013953],[3.82096308,48.50014398],[3.82097179,48.50014689],[3.82098128,48.50014781],[3.82099061,48.50014676],[3.82099909,48.50014373],[3.82100579,48.50013919],[3.82101003,48.50013349],[3.82101142,48.50012718],[3.82100983,48.5001209],[3.82100541,48.50011526],[3.82099857,48.50011081],[3.82099,48.5001079],[3.82098051,48.50010697],[3.82097105,48.50010803],[3.82096243,48.50011106],[3.82095574,48.5001156],[3.82095163,48.5001213],[3.82095024,48.5001276]]]]},"geometry_name":"geom","properties":{"gid":39362632,"type":"Bâtiment en dur","code_dep":"10","code_insee":"10089"}},{"type":"Feature","id":"batiment.39454792","geometry":{"type":"MultiPolygon","coordinates":[[[[3.8209008,48.50016924],[3.82089922,48.5001634],[3.82089508,48.50015812],[3.82088879,48.50015394],[3.82088076,48.5001513],[3.82087181,48.50015046],[3.82086303,48.50015142],[3.82085508,48.50015417],[3.82084879,48.50015844],[3.82084481,48.50016378],[3.82084355,48.50016964],[3.82084499,48.50017547],[3.82084914,48.50018075],[3.82085556,48.50018494],[3.82086359,48.50018758],[3.8208724,48.50018842],[3.82088132,48.50018746],[3.82088927,48.5001847],[3.82089543,48.50018043],[3.82089941,48.5001751],[3.8209008,48.50016924]]]]},"geometry_name":"geom","properties":{"gid":39362633,"type":"Bâtiment en dur","code_dep":"10","code_insee":"10089"}},{"type":"Feature","id":"batiment.39454825","geometry":{"type":"MultiPolygon","coordinates":[[[[3.82098007,48.50018255],[3.82097862,48.50017653],[3.82097434,48.50017116],[3.82096777,48.50016689],[3.82095961,48.50016415],[3.82095053,48.50016332],[3.82094147,48.50016428],[3.82093339,48.50016712],[3.82092696,48.50017149],[3.82092285,48.50017691],[3.82092146,48.50018295],[3.82092304,48.50018897],[3.82092732,48.50019434],[3.82093389,48.50019861],[3.82094205,48.50020134],[3.82095113,48.50020218],[3.82096019,48.50020113],[3.82096827,48.50019828],[3.82097469,48.50019392],[3.82097881,48.50018858],[3.82098007,48.50018255]]]]},"geometry_name":"geom","properties":{"gid":39362665,"type":"Bâtiment en dur","code_dep":"10","code_insee":"10089"}},{"type":"Feature","id":"batiment.39454826","geometry":{"type":"MultiPolygon","coordinates":[[[[3.82106685,48.50020039],[3.82106526,48.50019419],[3.82106098,48.50018873],[3.82105428,48.50018437],[3.82104584,48.50018164],[3.82103662,48.50018072],[3.82102757,48.50018177],[3.82101922,48.50018461],[3.82101279,48.50018907],[3.82100855,48.50019458],[3.82100729,48.5002008],[3.82100874,48.50020691],[3.82101316,48.50021237],[3.82101972,48.50021673],[3.82102816,48.50021946],[3.82103738,48.50022038],[3.82104657,48.50021933],[3.82105492,48.50021649],[3.82106148,48.50021203],[3.82106545,48.50020652],[3.82106685,48.50020039]]]]},"geometry_name":"geom","properties":{"gid":39362666,"type":"Bâtiment en dur","code_dep":"10","code_insee":"10089"}},{"type":"Feature","id":"batiment.39454827","geometry":{"type":"MultiPolygon","coordinates":[[[[3.82109024,48.50021615],[3.82109183,48.50022226],[3.82109611,48.50022781],[3.82110281,48.50023208],[3.82111111,48.5002349],[3.82112033,48.50023574],[3.82112952,48.50023477],[3.82113787,48.50023184],[3.82114443,48.50022747],[3.82114854,48.50022187],[3.82114993,48.50021574],[3.82114835,48.50020963],[3.82114407,48.50020417],[3.82113737,48.50019981],[3.82112893,48.50019708],[3.82111971,48.50019616],[3.82111052,48.50019721],[3.82110231,48.50020005],[3.82109575,48.50020451],[3.82109164,48.50021002],[3.82109024,48.50021615]]]]},"geometry_name":"geom","properties":{"gid":39362667,"type":"Bâtiment en dur","code_dep":"10","code_insee":"10089"}},{"type":"Feature","id":"batiment.39454828","geometry":{"type":"MultiPolygon","coordinates":[[[[3.82114201,48.49994284],[3.82105102,48.5001404],[3.82195404,48.50032875],[3.82199425,48.50025119],[3.82202787,48.50025411],[3.82208471,48.50014063],[3.82114201,48.49994284]]]]},"geometry_name":"geom","properties":{"gid":39362668,"type":"Bâtiment en dur","code_dep":"10","code_insee":"10089"}},{"type":"Feature","id":"batiment.39454829","geometry":{"type":"MultiPolygon","coordinates":[[[[3.8206896,48.50019328],[3.82077146,48.50020837],[3.82082168,48.50010465],[3.82074211,48.50008901],[3.8206896,48.50019328]]]]},"geometry_name":"geom","properties":{"gid":39362669,"type":"Bâtiment en dur","code_dep":"10","code_insee":"10089"}},{"type":"Feature","id":"batiment.39454830","geometry":{"type":"MultiPolygon","coordinates":[[[[3.81957332,48.49988935],[3.81957115,48.49989773],[3.8195717,48.49990654],[3.8195764,48.49991263],[3.81958723,48.49992164],[3.81960666,48.49992627],[3.81962573,48.49992542],[3.81964159,48.49991776],[3.81965245,48.49991111],[3.81965237,48.49992344],[3.81965483,48.49993332],[3.81966212,48.4999411],[3.81968325,48.49995058],[3.81970153,48.49995045],[3.8197181,48.49994584],[3.81972991,48.4999391],[3.81972844,48.49994874],[3.81973169,48.4999578],[3.81974364,48.49996887],[3.81975822,48.49997453],[3.81977838,48.49997412],[3.81979845,48.49996768],[3.81980751,48.49995845],[3.81981054,48.49994439],[3.81980427,48.49993283],[3.81979317,48.49992454],[3.81978203,48.49992156],[3.81976658,48.4999204],[3.81974902,48.49992304],[3.81973467,48.49993178],[3.81973528,48.49991864],[3.81973197,48.49990625],[3.81972388,48.49989974],[3.81970703,48.49989526],[3.81968847,48.49989467],[3.81967094,48.49989902],[3.81965364,48.49990904],[3.81965189,48.49989259],[3.8196463,48.49988129],[3.81963104,48.49987483],[3.8196134,48.49987261],[3.81959825,48.49987298],[3.81958305,48.49987921],[3.81957332,48.49988935]]]]},"geometry_name":"geom","properties":{"gid":39362670,"type":"Bâtiment en dur","code_dep":"10","code_insee":"10089"}},{"type":"Feature","id":"batiment.39454831","geometry":{"type":"MultiPolygon","coordinates":[[[[3.81960367,48.49985621],[3.81961476,48.49986405],[3.81962936,48.49987178],[3.8196443,48.49987474],[3.81965918,48.49987382],[3.81967196,48.4998687],[3.81968213,48.49986107],[3.81968267,48.49986961],[3.81968701,48.49987894],[3.81969977,48.49989001],[3.81971352,48.49989522],[3.81973726,48.49989811],[3.81975153,48.49989343],[3.81976617,48.49988577],[3.81976723,48.49990142],[3.81977305,48.49991046],[3.81979461,48.49992102],[3.8198175,48.49992212],[3.81983367,48.49991715],[3.81984461,48.499907],[3.81984926,48.49989248],[3.81984756,48.49987927],[3.81983564,48.49986982],[3.81981391,48.49986538],[3.81979025,48.49986725],[3.81977109,48.4998798],[3.8197723,48.49986234],[3.81976833,48.49985103],[3.81975209,48.49984223],[3.8197312,48.49983941],[3.81970982,48.49984028],[3.81969037,48.49985184],[3.81969108,48.49983609],[3.81967948,48.49982177],[3.81966072,48.49981633],[3.8196335,48.49981597],[3.81961682,48.49982248],[3.81960361,48.49983516],[3.81960367,48.49985621]]]]},"geometry_name":"geom","properties":{"gid":39362671,"type":"Bâtiment en dur","code_dep":"10","code_insee":"10089"}},{"type":"Feature","id":"batiment.39454832","geometry":{"type":"MultiPolygon","coordinates":[[[[3.82015202,48.49993232],[3.82027768,48.49996941],[3.82031096,48.49992456],[3.82018489,48.49988747],[3.82015202,48.49993232]]]]},"geometry_name":"geom","properties":{"gid":39362672,"type":"Bâtiment en dur","code_dep":"10","code_insee":"10089"}},{"type":"Feature","id":"batiment.39454833","geometry":{"type":"MultiPolygon","coordinates":[[[[3.82015355,48.50004755],[3.82040426,48.5001168],[3.82044727,48.50005371],[3.82019601,48.49998374],[3.82015355,48.50004755]]]]},"geometry_name":"geom","properties":{"gid":39362673,"type":"Bâtiment en dur","code_dep":"10","code_insee":"10089"}},{"type":"Feature","id":"batiment.39454874","geometry":{"type":"MultiPolygon","coordinates":[[[[3.81980461,48.49997214],[3.82011555,48.50005843],[3.8201705,48.49997978],[3.81985699,48.49989351],[3.81980461,48.49997214]]]]},"geometry_name":"geom","properties":{"gid":39362713,"type":"Bâtiment en dur","code_dep":"10","code_insee":"10089"}},{"type":"Feature","id":"batiment.39454875","geometry":{"type":"MultiPolygon","coordinates":[[[[3.81940013,48.49979023],[3.81952338,48.4998206],[3.81955431,48.49977244],[3.81942873,48.49974074],[3.81940013,48.49979023]]]]},"geometry_name":"geom","properties":{"gid":39362714,"type":"Bâtiment en dur","code_dep":"10","code_insee":"10089"}},{"type":"Feature","id":"batiment.39455002","geometry":{"type":"MultiPolygon","coordinates":[[[[3.82185176,48.50104098],[3.82191568,48.50093061],[3.82164571,48.50085843],[3.82156851,48.50096836],[3.82185176,48.50104098]]]]},"geometry_name":"geom","properties":{"gid":39362843,"type":"Construction légère","code_dep":"10","code_insee":"10089"}},{"type":"Feature","id":"batiment.39455037","geometry":{"type":"MultiPolygon","coordinates":[[[[3.82131393,48.50090292],[3.82138419,48.50079061],[3.8214811,48.50063385],[3.82122514,48.5005668],[3.82112734,48.50072707],[3.82106016,48.5008372],[3.82131393,48.50090292]]]]},"geometry_name":"geom","properties":{"gid":39362879,"type":"Construction légère","code_dep":"10","code_insee":"10089"}},{"type":"Feature","id":"batiment.39455039","geometry":{"type":"MultiPolygon","coordinates":[[[[3.82521488,48.50119193],[3.82542739,48.50122437],[3.82554293,48.50092723],[3.82533402,48.50089108],[3.82521488,48.50119193]]]]},"geometry_name":"geom","properties":{"gid":39362881,"type":"Construction légère","code_dep":"10","code_insee":"10089"}},{"type":"Feature","id":"batiment.39455041","geometry":{"type":"MultiPolygon","coordinates":[[[[3.82683002,48.50135505],[3.82686122,48.50135925],[3.82687296,48.50132246],[3.82684217,48.5013188],[3.82683002,48.50135505]]]]},"geometry_name":"geom","properties":{"gid":39362883,"type":"Construction légère","code_dep":"10","code_insee":"10089"}},{"type":"Feature","id":"batiment.39455043","geometry":{"type":"MultiPolygon","coordinates":[[[[3.82300294,48.50077167],[3.8230345,48.50068698],[3.82296436,48.50067685],[3.82293694,48.50075827],[3.82300294,48.50077167]]]]},"geometry_name":"geom","properties":{"gid":39362885,"type":"Construction légère","code_dep":"10","code_insee":"10089"}},{"type":"Feature","id":"batiment.39455045","geometry":{"type":"MultiPolygon","coordinates":[[[[3.82011555,48.50005843],[3.81997041,48.50002228],[3.81985785,48.50020838],[3.82005278,48.50026038],[3.8201641,48.50007267],[3.82011555,48.50005843]]]]},"geometry_name":"geom","properties":{"gid":39362887,"type":"Construction légère","code_dep":"10","code_insee":"10089"}},{"type":"Feature","id":"batiment.39455602","geometry":{"type":"MultiPolygon","coordinates":[[[[3.81640913,48.48785087],[3.81640755,48.48784503],[3.81640341,48.48783984],[3.81639711,48.48783565],[3.81638909,48.48783301],[3.81638028,48.48783217],[3.8163715,48.48783313],[3.81636355,48.48783589],[3.8163574,48.48784016],[3.81635342,48.4878454],[3.81635215,48.48785126],[3.8163536,48.4878571],[3.81635774,48.48786237],[3.81636403,48.48786656],[3.81637206,48.4878692],[3.81638087,48.48787004],[3.81638965,48.48786908],[3.81639759,48.48786633],[3.81640375,48.48786206],[3.81640773,48.48785672],[3.81640913,48.48785087]]]]},"geometry_name":"geom","properties":{"gid":39363447,"type":"Bâtiment en dur","code_dep":"10","code_insee":"10089"}},{"type":"Feature","id":"batiment.39455603","geometry":{"type":"MultiPolygon","coordinates":[[[[3.81740073,48.49192565],[3.81740218,48.49193149],[3.81740632,48.49193677],[3.81741274,48.49194087],[3.81742077,48.49194342],[3.81742958,48.49194435],[3.81743836,48.4919433],[3.81744631,48.49194055],[3.8174526,48.49193636],[3.81745658,48.49193103],[3.81745784,48.49192517],[3.8174564,48.49191933],[3.81745226,48.49191414],[3.81744583,48.49190996],[3.8174378,48.49190732],[3.81742899,48.49190648],[3.81742021,48.49190744],[3.81741227,48.49191019],[3.81740597,48.49191446],[3.81740199,48.4919198],[3.81740073,48.49192565]]]]},"geometry_name":"geom","properties":{"gid":39363448,"type":"Bâtiment en dur","code_dep":"10","code_insee":"10089"}},{"type":"Feature","id":"batiment.39455604","geometry":{"type":"MultiPolygon","coordinates":[[[[3.81311807,48.49090624],[3.81311663,48.49090022],[3.81311235,48.49089476],[3.81310578,48.49089049],[3.81309748,48.49088776],[3.8130884,48.49088692],[3.81307935,48.49088788],[3.81307114,48.49089073],[3.81306471,48.49089509],[3.8130606,48.49090061],[3.8130592,48.49090664],[3.81306079,48.49091266],[3.81306507,48.49091812],[3.81307163,48.49092239],[3.81307993,48.49092512],[3.81308901,48.49092605],[3.81309806,48.490925],[3.81310627,48.49092215],[3.8131127,48.49091779],[3.81311681,48.49091228],[3.81311807,48.49090624]]]]},"geometry_name":"geom","properties":{"gid":39363449,"type":"Bâtiment en dur","code_dep":"10","code_insee":"10089"}},{"type":"Feature","id":"batiment.39456459","geometry":{"type":"MultiPolygon","coordinates":[[[[3.81550524,48.48438623],[3.81550668,48.48439216],[3.81551096,48.48439752],[3.81551739,48.4844018],[3.81552555,48.48440444],[3.81553449,48.48440537],[3.81554341,48.48440432],[3.81555149,48.48440156],[3.81555791,48.4843972],[3.81556189,48.48439178],[3.81556329,48.48438583],[3.81556171,48.4843799],[3.81555756,48.48437453],[3.815551,48.48437035],[3.81554284,48.48436762],[3.81553389,48.48436678],[3.81552498,48.48436774],[3.8155169,48.48437058],[3.81551061,48.48437486],[3.8155065,48.48438028],[3.81550524,48.48438623]]]]},"geometry_name":"geom","properties":{"gid":39364307,"type":"Bâtiment en dur","code_dep":"10","code_insee":"10089"}},{"type":"Feature","id":"batiment.39456460","geometry":{"type":"MultiPolygon","coordinates":[[[[3.81419122,48.48081967],[3.8141928,48.4808255],[3.81419694,48.48083078],[3.81420336,48.48083497],[3.81421139,48.48083761],[3.8142202,48.48083854],[3.81422911,48.48083749],[3.81423706,48.48083474],[3.81424335,48.48083046],[3.81424733,48.48082513],[3.81424859,48.48081927],[3.81424714,48.48081335],[3.814243,48.48080807],[3.81423658,48.48080388],[3.81422855,48.48080124],[3.81421961,48.4808004],[3.81421083,48.48080136],[3.81420289,48.48080411],[3.81419659,48.48080838],[3.81419262,48.48081372],[3.81419122,48.48081967]]]]},"geometry_name":"geom","properties":{"gid":39364308,"type":"Bâtiment en dur","code_dep":"10","code_insee":"10089"}},{"type":"Feature","id":"batiment.39456461","geometry":{"type":"MultiPolygon","coordinates":[[[[3.81037683,48.48025909],[3.81037827,48.48026484],[3.81038227,48.48026994],[3.81038856,48.48027404],[3.81039645,48.48027668],[3.81040512,48.48027752],[3.81041377,48.48027656],[3.81042144,48.48027381],[3.8104276,48.48026963],[3.81043144,48.48026448],[3.81043271,48.48025871],[3.81043126,48.48025296],[3.81042726,48.48024777],[3.81042097,48.48024368],[3.81041322,48.48024112],[3.81040455,48.48024028],[3.8103959,48.48024124],[3.81038809,48.4802439],[3.81038193,48.48024808],[3.81037809,48.48025332],[3.81037683,48.48025909]]]]},"geometry_name":"geom","properties":{"gid":39364309,"type":"Bâtiment en dur","code_dep":"10","code_insee":"10089"}},{"type":"Feature","id":"batiment.39459168","geometry":{"type":"MultiPolygon","coordinates":[[[[3.82290833,48.49994385],[3.82295138,48.49995281],[3.82297878,48.49989604],[3.82293304,48.49988835],[3.82290833,48.49994385]]]]},"geometry_name":"geom","properties":{"gid":39367032,"type":"Bâtiment en dur","code_dep":"10","code_insee":"10089"}},{"type":"Feature","id":"batiment.39459170","geometry":{"type":"MultiPolygon","coordinates":[[[[3.82241203,48.50010571],[3.82324014,48.50027334],[3.82334224,48.50004232],[3.82289126,48.49995206],[3.82294163,48.49984079],[3.82265346,48.49978215],[3.82260158,48.49989235],[3.82251712,48.49987566],[3.82241203,48.50010571]]]]},"geometry_name":"geom","properties":{"gid":39367034,"type":"Bâtiment en dur","code_dep":"10","code_insee":"10089"}},{"type":"Feature","id":"batiment.39459172","geometry":{"type":"MultiPolygon","coordinates":[[[[3.82148627,48.49976233],[3.82164689,48.49980144],[3.82168772,48.49972891],[3.82152412,48.49968992],[3.82148627,48.49976233]]]]},"geometry_name":"geom","properties":{"gid":39367036,"type":"Bâtiment en dur","code_dep":"10","code_insee":"10089"}},{"type":"Feature","id":"batiment.39786103","geometry":{"type":"MultiPolygon","coordinates":[[[[3.79383112,48.51289874],[3.79388142,48.51289418],[3.79387352,48.51285537],[3.79382308,48.51286002],[3.79383112,48.51289874]]]]},"geometry_name":"geom","properties":{"gid":39696775,"type":"Construction légère","code_dep":"10","code_insee":"10220"}},{"type":"Feature","id":"batiment.39786104","geometry":{"type":"MultiPolygon","coordinates":[[[[3.79231878,48.50041708],[3.79232749,48.50050042],[3.79237294,48.50048032],[3.79236599,48.50041488],[3.79231878,48.50041708]]]]},"geometry_name":"geom","properties":{"gid":39696776,"type":"Construction légère","code_dep":"10","code_insee":"10220"}},{"type":"Feature","id":"batiment.39786105","geometry":{"type":"MultiPolygon","coordinates":[[[[3.79225439,48.50036596],[3.79226878,48.50050324],[3.79232749,48.50050042],[3.79231878,48.50041708],[3.79231309,48.50036323],[3.79225439,48.50036596]]]]},"geometry_name":"geom","properties":{"gid":39696777,"type":"Bâtiment en dur","code_dep":"10","code_insee":"10220"}},{"type":"Feature","id":"batiment.39786106","geometry":{"type":"MultiPolygon","coordinates":[[[[3.80848608,48.51146265],[3.80852701,48.51145652],[3.80852403,48.51144772],[3.8084831,48.51145385],[3.80848608,48.51146265]]]]},"geometry_name":"geom","properties":{"gid":39696778,"type":"Construction légère","code_dep":"10","code_insee":"10220"}},{"type":"Feature","id":"batiment.39786107","geometry":{"type":"MultiPolygon","coordinates":[[[[3.80844258,48.51153041],[3.80850593,48.51152099],[3.80848608,48.51146265],[3.8084831,48.51145385],[3.80852403,48.51144772],[3.80852701,48.51145652],[3.80864724,48.51143861],[3.8086207,48.51135962],[3.8084821,48.51138027],[3.80839618,48.511393],[3.80844258,48.51153041]]]]},"geometry_name":"geom","properties":{"gid":39696779,"type":"Bâtiment en dur","code_dep":"10","code_insee":"10220"}},{"type":"Feature","id":"batiment.39786146","geometry":{"type":"MultiPolygon","coordinates":[[[[3.79360558,48.51279418],[3.79361077,48.51285955],[3.79366227,48.51285417],[3.79365618,48.51279132],[3.79360558,48.51279418]]]]},"geometry_name":"geom","properties":{"gid":39696818,"type":"Bâtiment en dur","code_dep":"10","code_insee":"10220"}},{"type":"Feature","id":"batiment.39786147","geometry":{"type":"MultiPolygon","coordinates":[[[[3.79192482,48.50065712],[3.79206716,48.50065266],[3.79220096,48.50064664],[3.79234231,48.50063958],[3.79233584,48.5005789],[3.79200723,48.50059225],[3.79200699,48.50057615],[3.79196656,48.50057938],[3.79196682,48.50059648],[3.79191987,48.50059823],[3.79192482,48.50065712]]]]},"geometry_name":"geom","properties":{"gid":39696819,"type":"Bâtiment en dur","code_dep":"10","code_insee":"10220"}},{"type":"Feature","id":"batiment.39786148","geometry":{"type":"MultiPolygon","coordinates":[[[[3.77656517,48.50075122],[3.77690077,48.50069801],[3.77699301,48.50068329],[3.7769158,48.50053319],[3.77691301,48.50052754],[3.77684075,48.50053899],[3.77650542,48.50059228],[3.77656517,48.50075122]]]]},"geometry_name":"geom","properties":{"gid":39696820,"type":"Bâtiment en dur","code_dep":"10","code_insee":"10220"}},{"type":"Feature","id":"batiment.39786149","geometry":{"type":"MultiPolygon","coordinates":[[[[3.79770957,48.51484772],[3.79769215,48.51481554],[3.79760554,48.51483628],[3.79762295,48.51486846],[3.79770957,48.51484772]]]]},"geometry_name":"geom","properties":{"gid":39696821,"type":"Bâtiment en dur","code_dep":"10","code_insee":"10220"}},{"type":"Feature","id":"batiment.39786150","geometry":{"type":"MultiPolygon","coordinates":[[[[3.79220096,48.50064664],[3.79220393,48.50066453],[3.79224519,48.50066236],[3.7922504,48.50069363],[3.79230165,48.50069032],[3.79229524,48.50064197],[3.79220096,48.50064664]]]]},"geometry_name":"geom","properties":{"gid":39696822,"type":"Bâtiment en dur","code_dep":"10","code_insee":"10220"}},{"type":"Feature","id":"batiment.39786178","geometry":{"type":"MultiPolygon","coordinates":[[[[3.80417764,48.50165483],[3.80419744,48.5018161],[3.80447392,48.50180127],[3.80445425,48.50163992],[3.80417764,48.50165483]]]]},"geometry_name":"geom","properties":{"gid":39696850,"type":"Construction légère","code_dep":"10","code_insee":"10220"}},{"type":"Feature","id":"batiment.39786179","geometry":{"type":"MultiPolygon","coordinates":[[[[3.80444109,48.50153232],[3.80453686,48.50152717],[3.80450357,48.50125463],[3.80440767,48.50125978],[3.80444109,48.50153232]]]]},"geometry_name":"geom","properties":{"gid":39696851,"type":"Bâtiment en dur","code_dep":"10","code_insee":"10220"}},{"type":"Feature","id":"batiment.39786210","geometry":{"type":"MultiPolygon","coordinates":[[[[3.80831374,48.51114778],[3.80827401,48.51115318],[3.80829374,48.51121197],[3.80833346,48.51120657],[3.80831374,48.51114778]]]]},"geometry_name":"geom","properties":{"gid":39696882,"type":"Bâtiment en dur","code_dep":"10","code_insee":"10220"}},{"type":"Feature","id":"batiment.39786213","geometry":{"type":"MultiPolygon","coordinates":[[[[3.77906358,48.50186453],[3.77907433,48.50185906],[3.77900797,48.50180228],[3.77899722,48.50180775],[3.77906358,48.50186453]]]]},"geometry_name":"geom","properties":{"gid":39696885,"type":"Construction légère","code_dep":"10","code_insee":"10220"}},{"type":"Feature","id":"batiment.39786214","geometry":{"type":"MultiPolygon","coordinates":[[[[3.80417764,48.50165483],[3.80445425,48.50163992],[3.80438787,48.50109843],[3.8041114,48.50111343],[3.80417764,48.50165483]]]]},"geometry_name":"geom","properties":{"gid":39696886,"type":"Bâtiment en dur","code_dep":"10","code_insee":"10220"}},{"type":"Feature","id":"batiment.39786253","geometry":{"type":"MultiPolygon","coordinates":[[[[3.77900499,48.50193905],[3.77905834,48.50191288],[3.7790969,48.50189301],[3.77918436,48.50184773],[3.77915118,48.50181934],[3.77906358,48.50186453],[3.77899722,48.50180775],[3.77890599,48.50185432],[3.77900499,48.50193905]]]]},"geometry_name":"geom","properties":{"gid":39696924,"type":"Bâtiment en dur","code_dep":"10","code_insee":"10220"}},{"type":"Feature","id":"batiment.39806406","geometry":{"type":"MultiPolygon","coordinates":[[[[3.75062716,48.51138329],[3.75055397,48.51140678],[3.75058352,48.51144726],[3.75068582,48.51141413],[3.75059192,48.51128608],[3.75048976,48.51131902],[3.75051737,48.51135672],[3.75059015,48.51133314],[3.75062716,48.51138329]]]]},"geometry_name":"geom","properties":{"gid":39717237,"type":"Construction légère","code_dep":"10","code_insee":"10323"}},{"type":"Feature","id":"batiment.39882072","geometry":{"type":"MultiPolygon","coordinates":[[[[3.80079758,48.51393731],[3.80083011,48.51398361],[3.80097493,48.51394359],[3.80100763,48.51399284],[3.80108139,48.5139722],[3.8010165,48.51387295],[3.80079758,48.51393731]]]]},"geometry_name":"geom","properties":{"gid":39793473,"type":"Bâtiment en dur","code_dep":"10","code_insee":"10220"}},{"type":"Feature","id":"batiment.39882073","geometry":{"type":"MultiPolygon","coordinates":[[[[3.80131113,48.51396084],[3.80125719,48.51386009],[3.80113711,48.51388825],[3.80115407,48.51391719],[3.80116532,48.51393574],[3.80126029,48.51409847],[3.80126542,48.51409735],[3.80134202,48.51407713],[3.80135497,48.5140739],[3.80129022,48.51396593],[3.80131113,48.51396084]]]]},"geometry_name":"geom","properties":{"gid":39793474,"type":"Bâtiment en dur","code_dep":"10","code_insee":"10220"}},{"type":"Feature","id":"batiment.39882106","geometry":{"type":"MultiPolygon","coordinates":[[[[3.8012782,48.51411886],[3.80123424,48.51413031],[3.80126164,48.51417826],[3.80130736,48.51416643],[3.8012782,48.51411886]]]]},"geometry_name":"geom","properties":{"gid":39793507,"type":"Bâtiment en dur","code_dep":"10","code_insee":"10220"}},{"type":"Feature","id":"batiment.39882107","geometry":{"type":"MultiPolygon","coordinates":[[[[3.80136865,48.51379069],[3.8014372,48.51392563],[3.80145058,48.51392446],[3.80146244,48.51394696],[3.80155082,48.51392666],[3.80153761,48.51390417],[3.80156257,48.51389806],[3.80152022,48.51382071],[3.80154639,48.51381441],[3.80153457,48.51379371],[3.80150839,48.51379974],[3.8014893,48.51376415],[3.80136865,48.51379069]]]]},"geometry_name":"geom","properties":{"gid":39793508,"type":"Bâtiment en dur","code_dep":"10","code_insee":"10220"}},{"type":"Feature","id":"batiment.39882108","geometry":{"type":"MultiPolygon","coordinates":[[[[3.79878926,48.51215886],[3.79883191,48.51215893],[3.79883295,48.51213823],[3.79884283,48.5121379],[3.79884364,48.51212899],[3.79879095,48.51212808],[3.79878926,48.51215886]]]]},"geometry_name":"geom","properties":{"gid":39793509,"type":"Bâtiment en dur","code_dep":"10","code_insee":"10220"}},{"type":"Feature","id":"batiment.39882109","geometry":{"type":"MultiPolygon","coordinates":[[[[3.79585202,48.51563116],[3.79589897,48.51569157],[3.79591787,48.51571474],[3.79597607,48.51578416],[3.79605462,48.51575809],[3.79592995,48.51560949],[3.79585202,48.51563116]]]]},"geometry_name":"geom","properties":{"gid":39793510,"type":"Bâtiment en dur","code_dep":"10","code_insee":"10220"}},{"type":"Feature","id":"batiment.39882110","geometry":{"type":"MultiPolygon","coordinates":[[[[3.79603619,48.51564144],[3.79611737,48.51573509],[3.79621376,48.515707],[3.79623809,48.51574831],[3.79643244,48.51569717],[3.79640917,48.51563624],[3.79638094,48.51556959],[3.79637569,48.5155716],[3.79629327,48.51559276],[3.79631236,48.51562825],[3.79632184,48.51564582],[3.79618413,48.51568138],[3.79617453,48.51566471],[3.7961698,48.51565656],[3.79610917,48.51567639],[3.79607651,48.51563019],[3.79603619,48.51564144]]]]},"geometry_name":"geom","properties":{"gid":39793511,"type":"Bâtiment en dur","code_dep":"10","code_insee":"10220"}},{"type":"Feature","id":"batiment.39882111","geometry":{"type":"MultiPolygon","coordinates":[[[[3.79648076,48.51566014],[3.79650044,48.51570823],[3.79659374,48.5156906],[3.79657869,48.51565337],[3.79651874,48.51566474],[3.79651343,48.51565389],[3.79648076,48.51566014]]]]},"geometry_name":"geom","properties":{"gid":39793512,"type":"Bâtiment en dur","code_dep":"10","code_insee":"10220"}},{"type":"Feature","id":"batiment.39882112","geometry":{"type":"MultiPolygon","coordinates":[[[[3.79708131,48.51520612],[3.79715042,48.51529013],[3.79722853,48.51526217],[3.79726578,48.51530699],[3.79733216,48.51528226],[3.79729271,48.51523529],[3.79722646,48.51525967],[3.79719116,48.51521744],[3.79715711,48.51517808],[3.79708131,48.51520612]]]]},"geometry_name":"geom","properties":{"gid":39793513,"type":"Bâtiment en dur","code_dep":"10","code_insee":"10220"}},{"type":"Feature","id":"batiment.39882113","geometry":{"type":"MultiPolygon","coordinates":[[[[3.79786374,48.51512035],[3.79777857,48.51514702],[3.79781094,48.5151916],[3.79789365,48.51516343],[3.79786374,48.51512035]]]]},"geometry_name":"geom","properties":{"gid":39793514,"type":"Bâtiment en dur","code_dep":"10","code_insee":"10220"}},{"type":"Feature","id":"batiment.39882145","geometry":{"type":"MultiPolygon","coordinates":[[[[3.79775727,48.51496579],[3.79762439,48.51500753],[3.79767545,48.51507997],[3.79769542,48.51507515],[3.79771159,48.51509682],[3.79777789,48.51507577],[3.79776008,48.51505286],[3.79781157,48.51503731],[3.79775727,48.51496579]]]]},"geometry_name":"geom","properties":{"gid":39793546,"type":"Bâtiment en dur","code_dep":"10","code_insee":"10220"}},{"type":"Feature","id":"batiment.39882146","geometry":{"type":"MultiPolygon","coordinates":[[[[3.79796024,48.51523243],[3.7980327,48.5152162],[3.7980137,48.51517791],[3.79793802,48.5151965],[3.79796024,48.51523243]]]]},"geometry_name":"geom","properties":{"gid":39793547,"type":"Bâtiment en dur","code_dep":"10","code_insee":"10220"}},{"type":"Feature","id":"batiment.39882147","geometry":{"type":"MultiPolygon","coordinates":[[[[3.79797434,48.51525168],[3.79798665,48.51526851],[3.79806681,48.51524188],[3.79805435,48.51522397],[3.79797434,48.51525168]]]]},"geometry_name":"geom","properties":{"gid":39793548,"type":"Bâtiment en dur","code_dep":"10","code_insee":"10220"}},{"type":"Feature","id":"batiment.39882148","geometry":{"type":"MultiPolygon","coordinates":[[[[3.79809836,48.51520613],[3.79819021,48.51518258],[3.79811702,48.51505298],[3.79817918,48.5150361],[3.7981526,48.5150065],[3.79811131,48.51498033],[3.79804688,48.51499974],[3.79807813,48.51506035],[3.79802244,48.51507548],[3.79809836,48.51520613]]]]},"geometry_name":"geom","properties":{"gid":39793549,"type":"Bâtiment en dur","code_dep":"10","code_insee":"10220"}},{"type":"Feature","id":"batiment.39882149","geometry":{"type":"MultiPolygon","coordinates":[[[[3.79818997,48.51468634],[3.79822978,48.51471288],[3.79819087,48.51473654],[3.79824485,48.51477774],[3.79839463,48.51468983],[3.79830344,48.5146236],[3.79818997,48.51468634]]]]},"geometry_name":"geom","properties":{"gid":39793550,"type":"Bâtiment en dur","code_dep":"10","code_insee":"10220"}},{"type":"Feature","id":"batiment.39882150","geometry":{"type":"MultiPolygon","coordinates":[[[[3.79860076,48.51475474],[3.7985153,48.51478923],[3.79853279,48.51480828],[3.7986177,48.51477343],[3.79860076,48.51475474]]]]},"geometry_name":"geom","properties":{"gid":39793551,"type":"Bâtiment en dur","code_dep":"10","code_insee":"10220"}},{"type":"Feature","id":"batiment.39882151","geometry":{"type":"MultiPolygon","coordinates":[[[[3.7988913,48.51472553],[3.79899543,48.51484106],[3.79909408,48.51480145],[3.79906141,48.51476316],[3.79904243,48.51477067],[3.79897028,48.51469235],[3.7988913,48.51472553]]]]},"geometry_name":"geom","properties":{"gid":39793552,"type":"Bâtiment en dur","code_dep":"10","code_insee":"10220"}},{"type":"Feature","id":"batiment.39882152","geometry":{"type":"MultiPolygon","coordinates":[[[[3.79929717,48.51471992],[3.7993515,48.51469518],[3.79926611,48.51460984],[3.79921136,48.51463396],[3.79929717,48.51471992]]]]},"geometry_name":"geom","properties":{"gid":39793553,"type":"Bâtiment en dur","code_dep":"10","code_insee":"10220"}},{"type":"Feature","id":"batiment.39882153","geometry":{"type":"MultiPolygon","coordinates":[[[[3.79918924,48.51448855],[3.79926087,48.51455914],[3.79945032,48.5144715],[3.79938776,48.51440948],[3.79929996,48.51444993],[3.79923474,48.51447942],[3.799225,48.5144713],[3.79918924,48.51448855]]]]},"geometry_name":"geom","properties":{"gid":39793554,"type":"Bâtiment en dur","code_dep":"10","code_insee":"10220"}},{"type":"Feature","id":"batiment.39882154","geometry":{"type":"MultiPolygon","coordinates":[[[[3.79957912,48.51435818],[3.79966531,48.51444261],[3.79967969,48.51443577],[3.79971983,48.51447472],[3.79979699,48.51443786],[3.79975429,48.51439928],[3.79977188,48.51438981],[3.79971375,48.51433361],[3.79969829,48.514341],[3.79967001,48.51431555],[3.79963734,48.5143308],[3.79961059,48.51434348],[3.79957912,48.51435818]]]]},"geometry_name":"geom","properties":{"gid":39793555,"type":"Bâtiment en dur","code_dep":"10","code_insee":"10220"}},{"type":"Feature","id":"batiment.39882182","geometry":{"type":"MultiPolygon","coordinates":[[[[3.79999409,48.51423025],[3.80005015,48.51430139],[3.8002063,48.51424969],[3.80016653,48.5141994],[3.80013066,48.51420927],[3.80011655,48.51418966],[3.79999409,48.51423025]]]]},"geometry_name":"geom","properties":{"gid":39793582,"type":"Bâtiment en dur","code_dep":"10","code_insee":"10220"}},{"type":"Feature","id":"batiment.39882183","geometry":{"type":"MultiPolygon","coordinates":[[[[3.7940291,48.51663087],[3.79402306,48.51668839],[3.79418007,48.51669247],[3.79417974,48.51669787],[3.79442845,48.51670368],[3.79442869,48.51669243],[3.79447405,48.51669258],[3.79447584,48.51664965],[3.7944757,48.51664066],[3.79437153,48.51663803],[3.7940291,48.51663087]]]]},"geometry_name":"geom","properties":{"gid":39793583,"type":"Bâtiment en dur","code_dep":"10","code_insee":"10220"}},{"type":"Feature","id":"batiment.39882184","geometry":{"type":"MultiPolygon","coordinates":[[[[3.79351966,48.51666567],[3.79367826,48.51664032],[3.79363986,48.51651895],[3.79361763,48.51645468],[3.79355579,48.51626968],[3.79365231,48.51625014],[3.7935566,48.51596542],[3.79345898,48.51598371],[3.79346014,48.5159891],[3.79338096,48.5160006],[3.79343202,48.51616201],[3.79328831,48.51618636],[3.79330496,48.51623096],[3.79328713,48.5162336],[3.79330505,48.51628161],[3.79334492,48.51627631],[3.79335942,48.51631318],[3.79339954,48.51630644],[3.79351966,48.51666567]]]]},"geometry_name":"geom","properties":{"gid":39793584,"type":"Bâtiment en dur","code_dep":"10","code_insee":"10220"}},{"type":"Feature","id":"batiment.39882186","geometry":{"type":"MultiPolygon","coordinates":[[[[3.79318764,48.51586029],[3.79314956,48.51559812],[3.79306376,48.51560131],[3.79309873,48.51586394],[3.79318764,48.51586029]]]]},"geometry_name":"geom","properties":{"gid":39793586,"type":"Bâtiment en dur","code_dep":"10","code_insee":"10220"}},{"type":"Feature","id":"batiment.39882187","geometry":{"type":"MultiPolygon","coordinates":[[[[3.79327114,48.51585667],[3.79350242,48.51584766],[3.79349744,48.51579615],[3.79326805,48.51580506],[3.79327114,48.51585667]]]]},"geometry_name":"geom","properties":{"gid":39793587,"type":"Bâtiment en dur","code_dep":"10","code_insee":"10220"}},{"type":"Feature","id":"batiment.39882188","geometry":{"type":"MultiPolygon","coordinates":[[[[3.79279103,48.5152063],[3.7929798,48.51519838],[3.79297687,48.51515657],[3.79296314,48.51498258],[3.7927726,48.51499051],[3.79279103,48.5152063]]]]},"geometry_name":"geom","properties":{"gid":39793588,"type":"Bâtiment en dur","code_dep":"10","code_insee":"10220"}},{"type":"Feature","id":"batiment.39882189","geometry":{"type":"MultiPolygon","coordinates":[[[[3.79377564,48.51504895],[3.79379653,48.51505124],[3.79380007,48.51503457],[3.79377945,48.51503255],[3.79377564,48.51504895]]]]},"geometry_name":"geom","properties":{"gid":39793589,"type":"Bâtiment en dur","code_dep":"10","code_insee":"10220"}},{"type":"Feature","id":"batiment.39882190","geometry":{"type":"MultiPolygon","coordinates":[[[[3.79381904,48.51503598],[3.79385342,48.51504384],[3.79384692,48.5150617],[3.79392897,48.51507896],[3.79396282,48.51500713],[3.79387792,48.51498943],[3.79386544,48.51501479],[3.79383216,48.51500773],[3.79381904,48.51503598]]]]},"geometry_name":"geom","properties":{"gid":39793590,"type":"Bâtiment en dur","code_dep":"10","code_insee":"10220"}},{"type":"Feature","id":"batiment.39882191","geometry":{"type":"MultiPolygon","coordinates":[[[[3.79348919,48.51412308],[3.79368288,48.51414464],[3.7937011,48.5140693],[3.79357674,48.51405646],[3.79358372,48.51402538],[3.79351807,48.5140179],[3.79348919,48.51412308]]]]},"geometry_name":"geom","properties":{"gid":39793591,"type":"Bâtiment en dur","code_dep":"10","code_insee":"10220"}},{"type":"Feature","id":"batiment.39882192","geometry":{"type":"MultiPolygon","coordinates":[[[[3.79416071,48.51407226],[3.79436927,48.51403866],[3.79434125,48.5139586],[3.79413377,48.51399157],[3.79416071,48.51407226]]]]},"geometry_name":"geom","properties":{"gid":39793592,"type":"Bâtiment en dur","code_dep":"10","code_insee":"10220"}},{"type":"Feature","id":"batiment.39882221","geometry":{"type":"MultiPolygon","coordinates":[[[[3.79455279,48.51531985],[3.79464042,48.51531225],[3.79462599,48.51522706],[3.79453687,48.51523422],[3.79455279,48.51531985]]]]},"geometry_name":"geom","properties":{"gid":39793623,"type":"Bâtiment en dur","code_dep":"10","code_insee":"10220"}},{"type":"Feature","id":"batiment.39882222","geometry":{"type":"MultiPolygon","coordinates":[[[[3.79449584,48.51367841],[3.79451273,48.51372112],[3.794518,48.51372028],[3.79453373,48.51375733],[3.79457126,48.51375042],[3.79458234,48.51377572],[3.79456897,48.51377805],[3.79461124,48.51387781],[3.79467713,48.51386549],[3.7946854,48.5138837],[3.79474602,48.51387196],[3.79473276,48.51385523],[3.79472465,48.51385573],[3.79464563,48.51365438],[3.79449584,48.51367841]]]]},"geometry_name":"geom","properties":{"gid":39793624,"type":"Bâtiment en dur","code_dep":"10","code_insee":"10220"}},{"type":"Feature","id":"batiment.39882224","geometry":{"type":"MultiPolygon","coordinates":[[[[3.79479974,48.5136287],[3.79484903,48.51373624],[3.79494911,48.51371902],[3.79490253,48.51361209],[3.79479974,48.5136287]]]]},"geometry_name":"geom","properties":{"gid":39793626,"type":"Bâtiment en dur","code_dep":"10","code_insee":"10220"}},{"type":"Feature","id":"batiment.39882225","geometry":{"type":"MultiPolygon","coordinates":[[[[3.79467359,48.51401594],[3.79466521,48.51401725],[3.79471255,48.51412111],[3.79508879,48.51404599],[3.79504591,48.5139413],[3.79502118,48.51388218],[3.7949444,48.51390014],[3.7949626,48.51395706],[3.79467359,48.51401594]]]]},"geometry_name":"geom","properties":{"gid":39793627,"type":"Bâtiment en dur","code_dep":"10","code_insee":"10220"}},{"type":"Feature","id":"batiment.39882226","geometry":{"type":"MultiPolygon","coordinates":[[[[3.79497972,48.51439884],[3.79502891,48.51449981],[3.79513245,48.51447878],[3.79508592,48.51437456],[3.79497972,48.51439884]]]]},"geometry_name":"geom","properties":{"gid":39793628,"type":"Bâtiment en dur","code_dep":"10","code_insee":"10220"}},{"type":"Feature","id":"batiment.39882227","geometry":{"type":"MultiPolygon","coordinates":[[[[3.79517952,48.51451976],[3.79519319,48.51454657],[3.7952407,48.51453626],[3.79523123,48.51450997],[3.79517952,48.51451976]]]]},"geometry_name":"geom","properties":{"gid":39793629,"type":"Bâtiment en dur","code_dep":"10","code_insee":"10220"}},{"type":"Feature","id":"batiment.39882228","geometry":{"type":"MultiPolygon","coordinates":[[[[3.79506526,48.51467346],[3.79508909,48.51472674],[3.79514825,48.51471717],[3.79519463,48.51482904],[3.79517194,48.51483261],[3.79518134,48.5148545],[3.79527075,48.51483933],[3.79528953,48.51483677],[3.79523793,48.51470181],[3.79521897,48.51464778],[3.79506526,48.51467346]]]]},"geometry_name":"geom","properties":{"gid":39793630,"type":"Bâtiment en dur","code_dep":"10","code_insee":"10220"}},{"type":"Feature","id":"batiment.39882229","geometry":{"type":"MultiPolygon","coordinates":[[[[3.79504673,48.51491577],[3.7952758,48.51491315],[3.79541728,48.51491221],[3.79540438,48.51487397],[3.79504534,48.51487781],[3.79504673,48.51491577]]]]},"geometry_name":"geom","properties":{"gid":39793631,"type":"Bâtiment en dur","code_dep":"10","code_insee":"10220"}},{"type":"Feature","id":"batiment.39882230","geometry":{"type":"MultiPolygon","coordinates":[[[[3.79466925,48.51493628],[3.79471369,48.51500058],[3.79476205,48.51499288],[3.79472476,48.51493555],[3.79466925,48.51493628]]]]},"geometry_name":"geom","properties":{"gid":39793632,"type":"Bâtiment en dur","code_dep":"10","code_insee":"10220"}},{"type":"Feature","id":"batiment.39882231","geometry":{"type":"MultiPolygon","coordinates":[[[[3.79515424,48.51499619],[3.79519401,48.51507374],[3.79520988,48.51510279],[3.79516552,48.51511505],[3.79519281,48.51516461],[3.79523623,48.51515281],[3.7953287,48.51512502],[3.79531707,48.51509919],[3.79533745,48.51509483],[3.79532708,48.51507159],[3.79530547,48.51507543],[3.79529907,48.5150636],[3.79534991,48.51505021],[3.79534495,48.51503585],[3.79529004,48.51504854],[3.79525418,48.51496979],[3.79515424,48.51499619]]]]},"geometry_name":"geom","properties":{"gid":39793633,"type":"Bâtiment en dur","code_dep":"10","code_insee":"10220"}},{"type":"Feature","id":"batiment.39882262","geometry":{"type":"MultiPolygon","coordinates":[[[[3.79530548,48.51504007],[3.79537436,48.51502828],[3.79536634,48.51499972],[3.79529598,48.51501189],[3.79530548,48.51504007]]]]},"geometry_name":"geom","properties":{"gid":39793664,"type":"Bâtiment en dur","code_dep":"10","code_insee":"10220"}},{"type":"Feature","id":"batiment.39882263","geometry":{"type":"MultiPolygon","coordinates":[[[[3.79493036,48.51529646],[3.79495405,48.51532293],[3.79500036,48.51530543],[3.79497828,48.51527787],[3.79493036,48.51529646]]]]},"geometry_name":"geom","properties":{"gid":39793665,"type":"Bâtiment en dur","code_dep":"10","code_insee":"10220"}},{"type":"Feature","id":"batiment.39882264","geometry":{"type":"MultiPolygon","coordinates":[[[[3.79512769,48.51528164],[3.79516381,48.5153235],[3.79525374,48.51528908],[3.79530471,48.51534667],[3.79541041,48.5153071],[3.79531935,48.51520461],[3.79523465,48.51523594],[3.79522931,48.51524102],[3.79512769,48.51528164]]]]},"geometry_name":"geom","properties":{"gid":39793666,"type":"Bâtiment en dur","code_dep":"10","code_insee":"10220"}},{"type":"Feature","id":"batiment.39882265","geometry":{"type":"MultiPolygon","coordinates":[[[[3.79533673,48.51538667],[3.79536514,48.51542948],[3.79539036,48.51542248],[3.79540498,48.51544028],[3.79550391,48.51541011],[3.79548061,48.51538238],[3.79547009,48.51538551],[3.79545218,48.51535603],[3.79533673,48.51538667]]]]},"geometry_name":"geom","properties":{"gid":39793667,"type":"Bâtiment en dur","code_dep":"10","code_insee":"10220"}},{"type":"Feature","id":"batiment.39882266","geometry":{"type":"MultiPolygon","coordinates":[[[[3.79556756,48.51549065],[3.79552181,48.51542969],[3.79542018,48.51546042],[3.79542062,48.51546294],[3.79535324,48.51548381],[3.79538145,48.51552266],[3.79542583,48.51551175],[3.79543138,48.51552008],[3.79545929,48.51551252],[3.79546358,48.51551833],[3.79544146,48.51552433],[3.7954711,48.51556794],[3.79552082,48.51555205],[3.79553993,48.51557954],[3.79561321,48.51555449],[3.79556756,48.51549065]]]]},"geometry_name":"geom","properties":{"gid":39793668,"type":"Bâtiment en dur","code_dep":"10","code_insee":"10220"}},{"type":"Feature","id":"batiment.39882267","geometry":{"type":"MultiPolygon","coordinates":[[[[3.79526251,48.51580522],[3.79522706,48.51574473],[3.79518645,48.51575454],[3.79522542,48.51581474],[3.79526251,48.51580522]]]]},"geometry_name":"geom","properties":{"gid":39793669,"type":"Bâtiment en dur","code_dep":"10","code_insee":"10220"}},{"type":"Feature","id":"batiment.39882268","geometry":{"type":"MultiPolygon","coordinates":[[[[3.79549448,48.51568114],[3.79550345,48.51572822],[3.79557671,48.51571936],[3.7955705,48.5156935],[3.7955653,48.51567194],[3.79549448,48.51568114]]]]},"geometry_name":"geom","properties":{"gid":39793670,"type":"Bâtiment en dur","code_dep":"10","code_insee":"10220"}},{"type":"Feature","id":"batiment.39882269","geometry":{"type":"MultiPolygon","coordinates":[[[[3.79548117,48.51585729],[3.79553657,48.51584954],[3.79562882,48.51583354],[3.79559734,48.51573119],[3.79550173,48.51574811],[3.7954494,48.5157625],[3.79548117,48.51585729]]]]},"geometry_name":"geom","properties":{"gid":39793671,"type":"Bâtiment en dur","code_dep":"10","code_insee":"10220"}},{"type":"Feature","id":"batiment.39882270","geometry":{"type":"MultiPolygon","coordinates":[[[[3.79571045,48.51534108],[3.79574414,48.51542011],[3.79578898,48.51541207],[3.79583782,48.51553454],[3.79595017,48.515514],[3.79586657,48.51531421],[3.79571045,48.51534108]]]]},"geometry_name":"geom","properties":{"gid":39793672,"type":"Bâtiment en dur","code_dep":"10","code_insee":"10220"}},{"type":"Feature","id":"batiment.39882271","geometry":{"type":"MultiPolygon","coordinates":[[[[3.79579925,48.51502732],[3.79567669,48.51505306],[3.79566063,48.5150565],[3.79565399,48.51506509],[3.79566956,48.51510034],[3.79568359,48.51510609],[3.79569978,48.51510221],[3.79573821,48.51518975],[3.7958581,48.51516664],[3.79579925,48.51502732]]]]},"geometry_name":"geom","properties":{"gid":39793673,"type":"Bâtiment en dur","code_dep":"10","code_insee":"10220"}},{"type":"Feature","id":"batiment.39882304","geometry":{"type":"MultiPolygon","coordinates":[[[[3.79300319,48.51455985],[3.79264383,48.51449775],[3.7926386,48.51450993],[3.7925501,48.51449558],[3.79251826,48.51457496],[3.79260651,48.51459039],[3.79273004,48.51461115],[3.79272665,48.51462008],[3.79294722,48.51465523],[3.79295926,48.51462771],[3.79297147,48.51462933],[3.79300319,48.51455985]]]]},"geometry_name":"geom","properties":{"gid":39793706,"type":"Bâtiment en dur","code_dep":"10","code_insee":"10220"}},{"type":"Feature","id":"batiment.39882305","geometry":{"type":"MultiPolygon","coordinates":[[[[3.7924952,48.51415085],[3.79250119,48.51425166],[3.79281008,48.51424474],[3.79280801,48.51414382],[3.7924952,48.51415085]]]]},"geometry_name":"geom","properties":{"gid":39793707,"type":"Bâtiment en dur","code_dep":"10","code_insee":"10220"}},{"type":"Feature","id":"batiment.39882306","geometry":{"type":"MultiPolygon","coordinates":[[[[3.79295518,48.51409758],[3.79289561,48.51422402],[3.79301746,48.51425002],[3.79307701,48.51412268],[3.79295518,48.51409758]]]]},"geometry_name":"geom","properties":{"gid":39793708,"type":"Bâtiment en dur","code_dep":"10","code_insee":"10220"}},{"type":"Feature","id":"batiment.39882307","geometry":{"type":"MultiPolygon","coordinates":[[[[3.79283339,48.51378955],[3.79287269,48.51392559],[3.79300066,48.51390845],[3.79296299,48.51377241],[3.79283339,48.51378955]]]]},"geometry_name":"geom","properties":{"gid":39793709,"type":"Bâtiment en dur","code_dep":"10","code_insee":"10220"}},{"type":"Feature","id":"batiment.39882308","geometry":{"type":"MultiPolygon","coordinates":[[[[3.7934536,48.51366738],[3.79347665,48.51369638],[3.79350988,48.51372683],[3.79385843,48.51367467],[3.79416303,48.51363476],[3.79432037,48.51359925],[3.79451315,48.51356108],[3.79444923,48.51347991],[3.79402924,48.51356242],[3.79403115,48.51357239],[3.79383421,48.5136043],[3.7934536,48.51366738]]]]},"geometry_name":"geom","properties":{"gid":39793710,"type":"Bâtiment en dur","code_dep":"10","code_insee":"10220"}},{"type":"Feature","id":"batiment.39882309","geometry":{"type":"MultiPolygon","coordinates":[[[[3.79343419,48.51361075],[3.79352653,48.51359268],[3.79350251,48.51353553],[3.79354492,48.51352841],[3.79353383,48.51350222],[3.793505,48.51343152],[3.79337831,48.51345216],[3.79343419,48.51361075]]]]},"geometry_name":"geom","properties":{"gid":39793711,"type":"Bâtiment en dur","code_dep":"10","code_insee":"10220"}},{"type":"Feature","id":"batiment.39882310","geometry":{"type":"MultiPolygon","coordinates":[[[[3.7937654,48.51345029],[3.79354935,48.51349914],[3.79356101,48.5135266],[3.7936566,48.5135085],[3.79378018,48.51347898],[3.7937654,48.51345029]]]]},"geometry_name":"geom","properties":{"gid":39793712,"type":"Bâtiment en dur","code_dep":"10","code_insee":"10220"}},{"type":"Feature","id":"batiment.39882311","geometry":{"type":"MultiPolygon","coordinates":[[[[3.79383241,48.51332417],[3.79379942,48.51332727],[3.79382409,48.51343632],[3.79383229,48.51346829],[3.79384702,48.51346639],[3.79383475,48.51341618],[3.79385394,48.51341389],[3.79383241,48.51332417]]]]},"geometry_name":"geom","properties":{"gid":39793713,"type":"Bâtiment en dur","code_dep":"10","code_insee":"10220"}},{"type":"Feature","id":"batiment.39882312","geometry":{"type":"MultiPolygon","coordinates":[[[[3.79340542,48.51307836],[3.79350072,48.51306801],[3.79347559,48.51295491],[3.79337618,48.51296259],[3.79340542,48.51307836]]]]},"geometry_name":"geom","properties":{"gid":39793714,"type":"Bâtiment en dur","code_dep":"10","code_insee":"10220"}},{"type":"Feature","id":"batiment.39882313","geometry":{"type":"MultiPolygon","coordinates":[[[[3.79340542,48.51285426],[3.79342491,48.51289848],[3.79361077,48.51285955],[3.79360558,48.51279418],[3.79349681,48.51280039],[3.79349746,48.51281649],[3.79347614,48.51282131],[3.79347237,48.51281387],[3.79341741,48.51282342],[3.79342673,48.51284908],[3.79340542,48.51285426]]]]},"geometry_name":"geom","properties":{"gid":39793715,"type":"Bâtiment en dur","code_dep":"10","code_insee":"10220"}},{"type":"Feature","id":"batiment.39882392","geometry":{"type":"MultiPolygon","coordinates":[[[[3.79337596,48.51266131],[3.79339348,48.51273667],[3.79351339,48.51272373],[3.79348182,48.51259673],[3.79337854,48.51260785],[3.79339123,48.51265941],[3.79337596,48.51266131]]]]},"geometry_name":"geom","properties":{"gid":39793786,"type":"Bâtiment en dur","code_dep":"10","code_insee":"10220"}},{"type":"Feature","id":"batiment.39882393","geometry":{"type":"MultiPolygon","coordinates":[[[[3.79368697,48.51245502],[3.7936894,48.51246346],[3.79387938,48.51244654],[3.7938596,48.51232918],[3.79366344,48.51234983],[3.79368697,48.51245502]]]]},"geometry_name":"geom","properties":{"gid":39793787,"type":"Bâtiment en dur","code_dep":"10","code_insee":"10220"}},{"type":"Feature","id":"batiment.39882394","geometry":{"type":"MultiPolygon","coordinates":[[[[3.7932839,48.51208931],[3.79328975,48.51228809],[3.79325173,48.51228978],[3.79325766,48.51234156],[3.79337717,48.51233842],[3.79337796,48.51209525],[3.79337757,48.51208716],[3.7932839,48.51208931]]]]},"geometry_name":"geom","properties":{"gid":39793788,"type":"Bâtiment en dur","code_dep":"10","code_insee":"10220"}},{"type":"Feature","id":"batiment.39882395","geometry":{"type":"MultiPolygon","coordinates":[[[[3.79346753,48.51209123],[3.79347129,48.51212458],[3.79360458,48.51211938],[3.79360314,48.51208682],[3.79346753,48.51209123]]]]},"geometry_name":"geom","properties":{"gid":39793789,"type":"Bâtiment en dur","code_dep":"10","code_insee":"10220"}},{"type":"Feature","id":"batiment.39882396","geometry":{"type":"MultiPolygon","coordinates":[[[[3.79375139,48.51215753],[3.79377901,48.51226503],[3.79384754,48.51226592],[3.79386378,48.51226554],[3.79386137,48.51224946],[3.79384699,48.51218469],[3.79384043,48.51216269],[3.79383652,48.51214653],[3.79384585,48.51214547],[3.79384372,48.51211211],[3.79378997,48.51211247],[3.79379138,48.51214305],[3.79374685,48.51214407],[3.79375139,48.51215753]]]]},"geometry_name":"geom","properties":{"gid":39793790,"type":"Bâtiment en dur","code_dep":"10","code_insee":"10220"}},{"type":"Feature","id":"batiment.39882397","geometry":{"type":"MultiPolygon","coordinates":[[[[3.79389451,48.51226534],[3.79393611,48.51226713],[3.79398772,48.51225995],[3.7939838,48.51223317],[3.79389065,48.51223379],[3.7938909,48.51224998],[3.79389451,48.51226534]]]]},"geometry_name":"geom","properties":{"gid":39793791,"type":"Bâtiment en dur","code_dep":"10","code_insee":"10220"}},{"type":"Feature","id":"batiment.39882398","geometry":{"type":"MultiPolygon","coordinates":[[[[3.79434564,48.51239781],[3.79450093,48.51238777],[3.79449023,48.51230715],[3.79440828,48.51231345],[3.7943992,48.51232188],[3.79433251,48.51232611],[3.79434564,48.51239781]]]]},"geometry_name":"geom","properties":{"gid":39793792,"type":"Bâtiment en dur","code_dep":"10","code_insee":"10220"}},{"type":"Feature","id":"batiment.39882399","geometry":{"type":"MultiPolygon","coordinates":[[[[3.7946225,48.51237734],[3.79479503,48.51236152],[3.79477951,48.51227562],[3.7946063,48.5122909],[3.7946225,48.51237734]]]]},"geometry_name":"geom","properties":{"gid":39793793,"type":"Bâtiment en dur","code_dep":"10","code_insee":"10220"}},{"type":"Feature","id":"batiment.39882400","geometry":{"type":"MultiPolygon","coordinates":[[[[3.79477042,48.5126851],[3.79478487,48.51278117],[3.79485074,48.51277614],[3.79483738,48.51268096],[3.79477042,48.5126851]]]]},"geometry_name":"geom","properties":{"gid":39793794,"type":"Bâtiment en dur","code_dep":"10","code_insee":"10220"}},{"type":"Feature","id":"batiment.39882426","geometry":{"type":"MultiPolygon","coordinates":[[[[3.79650853,48.51339604],[3.7966868,48.51338297],[3.79665415,48.51318617],[3.79647641,48.51319789],[3.79650853,48.51339604]]]]},"geometry_name":"geom","properties":{"gid":39793828,"type":"Bâtiment en dur","code_dep":"10","code_insee":"10220"}},{"type":"Feature","id":"batiment.39882427","geometry":{"type":"MultiPolygon","coordinates":[[[[3.79609505,48.51336274],[3.79611146,48.51342704],[3.79628355,48.51340889],[3.79626578,48.51334432],[3.79609505,48.51336274]]]]},"geometry_name":"geom","properties":{"gid":39793829,"type":"Bâtiment en dur","code_dep":"10","code_insee":"10220"}},{"type":"Feature","id":"batiment.39882428","geometry":{"type":"MultiPolygon","coordinates":[[[[3.79614077,48.51319069],[3.79614595,48.51323753],[3.7962822,48.5132305],[3.79628069,48.5131849],[3.79614077,48.51319069]]]]},"geometry_name":"geom","properties":{"gid":39793830,"type":"Bâtiment en dur","code_dep":"10","code_insee":"10220"}},{"type":"Feature","id":"batiment.39882429","geometry":{"type":"MultiPolygon","coordinates":[[[[3.79592247,48.51305469],[3.79592478,48.51306421],[3.79586447,48.51306929],[3.79586953,48.51309913],[3.79592794,48.51309352],[3.79593409,48.51312443],[3.79604307,48.51311425],[3.79603087,48.51305091],[3.79602969,48.51304426],[3.79592247,48.51305469]]]]},"geometry_name":"geom","properties":{"gid":39793831,"type":"Bâtiment en dur","code_dep":"10","code_insee":"10220"}},{"type":"Feature","id":"batiment.39882430","geometry":{"type":"MultiPolygon","coordinates":[[[[3.79587487,48.51345121],[3.79587547,48.51345507],[3.79599649,48.51344392],[3.79599529,48.51343628],[3.79597608,48.51334842],[3.79600109,48.51334556],[3.79599607,48.51331833],[3.79602501,48.51331571],[3.79601985,48.5132883],[3.79591587,48.513298],[3.79591205,48.51327778],[3.79583565,48.51328495],[3.79587487,48.51345121]]]]},"geometry_name":"geom","properties":{"gid":39793832,"type":"Bâtiment en dur","code_dep":"10","code_insee":"10220"}},{"type":"Feature","id":"batiment.39882431","geometry":{"type":"MultiPolygon","coordinates":[[[[3.79543792,48.51346889],[3.79561344,48.51346258],[3.79560736,48.51340991],[3.79551142,48.51341361],[3.79550947,48.5134013],[3.79543382,48.51340441],[3.79543792,48.51346889]]]]},"geometry_name":"geom","properties":{"gid":39793833,"type":"Bâtiment en dur","code_dep":"10","code_insee":"10220"}},{"type":"Feature","id":"batiment.39882432","geometry":{"type":"MultiPolygon","coordinates":[[[[3.79530658,48.51310299],[3.79532279,48.51322568],[3.79536135,48.51322344],[3.79536293,48.51323818],[3.79538444,48.51323696],[3.79538161,48.51320225],[3.79536785,48.5130988],[3.79530658,48.51310299]]]]},"geometry_name":"geom","properties":{"gid":39793834,"type":"Bâtiment en dur","code_dep":"10","code_insee":"10220"}},{"type":"Feature","id":"batiment.39882433","geometry":{"type":"MultiPolygon","coordinates":[[[[3.79533186,48.51338629],[3.79537153,48.51338603],[3.79536916,48.5133371],[3.79533207,48.51333717],[3.79533186,48.51338629]]]]},"geometry_name":"geom","properties":{"gid":39793835,"type":"Bâtiment en dur","code_dep":"10","code_insee":"10220"}},{"type":"Feature","id":"batiment.39882434","geometry":{"type":"MultiPolygon","coordinates":[[[[3.79508796,48.51329409],[3.79511432,48.51338946],[3.79513678,48.51347783],[3.79522156,48.51347042],[3.79522358,48.51347806],[3.79529541,48.51347407],[3.79528698,48.5134448],[3.79522352,48.51344783],[3.79520299,48.51337924],[3.7951954,48.51335194],[3.79523093,48.51334711],[3.79521166,48.51328157],[3.79508796,48.51329409]]]]},"geometry_name":"geom","properties":{"gid":39793836,"type":"Bâtiment en dur","code_dep":"10","code_insee":"10220"}},{"type":"Feature","id":"batiment.39882435","geometry":{"type":"MultiPolygon","coordinates":[[[[3.79501095,48.51330567],[3.79504008,48.51340471],[3.79507562,48.51340024],[3.79509858,48.51339667],[3.79507388,48.51332153],[3.79503968,48.51332482],[3.79503298,48.5133031],[3.79501095,48.51330567]]]]},"geometry_name":"geom","properties":{"gid":39793837,"type":"Bâtiment en dur","code_dep":"10","code_insee":"10220"}},{"type":"Feature","id":"batiment.39882470","geometry":{"type":"MultiPolygon","coordinates":[[[[3.79478278,48.51333122],[3.79477697,48.51333198],[3.79483325,48.51349893],[3.79501485,48.51347379],[3.79499391,48.51341419],[3.79492014,48.51342494],[3.79491789,48.51341947],[3.7949105,48.51339622],[3.79493819,48.51339144],[3.79492473,48.51335204],[3.79489027,48.51335659],[3.79487614,48.51331782],[3.79478278,48.51333122]]]]},"geometry_name":"geom","properties":{"gid":39793872,"type":"Bâtiment en dur","code_dep":"10","code_insee":"10220"}},{"type":"Feature","id":"batiment.39882471","geometry":{"type":"MultiPolygon","coordinates":[[[[3.79475813,48.51344708],[3.7946913,48.51345994],[3.7947456,48.51348674],[3.79477449,48.5134816],[3.79475813,48.51344708]]]]},"geometry_name":"geom","properties":{"gid":39793873,"type":"Bâtiment en dur","code_dep":"10","code_insee":"10220"}},{"type":"Feature","id":"batiment.39882472","geometry":{"type":"MultiPolygon","coordinates":[[[[3.79452612,48.51338061],[3.79461559,48.51342311],[3.79464913,48.51339338],[3.7945567,48.51335198],[3.79452612,48.51338061]]]]},"geometry_name":"geom","properties":{"gid":39793874,"type":"Bâtiment en dur","code_dep":"10","code_insee":"10220"}},{"type":"Feature","id":"batiment.39882473","geometry":{"type":"MultiPolygon","coordinates":[[[[3.79448283,48.51324866],[3.79449188,48.51328296],[3.79461538,48.51326631],[3.79461361,48.51325615],[3.79459063,48.51325873],[3.79458458,48.51323502],[3.79448283,48.51324866]]]]},"geometry_name":"geom","properties":{"gid":39793875,"type":"Bâtiment en dur","code_dep":"10","code_insee":"10220"}},{"type":"Feature","id":"batiment.39882474","geometry":{"type":"MultiPolygon","coordinates":[[[[3.79736739,48.512959],[3.79740445,48.51308983],[3.79742364,48.51309618],[3.79744574,48.51317826],[3.79752768,48.51317087],[3.79750528,48.513078],[3.79746933,48.51308238],[3.79743103,48.51295039],[3.79736739,48.512959]]]]},"geometry_name":"geom","properties":{"gid":39793876,"type":"Bâtiment en dur","code_dep":"10","code_insee":"10220"}},{"type":"Feature","id":"batiment.39882475","geometry":{"type":"MultiPolygon","coordinates":[[[[3.79769781,48.51329963],[3.7976741,48.51317438],[3.79753901,48.51318591],[3.79756311,48.51331052],[3.79769781,48.51329963]]]]},"geometry_name":"geom","properties":{"gid":39793877,"type":"Bâtiment en dur","code_dep":"10","code_insee":"10220"}},{"type":"Feature","id":"batiment.39882476","geometry":{"type":"MultiPolygon","coordinates":[[[[3.7975947,48.51282334],[3.79763251,48.51295911],[3.79770224,48.5129501],[3.79772294,48.51302931],[3.79773957,48.51302757],[3.79774523,48.51304382],[3.79777889,48.51304],[3.79779449,48.51309513],[3.79784354,48.51308877],[3.79780592,48.51293843],[3.79777433,48.51280216],[3.7975947,48.51282334]]]]},"geometry_name":"geom","properties":{"gid":39793878,"type":"Bâtiment en dur","code_dep":"10","code_insee":"10220"}},{"type":"Feature","id":"batiment.39882477","geometry":{"type":"MultiPolygon","coordinates":[[[[3.79782236,48.51271098],[3.79784934,48.51283801],[3.79811067,48.51281106],[3.79807948,48.51268361],[3.79792024,48.51270079],[3.79782236,48.51271098]]]]},"geometry_name":"geom","properties":{"gid":39793879,"type":"Bâtiment en dur","code_dep":"10","code_insee":"10220"}},{"type":"Feature","id":"batiment.39882478","geometry":{"type":"MultiPolygon","coordinates":[[[[3.79822227,48.51324915],[3.79816256,48.51300908],[3.7980176,48.51302139],[3.79802178,48.51304745],[3.79802921,48.51307259],[3.79801448,48.51307476],[3.79801969,48.51310594],[3.79802643,48.513148],[3.798072,48.51314409],[3.79810046,48.51326166],[3.79822227,48.51324915]]]]},"geometry_name":"geom","properties":{"gid":39793880,"type":"Bâtiment en dur","code_dep":"10","code_insee":"10220"}},{"type":"Feature","id":"batiment.39882479","geometry":{"type":"MultiPolygon","coordinates":[[[[3.79843479,48.51307616],[3.79849871,48.51306791],[3.79850244,48.51308174],[3.79855069,48.51307602],[3.79852032,48.5129572],[3.79840622,48.51296912],[3.79843479,48.51307616]]]]},"geometry_name":"geom","properties":{"gid":39793881,"type":"Bâtiment en dur","code_dep":"10","code_insee":"10220"}},{"type":"Feature","id":"batiment.39882513","geometry":{"type":"MultiPolygon","coordinates":[[[[3.79883949,48.51319031],[3.79876921,48.51295858],[3.79866877,48.51296979],[3.79873643,48.51319811],[3.79883949,48.51319031]]]]},"geometry_name":"geom","properties":{"gid":39793913,"type":"Bâtiment en dur","code_dep":"10","code_insee":"10220"}},{"type":"Feature","id":"batiment.39882514","geometry":{"type":"MultiPolygon","coordinates":[[[[3.79899534,48.51304793],[3.79910419,48.51303838],[3.79908114,48.51292977],[3.79897132,48.51293797],[3.79899534,48.51304793]]]]},"geometry_name":"geom","properties":{"gid":39793914,"type":"Bâtiment en dur","code_dep":"10","code_insee":"10220"}},{"type":"Feature","id":"batiment.39882515","geometry":{"type":"MultiPolygon","coordinates":[[[[3.79865998,48.51256096],[3.79867784,48.51263128],[3.7989464,48.51259943],[3.79889997,48.51243133],[3.79877252,48.51244676],[3.79880001,48.51254482],[3.7987773,48.51254758],[3.79865998,48.51256096]]]]},"geometry_name":"geom","properties":{"gid":39793915,"type":"Bâtiment en dur","code_dep":"10","code_insee":"10220"}},{"type":"Feature","id":"batiment.39882516","geometry":{"type":"MultiPolygon","coordinates":[[[[3.79910642,48.51241114],[3.79913533,48.51252268],[3.79916236,48.51251962],[3.79917855,48.51256908],[3.79925735,48.51255956],[3.79924168,48.51250847],[3.79925587,48.51250712],[3.79922455,48.51239757],[3.79910642,48.51241114]]]]},"geometry_name":"geom","properties":{"gid":39793916,"type":"Bâtiment en dur","code_dep":"10","code_insee":"10220"}},{"type":"Feature","id":"batiment.39882517","geometry":{"type":"MultiPolygon","coordinates":[[[[3.79913432,48.51290098],[3.79919457,48.5131316],[3.79923135,48.51312803],[3.79923807,48.51316028],[3.79936357,48.51315053],[3.79934957,48.51310285],[3.7993774,48.51309862],[3.79936354,48.51305067],[3.7993365,48.51305373],[3.79931992,48.5129959],[3.79921906,48.51300585],[3.79918661,48.5128937],[3.79913432,48.51290098]]]]},"geometry_name":"geom","properties":{"gid":39793917,"type":"Bâtiment en dur","code_dep":"10","code_insee":"10220"}},{"type":"Feature","id":"batiment.39882518","geometry":{"type":"MultiPolygon","coordinates":[[[[3.79951167,48.51256216],[3.79954404,48.51266927],[3.79955742,48.51266792],[3.79956825,48.51270293],[3.79971733,48.51268511],[3.79970786,48.51265036],[3.79972124,48.51264874],[3.79971011,48.51261175],[3.79968507,48.51260319],[3.799641,48.51260807],[3.79962316,48.5125481],[3.79959857,48.51255114],[3.79959096,48.51252277],[3.7995277,48.51252976],[3.79953574,48.51255984],[3.79951167,48.51256216]]]]},"geometry_name":"geom","properties":{"gid":39793918,"type":"Bâtiment en dur","code_dep":"10","code_insee":"10220"}},{"type":"Feature","id":"batiment.39882519","geometry":{"type":"MultiPolygon","coordinates":[[[[3.79953684,48.51275631],[3.79948184,48.51276334],[3.79950077,48.51283285],[3.79955497,48.51282672],[3.79953684,48.51275631]]]]},"geometry_name":"geom","properties":{"gid":39793919,"type":"Bâtiment en dur","code_dep":"10","code_insee":"10220"}},{"type":"Feature","id":"batiment.39882520","geometry":{"type":"MultiPolygon","coordinates":[[[[3.79985005,48.51304227],[3.79983966,48.51300005],[3.79980532,48.51300406],[3.79976317,48.51285024],[3.79975282,48.51284635],[3.79967957,48.51285512],[3.79967209,48.51286228],[3.79968055,48.51289308],[3.79969751,48.5129572],[3.79968142,48.5129592],[3.79969712,48.51302063],[3.7997294,48.51301501],[3.79974152,48.51305541],[3.79985005,48.51304227]]]]},"geometry_name":"geom","properties":{"gid":39793920,"type":"Bâtiment en dur","code_dep":"10","code_insee":"10220"}},{"type":"Feature","id":"batiment.39882521","geometry":{"type":"MultiPolygon","coordinates":[[[[3.7998558,48.51309954],[3.79988986,48.5130958],[3.79988515,48.51307091],[3.79985028,48.5130751],[3.7998558,48.51309954]]]]},"geometry_name":"geom","properties":{"gid":39793921,"type":"Bâtiment en dur","code_dep":"10","code_insee":"10220"}},{"type":"Feature","id":"batiment.39882522","geometry":{"type":"MultiPolygon","coordinates":[[[[3.79999523,48.51294638],[3.80003645,48.5130743],[3.80013999,48.51306263],[3.80009901,48.51293264],[3.80008913,48.51293333],[3.80007429,48.5128746],[3.79998848,48.51288588],[3.8000055,48.51294523],[3.79999523,48.51294638]]]]},"geometry_name":"geom","properties":{"gid":39793922,"type":"Bâtiment en dur","code_dep":"10","code_insee":"10220"}},{"type":"Feature","id":"batiment.39882555","geometry":{"type":"MultiPolygon","coordinates":[[[[3.79989689,48.51261535],[3.7999008,48.51263188],[3.79990908,48.51266879],[3.80003817,48.51265497],[3.80001986,48.51259959],[3.79989689,48.51261535]]]]},"geometry_name":"geom","properties":{"gid":39793957,"type":"Bâtiment en dur","code_dep":"10","code_insee":"10220"}},{"type":"Feature","id":"batiment.39882556","geometry":{"type":"MultiPolygon","coordinates":[[[[3.79976757,48.51257061],[3.79978404,48.51262951],[3.79986593,48.51261835],[3.7998523,48.51255906],[3.79976757,48.51257061]]]]},"geometry_name":"geom","properties":{"gid":39793958,"type":"Bâtiment en dur","code_dep":"10","code_insee":"10220"}},{"type":"Feature","id":"batiment.39882557","geometry":{"type":"MultiPolygon","coordinates":[[[[3.79979377,48.51237962],[3.79983281,48.51252429],[3.79992809,48.51251267],[3.79992018,48.51248259],[3.79996924,48.51247623],[3.79995781,48.51243708],[3.79990834,48.51244272],[3.79988829,48.51237116],[3.79979377,48.51237962]]]]},"geometry_name":"geom","properties":{"gid":39793959,"type":"Bâtiment en dur","code_dep":"10","code_insee":"10220"}},{"type":"Feature","id":"batiment.39882558","geometry":{"type":"MultiPolygon","coordinates":[[[[3.80177341,48.51320833],[3.80179958,48.51328166],[3.80188062,48.51326815],[3.80189829,48.51331725],[3.80191722,48.51331496],[3.80191516,48.51330454],[3.8019762,48.51329387],[3.80195855,48.51324667],[3.80193828,48.51324941],[3.80191468,48.5131848],[3.80177341,48.51320833]]]]},"geometry_name":"geom","properties":{"gid":39793960,"type":"Bâtiment en dur","code_dep":"10","code_insee":"10220"}},{"type":"Feature","id":"batiment.39882559","geometry":{"type":"MultiPolygon","coordinates":[[[[3.80119173,48.5130227],[3.80122391,48.51306414],[3.80132147,48.5130508],[3.80129318,48.51300718],[3.80119173,48.5130227]]]]},"geometry_name":"geom","properties":{"gid":39793961,"type":"Bâtiment en dur","code_dep":"10","code_insee":"10220"}},{"type":"Feature","id":"batiment.39882560","geometry":{"type":"MultiPolygon","coordinates":[[[[3.80099278,48.51305544],[3.80105741,48.51316494],[3.80112037,48.51327103],[3.80121265,48.51324864],[3.80114684,48.51314212],[3.80108892,48.51303815],[3.80099278,48.51305544]]]]},"geometry_name":"geom","properties":{"gid":39793962,"type":"Bâtiment en dur","code_dep":"10","code_insee":"10220"}},{"type":"Feature","id":"batiment.39882561","geometry":{"type":"MultiPolygon","coordinates":[[[[3.80149448,48.51341182],[3.80129554,48.51345428],[3.80133118,48.51352709],[3.80143605,48.51350515],[3.80147466,48.51358603],[3.80157091,48.51356658],[3.80149448,48.51341182]]]]},"geometry_name":"geom","properties":{"gid":39793963,"type":"Bâtiment en dur","code_dep":"10","code_insee":"10220"}},{"type":"Feature","id":"batiment.39882562","geometry":{"type":"MultiPolygon","coordinates":[[[[3.80118,48.51343409],[3.80121399,48.51346112],[3.80125587,48.51343691],[3.80122134,48.51341015],[3.80118,48.51343409]]]]},"geometry_name":"geom","properties":{"gid":39793964,"type":"Bâtiment en dur","code_dep":"10","code_insee":"10220"}},{"type":"Feature","id":"batiment.39882563","geometry":{"type":"MultiPolygon","coordinates":[[[[3.80035379,48.51324021],[3.80037122,48.51328256],[3.80040471,48.51328512],[3.80042657,48.51328021],[3.80044481,48.51332201],[3.80054299,48.51330524],[3.80050509,48.51321706],[3.80035379,48.51324021]]]]},"geometry_name":"geom","properties":{"gid":39793965,"type":"Bâtiment en dur","code_dep":"10","code_insee":"10220"}},{"type":"Feature","id":"batiment.39882590","geometry":{"type":"MultiPolygon","coordinates":[[[[3.80038694,48.51391336],[3.80040193,48.5139461],[3.80053007,48.51390502],[3.80051644,48.51387237],[3.80038694,48.51391336]]]]},"geometry_name":"geom","properties":{"gid":39793992,"type":"Bâtiment en dur","code_dep":"10","code_insee":"10220"}},{"type":"Feature","id":"batiment.39882591","geometry":{"type":"MultiPolygon","coordinates":[[[[3.80026109,48.51366087],[3.80022814,48.51366685],[3.80024697,48.51371135],[3.80029828,48.51370237],[3.8003694,48.51387327],[3.80039668,48.51386813],[3.80038756,48.51384732],[3.80043199,48.51383974],[3.80042285,48.51381749],[3.80044553,48.51381293],[3.80037126,48.51364016],[3.80026109,48.51366087]]]]},"geometry_name":"geom","properties":{"gid":39793993,"type":"Bâtiment en dur","code_dep":"10","code_insee":"10220"}},{"type":"Feature","id":"batiment.39882592","geometry":{"type":"MultiPolygon","coordinates":[[[[3.79982488,48.51323865],[3.79984528,48.51329797],[3.79990339,48.51329066],[3.79988382,48.51323258],[3.79982488,48.51323865]]]]},"geometry_name":"geom","properties":{"gid":39793995,"type":"Bâtiment en dur","code_dep":"10","code_insee":"10220"}},{"type":"Feature","id":"batiment.39882593","geometry":{"type":"MultiPolygon","coordinates":[[[[3.79955514,48.51326403],[3.79955828,48.5132749],[3.79957951,48.51327286],[3.79958283,48.51328625],[3.79964001,48.5132801],[3.79966973,48.51337373],[3.79964433,48.51337678],[3.79965235,48.51340561],[3.79967761,48.51340211],[3.79967604,48.51339663],[3.79971512,48.51339304],[3.79970223,48.51334689],[3.79968708,48.5133478],[3.79968638,48.51333773],[3.79977949,48.51332586],[3.79975804,48.51326878],[3.79974931,48.51324635],[3.79963371,48.51325765],[3.79955514,48.51326403]]]]},"geometry_name":"geom","properties":{"gid":39793996,"type":"Bâtiment en dur","code_dep":"10","code_insee":"10220"}},{"type":"Feature","id":"batiment.39882594","geometry":{"type":"MultiPolygon","coordinates":[[[[3.79941419,48.51331788],[3.79942848,48.51338489],[3.7994304,48.5133955],[3.79952342,48.5133865],[3.79952225,48.51337185],[3.79950975,48.51330662],[3.79941419,48.51331788]]]]},"geometry_name":"geom","properties":{"gid":39793997,"type":"Bâtiment en dur","code_dep":"10","code_insee":"10220"}},{"type":"Feature","id":"batiment.39882595","geometry":{"type":"MultiPolygon","coordinates":[[[[3.79943163,48.51346728],[3.79945892,48.51346296],[3.79945154,48.51344061],[3.79942328,48.51344367],[3.79943163,48.51346728]]]]},"geometry_name":"geom","properties":{"gid":39793998,"type":"Bâtiment en dur","code_dep":"10","code_insee":"10220"}},{"type":"Feature","id":"batiment.39882596","geometry":{"type":"MultiPolygon","coordinates":[[[[3.79997864,48.51351029],[3.79991314,48.51352116],[3.79991802,48.51353948],[3.79998405,48.51352752],[3.79997864,48.51351029]]]]},"geometry_name":"geom","properties":{"gid":39793999,"type":"Bâtiment en dur","code_dep":"10","code_insee":"10220"}},{"type":"Feature","id":"batiment.39882597","geometry":{"type":"MultiPolygon","coordinates":[[[[3.79980418,48.51370164],[3.79983745,48.51371698],[3.79986833,48.51369051],[3.79983598,48.51367372],[3.79980418,48.51370164]]]]},"geometry_name":"geom","properties":{"gid":39794000,"type":"Bâtiment en dur","code_dep":"10","code_insee":"10220"}},{"type":"Feature","id":"batiment.39882598","geometry":{"type":"MultiPolygon","coordinates":[[[[3.79987689,48.51385238],[3.79991303,48.51397611],[3.80000574,48.51396406],[3.79998387,48.51388891],[3.79995089,48.51389273],[3.79993607,48.51384416],[3.79987689,48.51385238]]]]},"geometry_name":"geom","properties":{"gid":39794001,"type":"Bâtiment en dur","code_dep":"10","code_insee":"10220"}},{"type":"Feature","id":"batiment.39882625","geometry":{"type":"MultiPolygon","coordinates":[[[[3.79917509,48.51354142],[3.79919755,48.51362062],[3.79938411,48.51359211],[3.79936328,48.51351344],[3.79917509,48.51354142]]]]},"geometry_name":"geom","properties":{"gid":39794028,"type":"Bâtiment en dur","code_dep":"10","code_insee":"10220"}},{"type":"Feature","id":"batiment.39882626","geometry":{"type":"MultiPolygon","coordinates":[[[[3.79887935,48.51342475],[3.79890108,48.51349154],[3.79904147,48.51347188],[3.79902083,48.51340572],[3.79887935,48.51342475]]]]},"geometry_name":"geom","properties":{"gid":39794029,"type":"Bâtiment en dur","code_dep":"10","code_insee":"10220"}},{"type":"Feature","id":"batiment.39882627","geometry":{"type":"MultiPolygon","coordinates":[[[[3.79889072,48.51365606],[3.79889532,48.51367321],[3.79891956,48.51374475],[3.79897739,48.5137368],[3.79894693,48.51364803],[3.79889072,48.51365606]]]]},"geometry_name":"geom","properties":{"gid":39794030,"type":"Bâtiment en dur","code_dep":"10","code_insee":"10220"}},{"type":"Feature","id":"batiment.39882628","geometry":{"type":"MultiPolygon","coordinates":[[[[3.79864377,48.51350676],[3.79864582,48.51351628],[3.79869908,48.5135108],[3.79869813,48.51350154],[3.7986946,48.5134833],[3.79874651,48.51347791],[3.79873208,48.51341027],[3.79861717,48.51342238],[3.79863187,48.51348975],[3.79863986,48.51348969],[3.79864377,48.51350676]]]]},"geometry_name":"geom","properties":{"gid":39794031,"type":"Bâtiment en dur","code_dep":"10","code_insee":"10220"}},{"type":"Feature","id":"batiment.39882629","geometry":{"type":"MultiPolygon","coordinates":[[[[3.79862745,48.51355518],[3.79860421,48.5135584],[3.79864208,48.51368022],[3.79866817,48.51367717],[3.79864419,48.51360491],[3.79866972,48.51360096],[3.79865544,48.51355238],[3.79862745,48.51355518]]]]},"geometry_name":"geom","properties":{"gid":39794032,"type":"Bâtiment en dur","code_dep":"10","code_insee":"10220"}},{"type":"Feature","id":"batiment.39882630","geometry":{"type":"MultiPolygon","coordinates":[[[[3.7988474,48.51409195],[3.79887994,48.51418394],[3.79899963,48.51416578],[3.79894997,48.51402532],[3.79884797,48.51404076],[3.79886348,48.51409004],[3.7988474,48.51409195]]]]},"geometry_name":"geom","properties":{"gid":39794033,"type":"Bâtiment en dur","code_dep":"10","code_insee":"10220"}},{"type":"Feature","id":"batiment.39882631","geometry":{"type":"MultiPolygon","coordinates":[[[[3.79827187,48.51435509],[3.79828657,48.51439592],[3.79836557,48.51438181],[3.79840234,48.51444912],[3.79848535,48.51443156],[3.79843337,48.51432639],[3.79827187,48.51435509]]]]},"geometry_name":"geom","properties":{"gid":39794034,"type":"Bâtiment en dur","code_dep":"10","code_insee":"10220"}},{"type":"Feature","id":"batiment.39882632","geometry":{"type":"MultiPolygon","coordinates":[[[[3.79828693,48.51409041],[3.79839234,48.51412128],[3.79847295,48.51399956],[3.79836833,48.51396715],[3.79828693,48.51409041]]]]},"geometry_name":"geom","properties":{"gid":39794035,"type":"Bâtiment en dur","code_dep":"10","code_insee":"10220"}},{"type":"Feature","id":"batiment.39882633","geometry":{"type":"MultiPolygon","coordinates":[[[[3.79843211,48.51394108],[3.7985117,48.51396538],[3.79857446,48.51389029],[3.79849502,48.51386599],[3.79843211,48.51394108]]]]},"geometry_name":"geom","properties":{"gid":39794036,"type":"Bâtiment en dur","code_dep":"10","code_insee":"10220"}},{"type":"Feature","id":"batiment.39882634","geometry":{"type":"MultiPolygon","coordinates":[[[[3.79848056,48.51364559],[3.79852366,48.51363963],[3.79851531,48.51360658],[3.79847273,48.51361173],[3.79848056,48.51364559]]]]},"geometry_name":"geom","properties":{"gid":39794037,"type":"Bâtiment en dur","code_dep":"10","code_insee":"10220"}},{"type":"Feature","id":"batiment.39882663","geometry":{"type":"MultiPolygon","coordinates":[[[[3.7982819,48.51343066],[3.79830524,48.51352307],[3.7984456,48.51351043],[3.79842977,48.51344019],[3.79846625,48.51343508],[3.79846225,48.51341208],[3.7982819,48.51343066]]]]},"geometry_name":"geom","properties":{"gid":39794066,"type":"Bâtiment en dur","code_dep":"10","code_insee":"10220"}},{"type":"Feature","id":"batiment.39882664","geometry":{"type":"MultiPolygon","coordinates":[[[[3.79852335,48.51349444],[3.79846986,48.51350298],[3.79849101,48.51357598],[3.79854722,48.51356805],[3.79852335,48.51349444]]]]},"geometry_name":"geom","properties":{"gid":39794067,"type":"Bâtiment en dur","code_dep":"10","code_insee":"10220"}},{"type":"Feature","id":"batiment.39882665","geometry":{"type":"MultiPolygon","coordinates":[[[[3.79805055,48.51356769],[3.79806788,48.51363874],[3.79818221,48.51362403],[3.79815469,48.51352426],[3.7980986,48.51353112],[3.79810621,48.51355931],[3.79805055,48.51356769]]]]},"geometry_name":"geom","properties":{"gid":39794068,"type":"Bâtiment en dur","code_dep":"10","code_insee":"10220"}},{"type":"Feature","id":"batiment.39882666","geometry":{"type":"MultiPolygon","coordinates":[[[[3.79796096,48.51341086],[3.79780492,48.51342477],[3.79781913,48.51348684],[3.79787105,48.5134819],[3.7978757,48.51350265],[3.79792545,48.51349764],[3.79792553,48.51349359],[3.79796394,48.51349118],[3.79796016,48.51347366],[3.79797301,48.51347312],[3.79796096,48.51341086]]]]},"geometry_name":"geom","properties":{"gid":39794069,"type":"Bâtiment en dur","code_dep":"10","code_insee":"10220"}},{"type":"Feature","id":"batiment.39882667","geometry":{"type":"MultiPolygon","coordinates":[[[[3.79759201,48.51348333],[3.7976019,48.51352851],[3.797704,48.51351991],[3.79769821,48.51348639],[3.79765318,48.5134902],[3.79765137,48.51347834],[3.79759201,48.51348333]]]]},"geometry_name":"geom","properties":{"gid":39794070,"type":"Bâtiment en dur","code_dep":"10","code_insee":"10220"}},{"type":"Feature","id":"batiment.39882668","geometry":{"type":"MultiPolygon","coordinates":[[[[3.79763061,48.51384958],[3.79766787,48.51394856],[3.79777701,48.51393136],[3.79774482,48.51383577],[3.79763061,48.51384958]]]]},"geometry_name":"geom","properties":{"gid":39794071,"type":"Bâtiment en dur","code_dep":"10","code_insee":"10220"}},{"type":"Feature","id":"batiment.39882669","geometry":{"type":"MultiPolygon","coordinates":[[[[3.79781171,48.51382695],[3.79781634,48.51384626],[3.79787674,48.51383794],[3.79786994,48.5138181],[3.79781171,48.51382695]]]]},"geometry_name":"geom","properties":{"gid":39794072,"type":"Bâtiment en dur","code_dep":"10","code_insee":"10220"}},{"type":"Feature","id":"batiment.39882670","geometry":{"type":"MultiPolygon","coordinates":[[[[3.79790877,48.51394118],[3.79784338,48.51395026],[3.79784872,48.51397235],[3.7979156,48.51396291],[3.79790877,48.51394118]]]]},"geometry_name":"geom","properties":{"gid":39794073,"type":"Bâtiment en dur","code_dep":"10","code_insee":"10220"}},{"type":"Feature","id":"batiment.39882671","geometry":{"type":"MultiPolygon","coordinates":[[[[3.79784114,48.51432865],[3.79787425,48.51440418],[3.79804122,48.51436977],[3.79801095,48.51429387],[3.79784114,48.51432865]]]]},"geometry_name":"geom","properties":{"gid":39794074,"type":"Bâtiment en dur","code_dep":"10","code_insee":"10220"}},{"type":"Feature","id":"batiment.39882672","geometry":{"type":"MultiPolygon","coordinates":[[[[3.79812922,48.51442226],[3.79825675,48.51439415],[3.79823994,48.51435728],[3.79811199,48.51438414],[3.79812922,48.51442226]]]]},"geometry_name":"geom","properties":{"gid":39794075,"type":"Bâtiment en dur","code_dep":"10","code_insee":"10220"}},{"type":"Feature","id":"batiment.39882701","geometry":{"type":"MultiPolygon","coordinates":[[[[3.79778034,48.51453292],[3.79780137,48.51458909],[3.79783968,48.51468654],[3.79787679,48.51478498],[3.79797238,48.51474916],[3.79793647,48.5146669],[3.79796399,48.51466051],[3.79797844,48.51465763],[3.79796183,48.51461617],[3.79792164,48.51463597],[3.79788853,48.51456854],[3.79793522,48.51455797],[3.79795991,48.5145524],[3.79793604,48.51449634],[3.79778034,48.51453292]]]]},"geometry_name":"geom","properties":{"gid":39794104,"type":"Bâtiment en dur","code_dep":"10","code_insee":"10220"}},{"type":"Feature","id":"batiment.39882702","geometry":{"type":"MultiPolygon","coordinates":[[[[3.79804154,48.514711],[3.79812907,48.51466147],[3.79809795,48.51463658],[3.79801055,48.51468539],[3.79804154,48.514711]]]]},"geometry_name":"geom","properties":{"gid":39794105,"type":"Bâtiment en dur","code_dep":"10","code_insee":"10220"}},{"type":"Feature","id":"batiment.39882703","geometry":{"type":"MultiPolygon","coordinates":[[[[3.79743866,48.51365673],[3.79748027,48.5136506],[3.79746817,48.51362045],[3.79742586,48.51362523],[3.79743866,48.51365673]]]]},"geometry_name":"geom","properties":{"gid":39794106,"type":"Bâtiment en dur","code_dep":"10","code_insee":"10220"}},{"type":"Feature","id":"batiment.39882704","geometry":{"type":"MultiPolygon","coordinates":[[[[3.79744236,48.51345473],[3.79736676,48.51346118],[3.79740749,48.51358406],[3.79747764,48.51357541],[3.79747089,48.51355053],[3.79749455,48.51354785],[3.79748626,48.51351903],[3.7974634,48.51352108],[3.79744236,48.51345473]]]]},"geometry_name":"geom","properties":{"gid":39794107,"type":"Bâtiment en dur","code_dep":"10","code_insee":"10220"}},{"type":"Feature","id":"batiment.39882705","geometry":{"type":"MultiPolygon","coordinates":[[[[3.7971424,48.51347924],[3.7971527,48.51355114],[3.79730694,48.51354273],[3.79729997,48.51348529],[3.79727782,48.5134714],[3.7971424,48.51347924]]]]},"geometry_name":"geom","properties":{"gid":39794108,"type":"Bâtiment en dur","code_dep":"10","code_insee":"10220"}},{"type":"Feature","id":"batiment.39882706","geometry":{"type":"MultiPolygon","coordinates":[[[[3.79711618,48.51366024],[3.79715567,48.51374661],[3.79723315,48.51373052],[3.79719312,48.51364452],[3.79711618,48.51366024]]]]},"geometry_name":"geom","properties":{"gid":39794109,"type":"Bâtiment en dur","code_dep":"10","code_insee":"10220"}},{"type":"Feature","id":"batiment.39882707","geometry":{"type":"MultiPolygon","coordinates":[[[[3.79685516,48.51363608],[3.79696091,48.5138502],[3.79712191,48.51381503],[3.79709673,48.51376185],[3.7970634,48.51376891],[3.79703225,48.51370668],[3.79698312,48.51371673],[3.79696943,48.51368902],[3.79693423,48.5136181],[3.79685516,48.51363608]]]]},"geometry_name":"geom","properties":{"gid":39794110,"type":"Bâtiment en dur","code_dep":"10","code_insee":"10220"}},{"type":"Feature","id":"batiment.39882708","geometry":{"type":"MultiPolygon","coordinates":[[[[3.79724061,48.51392722],[3.79715514,48.51394318],[3.79718167,48.5140049],[3.79726671,48.51398732],[3.79724061,48.51392722]]]]},"geometry_name":"geom","properties":{"gid":39794111,"type":"Bâtiment en dur","code_dep":"10","code_insee":"10220"}},{"type":"Feature","id":"batiment.39882709","geometry":{"type":"MultiPolygon","coordinates":[[[[3.79729366,48.51405902],[3.79740152,48.51403716],[3.79738676,48.51400181],[3.79733547,48.51401232],[3.797282,48.51402276],[3.79729366,48.51405902]]]]},"geometry_name":"geom","properties":{"gid":39794112,"type":"Bâtiment en dur","code_dep":"10","code_insee":"10220"}},{"type":"Feature","id":"batiment.39882710","geometry":{"type":"MultiPolygon","coordinates":[[[[3.7975359,48.51429076],[3.79749518,48.51417705],[3.79739981,48.51419226],[3.79743812,48.51430716],[3.7975359,48.51429076]]]]},"geometry_name":"geom","properties":{"gid":39794113,"type":"Bâtiment en dur","code_dep":"10","code_insee":"10220"}},{"type":"Feature","id":"batiment.39882743","geometry":{"type":"MultiPolygon","coordinates":[[[[3.79744585,48.51433491],[3.79746804,48.51439629],[3.79763536,48.51436629],[3.79761397,48.51430427],[3.79750058,48.51431898],[3.79749798,48.51432601],[3.79744585,48.51433491]]]]},"geometry_name":"geom","properties":{"gid":39794145,"type":"Bâtiment en dur","code_dep":"10","code_insee":"10220"}},{"type":"Feature","id":"batiment.39882744","geometry":{"type":"MultiPolygon","coordinates":[[[[3.79762117,48.51451096],[3.79770451,48.51448836],[3.7976926,48.51445308],[3.79760885,48.51447532],[3.79762117,48.51451096]]]]},"geometry_name":"geom","properties":{"gid":39794146,"type":"Bâtiment en dur","code_dep":"10","code_insee":"10220"}},{"type":"Feature","id":"batiment.39882745","geometry":{"type":"MultiPolygon","coordinates":[[[[3.79740738,48.5148063],[3.79746498,48.51489857],[3.79756919,48.51486828],[3.79751014,48.51477808],[3.79740738,48.5148063]]]]},"geometry_name":"geom","properties":{"gid":39794147,"type":"Bâtiment en dur","code_dep":"10","code_insee":"10220"}},{"type":"Feature","id":"batiment.39882746","geometry":{"type":"MultiPolygon","coordinates":[[[[3.79723609,48.51477065],[3.79726376,48.51481797],[3.79730219,48.51480745],[3.79727561,48.51476031],[3.79723609,48.51477065]]]]},"geometry_name":"geom","properties":{"gid":39794148,"type":"Bâtiment en dur","code_dep":"10","code_insee":"10220"}},{"type":"Feature","id":"batiment.39882747","geometry":{"type":"MultiPolygon","coordinates":[[[[3.79714166,48.51488266],[3.79722114,48.51501617],[3.79732595,48.51498974],[3.79724549,48.51485444],[3.79714166,48.51488266]]]]},"geometry_name":"geom","properties":{"gid":39794149,"type":"Bâtiment en dur","code_dep":"10","code_insee":"10220"}},{"type":"Feature","id":"batiment.39882748","geometry":{"type":"MultiPolygon","coordinates":[[[[3.79672725,48.51409386],[3.79674839,48.51414014],[3.79680348,48.51412951],[3.79678232,48.51408269],[3.79672725,48.51409386]]]]},"geometry_name":"geom","properties":{"gid":39794150,"type":"Bâtiment en dur","code_dep":"10","code_insee":"10220"}},{"type":"Feature","id":"batiment.39882749","geometry":{"type":"MultiPolygon","coordinates":[[[[3.79647927,48.51387655],[3.79649009,48.51390257],[3.79652195,48.51389615],[3.79652615,48.51390529],[3.79656083,48.51389741],[3.79656907,48.51391427],[3.79672401,48.51388076],[3.79670251,48.51382908],[3.79654366,48.51386334],[3.79651019,48.51387068],[3.79647927,48.51387655]]]]},"geometry_name":"geom","properties":{"gid":39794151,"type":"Bâtiment en dur","code_dep":"10","code_insee":"10220"}},{"type":"Feature","id":"batiment.39882750","geometry":{"type":"MultiPolygon","coordinates":[[[[3.79658378,48.5136612],[3.79662538,48.51375223],[3.79678516,48.51371707],[3.79674074,48.5136274],[3.79658378,48.5136612]]]]},"geometry_name":"geom","properties":{"gid":39794152,"type":"Bâtiment en dur","code_dep":"10","code_insee":"10220"}},{"type":"Feature","id":"batiment.39882751","geometry":{"type":"MultiPolygon","coordinates":[[[[3.79609506,48.51367626],[3.79620928,48.51367172],[3.79619979,48.51357318],[3.7960849,48.51357773],[3.79609506,48.51367626]]]]},"geometry_name":"geom","properties":{"gid":39794153,"type":"Bâtiment en dur","code_dep":"10","code_insee":"10220"}},{"type":"Feature","id":"batiment.39882827","geometry":{"type":"MultiPolygon","coordinates":[[[[3.79626929,48.51366502],[3.79629908,48.51372734],[3.79633026,48.51372101],[3.79634635,48.51375464],[3.7963964,48.51374243],[3.79635379,48.51364718],[3.79626929,48.51366502]]]]},"geometry_name":"geom","properties":{"gid":39794230,"type":"Bâtiment en dur","code_dep":"10","code_insee":"10220"}},{"type":"Feature","id":"batiment.39882828","geometry":{"type":"MultiPolygon","coordinates":[[[[3.79631248,48.51407469],[3.79635409,48.51417526],[3.79647338,48.51414855],[3.79643627,48.51406765],[3.79647826,48.51405981],[3.79645116,48.51399639],[3.79630655,48.51402282],[3.79632841,48.51407143],[3.79631248,48.51407469]]]]},"geometry_name":"geom","properties":{"gid":39794231,"type":"Bâtiment en dur","code_dep":"10","code_insee":"10220"}},{"type":"Feature","id":"batiment.39882830","geometry":{"type":"MultiPolygon","coordinates":[[[[3.79632202,48.51429296],[3.79634277,48.51433987],[3.79652983,48.51429922],[3.7965076,48.51425339],[3.79632202,48.51429296]]]]},"geometry_name":"geom","properties":{"gid":39794233,"type":"Bâtiment en dur","code_dep":"10","code_insee":"10220"}},{"type":"Feature","id":"batiment.39882831","geometry":{"type":"MultiPolygon","coordinates":[[[[3.79638881,48.5143841],[3.7964002,48.51441254],[3.79642886,48.51447154],[3.79653505,48.51444708],[3.79669024,48.51441212],[3.79676257,48.51439581],[3.79675312,48.51437986],[3.79658675,48.51441867],[3.79658073,48.51441457],[3.79652676,48.51442725],[3.79649463,48.51436243],[3.79638881,48.5143841]]]]},"geometry_name":"geom","properties":{"gid":39794234,"type":"Bâtiment en dur","code_dep":"10","code_insee":"10220"}},{"type":"Feature","id":"batiment.39882832","geometry":{"type":"MultiPolygon","coordinates":[[[[3.79678144,48.51442573],[3.79671348,48.51444426],[3.79673522,48.51447606],[3.79680142,48.51445735],[3.79678144,48.51442573]]]]},"geometry_name":"geom","properties":{"gid":39794235,"type":"Bâtiment en dur","code_dep":"10","code_insee":"10220"}},{"type":"Feature","id":"batiment.39882833","geometry":{"type":"MultiPolygon","coordinates":[[[[3.79655721,48.51456847],[3.7964613,48.51459259],[3.79648621,48.5146456],[3.79658899,48.51461963],[3.79655721,48.51456847]]]]},"geometry_name":"geom","properties":{"gid":39794236,"type":"Bâtiment en dur","code_dep":"10","code_insee":"10220"}},{"type":"Feature","id":"batiment.39882834","geometry":{"type":"MultiPolygon","coordinates":[[[[3.796902,48.51461591],[3.79686439,48.51462714],[3.79688688,48.5146636],[3.79692597,48.51465191],[3.796902,48.51461591]]]]},"geometry_name":"geom","properties":{"gid":39794237,"type":"Bâtiment en dur","code_dep":"10","code_insee":"10220"}},{"type":"Feature","id":"batiment.39882835","geometry":{"type":"MultiPolygon","coordinates":[[[[3.79658121,48.51473141],[3.7966946,48.51488665],[3.79676956,48.51486491],[3.79669698,48.51474872],[3.79673513,48.51473785],[3.79670634,48.51469657],[3.79665259,48.51469738],[3.79664968,48.51469254],[3.79661557,48.51470212],[3.79662757,48.51471698],[3.79658121,48.51473141]]]]},"geometry_name":"geom","properties":{"gid":39794238,"type":"Bâtiment en dur","code_dep":"10","code_insee":"10220"}},{"type":"Feature","id":"batiment.39882836","geometry":{"type":"MultiPolygon","coordinates":[[[[3.79684607,48.51484731],[3.79690775,48.5148253],[3.79696404,48.51480495],[3.79694286,48.51477478],[3.79682231,48.51481634],[3.79684607,48.51484731]]]]},"geometry_name":"geom","properties":{"gid":39794239,"type":"Bâtiment en dur","code_dep":"10","code_insee":"10220"}},{"type":"Feature","id":"batiment.39882837","geometry":{"type":"MultiPolygon","coordinates":[[[[3.79673562,48.51488583],[3.79677519,48.51493262],[3.79688038,48.51489548],[3.79684189,48.51484869],[3.79673562,48.51488583]]]]},"geometry_name":"geom","properties":{"gid":39794240,"type":"Bâtiment en dur","code_dep":"10","code_insee":"10220"}},{"type":"Feature","id":"batiment.39882874","geometry":{"type":"MultiPolygon","coordinates":[[[[3.79704699,48.51515759],[3.7971396,48.51512126],[3.79706628,48.51502846],[3.79708299,48.51502313],[3.79706213,48.51499538],[3.79704447,48.51500071],[3.79696645,48.51502625],[3.7970486,48.51512987],[3.79703069,48.51513674],[3.79704699,48.51515759]]]]},"geometry_name":"geom","properties":{"gid":39794276,"type":"Bâtiment en dur","code_dep":"10","code_insee":"10220"}},{"type":"Feature","id":"batiment.39882875","geometry":{"type":"MultiPolygon","coordinates":[[[[3.79620052,48.51518225],[3.7962504,48.51526576],[3.79631664,48.51525002],[3.79626876,48.51516443],[3.79620052,48.51518225]]]]},"geometry_name":"geom","properties":{"gid":39794277,"type":"Bâtiment en dur","code_dep":"10","code_insee":"10220"}},{"type":"Feature","id":"batiment.39882876","geometry":{"type":"MultiPolygon","coordinates":[[[[3.79657099,48.51516438],[3.79667165,48.5153188],[3.79676385,48.51529174],[3.79666092,48.51513832],[3.79657099,48.51516438]]]]},"geometry_name":"geom","properties":{"gid":39794278,"type":"Bâtiment en dur","code_dep":"10","code_insee":"10220"}},{"type":"Feature","id":"batiment.39882877","geometry":{"type":"MultiPolygon","coordinates":[[[[3.79673611,48.51537325],[3.79679328,48.51534821],[3.79676839,48.51532292],[3.79671297,48.51534713],[3.79673611,48.51537325]]]]},"geometry_name":"geom","properties":{"gid":39794279,"type":"Bâtiment en dur","code_dep":"10","code_insee":"10220"}},{"type":"Feature","id":"batiment.39882878","geometry":{"type":"MultiPolygon","coordinates":[[[[3.79631897,48.51492146],[3.79639824,48.51505911],[3.79649981,48.51503351],[3.79648602,48.51500788],[3.79649331,48.51500639],[3.79642864,48.51489392],[3.79631897,48.51492146]]]]},"geometry_name":"geom","properties":{"gid":39794280,"type":"Bâtiment en dur","code_dep":"10","code_insee":"10220"}},{"type":"Feature","id":"batiment.39882879","geometry":{"type":"MultiPolygon","coordinates":[[[[3.79611297,48.51477611],[3.79615496,48.51484825],[3.79626585,48.51482079],[3.79627129,48.51483155],[3.79636517,48.51480753],[3.79633429,48.51475367],[3.79630449,48.51476161],[3.79628035,48.51476806],[3.79626313,48.51473993],[3.79627514,48.51473706],[3.79623818,48.51467506],[3.79612975,48.51470376],[3.7961649,48.51476227],[3.79611297,48.51477611]]]]},"geometry_name":"geom","properties":{"gid":39794281,"type":"Bâtiment en dur","code_dep":"10","code_insee":"10220"}},{"type":"Feature","id":"batiment.39882880","geometry":{"type":"MultiPolygon","coordinates":[[[[3.79619206,48.51463398],[3.79629409,48.51462043],[3.79626518,48.51456269],[3.7962842,48.51455807],[3.7962409,48.51446138],[3.79611619,48.51448821],[3.79619206,48.51463398]]]]},"geometry_name":"geom","properties":{"gid":39794282,"type":"Bâtiment en dur","code_dep":"10","code_insee":"10220"}},{"type":"Feature","id":"batiment.39882881","geometry":{"type":"MultiPolygon","coordinates":[[[[3.79601108,48.5144326],[3.79615023,48.51441169],[3.79614102,48.5143845],[3.79612102,48.51438697],[3.79610947,48.51435799],[3.79613054,48.51435452],[3.79598908,48.51399967],[3.79588185,48.51401874],[3.79588444,48.51402879],[3.79586607,48.51403189],[3.79587807,48.51406392],[3.79589616,48.51406038],[3.79592177,48.51412372],[3.79585212,48.51413823],[3.79589276,48.51423817],[3.79590559,48.51423584],[3.79591626,48.51425142],[3.795982,48.51423865],[3.79601013,48.51429829],[3.79595601,48.51431044],[3.79601108,48.5144326]]]]},"geometry_name":"geom","properties":{"gid":39794283,"type":"Bâtiment en dur","code_dep":"10","code_insee":"10220"}},{"type":"Feature","id":"batiment.39882882","geometry":{"type":"MultiPolygon","coordinates":[[[[3.79620292,48.51440387],[3.79627548,48.5143934],[3.79626373,48.51436901],[3.79619565,48.51437972],[3.79620292,48.51440387]]]]},"geometry_name":"geom","properties":{"gid":39794284,"type":"Bâtiment en dur","code_dep":"10","code_insee":"10220"}},{"type":"Feature","id":"batiment.39882883","geometry":{"type":"MultiPolygon","coordinates":[[[[3.79530927,48.51357509],[3.79531444,48.51360358],[3.79546136,48.51359495],[3.79546114,48.51358091],[3.79549363,48.51358043],[3.79549477,48.51356594],[3.79530927,48.51357509]]]]},"geometry_name":"geom","properties":{"gid":39794285,"type":"Bâtiment en dur","code_dep":"10","code_insee":"10220"}},{"type":"Feature","id":"batiment.39882913","geometry":{"type":"MultiPolygon","coordinates":[[[[3.79534107,48.51377919],[3.79547988,48.51376269],[3.79546925,48.51371347],[3.79535991,48.51372697],[3.7953264,48.51373151],[3.79534107,48.51377919]]]]},"geometry_name":"geom","properties":{"gid":39794316,"type":"Bâtiment en dur","code_dep":"10","code_insee":"10220"}},{"type":"Feature","id":"batiment.39882914","geometry":{"type":"MultiPolygon","coordinates":[[[[3.79511724,48.51359104],[3.79497524,48.5136116],[3.79499562,48.51366976],[3.79500495,48.51366925],[3.79502268,48.51371331],[3.79505706,48.5138016],[3.7950706,48.51383722],[3.7951071,48.51393153],[3.79514259,48.51392401],[3.79513706,48.5139074],[3.79517881,48.51390109],[3.79519933,48.51389736],[3.79520344,48.51390947],[3.79523584,48.51390323],[3.79518986,48.51378155],[3.79518533,48.51376898],[3.79515801,48.51369054],[3.79511724,48.51359104]]]]},"geometry_name":"geom","properties":{"gid":39794317,"type":"Bâtiment en dur","code_dep":"10","code_insee":"10220"}},{"type":"Feature","id":"batiment.39882915","geometry":{"type":"MultiPolygon","coordinates":[[[[3.79520562,48.51395525],[3.79527272,48.5139423],[3.79526093,48.51391476],[3.7951922,48.51392745],[3.79520562,48.51395525]]]]},"geometry_name":"geom","properties":{"gid":39794318,"type":"Bâtiment en dur","code_dep":"10","code_insee":"10220"}},{"type":"Feature","id":"batiment.39882916","geometry":{"type":"MultiPolygon","coordinates":[[[[3.7953686,48.51426471],[3.79541709,48.51436371],[3.79551831,48.51434135],[3.79547372,48.51424044],[3.7953686,48.51426471]]]]},"geometry_name":"geom","properties":{"gid":39794319,"type":"Bâtiment en dur","code_dep":"10","code_insee":"10220"}},{"type":"Feature","id":"batiment.39882917","geometry":{"type":"MultiPolygon","coordinates":[[[[3.7959311,48.51486424],[3.79595183,48.51490026],[3.79603825,48.51487593],[3.79602188,48.51484069],[3.7959311,48.51486424]]]]},"geometry_name":"geom","properties":{"gid":39794320,"type":"Bâtiment en dur","code_dep":"10","code_insee":"10220"}},{"type":"Feature","id":"batiment.39882918","geometry":{"type":"MultiPolygon","coordinates":[[[[3.80254669,48.5134999],[3.80256764,48.51354141],[3.80254093,48.51354816],[3.8025631,48.51359011],[3.80262251,48.51361427],[3.80267088,48.51360756],[3.80268365,48.51363707],[3.80279403,48.51361221],[3.8027224,48.51346165],[3.80254669,48.5134999]]]]},"geometry_name":"geom","properties":{"gid":39794321,"type":"Bâtiment en dur","code_dep":"10","code_insee":"10220"}},{"type":"Feature","id":"batiment.39882919","geometry":{"type":"MultiPolygon","coordinates":[[[[3.80194786,48.51291927],[3.8019641,48.51297197],[3.80212374,48.51294508],[3.80211824,48.5129309],[3.8021762,48.51292241],[3.80227538,48.51310392],[3.80236781,48.51308269],[3.80227435,48.51290358],[3.80224476,48.51284584],[3.80224017,48.51283786],[3.80209808,48.51286986],[3.80209394,48.51287349],[3.80210117,48.51289485],[3.80194786,48.51291927]]]]},"geometry_name":"geom","properties":{"gid":39794322,"type":"Bâtiment en dur","code_dep":"10","code_insee":"10220"}},{"type":"Feature","id":"batiment.39882920","geometry":{"type":"MultiPolygon","coordinates":[[[[3.80208812,48.51337849],[3.80215392,48.51354645],[3.80226714,48.51352995],[3.80224356,48.51346713],[3.80227395,48.51346171],[3.8022599,48.51341979],[3.80222573,48.51342524],[3.8022013,48.51335973],[3.80208812,48.51337849]]]]},"geometry_name":"geom","properties":{"gid":39794323,"type":"Bâtiment en dur","code_dep":"10","code_insee":"10220"}},{"type":"Feature","id":"batiment.39882921","geometry":{"type":"MultiPolygon","coordinates":[[[[3.80581221,48.51294324],[3.8058211,48.51299302],[3.80586788,48.51298803],[3.80585843,48.51293735],[3.80581221,48.51294324]]]]},"geometry_name":"geom","properties":{"gid":39794324,"type":"Bâtiment en dur","code_dep":"10","code_insee":"10220"}},{"type":"Feature","id":"batiment.39882949","geometry":{"type":"MultiPolygon","coordinates":[[[[3.80604317,48.51301977],[3.80625961,48.51298915],[3.80623662,48.51289422],[3.80614122,48.51290629],[3.80614332,48.51291986],[3.80601954,48.51293626],[3.80604317,48.51301977]]]]},"geometry_name":"geom","properties":{"gid":39794351,"type":"Bâtiment en dur","code_dep":"10","code_insee":"10220"}},{"type":"Feature","id":"batiment.39882950","geometry":{"type":"MultiPolygon","coordinates":[[[[3.80252873,48.51279489],[3.8024438,48.51281049],[3.80245981,48.5128479],[3.80244441,48.51285052],[3.80250879,48.513005],[3.80265367,48.51297811],[3.80262556,48.5129111],[3.80257951,48.51291888],[3.80252873,48.51279489]]]]},"geometry_name":"geom","properties":{"gid":39794352,"type":"Bâtiment en dur","code_dep":"10","code_insee":"10220"}},{"type":"Feature","id":"batiment.39882952","geometry":{"type":"MultiPolygon","coordinates":[[[[3.8027474,48.51332573],[3.80277978,48.51339739],[3.80288994,48.51337586],[3.80285852,48.51330446],[3.8027474,48.51332573]]]]},"geometry_name":"geom","properties":{"gid":39794354,"type":"Bâtiment en dur","code_dep":"10","code_insee":"10220"}},{"type":"Feature","id":"batiment.39882953","geometry":{"type":"MultiPolygon","coordinates":[[[[3.80313161,48.51334742],[3.80319695,48.51333519],[3.8031921,48.51331031],[3.80312175,48.51332284],[3.80313161,48.51334742]]]]},"geometry_name":"geom","properties":{"gid":39794355,"type":"Bâtiment en dur","code_dep":"10","code_insee":"10220"}},{"type":"Feature","id":"batiment.39882954","geometry":{"type":"MultiPolygon","coordinates":[[[[3.80300164,48.51309235],[3.80316136,48.5130624],[3.80312701,48.51298553],[3.80302886,48.51300428],[3.80301773,48.51300237],[3.80296658,48.51301342],[3.80300164,48.51309235]]]]},"geometry_name":"geom","properties":{"gid":39794356,"type":"Bâtiment en dur","code_dep":"10","code_insee":"10220"}},{"type":"Feature","id":"batiment.39882955","geometry":{"type":"MultiPolygon","coordinates":[[[[3.80320879,48.51285246],[3.80325684,48.51293059],[3.80330107,48.51291895],[3.80324992,48.51284121],[3.80320879,48.51285246]]]]},"geometry_name":"geom","properties":{"gid":39794357,"type":"Bâtiment en dur","code_dep":"10","code_insee":"10220"}},{"type":"Feature","id":"batiment.39882956","geometry":{"type":"MultiPolygon","coordinates":[[[[3.80328588,48.51275847],[3.80330659,48.51280178],[3.80334963,48.51279214],[3.80338106,48.51285463],[3.80345149,48.51283832],[3.80341469,48.51276948],[3.80345395,48.5127603],[3.80343549,48.51272192],[3.80328588,48.51275847]]]]},"geometry_name":"geom","properties":{"gid":39794358,"type":"Bâtiment en dur","code_dep":"10","code_insee":"10220"}},{"type":"Feature","id":"batiment.39882957","geometry":{"type":"MultiPolygon","coordinates":[[[[3.80355081,48.51288722],[3.80367347,48.51285994],[3.80369179,48.51289787],[3.80374522,48.51288563],[3.80371963,48.51283246],[3.80366497,48.51284434],[3.80363879,48.5127882],[3.80351543,48.51281423],[3.80355081,48.51288722]]]]},"geometry_name":"geom","properties":{"gid":39794359,"type":"Bâtiment en dur","code_dep":"10","code_insee":"10220"}},{"type":"Feature","id":"batiment.39882958","geometry":{"type":"MultiPolygon","coordinates":[[[[3.80389221,48.513023],[3.80396389,48.51300866],[3.80393089,48.51294078],[3.8038588,48.51295458],[3.80389221,48.513023]]]]},"geometry_name":"geom","properties":{"gid":39794360,"type":"Bâtiment en dur","code_dep":"10","code_insee":"10220"}},{"type":"Feature","id":"batiment.39882959","geometry":{"type":"MultiPolygon","coordinates":[[[[3.80380601,48.51272581],[3.80387399,48.51285885],[3.80388978,48.51285551],[3.80402647,48.51282462],[3.80399697,48.5127641],[3.80394041,48.51277546],[3.8039149,48.51278085],[3.80387971,48.51271118],[3.80380601,48.51272581]]]]},"geometry_name":"geom","properties":{"gid":39794361,"type":"Bâtiment en dur","code_dep":"10","code_insee":"10220"}},{"type":"Feature","id":"batiment.39882988","geometry":{"type":"MultiPolygon","coordinates":[[[[3.80426696,48.5127817],[3.80448847,48.51274566],[3.80445868,48.51265743],[3.80439614,48.51266748],[3.80439363,48.51268],[3.80424292,48.51270612],[3.80426696,48.5127817]]]]},"geometry_name":"geom","properties":{"gid":39794391,"type":"Bâtiment en dur","code_dep":"10","code_insee":"10220"}},{"type":"Feature","id":"batiment.39882989","geometry":{"type":"MultiPolygon","coordinates":[[[[3.80455331,48.51278021],[3.80459917,48.51289245],[3.80466346,48.51288167],[3.80462695,48.51278772],[3.80461703,48.51276773],[3.80455331,48.51278021]]]]},"geometry_name":"geom","properties":{"gid":39794392,"type":"Bâtiment en dur","code_dep":"10","code_insee":"10220"}},{"type":"Feature","id":"batiment.39882990","geometry":{"type":"MultiPolygon","coordinates":[[[[3.8047447,48.5127665],[3.80477406,48.51283594],[3.80481118,48.51282831],[3.80478128,48.5127596],[3.8047447,48.5127665]]]]},"geometry_name":"geom","properties":{"gid":39794393,"type":"Bâtiment en dur","code_dep":"10","code_insee":"10220"}},{"type":"Feature","id":"batiment.39882991","geometry":{"type":"MultiPolygon","coordinates":[[[[3.80474871,48.51248948],[3.80463579,48.5125166],[3.80469945,48.51264131],[3.80481158,48.51261608],[3.80476769,48.5125266],[3.80474871,48.51248948]]]]},"geometry_name":"geom","properties":{"gid":39794394,"type":"Bâtiment en dur","code_dep":"10","code_insee":"10220"}},{"type":"Feature","id":"batiment.39882992","geometry":{"type":"MultiPolygon","coordinates":[[[[3.80484269,48.512526],[3.80487969,48.5125988],[3.80504821,48.51255969],[3.80501175,48.51248671],[3.80495197,48.51250007],[3.80495769,48.51251119],[3.80493705,48.51251591],[3.80493228,48.51250515],[3.80484269,48.512526]]]]},"geometry_name":"geom","properties":{"gid":39794395,"type":"Bâtiment en dur","code_dep":"10","code_insee":"10220"}},{"type":"Feature","id":"batiment.39882993","geometry":{"type":"MultiPolygon","coordinates":[[[[3.80534489,48.51242868],[3.80536534,48.5124728],[3.80543621,48.51245909],[3.80541522,48.51241443],[3.80534489,48.51242868]]]]},"geometry_name":"geom","properties":{"gid":39794396,"type":"Bâtiment en dur","code_dep":"10","code_insee":"10220"}},{"type":"Feature","id":"batiment.39882994","geometry":{"type":"MultiPolygon","coordinates":[[[[3.80543273,48.51232021],[3.80548889,48.51242401],[3.80561872,48.5123965],[3.80559578,48.51235707],[3.80557715,48.51236089],[3.80554066,48.51229492],[3.80543273,48.51232021]]]]},"geometry_name":"geom","properties":{"gid":39794397,"type":"Bâtiment en dur","code_dep":"10","code_insee":"10220"}},{"type":"Feature","id":"batiment.39882995","geometry":{"type":"MultiPolygon","coordinates":[[[[3.80559014,48.51258949],[3.8056495,48.51269875],[3.80561779,48.51270598],[3.80563757,48.51274201],[3.80566467,48.5127349],[3.80567404,48.51275409],[3.80569941,48.51274825],[3.80574691,48.5128351],[3.80577855,48.5128939],[3.80586248,48.51286608],[3.80581593,48.51277103],[3.80580281,48.51274512],[3.80578269,48.51270495],[3.80577621,48.51270599],[3.80569015,48.51256875],[3.80559014,48.51258949]]]]},"geometry_name":"geom","properties":{"gid":39794398,"type":"Bâtiment en dur","code_dep":"10","code_insee":"10220"}},{"type":"Feature","id":"batiment.39882996","geometry":{"type":"MultiPolygon","coordinates":[[[[3.8056151,48.51294557],[3.80573396,48.5129086],[3.80570218,48.51284962],[3.80558093,48.51288958],[3.80560217,48.51292344],[3.8056151,48.51294557]]]]},"geometry_name":"geom","properties":{"gid":39794399,"type":"Bâtiment en dur","code_dep":"10","code_insee":"10220"}},{"type":"Feature","id":"batiment.39882997","geometry":{"type":"MultiPolygon","coordinates":[[[[3.80554458,48.51293795],[3.80555518,48.51295812],[3.80558892,48.51295106],[3.80557709,48.51293008],[3.80554458,48.51293795]]]]},"geometry_name":"geom","properties":{"gid":39794400,"type":"Bâtiment en dur","code_dep":"10","code_insee":"10220"}},{"type":"Feature","id":"batiment.39883028","geometry":{"type":"MultiPolygon","coordinates":[[[[3.80593446,48.51242153],[3.8059526,48.51246567],[3.80599069,48.51245965],[3.80597187,48.51241579],[3.80593446,48.51242153]]]]},"geometry_name":"geom","properties":{"gid":39794431,"type":"Bâtiment en dur","code_dep":"10","code_insee":"10220"}},{"type":"Feature","id":"batiment.39883029","geometry":{"type":"MultiPolygon","coordinates":[[[[3.80593376,48.51251744],[3.80594934,48.51256204],[3.80602782,48.51254945],[3.80615358,48.51253043],[3.80615863,48.51254137],[3.80625984,48.51252845],[3.80624566,48.51249535],[3.80627444,48.51249119],[3.80626488,48.5124685],[3.80624203,48.51247045],[3.80623335,48.51247879],[3.80622415,48.51247921],[3.80622051,48.51245387],[3.80615038,48.51246262],[3.80615659,48.51248813],[3.80613552,48.51249133],[3.80613462,48.51248603],[3.80608383,48.51249357],[3.806056,48.51249798],[3.80601278,48.51250457],[3.80593376,48.51251744]]]]},"geometry_name":"geom","properties":{"gid":39794432,"type":"Bâtiment en dur","code_dep":"10","code_insee":"10220"}},{"type":"Feature","id":"batiment.39883030","geometry":{"type":"MultiPolygon","coordinates":[[[[3.80598374,48.51273868],[3.80604021,48.51272138],[3.80602113,48.51269551],[3.80596709,48.51271225],[3.80598374,48.51273868]]]]},"geometry_name":"geom","properties":{"gid":39794433,"type":"Bâtiment en dur","code_dep":"10","code_insee":"10220"}},{"type":"Feature","id":"batiment.39883031","geometry":{"type":"MultiPolygon","coordinates":[[[[3.80611702,48.51276773],[3.80624165,48.51272811],[3.8063433,48.51269908],[3.80627488,48.51255551],[3.8061506,48.51257399],[3.80618298,48.51264556],[3.80619472,48.5126695],[3.80607572,48.51270611],[3.80611702,48.51276773]]]]},"geometry_name":"geom","properties":{"gid":39794434,"type":"Bâtiment en dur","code_dep":"10","code_insee":"10220"}},{"type":"Feature","id":"batiment.39883032","geometry":{"type":"MultiPolygon","coordinates":[[[[3.80634373,48.51252446],[3.80633128,48.5125249],[3.80632196,48.51252614],[3.8063587,48.51260829],[3.80637896,48.51260528],[3.80637025,48.51258474],[3.80642131,48.51257683],[3.80640108,48.5125292],[3.80634866,48.51253675],[3.80634373,48.51252446]]]]},"geometry_name":"geom","properties":{"gid":39794435,"type":"Bâtiment en dur","code_dep":"10","code_insee":"10220"}},{"type":"Feature","id":"batiment.39883033","geometry":{"type":"MultiPolygon","coordinates":[[[[3.80747715,48.51210887],[3.80727324,48.51213554],[3.80730655,48.51223274],[3.80750885,48.51220708],[3.80747715,48.51210887]]]]},"geometry_name":"geom","properties":{"gid":39794464,"type":"Bâtiment en dur","code_dep":"10","code_insee":"10220"}},{"type":"Feature","id":"batiment.39883034","geometry":{"type":"MultiPolygon","coordinates":[[[[3.80625821,48.51239558],[3.80649771,48.51235015],[3.80642663,48.51218294],[3.80634254,48.51220033],[3.80637037,48.5122669],[3.80637124,48.51227049],[3.8063433,48.51227617],[3.80634361,48.51227868],[3.80634723,48.51228496],[3.80633938,48.51228537],[3.80633177,48.51229217],[3.80633142,48.51229577],[3.80633319,48.51229657],[3.80633216,48.51229981],[3.80630839,48.5123042],[3.8063178,48.51232618],[3.80623573,48.51234257],[3.80625821,48.51239558]]]]},"geometry_name":"geom","properties":{"gid":39794436,"type":"Bâtiment en dur","code_dep":"10","code_insee":"10220"}},{"type":"Feature","id":"batiment.39883035","geometry":{"type":"MultiPolygon","coordinates":[[[[3.80641473,48.51205167],[3.80644181,48.51210484],[3.80654896,48.51208171],[3.80652226,48.51202701],[3.80641473,48.51205167]]]]},"geometry_name":"geom","properties":{"gid":39794437,"type":"Bâtiment en dur","code_dep":"10","code_insee":"10220"}},{"type":"Feature","id":"batiment.39883036","geometry":{"type":"MultiPolygon","coordinates":[[[[3.80662114,48.51229326],[3.80668866,48.51228174],[3.80667728,48.51225483],[3.80661096,48.5122658],[3.80662114,48.51229326]]]]},"geometry_name":"geom","properties":{"gid":39794438,"type":"Bâtiment en dur","code_dep":"10","code_insee":"10220"}},{"type":"Feature","id":"batiment.39883037","geometry":{"type":"MultiPolygon","coordinates":[[[[3.8068902,48.51250591],[3.80685132,48.51251364],[3.80679314,48.5125251],[3.80681962,48.51259158],[3.8068233,48.51260235],[3.80692079,48.51258442],[3.8068902,48.51250591]]]]},"geometry_name":"geom","properties":{"gid":39794439,"type":"Bâtiment en dur","code_dep":"10","code_insee":"10220"}},{"type":"Feature","id":"batiment.39883038","geometry":{"type":"MultiPolygon","coordinates":[[[[3.80708066,48.51255535],[3.80731223,48.51251366],[3.80745725,48.51248775],[3.80756838,48.51246747],[3.80754253,48.5123803],[3.80742332,48.51240351],[3.80742389,48.51240503],[3.80743151,48.51242531],[3.80710542,48.51248366],[3.80711468,48.51250492],[3.80706393,48.51251561],[3.80708066,48.51255535]]]]},"geometry_name":"geom","properties":{"gid":39794440,"type":"Bâtiment en dur","code_dep":"10","code_insee":"10220"}},{"type":"Feature","id":"batiment.39883060","geometry":{"type":"MultiPolygon","coordinates":[[[[3.80710878,48.51242939],[3.80719654,48.51241323],[3.80718611,48.51238659],[3.80709711,48.51240167],[3.80710878,48.51242939]]]]},"geometry_name":"geom","properties":{"gid":39794462,"type":"Bâtiment en dur","code_dep":"10","code_insee":"10220"}},{"type":"Feature","id":"batiment.39883061","geometry":{"type":"MultiPolygon","coordinates":[[[[3.80723892,48.51229896],[3.80724552,48.51231412],[3.80732085,48.5122994],[3.80732649,48.51231429],[3.80738161,48.512306],[3.80739025,48.51233059],[3.80750436,48.51231119],[3.80747671,48.5122565],[3.80739683,48.51226586],[3.80731461,48.51228136],[3.80731411,48.51228397],[3.80723892,48.51229896]]]]},"geometry_name":"geom","properties":{"gid":39794463,"type":"Bâtiment en dur","code_dep":"10","code_insee":"10220"}},{"type":"Feature","id":"batiment.39883062","geometry":{"type":"MultiPolygon","coordinates":[[[[3.80713436,48.51206784],[3.80715045,48.51211037],[3.80715871,48.51211023],[3.80716422,48.51212548],[3.80724339,48.51211433],[3.80723621,48.51209612],[3.80726798,48.51209275],[3.80725285,48.51205129],[3.80713436,48.51206784]]]]},"geometry_name":"geom","properties":{"gid":39794465,"type":"Bâtiment en dur","code_dep":"10","code_insee":"10220"}},{"type":"Feature","id":"batiment.39883063","geometry":{"type":"MultiPolygon","coordinates":[[[[3.80737564,48.51199711],[3.80733862,48.51200276],[3.80726837,48.51201295],[3.80729647,48.51208797],[3.80741253,48.51207189],[3.80739849,48.51203042],[3.8073859,48.5120305],[3.80737564,48.51199711]]]]},"geometry_name":"geom","properties":{"gid":39794466,"type":"Bâtiment en dur","code_dep":"10","code_insee":"10220"}},{"type":"Feature","id":"batiment.39883064","geometry":{"type":"MultiPolygon","coordinates":[[[[3.80725977,48.51200824],[3.80733718,48.51199719],[3.80733371,48.51198282],[3.80731967,48.51193236],[3.80738961,48.51191983],[3.80736512,48.51185063],[3.8072994,48.51186493],[3.80722964,48.51188016],[3.80726114,48.51198259],[3.80725222,48.51198373],[3.80725977,48.51200824]]]]},"geometry_name":"geom","properties":{"gid":39794467,"type":"Bâtiment en dur","code_dep":"10","code_insee":"10220"}},{"type":"Feature","id":"batiment.39883065","geometry":{"type":"MultiPolygon","coordinates":[[[[3.80767465,48.51241367],[3.80768785,48.5124529],[3.80784464,48.51244419],[3.80784304,48.51243664],[3.80783038,48.51239732],[3.80779644,48.51240043],[3.80767465,48.51241367]]]]},"geometry_name":"geom","properties":{"gid":39794468,"type":"Bâtiment en dur","code_dep":"10","code_insee":"10220"}},{"type":"Feature","id":"batiment.39883066","geometry":{"type":"MultiPolygon","coordinates":[[[[3.80811065,48.51229142],[3.80813382,48.51237124],[3.80822909,48.51235917],[3.80822321,48.51233779],[3.80821978,48.51232585],[3.80824573,48.5123228],[3.80824834,48.5123343],[3.80831793,48.51232519],[3.80828336,48.51220784],[3.80813959,48.51222726],[3.80815686,48.51228472],[3.80811065,48.51229142]]]]},"geometry_name":"geom","properties":{"gid":39794469,"type":"Bâtiment en dur","code_dep":"10","code_insee":"10220"}},{"type":"Feature","id":"batiment.39883067","geometry":{"type":"MultiPolygon","coordinates":[[[[3.80791295,48.512123],[3.8082364,48.51207798],[3.80820793,48.5119785],[3.80787889,48.5120214],[3.80791295,48.512123]]]]},"geometry_name":"geom","properties":{"gid":39794470,"type":"Bâtiment en dur","code_dep":"10","code_insee":"10220"}},{"type":"Feature","id":"batiment.39883068","geometry":{"type":"MultiPolygon","coordinates":[[[[3.8079384,48.51177134],[3.80785004,48.51178346],[3.80785481,48.51182076],[3.80782038,48.51182702],[3.8078509,48.5119184],[3.80789305,48.51191263],[3.80790469,48.51194709],[3.80791037,48.5119466],[3.80792736,48.51199498],[3.80799831,48.51198649],[3.80798198,48.51193685],[3.80799185,48.51193624],[3.8079384,48.51177134]]]]},"geometry_name":"geom","properties":{"gid":39794471,"type":"Bâtiment en dur","code_dep":"10","code_insee":"10220"}},{"type":"Feature","id":"batiment.39883096","geometry":{"type":"MultiPolygon","coordinates":[[[[3.80828956,48.51192477],[3.80840094,48.51191259],[3.80839223,48.51187468],[3.80827897,48.51188787],[3.80828956,48.51192477]]]]},"geometry_name":"geom","properties":{"gid":39794499,"type":"Bâtiment en dur","code_dep":"10","code_insee":"10220"}},{"type":"Feature","id":"batiment.39883097","geometry":{"type":"MultiPolygon","coordinates":[[[[3.80858662,48.51228467],[3.80871501,48.51226914],[3.80869507,48.51219649],[3.80856906,48.51220859],[3.80858662,48.51228467]]]]},"geometry_name":"geom","properties":{"gid":39794500,"type":"Bâtiment en dur","code_dep":"10","code_insee":"10220"}},{"type":"Feature","id":"batiment.39883098","geometry":{"type":"MultiPolygon","coordinates":[[[[3.80866861,48.51206083],[3.8086813,48.51211094],[3.80871645,48.51210773],[3.80872681,48.51215597],[3.80884589,48.51214293],[3.80883215,48.51209426],[3.80877429,48.5121005],[3.80873875,48.51210488],[3.80872501,48.51205711],[3.80866861,48.51206083]]]]},"geometry_name":"geom","properties":{"gid":39794501,"type":"Bâtiment en dur","code_dep":"10","code_insee":"10220"}},{"type":"Feature","id":"batiment.39883099","geometry":{"type":"MultiPolygon","coordinates":[[[[3.80896195,48.51188043],[3.80895583,48.51184395],[3.80889961,48.51185045],[3.80890991,48.5118861],[3.80896195,48.51188043]]]]},"geometry_name":"geom","properties":{"gid":39794502,"type":"Bâtiment en dur","code_dep":"10","code_insee":"10220"}},{"type":"Feature","id":"batiment.39883100","geometry":{"type":"MultiPolygon","coordinates":[[[[3.80860799,48.51167692],[3.80866675,48.51184385],[3.8087461,48.51183503],[3.80869149,48.51166528],[3.80860799,48.51167692]]]]},"geometry_name":"geom","properties":{"gid":39794503,"type":"Bâtiment en dur","code_dep":"10","code_insee":"10220"}},{"type":"Feature","id":"batiment.39883101","geometry":{"type":"MultiPolygon","coordinates":[[[[3.8093077,48.51186791],[3.80948263,48.51184135],[3.8094629,48.51177312],[3.80935428,48.51178924],[3.80935573,48.51179526],[3.80928807,48.5118066],[3.8093077,48.51186791]]]]},"geometry_name":"geom","properties":{"gid":39794504,"type":"Bâtiment en dur","code_dep":"10","code_insee":"10220"}},{"type":"Feature","id":"batiment.39883102","geometry":{"type":"MultiPolygon","coordinates":[[[[3.80948119,48.51221273],[3.80960444,48.51219786],[3.80960268,48.51218851],[3.80966014,48.51218299],[3.80965847,48.51217149],[3.80971375,48.51216491],[3.80969252,48.51208822],[3.8094548,48.51211692],[3.80948119,48.51221273]]]]},"geometry_name":"geom","properties":{"gid":39794505,"type":"Bâtiment en dur","code_dep":"10","code_insee":"10220"}},{"type":"Feature","id":"batiment.39883103","geometry":{"type":"MultiPolygon","coordinates":[[[[3.80979318,48.51218811],[3.8098636,48.51218044],[3.80984914,48.51212935],[3.80977872,48.51213711],[3.80979318,48.51218811]]]]},"geometry_name":"geom","properties":{"gid":39794506,"type":"Bâtiment en dur","code_dep":"10","code_insee":"10220"}},{"type":"Feature","id":"batiment.39883104","geometry":{"type":"MultiPolygon","coordinates":[[[[3.81000031,48.51210736],[3.81002128,48.51210586],[3.81003336,48.51214321],[3.8101297,48.51213022],[3.81007901,48.51196891],[3.80996197,48.51198311],[3.81000031,48.51210736]]]]},"geometry_name":"geom","properties":{"gid":39794507,"type":"Bâtiment en dur","code_dep":"10","code_insee":"10220"}},{"type":"Feature","id":"batiment.39883105","geometry":{"type":"MultiPolygon","coordinates":[[[[3.80985186,48.51180582],[3.80992441,48.51179498],[3.80990648,48.5117476],[3.80983503,48.51175889],[3.80985186,48.51180582]]]]},"geometry_name":"geom","properties":{"gid":39794508,"type":"Bâtiment en dur","code_dep":"10","code_insee":"10220"}},{"type":"Feature","id":"batiment.39883132","geometry":{"type":"MultiPolygon","coordinates":[[[[3.80966602,48.51151147],[3.80968431,48.51156505],[3.809722,48.51155922],[3.80976291,48.51167481],[3.80985302,48.51166124],[3.80979272,48.5114918],[3.80966602,48.51151147]]]]},"geometry_name":"geom","properties":{"gid":39794535,"type":"Bâtiment en dur","code_dep":"10","code_insee":"10220"}},{"type":"Feature","id":"batiment.39883133","geometry":{"type":"MultiPolygon","coordinates":[[[[3.81026647,48.51164871],[3.81040789,48.51162678],[3.81037538,48.51153785],[3.81023207,48.51156087],[3.81026647,48.51164871]]]]},"geometry_name":"geom","properties":{"gid":39794536,"type":"Bâtiment en dur","code_dep":"10","code_insee":"10220"}},{"type":"Feature","id":"batiment.39883134","geometry":{"type":"MultiPolygon","coordinates":[[[[3.81031149,48.51195976],[3.8103491,48.51207205],[3.81045004,48.51205886],[3.81040549,48.51191846],[3.81034942,48.51192595],[3.81035796,48.5119527],[3.81031149,48.51195976]]]]},"geometry_name":"geom","properties":{"gid":39794537,"type":"Bâtiment en dur","code_dep":"10","code_insee":"10220"}},{"type":"Feature","id":"batiment.39883135","geometry":{"type":"MultiPolygon","coordinates":[[[[3.8108589,48.51191519],[3.81090688,48.51206762],[3.81091432,48.51206712],[3.81092697,48.51210571],[3.81094657,48.51210342],[3.81099953,48.51209568],[3.81101965,48.51209267],[3.81100632,48.51205344],[3.81101281,48.51205277],[3.81100132,48.51201884],[3.81101781,48.51201702],[3.8109775,48.51189728],[3.8108589,48.51191519]]]]},"geometry_name":"geom","properties":{"gid":39794538,"type":"Bâtiment en dur","code_dep":"10","code_insee":"10220"}},{"type":"Feature","id":"batiment.39883136","geometry":{"type":"MultiPolygon","coordinates":[[[[3.81062385,48.51172301],[3.81067586,48.51171519],[3.81066513,48.51168683],[3.81061463,48.51169599],[3.81062385,48.51172301]]]]},"geometry_name":"geom","properties":{"gid":39794539,"type":"Bâtiment en dur","code_dep":"10","code_insee":"10220"}},{"type":"Feature","id":"batiment.39883137","geometry":{"type":"MultiPolygon","coordinates":[[[[3.81077331,48.51166037],[3.81089232,48.51164228],[3.81083641,48.51148532],[3.81071685,48.51150242],[3.81077331,48.51166037]]]]},"geometry_name":"geom","properties":{"gid":39794540,"type":"Bâtiment en dur","code_dep":"10","code_insee":"10220"}},{"type":"Feature","id":"batiment.39883138","geometry":{"type":"MultiPolygon","coordinates":[[[[3.8083255,48.51257046],[3.80833398,48.51262006],[3.80834146,48.5126659],[3.80832865,48.51266913],[3.8083426,48.51270484],[3.80835807,48.51274171],[3.8084062,48.51273734],[3.80844352,48.51273402],[3.80847935,48.51273081],[3.80848637,48.51272914],[3.80847921,48.5126951],[3.80844593,48.5126973],[3.80843124,48.51261356],[3.80842247,48.51256279],[3.8083255,48.51257046]]]]},"geometry_name":"geom","properties":{"gid":39794541,"type":"Bâtiment en dur","code_dep":"10","code_insee":"10220"}},{"type":"Feature","id":"batiment.39883139","geometry":{"type":"MultiPolygon","coordinates":[[[[3.80848188,48.51257822],[3.80848976,48.51263277],[3.80854331,48.51262854],[3.80853353,48.51257364],[3.80848188,48.51257822]]]]},"geometry_name":"geom","properties":{"gid":39794542,"type":"Bâtiment en dur","code_dep":"10","code_insee":"10220"}},{"type":"Feature","id":"batiment.39883140","geometry":{"type":"MultiPolygon","coordinates":[[[[3.80920245,48.51250566],[3.80909615,48.51252249],[3.80910101,48.51253955],[3.80903753,48.51254987],[3.80904122,48.51256064],[3.80894586,48.51257551],[3.80897219,48.51265],[3.80913061,48.51262337],[3.80912107,48.51259303],[3.80922412,48.51257631],[3.80920245,48.51250566]]]]},"geometry_name":"geom","properties":{"gid":39794543,"type":"Bâtiment en dur","code_dep":"10","code_insee":"10220"}},{"type":"Feature","id":"batiment.39883141","geometry":{"type":"MultiPolygon","coordinates":[[[[3.81014193,48.51225528],[3.81014367,48.51232472],[3.81019781,48.51232309],[3.81019754,48.5122531],[3.81014193,48.51225528]]]]},"geometry_name":"geom","properties":{"gid":39794544,"type":"Bâtiment en dur","code_dep":"10","code_insee":"10220"}},{"type":"Feature","id":"batiment.39883176","geometry":{"type":"MultiPolygon","coordinates":[[[[3.81036955,48.51254539],[3.8104214,48.5125364],[3.81040416,48.51248973],[3.81035124,48.51249963],[3.81036955,48.51254539]]]]},"geometry_name":"geom","properties":{"gid":39794579,"type":"Bâtiment en dur","code_dep":"10","code_insee":"10220"}},{"type":"Feature","id":"batiment.39883177","geometry":{"type":"MultiPolygon","coordinates":[[[[3.81032476,48.51227544],[3.81038676,48.51242391],[3.81041867,48.51242117],[3.81043035,48.51245816],[3.81051449,48.51244427],[3.81043535,48.51225571],[3.81032476,48.51227544]]]]},"geometry_name":"geom","properties":{"gid":39794580,"type":"Bâtiment en dur","code_dep":"10","code_insee":"10220"}},{"type":"Feature","id":"batiment.39883178","geometry":{"type":"MultiPolygon","coordinates":[[[[3.81109549,48.51244354],[3.81111823,48.51244339],[3.81111832,48.5123967],[3.8110968,48.51239693],[3.81109549,48.51244354]]]]},"geometry_name":"geom","properties":{"gid":39794581,"type":"Bâtiment en dur","code_dep":"10","code_insee":"10220"}},{"type":"Feature","id":"batiment.39883180","geometry":{"type":"MultiPolygon","coordinates":[[[[3.81142757,48.51226468],[3.81146775,48.5122627],[3.8114613,48.51223071],[3.81142069,48.51223162],[3.81142757,48.51226468]]]]},"geometry_name":"geom","properties":{"gid":39794583,"type":"Bâtiment en dur","code_dep":"10","code_insee":"10220"}},{"type":"Feature","id":"batiment.39883181","geometry":{"type":"MultiPolygon","coordinates":[[[[3.81115481,48.51222597],[3.81115023,48.51234097],[3.81128536,48.51234122],[3.81128304,48.51222581],[3.81115481,48.51222597]]]]},"geometry_name":"geom","properties":{"gid":39794584,"type":"Bâtiment en dur","code_dep":"10","code_insee":"10220"}},{"type":"Feature","id":"batiment.39883182","geometry":{"type":"MultiPolygon","coordinates":[[[[3.81128579,48.51256999],[3.81157347,48.51254068],[3.8115723,48.51253556],[3.81155873,48.51247178],[3.81155069,48.51243351],[3.81125933,48.51246177],[3.81128579,48.51256999]]]]},"geometry_name":"geom","properties":{"gid":39794585,"type":"Bâtiment en dur","code_dep":"10","code_insee":"10220"}},{"type":"Feature","id":"batiment.39883183","geometry":{"type":"MultiPolygon","coordinates":[[[[3.81420685,48.51157814],[3.8143177,48.51155759],[3.81424325,48.51138447],[3.81413266,48.5114043],[3.81420685,48.51157814]]]]},"geometry_name":"geom","properties":{"gid":39794586,"type":"Bâtiment en dur","code_dep":"10","code_insee":"10220"}},{"type":"Feature","id":"batiment.39883184","geometry":{"type":"MultiPolygon","coordinates":[[[[3.81404574,48.51120356],[3.81407567,48.5112738],[3.81424833,48.51124113],[3.8142172,48.51116316],[3.81417317,48.51117021],[3.81415872,48.51117265],[3.81415054,48.5111513],[3.81414135,48.51115235],[3.8140958,48.51104452],[3.81401602,48.51105964],[3.81404898,48.51113364],[3.8140757,48.51119733],[3.81404574,48.51120356]]]]},"geometry_name":"geom","properties":{"gid":39794587,"type":"Bâtiment en dur","code_dep":"10","code_insee":"10220"}},{"type":"Feature","id":"batiment.39883185","geometry":{"type":"MultiPolygon","coordinates":[[[[3.80115407,48.51391719],[3.80113262,48.51392246],[3.8011432,48.51394146],[3.80116532,48.51393574],[3.80115407,48.51391719]]]]},"geometry_name":"geom","properties":{"gid":39794588,"type":"Construction légère","code_dep":"10","code_insee":"10220"}},{"type":"Feature","id":"batiment.39883186","geometry":{"type":"MultiPolygon","coordinates":[[[[3.80126542,48.51409735],[3.8012782,48.51411886],[3.8013562,48.51410106],[3.80134202,48.51407713],[3.80126542,48.51409735]]]]},"geometry_name":"geom","properties":{"gid":39794589,"type":"Construction légère","code_dep":"10","code_insee":"10220"}},{"type":"Feature","id":"batiment.39883315","geometry":{"type":"MultiPolygon","coordinates":[[[[3.79589897,48.51569157],[3.79588145,48.5156969],[3.7958997,48.51572179],[3.79591787,48.51571474],[3.79589897,48.51569157]]]]},"geometry_name":"geom","properties":{"gid":39794718,"type":"Construction légère","code_dep":"10","code_insee":"10220"}},{"type":"Feature","id":"batiment.39883316","geometry":{"type":"MultiPolygon","coordinates":[[[[3.79617453,48.51566471],[3.79618413,48.51568138],[3.79632184,48.51564582],[3.79631236,48.51562825],[3.79617453,48.51566471]]]]},"geometry_name":"geom","properties":{"gid":39794719,"type":"Construction légère","code_dep":"10","code_insee":"10220"}},{"type":"Feature","id":"batiment.39883317","geometry":{"type":"MultiPolygon","coordinates":[[[[3.79701035,48.51541999],[3.79703007,48.5154437],[3.79707639,48.51542656],[3.79705612,48.51540223],[3.79701035,48.51541999]]]]},"geometry_name":"geom","properties":{"gid":39794720,"type":"Construction légère","code_dep":"10","code_insee":"10220"}},{"type":"Feature","id":"batiment.39883318","geometry":{"type":"MultiPolygon","coordinates":[[[[3.79719116,48.51521744],[3.79722646,48.51525967],[3.79729271,48.51523529],[3.79725727,48.51519298],[3.79719116,48.51521744]]]]},"geometry_name":"geom","properties":{"gid":39794721,"type":"Construction légère","code_dep":"10","code_insee":"10220"}},{"type":"Feature","id":"batiment.39883319","geometry":{"type":"MultiPolygon","coordinates":[[[[3.79945095,48.51493948],[3.79947112,48.51495689],[3.79947741,48.51496107],[3.79954136,48.51492799],[3.79951509,48.51491017],[3.79945095,48.51493948]]]]},"geometry_name":"geom","properties":{"gid":39794722,"type":"Construction légère","code_dep":"10","code_insee":"10220"}},{"type":"Feature","id":"batiment.39883320","geometry":{"type":"MultiPolygon","coordinates":[[[[3.799225,48.5144713],[3.79923474,48.51447942],[3.79929996,48.51444993],[3.799281,48.5144317],[3.7992147,48.51446202],[3.799225,48.5144713]]]]},"geometry_name":"geom","properties":{"gid":39794723,"type":"Construction légère","code_dep":"10","code_insee":"10220"}},{"type":"Feature","id":"batiment.39883321","geometry":{"type":"MultiPolygon","coordinates":[[[[3.79961059,48.51434348],[3.79963734,48.5143308],[3.79962401,48.5143182],[3.79959699,48.51433089],[3.79961059,48.51434348]]]]},"geometry_name":"geom","properties":{"gid":39794724,"type":"Construction légère","code_dep":"10","code_insee":"10220"}},{"type":"Feature","id":"batiment.39883322","geometry":{"type":"MultiPolygon","coordinates":[[[[3.79967001,48.51431555],[3.79969829,48.514341],[3.79971375,48.51433361],[3.7996864,48.51430744],[3.79967001,48.51431555]]]]},"geometry_name":"geom","properties":{"gid":39794725,"type":"Construction légère","code_dep":"10","code_insee":"10220"}},{"type":"Feature","id":"batiment.39883323","geometry":{"type":"MultiPolygon","coordinates":[[[[3.80015308,48.51439156],[3.80022585,48.51436849],[3.80020767,48.51433973],[3.8001349,48.5143628],[3.80015308,48.51439156]]]]},"geometry_name":"geom","properties":{"gid":39794726,"type":"Construction légère","code_dep":"10","code_insee":"10220"}},{"type":"Feature","id":"batiment.39883357","geometry":{"type":"MultiPolygon","coordinates":[[[[3.79437153,48.51663803],[3.7944757,48.51664066],[3.79447584,48.51664965],[3.79451079,48.51665068],[3.79451426,48.51660253],[3.79437597,48.51660048],[3.79437153,48.51663803]]]]},"geometry_name":"geom","properties":{"gid":39794759,"type":"Construction légère","code_dep":"10","code_insee":"10220"}},{"type":"Feature","id":"batiment.39883358","geometry":{"type":"MultiPolygon","coordinates":[[[[3.79361763,48.51645468],[3.79363986,48.51651895],[3.79365932,48.51651621],[3.79363939,48.51645229],[3.79361763,48.51645468]]]]},"geometry_name":"geom","properties":{"gid":39794760,"type":"Construction légère","code_dep":"10","code_insee":"10220"}},{"type":"Feature","id":"batiment.39883359","geometry":{"type":"MultiPolygon","coordinates":[[[[3.79333812,48.51523558],[3.79335868,48.51544937],[3.79346641,48.51544532],[3.79344772,48.51523035],[3.79333812,48.51523558]]]]},"geometry_name":"geom","properties":{"gid":39794761,"type":"Construction légère","code_dep":"10","code_insee":"10220"}},{"type":"Feature","id":"batiment.39883360","geometry":{"type":"MultiPolygon","coordinates":[[[[3.79296314,48.51498258],[3.79297687,48.51515657],[3.79309828,48.51515297],[3.79308532,48.51497682],[3.79296314,48.51498258]]]]},"geometry_name":"geom","properties":{"gid":39794762,"type":"Construction légère","code_dep":"10","code_insee":"10220"}},{"type":"Feature","id":"batiment.39883361","geometry":{"type":"MultiPolygon","coordinates":[[[[3.79484903,48.51373624],[3.7949236,48.51390352],[3.7949444,48.51390014],[3.79502118,48.51388218],[3.79494911,48.51371902],[3.79484903,48.51373624]]]]},"geometry_name":"geom","properties":{"gid":39794763,"type":"Construction légère","code_dep":"10","code_insee":"10220"}},{"type":"Feature","id":"batiment.39883362","geometry":{"type":"MultiPolygon","coordinates":[[[[3.79504183,48.51419043],[3.7950568,48.51422245],[3.79512542,48.51421155],[3.79514913,48.51419448],[3.79513928,48.51417017],[3.79504183,48.51419043]]]]},"geometry_name":"geom","properties":{"gid":39794764,"type":"Construction légère","code_dep":"10","code_insee":"10220"}},{"type":"Feature","id":"batiment.39883363","geometry":{"type":"MultiPolygon","coordinates":[[[[3.79502669,48.51454966],[3.7950336,48.51456779],[3.79507734,48.51455904],[3.79506895,48.51454173],[3.79502669,48.51454966]]]]},"geometry_name":"geom","properties":{"gid":39794765,"type":"Construction légère","code_dep":"10","code_insee":"10220"}},{"type":"Feature","id":"batiment.39883364","geometry":{"type":"MultiPolygon","coordinates":[[[[3.79520174,48.51518183],[3.79524293,48.51516563],[3.79523623,48.51515281],[3.79519281,48.51516461],[3.79520174,48.51518183]]]]},"geometry_name":"geom","properties":{"gid":39794766,"type":"Construction légère","code_dep":"10","code_insee":"10220"}},{"type":"Feature","id":"batiment.39883365","geometry":{"type":"MultiPolygon","coordinates":[[[[3.79481257,48.51518137],[3.79483212,48.51521183],[3.79485666,48.51524954],[3.79491963,48.51523193],[3.79487554,48.51516404],[3.79481257,48.51518137]]]]},"geometry_name":"geom","properties":{"gid":39794767,"type":"Construction légère","code_dep":"10","code_insee":"10220"}},{"type":"Feature","id":"batiment.39883395","geometry":{"type":"MultiPolygon","coordinates":[[[[3.7954711,48.51556794],[3.79548913,48.51559607],[3.79553993,48.51557954],[3.79552082,48.51555205],[3.7954711,48.51556794]]]]},"geometry_name":"geom","properties":{"gid":39794797,"type":"Construction légère","code_dep":"10","code_insee":"10220"}},{"type":"Feature","id":"batiment.39883396","geometry":{"type":"MultiPolygon","coordinates":[[[[3.79522706,48.51574473],[3.7952105,48.51571516],[3.79516746,48.51572525],[3.7951816,48.51574702],[3.79518645,48.51575454],[3.79522706,48.51574473]]]]},"geometry_name":"geom","properties":{"gid":39794798,"type":"Construction légère","code_dep":"10","code_insee":"10220"}},{"type":"Feature","id":"batiment.39883397","geometry":{"type":"MultiPolygon","coordinates":[[[[3.79553657,48.51584954],[3.79554552,48.51587665],[3.79563697,48.51586209],[3.79562882,48.51583354],[3.79553657,48.51584954]]]]},"geometry_name":"geom","properties":{"gid":39794799,"type":"Construction légère","code_dep":"10","code_insee":"10220"}},{"type":"Feature","id":"batiment.39883398","geometry":{"type":"MultiPolygon","coordinates":[[[[3.79389986,48.51331643],[3.79392782,48.51342807],[3.79426224,48.51339093],[3.79423384,48.51326805],[3.79402241,48.51329042],[3.79402516,48.51330174],[3.79389986,48.51331643]]]]},"geometry_name":"geom","properties":{"gid":39794800,"type":"Construction légère","code_dep":"10","code_insee":"10220"}},{"type":"Feature","id":"batiment.39883399","geometry":{"type":"MultiPolygon","coordinates":[[[[3.79337596,48.51266131],[3.79339123,48.51265941],[3.79337854,48.51260785],[3.79336286,48.51260976],[3.79337596,48.51266131]]]]},"geometry_name":"geom","properties":{"gid":39794801,"type":"Construction légère","code_dep":"10","code_insee":"10220"}},{"type":"Feature","id":"batiment.39883400","geometry":{"type":"MultiPolygon","coordinates":[[[[3.79386137,48.51224946],[3.79386378,48.51226554],[3.79389451,48.51226534],[3.7938909,48.51224998],[3.79386137,48.51224946]]]]},"geometry_name":"geom","properties":{"gid":39794802,"type":"Construction légère","code_dep":"10","code_insee":"10220"}},{"type":"Feature","id":"batiment.39883401","geometry":{"type":"MultiPolygon","coordinates":[[[[3.79384699,48.51218469],[3.79386415,48.5121826],[3.79385867,48.51216032],[3.79384043,48.51216269],[3.79384699,48.51218469]]]]},"geometry_name":"geom","properties":{"gid":39794803,"type":"Construction légère","code_dep":"10","code_insee":"10220"}},{"type":"Feature","id":"batiment.39883402","geometry":{"type":"MultiPolygon","coordinates":[[[[3.79433251,48.51232611],[3.7943992,48.51232188],[3.79440828,48.51231345],[3.79433185,48.51231828],[3.79433251,48.51232611]]]]},"geometry_name":"geom","properties":{"gid":39794804,"type":"Construction légère","code_dep":"10","code_insee":"10220"}},{"type":"Feature","id":"batiment.39883403","geometry":{"type":"MultiPolygon","coordinates":[[[[3.79577138,48.51316285],[3.79577676,48.51322336],[3.79602723,48.5132126],[3.79602145,48.51315299],[3.79577138,48.51316285]]]]},"geometry_name":"geom","properties":{"gid":39794805,"type":"Construction légère","code_dep":"10","code_insee":"10220"}},{"type":"Feature","id":"batiment.39883404","geometry":{"type":"MultiPolygon","coordinates":[[[[3.79550947,48.5134013],[3.79551142,48.51341361],[3.79560736,48.51340991],[3.79560703,48.51339731],[3.79550947,48.5134013]]]]},"geometry_name":"geom","properties":{"gid":39794806,"type":"Construction légère","code_dep":"10","code_insee":"10220"}},{"type":"Feature","id":"batiment.39883434","geometry":{"type":"MultiPolygon","coordinates":[[[[3.79538639,48.51326762],[3.79543011,48.51326625],[3.79542492,48.51320124],[3.79538161,48.51320225],[3.79538444,48.51323696],[3.79538639,48.51326762]]]]},"geometry_name":"geom","properties":{"gid":39794837,"type":"Construction légère","code_dep":"10","code_insee":"10220"}},{"type":"Feature","id":"batiment.39883435","geometry":{"type":"MultiPolygon","coordinates":[[[[3.79507562,48.51340024],[3.79507925,48.51341641],[3.79510398,48.51341319],[3.79509858,48.51339667],[3.79507562,48.51340024]]]]},"geometry_name":"geom","properties":{"gid":39794838,"type":"Construction légère","code_dep":"10","code_insee":"10220"}},{"type":"Feature","id":"batiment.39883436","geometry":{"type":"MultiPolygon","coordinates":[[[[3.7969147,48.51289376],[3.79682229,48.51289869],[3.79682923,48.51304367],[3.79691878,48.51303785],[3.7969147,48.51289376]]]]},"geometry_name":"geom","properties":{"gid":39794839,"type":"Construction légère","code_dep":"10","code_insee":"10220"}},{"type":"Feature","id":"batiment.39883437","geometry":{"type":"MultiPolygon","coordinates":[[[[3.79831149,48.51323992],[3.79836882,48.51323395],[3.79836105,48.51320414],[3.79830549,48.51321018],[3.79831149,48.51323992]]]]},"geometry_name":"geom","properties":{"gid":39794840,"type":"Construction légère","code_dep":"10","code_insee":"10220"}},{"type":"Feature","id":"batiment.39883438","geometry":{"type":"MultiPolygon","coordinates":[[[[3.79785277,48.51312577],[3.79801969,48.51310594],[3.79801448,48.51307476],[3.79802921,48.51307259],[3.79802178,48.51304745],[3.79795851,48.51305399],[3.79792339,48.51292603],[3.79780592,48.51293843],[3.79784354,48.51308877],[3.79785277,48.51312577]]]]},"geometry_name":"geom","properties":{"gid":39794841,"type":"Construction légère","code_dep":"10","code_insee":"10220"}},{"type":"Feature","id":"batiment.39883440","geometry":{"type":"MultiPolygon","coordinates":[[[[3.79843479,48.51307616],[3.79843852,48.51308999],[3.79850244,48.51308174],[3.79849871,48.51306791],[3.79843479,48.51307616]]]]},"geometry_name":"geom","properties":{"gid":39794843,"type":"Construction légère","code_dep":"10","code_insee":"10220"}},{"type":"Feature","id":"batiment.39883441","geometry":{"type":"MultiPolygon","coordinates":[[[[3.7987773,48.51254758],[3.79880001,48.51254482],[3.79877252,48.51244676],[3.79874995,48.51244952],[3.7987773,48.51254758]]]]},"geometry_name":"geom","properties":{"gid":39794844,"type":"Construction légère","code_dep":"10","code_insee":"10220"}},{"type":"Feature","id":"batiment.39883443","geometry":{"type":"MultiPolygon","coordinates":[[[[3.79968142,48.5129592],[3.79969751,48.5129572],[3.79968055,48.51289308],[3.7996615,48.51289564],[3.79968142,48.5129592]]]]},"geometry_name":"geom","properties":{"gid":39794846,"type":"Construction légère","code_dep":"10","code_insee":"10220"}},{"type":"Feature","id":"batiment.39883445","geometry":{"type":"MultiPolygon","coordinates":[[[[3.80121399,48.51346112],[3.80122261,48.51346673],[3.8012645,48.51344333],[3.80125587,48.51343691],[3.80121399,48.51346112]]]]},"geometry_name":"geom","properties":{"gid":39794848,"type":"Construction légère","code_dep":"10","code_insee":"10220"}},{"type":"Feature","id":"batiment.39883446","geometry":{"type":"MultiPolygon","coordinates":[[[[3.80090828,48.51307248],[3.80089798,48.51305446],[3.80085181,48.51306314],[3.80086021,48.51308162],[3.80087736,48.51307844],[3.80090828,48.51307248]]]]},"geometry_name":"geom","properties":{"gid":39794849,"type":"Construction légère","code_dep":"10","code_insee":"10220"}},{"type":"Feature","id":"batiment.39883472","geometry":{"type":"MultiPolygon","coordinates":[[[[3.79975804,48.51326878],[3.79977949,48.51332586],[3.79979611,48.51332331],[3.79977385,48.5132667],[3.79975804,48.51326878]]]]},"geometry_name":"geom","properties":{"gid":39794875,"type":"Construction légère","code_dep":"10","code_insee":"10220"}},{"type":"Feature","id":"batiment.39883473","geometry":{"type":"MultiPolygon","coordinates":[[[[3.79998387,48.51388891],[3.80000574,48.51396406],[3.8000383,48.51395961],[3.80001605,48.51388545],[3.79998387,48.51388891]]]]},"geometry_name":"geom","properties":{"gid":39794876,"type":"Construction légère","code_dep":"10","code_insee":"10220"}},{"type":"Feature","id":"batiment.39883474","geometry":{"type":"MultiPolygon","coordinates":[[[[3.79986819,48.51401042],[3.79988655,48.51406841],[3.799961,48.51405846],[3.79994157,48.51400083],[3.79986819,48.51401042]]]]},"geometry_name":"geom","properties":{"gid":39794877,"type":"Construction légère","code_dep":"10","code_insee":"10220"}},{"type":"Feature","id":"batiment.39883475","geometry":{"type":"MultiPolygon","coordinates":[[[[3.7988474,48.51409195],[3.79886348,48.51409004],[3.79884797,48.51404076],[3.79883068,48.51404339],[3.7988474,48.51409195]]]]},"geometry_name":"geom","properties":{"gid":39794878,"type":"Construction légère","code_dep":"10","code_insee":"10220"}},{"type":"Feature","id":"batiment.39883476","geometry":{"type":"MultiPolygon","coordinates":[[[[3.79853345,48.51422954],[3.79856347,48.5142889],[3.79873201,48.51425079],[3.79870118,48.5141909],[3.79853345,48.51422954]]]]},"geometry_name":"geom","properties":{"gid":39794879,"type":"Construction légère","code_dep":"10","code_insee":"10220"}},{"type":"Feature","id":"batiment.39883477","geometry":{"type":"MultiPolygon","coordinates":[[[[3.79796399,48.51466051],[3.79793647,48.5146669],[3.79797238,48.51474916],[3.79799736,48.51473532],[3.79796399,48.51466051]]]]},"geometry_name":"geom","properties":{"gid":39794880,"type":"Construction légère","code_dep":"10","code_insee":"10220"}},{"type":"Feature","id":"batiment.39883478","geometry":{"type":"MultiPolygon","coordinates":[[[[3.79747764,48.51357541],[3.79750155,48.51357228],[3.79749455,48.51354785],[3.79747089,48.51355053],[3.79747764,48.51357541]]]]},"geometry_name":"geom","properties":{"gid":39794881,"type":"Construction légère","code_dep":"10","code_insee":"10220"}},{"type":"Feature","id":"batiment.39883479","geometry":{"type":"MultiPolygon","coordinates":[[[[3.79710468,48.51363405],[3.79710986,48.51364544],[3.79711618,48.51366024],[3.79719312,48.51364452],[3.79718013,48.51361834],[3.79710468,48.51363405]]]]},"geometry_name":"geom","properties":{"gid":39794882,"type":"Construction légère","code_dep":"10","code_insee":"10220"}},{"type":"Feature","id":"batiment.39883480","geometry":{"type":"MultiPolygon","coordinates":[[[[3.79696943,48.51368902],[3.79698312,48.51371673],[3.79703225,48.51370668],[3.79701761,48.51367862],[3.79696943,48.51368902]]]]},"geometry_name":"geom","properties":{"gid":39794883,"type":"Construction légère","code_dep":"10","code_insee":"10220"}},{"type":"Feature","id":"batiment.39883505","geometry":{"type":"MultiPolygon","coordinates":[[[[3.79740738,48.5148063],[3.79751014,48.51477808],[3.79749931,48.51476088],[3.79739659,48.51479072],[3.79740738,48.5148063]]]]},"geometry_name":"geom","properties":{"gid":39794908,"type":"Construction légère","code_dep":"10","code_insee":"10220"}},{"type":"Feature","id":"batiment.39883506","geometry":{"type":"MultiPolygon","coordinates":[[[[3.79649009,48.51390257],[3.79649456,48.51391171],[3.79652615,48.51390529],[3.79652195,48.51389615],[3.79649009,48.51390257]]]]},"geometry_name":"geom","properties":{"gid":39794909,"type":"Construction légère","code_dep":"10","code_insee":"10220"}},{"type":"Feature","id":"batiment.39883507","geometry":{"type":"MultiPolygon","coordinates":[[[[3.7960849,48.51357773],[3.79619979,48.51357318],[3.79619715,48.51355089],[3.79608351,48.51355705],[3.7960849,48.51357773]]]]},"geometry_name":"geom","properties":{"gid":39794910,"type":"Construction légère","code_dep":"10","code_insee":"10220"}},{"type":"Feature","id":"batiment.39883508","geometry":{"type":"MultiPolygon","coordinates":[[[[3.79631248,48.51407469],[3.79632841,48.51407143],[3.79630655,48.51402282],[3.7962898,48.51402581],[3.79631248,48.51407469]]]]},"geometry_name":"geom","properties":{"gid":39794911,"type":"Construction légère","code_dep":"10","code_insee":"10220"}},{"type":"Feature","id":"batiment.39883509","geometry":{"type":"MultiPolygon","coordinates":[[[[3.7963782,48.51441673],[3.79640687,48.514477],[3.79642886,48.51447154],[3.7964002,48.51441254],[3.7963782,48.51441673]]]]},"geometry_name":"geom","properties":{"gid":39794912,"type":"Construction légère","code_dep":"10","code_insee":"10220"}},{"type":"Feature","id":"batiment.39883510","geometry":{"type":"MultiPolygon","coordinates":[[[[3.79669024,48.51441212],[3.79671348,48.51444426],[3.79678144,48.51442573],[3.79676257,48.51439581],[3.79669024,48.51441212]]]]},"geometry_name":"geom","properties":{"gid":39794913,"type":"Construction légère","code_dep":"10","code_insee":"10220"}},{"type":"Feature","id":"batiment.39883511","geometry":{"type":"MultiPolygon","coordinates":[[[[3.7962504,48.51526576],[3.79626622,48.51529147],[3.79633112,48.51527619],[3.79631664,48.51525002],[3.7962504,48.51526576]]]]},"geometry_name":"geom","properties":{"gid":39794914,"type":"Construction légère","code_dep":"10","code_insee":"10220"}},{"type":"Feature","id":"batiment.39883512","geometry":{"type":"MultiPolygon","coordinates":[[[[3.79627514,48.51473706],[3.79626313,48.51473993],[3.79628035,48.51476806],[3.79630449,48.51476161],[3.79628849,48.51473364],[3.79627514,48.51473706]]]]},"geometry_name":"geom","properties":{"gid":39794915,"type":"Construction légère","code_dep":"10","code_insee":"10220"}},{"type":"Feature","id":"batiment.39883513","geometry":{"type":"MultiPolygon","coordinates":[[[[3.79614102,48.5143845],[3.79613054,48.51435452],[3.79610947,48.51435799],[3.79612102,48.51438697],[3.79614102,48.5143845]]]]},"geometry_name":"geom","properties":{"gid":39794916,"type":"Construction légère","code_dep":"10","code_insee":"10220"}},{"type":"Feature","id":"batiment.39883543","geometry":{"type":"MultiPolygon","coordinates":[[[[3.79614102,48.5143845],[3.79615023,48.51441169],[3.79620292,48.51440387],[3.79619565,48.51437972],[3.79614102,48.5143845]]]]},"geometry_name":"geom","properties":{"gid":39794946,"type":"Construction légère","code_dep":"10","code_insee":"10220"}},{"type":"Feature","id":"batiment.39883544","geometry":{"type":"MultiPolygon","coordinates":[[[[3.79664177,48.51349429],[3.79668046,48.51349178],[3.79667927,48.51347613],[3.79664085,48.51347837],[3.79664177,48.51349429]]]]},"geometry_name":"geom","properties":{"gid":39794947,"type":"Construction légère","code_dep":"10","code_insee":"10220"}},{"type":"Feature","id":"batiment.39883545","geometry":{"type":"MultiPolygon","coordinates":[[[[3.80299091,48.513444],[3.80304413,48.5135596],[3.80315614,48.5135351],[3.80310101,48.51341879],[3.80299091,48.513444]]]]},"geometry_name":"geom","properties":{"gid":39794948,"type":"Construction légère","code_dep":"10","code_insee":"10220"}},{"type":"Feature","id":"batiment.39883546","geometry":{"type":"MultiPolygon","coordinates":[[[[3.80227527,48.51283988],[3.80224476,48.51284584],[3.80227435,48.51290358],[3.80230527,48.51289806],[3.80227527,48.51283988]]]]},"geometry_name":"geom","properties":{"gid":39794949,"type":"Construction légère","code_dep":"10","code_insee":"10220"}},{"type":"Feature","id":"batiment.39883547","geometry":{"type":"MultiPolygon","coordinates":[[[[3.80601954,48.51293626],[3.80614332,48.51291986],[3.80614122,48.51290629],[3.80601636,48.51292306],[3.80601954,48.51293626]]]]},"geometry_name":"geom","properties":{"gid":39794950,"type":"Construction légère","code_dep":"10","code_insee":"10220"}},{"type":"Feature","id":"batiment.39883548","geometry":{"type":"MultiPolygon","coordinates":[[[[3.80387971,48.51271118],[3.8039149,48.51278085],[3.80394041,48.51277546],[3.80390697,48.51270488],[3.80387971,48.51271118]]]]},"geometry_name":"geom","properties":{"gid":39794951,"type":"Construction légère","code_dep":"10","code_insee":"10220"}},{"type":"Feature","id":"batiment.39883549","geometry":{"type":"MultiPolygon","coordinates":[[[[3.80424292,48.51270612],[3.80439363,48.51268],[3.80439614,48.51266748],[3.80423839,48.51269355],[3.80424292,48.51270612]]]]},"geometry_name":"geom","properties":{"gid":39794952,"type":"Construction légère","code_dep":"10","code_insee":"10220"}},{"type":"Feature","id":"batiment.39883550","geometry":{"type":"MultiPolygon","coordinates":[[[[3.80462695,48.51278772],[3.80466346,48.51288167],[3.80478239,48.5128581],[3.80477406,48.51283594],[3.8047447,48.5127665],[3.80462695,48.51278772]]]]},"geometry_name":"geom","properties":{"gid":39794953,"type":"Construction légère","code_dep":"10","code_insee":"10220"}},{"type":"Feature","id":"batiment.39883551","geometry":{"type":"MultiPolygon","coordinates":[[[[3.80493228,48.51250515],[3.80493705,48.51251591],[3.80495769,48.51251119],[3.80495197,48.51250007],[3.80493228,48.51250515]]]]},"geometry_name":"geom","properties":{"gid":39794954,"type":"Construction légère","code_dep":"10","code_insee":"10220"}},{"type":"Feature","id":"batiment.39883552","geometry":{"type":"MultiPolygon","coordinates":[[[[3.80554066,48.51229492],[3.80557715,48.51236089],[3.80559578,48.51235707],[3.80555968,48.51229012],[3.80554066,48.51229492]]]]},"geometry_name":"geom","properties":{"gid":39794955,"type":"Construction légère","code_dep":"10","code_insee":"10220"}},{"type":"Feature","id":"batiment.39883579","geometry":{"type":"MultiPolygon","coordinates":[[[[3.80580281,48.51274512],[3.80581593,48.51277103],[3.80583632,48.51276693],[3.80582442,48.51274191],[3.80580281,48.51274512]]]]},"geometry_name":"geom","properties":{"gid":39794982,"type":"Construction légère","code_dep":"10","code_insee":"10220"}},{"type":"Feature","id":"batiment.39883580","geometry":{"type":"MultiPolygon","coordinates":[[[[3.80570218,48.51284962],[3.80573396,48.5129086],[3.80577855,48.5128939],[3.80574691,48.5128351],[3.80570218,48.51284962]]]]},"geometry_name":"geom","properties":{"gid":39794983,"type":"Construction légère","code_dep":"10","code_insee":"10220"}},{"type":"Feature","id":"batiment.39883581","geometry":{"type":"MultiPolygon","coordinates":[[[[3.80549175,48.51297214],[3.80555518,48.51295812],[3.80554458,48.51293795],[3.80553284,48.51294055],[3.80551364,48.51290721],[3.80546293,48.51292024],[3.80549175,48.51297214]]]]},"geometry_name":"geom","properties":{"gid":39794984,"type":"Construction légère","code_dep":"10","code_insee":"10220"}},{"type":"Feature","id":"batiment.39883582","geometry":{"type":"MultiPolygon","coordinates":[[[[3.80557709,48.51293008],[3.80558892,48.51295106],[3.8056151,48.51294557],[3.80560217,48.51292344],[3.80557709,48.51293008]]]]},"geometry_name":"geom","properties":{"gid":39794985,"type":"Construction légère","code_dep":"10","code_insee":"10220"}},{"type":"Feature","id":"batiment.39883583","geometry":{"type":"MultiPolygon","coordinates":[[[[3.806056,48.51249798],[3.80608383,48.51249357],[3.80608108,48.51248243],[3.8060527,48.51248559],[3.806056,48.51249798]]]]},"geometry_name":"geom","properties":{"gid":39794986,"type":"Construction légère","code_dep":"10","code_insee":"10220"}},{"type":"Feature","id":"batiment.39883584","geometry":{"type":"MultiPolygon","coordinates":[[[[3.80644181,48.51210484],[3.80644547,48.5121139],[3.80655317,48.51209086],[3.80654896,48.51208171],[3.80644181,48.51210484]]]]},"geometry_name":"geom","properties":{"gid":39794987,"type":"Construction légère","code_dep":"10","code_insee":"10220"}},{"type":"Feature","id":"batiment.39883585","geometry":{"type":"MultiPolygon","coordinates":[[[[3.80661096,48.5122658],[3.80667728,48.51225483],[3.80666132,48.51221175],[3.80659555,48.51222317],[3.80661096,48.5122658]]]]},"geometry_name":"geom","properties":{"gid":39794988,"type":"Construction légère","code_dep":"10","code_insee":"10220"}},{"type":"Feature","id":"batiment.39883586","geometry":{"type":"MultiPolygon","coordinates":[[[[3.80675977,48.51244166],[3.80679314,48.5125251],[3.80685132,48.51251364],[3.8068181,48.51243128],[3.80675977,48.51244166]]]]},"geometry_name":"geom","properties":{"gid":39794989,"type":"Construction légère","code_dep":"10","code_insee":"10220"}},{"type":"Feature","id":"batiment.39883587","geometry":{"type":"MultiPolygon","coordinates":[[[[3.80779644,48.51240043],[3.80783038,48.51239732],[3.80780532,48.51231725],[3.80777073,48.51232207],[3.80779644,48.51240043]]]]},"geometry_name":"geom","properties":{"gid":39794990,"type":"Construction légère","code_dep":"10","code_insee":"10220"}},{"type":"Feature","id":"batiment.39883588","geometry":{"type":"MultiPolygon","coordinates":[[[[3.80822321,48.51233779],[3.80824834,48.5123343],[3.80824573,48.5123228],[3.80821978,48.51232585],[3.80822321,48.51233779]]]]},"geometry_name":"geom","properties":{"gid":39794991,"type":"Construction légère","code_dep":"10","code_insee":"10220"}},{"type":"Feature","id":"batiment.39883616","geometry":{"type":"MultiPolygon","coordinates":[[[[3.80872501,48.51205711],[3.80873875,48.51210488],[3.80877429,48.5121005],[3.80876206,48.51205389],[3.80872501,48.51205711]]]]},"geometry_name":"geom","properties":{"gid":39795019,"type":"Construction légère","code_dep":"10","code_insee":"10220"}},{"type":"Feature","id":"batiment.39883617","geometry":{"type":"MultiPolygon","coordinates":[[[[3.80960444,48.51219786],[3.80971864,48.51218385],[3.80971375,48.51216491],[3.80965847,48.51217149],[3.80966014,48.51218299],[3.80960268,48.51218851],[3.80960444,48.51219786]]]]},"geometry_name":"geom","properties":{"gid":39795020,"type":"Construction légère","code_dep":"10","code_insee":"10220"}},{"type":"Feature","id":"batiment.39883618","geometry":{"type":"MultiPolygon","coordinates":[[[[3.81000031,48.51210736],[3.8100112,48.51214579],[3.81003336,48.51214321],[3.81002128,48.51210586],[3.81000031,48.51210736]]]]},"geometry_name":"geom","properties":{"gid":39795021,"type":"Construction légère","code_dep":"10","code_insee":"10220"}},{"type":"Feature","id":"batiment.39883619","geometry":{"type":"MultiPolygon","coordinates":[[[[3.81031149,48.51195976],[3.81035796,48.5119527],[3.81034942,48.51192595],[3.810302,48.51193284],[3.81031149,48.51195976]]]]},"geometry_name":"geom","properties":{"gid":39795022,"type":"Construction légère","code_dep":"10","code_insee":"10220"}},{"type":"Feature","id":"batiment.39883620","geometry":{"type":"MultiPolygon","coordinates":[[[[3.81094657,48.51210342],[3.81095466,48.51212757],[3.81100709,48.51212064],[3.81099953,48.51209568],[3.81094657,48.51210342]]]]},"geometry_name":"geom","properties":{"gid":39795023,"type":"Construction légère","code_dep":"10","code_insee":"10220"}},{"type":"Feature","id":"batiment.39883621","geometry":{"type":"MultiPolygon","coordinates":[[[[3.80841023,48.5127616],[3.80844607,48.51275866],[3.80844352,48.51273402],[3.8084062,48.51273734],[3.80841023,48.5127616]]]]},"geometry_name":"geom","properties":{"gid":39795024,"type":"Construction légère","code_dep":"10","code_insee":"10220"}},{"type":"Feature","id":"batiment.39883622","geometry":{"type":"MultiPolygon","coordinates":[[[[3.80894586,48.51257551],[3.80904122,48.51256064],[3.80903753,48.51254987],[3.80894245,48.51256537],[3.80894586,48.51257551]]]]},"geometry_name":"geom","properties":{"gid":39795025,"type":"Construction légère","code_dep":"10","code_insee":"10220"}},{"type":"Feature","id":"batiment.39883623","geometry":{"type":"MultiPolygon","coordinates":[[[[3.81087798,48.51244053],[3.81095651,48.51265015],[3.81116099,48.51261691],[3.81109549,48.51244354],[3.81108183,48.51240999],[3.81087798,48.51244053]]]]},"geometry_name":"geom","properties":{"gid":39795026,"type":"Construction légère","code_dep":"10","code_insee":"10220"}},{"type":"Feature","id":"batiment.39883624","geometry":{"type":"MultiPolygon","coordinates":[[[[3.81115023,48.51234097],[3.81114916,48.51238587],[3.81128648,48.51238754],[3.81128536,48.51234122],[3.81115023,48.51234097]]]]},"geometry_name":"geom","properties":{"gid":39795027,"type":"Construction légère","code_dep":"10","code_insee":"10220"}},{"type":"Feature","id":"batiment.39883625","geometry":{"type":"MultiPolygon","coordinates":[[[[3.81155669,48.51221774],[3.8115802,48.51241568],[3.81182467,48.51240303],[3.81180403,48.51220669],[3.81159146,48.51221615],[3.81155669,48.51221774]]]]},"geometry_name":"geom","properties":{"gid":39795028,"type":"Construction légère","code_dep":"10","code_insee":"10220"}},{"type":"Feature","id":"batiment.39883654","geometry":{"type":"MultiPolygon","coordinates":[[[[3.81155873,48.51247178],[3.8115723,48.51253556],[3.81160736,48.51253442],[3.81162141,48.51251525],[3.81161552,48.51246725],[3.81155873,48.51247178]]]]},"geometry_name":"geom","properties":{"gid":39795056,"type":"Construction légère","code_dep":"10","code_insee":"10220"}},{"type":"Feature","id":"batiment.39883655","geometry":{"type":"MultiPolygon","coordinates":[[[[3.81214258,48.51219214],[3.81247019,48.5121792],[3.81245254,48.51196656],[3.81212318,48.51197987],[3.81214258,48.51219214]]]]},"geometry_name":"geom","properties":{"gid":39795057,"type":"Construction légère","code_dep":"10","code_insee":"10220"}},{"type":"Feature","id":"batiment.39883656","geometry":{"type":"MultiPolygon","coordinates":[[[[3.81401602,48.51105964],[3.81398647,48.51106659],[3.81401889,48.51114032],[3.81404898,48.51113364],[3.81401602,48.51105964]]]]},"geometry_name":"geom","properties":{"gid":39795058,"type":"Construction légère","code_dep":"10","code_insee":"10220"}},{"type":"Feature","id":"batiment.39883657","geometry":{"type":"MultiPolygon","coordinates":[[[[3.81417317,48.51117021],[3.81411376,48.51104134],[3.8140958,48.51104452],[3.81414135,48.51115235],[3.81415054,48.5111513],[3.81415872,48.51117265],[3.81417317,48.51117021]]]]},"geometry_name":"geom","properties":{"gid":39795059,"type":"Construction légère","code_dep":"10","code_insee":"10220"}},{"type":"Feature","id":"batiment.39896622","geometry":{"type":"MultiPolygon","coordinates":[[[[3.7952671,48.50399575],[3.79603657,48.50394039],[3.79604863,48.50400419],[3.79628987,48.50398584],[3.79624645,48.5037202],[3.79586952,48.50374503],[3.79583059,48.50353487],[3.79560841,48.50355066],[3.79522545,48.50357922],[3.79520099,48.50358191],[3.7952671,48.50399575]]]]},"geometry_name":"geom","properties":{"gid":39808111,"type":"Bâtiment en dur","code_dep":"10","code_insee":"10220"}},{"type":"Feature","id":"batiment.39896623","geometry":{"type":"MultiPolygon","coordinates":[[[[3.79616252,48.5029002],[3.7961591,48.50290616],[3.7961503,48.50291567],[3.79614989,48.50292395],[3.79615233,48.50293338],[3.79616139,48.5029415],[3.79617343,48.50295006],[3.79618822,48.50295194],[3.79620541,48.50295182],[3.796222,48.50294775],[3.79623485,48.50293822],[3.79624189,48.50292909],[3.79624849,48.50293579],[3.79625931,48.50294435],[3.79627481,48.50294857],[3.79629132,48.50294846],[3.79630847,48.50294564],[3.79632202,48.50293728],[3.79632961,48.50292895],[3.79633621,48.50293556],[3.79634452,48.50293946],[3.79636296,48.50294087],[3.79638082,48.50294039],[3.79639603,48.5029348],[3.79640725,48.50292483],[3.79641407,48.50290985],[3.79641336,48.50289879],[3.79640129,48.5028887],[3.79638817,48.50288088],[3.79639986,48.5028745],[3.79640566,48.50286421],[3.79640666,48.50284998],[3.79640353,48.5028402],[3.7963904,48.5028312],[3.79637664,48.50282581],[3.79635768,48.50282476],[3.79633933,48.50282893],[3.79632469,48.5028365],[3.79631596,48.50285023],[3.79630513,48.50284131],[3.79628962,48.50283592],[3.79627415,48.50283369],[3.79625578,48.50283651],[3.7962453,48.50284171],[3.79623299,48.50285124],[3.79623015,48.50286034],[3.79622467,48.50285606],[3.79621031,48.50284671],[3.7961955,48.50284285],[3.79617235,48.50284301],[3.7961547,48.50284825],[3.79614347,48.50285778],[3.79613898,48.502874],[3.79614392,48.50288773],[3.79616252,48.5029002]]]]},"geometry_name":"geom","properties":{"gid":39808112,"type":"Bâtiment en dur","code_dep":"10","code_insee":"10220"}},{"type":"Feature","id":"batiment.39896624","geometry":{"type":"MultiPolygon","coordinates":[[[[3.79609706,48.50273439],[3.79609832,48.50274625],[3.79610076,48.50275514],[3.79610454,48.50276375],[3.79610941,48.50277218],[3.79611549,48.50278023],[3.79612264,48.50278792],[3.79613088,48.50279507],[3.79614018,48.50280166],[3.79615029,48.50280762],[3.7961612,48.50281294],[3.79617278,48.50281764],[3.79618502,48.50282151],[3.79619779,48.50282457],[3.79621082,48.50282692],[3.79622425,48.50282836],[3.7962378,48.50282898],[3.79625133,48.50282871],[3.79626472,48.50282764],[3.79627795,48.50282575],[3.79629091,48.50282305],[3.79630344,48.50281946],[3.79631529,48.50281515],[3.79632659,48.50281013],[3.79633706,48.50280448],[3.79634671,48.50279812],[3.79635541,48.50279122],[3.79636301,48.50278379],[3.79636966,48.50277592],[3.79637509,48.5027677],[3.79637929,48.50275912],[3.79638227,48.50275038],[3.79638403,48.50274146],[3.79638457,48.50273246],[3.7963833,48.5027205],[3.79638073,48.5027117],[3.79637708,48.502703],[3.79637222,48.50269467],[3.79636614,48.50268661],[3.79635885,48.50267892],[3.79635062,48.50267178],[3.79634145,48.50266519],[3.79633134,48.50265923],[3.79632043,48.5026539],[3.79630885,48.50264921],[3.79629661,48.50264534],[3.79628383,48.50264227],[3.7962708,48.50263993],[3.79625738,48.50263849],[3.79624383,48.50263786],[3.7962303,48.50263813],[3.79621705,48.50263921],[3.79620381,48.5026411],[3.79619085,48.50264379],[3.79617832,48.50264739],[3.79616647,48.5026516],[3.79615517,48.50265663],[3.7961447,48.50266237],[3.79613505,48.50266873],[3.79612636,48.50267562],[3.79611862,48.50268305],[3.7961121,48.50269083],[3.79610668,48.50269915],[3.79610234,48.50270763],[3.79609936,48.50271647],[3.7960976,48.50272539],[3.79609706,48.50273439]]]]},"geometry_name":"geom","properties":{"gid":39808113,"type":"Bâtiment en dur","code_dep":"10","code_insee":"10220"}},{"type":"Feature","id":"batiment.39896625","geometry":{"type":"MultiPolygon","coordinates":[[[[3.7960573,48.50276398],[3.79605619,48.50275328],[3.79605389,48.50274448],[3.79605024,48.50273578],[3.79604537,48.50272736],[3.79603929,48.5027193],[3.796032,48.5027117],[3.79602364,48.50270465],[3.79601434,48.50269824],[3.79600409,48.50269228],[3.79599291,48.50268713],[3.7959812,48.50268262],[3.79596883,48.50267893],[3.79595593,48.50267614],[3.79594276,48.50267407],[3.79592934,48.50267299],[3.7959158,48.50267272],[3.79590227,48.50267335],[3.79588889,48.50267479],[3.7958758,48.50267712],[3.79586312,48.50268036],[3.795851,48.50268431],[3.79583943,48.50268906],[3.79582882,48.50269453],[3.79581889,48.50270071],[3.79580992,48.50270743],[3.79580205,48.50271477],[3.79579526,48.50272255],[3.79578956,48.50273069],[3.79578523,48.50273926],[3.79578197,48.50274801],[3.79578021,48.50275693],[3.79577967,48.50276593],[3.79578078,48.50277663],[3.79578308,48.50278543],[3.79578673,48.50279413],[3.7957916,48.50280256],[3.79579768,48.50281052],[3.79580497,48.50281821],[3.79581333,48.50282517],[3.79582264,48.50283168],[3.79583288,48.50283764],[3.79584406,48.50284278],[3.79585577,48.50284729],[3.79586814,48.50285089],[3.79588105,48.50285378],[3.79589421,48.50285576],[3.79590763,48.50285693],[3.79592117,48.5028572],[3.7959347,48.50285657],[3.79594808,48.50285513],[3.79596118,48.50285279],[3.79597385,48.50284956],[3.79598598,48.50284561],[3.79599755,48.50284085],[3.79600829,48.50283538],[3.79601808,48.5028292],[3.79602705,48.50282248],[3.79603493,48.50281514],[3.79604171,48.50280736],[3.79604741,48.50279913],[3.79605175,48.50279065],[3.796055,48.5027819],[3.79605676,48.50277298],[3.7960573,48.50276398]]]]},"geometry_name":"geom","properties":{"gid":39808114,"type":"Bâtiment en dur","code_dep":"10","code_insee":"10220"}},{"type":"Feature","id":"batiment.39896626","geometry":{"type":"MultiPolygon","coordinates":[[[[3.79541234,48.50153895],[3.79545171,48.50180507],[3.79571706,48.50178854],[3.79577819,48.50222175],[3.79638149,48.5021819],[3.79624656,48.50131898],[3.79565331,48.50136074],[3.79567583,48.5015155],[3.79541234,48.50153895]]]]},"geometry_name":"geom","properties":{"gid":39808115,"type":"Bâtiment en dur","code_dep":"10","code_insee":"10220"}},{"type":"Feature","id":"batiment.39896627","geometry":{"type":"MultiPolygon","coordinates":[[[[3.79519541,48.50120403],[3.79529802,48.5013023],[3.79539066,48.5012603],[3.79529437,48.50115946],[3.79519541,48.50120403]]]]},"geometry_name":"geom","properties":{"gid":39808116,"type":"Bâtiment en dur","code_dep":"10","code_insee":"10220"}},{"type":"Feature","id":"batiment.39896629","geometry":{"type":"MultiPolygon","coordinates":[[[[3.79878412,48.50130095],[3.79882079,48.5012999],[3.79881417,48.50123913],[3.79877627,48.50123938],[3.79878412,48.50130095]]]]},"geometry_name":"geom","properties":{"gid":39808118,"type":"Bâtiment en dur","code_dep":"10","code_insee":"10220"}},{"type":"Feature","id":"batiment.39896630","geometry":{"type":"MultiPolygon","coordinates":[[[[3.79874707,48.50119748],[3.79880107,48.50119657],[3.79879806,48.50113182],[3.79873892,48.50113321],[3.79874707,48.50119748]]]]},"geometry_name":"geom","properties":{"gid":39808119,"type":"Bâtiment en dur","code_dep":"10","code_insee":"10220"}},{"type":"Feature","id":"batiment.39896631","geometry":{"type":"MultiPolygon","coordinates":[[[[3.79850456,48.50103357],[3.79856898,48.50103188],[3.79856095,48.50095843],[3.79849604,48.50096247],[3.79850456,48.50103357]]]]},"geometry_name":"geom","properties":{"gid":39808120,"type":"Bâtiment en dur","code_dep":"10","code_insee":"10220"}},{"type":"Feature","id":"batiment.39896663","geometry":{"type":"MultiPolygon","coordinates":[[[[3.79817209,48.50108709],[3.79835825,48.5010799],[3.79835751,48.50103969],[3.79838768,48.5010385],[3.79838708,48.50099919],[3.79816847,48.50100929],[3.79817209,48.50108709]]]]},"geometry_name":"geom","properties":{"gid":39808152,"type":"Bâtiment en dur","code_dep":"10","code_insee":"10220"}},{"type":"Feature","id":"batiment.39896664","geometry":{"type":"MultiPolygon","coordinates":[[[[3.79770716,48.50225794],[3.79847921,48.50220552],[3.79841096,48.50179493],[3.79835579,48.50179872],[3.79833487,48.50166959],[3.79839275,48.50166578],[3.79836964,48.50152577],[3.79823949,48.5015306],[3.79821827,48.5014084],[3.79767676,48.50144289],[3.79770196,48.50162211],[3.79763782,48.50162425],[3.79770716,48.50225794]]]]},"geometry_name":"geom","properties":{"gid":39808153,"type":"Bâtiment en dur","code_dep":"10","code_insee":"10220"}},{"type":"Feature","id":"batiment.39896665","geometry":{"type":"MultiPolygon","coordinates":[[[[3.79802666,48.50237499],[3.79850242,48.50234265],[3.79849383,48.50225859],[3.79801686,48.50229139],[3.79802666,48.50237499]]]]},"geometry_name":"geom","properties":{"gid":39808154,"type":"Bâtiment en dur","code_dep":"10","code_insee":"10220"}},{"type":"Feature","id":"batiment.39896667","geometry":{"type":"MultiPolygon","coordinates":[[[[3.79789035,48.50306107],[3.79864916,48.50300919],[3.79861357,48.50277876],[3.79860519,48.50273573],[3.79785687,48.50279131],[3.79789035,48.50306107]]]]},"geometry_name":"geom","properties":{"gid":39808156,"type":"Bâtiment en dur","code_dep":"10","code_insee":"10220"}},{"type":"Feature","id":"batiment.39896668","geometry":{"type":"MultiPolygon","coordinates":[[[[3.78861944,48.5034919],[3.78860994,48.50343646],[3.7885365,48.50344109],[3.78854425,48.50349726],[3.78861944,48.5034919]]]]},"geometry_name":"geom","properties":{"gid":39808157,"type":"Bâtiment en dur","code_dep":"10","code_insee":"10220"}},{"type":"Feature","id":"batiment.39896669","geometry":{"type":"MultiPolygon","coordinates":[[[[3.7884282,48.50359456],[3.78849368,48.50359179],[3.788478,48.50348502],[3.78845985,48.50348478],[3.78845203,48.50342374],[3.78836509,48.50343071],[3.78836672,48.50344032],[3.78837984,48.50352057],[3.78841351,48.5035181],[3.7884282,48.50359456]]]]},"geometry_name":"geom","properties":{"gid":39808158,"type":"Bâtiment en dur","code_dep":"10","code_insee":"10220"}},{"type":"Feature","id":"batiment.39896671","geometry":{"type":"MultiPolygon","coordinates":[[[[3.78809844,48.50378513],[3.78826074,48.50376624],[3.78826926,48.50381036],[3.78830538,48.50380868],[3.78831811,48.50379078],[3.7883169,48.50376434],[3.78832986,48.50376228],[3.78831119,48.50364599],[3.78834864,48.50364268],[3.78834129,48.50362159],[3.7883291,48.50355834],[3.78822537,48.50356505],[3.78821651,48.50353398],[3.78821047,48.503502],[3.78813474,48.503507],[3.78815055,48.50364022],[3.78823909,48.50363126],[3.78824378,48.50366416],[3.78808674,48.5036733],[3.78809844,48.50378513]]]]},"geometry_name":"geom","properties":{"gid":39808160,"type":"Bâtiment en dur","code_dep":"10","code_insee":"10220"}},{"type":"Feature","id":"batiment.39896673","geometry":{"type":"MultiPolygon","coordinates":[[[[3.78746131,48.5044774],[3.7874597,48.50446931],[3.7874547,48.50446089],[3.78744647,48.50445366],[3.78743582,48.50444806],[3.78742318,48.50444454],[3.78740962,48.50444328],[3.7873961,48.50444445],[3.78738356,48.50444787],[3.78737268,48.50445342],[3.7873644,48.50446068],[3.78735924,48.50446908],[3.78735762,48.50447808],[3.78735923,48.50448617],[3.78736423,48.50449459],[3.78737246,48.50450183],[3.7873831,48.50450742],[3.78739575,48.50451094],[3.7874093,48.5045122],[3.78742283,48.50451103],[3.78743536,48.50450753],[3.78744625,48.50450197],[3.78745453,48.50449481],[3.78745969,48.5044864],[3.78746131,48.5044774]]]]},"geometry_name":"geom","properties":{"gid":39808162,"type":"Bâtiment en dur","code_dep":"10","code_insee":"10220"}},{"type":"Feature","id":"batiment.39896674","geometry":{"type":"MultiPolygon","coordinates":[[[[3.78684212,48.50455203],[3.78683501,48.5045115],[3.78675329,48.5045151],[3.78675724,48.5045525],[3.78684212,48.50455203]]]]},"geometry_name":"geom","properties":{"gid":39808163,"type":"Bâtiment en dur","code_dep":"10","code_insee":"10220"}},{"type":"Feature","id":"batiment.39896675","geometry":{"type":"MultiPolygon","coordinates":[[[[3.78682954,48.50444461],[3.78693912,48.50443947],[3.78692844,48.50434112],[3.786817,48.50434897],[3.78682954,48.50444461]]]]},"geometry_name":"geom","properties":{"gid":39808164,"type":"Bâtiment en dur","code_dep":"10","code_insee":"10220"}},{"type":"Feature","id":"batiment.39896709","geometry":{"type":"MultiPolygon","coordinates":[[[[3.7865462,48.50447266],[3.78666024,48.50447614],[3.78666968,48.50437415],[3.78655485,48.50437194],[3.7865462,48.50447266]]]]},"geometry_name":"geom","properties":{"gid":39808198,"type":"Bâtiment en dur","code_dep":"10","code_insee":"10220"}},{"type":"Feature","id":"batiment.39896710","geometry":{"type":"MultiPolygon","coordinates":[[[[3.78608809,48.5042838],[3.78621673,48.50427656],[3.78621295,48.50422315],[3.78624353,48.5042225],[3.78623358,48.50410912],[3.78603642,48.5041151],[3.7860369,48.50412922],[3.78595839,48.50413019],[3.78596188,48.50419108],[3.78611111,48.50418496],[3.78611497,48.50422587],[3.78608412,48.50422661],[3.78608809,48.5042838]]]]},"geometry_name":"geom","properties":{"gid":39808199,"type":"Bâtiment en dur","code_dep":"10","code_insee":"10220"}},{"type":"Feature","id":"batiment.39896712","geometry":{"type":"MultiPolygon","coordinates":[[[[3.78630106,48.50404111],[3.78637369,48.50403676],[3.78637334,48.50400429],[3.78629986,48.50400621],[3.78630106,48.50404111]]]]},"geometry_name":"geom","properties":{"gid":39808201,"type":"Bâtiment en dur","code_dep":"10","code_insee":"10220"}},{"type":"Feature","id":"batiment.39896713","geometry":{"type":"MultiPolygon","coordinates":[[[[3.7858698,48.50402705],[3.78602227,48.50402011],[3.78601507,48.50394602],[3.78586191,48.50395207],[3.7858698,48.50402705]]]]},"geometry_name":"geom","properties":{"gid":39808202,"type":"Bâtiment en dur","code_dep":"10","code_insee":"10220"}},{"type":"Feature","id":"batiment.39896714","geometry":{"type":"MultiPolygon","coordinates":[[[[3.78600963,48.50386338],[3.78611867,48.50385816],[3.78611536,48.50379071],[3.78615149,48.50379002],[3.7861481,48.50372608],[3.78599644,48.50373302],[3.78600963,48.50386338]]]]},"geometry_name":"geom","properties":{"gid":39808203,"type":"Bâtiment en dur","code_dep":"10","code_insee":"10220"}},{"type":"Feature","id":"batiment.39896715","geometry":{"type":"MultiPolygon","coordinates":[[[[3.78643494,48.50348047],[3.78652327,48.50347575],[3.78652252,48.50343473],[3.78643255,48.50343839],[3.78643494,48.50348047]]]]},"geometry_name":"geom","properties":{"gid":39808204,"type":"Bâtiment en dur","code_dep":"10","code_insee":"10220"}},{"type":"Feature","id":"batiment.39896716","geometry":{"type":"MultiPolygon","coordinates":[[[[3.78583628,48.50346104],[3.78595006,48.50345624],[3.78593749,48.50333982],[3.78585186,48.50334444],[3.78585472,48.50337267],[3.78582848,48.5033741],[3.78583628,48.50346104]]]]},"geometry_name":"geom","properties":{"gid":39808205,"type":"Bâtiment en dur","code_dep":"10","code_insee":"10220"}},{"type":"Feature","id":"batiment.39896717","geometry":{"type":"MultiPolygon","coordinates":[[[[3.78538682,48.50317119],[3.78540786,48.50321117],[3.7853814,48.50321647],[3.78541696,48.5033035],[3.78552187,48.50328545],[3.78550767,48.50324973],[3.78554764,48.5032429],[3.78552477,48.50318971],[3.78546497,48.50320099],[3.78544811,48.50315962],[3.78538682,48.50317119]]]]},"geometry_name":"geom","properties":{"gid":39808206,"type":"Bâtiment en dur","code_dep":"10","code_insee":"10220"}},{"type":"Feature","id":"batiment.39896718","geometry":{"type":"MultiPolygon","coordinates":[[[[3.78610593,48.50289924],[3.78616142,48.50289833],[3.7861615,48.50290355],[3.78624785,48.50290235],[3.78627734,48.50290116],[3.78627796,48.50291546],[3.78626511,48.50291582],[3.78626756,48.50297977],[3.78638627,48.50297916],[3.78637628,48.50281801],[3.78610399,48.50282377],[3.78610593,48.50289924]]]]},"geometry_name":"geom","properties":{"gid":39808207,"type":"Bâtiment en dur","code_dep":"10","code_insee":"10220"}},{"type":"Feature","id":"batiment.39896751","geometry":{"type":"MultiPolygon","coordinates":[[[[3.78592794,48.50285651],[3.78602391,48.5028557],[3.78602256,48.50279255],[3.78592582,48.50279625],[3.78592794,48.50285651]]]]},"geometry_name":"geom","properties":{"gid":39808240,"type":"Bâtiment en dur","code_dep":"10","code_insee":"10220"}},{"type":"Feature","id":"batiment.39896753","geometry":{"type":"MultiPolygon","coordinates":[[[[3.7852678,48.50288949],[3.78532652,48.50301379],[3.78545866,48.50298746],[3.78540104,48.50286396],[3.7852678,48.50288949]]]]},"geometry_name":"geom","properties":{"gid":39808242,"type":"Bâtiment en dur","code_dep":"10","code_insee":"10220"}},{"type":"Feature","id":"batiment.39896754","geometry":{"type":"MultiPolygon","coordinates":[[[[3.78571094,48.50284778],[3.78581552,48.50284322],[3.78581564,48.50280643],[3.78570861,48.50280965],[3.78571094,48.50284778]]]]},"geometry_name":"geom","properties":{"gid":39808243,"type":"Bâtiment en dur","code_dep":"10","code_insee":"10220"}},{"type":"Feature","id":"batiment.39896755","geometry":{"type":"MultiPolygon","coordinates":[[[[3.78521372,48.50268581],[3.78522391,48.50270634],[3.78516425,48.50271834],[3.78520371,48.50279536],[3.78526297,48.50278381],[3.7852494,48.50275439],[3.78531645,48.50273902],[3.78528811,48.50268145],[3.78521372,48.50268581]]]]},"geometry_name":"geom","properties":{"gid":39808244,"type":"Bâtiment en dur","code_dep":"10","code_insee":"10220"}},{"type":"Feature","id":"batiment.39896756","geometry":{"type":"MultiPolygon","coordinates":[[[[3.7846432,48.50130711],[3.78466042,48.50142629],[3.78479691,48.50141954],[3.78478455,48.50129952],[3.7846432,48.50130711]]]]},"geometry_name":"geom","properties":{"gid":39808245,"type":"Bâtiment en dur","code_dep":"10","code_insee":"10220"}},{"type":"Feature","id":"batiment.39896757","geometry":{"type":"MultiPolygon","coordinates":[[[[3.78462717,48.50160175],[3.78472959,48.50158893],[3.78471511,48.50150761],[3.78460431,48.50152157],[3.78462717,48.50160175]]]]},"geometry_name":"geom","properties":{"gid":39808246,"type":"Bâtiment en dur","code_dep":"10","code_insee":"10220"}},{"type":"Feature","id":"batiment.39896758","geometry":{"type":"MultiPolygon","coordinates":[[[[3.78480305,48.50127834],[3.78480548,48.50131386],[3.78492347,48.50131038],[3.78494335,48.50147192],[3.78500304,48.50147116],[3.78500163,48.50144913],[3.78499451,48.50139862],[3.78500745,48.50139476],[3.78499218,48.50128789],[3.78492059,48.5012898],[3.78491904,48.50127668],[3.78480305,48.50127834]]]]},"geometry_name":"geom","properties":{"gid":39808247,"type":"Bâtiment en dur","code_dep":"10","code_insee":"10220"}},{"type":"Feature","id":"batiment.39896759","geometry":{"type":"MultiPolygon","coordinates":[[[[3.79165614,48.5029923],[3.79171388,48.50298786],[3.79170949,48.50294804],[3.79164945,48.50295213],[3.79165614,48.5029923]]]]},"geometry_name":"geom","properties":{"gid":39808248,"type":"Bâtiment en dur","code_dep":"10","code_insee":"10220"}},{"type":"Feature","id":"batiment.39896761","geometry":{"type":"MultiPolygon","coordinates":[[[[3.78692709,48.50478375],[3.7869236,48.5047316],[3.78686797,48.50473251],[3.78687378,48.504786],[3.78692709,48.50478375]]]]},"geometry_name":"geom","properties":{"gid":39808250,"type":"Bâtiment en dur","code_dep":"10","code_insee":"10220"}},{"type":"Feature","id":"batiment.39896762","geometry":{"type":"MultiPolygon","coordinates":[[[[3.78661518,48.50473013],[3.78664293,48.50472995],[3.78664254,48.50473994],[3.78672373,48.5047376],[3.78672098,48.50466214],[3.78660917,48.5046636],[3.78661518,48.50473013]]]]},"geometry_name":"geom","properties":{"gid":39808251,"type":"Bâtiment en dur","code_dep":"10","code_insee":"10220"}},{"type":"Feature","id":"batiment.39896797","geometry":{"type":"MultiPolygon","coordinates":[[[[3.78660474,48.50488251],[3.7866486,48.50488258],[3.78664384,48.50479031],[3.78659824,48.50479205],[3.78660474,48.50488251]]]]},"geometry_name":"geom","properties":{"gid":39808286,"type":"Bâtiment en dur","code_dep":"10","code_insee":"10220"}},{"type":"Feature","id":"batiment.39896798","geometry":{"type":"MultiPolygon","coordinates":[[[[3.78626851,48.50474196],[3.78645589,48.50473352],[3.78645047,48.50466123],[3.78626095,48.50467112],[3.78626851,48.50474196]]]]},"geometry_name":"geom","properties":{"gid":39808287,"type":"Bâtiment en dur","code_dep":"10","code_insee":"10220"}},{"type":"Feature","id":"batiment.39896800","geometry":{"type":"MultiPolygon","coordinates":[[[[3.786244,48.50457866],[3.78628443,48.50457533],[3.78627525,48.5045144],[3.78623628,48.5045152],[3.786244,48.50457866]]]]},"geometry_name":"geom","properties":{"gid":39808289,"type":"Bâtiment en dur","code_dep":"10","code_insee":"10220"}},{"type":"Feature","id":"batiment.39896801","geometry":{"type":"MultiPolygon","coordinates":[[[[3.78587218,48.50440263],[3.7858923,48.5045531],[3.78600928,48.50454468],[3.7859881,48.50439629],[3.78587218,48.50440263]]]]},"geometry_name":"geom","properties":{"gid":39808290,"type":"Bâtiment en dur","code_dep":"10","code_insee":"10220"}},{"type":"Feature","id":"batiment.39896802","geometry":{"type":"MultiPolygon","coordinates":[[[[3.78459944,48.50628408],[3.7846816,48.50628282],[3.78468112,48.5062328],[3.78459534,48.50623598],[3.78459944,48.50628408]]]]},"geometry_name":"geom","properties":{"gid":39808291,"type":"Bâtiment en dur","code_dep":"10","code_insee":"10220"}},{"type":"Feature","id":"batiment.39896803","geometry":{"type":"MultiPolygon","coordinates":[[[[3.78394749,48.50575346],[3.78388726,48.50575458],[3.78389493,48.50586077],[3.78395719,48.5058591],[3.78394749,48.50575346]]]]},"geometry_name":"geom","properties":{"gid":39808292,"type":"Bâtiment en dur","code_dep":"10","code_insee":"10220"}},{"type":"Feature","id":"batiment.39896804","geometry":{"type":"MultiPolygon","coordinates":[[[[3.78444251,48.50571232],[3.78444886,48.50575645],[3.7844632,48.50575608],[3.78448114,48.50589622],[3.78451564,48.50589491],[3.78449101,48.50573233],[3.78448755,48.50570968],[3.78444251,48.50571232]]]]},"geometry_name":"geom","properties":{"gid":39808293,"type":"Bâtiment en dur","code_dep":"10","code_insee":"10220"}},{"type":"Feature","id":"batiment.39896887","geometry":{"type":"MultiPolygon","coordinates":[[[[3.78449655,48.50564107],[3.78459954,48.50563014],[3.78458472,48.5055624],[3.78448063,48.50557289],[3.78449655,48.50564107]]]]},"geometry_name":"geom","properties":{"gid":39808376,"type":"Bâtiment en dur","code_dep":"10","code_insee":"10220"}},{"type":"Feature","id":"batiment.39896888","geometry":{"type":"MultiPolygon","coordinates":[[[[3.78466524,48.50552372],[3.7846785,48.50559588],[3.78479791,48.50558654],[3.78478557,48.50551321],[3.78466524,48.50552372]]]]},"geometry_name":"geom","properties":{"gid":39808377,"type":"Bâtiment en dur","code_dep":"10","code_insee":"10220"}},{"type":"Feature","id":"batiment.39896889","geometry":{"type":"MultiPolygon","coordinates":[[[[3.7849346,48.50537531],[3.78493468,48.50541678],[3.78486732,48.505421],[3.78487919,48.50549937],[3.78494481,48.50549714],[3.78495257,48.50559947],[3.78501415,48.50559798],[3.78500749,48.50554207],[3.78505459,48.50554077],[3.78504888,48.5054942],[3.78500044,48.50549614],[3.78499755,48.50547511],[3.78498196,48.50535583],[3.7849346,48.50537531]]]]},"geometry_name":"geom","properties":{"gid":39808378,"type":"Bâtiment en dur","code_dep":"10","code_insee":"10220"}},{"type":"Feature","id":"batiment.39896890","geometry":{"type":"MultiPolygon","coordinates":[[[[3.78511873,48.50543958],[3.78510962,48.50537352],[3.78517018,48.50536763],[3.78516445,48.505328],[3.78504343,48.50533815],[3.78505559,48.50544504],[3.78511873,48.50543958]]]]},"geometry_name":"geom","properties":{"gid":39808379,"type":"Bâtiment en dur","code_dep":"10","code_insee":"10220"}},{"type":"Feature","id":"batiment.39896891","geometry":{"type":"MultiPolygon","coordinates":[[[[3.78517839,48.50526475],[3.78518719,48.50530994],[3.78521938,48.50530802],[3.78521948,48.50531441],[3.78525448,48.50549113],[3.78535136,48.50548779],[3.78533143,48.5054039],[3.78531324,48.50531064],[3.78530057,48.50525108],[3.78517839,48.50526475]]]]},"geometry_name":"geom","properties":{"gid":39808380,"type":"Bâtiment en dur","code_dep":"10","code_insee":"10220"}},{"type":"Feature","id":"batiment.39896892","geometry":{"type":"MultiPolygon","coordinates":[[[[3.78562492,48.50524003],[3.78561951,48.50534892],[3.78566165,48.50535161],[3.78566054,48.50537663],[3.78572907,48.50537806],[3.78573016,48.50535161],[3.78575642,48.50535143],[3.78575667,48.5053409],[3.78573905,48.50533958],[3.78573785,48.50526861],[3.78575747,48.50526794],[3.78575782,48.50524608],[3.78562492,48.50524003]]]]},"geometry_name":"geom","properties":{"gid":39808381,"type":"Bâtiment en dur","code_dep":"10","code_insee":"10220"}},{"type":"Feature","id":"batiment.39896894","geometry":{"type":"MultiPolygon","coordinates":[[[[3.78558322,48.50553817],[3.78558737,48.50563431],[3.78567779,48.50563336],[3.78567576,48.50557966],[3.7857337,48.50557928],[3.78573387,48.50553601],[3.78558322,48.50553817]]]]},"geometry_name":"geom","properties":{"gid":39808383,"type":"Bâtiment en dur","code_dep":"10","code_insee":"10220"}},{"type":"Feature","id":"batiment.39896896","geometry":{"type":"MultiPolygon","coordinates":[[[[3.78549098,48.50567076],[3.78548982,48.50572933],[3.78561151,48.50572772],[3.78561228,48.50567103],[3.78549098,48.50567076]]]]},"geometry_name":"geom","properties":{"gid":39808385,"type":"Bâtiment en dur","code_dep":"10","code_insee":"10220"}},{"type":"Feature","id":"batiment.39896897","geometry":{"type":"MultiPolygon","coordinates":[[[[3.78557275,48.50589683],[3.78557049,48.50599941],[3.78562193,48.50599862],[3.78562271,48.50600563],[3.7856939,48.50600399],[3.78569174,48.50589605],[3.78557275,48.50589683]]]]},"geometry_name":"geom","properties":{"gid":39808386,"type":"Bâtiment en dur","code_dep":"10","code_insee":"10220"}},{"type":"Feature","id":"batiment.39896898","geometry":{"type":"MultiPolygon","coordinates":[[[[3.78559201,48.50607123],[3.78559085,48.50611119],[3.78552793,48.50611349],[3.78552763,48.5061385],[3.78560397,48.50613764],[3.78560417,48.50615068],[3.78569025,48.50614894],[3.78569137,48.50607058],[3.78559201,48.50607123]]]]},"geometry_name":"geom","properties":{"gid":39808387,"type":"Bâtiment en dur","code_dep":"10","code_insee":"10220"}},{"type":"Feature","id":"batiment.39896927","geometry":{"type":"MultiPolygon","coordinates":[[[[3.78553011,48.50641305],[3.78564286,48.50641114],[3.78563578,48.50629981],[3.78552139,48.50630057],[3.78553011,48.50641305]]]]},"geometry_name":"geom","properties":{"gid":39808416,"type":"Bâtiment en dur","code_dep":"10","code_insee":"10220"}},{"type":"Feature","id":"batiment.39896928","geometry":{"type":"MultiPolygon","coordinates":[[[[3.78523621,48.5064598],[3.78523649,48.50646933],[3.78517127,48.50647183],[3.78517364,48.50652157],[3.78524267,48.50652012],[3.78524241,48.50650285],[3.78527203,48.50650077],[3.78526787,48.50645833],[3.78523621,48.5064598]]]]},"geometry_name":"geom","properties":{"gid":39808417,"type":"Bâtiment en dur","code_dep":"10","code_insee":"10220"}},{"type":"Feature","id":"batiment.39896929","geometry":{"type":"MultiPolygon","coordinates":[[[[3.78548995,48.50645254],[3.78549245,48.50651046],[3.78564539,48.50650801],[3.78564409,48.50644775],[3.78548995,48.50645254]]]]},"geometry_name":"geom","properties":{"gid":39808418,"type":"Bâtiment en dur","code_dep":"10","code_insee":"10220"}},{"type":"Feature","id":"batiment.39896930","geometry":{"type":"MultiPolygon","coordinates":[[[[3.78552821,48.50653029],[3.78553158,48.50661933],[3.78565053,48.5066162],[3.78564703,48.50652689],[3.78552821,48.50653029]]]]},"geometry_name":"geom","properties":{"gid":39808419,"type":"Bâtiment en dur","code_dep":"10","code_insee":"10220"}},{"type":"Feature","id":"batiment.39896931","geometry":{"type":"MultiPolygon","coordinates":[[[[3.78527883,48.50665681],[3.78548927,48.50665074],[3.78548834,48.50662501],[3.78539063,48.50662737],[3.78538655,48.50659024],[3.78527436,48.50659332],[3.78527883,48.50665681]]]]},"geometry_name":"geom","properties":{"gid":39808420,"type":"Bâtiment en dur","code_dep":"10","code_insee":"10220"}},{"type":"Feature","id":"batiment.39896932","geometry":{"type":"MultiPolygon","coordinates":[[[[3.78535465,48.50702767],[3.7855409,48.50701592],[3.78552965,48.50691559],[3.78546092,48.50691865],[3.78546346,48.50694392],[3.78534172,48.5069512],[3.78535465,48.50702767]]]]},"geometry_name":"geom","properties":{"gid":39808421,"type":"Bâtiment en dur","code_dep":"10","code_insee":"10220"}},{"type":"Feature","id":"batiment.39896933","geometry":{"type":"MultiPolygon","coordinates":[[[[3.78488155,48.50702378],[3.78502298,48.50702078],[3.78502333,48.50696239],[3.78498813,48.50696262],[3.7849864,48.50689246],[3.78488029,48.50689442],[3.78488155,48.50702378]]]]},"geometry_name":"geom","properties":{"gid":39808422,"type":"Bâtiment en dur","code_dep":"10","code_insee":"10220"}},{"type":"Feature","id":"batiment.39896934","geometry":{"type":"MultiPolygon","coordinates":[[[[3.78562462,48.50752572],[3.78563226,48.50740278],[3.78563976,48.50728875],[3.78551692,48.50728614],[3.78551278,48.50736255],[3.78554163,48.50736335],[3.78554129,48.50740374],[3.78551328,48.50740447],[3.78546482,48.50740542],[3.78546121,48.50752563],[3.78562462,48.50752572]]]]},"geometry_name":"geom","properties":{"gid":39808423,"type":"Bâtiment en dur","code_dep":"10","code_insee":"10220"}},{"type":"Feature","id":"batiment.39896935","geometry":{"type":"MultiPolygon","coordinates":[[[[3.78536169,48.50767932],[3.78565874,48.5076707],[3.78565925,48.50762319],[3.78542059,48.50762495],[3.78541984,48.50765671],[3.78536194,48.50765935],[3.78536169,48.50767932]]]]},"geometry_name":"geom","properties":{"gid":39808424,"type":"Bâtiment en dur","code_dep":"10","code_insee":"10220"}},{"type":"Feature","id":"batiment.39896966","geometry":{"type":"MultiPolygon","coordinates":[[[[3.78523386,48.50781322],[3.78523878,48.50786177],[3.78528088,48.50786095],[3.78528098,48.50786797],[3.78551493,48.50785832],[3.78551232,48.50779303],[3.78527106,48.50780218],[3.7852712,48.50781135],[3.78523386,48.50781322]]]]},"geometry_name":"geom","properties":{"gid":39808456,"type":"Bâtiment en dur","code_dep":"10","code_insee":"10220"}},{"type":"Feature","id":"batiment.39896967","geometry":{"type":"MultiPolygon","coordinates":[[[[3.78508572,48.507703],[3.78509011,48.50776991],[3.78527362,48.50776483],[3.78526854,48.50769694],[3.78508572,48.507703]]]]},"geometry_name":"geom","properties":{"gid":39808457,"type":"Bâtiment en dur","code_dep":"10","code_insee":"10220"}},{"type":"Feature","id":"batiment.39896968","geometry":{"type":"MultiPolygon","coordinates":[[[[3.78475789,48.50771749],[3.78477666,48.50789523],[3.78497554,48.50788555],[3.7849649,48.5077719],[3.78493228,48.50777266],[3.78492651,48.50771224],[3.78475789,48.50771749]]]]},"geometry_name":"geom","properties":{"gid":39808458,"type":"Bâtiment en dur","code_dep":"10","code_insee":"10220"}},{"type":"Feature","id":"batiment.39896969","geometry":{"type":"MultiPolygon","coordinates":[[[[3.78525229,48.5081761],[3.78546841,48.50816972],[3.78547776,48.50817947],[3.78551282,48.50817851],[3.78551334,48.50821387],[3.78560836,48.50821207],[3.78560879,48.50817734],[3.78562192,48.50817716],[3.78561671,48.50809146],[3.78547497,48.5080924],[3.78547532,48.50811588],[3.78530141,48.50812036],[3.7852698,48.50812524],[3.78522725,48.50794155],[3.78509778,48.50795698],[3.78513907,48.5081378],[3.78524835,48.50812979],[3.78525229,48.5081761]]]]},"geometry_name":"geom","properties":{"gid":39808459,"type":"Bâtiment en dur","code_dep":"10","code_insee":"10220"}},{"type":"Feature","id":"batiment.39896970","geometry":{"type":"MultiPolygon","coordinates":[[[[3.78486768,48.50838672],[3.78486945,48.50840551],[3.78490518,48.50840456],[3.78490394,48.50838495],[3.78486768,48.50838672]]]]},"geometry_name":"geom","properties":{"gid":39808460,"type":"Bâtiment en dur","code_dep":"10","code_insee":"10220"}},{"type":"Feature","id":"batiment.39896972","geometry":{"type":"MultiPolygon","coordinates":[[[[3.78490719,48.5085026],[3.78498459,48.50849948],[3.78499162,48.50849908],[3.78498883,48.50845726],[3.78490235,48.50845954],[3.78490719,48.5085026]]]]},"geometry_name":"geom","properties":{"gid":39808462,"type":"Bâtiment en dur","code_dep":"10","code_insee":"10220"}},{"type":"Feature","id":"batiment.39896974","geometry":{"type":"MultiPolygon","coordinates":[[[[3.78509727,48.50849289],[3.78525406,48.50848439],[3.7852499,48.50843242],[3.78521782,48.50843326],[3.78521639,48.50840097],[3.78508723,48.50840983],[3.7850871,48.50840129],[3.7850093,48.50840486],[3.7850147,48.50845781],[3.78509074,48.50845488],[3.78509727,48.50849289]]]]},"geometry_name":"geom","properties":{"gid":39808464,"type":"Bâtiment en dur","code_dep":"10","code_insee":"10220"}},{"type":"Feature","id":"batiment.39896976","geometry":{"type":"MultiPolygon","coordinates":[[[[3.7853416,48.50848075],[3.78540696,48.50847798],[3.78540663,48.50843849],[3.78534304,48.50844116],[3.7853416,48.50848075]]]]},"geometry_name":"geom","properties":{"gid":39808466,"type":"Bâtiment en dur","code_dep":"10","code_insee":"10220"}},{"type":"Feature","id":"batiment.39896978","geometry":{"type":"MultiPolygon","coordinates":[[[[3.78523789,48.50854351],[3.78527536,48.50867749],[3.78539201,48.50866466],[3.78537384,48.5085992],[3.78540466,48.50859603],[3.78538916,48.50852803],[3.78523789,48.50854351]]]]},"geometry_name":"geom","properties":{"gid":39808468,"type":"Bâtiment en dur","code_dep":"10","code_insee":"10220"}},{"type":"Feature","id":"batiment.39896979","geometry":{"type":"MultiPolygon","coordinates":[[[[3.78460923,48.50872255],[3.78472429,48.50871145],[3.78470708,48.50859299],[3.78459467,48.50859976],[3.78460923,48.50872255]]]]},"geometry_name":"geom","properties":{"gid":39808469,"type":"Bâtiment en dur","code_dep":"10","code_insee":"10220"}},{"type":"Feature","id":"batiment.39897010","geometry":{"type":"MultiPolygon","coordinates":[[[[3.78620105,48.50520932],[3.78620281,48.50512753],[3.78615115,48.50513156],[3.78615312,48.50520909],[3.78620105,48.50520932]]]]},"geometry_name":"geom","properties":{"gid":39808501,"type":"Bâtiment en dur","code_dep":"10","code_insee":"10220"}},{"type":"Feature","id":"batiment.39897012","geometry":{"type":"MultiPolygon","coordinates":[[[[3.78592846,48.50526807],[3.78600083,48.50527272],[3.78600065,48.50526111],[3.78607387,48.50525955],[3.78608154,48.50515703],[3.78600927,48.5051585],[3.78593307,48.50515999],[3.78592846,48.50526807]]]]},"geometry_name":"geom","properties":{"gid":39808503,"type":"Bâtiment en dur","code_dep":"10","code_insee":"10220"}},{"type":"Feature","id":"batiment.39897015","geometry":{"type":"MultiPolygon","coordinates":[[[[3.78593784,48.50595766],[3.78603534,48.50595873],[3.78603482,48.50594227],[3.78608599,48.50594175],[3.78608558,48.50590559],[3.78593654,48.50590711],[3.78593784,48.50595766]]]]},"geometry_name":"geom","properties":{"gid":39808506,"type":"Bâtiment en dur","code_dep":"10","code_insee":"10220"}},{"type":"Feature","id":"batiment.39897016","geometry":{"type":"MultiPolygon","coordinates":[[[[3.78613196,48.50596538],[3.78619327,48.50596416],[3.78619367,48.50590946],[3.7861302,48.50591069],[3.78613196,48.50596538]]]]},"geometry_name":"geom","properties":{"gid":39808507,"type":"Bâtiment en dur","code_dep":"10","code_insee":"10220"}},{"type":"Feature","id":"batiment.39897017","geometry":{"type":"MultiPolygon","coordinates":[[[[3.78603688,48.50618866],[3.78603697,48.50599533],[3.7859211,48.50599691],[3.78592054,48.50612241],[3.78592854,48.50612299],[3.78592889,48.5061462],[3.78600267,48.50614625],[3.78600386,48.50618951],[3.78603688,48.50618866]]]]},"geometry_name":"geom","properties":{"gid":39808508,"type":"Bâtiment en dur","code_dep":"10","code_insee":"10220"}},{"type":"Feature","id":"batiment.39897018","geometry":{"type":"MultiPolygon","coordinates":[[[[3.78651289,48.50607081],[3.78652757,48.50634582],[3.78663869,48.50634347],[3.78662972,48.50606995],[3.78661048,48.50606954],[3.78651289,48.50607081]]]]},"geometry_name":"geom","properties":{"gid":39808509,"type":"Bâtiment en dur","code_dep":"10","code_insee":"10220"}},{"type":"Feature","id":"batiment.39897020","geometry":{"type":"MultiPolygon","coordinates":[[[[3.78694463,48.50629601],[3.7871126,48.50629337],[3.78711135,48.5062098],[3.78693947,48.506214],[3.78694463,48.50629601]]]]},"geometry_name":"geom","properties":{"gid":39808511,"type":"Bâtiment en dur","code_dep":"10","code_insee":"10220"}},{"type":"Feature","id":"batiment.39897021","geometry":{"type":"MultiPolygon","coordinates":[[[[3.78701835,48.50594026],[3.78711812,48.50593924],[3.78711797,48.5059297],[3.78714721,48.50592888],[3.78714681,48.50593842],[3.78723615,48.50593782],[3.78723523,48.5058404],[3.78714252,48.50584227],[3.78714524,48.50589686],[3.78711844,48.50589731],[3.78711776,48.50587923],[3.78701542,48.50588027],[3.78701835,48.50594026]]]]},"geometry_name":"geom","properties":{"gid":39808512,"type":"Bâtiment en dur","code_dep":"10","code_insee":"10220"}},{"type":"Feature","id":"batiment.39897052","geometry":{"type":"MultiPolygon","coordinates":[[[[3.78665951,48.50594398],[3.78675088,48.50594311],[3.78675073,48.50593312],[3.78677767,48.50593321],[3.7867782,48.50594158],[3.78687838,48.50594109],[3.78687789,48.50588163],[3.7867769,48.50588176],[3.78677624,48.50590129],[3.78675066,48.50590119],[3.78674847,48.50584587],[3.78665805,48.50584701],[3.78665951,48.50594398]]]]},"geometry_name":"geom","properties":{"gid":39808543,"type":"Bâtiment en dur","code_dep":"10","code_insee":"10220"}},{"type":"Feature","id":"batiment.39897053","geometry":{"type":"MultiPolygon","coordinates":[[[[3.78640981,48.50576913],[3.78641418,48.50589837],[3.78653262,48.50589687],[3.78653044,48.50579649],[3.78650959,48.50579662],[3.78650917,48.50576829],[3.78640981,48.50576913]]]]},"geometry_name":"geom","properties":{"gid":39808544,"type":"Bâtiment en dur","code_dep":"10","code_insee":"10220"}},{"type":"Feature","id":"batiment.39897054","geometry":{"type":"MultiPolygon","coordinates":[[[[3.78674212,48.505639],[3.78686259,48.5056373],[3.78686054,48.50558217],[3.78685945,48.50556364],[3.78685698,48.50551616],[3.78683613,48.5055163],[3.78683514,48.50548635],[3.78673797,48.50548861],[3.78674212,48.505639]]]]},"geometry_name":"geom","properties":{"gid":39808545,"type":"Bâtiment en dur","code_dep":"10","code_insee":"10220"}},{"type":"Feature","id":"batiment.39897055","geometry":{"type":"MultiPolygon","coordinates":[[[[3.78635092,48.50554326],[3.78647111,48.50554138],[3.7864677,48.50544047],[3.78644781,48.50544087],[3.78644712,48.5054129],[3.78648785,48.50541164],[3.78648677,48.50538483],[3.78650585,48.50538417],[3.78650435,48.5052845],[3.78638064,48.50528622],[3.78638445,48.50541412],[3.78634533,48.50541438],[3.78635092,48.50554326]]]]},"geometry_name":"geom","properties":{"gid":39808546,"type":"Bâtiment en dur","code_dep":"10","code_insee":"10220"}},{"type":"Feature","id":"batiment.39897056","geometry":{"type":"MultiPolygon","coordinates":[[[[3.78683931,48.50514167],[3.78691132,48.50514029],[3.78691148,48.5051062],[3.78683852,48.50510677],[3.78683931,48.50514167]]]]},"geometry_name":"geom","properties":{"gid":39808547,"type":"Bâtiment en dur","code_dep":"10","code_insee":"10220"}},{"type":"Feature","id":"batiment.39897057","geometry":{"type":"MultiPolygon","coordinates":[[[[3.78684876,48.50529283],[3.78697125,48.50529103],[3.7869708,48.50527907],[3.78701073,48.50527854],[3.78701276,48.50530578],[3.78705689,48.50530504],[3.78705654,48.50531782],[3.78720638,48.50531602],[3.78720465,48.50523668],[3.78700973,48.50523878],[3.78700715,48.50521127],[3.78684621,48.50521359],[3.78684876,48.50529283]]]]},"geometry_name":"geom","properties":{"gid":39808548,"type":"Bâtiment en dur","code_dep":"10","code_insee":"10220"}},{"type":"Feature","id":"batiment.39897058","geometry":{"type":"MultiPolygon","coordinates":[[[[3.78757724,48.50549061],[3.78769758,48.50548954],[3.78769404,48.50536163],[3.78773585,48.50536064],[3.78773136,48.50523247],[3.78761183,48.50523326],[3.78761538,48.50533463],[3.78763365,48.50533415],[3.78763419,48.50536149],[3.78759292,48.50536239],[3.78759306,48.50538983],[3.78757426,48.50539095],[3.78757724,48.50549061]]]]},"geometry_name":"geom","properties":{"gid":39808549,"type":"Bâtiment en dur","code_dep":"10","code_insee":"10220"}},{"type":"Feature","id":"batiment.39897059","geometry":{"type":"MultiPolygon","coordinates":[[[[3.78759337,48.50579871],[3.787742,48.50579674],[3.78774139,48.50573854],[3.78772703,48.505738],[3.78772637,48.505721],[3.78774167,48.5057209],[3.78774104,48.5056519],[3.78765101,48.50565196],[3.78765176,48.50571979],[3.78767816,48.50571988],[3.78767816,48.50573806],[3.78759247,48.50573862],[3.78759337,48.50579871]]]]},"geometry_name":"geom","properties":{"gid":39808550,"type":"Bâtiment en dur","code_dep":"10","code_insee":"10220"}},{"type":"Feature","id":"batiment.39897061","geometry":{"type":"MultiPolygon","coordinates":[[[[3.78756473,48.50603704],[3.78774111,48.5060356],[3.78774049,48.50597586],[3.78772506,48.50597597],[3.78772544,48.5059568],[3.78773857,48.50595609],[3.78773766,48.50588682],[3.78764833,48.50588831],[3.78764939,48.50595875],[3.78767998,48.50595854],[3.78767931,48.50597663],[3.78756195,48.50597795],[3.78756473,48.50603704]]]]},"geometry_name":"geom","properties":{"gid":39808552,"type":"Bâtiment en dur","code_dep":"10","code_insee":"10220"}},{"type":"Feature","id":"batiment.39897062","geometry":{"type":"MultiPolygon","coordinates":[[[[3.78758006,48.50642701],[3.78765602,48.50646367],[3.787667,48.50645523],[3.78771913,48.50648313],[3.78770548,48.50649347],[3.78778763,48.50653692],[3.78787676,48.50646805],[3.78767699,48.50635476],[3.78758006,48.50642701]]]]},"geometry_name":"geom","properties":{"gid":39808553,"type":"Bâtiment en dur","code_dep":"10","code_insee":"10220"}},{"type":"Feature","id":"batiment.39897092","geometry":{"type":"MultiPolygon","coordinates":[[[[3.78808556,48.50661402],[3.78825728,48.50660866],[3.78825439,48.50653329],[3.78808133,48.50654019],[3.78808556,48.50661402]]]]},"geometry_name":"geom","properties":{"gid":39808583,"type":"Bâtiment en dur","code_dep":"10","code_insee":"10220"}},{"type":"Feature","id":"batiment.39897093","geometry":{"type":"MultiPolygon","coordinates":[[[[3.78843225,48.50660336],[3.78869218,48.50659363],[3.78869149,48.50654712],[3.78860164,48.50655033],[3.78860039,48.50652146],[3.78843111,48.50652744],[3.78843225,48.50660336]]]]},"geometry_name":"geom","properties":{"gid":39808584,"type":"Bâtiment en dur","code_dep":"10","code_insee":"10220"}},{"type":"Feature","id":"batiment.39897094","geometry":{"type":"MultiPolygon","coordinates":[[[[3.78839438,48.50623629],[3.78851128,48.50632161],[3.78860195,48.50626451],[3.78848291,48.50618136],[3.78839438,48.50623629]]]]},"geometry_name":"geom","properties":{"gid":39808585,"type":"Bâtiment en dur","code_dep":"10","code_insee":"10220"}},{"type":"Feature","id":"batiment.39897095","geometry":{"type":"MultiPolygon","coordinates":[[[[3.78830932,48.50614356],[3.78842025,48.50611071],[3.78836361,48.50602634],[3.78825121,48.50606019],[3.78830932,48.50614356]]]]},"geometry_name":"geom","properties":{"gid":39808586,"type":"Bâtiment en dur","code_dep":"10","code_insee":"10220"}},{"type":"Feature","id":"batiment.39897096","geometry":{"type":"MultiPolygon","coordinates":[[[[3.78817941,48.50587687],[3.78829371,48.50587953],[3.78829114,48.50578068],[3.78817874,48.5057781],[3.78817941,48.50587687]]]]},"geometry_name":"geom","properties":{"gid":39808587,"type":"Bâtiment en dur","code_dep":"10","code_insee":"10220"}},{"type":"Feature","id":"batiment.39897098","geometry":{"type":"MultiPolygon","coordinates":[[[[3.78817317,48.50570508],[3.78830002,48.50571405],[3.78831615,48.50561597],[3.78819142,48.50560429],[3.78817317,48.50570508]]]]},"geometry_name":"geom","properties":{"gid":39808589,"type":"Bâtiment en dur","code_dep":"10","code_insee":"10220"}},{"type":"Feature","id":"batiment.39897099","geometry":{"type":"MultiPolygon","coordinates":[[[[3.78823123,48.50548771],[3.78834934,48.50552705],[3.78837451,48.50549027],[3.78839626,48.50549651],[3.78843879,48.50543442],[3.78830232,48.50538936],[3.78823123,48.50548771]]]]},"geometry_name":"geom","properties":{"gid":39808590,"type":"Bâtiment en dur","code_dep":"10","code_insee":"10220"}},{"type":"Feature","id":"batiment.39897100","geometry":{"type":"MultiPolygon","coordinates":[[[[3.78805285,48.50508568],[3.78810428,48.50512933],[3.78817722,48.50509133],[3.78812188,48.5050486],[3.78805285,48.50508568]]]]},"geometry_name":"geom","properties":{"gid":39808591,"type":"Bâtiment en dur","code_dep":"10","code_insee":"10220"}},{"type":"Feature","id":"batiment.39897101","geometry":{"type":"MultiPolygon","coordinates":[[[[3.78840534,48.50528072],[3.78850125,48.50533001],[3.78859899,48.50525721],[3.7885666,48.505237],[3.78858829,48.50522112],[3.78854992,48.50519888],[3.78852781,48.50521396],[3.78851154,48.50520363],[3.78840534,48.50528072]]]]},"geometry_name":"geom","properties":{"gid":39808592,"type":"Bâtiment en dur","code_dep":"10","code_insee":"10220"}},{"type":"Feature","id":"batiment.39897102","geometry":{"type":"MultiPolygon","coordinates":[[[[3.7887135,48.50507518],[3.78877581,48.50514997],[3.78888413,48.50511453],[3.78886221,48.50508831],[3.78891098,48.50507287],[3.78893276,48.50509855],[3.7890245,48.50506825],[3.78894869,48.50497843],[3.78885831,48.5050089],[3.78886962,48.50502286],[3.7887135,48.50507518]]]]},"geometry_name":"geom","properties":{"gid":39808593,"type":"Bâtiment en dur","code_dep":"10","code_insee":"10220"}},{"type":"Feature","id":"batiment.39897130","geometry":{"type":"MultiPolygon","coordinates":[[[[3.79193802,48.50644708],[3.79217846,48.5064381],[3.79216907,48.50632706],[3.79193037,48.50633477],[3.79193802,48.50644708]]]]},"geometry_name":"geom","properties":{"gid":39808621,"type":"Bâtiment en dur","code_dep":"10","code_insee":"10220"}},{"type":"Feature","id":"batiment.39897131","geometry":{"type":"MultiPolygon","coordinates":[[[[3.78915605,48.50664956],[3.78915006,48.50660255],[3.789056,48.50660498],[3.78905863,48.50665354],[3.78915605,48.50664956]]]]},"geometry_name":"geom","properties":{"gid":39808622,"type":"Bâtiment en dur","code_dep":"10","code_insee":"10220"}},{"type":"Feature","id":"batiment.39897133","geometry":{"type":"MultiPolygon","coordinates":[[[[3.78920217,48.5065476],[3.78938042,48.50655307],[3.78938091,48.50646868],[3.78920363,48.50646446],[3.78920217,48.5065476]]]]},"geometry_name":"geom","properties":{"gid":39808624,"type":"Bâtiment en dur","code_dep":"10","code_insee":"10220"}},{"type":"Feature","id":"batiment.39897134","geometry":{"type":"MultiPolygon","coordinates":[[[[3.78948369,48.50642545],[3.78951069,48.50651028],[3.78967017,48.50649159],[3.78964326,48.50640378],[3.78948369,48.50642545]]]]},"geometry_name":"geom","properties":{"gid":39808625,"type":"Bâtiment en dur","code_dep":"10","code_insee":"10220"}},{"type":"Feature","id":"batiment.39897135","geometry":{"type":"MultiPolygon","coordinates":[[[[3.7898154,48.50639005],[3.78987983,48.50647013],[3.79001907,48.50642027],[3.78996046,48.50634959],[3.78987711,48.50637974],[3.78986858,48.5063708],[3.7898154,48.50639005]]]]},"geometry_name":"geom","properties":{"gid":39808626,"type":"Bâtiment en dur","code_dep":"10","code_insee":"10220"}},{"type":"Feature","id":"batiment.39897136","geometry":{"type":"MultiPolygon","coordinates":[[[[3.79008261,48.50629759],[3.79016809,48.50635522],[3.79029449,48.50627081],[3.79020525,48.50621571],[3.79008261,48.50629759]]]]},"geometry_name":"geom","properties":{"gid":39808627,"type":"Bâtiment en dur","code_dep":"10","code_insee":"10220"}},{"type":"Feature","id":"batiment.39897137","geometry":{"type":"MultiPolygon","coordinates":[[[[3.79027731,48.5061456],[3.7903884,48.50618679],[3.79048587,48.50606955],[3.79038924,48.50603591],[3.79035121,48.5060816],[3.79033436,48.50607748],[3.79027731,48.5061456]]]]},"geometry_name":"geom","properties":{"gid":39808628,"type":"Bâtiment en dur","code_dep":"10","code_insee":"10220"}},{"type":"Feature","id":"batiment.39897138","geometry":{"type":"MultiPolygon","coordinates":[[[[3.79037325,48.50594525],[3.79049108,48.50596596],[3.79053209,48.50586655],[3.79041563,48.50584637],[3.79037325,48.50594525]]]]},"geometry_name":"geom","properties":{"gid":39808629,"type":"Bâtiment en dur","code_dep":"10","code_insee":"10220"}},{"type":"Feature","id":"batiment.39897139","geometry":{"type":"MultiPolygon","coordinates":[[[[3.79046222,48.50575744],[3.79054004,48.50575593],[3.79059755,48.50575411],[3.79059506,48.50564275],[3.79045689,48.50564655],[3.79046222,48.50575744]]]]},"geometry_name":"geom","properties":{"gid":39808630,"type":"Bâtiment en dur","code_dep":"10","code_insee":"10220"}},{"type":"Feature","id":"batiment.39897140","geometry":{"type":"MultiPolygon","coordinates":[[[[3.79034803,48.50543928],[3.79038134,48.50550239],[3.79040312,48.50550108],[3.79042125,48.50554558],[3.79052932,48.50552102],[3.79046997,48.50540941],[3.79034803,48.50543928]]]]},"geometry_name":"geom","properties":{"gid":39808631,"type":"Bâtiment en dur","code_dep":"10","code_insee":"10220"}},{"type":"Feature","id":"batiment.39897169","geometry":{"type":"MultiPolygon","coordinates":[[[[3.79050842,48.50525676],[3.79057969,48.50534166],[3.79071443,48.5052902],[3.7906441,48.50520476],[3.79050842,48.50525676]]]]},"geometry_name":"geom","properties":{"gid":39808660,"type":"Bâtiment en dur","code_dep":"10","code_insee":"10220"}},{"type":"Feature","id":"batiment.39897170","geometry":{"type":"MultiPolygon","coordinates":[[[[3.79016865,48.50525965],[3.79020847,48.50529663],[3.7901859,48.50530838],[3.79024001,48.50535903],[3.79036683,48.50530295],[3.79032589,48.50526319],[3.79036488,48.50524548],[3.79031706,48.5051983],[3.79016865,48.50525965]]]]},"geometry_name":"geom","properties":{"gid":39808661,"type":"Bâtiment en dur","code_dep":"10","code_insee":"10220"}},{"type":"Feature","id":"batiment.39897171","geometry":{"type":"MultiPolygon","coordinates":[[[[3.79019709,48.50517022],[3.79023207,48.50514641],[3.79017994,48.50511014],[3.79014187,48.50513541],[3.79019709,48.50517022]]]]},"geometry_name":"geom","properties":{"gid":39808662,"type":"Bâtiment en dur","code_dep":"10","code_insee":"10220"}},{"type":"Feature","id":"batiment.39897173","geometry":{"type":"MultiPolygon","coordinates":[[[[3.78992163,48.50513696],[3.79002648,48.50518664],[3.79009531,48.50511826],[3.78999143,48.50507028],[3.78992163,48.50513696]]]]},"geometry_name":"geom","properties":{"gid":39808664,"type":"Bâtiment en dur","code_dep":"10","code_insee":"10220"}},{"type":"Feature","id":"batiment.39897174","geometry":{"type":"MultiPolygon","coordinates":[[[[3.78991203,48.50504787],[3.78995982,48.50498485],[3.78987477,48.504956],[3.78982862,48.50502018],[3.78991203,48.50504787]]]]},"geometry_name":"geom","properties":{"gid":39808665,"type":"Bâtiment en dur","code_dep":"10","code_insee":"10220"}},{"type":"Feature","id":"batiment.39897175","geometry":{"type":"MultiPolygon","coordinates":[[[[3.78955824,48.50505454],[3.78969751,48.50507908],[3.78973304,48.50500219],[3.78958836,48.50497769],[3.78955824,48.50505454]]]]},"geometry_name":"geom","properties":{"gid":39808666,"type":"Bâtiment en dur","code_dep":"10","code_insee":"10220"}},{"type":"Feature","id":"batiment.39897177","geometry":{"type":"MultiPolygon","coordinates":[[[[3.78922278,48.50535293],[3.78940375,48.50535056],[3.78940214,48.50525233],[3.78931469,48.50525291],[3.78931342,48.50527658],[3.78922422,48.50527717],[3.78922278,48.50535293]]]]},"geometry_name":"geom","properties":{"gid":39808668,"type":"Bâtiment en dur","code_dep":"10","code_insee":"10220"}},{"type":"Feature","id":"batiment.39897178","geometry":{"type":"MultiPolygon","coordinates":[[[[3.78945267,48.50556039],[3.78948777,48.50556285],[3.78951364,48.5054827],[3.78947786,48.50547979],[3.78945267,48.50556039]]]]},"geometry_name":"geom","properties":{"gid":39808669,"type":"Bâtiment en dur","code_dep":"10","code_insee":"10220"}},{"type":"Feature","id":"batiment.39897179","geometry":{"type":"MultiPolygon","coordinates":[[[[3.78959488,48.5053393],[3.78975109,48.5053917],[3.78980773,48.50532295],[3.78964506,48.5052732],[3.78959488,48.5053393]]]]},"geometry_name":"geom","properties":{"gid":39808670,"type":"Bâtiment en dur","code_dep":"10","code_insee":"10220"}},{"type":"Feature","id":"batiment.39897180","geometry":{"type":"MultiPolygon","coordinates":[[[[3.78979158,48.50547348],[3.78982503,48.50550124],[3.78987347,48.50548112],[3.78994499,48.5055465],[3.79003314,48.50550282],[3.78992216,48.50540595],[3.78979158,48.50547348]]]]},"geometry_name":"geom","properties":{"gid":39808671,"type":"Bâtiment en dur","code_dep":"10","code_insee":"10220"}},{"type":"Feature","id":"batiment.39897211","geometry":{"type":"MultiPolygon","coordinates":[[[[3.79002954,48.50574907],[3.79013012,48.50573986],[3.7900979,48.50560477],[3.79004665,48.50560889],[3.78996376,48.50563328],[3.78997137,48.50567119],[3.79001235,48.50566876],[3.79002954,48.50574907]]]]},"geometry_name":"geom","properties":{"gid":39808701,"type":"Bâtiment en dur","code_dep":"10","code_insee":"10220"}},{"type":"Feature","id":"batiment.39897213","geometry":{"type":"MultiPolygon","coordinates":[[[[3.78973623,48.50604116],[3.78991348,48.50613336],[3.79001139,48.50605435],[3.78991618,48.5060073],[3.78985984,48.50605077],[3.78977634,48.50600769],[3.78973623,48.50604116]]]]},"geometry_name":"geom","properties":{"gid":39808703,"type":"Bâtiment en dur","code_dep":"10","code_insee":"10220"}},{"type":"Feature","id":"batiment.39897215","geometry":{"type":"MultiPolygon","coordinates":[[[[3.78956444,48.50615925],[3.78960203,48.50621037],[3.78963468,48.50620286],[3.78966109,48.50623948],[3.78976513,48.50620766],[3.78969661,48.50611681],[3.78956444,48.50615925]]]]},"geometry_name":"geom","properties":{"gid":39808705,"type":"Bâtiment en dur","code_dep":"10","code_insee":"10220"}},{"type":"Feature","id":"batiment.39897216","geometry":{"type":"MultiPolygon","coordinates":[[[[3.78926046,48.50627345],[3.7893931,48.50627104],[3.78939506,48.5061942],[3.78926224,48.506194],[3.78926046,48.50627345]]]]},"geometry_name":"geom","properties":{"gid":39808706,"type":"Bâtiment en dur","code_dep":"10","code_insee":"10220"}},{"type":"Feature","id":"batiment.39897217","geometry":{"type":"MultiPolygon","coordinates":[[[[3.78881493,48.50613985],[3.7889708,48.50621465],[3.78904415,48.50614975],[3.78889603,48.5060775],[3.78881493,48.50613985]]]]},"geometry_name":"geom","properties":{"gid":39808707,"type":"Bâtiment en dur","code_dep":"10","code_insee":"10220"}},{"type":"Feature","id":"batiment.39897218","geometry":{"type":"MultiPolygon","coordinates":[[[[3.78891526,48.50601431],[3.78895397,48.50604122],[3.78901207,48.50600656],[3.7889778,48.50597818],[3.78891526,48.50601431]]]]},"geometry_name":"geom","properties":{"gid":39808708,"type":"Bâtiment en dur","code_dep":"10","code_insee":"10220"}},{"type":"Feature","id":"batiment.39897219","geometry":{"type":"MultiPolygon","coordinates":[[[[3.78863164,48.50592551],[3.78871469,48.50603705],[3.78881345,48.50600527],[3.78873364,48.50589263],[3.78863164,48.50592551]]]]},"geometry_name":"geom","properties":{"gid":39808709,"type":"Bâtiment en dur","code_dep":"10","code_insee":"10220"}},{"type":"Feature","id":"batiment.39897220","geometry":{"type":"MultiPolygon","coordinates":[[[[3.78858343,48.50578909],[3.78868582,48.5057921],[3.78869423,48.50568507],[3.788591,48.50568054],[3.78858343,48.50578909]]]]},"geometry_name":"geom","properties":{"gid":39808710,"type":"Bâtiment en dur","code_dep":"10","code_insee":"10220"}},{"type":"Feature","id":"batiment.39897221","geometry":{"type":"MultiPolygon","coordinates":[[[[3.78864924,48.50554701],[3.7887671,48.50558824],[3.78884537,48.50549947],[3.78872669,48.50545779],[3.78864924,48.50554701]]]]},"geometry_name":"geom","properties":{"gid":39808711,"type":"Bâtiment en dur","code_dep":"10","code_insee":"10220"}},{"type":"Feature","id":"batiment.39897253","geometry":{"type":"MultiPolygon","coordinates":[[[[3.7888616,48.50537215],[3.78894066,48.5054346],[3.78906014,48.50537695],[3.78898092,48.50531207],[3.7888616,48.50537215]]]]},"geometry_name":"geom","properties":{"gid":39808744,"type":"Bâtiment en dur","code_dep":"10","code_insee":"10220"}},{"type":"Feature","id":"batiment.39897254","geometry":{"type":"MultiPolygon","coordinates":[[[[3.78712813,48.50814093],[3.78712573,48.50806223],[3.78711517,48.5080623],[3.78711411,48.50799159],[3.78715025,48.50799099],[3.78714645,48.50783664],[3.78710923,48.50783734],[3.78710816,48.50776645],[3.78711791,48.50776657],[3.78711685,48.5076866],[3.78700193,48.50768835],[3.78700493,48.50773466],[3.78698638,48.50773478],[3.78698607,48.50776807],[3.7870126,48.50776763],[3.78701536,48.50787997],[3.78698774,48.50787979],[3.78699086,48.50795228],[3.78701698,48.50795148],[3.7870196,48.50806338],[3.78699348,48.50806355],[3.78699397,48.50809674],[3.78701346,48.50809626],[3.78701551,48.50814266],[3.78712813,48.50814093]]]]},"geometry_name":"geom","properties":{"gid":39808745,"type":"Bâtiment en dur","code_dep":"10","code_insee":"10220"}},{"type":"Feature","id":"batiment.39897255","geometry":{"type":"MultiPolygon","coordinates":[[[[3.78653108,48.50752818],[3.78658346,48.50752721],[3.78658322,48.50751075],[3.78681333,48.50750769],[3.78681359,48.50752496],[3.78691998,48.507523],[3.78691971,48.50750528],[3.7871497,48.50750322],[3.78715063,48.50751967],[3.78721022,48.50752081],[3.787209,48.50741277],[3.78709002,48.50741473],[3.78709001,48.507441],[3.78698484,48.50744259],[3.78698446,48.50741732],[3.78675461,48.50742001],[3.78675418,48.50744538],[3.78664711,48.50744699],[3.78664526,48.50742289],[3.78653142,48.50742427],[3.78653108,48.50752818]]]]},"geometry_name":"geom","properties":{"gid":39808746,"type":"Bâtiment en dur","code_dep":"10","code_insee":"10220"}},{"type":"Feature","id":"batiment.39897258","geometry":{"type":"MultiPolygon","coordinates":[[[[3.78660916,48.50819339],[3.78672395,48.50819218],[3.78672015,48.5081466],[3.78673991,48.50814611],[3.78673981,48.50811228],[3.7867218,48.5081124],[3.78671942,48.5080435],[3.78673797,48.50804365],[3.7867365,48.50800912],[3.78671714,48.50800888],[3.7867158,48.50791956],[3.78673421,48.50791917],[3.78673315,48.50788481],[3.78671473,48.50788412],[3.78671451,48.50781521],[3.78673075,48.5078151],[3.7867308,48.50778218],[3.7867109,48.50778231],[3.78671115,48.50773589],[3.78659812,48.50773744],[3.7866,48.5078175],[3.78661745,48.50781675],[3.78661946,48.50788763],[3.78660187,48.50788775],[3.78660598,48.50804462],[3.78662277,48.50804477],[3.78662462,48.50811403],[3.78660703,48.50811469],[3.78660916,48.50819339]]]]},"geometry_name":"geom","properties":{"gid":39808747,"type":"Bâtiment en dur","code_dep":"10","code_insee":"10220"}},{"type":"Feature","id":"batiment.39897259","geometry":{"type":"MultiPolygon","coordinates":[[[[3.78664818,48.5087734],[3.78678032,48.50882722],[3.78679099,48.50881635],[3.78684566,48.50876066],[3.78689144,48.5087797],[3.78687572,48.50879699],[3.78696169,48.50883295],[3.78704003,48.50886544],[3.78712018,48.50878395],[3.78695371,48.50871587],[3.78694142,48.50872728],[3.78692086,48.50874667],[3.78682846,48.50870608],[3.78674672,48.50867253],[3.78664818,48.5087734]]]]},"geometry_name":"geom","properties":{"gid":39808748,"type":"Bâtiment en dur","code_dep":"10","code_insee":"10220"}},{"type":"Feature","id":"batiment.39897260","geometry":{"type":"MultiPolygon","coordinates":[[[[3.78645779,48.50869027],[3.78655323,48.50868964],[3.78655255,48.50849964],[3.78645104,48.50850193],[3.78645779,48.50869027]]]]},"geometry_name":"geom","properties":{"gid":39808749,"type":"Bâtiment en dur","code_dep":"10","code_insee":"10220"}},{"type":"Feature","id":"batiment.39897261","geometry":{"type":"MultiPolygon","coordinates":[[[[3.78628398,48.50865643],[3.78637457,48.50865682],[3.78637577,48.50857467],[3.78628587,48.50857419],[3.78628398,48.50865643]]]]},"geometry_name":"geom","properties":{"gid":39808750,"type":"Bâtiment en dur","code_dep":"10","code_insee":"10220"}},{"type":"Feature","id":"batiment.39897263","geometry":{"type":"MultiPolygon","coordinates":[[[[3.78584062,48.50885827],[3.78588874,48.50890734],[3.78595224,48.50890746],[3.78595597,48.50878571],[3.78595739,48.50873604],[3.78595683,48.50869826],[3.78584624,48.50869998],[3.78584062,48.50885827]]]]},"geometry_name":"geom","properties":{"gid":39808752,"type":"Bâtiment en dur","code_dep":"10","code_insee":"10220"}},{"type":"Feature","id":"batiment.39897265","geometry":{"type":"MultiPolygon","coordinates":[[[[3.78579053,48.50822598],[3.78578966,48.50826701],[3.78582639,48.50826955],[3.7858263,48.50836339],[3.7859032,48.50836279],[3.7859047,48.50834568],[3.78596021,48.50834532],[3.78596056,48.5082244],[3.78579053,48.50822598]]]]},"geometry_name":"geom","properties":{"gid":39808754,"type":"Bâtiment en dur","code_dep":"10","code_insee":"10220"}},{"type":"Feature","id":"batiment.39897266","geometry":{"type":"MultiPolygon","coordinates":[[[[3.78579285,48.50818197],[3.78578936,48.50821078],[3.78597715,48.5082108],[3.78597977,48.50822338],[3.78614346,48.50822337],[3.78617365,48.50822317],[3.78617234,48.50818099],[3.78594923,48.50818175],[3.78594784,48.50812526],[3.78599182,48.50812371],[3.7859927,48.50810103],[3.78594924,48.50810168],[3.7859491,48.50809232],[3.78584515,48.50809382],[3.78584472,48.5081828],[3.78579285,48.50818197]]]]},"geometry_name":"geom","properties":{"gid":39808755,"type":"Bâtiment en dur","code_dep":"10","code_insee":"10220"}},{"type":"Feature","id":"batiment.39897332","geometry":{"type":"MultiPolygon","coordinates":[[[[3.78593617,48.50778923],[3.78593761,48.50788531],[3.78604308,48.50788533],[3.78604162,48.50778773],[3.78593617,48.50778923]]]]},"geometry_name":"geom","properties":{"gid":39808823,"type":"Bâtiment en dur","code_dep":"10","code_insee":"10220"}},{"type":"Feature","id":"batiment.39897333","geometry":{"type":"MultiPolygon","coordinates":[[[[3.78608486,48.50773688],[3.78608654,48.507768],[3.7861308,48.50776708],[3.78616098,48.50776652],[3.78615956,48.50773495],[3.78608486,48.50773688]]]]},"geometry_name":"geom","properties":{"gid":39808824,"type":"Bâtiment en dur","code_dep":"10","code_insee":"10220"}},{"type":"Feature","id":"batiment.39897334","geometry":{"type":"MultiPolygon","coordinates":[[[[3.78586849,48.50773597],[3.78608977,48.50773073],[3.78614864,48.50772926],[3.78614714,48.50768321],[3.78597793,48.50768487],[3.78597481,48.50763046],[3.78584084,48.50763477],[3.78584433,48.507723],[3.78586451,48.50772332],[3.78586849,48.50773597]]]]},"geometry_name":"geom","properties":{"gid":39808825,"type":"Bâtiment en dur","code_dep":"10","code_insee":"10220"}},{"type":"Feature","id":"batiment.39897335","geometry":{"type":"MultiPolygon","coordinates":[[[[3.78594531,48.50747754],[3.7859724,48.50747826],[3.78597301,48.50760942],[3.78606028,48.50760579],[3.78605662,48.5074786],[3.78606771,48.50747826],[3.78606762,48.50743571],[3.78594524,48.50743643],[3.78594531,48.50747754]]]]},"geometry_name":"geom","properties":{"gid":39808826,"type":"Bâtiment en dur","code_dep":"10","code_insee":"10220"}},{"type":"Feature","id":"batiment.39897336","geometry":{"type":"MultiPolygon","coordinates":[[[[3.78581937,48.50751157],[3.78588545,48.50751212],[3.78588833,48.50747882],[3.78582132,48.5074789],[3.78581937,48.50751157]]]]},"geometry_name":"geom","properties":{"gid":39808827,"type":"Bâtiment en dur","code_dep":"10","code_insee":"10220"}},{"type":"Feature","id":"batiment.39897337","geometry":{"type":"MultiPolygon","coordinates":[[[[3.78615615,48.50732681],[3.78645709,48.50732482],[3.78645813,48.50728604],[3.78615557,48.50728804],[3.78615615,48.50732681]]]]},"geometry_name":"geom","properties":{"gid":39808828,"type":"Bâtiment en dur","code_dep":"10","code_insee":"10220"}},{"type":"Feature","id":"batiment.39897338","geometry":{"type":"MultiPolygon","coordinates":[[[[3.78586409,48.50729752],[3.78598484,48.50729618],[3.7859854,48.50727963],[3.7860823,48.50727692],[3.78608229,48.50722258],[3.78598702,48.50722537],[3.78598592,48.50720567],[3.7859866,48.50719721],[3.78586247,48.50719857],[3.78586409,48.50729752]]]]},"geometry_name":"geom","properties":{"gid":39808829,"type":"Bâtiment en dur","code_dep":"10","code_insee":"10220"}},{"type":"Feature","id":"batiment.39897339","geometry":{"type":"MultiPolygon","coordinates":[[[[3.77747349,48.50100617],[3.77752246,48.50110427],[3.77762371,48.50107653],[3.77757191,48.50097899],[3.77747349,48.50100617]]]]},"geometry_name":"geom","properties":{"gid":39808830,"type":"Bâtiment en dur","code_dep":"10","code_insee":"10220"}},{"type":"Feature","id":"batiment.39897340","geometry":{"type":"MultiPolygon","coordinates":[[[[3.78594429,48.50692113],[3.78606654,48.50692095],[3.78606741,48.50684357],[3.78594502,48.50684375],[3.78594429,48.50692113]]]]},"geometry_name":"geom","properties":{"gid":39808831,"type":"Bâtiment en dur","code_dep":"10","code_insee":"10220"}},{"type":"Feature","id":"batiment.39897371","geometry":{"type":"MultiPolygon","coordinates":[[[[3.78637166,48.50677346],[3.78637326,48.5068079],[3.78645066,48.50680541],[3.78644794,48.50676828],[3.78637166,48.50677346]]]]},"geometry_name":"geom","properties":{"gid":39808862,"type":"Bâtiment en dur","code_dep":"10","code_insee":"10220"}},{"type":"Feature","id":"batiment.39897372","geometry":{"type":"MultiPolygon","coordinates":[[[[3.78586551,48.50673219],[3.7860005,48.50673345],[3.78600222,48.50668531],[3.78601062,48.50668552],[3.78601304,48.50662145],[3.7858745,48.50661841],[3.78586551,48.50673219]]]]},"geometry_name":"geom","properties":{"gid":39808863,"type":"Bâtiment en dur","code_dep":"10","code_insee":"10220"}},{"type":"Feature","id":"batiment.39897373","geometry":{"type":"MultiPolygon","coordinates":[[[[3.78615659,48.50671425],[3.78629769,48.5067072],[3.78629216,48.50662752],[3.78615052,48.50663431],[3.78615659,48.50671425]]]]},"geometry_name":"geom","properties":{"gid":39808864,"type":"Bâtiment en dur","code_dep":"10","code_insee":"10220"}},{"type":"Feature","id":"batiment.39897374","geometry":{"type":"MultiPolygon","coordinates":[[[[3.78669425,48.50655433],[3.78669744,48.50663159],[3.78670339,48.50663146],[3.78674711,48.50663063],[3.78684605,48.5066289],[3.78684152,48.50655291],[3.78669425,48.50655433]]]]},"geometry_name":"geom","properties":{"gid":39808865,"type":"Bâtiment en dur","code_dep":"10","code_insee":"10220"}},{"type":"Feature","id":"batiment.39897375","geometry":{"type":"MultiPolygon","coordinates":[[[[3.78712674,48.506622],[3.78729187,48.50661947],[3.78729008,48.50654508],[3.78712558,48.50654527],[3.78712674,48.506622]]]]},"geometry_name":"geom","properties":{"gid":39808866,"type":"Bâtiment en dur","code_dep":"10","code_insee":"10220"}},{"type":"Feature","id":"batiment.39897376","geometry":{"type":"MultiPolygon","coordinates":[[[[3.78753585,48.50697248],[3.78766286,48.50697317],[3.7876628,48.50688798],[3.78772965,48.50688609],[3.78772758,48.50682952],[3.78753709,48.50682925],[3.78753585,48.50697248]]]]},"geometry_name":"geom","properties":{"gid":39808867,"type":"Bâtiment en dur","code_dep":"10","code_insee":"10220"}},{"type":"Feature","id":"batiment.39897377","geometry":{"type":"MultiPolygon","coordinates":[[[[3.78781892,48.50715098],[3.78793887,48.50715073],[3.78793985,48.50710817],[3.78795529,48.50710807],[3.78794916,48.50703389],[3.78781713,48.50703206],[3.78781892,48.50715098]]]]},"geometry_name":"geom","properties":{"gid":39808868,"type":"Bâtiment en dur","code_dep":"10","code_insee":"10220"}},{"type":"Feature","id":"batiment.39897378","geometry":{"type":"MultiPolygon","coordinates":[[[[3.78796768,48.50732938],[3.78798761,48.50735804],[3.78795957,48.50736596],[3.78797605,48.50739041],[3.78800344,48.50738438],[3.78801577,48.50740301],[3.78818809,48.50735635],[3.7881427,48.5072818],[3.78796768,48.50732938]]]]},"geometry_name":"geom","properties":{"gid":39808869,"type":"Bâtiment en dur","code_dep":"10","code_insee":"10220"}},{"type":"Feature","id":"batiment.39897379","geometry":{"type":"MultiPolygon","coordinates":[[[[3.78791284,48.50748223],[3.78797322,48.50748165],[3.78797298,48.50741139],[3.78791177,48.50741054],[3.78791284,48.50748223]]]]},"geometry_name":"geom","properties":{"gid":39808870,"type":"Bâtiment en dur","code_dep":"10","code_insee":"10220"}},{"type":"Feature","id":"batiment.39897380","geometry":{"type":"MultiPolygon","coordinates":[[[[3.78769651,48.50745641],[3.7878185,48.50745668],[3.78781799,48.50735053],[3.78769654,48.50734998],[3.78769651,48.50745641]]]]},"geometry_name":"geom","properties":{"gid":39808871,"type":"Bâtiment en dur","code_dep":"10","code_insee":"10220"}},{"type":"Feature","id":"batiment.39897410","geometry":{"type":"MultiPolygon","coordinates":[[[[3.78919771,48.50832134],[3.78934567,48.5084006],[3.78942537,48.50833485],[3.78937322,48.50830641],[3.78935075,48.50832437],[3.78925904,48.50827631],[3.78919771,48.50832134]]]]},"geometry_name":"geom","properties":{"gid":39808901,"type":"Bâtiment en dur","code_dep":"10","code_insee":"10220"}},{"type":"Feature","id":"batiment.39897411","geometry":{"type":"MultiPolygon","coordinates":[[[[3.78894621,48.50823512],[3.78909069,48.50829938],[3.7892152,48.50818799],[3.78912981,48.508146],[3.78907367,48.50819379],[3.78904909,48.5082159],[3.78899509,48.50819017],[3.78894621,48.50823512]]]]},"geometry_name":"geom","properties":{"gid":39808902,"type":"Bâtiment en dur","code_dep":"10","code_insee":"10220"}},{"type":"Feature","id":"batiment.39897412","geometry":{"type":"MultiPolygon","coordinates":[[[[3.78881984,48.50802436],[3.78895209,48.50809492],[3.78903495,48.50803193],[3.78889629,48.50795863],[3.78881984,48.50802436]]]]},"geometry_name":"geom","properties":{"gid":39808903,"type":"Bâtiment en dur","code_dep":"10","code_insee":"10220"}},{"type":"Feature","id":"batiment.39897413","geometry":{"type":"MultiPolygon","coordinates":[[[[3.7885949,48.5079215],[3.78873645,48.50798911],[3.78881087,48.50792348],[3.78867039,48.50785442],[3.7885949,48.5079215]]]]},"geometry_name":"geom","properties":{"gid":39808904,"type":"Bâtiment en dur","code_dep":"10","code_insee":"10220"}},{"type":"Feature","id":"batiment.39897414","geometry":{"type":"MultiPolygon","coordinates":[[[[3.78866026,48.5077845],[3.78872977,48.50772502],[3.78866563,48.50769099],[3.78859737,48.50775244],[3.78866026,48.5077845]]]]},"geometry_name":"geom","properties":{"gid":39808905,"type":"Bâtiment en dur","code_dep":"10","code_insee":"10220"}},{"type":"Feature","id":"batiment.39897415","geometry":{"type":"MultiPolygon","coordinates":[[[[3.78844136,48.50758785],[3.78850091,48.50765808],[3.7886262,48.50762576],[3.78856513,48.50756202],[3.78850747,48.50758112],[3.7884985,48.50757011],[3.78844136,48.50758785]]]]},"geometry_name":"geom","properties":{"gid":39808906,"type":"Bâtiment en dur","code_dep":"10","code_insee":"10220"}},{"type":"Feature","id":"batiment.39897417","geometry":{"type":"MultiPolygon","coordinates":[[[[3.78832306,48.50753538],[3.78827072,48.5075485],[3.78828681,48.50757404],[3.78833496,48.50756184],[3.7883274,48.50754489],[3.78832306,48.50753538]]]]},"geometry_name":"geom","properties":{"gid":39808908,"type":"Bâtiment en dur","code_dep":"10","code_insee":"10220"}},{"type":"Feature","id":"batiment.39897418","geometry":{"type":"MultiPolygon","coordinates":[[[[3.78824821,48.50779821],[3.78832414,48.5077789],[3.7883112,48.50775551],[3.78837807,48.50773671],[3.78833224,48.5076601],[3.78818446,48.50770039],[3.78823349,48.50777402],[3.78824821,48.50779821]]]]},"geometry_name":"geom","properties":{"gid":39808909,"type":"Bâtiment en dur","code_dep":"10","code_insee":"10220"}},{"type":"Feature","id":"batiment.39897419","geometry":{"type":"MultiPolygon","coordinates":[[[[3.78798043,48.50786251],[3.78810915,48.50783314],[3.78806751,48.50776513],[3.78803339,48.50777418],[3.78801188,48.50773932],[3.78792355,48.5077624],[3.78794393,48.50779447],[3.78794022,48.50779953],[3.78798043,48.50786251]]]]},"geometry_name":"geom","properties":{"gid":39808910,"type":"Bâtiment en dur","code_dep":"10","code_insee":"10220"}},{"type":"Feature","id":"batiment.39897420","geometry":{"type":"MultiPolygon","coordinates":[[[[3.78768113,48.50794717],[3.78780405,48.50794573],[3.78780518,48.50796704],[3.78785446,48.50796707],[3.7878544,48.50794503],[3.78786091,48.50794553],[3.78786007,48.50785377],[3.78780917,48.5078542],[3.78780839,48.50783828],[3.78772284,48.50783921],[3.78772321,48.50786413],[3.78767922,48.50786478],[3.78768113,48.50794717]]]]},"geometry_name":"geom","properties":{"gid":39808911,"type":"Bâtiment en dur","code_dep":"10","code_insee":"10220"}},{"type":"Feature","id":"batiment.39897455","geometry":{"type":"MultiPolygon","coordinates":[[[[3.78768969,48.50808404],[3.78774289,48.50808368],[3.78774244,48.50801775],[3.78768871,48.50801882],[3.78768969,48.50808404]]]]},"geometry_name":"geom","properties":{"gid":39808946,"type":"Bâtiment en dur","code_dep":"10","code_insee":"10220"}},{"type":"Feature","id":"batiment.39897456","geometry":{"type":"MultiPolygon","coordinates":[[[[3.78861777,48.50813699],[3.78857566,48.50817307],[3.78861781,48.50820284],[3.78866274,48.50816512],[3.78861777,48.50813699]]]]},"geometry_name":"geom","properties":{"gid":39808947,"type":"Bâtiment en dur","code_dep":"10","code_insee":"10220"}},{"type":"Feature","id":"batiment.39897457","geometry":{"type":"MultiPolygon","coordinates":[[[[3.78842787,48.50812268],[3.78834554,48.50817577],[3.78840727,48.50822052],[3.78834627,48.50826042],[3.7884947,48.50836244],[3.78847472,48.50837508],[3.78861573,48.50846941],[3.78859535,48.50848304],[3.78866588,48.50852738],[3.78868264,48.50851656],[3.78875293,48.50857205],[3.78876858,48.50855935],[3.78877833,48.50856864],[3.78880499,48.50858574],[3.78883015,48.50860195],[3.7888579,48.50861994],[3.78888322,48.50863803],[3.78889716,48.50864657],[3.78896019,48.50860666],[3.78895007,48.50859962],[3.78892232,48.5085819],[3.78889687,48.50856462],[3.78887048,48.50854716],[3.78884381,48.50852953],[3.78885061,48.50851293],[3.78877747,48.50845701],[3.78876573,48.50845978],[3.7887041,48.50842223],[3.7887093,48.50841644],[3.78871427,48.50840525],[3.78858924,48.5083198],[3.78859458,48.50829674],[3.78845759,48.50819896],[3.78849876,48.50817286],[3.78842787,48.50812268]]]]},"geometry_name":"geom","properties":{"gid":39808948,"type":"Bâtiment en dur","code_dep":"10","code_insee":"10220"}},{"type":"Feature","id":"batiment.39897458","geometry":{"type":"MultiPolygon","coordinates":[[[[3.78868693,48.50888304],[3.78873844,48.50883322],[3.78878554,48.50878667],[3.78877,48.50877993],[3.78876359,48.50877656],[3.78886221,48.50868108],[3.7887768,48.50864683],[3.78868117,48.50873383],[3.78868865,48.50875429],[3.78859705,48.50883911],[3.78868693,48.50888304]]]]},"geometry_name":"geom","properties":{"gid":39808949,"type":"Bâtiment en dur","code_dep":"10","code_insee":"10220"}},{"type":"Feature","id":"batiment.39897459","geometry":{"type":"MultiPolygon","coordinates":[[[[3.79065156,48.50775714],[3.79075259,48.50782169],[3.79083947,48.50776525],[3.7908054,48.507742],[3.79082297,48.50773063],[3.79082361,48.50771893],[3.79077357,48.50768688],[3.79075409,48.50768818],[3.79065156,48.50775714]]]]},"geometry_name":"geom","properties":{"gid":39808950,"type":"Bâtiment en dur","code_dep":"10","code_insee":"10220"}},{"type":"Feature","id":"batiment.39897461","geometry":{"type":"MultiPolygon","coordinates":[[[[3.79083606,48.50788024],[3.79093144,48.50797497],[3.79107029,48.5079081],[3.79101651,48.50786078],[3.79097416,48.50788103],[3.79092122,48.50783551],[3.79083606,48.50788024]]]]},"geometry_name":"geom","properties":{"gid":39808952,"type":"Bâtiment en dur","code_dep":"10","code_insee":"10220"}},{"type":"Feature","id":"batiment.39897462","geometry":{"type":"MultiPolygon","coordinates":[[[[3.79102051,48.50818903],[3.79119675,48.50818669],[3.79119662,48.50813316],[3.79113188,48.50813188],[3.79112998,48.50806838],[3.79101698,48.50807147],[3.79102051,48.50818903]]]]},"geometry_name":"geom","properties":{"gid":39808953,"type":"Bâtiment en dur","code_dep":"10","code_insee":"10220"}},{"type":"Feature","id":"batiment.39897463","geometry":{"type":"MultiPolygon","coordinates":[[[[3.79102199,48.50839531],[3.79113757,48.50839229],[3.79113414,48.50828166],[3.7910176,48.5082836],[3.79102199,48.50839531]]]]},"geometry_name":"geom","properties":{"gid":39808954,"type":"Bâtiment en dur","code_dep":"10","code_insee":"10220"}},{"type":"Feature","id":"batiment.39897465","geometry":{"type":"MultiPolygon","coordinates":[[[[3.79056281,48.5083362],[3.79062496,48.50834604],[3.79062951,48.50832424],[3.7907357,48.50833631],[3.79074846,48.50828431],[3.79058096,48.50826492],[3.79056281,48.5083362]]]]},"geometry_name":"geom","properties":{"gid":39808956,"type":"Bâtiment en dur","code_dep":"10","code_insee":"10220"}},{"type":"Feature","id":"batiment.39897466","geometry":{"type":"MultiPolygon","coordinates":[[[[3.79029549,48.50827869],[3.79043915,48.50831507],[3.790488,48.50823297],[3.79034122,48.50819571],[3.79029549,48.50827869]]]]},"geometry_name":"geom","properties":{"gid":39808957,"type":"Bâtiment en dur","code_dep":"10","code_insee":"10220"}},{"type":"Feature","id":"batiment.39897495","geometry":{"type":"MultiPolygon","coordinates":[[[[3.79003689,48.5081882],[3.79019014,48.50824143],[3.79027337,48.50814011],[3.79017996,48.50810493],[3.79014396,48.50814178],[3.79008733,48.50812165],[3.79003689,48.5081882]]]]},"geometry_name":"geom","properties":{"gid":39808986,"type":"Bâtiment en dur","code_dep":"10","code_insee":"10220"}},{"type":"Feature","id":"batiment.39897496","geometry":{"type":"MultiPolygon","coordinates":[[[[3.79009603,48.50747629],[3.79012402,48.50750084],[3.79015715,48.50748029],[3.79012337,48.50745766],[3.79009603,48.50747629]]]]},"geometry_name":"geom","properties":{"gid":39808987,"type":"Bâtiment en dur","code_dep":"10","code_insee":"10220"}},{"type":"Feature","id":"batiment.39897497","geometry":{"type":"MultiPolygon","coordinates":[[[[3.78971467,48.50743348],[3.78983594,48.50735899],[3.78974294,48.50729655],[3.78970737,48.50731738],[3.78971944,48.50732756],[3.78963199,48.50738248],[3.78971467,48.50743348]]]]},"geometry_name":"geom","properties":{"gid":39808988,"type":"Bâtiment en dur","code_dep":"10","code_insee":"10220"}},{"type":"Feature","id":"batiment.39897498","geometry":{"type":"MultiPolygon","coordinates":[[[[3.7901812,48.50749497],[3.79023028,48.50752703],[3.7902609,48.50751036],[3.79033508,48.50756322],[3.79044728,48.50748915],[3.79040835,48.50746584],[3.79038371,48.50746601],[3.79030267,48.50741634],[3.7901812,48.50749497]]]]},"geometry_name":"geom","properties":{"gid":39808989,"type":"Bâtiment en dur","code_dep":"10","code_insee":"10220"}},{"type":"Feature","id":"batiment.39897499","geometry":{"type":"MultiPolygon","coordinates":[[[[3.79042587,48.50759545],[3.79056517,48.50768449],[3.79065662,48.50762567],[3.79051487,48.50753584],[3.79042587,48.50759545]]]]},"geometry_name":"geom","properties":{"gid":39808990,"type":"Bâtiment en dur","code_dep":"10","code_insee":"10220"}},{"type":"Feature","id":"batiment.39897500","geometry":{"type":"MultiPolygon","coordinates":[[[[3.78980249,48.50803304],[3.78991987,48.50810495],[3.79000604,48.50804563],[3.78999235,48.50803583],[3.79001657,48.50801668],[3.78997595,48.50798942],[3.78995067,48.5079832],[3.78992989,48.50799693],[3.78989138,48.50797505],[3.78980249,48.50803304]]]]},"geometry_name":"geom","properties":{"gid":39808991,"type":"Bâtiment en dur","code_dep":"10","code_insee":"10220"}},{"type":"Feature","id":"batiment.39897501","geometry":{"type":"MultiPolygon","coordinates":[[[[3.78987934,48.50768797],[3.78993001,48.50772587],[3.78999547,48.50768531],[3.78994429,48.50764948],[3.78987934,48.50768797]]]]},"geometry_name":"geom","properties":{"gid":39808992,"type":"Bâtiment en dur","code_dep":"10","code_insee":"10220"}},{"type":"Feature","id":"batiment.39897502","geometry":{"type":"MultiPolygon","coordinates":[[[[3.78971624,48.50783479],[3.78956675,48.50792323],[3.78968276,48.50800262],[3.78976835,48.50795023],[3.78971663,48.50791441],[3.7897748,48.50787507],[3.78971624,48.50783479]]]]},"geometry_name":"geom","properties":{"gid":39808993,"type":"Bâtiment en dur","code_dep":"10","code_insee":"10220"}},{"type":"Feature","id":"batiment.39897503","geometry":{"type":"MultiPolygon","coordinates":[[[[3.78944706,48.5077522],[3.78944787,48.50776973],[3.78949936,48.50780835],[3.7895184,48.50779589],[3.7895656,48.50782851],[3.78967007,48.50776268],[3.78955744,48.50768264],[3.78944706,48.5077522]]]]},"geometry_name":"geom","properties":{"gid":39808994,"type":"Bâtiment en dur","code_dep":"10","code_insee":"10220"}},{"type":"Feature","id":"batiment.39897530","geometry":{"type":"MultiPolygon","coordinates":[[[[3.789355,48.50755426],[3.78927569,48.50760112],[3.78931049,48.50762806],[3.78925789,48.50765998],[3.78933503,48.50771192],[3.78946419,48.50763072],[3.789355,48.50755426]]]]},"geometry_name":"geom","properties":{"gid":39809022,"type":"Bâtiment en dur","code_dep":"10","code_insee":"10220"}},{"type":"Feature","id":"batiment.39897531","geometry":{"type":"MultiPolygon","coordinates":[[[[3.78903618,48.50748333],[3.78915478,48.50757376],[3.78924082,48.50752425],[3.78917385,48.50747306],[3.78919949,48.50745885],[3.7891986,48.50744464],[3.78916603,48.50742111],[3.78914829,48.50742078],[3.78912251,48.50743516],[3.78903618,48.50748333]]]]},"geometry_name":"geom","properties":{"gid":39809023,"type":"Bâtiment en dur","code_dep":"10","code_insee":"10220"}},{"type":"Feature","id":"batiment.39897532","geometry":{"type":"MultiPolygon","coordinates":[[[[3.7895463,48.50740086],[3.78957448,48.50738448],[3.78954822,48.50736639],[3.78953308,48.50737738],[3.7895329,48.5073924],[3.7895463,48.50740086]]]]},"geometry_name":"geom","properties":{"gid":39809024,"type":"Bâtiment en dur","code_dep":"10","code_insee":"10220"}},{"type":"Feature","id":"batiment.39897533","geometry":{"type":"MultiPolygon","coordinates":[[[[3.79114269,48.50696319],[3.79131628,48.50695583],[3.79131207,48.50688307],[3.7912831,48.50688327],[3.79128043,48.5068589],[3.79122494,48.50685981],[3.79122676,48.50688166],[3.79113596,48.50688488],[3.79114269,48.50696319]]]]},"geometry_name":"geom","properties":{"gid":39809025,"type":"Bâtiment en dur","code_dep":"10","code_insee":"10220"}},{"type":"Feature","id":"batiment.39897534","geometry":{"type":"MultiPolygon","coordinates":[[[[3.79135207,48.50668066],[3.7912573,48.50668066],[3.79126114,48.50672841],[3.79130728,48.50672657],[3.79131028,48.50677333],[3.7913597,48.50677354],[3.79135207,48.50668066]]]]},"geometry_name":"geom","properties":{"gid":39809026,"type":"Bâtiment en dur","code_dep":"10","code_insee":"10220"}},{"type":"Feature","id":"batiment.39897536","geometry":{"type":"MultiPolygon","coordinates":[[[[3.79081594,48.50729112],[3.79093352,48.50736708],[3.79100919,48.50731232],[3.79089245,48.50723861],[3.79081594,48.50729112]]]]},"geometry_name":"geom","properties":{"gid":39809028,"type":"Bâtiment en dur","code_dep":"10","code_insee":"10220"}},{"type":"Feature","id":"batiment.39897537","geometry":{"type":"MultiPolygon","coordinates":[[[[3.79066561,48.50718012],[3.79072867,48.5072137],[3.79071233,48.50722587],[3.79075438,48.50724934],[3.7908299,48.50718469],[3.79072998,48.50713003],[3.79066561,48.50718012]]]]},"geometry_name":"geom","properties":{"gid":39809029,"type":"Bâtiment en dur","code_dep":"10","code_insee":"10220"}},{"type":"Feature","id":"batiment.39897538","geometry":{"type":"MultiPolygon","coordinates":[[[[3.79089867,48.50679757],[3.79095923,48.5068274],[3.79100688,48.50679109],[3.79094793,48.50676072],[3.79089867,48.50679757]]]]},"geometry_name":"geom","properties":{"gid":39809030,"type":"Bâtiment en dur","code_dep":"10","code_insee":"10220"}},{"type":"Feature","id":"batiment.39897539","geometry":{"type":"MultiPolygon","coordinates":[[[[3.79048789,48.50702134],[3.79063226,48.50707859],[3.79071574,48.50697584],[3.79061194,48.50693379],[3.79058169,48.50696593],[3.79054615,48.50695258],[3.79048789,48.50702134]]]]},"geometry_name":"geom","properties":{"gid":39809031,"type":"Bâtiment en dur","code_dep":"10","code_insee":"10220"}},{"type":"Feature","id":"batiment.39897540","geometry":{"type":"MultiPolygon","coordinates":[[[[3.79021652,48.50693696],[3.79037533,48.50698161],[3.79042822,48.50689786],[3.79027201,48.50685437],[3.79021652,48.50693696]]]]},"geometry_name":"geom","properties":{"gid":39809032,"type":"Bâtiment en dur","code_dep":"10","code_insee":"10220"}},{"type":"Feature","id":"batiment.39897570","geometry":{"type":"MultiPolygon","coordinates":[[[[3.78993569,48.50684464],[3.7899371,48.50693828],[3.78999301,48.50693791],[3.78999352,48.50691731],[3.79012056,48.50691187],[3.79011682,48.50683426],[3.78993569,48.50684464]]]]},"geometry_name":"geom","properties":{"gid":39809062,"type":"Bâtiment en dur","code_dep":"10","code_insee":"10220"}},{"type":"Feature","id":"batiment.39897571","geometry":{"type":"MultiPolygon","coordinates":[[[[3.78964257,48.50696948],[3.78964886,48.5070459],[3.78983694,48.50703845],[3.78983148,48.50696363],[3.78964257,48.50696948]]]]},"geometry_name":"geom","properties":{"gid":39809063,"type":"Bâtiment en dur","code_dep":"10","code_insee":"10220"}},{"type":"Feature","id":"batiment.39897572","geometry":{"type":"MultiPolygon","coordinates":[[[[3.78957416,48.50675141],[3.78957397,48.50671183],[3.78951539,48.50671447],[3.78951595,48.50675198],[3.78957416,48.50675141]]]]},"geometry_name":"geom","properties":{"gid":39809064,"type":"Bâtiment en dur","code_dep":"10","code_insee":"10220"}},{"type":"Feature","id":"batiment.39897573","geometry":{"type":"MultiPolygon","coordinates":[[[[3.78930033,48.50686281],[3.78936897,48.50686262],[3.78936824,48.50677833],[3.78929744,48.50677862],[3.78930033,48.50686281]]]]},"geometry_name":"geom","properties":{"gid":39809065,"type":"Bâtiment en dur","code_dep":"10","code_insee":"10220"}},{"type":"Feature","id":"batiment.39897575","geometry":{"type":"MultiPolygon","coordinates":[[[[3.78936383,48.5070523],[3.78945561,48.50705169],[3.78945597,48.50703963],[3.78954407,48.50703707],[3.78954045,48.50695801],[3.78936247,48.50696207],[3.78936383,48.5070523]]]]},"geometry_name":"geom","properties":{"gid":39809067,"type":"Bâtiment en dur","code_dep":"10","code_insee":"10220"}},{"type":"Feature","id":"batiment.39897577","geometry":{"type":"MultiPolygon","coordinates":[[[[3.78907509,48.50710909],[3.78916444,48.50710859],[3.78916466,48.50709626],[3.78925413,48.50709513],[3.78925336,48.50702532],[3.78915156,48.50702663],[3.78915067,48.50699416],[3.78913962,48.50698874],[3.78909007,48.50698889],[3.78907952,48.50699832],[3.78908039,48.50702917],[3.789072,48.5070295],[3.78907509,48.50710909]]]]},"geometry_name":"geom","properties":{"gid":39809069,"type":"Bâtiment en dur","code_dep":"10","code_insee":"10220"}},{"type":"Feature","id":"batiment.39897578","geometry":{"type":"MultiPolygon","coordinates":[[[[3.78872018,48.5069156],[3.78879693,48.50691509],[3.78879577,48.50683764],[3.7887127,48.5068417],[3.78872018,48.5069156]]]]},"geometry_name":"geom","properties":{"gid":39809070,"type":"Bâtiment en dur","code_dep":"10","code_insee":"10220"}},{"type":"Feature","id":"batiment.39897579","geometry":{"type":"MultiPolygon","coordinates":[[[[3.78903053,48.50712567],[3.78903393,48.50688365],[3.78896313,48.50688394],[3.78896405,48.50700835],[3.78880584,48.50701219],[3.78880717,48.50708289],[3.78892088,48.50708142],[3.78892007,48.50709078],[3.78896906,48.50708937],[3.78896932,48.50712509],[3.78903053,48.50712567]]]]},"geometry_name":"geom","properties":{"gid":39809071,"type":"Bâtiment en dur","code_dep":"10","code_insee":"10220"}},{"type":"Feature","id":"batiment.39897580","geometry":{"type":"MultiPolygon","coordinates":[[[[3.78849991,48.50707845],[3.78852792,48.50711362],[3.7885142,48.50711902],[3.78856754,48.50718227],[3.78867218,48.5071455],[3.78859025,48.50704502],[3.78849991,48.50707845]]]]},"geometry_name":"geom","properties":{"gid":39809072,"type":"Bâtiment en dur","code_dep":"10","code_insee":"10220"}},{"type":"Feature","id":"batiment.39897581","geometry":{"type":"MultiPolygon","coordinates":[[[[3.78858873,48.50697081],[3.78861582,48.50698943],[3.78864755,48.50697456],[3.78862165,48.50695404],[3.78858873,48.50697081]]]]},"geometry_name":"geom","properties":{"gid":39809073,"type":"Bâtiment en dur","code_dep":"10","code_insee":"10220"}},{"type":"Feature","id":"batiment.39897606","geometry":{"type":"MultiPolygon","coordinates":[[[[3.78828169,48.50690897],[3.78840278,48.50700263],[3.7884614,48.50697498],[3.78848414,48.50699264],[3.78856095,48.50695075],[3.78847202,48.50688],[3.78848866,48.50687035],[3.78837502,48.50678555],[3.78829243,48.50682173],[3.78830081,48.50683867],[3.78825784,48.50686253],[3.78829793,48.50689906],[3.78828169,48.50690897]]]]},"geometry_name":"geom","properties":{"gid":39809098,"type":"Bâtiment en dur","code_dep":"10","code_insee":"10220"}},{"type":"Feature","id":"batiment.39897607","geometry":{"type":"MultiPolygon","coordinates":[[[[3.79232619,48.50807094],[3.79244626,48.50806969],[3.79244127,48.50798147],[3.79232136,48.50798433],[3.79232619,48.50807094]]]]},"geometry_name":"geom","properties":{"gid":39809099,"type":"Bâtiment en dur","code_dep":"10","code_insee":"10220"}},{"type":"Feature","id":"batiment.39897608","geometry":{"type":"MultiPolygon","coordinates":[[[[3.79220595,48.5078462],[3.79233456,48.50784525],[3.79233266,48.50780028],[3.79232508,48.50780042],[3.79232321,48.50775716],[3.7923316,48.50775702],[3.79233031,48.50772545],[3.79220105,48.50772775],[3.79220595,48.5078462]]]]},"geometry_name":"geom","properties":{"gid":39809100,"type":"Bâtiment en dur","code_dep":"10","code_insee":"10220"}},{"type":"Feature","id":"batiment.39897609","geometry":{"type":"MultiPolygon","coordinates":[[[[3.79220978,48.50764223],[3.79232304,48.50763859],[3.79231885,48.50757601],[3.79233901,48.50757542],[3.79233617,48.50753064],[3.79220287,48.5075345],[3.79220978,48.50764223]]]]},"geometry_name":"geom","properties":{"gid":39809101,"type":"Bâtiment en dur","code_dep":"10","code_insee":"10220"}},{"type":"Feature","id":"batiment.39897610","geometry":{"type":"MultiPolygon","coordinates":[[[[3.79198783,48.50746909],[3.7920191,48.50746861],[3.79201852,48.50744801],[3.79198752,48.50744849],[3.79198783,48.50746909]]]]},"geometry_name":"geom","properties":{"gid":39809102,"type":"Bâtiment en dur","code_dep":"10","code_insee":"10220"}},{"type":"Feature","id":"batiment.39897611","geometry":{"type":"MultiPolygon","coordinates":[[[[3.79213074,48.50748271],[3.7923421,48.50747473],[3.79234096,48.50744433],[3.79232282,48.50744428],[3.79232001,48.50735685],[3.79233517,48.50735648],[3.7923343,48.50732581],[3.79217703,48.50732937],[3.79218274,48.50741174],[3.7921374,48.50741285],[3.79212804,48.50742038],[3.79213074,48.50748271]]]]},"geometry_name":"geom","properties":{"gid":39809103,"type":"Bâtiment en dur","code_dep":"10","code_insee":"10220"}},{"type":"Feature","id":"batiment.39897612","geometry":{"type":"MultiPolygon","coordinates":[[[[3.79219569,48.50721131],[3.79230491,48.50720896],[3.79230044,48.50709222],[3.79219218,48.50709519],[3.79219569,48.50721131]]]]},"geometry_name":"geom","properties":{"gid":39809104,"type":"Bâtiment en dur","code_dep":"10","code_insee":"10220"}},{"type":"Feature","id":"batiment.39897614","geometry":{"type":"MultiPolygon","coordinates":[[[[3.79196089,48.50715494],[3.791995,48.50715417],[3.79199423,48.50713043],[3.7919589,48.50713093],[3.79196089,48.50715494]]]]},"geometry_name":"geom","properties":{"gid":39809106,"type":"Bâtiment en dur","code_dep":"10","code_insee":"10220"}},{"type":"Feature","id":"batiment.39897615","geometry":{"type":"MultiPolygon","coordinates":[[[[3.79196016,48.50718724],[3.79199412,48.50718584],[3.79199431,48.50716272],[3.79196101,48.50716321],[3.79196016,48.50718724]]]]},"geometry_name":"geom","properties":{"gid":39809107,"type":"Bâtiment en dur","code_dep":"10","code_insee":"10220"}},{"type":"Feature","id":"batiment.39897616","geometry":{"type":"MultiPolygon","coordinates":[[[[3.79216686,48.50687108],[3.79217851,48.50701467],[3.79230761,48.50701084],[3.79230055,48.50692021],[3.79228675,48.50692066],[3.79228625,48.50690555],[3.79229965,48.50690501],[3.79229584,48.50686833],[3.79216686,48.50687108]]]]},"geometry_name":"geom","properties":{"gid":39809108,"type":"Bâtiment en dur","code_dep":"10","code_insee":"10220"}},{"type":"Feature","id":"batiment.39897645","geometry":{"type":"MultiPolygon","coordinates":[[[[3.79172189,48.50694611],[3.79188268,48.5069427],[3.79187778,48.50686014],[3.79171636,48.50686644],[3.79172189,48.50694611]]]]},"geometry_name":"geom","properties":{"gid":39809137,"type":"Bâtiment en dur","code_dep":"10","code_insee":"10220"}},{"type":"Feature","id":"batiment.39897646","geometry":{"type":"MultiPolygon","coordinates":[[[[3.79145399,48.50694816],[3.79153749,48.50694563],[3.7915358,48.50691478],[3.79157425,48.50691416],[3.79162188,48.50691304],[3.79161469,48.50684003],[3.79144448,48.50684684],[3.79145399,48.50694816]]]]},"geometry_name":"geom","properties":{"gid":39809138,"type":"Bâtiment en dur","code_dep":"10","code_insee":"10220"}},{"type":"Feature","id":"batiment.39897647","geometry":{"type":"MultiPolygon","coordinates":[[[[3.79194299,48.50713544],[3.79193893,48.50709049],[3.79193646,48.50706145],[3.79193346,48.50704222],[3.79183493,48.50704431],[3.79184106,48.50713648],[3.79194299,48.50713544]]]]},"geometry_name":"geom","properties":{"gid":39809139,"type":"Bâtiment en dur","code_dep":"10","code_insee":"10220"}},{"type":"Feature","id":"batiment.39897649","geometry":{"type":"MultiPolygon","coordinates":[[[[3.7917847,48.5073579],[3.79188593,48.50726555],[3.79181155,48.50722646],[3.79173498,48.50729301],[3.79170784,48.50727996],[3.79168131,48.50730704],[3.7917847,48.5073579]]]]},"geometry_name":"geom","properties":{"gid":39809141,"type":"Bâtiment en dur","code_dep":"10","code_insee":"10220"}},{"type":"Feature","id":"batiment.39897650","geometry":{"type":"MultiPolygon","coordinates":[[[[3.79179961,48.50740368],[3.79176354,48.5074364],[3.79185431,48.50747565],[3.79188904,48.50744456],[3.79179961,48.50740368]]]]},"geometry_name":"geom","properties":{"gid":39809142,"type":"Bâtiment en dur","code_dep":"10","code_insee":"10220"}},{"type":"Feature","id":"batiment.39897652","geometry":{"type":"MultiPolygon","coordinates":[[[[3.79154311,48.50750687],[3.79159178,48.50747488],[3.79167314,48.50742081],[3.79170342,48.50743527],[3.79172287,48.50741463],[3.79162947,48.50735327],[3.79159351,48.50737456],[3.79157277,48.50736363],[3.79145537,48.50744331],[3.79154311,48.50750687]]]]},"geometry_name":"geom","properties":{"gid":39809144,"type":"Bâtiment en dur","code_dep":"10","code_insee":"10220"}},{"type":"Feature","id":"batiment.39897653","geometry":{"type":"MultiPolygon","coordinates":[[[[3.79122952,48.50757661],[3.79130398,48.50762982],[3.79141699,48.50755557],[3.79134144,48.50750182],[3.79122952,48.50757661]]]]},"geometry_name":"geom","properties":{"gid":39809145,"type":"Bâtiment en dur","code_dep":"10","code_insee":"10220"}},{"type":"Feature","id":"batiment.39897654","geometry":{"type":"MultiPolygon","coordinates":[[[[3.79157762,48.50782007],[3.79168837,48.50777498],[3.79163653,48.50771289],[3.79167836,48.50769516],[3.79164099,48.50765915],[3.79148567,48.50771974],[3.79157762,48.50782007]]]]},"geometry_name":"geom","properties":{"gid":39809146,"type":"Bâtiment en dur","code_dep":"10","code_insee":"10220"}},{"type":"Feature","id":"batiment.39897655","geometry":{"type":"MultiPolygon","coordinates":[[[[3.79158739,48.50800947],[3.79169955,48.50800476],[3.79168919,48.50790119],[3.79157707,48.50790914],[3.79158739,48.50800947]]]]},"geometry_name":"geom","properties":{"gid":39809147,"type":"Bâtiment en dur","code_dep":"10","code_insee":"10220"}},{"type":"Feature","id":"batiment.39897684","geometry":{"type":"MultiPolygon","coordinates":[[[[3.79405573,48.50947109],[3.79422068,48.50959027],[3.79432519,48.50952633],[3.79427029,48.50948666],[3.7942554,48.50949576],[3.79421872,48.50946928],[3.7942336,48.5094601],[3.79416037,48.50940715],[3.79405573,48.50947109]]]]},"geometry_name":"geom","properties":{"gid":39809176,"type":"Bâtiment en dur","code_dep":"10","code_insee":"10220"}},{"type":"Feature","id":"batiment.39897685","geometry":{"type":"MultiPolygon","coordinates":[[[[3.79191049,48.50832749],[3.79195112,48.50833775],[3.791965,48.50831516],[3.79192491,48.50830527],[3.79191049,48.50832749]]]]},"geometry_name":"geom","properties":{"gid":39809177,"type":"Bâtiment en dur","code_dep":"10","code_insee":"10220"}},{"type":"Feature","id":"batiment.39897686","geometry":{"type":"MultiPolygon","coordinates":[[[[3.79233612,48.50883646],[3.79253001,48.50882806],[3.79252971,48.50874511],[3.79243621,48.50874897],[3.79243651,48.50876903],[3.79233514,48.50877106],[3.79233612,48.50883646]]]]},"geometry_name":"geom","properties":{"gid":39809178,"type":"Bâtiment en dur","code_dep":"10","code_insee":"10220"}},{"type":"Feature","id":"batiment.39897687","geometry":{"type":"MultiPolygon","coordinates":[[[[3.79206621,48.50885841],[3.79222796,48.50885526],[3.79222598,48.50878672],[3.79206597,48.50878842],[3.79206621,48.50885841]]]]},"geometry_name":"geom","properties":{"gid":39809179,"type":"Bâtiment en dur","code_dep":"10","code_insee":"10220"}},{"type":"Feature","id":"batiment.39897688","geometry":{"type":"MultiPolygon","coordinates":[[[[3.79178602,48.508791],[3.79194115,48.50878925],[3.79194001,48.5087225],[3.79178407,48.50872498],[3.79178602,48.508791]]]]},"geometry_name":"geom","properties":{"gid":39809180,"type":"Bâtiment en dur","code_dep":"10","code_insee":"10220"}},{"type":"Feature","id":"batiment.39897689","geometry":{"type":"MultiPolygon","coordinates":[[[[3.79149782,48.50889287],[3.79167513,48.50888962],[3.79167493,48.50881378],[3.79149764,48.50881829],[3.79149782,48.50889287]]]]},"geometry_name":"geom","properties":{"gid":39809181,"type":"Bâtiment en dur","code_dep":"10","code_insee":"10220"}},{"type":"Feature","id":"batiment.39897690","geometry":{"type":"MultiPolygon","coordinates":[[[[3.79094471,48.50884599],[3.79112317,48.50884661],[3.79112176,48.5087625],[3.79103118,48.50876247],[3.79102877,48.50873721],[3.79094404,48.5087384],[3.79094471,48.50884599]]]]},"geometry_name":"geom","properties":{"gid":39809182,"type":"Bâtiment en dur","code_dep":"10","code_insee":"10220"}},{"type":"Feature","id":"batiment.39897769","geometry":{"type":"MultiPolygon","coordinates":[[[[3.79064751,48.50881819],[3.79082034,48.50883189],[3.7908404,48.50874305],[3.79079063,48.50873817],[3.79078194,48.50874533],[3.79076058,48.50874745],[3.79073504,48.50874177],[3.79072135,48.50873152],[3.79066566,48.50872874],[3.79064751,48.50881819]]]]},"geometry_name":"geom","properties":{"gid":39809261,"type":"Bâtiment en dur","code_dep":"10","code_insee":"10220"}},{"type":"Feature","id":"batiment.39897770","geometry":{"type":"MultiPolygon","coordinates":[[[[3.79035689,48.5088222],[3.79052199,48.50884431],[3.79054075,48.50879507],[3.79045675,48.50878267],[3.79046225,48.50876122],[3.79046685,48.50874311],[3.7903955,48.50873387],[3.79035689,48.5088222]]]]},"geometry_name":"geom","properties":{"gid":39809262,"type":"Bâtiment en dur","code_dep":"10","code_insee":"10220"}},{"type":"Feature","id":"batiment.39897771","geometry":{"type":"MultiPolygon","coordinates":[[[[3.79009014,48.50880256],[3.79023884,48.50883207],[3.79027382,48.50876382],[3.79022983,48.50875566],[3.79023445,48.50873818],[3.79012585,48.50871956],[3.79009014,48.50880256]]]]},"geometry_name":"geom","properties":{"gid":39809263,"type":"Bâtiment en dur","code_dep":"10","code_insee":"10220"}},{"type":"Feature","id":"batiment.39897772","geometry":{"type":"MultiPolygon","coordinates":[[[[3.79008825,48.5085245],[3.79015837,48.50855066],[3.79017534,48.50852626],[3.790185,48.50851189],[3.7901221,48.50848847],[3.79008825,48.5085245]]]]},"geometry_name":"geom","properties":{"gid":39809264,"type":"Bâtiment en dur","code_dep":"10","code_insee":"10220"}},{"type":"Feature","id":"batiment.39897773","geometry":{"type":"MultiPolygon","coordinates":[[[[3.78974663,48.50866612],[3.78990542,48.50854784],[3.78983004,48.5085048],[3.78975861,48.50855386],[3.78969678,48.5085208],[3.78963945,48.5085614],[3.78971221,48.50860104],[3.78968038,48.50862725],[3.78974663,48.50866612]]]]},"geometry_name":"geom","properties":{"gid":39809265,"type":"Bâtiment en dur","code_dep":"10","code_insee":"10220"}},{"type":"Feature","id":"batiment.39897774","geometry":{"type":"MultiPolygon","coordinates":[[[[3.78960927,48.50878713],[3.78971527,48.50869656],[3.78963145,48.50865087],[3.78958236,48.50869078],[3.78955116,48.50867759],[3.7894882,48.50873162],[3.78960927,48.50878713]]]]},"geometry_name":"geom","properties":{"gid":39809266,"type":"Bâtiment en dur","code_dep":"10","code_insee":"10220"}},{"type":"Feature","id":"batiment.39897775","geometry":{"type":"MultiPolygon","coordinates":[[[[3.78948492,48.50886416],[3.78937085,48.50880599],[3.78930743,48.50886498],[3.78933203,48.50888047],[3.7892657,48.50894379],[3.78929325,48.50895737],[3.78928021,48.50897221],[3.78934491,48.50899832],[3.7893822,48.50896614],[3.78937691,48.50895682],[3.78948492,48.50886416]]]]},"geometry_name":"geom","properties":{"gid":39809267,"type":"Bâtiment en dur","code_dep":"10","code_insee":"10220"}},{"type":"Feature","id":"batiment.39897776","geometry":{"type":"MultiPolygon","coordinates":[[[[3.78889263,48.50886791],[3.78902178,48.50892949],[3.78907438,48.5088802],[3.78901053,48.50884761],[3.78901136,48.50883087],[3.78895825,48.50881044],[3.78889263,48.50886791]]]]},"geometry_name":"geom","properties":{"gid":39809268,"type":"Bâtiment en dur","code_dep":"10","code_insee":"10220"}},{"type":"Feature","id":"batiment.39897777","geometry":{"type":"MultiPolygon","coordinates":[[[[3.79270139,48.50703404],[3.79288787,48.5070283],[3.79288395,48.50694843],[3.79269814,48.50695336],[3.79270139,48.50703404]]]]},"geometry_name":"geom","properties":{"gid":39809269,"type":"Bâtiment en dur","code_dep":"10","code_insee":"10220"}},{"type":"Feature","id":"batiment.39897778","geometry":{"type":"MultiPolygon","coordinates":[[[[3.79306579,48.50706543],[3.7932626,48.50707168],[3.79326142,48.50708293],[3.79331896,48.50708344],[3.79332632,48.50699676],[3.79307205,48.50698685],[3.79306579,48.50706543]]]]},"geometry_name":"geom","properties":{"gid":39809270,"type":"Bâtiment en dur","code_dep":"10","code_insee":"10220"}},{"type":"Feature","id":"batiment.39897810","geometry":{"type":"MultiPolygon","coordinates":[[[[3.7934337,48.50711426],[3.79355707,48.50713448],[3.79358813,48.50705754],[3.79346165,48.50703814],[3.7934337,48.50711426]]]]},"geometry_name":"geom","properties":{"gid":39809302,"type":"Bâtiment en dur","code_dep":"10","code_insee":"10220"}},{"type":"Feature","id":"batiment.39897811","geometry":{"type":"MultiPolygon","coordinates":[[[[3.79334526,48.50739895],[3.79350026,48.50741573],[3.79352157,48.5073384],[3.79336425,48.50732055],[3.79334526,48.50739895]]]]},"geometry_name":"geom","properties":{"gid":39809303,"type":"Bâtiment en dur","code_dep":"10","code_insee":"10220"}},{"type":"Feature","id":"batiment.39897812","geometry":{"type":"MultiPolygon","coordinates":[[[[3.79294576,48.50734683],[3.79287058,48.50734454],[3.79282858,48.50734266],[3.79273458,48.50734014],[3.7927328,48.50737434],[3.79268471,48.5073725],[3.79267986,48.50742777],[3.79293589,48.50743785],[3.79293536,48.50744757],[3.79299714,48.50744985],[3.79299444,48.50745941],[3.79320364,48.50747043],[3.79321485,48.50736977],[3.79300215,48.50736076],[3.7930021,48.50735707],[3.79294589,48.50735573],[3.79294576,48.50734683]]]]},"geometry_name":"geom","properties":{"gid":39809304,"type":"Bâtiment en dur","code_dep":"10","code_insee":"10220"}},{"type":"Feature","id":"batiment.39897813","geometry":{"type":"MultiPolygon","coordinates":[[[[3.79318042,48.50765411],[3.79316797,48.50775279],[3.79327502,48.50775855],[3.79328813,48.50765878],[3.79318042,48.50765411]]]]},"geometry_name":"geom","properties":{"gid":39809305,"type":"Bâtiment en dur","code_dep":"10","code_insee":"10220"}},{"type":"Feature","id":"batiment.39897814","geometry":{"type":"MultiPolygon","coordinates":[[[[3.79281766,48.50769521],[3.79293707,48.50769486],[3.79293545,48.50758782],[3.79281595,48.50759095],[3.79281766,48.50769521]]]]},"geometry_name":"geom","properties":{"gid":39809306,"type":"Bâtiment en dur","code_dep":"10","code_insee":"10220"}},{"type":"Feature","id":"batiment.39897815","geometry":{"type":"MultiPolygon","coordinates":[[[[3.79305452,48.50802155],[3.79329651,48.50805178],[3.79333784,48.50791107],[3.79325211,48.5079004],[3.79323028,48.50796999],[3.79322734,48.5079809],[3.79313267,48.50797002],[3.79313479,48.50795786],[3.7930777,48.50795221],[3.79305452,48.50802155]]]]},"geometry_name":"geom","properties":{"gid":39809307,"type":"Bâtiment en dur","code_dep":"10","code_insee":"10220"}},{"type":"Feature","id":"batiment.39897816","geometry":{"type":"MultiPolygon","coordinates":[[[[3.79296057,48.50815667],[3.79299632,48.50815724],[3.79299688,48.50814059],[3.79296033,48.50814084],[3.79296057,48.50815667]]]]},"geometry_name":"geom","properties":{"gid":39809308,"type":"Bâtiment en dur","code_dep":"10","code_insee":"10220"}},{"type":"Feature","id":"batiment.39897817","geometry":{"type":"MultiPolygon","coordinates":[[[[3.79297313,48.50845958],[3.79298056,48.50837757],[3.79288807,48.50837648],[3.79288785,48.50838881],[3.79285645,48.50838965],[3.79285425,48.50835134],[3.79287658,48.50835092],[3.79286789,48.5082683],[3.79274491,48.50827443],[3.79276201,48.50841187],[3.79278529,48.50841135],[3.79278489,48.50842062],[3.79284235,48.5084421],[3.79288554,48.50844172],[3.79288578,48.50845773],[3.79297313,48.50845958]]]]},"geometry_name":"geom","properties":{"gid":39809309,"type":"Bâtiment en dur","code_dep":"10","code_insee":"10220"}},{"type":"Feature","id":"batiment.39897818","geometry":{"type":"MultiPolygon","coordinates":[[[[3.79322567,48.50847076],[3.7932509,48.50839322],[3.79309516,48.50837231],[3.79307398,48.50844964],[3.79322567,48.50847076]]]]},"geometry_name":"geom","properties":{"gid":39809310,"type":"Bâtiment en dur","code_dep":"10","code_insee":"10220"}},{"type":"Feature","id":"batiment.39897843","geometry":{"type":"MultiPolygon","coordinates":[[[[3.7933167,48.50836651],[3.7933804,48.50837949],[3.7933754,48.50838915],[3.79347674,48.50841196],[3.79352029,48.50832782],[3.79335522,48.50829006],[3.7933167,48.50836651]]]]},"geometry_name":"geom","properties":{"gid":39809335,"type":"Bâtiment en dur","code_dep":"10","code_insee":"10220"}},{"type":"Feature","id":"batiment.39897844","geometry":{"type":"MultiPolygon","coordinates":[[[[3.79349382,48.50849344],[3.79361419,48.50852079],[3.79365638,48.50844575],[3.79353423,48.50841724],[3.79349382,48.50849344]]]]},"geometry_name":"geom","properties":{"gid":39809336,"type":"Bâtiment en dur","code_dep":"10","code_insee":"10220"}},{"type":"Feature","id":"batiment.39897845","geometry":{"type":"MultiPolygon","coordinates":[[[[3.79393772,48.50862461],[3.79407115,48.50870073],[3.79415145,48.50863901],[3.79401926,48.50856424],[3.79393772,48.50862461]]]]},"geometry_name":"geom","properties":{"gid":39809337,"type":"Bâtiment en dur","code_dep":"10","code_insee":"10220"}},{"type":"Feature","id":"batiment.39897846","geometry":{"type":"MultiPolygon","coordinates":[[[[3.79425198,48.50867073],[3.79439335,48.50877],[3.7944793,48.50871536],[3.79433348,48.50861621],[3.79425198,48.50867073]]]]},"geometry_name":"geom","properties":{"gid":39809338,"type":"Bâtiment en dur","code_dep":"10","code_insee":"10220"}},{"type":"Feature","id":"batiment.39897847","geometry":{"type":"MultiPolygon","coordinates":[[[[3.7943193,48.50890499],[3.79436957,48.50894343],[3.79435615,48.50895126],[3.79441978,48.50900436],[3.79452391,48.50895175],[3.79447097,48.50890722],[3.79440941,48.50885662],[3.7943193,48.50890499]]]]},"geometry_name":"geom","properties":{"gid":39809339,"type":"Bâtiment en dur","code_dep":"10","code_insee":"10220"}},{"type":"Feature","id":"batiment.39897848","geometry":{"type":"MultiPolygon","coordinates":[[[[3.7945569,48.50907388],[3.7946557,48.50916076],[3.79474664,48.50911319],[3.7946497,48.50902432],[3.7945569,48.50907388]]]]},"geometry_name":"geom","properties":{"gid":39809340,"type":"Bâtiment en dur","code_dep":"10","code_insee":"10220"}},{"type":"Feature","id":"batiment.39897850","geometry":{"type":"MultiPolygon","coordinates":[[[[3.79482413,48.50933992],[3.79485144,48.50936411],[3.79486349,48.5093733],[3.79485235,48.50937931],[3.7948835,48.50940672],[3.79499031,48.50935212],[3.79491952,48.50929106],[3.79482413,48.50933992]]]]},"geometry_name":"geom","properties":{"gid":39809341,"type":"Bâtiment en dur","code_dep":"10","code_insee":"10220"}},{"type":"Feature","id":"batiment.39897851","geometry":{"type":"MultiPolygon","coordinates":[[[[3.79505088,48.50952534],[3.79511485,48.50954723],[3.79514573,48.50955674],[3.79513739,48.50956966],[3.79521506,48.50959325],[3.79526864,48.50951957],[3.79509288,48.50946434],[3.79505088,48.50952534]]]]},"geometry_name":"geom","properties":{"gid":39809342,"type":"Bâtiment en dur","code_dep":"10","code_insee":"10220"}},{"type":"Feature","id":"batiment.39897852","geometry":{"type":"MultiPolygon","coordinates":[[[[3.79560181,48.50970464],[3.79561941,48.50963318],[3.79543813,48.50961613],[3.79533446,48.50962807],[3.79535248,48.5097001],[3.79542666,48.50969043],[3.79542856,48.5096816],[3.79545771,48.50968446],[3.79545633,48.50969158],[3.79560181,48.50970464]]]]},"geometry_name":"geom","properties":{"gid":39809343,"type":"Bâtiment en dur","code_dep":"10","code_insee":"10220"}},{"type":"Feature","id":"batiment.39897853","geometry":{"type":"MultiPolygon","coordinates":[[[[3.79564215,48.50978462],[3.79574276,48.50979447],[3.79574624,48.50978284],[3.79583697,48.50979276],[3.79585684,48.50971913],[3.79575689,48.50970828],[3.79566183,48.50969866],[3.79564215,48.50978462]]]]},"geometry_name":"geom","properties":{"gid":39809344,"type":"Bâtiment en dur","code_dep":"10","code_insee":"10220"}},{"type":"Feature","id":"batiment.39897877","geometry":{"type":"MultiPolygon","coordinates":[[[[3.79478175,48.5098493],[3.7949333,48.5099414],[3.79502422,48.5098744],[3.79495575,48.50983248],[3.7949508,48.5098363],[3.7949015,48.50980838],[3.79490712,48.50980438],[3.79487147,48.50978366],[3.79478175,48.5098493]]]]},"geometry_name":"geom","properties":{"gid":39809368,"type":"Bâtiment en dur","code_dep":"10","code_insee":"10220"}},{"type":"Feature","id":"batiment.39897878","geometry":{"type":"MultiPolygon","coordinates":[[[[3.79475632,48.50981484],[3.79483517,48.5097561],[3.79470116,48.50967765],[3.79462205,48.50973738],[3.79475632,48.50981484]]]]},"geometry_name":"geom","properties":{"gid":39809369,"type":"Bâtiment en dur","code_dep":"10","code_insee":"10220"}},{"type":"Feature","id":"batiment.39897879","geometry":{"type":"MultiPolygon","coordinates":[[[[3.79441318,48.50957009],[3.79452301,48.50964331],[3.79459606,48.50959469],[3.79448757,48.50952056],[3.79441318,48.50957009]]]]},"geometry_name":"geom","properties":{"gid":39809370,"type":"Bâtiment en dur","code_dep":"10","code_insee":"10220"}},{"type":"Feature","id":"batiment.39897880","geometry":{"type":"MultiPolygon","coordinates":[[[[3.79438866,48.50952446],[3.79449835,48.50945437],[3.79443718,48.50941187],[3.79435913,48.50946124],[3.79438772,48.50948066],[3.79435512,48.50950022],[3.79438866,48.50952446]]]]},"geometry_name":"geom","properties":{"gid":39809371,"type":"Bâtiment en dur","code_dep":"10","code_insee":"10220"}},{"type":"Feature","id":"batiment.39897881","geometry":{"type":"MultiPolygon","coordinates":[[[[3.79405903,48.50933136],[3.79412553,48.50937778],[3.7942416,48.50930864],[3.794199,48.50927599],[3.79418022,48.50928737],[3.7941605,48.50927274],[3.79410492,48.50923263],[3.79403553,48.50927277],[3.79408881,48.50931326],[3.79405903,48.50933136]]]]},"geometry_name":"geom","properties":{"gid":39809372,"type":"Bâtiment en dur","code_dep":"10","code_insee":"10220"}},{"type":"Feature","id":"batiment.39897882","geometry":{"type":"MultiPolygon","coordinates":[[[[3.79361433,48.50895109],[3.793729,48.50899521],[3.79379377,48.50892695],[3.79367744,48.50888058],[3.79361433,48.50895109]]]]},"geometry_name":"geom","properties":{"gid":39809374,"type":"Bâtiment en dur","code_dep":"10","code_insee":"10220"}},{"type":"Feature","id":"batiment.39897883","geometry":{"type":"MultiPolygon","coordinates":[[[[3.79337707,48.50884013],[3.7935378,48.50890392],[3.79360149,48.50883602],[3.79349073,48.5087907],[3.79348284,48.50879741],[3.79343028,48.50877761],[3.79337707,48.50884013]]]]},"geometry_name":"geom","properties":{"gid":39809375,"type":"Bâtiment en dur","code_dep":"10","code_insee":"10220"}},{"type":"Feature","id":"batiment.39897884","geometry":{"type":"MultiPolygon","coordinates":[[[[3.79311042,48.50880898],[3.79328122,48.50884059],[3.79331433,48.50876471],[3.79322718,48.50874954],[3.79319067,48.50874403],[3.79319458,48.50873348],[3.79314395,48.50872509],[3.79311042,48.50880898]]]]},"geometry_name":"geom","properties":{"gid":39809376,"type":"Bâtiment en dur","code_dep":"10","code_insee":"10220"}},{"type":"Feature","id":"batiment.39897885","geometry":{"type":"MultiPolygon","coordinates":[[[[3.7928679,48.50878856],[3.79300463,48.50879673],[3.79301795,48.50871927],[3.79288186,48.50870894],[3.7928679,48.50878856]]]]},"geometry_name":"geom","properties":{"gid":39809377,"type":"Bâtiment en dur","code_dep":"10","code_insee":"10220"}},{"type":"Feature","id":"batiment.39897913","geometry":{"type":"MultiPolygon","coordinates":[[[[3.79296612,48.50899913],[3.79300144,48.508998],[3.79300188,48.50898216],[3.79296561,48.5089833],[3.79296612,48.50899913]]]]},"geometry_name":"geom","properties":{"gid":39809406,"type":"Bâtiment en dur","code_dep":"10","code_insee":"10220"}},{"type":"Feature","id":"batiment.39897914","geometry":{"type":"MultiPolygon","coordinates":[[[[3.79306877,48.50927832],[3.79309455,48.50920123],[3.79292074,48.50917649],[3.79289605,48.50925384],[3.79306877,48.50927832]]]]},"geometry_name":"geom","properties":{"gid":39809407,"type":"Bâtiment en dur","code_dep":"10","code_insee":"10220"}},{"type":"Feature","id":"batiment.39897915","geometry":{"type":"MultiPolygon","coordinates":[[[[3.79317233,48.50925937],[3.79334601,48.50928421],[3.79337087,48.50920884],[3.79319717,48.50918256],[3.79317233,48.50925937]]]]},"geometry_name":"geom","properties":{"gid":39809408,"type":"Bâtiment en dur","code_dep":"10","code_insee":"10220"}},{"type":"Feature","id":"batiment.39897916","geometry":{"type":"MultiPolygon","coordinates":[[[[3.7933893,48.50943416],[3.79349387,48.50947251],[3.79357181,48.50937986],[3.79346725,48.5093417],[3.7933893,48.50943416]]]]},"geometry_name":"geom","properties":{"gid":39809409,"type":"Bâtiment en dur","code_dep":"10","code_insee":"10220"}},{"type":"Feature","id":"batiment.39897917","geometry":{"type":"MultiPolygon","coordinates":[[[[3.79372644,48.50959537],[3.79379993,48.50965651],[3.79386992,48.50961996],[3.79386032,48.50961166],[3.79387954,48.50960245],[3.79389942,48.50961896],[3.79394878,48.50966001],[3.79395643,48.50965564],[3.79398974,48.5096825],[3.79407695,48.509639],[3.79390613,48.50949863],[3.79372644,48.50959537]]]]},"geometry_name":"geom","properties":{"gid":39809410,"type":"Bâtiment en dur","code_dep":"10","code_insee":"10220"}},{"type":"Feature","id":"batiment.39897918","geometry":{"type":"MultiPolygon","coordinates":[[[[3.79405412,48.50986586],[3.79417569,48.50983788],[3.79412852,48.50974535],[3.79401773,48.50976957],[3.79404215,48.50981736],[3.79404913,48.50983117],[3.79403712,48.50983395],[3.79405412,48.50986586]]]]},"geometry_name":"geom","properties":{"gid":39809411,"type":"Bâtiment en dur","code_dep":"10","code_insee":"10220"}},{"type":"Feature","id":"batiment.39897919","geometry":{"type":"MultiPolygon","coordinates":[[[[3.79310524,48.50974715],[3.79314195,48.50967682],[3.79331275,48.50971707],[3.79335032,48.50964044],[3.79318263,48.5095999],[3.79314432,48.5096724],[3.79297601,48.50963511],[3.79293734,48.50971039],[3.79310524,48.50974715]]]]},"geometry_name":"geom","properties":{"gid":39809412,"type":"Bâtiment en dur","code_dep":"10","code_insee":"10220"}},{"type":"Feature","id":"batiment.39897920","geometry":{"type":"MultiPolygon","coordinates":[[[[3.79349688,48.50989585],[3.7936018,48.50985935],[3.79352546,48.5097618],[3.79342218,48.50979937],[3.79349688,48.50989585]]]]},"geometry_name":"geom","properties":{"gid":39809413,"type":"Bâtiment en dur","code_dep":"10","code_insee":"10220"}},{"type":"Feature","id":"batiment.39897921","geometry":{"type":"MultiPolygon","coordinates":[[[[3.79337041,48.50993925],[3.79342789,48.51001569],[3.79353702,48.50998042],[3.79347574,48.50990337],[3.79337041,48.50993925]]]]},"geometry_name":"geom","properties":{"gid":39809414,"type":"Bâtiment en dur","code_dep":"10","code_insee":"10220"}},{"type":"Feature","id":"batiment.39897922","geometry":{"type":"MultiPolygon","coordinates":[[[[3.79301042,48.51010224],[3.79306497,48.51010151],[3.79306466,48.51008073],[3.79300916,48.51008182],[3.79301042,48.51010224]]]]},"geometry_name":"geom","properties":{"gid":39809415,"type":"Bâtiment en dur","code_dep":"10","code_insee":"10220"}},{"type":"Feature","id":"batiment.39897949","geometry":{"type":"MultiPolygon","coordinates":[[[[3.79089254,48.51028017],[3.79093815,48.51027915],[3.79093041,48.5102057],[3.79088574,48.51020609],[3.79089254,48.51028017]]]]},"geometry_name":"geom","properties":{"gid":39809442,"type":"Bâtiment en dur","code_dep":"10","code_insee":"10220"}},{"type":"Feature","id":"batiment.39897950","geometry":{"type":"MultiPolygon","coordinates":[[[[3.79108032,48.51041405],[3.79125782,48.51040486],[3.79124764,48.51029499],[3.79117104,48.51029748],[3.79117249,48.51033085],[3.79107358,48.51033474],[3.79108032,48.51041405]]]]},"geometry_name":"geom","properties":{"gid":39809443,"type":"Bâtiment en dur","code_dep":"10","code_insee":"10220"}},{"type":"Feature","id":"batiment.39897951","geometry":{"type":"MultiPolygon","coordinates":[[[[3.79132576,48.51031309],[3.79149989,48.51030456],[3.79149363,48.51023074],[3.79138983,48.51023386],[3.79138997,48.51024321],[3.7913188,48.51024621],[3.79132576,48.51031309]]]]},"geometry_name":"geom","properties":{"gid":39809444,"type":"Bâtiment en dur","code_dep":"10","code_insee":"10220"}},{"type":"Feature","id":"batiment.39897952","geometry":{"type":"MultiPolygon","coordinates":[[[[3.79182254,48.51025086],[3.79172675,48.51025591],[3.79172686,48.51024484],[3.79167206,48.51024727],[3.79168074,48.51034689],[3.79183201,48.51034004],[3.79182254,48.51025086]]]]},"geometry_name":"geom","properties":{"gid":39809445,"type":"Bâtiment en dur","code_dep":"10","code_insee":"10220"}},{"type":"Feature","id":"batiment.39897953","geometry":{"type":"MultiPolygon","coordinates":[[[[3.79197912,48.51034491],[3.79215643,48.5103323],[3.79214784,48.51022917],[3.79197142,48.51023844],[3.79197912,48.51034491]]]]},"geometry_name":"geom","properties":{"gid":39809446,"type":"Bâtiment en dur","code_dep":"10","code_insee":"10220"}},{"type":"Feature","id":"batiment.39897954","geometry":{"type":"MultiPolygon","coordinates":[[[[3.79164497,48.50968114],[3.79174809,48.50967775],[3.79174693,48.50966372],[3.79184921,48.50965899],[3.79184495,48.50957374],[3.79163632,48.50958376],[3.79164497,48.50968114]]]]},"geometry_name":"geom","properties":{"gid":39809447,"type":"Bâtiment en dur","code_dep":"10","code_insee":"10220"}},{"type":"Feature","id":"batiment.39897955","geometry":{"type":"MultiPolygon","coordinates":[[[[3.79146033,48.50949551],[3.79162269,48.50948822],[3.79161455,48.50940632],[3.79144952,48.50941624],[3.79146033,48.50949551]]]]},"geometry_name":"geom","properties":{"gid":39809448,"type":"Bâtiment en dur","code_dep":"10","code_insee":"10220"}},{"type":"Feature","id":"batiment.39897956","geometry":{"type":"MultiPolygon","coordinates":[[[[3.7933326,48.51170143],[3.79334132,48.51174041],[3.79334279,48.51174832],[3.79339543,48.51174599],[3.79338587,48.51169594],[3.7933326,48.51170143]]]]},"geometry_name":"geom","properties":{"gid":39809449,"type":"Bâtiment en dur","code_dep":"10","code_insee":"10220"}},{"type":"Feature","id":"batiment.39897957","geometry":{"type":"MultiPolygon","coordinates":[[[[3.79363932,48.51198132],[3.79362113,48.51187951],[3.7935685,48.51188266],[3.79358466,48.51198394],[3.79363932,48.51198132]]]]},"geometry_name":"geom","properties":{"gid":39809450,"type":"Bâtiment en dur","code_dep":"10","code_insee":"10220"}},{"type":"Feature","id":"batiment.39897958","geometry":{"type":"MultiPolygon","coordinates":[[[[3.79337056,48.51199967],[3.79332914,48.51174112],[3.7932349,48.51174949],[3.79327614,48.51200597],[3.79337056,48.51199967]]]]},"geometry_name":"geom","properties":{"gid":39809451,"type":"Bâtiment en dur","code_dep":"10","code_insee":"10220"}},{"type":"Feature","id":"batiment.39897981","geometry":{"type":"MultiPolygon","coordinates":[[[[3.78351944,48.51232898],[3.7836337,48.5123365],[3.78363836,48.51225883],[3.78352457,48.51225517],[3.78351944,48.51232898]]]]},"geometry_name":"geom","properties":{"gid":39809474,"type":"Bâtiment en dur","code_dep":"10","code_insee":"10220"}},{"type":"Feature","id":"batiment.39897982","geometry":{"type":"MultiPolygon","coordinates":[[[[3.78528279,48.51177864],[3.78541091,48.51178994],[3.78541459,48.51176464],[3.78528836,48.51175332],[3.78528279,48.51177864]]]]},"geometry_name":"geom","properties":{"gid":39809475,"type":"Bâtiment en dur","code_dep":"10","code_insee":"10220"}},{"type":"Feature","id":"batiment.39897983","geometry":{"type":"MultiPolygon","coordinates":[[[[3.78542495,48.51167892],[3.78543425,48.51161256],[3.7853183,48.51160937],[3.78530612,48.51169122],[3.78537926,48.51169281],[3.78538122,48.51167885],[3.78542495,48.51167892]]]]},"geometry_name":"geom","properties":{"gid":39809476,"type":"Bâtiment en dur","code_dep":"10","code_insee":"10220"}},{"type":"Feature","id":"batiment.39897984","geometry":{"type":"MultiPolygon","coordinates":[[[[3.78601514,48.51188598],[3.78601791,48.51187202],[3.78607253,48.51187553],[3.78609461,48.5117856],[3.7860348,48.51177898],[3.78602347,48.51184491],[3.78593373,48.5118383],[3.78592479,48.51187381],[3.78592907,48.51187936],[3.78601514,48.51188598]]]]},"geometry_name":"geom","properties":{"gid":39809477,"type":"Bâtiment en dur","code_dep":"10","code_insee":"10220"}},{"type":"Feature","id":"batiment.39897985","geometry":{"type":"MultiPolygon","coordinates":[[[[3.78580543,48.51170645],[3.78584619,48.51170664],[3.78584945,48.51173441],[3.78586015,48.51176205],[3.78593474,48.5117612],[3.78592854,48.51172696],[3.78597038,48.51167271],[3.78596616,48.5116076],[3.78596157,48.51152757],[3.78585585,48.51152943],[3.78586149,48.51160766],[3.78580966,48.51160945],[3.78580651,48.51167928],[3.78580543,48.51170645]]]]},"geometry_name":"geom","properties":{"gid":39809478,"type":"Bâtiment en dur","code_dep":"10","code_insee":"10220"}},{"type":"Feature","id":"batiment.39897986","geometry":{"type":"MultiPolygon","coordinates":[[[[3.78608754,48.51148571],[3.78603293,48.51146475],[3.78601217,48.51148846],[3.78606561,48.51151275],[3.78608754,48.51148571]]]]},"geometry_name":"geom","properties":{"gid":39809479,"type":"Bâtiment en dur","code_dep":"10","code_insee":"10220"}},{"type":"Feature","id":"batiment.39897987","geometry":{"type":"MultiPolygon","coordinates":[[[[3.78417506,48.51174997],[3.78413906,48.51165134],[3.78410019,48.51155992],[3.78401686,48.51157442],[3.78403762,48.5116225],[3.78405632,48.51166844],[3.78408663,48.51174911],[3.78417506,48.51174997]]]]},"geometry_name":"geom","properties":{"gid":39809480,"type":"Bâtiment en dur","code_dep":"10","code_insee":"10220"}},{"type":"Feature","id":"batiment.39897988","geometry":{"type":"MultiPolygon","coordinates":[[[[3.78469452,48.51175455],[3.78479759,48.51174739],[3.78494357,48.51171269],[3.78493457,48.51169908],[3.78469267,48.51173918],[3.78469452,48.51175455]]]]},"geometry_name":"geom","properties":{"gid":39809481,"type":"Bâtiment en dur","code_dep":"10","code_insee":"10220"}},{"type":"Feature","id":"batiment.39897989","geometry":{"type":"MultiPolygon","coordinates":[[[[3.78501102,48.51167779],[3.78532808,48.51151223],[3.78527613,48.51146966],[3.78503527,48.5115972],[3.78506392,48.51162103],[3.78499155,48.51166172],[3.78501102,48.51167779]]]]},"geometry_name":"geom","properties":{"gid":39809482,"type":"Bâtiment en dur","code_dep":"10","code_insee":"10220"}},{"type":"Feature","id":"batiment.39897990","geometry":{"type":"MultiPolygon","coordinates":[[[[3.78459161,48.51129219],[3.78459629,48.5113339],[3.78467993,48.51132183],[3.78467058,48.51128555],[3.78459161,48.51129219]]]]},"geometry_name":"geom","properties":{"gid":39809483,"type":"Bâtiment en dur","code_dep":"10","code_insee":"10220"}},{"type":"Feature","id":"batiment.39898015","geometry":{"type":"MultiPolygon","coordinates":[[[[3.78559219,48.51115585],[3.78552126,48.5111664],[3.78552164,48.51115542],[3.78552339,48.51110935],[3.78540418,48.51110555],[3.78522494,48.51109818],[3.78522815,48.51115871],[3.78523135,48.5112097],[3.78515422,48.51122217],[3.78512438,48.51122732],[3.78511303,48.51122928],[3.78507464,48.51123331],[3.7850968,48.51130244],[3.78527878,48.51127551],[3.78551986,48.51123541],[3.78553609,48.51128847],[3.78562808,48.51127419],[3.78559219,48.51115585]]]]},"geometry_name":"geom","properties":{"gid":39809508,"type":"Bâtiment en dur","code_dep":"10","code_insee":"10220"}},{"type":"Feature","id":"batiment.39898016","geometry":{"type":"MultiPolygon","coordinates":[[[[3.78569673,48.51142811],[3.78585408,48.51139297],[3.78578456,48.51127117],[3.78563467,48.51131625],[3.78569673,48.51142811]]]]},"geometry_name":"geom","properties":{"gid":39809509,"type":"Bâtiment en dur","code_dep":"10","code_insee":"10220"}},{"type":"Feature","id":"batiment.39898017","geometry":{"type":"MultiPolygon","coordinates":[[[[3.78511954,48.5110942],[3.78509554,48.51099225],[3.78505282,48.5109964],[3.78507901,48.51110005],[3.78511954,48.5110942]]]]},"geometry_name":"geom","properties":{"gid":39809510,"type":"Bâtiment en dur","code_dep":"10","code_insee":"10220"}},{"type":"Feature","id":"batiment.39898018","geometry":{"type":"MultiPolygon","coordinates":[[[[3.78650256,48.51134271],[3.78659192,48.51135112],[3.78659096,48.51135967],[3.78660817,48.51136063],[3.78660995,48.5113528],[3.78667746,48.51135802],[3.78667455,48.51136298],[3.786673,48.51136794],[3.78667388,48.51137234],[3.78667611,48.51137674],[3.78668173,48.51138129],[3.78669004,48.51138438],[3.78669154,48.51139427],[3.78671401,48.51139412],[3.78671388,48.5114033],[3.78673433,48.5114037],[3.78673501,48.51139506],[3.78681249,48.51139662],[3.7868129,48.51140633],[3.78683172,48.51140621],[3.78683266,48.51139684],[3.78689064,48.5113988],[3.78689106,48.51140842],[3.78690853,48.51140867],[3.78690891,48.51139832],[3.78697502,48.51140013],[3.78698545,48.51140996],[3.78699926,48.5114095],[3.78700125,48.51139789],[3.78704477,48.51139247],[3.78704825,48.51136258],[3.78706994,48.51133761],[3.78708436,48.51134219],[3.78709221,48.51133269],[3.78707832,48.51132765],[3.78708062,48.51130065],[3.7871057,48.51129329],[3.78709834,48.51128137],[3.78707839,48.51128717],[3.78705799,48.5112721],[3.78706571,48.51126314],[3.78704882,48.51125651],[3.7870388,48.5112653],[3.78700776,48.51126353],[3.78700995,48.51121979],[3.78702262,48.51120666],[3.7870094,48.51120126],[3.78699321,48.51121424],[3.78694145,48.51121134],[3.78694196,48.51120045],[3.78692354,48.51119967],[3.78692248,48.51121057],[3.78685975,48.51120792],[3.7868593,48.51119551],[3.78684115,48.51119545],[3.78683662,48.51120016],[3.78682674,48.51120049],[3.78682233,48.51120457],[3.78680229,48.51120425],[3.78680244,48.51119598],[3.78678483,48.51119537],[3.78678468,48.51120365],[3.78676206,48.51120344],[3.78676272,48.51119273],[3.78674213,48.5111926],[3.78674145,48.51120088],[3.78673088,48.51120077],[3.78673051,48.51121229],[3.78673783,48.51121242],[3.78673875,48.51121988],[3.7865253,48.51120654],[3.78651914,48.51123833],[3.78650058,48.51123774],[3.78649918,48.5112525],[3.78651639,48.51125374],[3.78650894,48.51129823],[3.78649092,48.51129736],[3.7864891,48.51131203],[3.78650673,48.51131327],[3.78650256,48.51134271]]]]},"geometry_name":"geom","properties":{"gid":39809511,"type":"Bâtiment en dur","code_dep":"10","code_insee":"10220"}},{"type":"Feature","id":"batiment.39898019","geometry":{"type":"MultiPolygon","coordinates":[[[[3.78599063,48.51276193],[3.785968,48.51290575],[3.78630836,48.51292986],[3.78632274,48.51285914],[3.78652805,48.51287119],[3.7865386,48.51279825],[3.78635441,48.51278642],[3.78610799,48.51276898],[3.78611307,48.5127282],[3.78603013,48.51272335],[3.78602341,48.51276325],[3.78599063,48.51276193]]]]},"geometry_name":"geom","properties":{"gid":39809512,"type":"Bâtiment en dur","code_dep":"10","code_insee":"10220"}},{"type":"Feature","id":"batiment.39898020","geometry":{"type":"MultiPolygon","coordinates":[[[[3.78658513,48.51178352],[3.78665938,48.51177799],[3.78665325,48.51160405],[3.78659888,48.51160791],[3.78660173,48.51168985],[3.78658049,48.51169062],[3.78658513,48.51178352]]]]},"geometry_name":"geom","properties":{"gid":39809549,"type":"Bâtiment en dur","code_dep":"10","code_insee":"10220"}},{"type":"Feature","id":"batiment.39898021","geometry":{"type":"MultiPolygon","coordinates":[[[[3.78610935,48.51251627],[3.78620424,48.51253255],[3.786185,48.51258594],[3.78635474,48.51260974],[3.78638456,48.51253001],[3.78634695,48.5125236],[3.7863367,48.51254427],[3.78621363,48.51252682],[3.78623773,48.51246369],[3.78619403,48.51245642],[3.78619594,48.51244849],[3.78613474,48.5124399],[3.78610935,48.51251627]]]]},"geometry_name":"geom","properties":{"gid":39809513,"type":"Bâtiment en dur","code_dep":"10","code_insee":"10220"}},{"type":"Feature","id":"batiment.39898022","geometry":{"type":"MultiPolygon","coordinates":[[[[3.7862794,48.51241627],[3.78627923,48.51244983],[3.78640493,48.51245296],[3.78640392,48.51242184],[3.7862794,48.51241627]]]]},"geometry_name":"geom","properties":{"gid":39809514,"type":"Bâtiment en dur","code_dep":"10","code_insee":"10220"}},{"type":"Feature","id":"batiment.39898023","geometry":{"type":"MultiPolygon","coordinates":[[[[3.78608488,48.51238311],[3.78607565,48.51240863],[3.78627073,48.5124157],[3.78627441,48.51239013],[3.78608488,48.51238311]]]]},"geometry_name":"geom","properties":{"gid":39809515,"type":"Bâtiment en dur","code_dep":"10","code_insee":"10220"}},{"type":"Feature","id":"batiment.39898024","geometry":{"type":"MultiPolygon","coordinates":[[[[3.78618986,48.51234121],[3.78625515,48.51235202],[3.78628937,48.51226795],[3.78622056,48.51225707],[3.78618986,48.51234121]]]]},"geometry_name":"geom","properties":{"gid":39809516,"type":"Bâtiment en dur","code_dep":"10","code_insee":"10220"}},{"type":"Feature","id":"batiment.39898025","geometry":{"type":"MultiPolygon","coordinates":[[[[3.78663015,48.51270939],[3.78675688,48.51271746],[3.78677312,48.5125995],[3.78678035,48.51254035],[3.78666515,48.51253265],[3.78666071,48.51258009],[3.78664637,48.51258046],[3.78663015,48.51270939]]]]},"geometry_name":"geom","properties":{"gid":39809517,"type":"Bâtiment en dur","code_dep":"10","code_insee":"10220"}},{"type":"Feature","id":"batiment.39898050","geometry":{"type":"MultiPolygon","coordinates":[[[[3.78625239,48.51217679],[3.78635305,48.51218053],[3.78636792,48.51209785],[3.78626769,48.51209546],[3.78625239,48.51217679]]]]},"geometry_name":"geom","properties":{"gid":39809542,"type":"Bâtiment en dur","code_dep":"10","code_insee":"10220"}},{"type":"Feature","id":"batiment.39898051","geometry":{"type":"MultiPolygon","coordinates":[[[[3.78770294,48.51231239],[3.78770161,48.51227812],[3.78772313,48.51227735],[3.78772554,48.51231134],[3.78775585,48.51231051],[3.78775483,48.51227831],[3.78781179,48.51227559],[3.78781205,48.51226569],[3.78788014,48.51226461],[3.78787607,48.51220103],[3.7878046,48.5122025],[3.78780484,48.51219143],[3.78762045,48.51219292],[3.78762184,48.51220434],[3.78754686,48.51220682],[3.78755395,48.51226425],[3.78762585,48.51226441],[3.78762787,48.51228158],[3.78767133,48.51228147],[3.78767396,48.51231231],[3.78770294,48.51231239]]]]},"geometry_name":"geom","properties":{"gid":39809543,"type":"Bâtiment en dur","code_dep":"10","code_insee":"10220"}},{"type":"Feature","id":"batiment.39898052","geometry":{"type":"MultiPolygon","coordinates":[[[[3.78751474,48.51221342],[3.78753111,48.51221295],[3.78753461,48.51218459],[3.78757023,48.51218498],[3.7875841,48.51202673],[3.78752994,48.51202655],[3.78751481,48.51218211],[3.78751474,48.51221342]]]]},"geometry_name":"geom","properties":{"gid":39809544,"type":"Bâtiment en dur","code_dep":"10","code_insee":"10220"}},{"type":"Feature","id":"batiment.39898053","geometry":{"type":"MultiPolygon","coordinates":[[[[3.7870575,48.51187126],[3.7872962,48.51187085],[3.78729717,48.51179113],[3.78721283,48.51179142],[3.78719035,48.51179175],[3.78719056,48.51177861],[3.78709782,48.51177878],[3.78709828,48.51179146],[3.7870578,48.51179173],[3.7870575,48.51187126]]]]},"geometry_name":"geom","properties":{"gid":39809545,"type":"Bâtiment en dur","code_dep":"10","code_insee":"10220"}},{"type":"Feature","id":"batiment.39898054","geometry":{"type":"MultiPolygon","coordinates":[[[[3.78683278,48.51167537],[3.78687445,48.51179933],[3.78701215,48.51178169],[3.78699814,48.51173212],[3.78698025,48.51173089],[3.78698775,48.51169827],[3.7869765,48.51166155],[3.78696331,48.51161243],[3.78681886,48.51163192],[3.78683278,48.51167537]]]]},"geometry_name":"geom","properties":{"gid":39809546,"type":"Bâtiment en dur","code_dep":"10","code_insee":"10220"}},{"type":"Feature","id":"batiment.39898055","geometry":{"type":"MultiPolygon","coordinates":[[[[3.7866745,48.51170232],[3.78674678,48.51170095],[3.7867468,48.5116574],[3.78667207,48.51165826],[3.78667489,48.5116927],[3.7866745,48.51170232]]]]},"geometry_name":"geom","properties":{"gid":39809547,"type":"Bâtiment en dur","code_dep":"10","code_insee":"10220"}},{"type":"Feature","id":"batiment.39898056","geometry":{"type":"MultiPolygon","coordinates":[[[[3.78639343,48.51161359],[3.78639018,48.51166741],[3.78640499,48.51167118],[3.78640588,48.51172173],[3.78653176,48.51171865],[3.78652771,48.51166542],[3.78654164,48.51166425],[3.78654247,48.51161099],[3.78639343,48.51161359]]]]},"geometry_name":"geom","properties":{"gid":39809548,"type":"Bâtiment en dur","code_dep":"10","code_insee":"10220"}},{"type":"Feature","id":"batiment.39898057","geometry":{"type":"MultiPolygon","coordinates":[[[[3.78668501,48.51151873],[3.78671839,48.5116136],[3.78685599,48.51158903],[3.78685312,48.51156035],[3.78682848,48.51149727],[3.78668501,48.51151873]]]]},"geometry_name":"geom","properties":{"gid":39809550,"type":"Bâtiment en dur","code_dep":"10","code_insee":"10220"}},{"type":"Feature","id":"batiment.39898058","geometry":{"type":"MultiPolygon","coordinates":[[[[3.78724905,48.51157077],[3.78724832,48.51154901],[3.78724745,48.51153624],[3.78722106,48.51153713],[3.78718605,48.51151388],[3.78718254,48.51149645],[3.78734326,48.51147866],[3.78733286,48.51142592],[3.78733032,48.51141019],[3.78716631,48.51142576],[3.78709453,48.51144261],[3.78709734,48.51145824],[3.78711072,48.51151942],[3.7871137,48.51153766],[3.78714505,48.51153386],[3.78715376,48.51158157],[3.78724905,48.51157077]]]]},"geometry_name":"geom","properties":{"gid":39809551,"type":"Bâtiment en dur","code_dep":"10","code_insee":"10220"}},{"type":"Feature","id":"batiment.39898083","geometry":{"type":"MultiPolygon","coordinates":[[[[3.78739854,48.51149943],[3.78754591,48.51149369],[3.78754269,48.51142363],[3.78739276,48.51142975],[3.78739854,48.51149943]]]]},"geometry_name":"geom","properties":{"gid":39809576,"type":"Bâtiment en dur","code_dep":"10","code_insee":"10220"}},{"type":"Feature","id":"batiment.39898084","geometry":{"type":"MultiPolygon","coordinates":[[[[3.78737484,48.51151677],[3.78737558,48.51155734],[3.7874811,48.51155988],[3.78756682,48.51156084],[3.78756514,48.51159315],[3.78760645,48.51159404],[3.78759984,48.51153264],[3.78740035,48.51152938],[3.78739933,48.51151571],[3.78737484,48.51151677]]]]},"geometry_name":"geom","properties":{"gid":39809577,"type":"Bâtiment en dur","code_dep":"10","code_insee":"10220"}},{"type":"Feature","id":"batiment.39898085","geometry":{"type":"MultiPolygon","coordinates":[[[[3.78766871,48.51149314],[3.78775599,48.51148978],[3.78776142,48.51153616],[3.78784357,48.51153382],[3.78783282,48.5113948],[3.78766284,48.51140034],[3.78766871,48.51149314]]]]},"geometry_name":"geom","properties":{"gid":39809578,"type":"Bâtiment en dur","code_dep":"10","code_insee":"10220"}},{"type":"Feature","id":"batiment.39898086","geometry":{"type":"MultiPolygon","coordinates":[[[[3.78797612,48.51138882],[3.78797873,48.51156252],[3.78805159,48.51156347],[3.78805261,48.51138831],[3.78797612,48.51138882]]]]},"geometry_name":"geom","properties":{"gid":39809579,"type":"Bâtiment en dur","code_dep":"10","code_insee":"10220"}},{"type":"Feature","id":"batiment.39898087","geometry":{"type":"MultiPolygon","coordinates":[[[[3.78222366,48.51147585],[3.7823161,48.51148226],[3.78231988,48.511418],[3.78228611,48.51141417],[3.78229239,48.51135395],[3.78222828,48.5113496],[3.78222366,48.51147585]]]]},"geometry_name":"geom","properties":{"gid":39809580,"type":"Bâtiment en dur","code_dep":"10","code_insee":"10220"}},{"type":"Feature","id":"batiment.39898088","geometry":{"type":"MultiPolygon","coordinates":[[[[3.78235116,48.51161778],[3.78247024,48.51162222],[3.78247735,48.51153634],[3.7823553,48.51153202],[3.78235116,48.51161778]]]]},"geometry_name":"geom","properties":{"gid":39809581,"type":"Bâtiment en dur","code_dep":"10","code_insee":"10220"}},{"type":"Feature","id":"batiment.39898089","geometry":{"type":"MultiPolygon","coordinates":[[[[3.78223913,48.51162329],[3.78231598,48.51162836],[3.78231362,48.51160669],[3.78223884,48.51160359],[3.78223913,48.51162329]]]]},"geometry_name":"geom","properties":{"gid":39809582,"type":"Bâtiment en dur","code_dep":"10","code_insee":"10220"}},{"type":"Feature","id":"batiment.39898090","geometry":{"type":"MultiPolygon","coordinates":[[[[3.78257629,48.51164257],[3.7826947,48.51164755],[3.78270529,48.51155832],[3.78258743,48.51155424],[3.78257629,48.51164257]]]]},"geometry_name":"geom","properties":{"gid":39809583,"type":"Bâtiment en dur","code_dep":"10","code_insee":"10220"}},{"type":"Feature","id":"batiment.39898091","geometry":{"type":"MultiPolygon","coordinates":[[[[3.78272406,48.51144647],[3.782725,48.51140031],[3.78272172,48.51134374],[3.78239373,48.51134932],[3.78239755,48.51145105],[3.78258735,48.51144926],[3.78272406,48.51144647]]]]},"geometry_name":"geom","properties":{"gid":39809584,"type":"Bâtiment en dur","code_dep":"10","code_insee":"10220"}},{"type":"Feature","id":"batiment.39898092","geometry":{"type":"MultiPolygon","coordinates":[[[[3.78275803,48.51165424],[3.78283983,48.51166422],[3.78286396,48.51156627],[3.78277405,48.51155733],[3.7827595,48.51160745],[3.78277118,48.51160962],[3.78275803,48.51165424]]]]},"geometry_name":"geom","properties":{"gid":39809585,"type":"Bâtiment en dur","code_dep":"10","code_insee":"10220"}},{"type":"Feature","id":"batiment.39898212","geometry":{"type":"MultiPolygon","coordinates":[[[[3.78281304,48.51140216],[3.78281145,48.51149582],[3.78289473,48.51149626],[3.78289385,48.51140109],[3.78281304,48.51140216]]]]},"geometry_name":"geom","properties":{"gid":39809707,"type":"Bâtiment en dur","code_dep":"10","code_insee":"10220"}},{"type":"Feature","id":"batiment.39898213","geometry":{"type":"MultiPolygon","coordinates":[[[[3.78357047,48.51162999],[3.78368436,48.51166711],[3.78377797,48.51154406],[3.78365976,48.51150687],[3.78357047,48.51162999]]]]},"geometry_name":"geom","properties":{"gid":39809708,"type":"Bâtiment en dur","code_dep":"10","code_insee":"10220"}},{"type":"Feature","id":"batiment.39898214","geometry":{"type":"MultiPolygon","coordinates":[[[[3.78349491,48.51168393],[3.78347988,48.51174709],[3.78353478,48.51175114],[3.78354874,48.51168915],[3.78349491,48.51168393]]]]},"geometry_name":"geom","properties":{"gid":39809709,"type":"Bâtiment en dur","code_dep":"10","code_insee":"10220"}},{"type":"Feature","id":"batiment.39898215","geometry":{"type":"MultiPolygon","coordinates":[[[[3.78450078,48.51094085],[3.78452897,48.51106896],[3.78449576,48.51107556],[3.78450186,48.51109414],[3.78453361,48.51108971],[3.78453436,48.51109438],[3.78458356,48.51108893],[3.78458089,48.51107347],[3.78463243,48.51106998],[3.78459805,48.51096252],[3.78458808,48.51092957],[3.78450078,48.51094085]]]]},"geometry_name":"geom","properties":{"gid":39809710,"type":"Bâtiment en dur","code_dep":"10","code_insee":"10220"}},{"type":"Feature","id":"batiment.39898216","geometry":{"type":"MultiPolygon","coordinates":[[[[3.78457306,48.51073094],[3.7846302,48.51072184],[3.78463681,48.51072063],[3.78462654,48.51068525],[3.78464543,48.51068135],[3.7846167,48.51058878],[3.78449643,48.51060442],[3.78452707,48.51069769],[3.78455882,48.51069289],[3.78457306,48.51073094]]]]},"geometry_name":"geom","properties":{"gid":39809711,"type":"Bâtiment en dur","code_dep":"10","code_insee":"10220"}},{"type":"Feature","id":"batiment.39898217","geometry":{"type":"MultiPolygon","coordinates":[[[[3.78451445,48.51074114],[3.78453308,48.51073769],[3.78452935,48.51072359],[3.78450773,48.51072652],[3.78451445,48.51074114]]]]},"geometry_name":"geom","properties":{"gid":39809712,"type":"Bâtiment en dur","code_dep":"10","code_insee":"10220"}},{"type":"Feature","id":"batiment.39898218","geometry":{"type":"MultiPolygon","coordinates":[[[[3.78501606,48.51082896],[3.78490442,48.51084265],[3.78491135,48.51087148],[3.78483973,48.51088077],[3.78484546,48.5109106],[3.784921,48.51090057],[3.78493589,48.51096389],[3.78505006,48.5109482],[3.78503192,48.51088463],[3.78501606,48.51082896]]]]},"geometry_name":"geom","properties":{"gid":39809713,"type":"Bâtiment en dur","code_dep":"10","code_insee":"10220"}},{"type":"Feature","id":"batiment.39898219","geometry":{"type":"MultiPolygon","coordinates":[[[[3.78500949,48.51077034],[3.78499553,48.51073283],[3.78490875,48.51075203],[3.7849213,48.51078523],[3.78500949,48.51077034]]]]},"geometry_name":"geom","properties":{"gid":39809714,"type":"Bâtiment en dur","code_dep":"10","code_insee":"10220"}},{"type":"Feature","id":"batiment.39898220","geometry":{"type":"MultiPolygon","coordinates":[[[[3.78483399,48.51068685],[3.78483157,48.5107063],[3.78487424,48.51070763],[3.7848872,48.5107501],[3.78499553,48.51073283],[3.78498613,48.51071103],[3.78500213,48.51071273],[3.78500325,48.51068825],[3.78483399,48.51068685]]]]},"geometry_name":"geom","properties":{"gid":39809715,"type":"Bâtiment en dur","code_dep":"10","code_insee":"10220"}},{"type":"Feature","id":"batiment.39898221","geometry":{"type":"MultiPolygon","coordinates":[[[[3.78523213,48.51090913],[3.78545452,48.51096775],[3.785548,48.51081761],[3.78563137,48.51084252],[3.78566912,48.51075933],[3.78552608,48.51071952],[3.7855276,48.51069441],[3.78554319,48.5106953],[3.78554626,48.51065641],[3.78552797,48.51065554],[3.78552975,48.51063889],[3.78553379,48.51060099],[3.78548528,48.51059906],[3.78548802,48.51058258],[3.78541539,48.51057928],[3.78539636,48.51070077],[3.78537644,48.51069937],[3.78536528,48.51075909],[3.78544025,48.5107836],[3.78541128,48.51082922],[3.78536604,48.51081891],[3.78535158,48.51082062],[3.78533975,48.51084418],[3.78528112,48.51083494],[3.78523213,48.51090913]]]]},"geometry_name":"geom","properties":{"gid":39809716,"type":"Bâtiment en dur","code_dep":"10","code_insee":"10220"}},{"type":"Feature","id":"batiment.39898250","geometry":{"type":"MultiPolygon","coordinates":[[[[3.78493921,48.51051648],[3.78493559,48.51057291],[3.78502275,48.51057945],[3.78502084,48.51059664],[3.78513239,48.51060436],[3.78512829,48.51063803],[3.78518818,48.51064142],[3.78521428,48.51050351],[3.78503333,48.51049031],[3.78502997,48.5105193],[3.78493921,48.51051648]]]]},"geometry_name":"geom","properties":{"gid":39809745,"type":"Bâtiment en dur","code_dep":"10","code_insee":"10220"}},{"type":"Feature","id":"batiment.39898251","geometry":{"type":"MultiPolygon","coordinates":[[[[3.78497145,48.51040894],[3.78501237,48.51041065],[3.78501689,48.51037779],[3.78497488,48.51037555],[3.78497145,48.51040894]]]]},"geometry_name":"geom","properties":{"gid":39809746,"type":"Bâtiment en dur","code_dep":"10","code_insee":"10220"}},{"type":"Feature","id":"batiment.39898252","geometry":{"type":"MultiPolygon","coordinates":[[[[3.78554591,48.5105158],[3.78574173,48.51052674],[3.78575314,48.51046612],[3.78567089,48.51046199],[3.78567235,48.51045118],[3.78555679,48.51044637],[3.78554591,48.5105158]]]]},"geometry_name":"geom","properties":{"gid":39809747,"type":"Bâtiment en dur","code_dep":"10","code_insee":"10220"}},{"type":"Feature","id":"batiment.39898253","geometry":{"type":"MultiPolygon","coordinates":[[[[3.78544901,48.51031061],[3.7854445,48.51037091],[3.78556149,48.51036267],[3.78556326,48.51031786],[3.78562393,48.51031872],[3.7856303,48.51040927],[3.78575601,48.51040502],[3.78575514,48.51029248],[3.78557182,48.51029261],[3.78545321,48.51029232],[3.78544901,48.51031061]]]]},"geometry_name":"geom","properties":{"gid":39809748,"type":"Bâtiment en dur","code_dep":"10","code_insee":"10220"}},{"type":"Feature","id":"batiment.39898254","geometry":{"type":"MultiPolygon","coordinates":[[[[3.78543096,48.51012684],[3.78542903,48.51017877],[3.78547533,48.51017819],[3.78547645,48.51012663],[3.78543096,48.51012684]]]]},"geometry_name":"geom","properties":{"gid":39809749,"type":"Bâtiment en dur","code_dep":"10","code_insee":"10220"}},{"type":"Feature","id":"batiment.39898255","geometry":{"type":"MultiPolygon","coordinates":[[[[3.78557037,48.51026851],[3.78567549,48.51026278],[3.7856744,48.51024444],[3.78568753,48.5102439],[3.78567865,48.51016659],[3.78574356,48.51016121],[3.78574026,48.51013038],[3.78567588,48.5101353],[3.78566972,48.51008568],[3.78555873,48.51008794],[3.78556176,48.51014523],[3.78556292,48.51017788],[3.78557037,48.51026851]]]]},"geometry_name":"geom","properties":{"gid":39809750,"type":"Bâtiment en dur","code_dep":"10","code_insee":"10220"}},{"type":"Feature","id":"batiment.39898256","geometry":{"type":"MultiPolygon","coordinates":[[[[3.78553819,48.51004535],[3.78564718,48.51003563],[3.78563077,48.50995261],[3.78552248,48.50996368],[3.78553819,48.51004535]]]]},"geometry_name":"geom","properties":{"gid":39809751,"type":"Bâtiment en dur","code_dep":"10","code_insee":"10220"}},{"type":"Feature","id":"batiment.39898257","geometry":{"type":"MultiPolygon","coordinates":[[[[3.78552232,48.5099348],[3.78564093,48.50992583],[3.78562009,48.50980038],[3.78550463,48.50981095],[3.7855124,48.50985966],[3.78548953,48.5098608],[3.78549636,48.50990105],[3.78551652,48.50989993],[3.78552232,48.5099348]]]]},"geometry_name":"geom","properties":{"gid":39809752,"type":"Bâtiment en dur","code_dep":"10","code_insee":"10220"}},{"type":"Feature","id":"batiment.39898258","geometry":{"type":"MultiPolygon","coordinates":[[[[3.78521832,48.50962446],[3.78517976,48.50962615],[3.78518783,48.50974971],[3.78537852,48.50974404],[3.78537859,48.50974872],[3.78543191,48.50974728],[3.78551501,48.50974494],[3.78551426,48.50972209],[3.78537621,48.5097257],[3.78537216,48.50969874],[3.78531072,48.50970085],[3.78530223,48.50962237],[3.78521832,48.50962446]]]]},"geometry_name":"geom","properties":{"gid":39809753,"type":"Bâtiment en dur","code_dep":"10","code_insee":"10220"}},{"type":"Feature","id":"batiment.39898259","geometry":{"type":"MultiPolygon","coordinates":[[[[3.78558433,48.50973539],[3.78570073,48.50973327],[3.78569576,48.50967267],[3.78566842,48.50967303],[3.78566941,48.50970334],[3.78561867,48.50970503],[3.78561722,48.50969883],[3.78558285,48.50969996],[3.78558433,48.50973539]]]]},"geometry_name":"geom","properties":{"gid":39809754,"type":"Bâtiment en dur","code_dep":"10","code_insee":"10220"}},{"type":"Feature","id":"batiment.39898286","geometry":{"type":"MultiPolygon","coordinates":[[[[3.78569305,48.50963634],[3.78568114,48.50949185],[3.785555,48.5094952],[3.78555765,48.50954539],[3.78559448,48.50954559],[3.78559574,48.50958445],[3.78560007,48.50963822],[3.78569305,48.50963634]]]]},"geometry_name":"geom","properties":{"gid":39809780,"type":"Bâtiment en dur","code_dep":"10","code_insee":"10220"}},{"type":"Feature","id":"batiment.39898287","geometry":{"type":"MultiPolygon","coordinates":[[[[3.78521902,48.50938209],[3.7852642,48.50937927],[3.78526193,48.50934519],[3.78521417,48.5093474],[3.78521902,48.50938209]]]]},"geometry_name":"geom","properties":{"gid":39809781,"type":"Bâtiment en dur","code_dep":"10","code_insee":"10220"}},{"type":"Feature","id":"batiment.39898288","geometry":{"type":"MultiPolygon","coordinates":[[[[3.78533185,48.5093943],[3.78550979,48.50938719],[3.78550397,48.50929699],[3.78532538,48.50930555],[3.78533185,48.5093943]]]]},"geometry_name":"geom","properties":{"gid":39809782,"type":"Bâtiment en dur","code_dep":"10","code_insee":"10220"}},{"type":"Feature","id":"batiment.39898289","geometry":{"type":"MultiPolygon","coordinates":[[[[3.78520844,48.50928095],[3.78524254,48.50927938],[3.78538851,48.50927167],[3.78538626,48.50924838],[3.78537017,48.5092493],[3.78536819,48.50923456],[3.78520228,48.50924006],[3.78520844,48.50928095]]]]},"geometry_name":"geom","properties":{"gid":39809783,"type":"Bâtiment en dur","code_dep":"10","code_insee":"10220"}},{"type":"Feature","id":"batiment.39898290","geometry":{"type":"MultiPolygon","coordinates":[[[[3.78548414,48.50923829],[3.78560431,48.50923435],[3.7855944,48.50912457],[3.78549805,48.50912727],[3.78549916,48.50913806],[3.78547493,48.50913858],[3.78548414,48.50923829]]]]},"geometry_name":"geom","properties":{"gid":39809784,"type":"Bâtiment en dur","code_dep":"10","code_insee":"10220"}},{"type":"Feature","id":"batiment.39898291","geometry":{"type":"MultiPolygon","coordinates":[[[[3.78527183,48.50911959],[3.78527474,48.50916932],[3.78535903,48.50916544],[3.78535476,48.50911571],[3.78527183,48.50911959]]]]},"geometry_name":"geom","properties":{"gid":39809785,"type":"Bâtiment en dur","code_dep":"10","code_insee":"10220"}},{"type":"Feature","id":"batiment.39898292","geometry":{"type":"MultiPolygon","coordinates":[[[[3.78475118,48.50904305],[3.78490293,48.50903225],[3.78489017,48.50894848],[3.78484809,48.50895038],[3.78484857,48.50895578],[3.78473822,48.50896406],[3.78474852,48.50902805],[3.78475118,48.50904305]]]]},"geometry_name":"geom","properties":{"gid":39809786,"type":"Bâtiment en dur","code_dep":"10","code_insee":"10220"}},{"type":"Feature","id":"batiment.39898293","geometry":{"type":"MultiPolygon","coordinates":[[[[3.78495607,48.5090094],[3.78496794,48.50908813],[3.78512024,48.50907813],[3.78510721,48.50899464],[3.78506623,48.50899725],[3.78506603,48.50900184],[3.78495607,48.5090094]]]]},"geometry_name":"geom","properties":{"gid":39809787,"type":"Bâtiment en dur","code_dep":"10","code_insee":"10220"}},{"type":"Feature","id":"batiment.39898294","geometry":{"type":"MultiPolygon","coordinates":[[[[3.78516442,48.50883665],[3.78514088,48.50883797],[3.78516751,48.50899766],[3.78518839,48.50911717],[3.78524087,48.50911386],[3.78522242,48.50893981],[3.78528787,48.50893452],[3.78527828,48.50885443],[3.78516941,48.50886243],[3.78516442,48.50883665]]]]},"geometry_name":"geom","properties":{"gid":39809788,"type":"Bâtiment en dur","code_dep":"10","code_insee":"10220"}},{"type":"Feature","id":"batiment.39898295","geometry":{"type":"MultiPolygon","coordinates":[[[[3.78528686,48.50911086],[3.78533691,48.50910801],[3.78533234,48.50905559],[3.7852816,48.50905826],[3.78528686,48.50911086]]]]},"geometry_name":"geom","properties":{"gid":39809789,"type":"Bâtiment en dur","code_dep":"10","code_insee":"10220"}},{"type":"Feature","id":"batiment.39898319","geometry":{"type":"MultiPolygon","coordinates":[[[[3.78534514,48.50900683],[3.78536077,48.50910992],[3.78539513,48.50910834],[3.78548673,48.50910369],[3.78547627,48.50900192],[3.78534514,48.50900683]]]]},"geometry_name":"geom","properties":{"gid":39809814,"type":"Bâtiment en dur","code_dep":"10","code_insee":"10220"}},{"type":"Feature","id":"batiment.39898320","geometry":{"type":"MultiPolygon","coordinates":[[[[3.78547408,48.50891044],[3.78551469,48.50890936],[3.78551644,48.50893607],[3.78561387,48.50893291],[3.78560419,48.50882897],[3.7855111,48.50883274],[3.78551278,48.50886349],[3.78546964,48.50886666],[3.78547408,48.50891044]]]]},"geometry_name":"geom","properties":{"gid":39809815,"type":"Bâtiment en dur","code_dep":"10","code_insee":"10220"}},{"type":"Feature","id":"batiment.39898321","geometry":{"type":"MultiPolygon","coordinates":[[[[3.79149163,48.51161528],[3.79148477,48.51163566],[3.7915436,48.51172118],[3.79153133,48.51172486],[3.79155338,48.51175008],[3.79163769,48.51172946],[3.79163476,48.51172345],[3.79165608,48.51171845],[3.79164721,48.51170484],[3.79167836,48.51169644],[3.79160612,48.51159329],[3.79149163,48.51161528]]]]},"geometry_name":"geom","properties":{"gid":39809816,"type":"Bâtiment en dur","code_dep":"10","code_insee":"10220"}},{"type":"Feature","id":"batiment.39898322","geometry":{"type":"MultiPolygon","coordinates":[[[[3.79173978,48.51166617],[3.79176964,48.51176115],[3.79179804,48.5117588],[3.7918225,48.51183628],[3.79195366,48.51181534],[3.7918916,48.51164212],[3.79173978,48.51166617]]]]},"geometry_name":"geom","properties":{"gid":39809817,"type":"Bâtiment en dur","code_dep":"10","code_insee":"10220"}},{"type":"Feature","id":"batiment.39898323","geometry":{"type":"MultiPolygon","coordinates":[[[[3.79214798,48.51167352],[3.79216597,48.51171703],[3.79221052,48.51170864],[3.79219199,48.51166495],[3.79214798,48.51167352]]]]},"geometry_name":"geom","properties":{"gid":39809818,"type":"Bâtiment en dur","code_dep":"10","code_insee":"10220"}},{"type":"Feature","id":"batiment.39898324","geometry":{"type":"MultiPolygon","coordinates":[[[[3.79216597,48.51171703],[3.79204148,48.51174],[3.79207754,48.51182396],[3.79204014,48.51183078],[3.79208729,48.51195839],[3.79225475,48.51192983],[3.7922002,48.51179615],[3.79216597,48.51171703]]]]},"geometry_name":"geom","properties":{"gid":39809819,"type":"Bâtiment en dur","code_dep":"10","code_insee":"10220"}},{"type":"Feature","id":"batiment.39898325","geometry":{"type":"MultiPolygon","coordinates":[[[[3.79252589,48.51169205],[3.79254469,48.51173565],[3.79255914,48.5117692],[3.79266163,48.51175079],[3.7928154,48.51172071],[3.79278024,48.51164304],[3.79252589,48.51169205]]]]},"geometry_name":"geom","properties":{"gid":39809820,"type":"Bâtiment en dur","code_dep":"10","code_insee":"10220"}},{"type":"Feature","id":"batiment.39898326","geometry":{"type":"MultiPolygon","coordinates":[[[[3.79275698,48.5120124],[3.79278221,48.51210462],[3.79282789,48.51209928],[3.79280224,48.51200589],[3.79275698,48.5120124]]]]},"geometry_name":"geom","properties":{"gid":39809821,"type":"Bâtiment en dur","code_dep":"10","code_insee":"10220"}},{"type":"Feature","id":"batiment.39898327","geometry":{"type":"MultiPolygon","coordinates":[[[[3.79258847,48.5121598],[3.79258919,48.51217167],[3.79259279,48.51218568],[3.79263418,48.51218325],[3.79263163,48.51215781],[3.79258847,48.5121598]]]]},"geometry_name":"geom","properties":{"gid":39809822,"type":"Bâtiment en dur","code_dep":"10","code_insee":"10220"}},{"type":"Feature","id":"batiment.39898343","geometry":{"type":"MultiPolygon","coordinates":[[[[3.79261523,48.51221945],[3.79241595,48.51225703],[3.79241867,48.51226673],[3.79231769,48.51228693],[3.79234383,48.51235],[3.7924486,48.51233032],[3.79245185,48.51233902],[3.79264936,48.51230046],[3.79261523,48.51221945]]]]},"geometry_name":"geom","properties":{"gid":39809845,"type":"Bâtiment en dur","code_dep":"10","code_insee":"10220"}},{"type":"Feature","id":"batiment.39898344","geometry":{"type":"MultiPolygon","coordinates":[[[[3.79294615,48.5123628],[3.79296009,48.51239816],[3.79304761,48.5123839],[3.79303408,48.51234827],[3.7930303,48.51234893],[3.79294615,48.5123628]]]]},"geometry_name":"geom","properties":{"gid":39809846,"type":"Bâtiment en dur","code_dep":"10","code_insee":"10220"}},{"type":"Feature","id":"batiment.39898345","geometry":{"type":"MultiPolygon","coordinates":[[[[3.79299955,48.51251844],[3.79300534,48.51254323],[3.79305602,48.51253714],[3.79304774,48.51250867],[3.79299955,48.51251844]]]]},"geometry_name":"geom","properties":{"gid":39809847,"type":"Bâtiment en dur","code_dep":"10","code_insee":"10220"}},{"type":"Feature","id":"batiment.39898346","geometry":{"type":"MultiPolygon","coordinates":[[[[3.79273293,48.51259831],[3.79287119,48.51257247],[3.79286032,48.51254258],[3.79281061,48.51255092],[3.79272328,48.5125686],[3.79273293,48.51259831]]]]},"geometry_name":"geom","properties":{"gid":39809848,"type":"Bâtiment en dur","code_dep":"10","code_insee":"10220"}},{"type":"Feature","id":"batiment.39898347","geometry":{"type":"MultiPolygon","coordinates":[[[[3.79297909,48.51286709],[3.79310963,48.51286775],[3.79310609,48.5127681],[3.79310451,48.5127529],[3.79304753,48.51275463],[3.79304375,48.51270167],[3.79310192,48.51269786],[3.79310196,48.51267375],[3.79308554,48.51259083],[3.79297394,48.51259805],[3.7929846,48.5126758],[3.79297485,48.51267622],[3.79298145,48.51270946],[3.79295128,48.51271083],[3.79293229,48.51277187],[3.79302488,48.51276981],[3.79302574,48.51280012],[3.79297762,48.5128053],[3.79297909,48.51286709]]]]},"geometry_name":"geom","properties":{"gid":39809849,"type":"Bâtiment en dur","code_dep":"10","code_insee":"10220"}},{"type":"Feature","id":"batiment.39898348","geometry":{"type":"MultiPolygon","coordinates":[[[[3.79280699,48.5127503],[3.7928378,48.51277268],[3.79287815,48.51274587],[3.7928464,48.51272359],[3.79280699,48.5127503]]]]},"geometry_name":"geom","properties":{"gid":39809850,"type":"Bâtiment en dur","code_dep":"10","code_insee":"10220"}},{"type":"Feature","id":"batiment.39898349","geometry":{"type":"MultiPolygon","coordinates":[[[[3.78580968,48.50957638],[3.78585095,48.50957502],[3.78584903,48.50953725],[3.78596012,48.50953292],[3.78595897,48.50950108],[3.78595407,48.50945406],[3.7858025,48.50945902],[3.78580968,48.50957638]]]]},"geometry_name":"geom","properties":{"gid":39809851,"type":"Bâtiment en dur","code_dep":"10","code_insee":"10220"}},{"type":"Feature","id":"batiment.39898350","geometry":{"type":"MultiPolygon","coordinates":[[[[3.78585539,48.50971795],[3.78585884,48.50976695],[3.78582201,48.50976738],[3.78582616,48.509818],[3.78594813,48.50981683],[3.78594919,48.50983329],[3.78597317,48.50983403],[3.78597439,48.50981621],[3.78602178,48.50981661],[3.78601777,48.5097659],[3.78601797,48.50971615],[3.78585539,48.50971795]]]]},"geometry_name":"geom","properties":{"gid":39809852,"type":"Bâtiment en dur","code_dep":"10","code_insee":"10220"}},{"type":"Feature","id":"batiment.39898351","geometry":{"type":"MultiPolygon","coordinates":[[[[3.78603952,48.5098165],[3.78606405,48.50981804],[3.78606146,48.50984442],[3.78617879,48.5098494],[3.78618275,48.50982473],[3.78623288,48.509827],[3.78631665,48.50982429],[3.78631498,48.50968585],[3.7863855,48.50968412],[3.78638488,48.50964328],[3.7863161,48.5096432],[3.78631517,48.50958095],[3.78635861,48.50957985],[3.78636017,48.50952101],[3.78637789,48.50951981],[3.78637441,48.50940531],[3.78636102,48.50939676],[3.78631442,48.50939527],[3.7863133,48.50946509],[3.78631415,48.50948595],[3.78619069,48.50948713],[3.78612602,48.50949062],[3.78607995,48.50951521],[3.7860775,48.5095773],[3.78612222,48.50960697],[3.78612163,48.50976638],[3.78604308,48.50976546],[3.78603952,48.5098165]]]]},"geometry_name":"geom","properties":{"gid":39809853,"type":"Bâtiment en dur","code_dep":"10","code_insee":"10220"}},{"type":"Feature","id":"batiment.39898352","geometry":{"type":"MultiPolygon","coordinates":[[[[3.78651919,48.50959768],[3.78652101,48.5097014],[3.78653901,48.50970092],[3.78653845,48.50969022],[3.786644,48.50968673],[3.78663718,48.50959285],[3.78651919,48.50959768]]]]},"geometry_name":"geom","properties":{"gid":39809854,"type":"Bâtiment en dur","code_dep":"10","code_insee":"10220"}},{"type":"Feature","id":"batiment.39898357","geometry":{"type":"MultiPolygon","coordinates":[[[[3.78683124,48.51002015],[3.78686292,48.51001994],[3.78688065,48.51001964],[3.78687927,48.50997215],[3.78684921,48.50997253],[3.78682756,48.50997303],[3.78683124,48.51002015]]]]},"geometry_name":"geom","properties":{"gid":39809888,"type":"Bâtiment en dur","code_dep":"10","code_insee":"10220"}},{"type":"Feature","id":"batiment.39898358","geometry":{"type":"MultiPolygon","coordinates":[[[[3.78691847,48.51016684],[3.78692199,48.51007668],[3.78684814,48.51008121],[3.78684942,48.51012187],[3.78684155,48.51016582],[3.78691847,48.51016684]]]]},"geometry_name":"geom","properties":{"gid":39809889,"type":"Bâtiment en dur","code_dep":"10","code_insee":"10220"}},{"type":"Feature","id":"batiment.39898359","geometry":{"type":"MultiPolygon","coordinates":[[[[3.78592594,48.51021515],[3.78602847,48.51020881],[3.78601098,48.51008037],[3.78590817,48.51008653],[3.78592594,48.51021515]]]]},"geometry_name":"geom","properties":{"gid":39809890,"type":"Bâtiment en dur","code_dep":"10","code_insee":"10220"}},{"type":"Feature","id":"batiment.39898360","geometry":{"type":"MultiPolygon","coordinates":[[[[3.78593243,48.51036841],[3.78603494,48.51036044],[3.78602084,48.51026859],[3.78591654,48.51027513],[3.78593243,48.51036841]]]]},"geometry_name":"geom","properties":{"gid":39809891,"type":"Bâtiment en dur","code_dep":"10","code_insee":"10220"}},{"type":"Feature","id":"batiment.39898361","geometry":{"type":"MultiPolygon","coordinates":[[[[3.78679907,48.51054728],[3.78680422,48.51060167],[3.78685579,48.51060052],[3.78685145,48.51054576],[3.78679907,48.51054728]]]]},"geometry_name":"geom","properties":{"gid":39809892,"type":"Bâtiment en dur","code_dep":"10","code_insee":"10220"}},{"type":"Feature","id":"batiment.39898362","geometry":{"type":"MultiPolygon","coordinates":[[[[3.7860779,48.5106341],[3.78634015,48.51063335],[3.78639267,48.51063219],[3.78637496,48.51053488],[3.78606237,48.5105374],[3.7860779,48.5106341]]]]},"geometry_name":"geom","properties":{"gid":39809893,"type":"Bâtiment en dur","code_dep":"10","code_insee":"10220"}},{"type":"Feature","id":"batiment.39898363","geometry":{"type":"MultiPolygon","coordinates":[[[[3.78589842,48.5107194],[3.7859887,48.51071709],[3.78599321,48.5108108],[3.78603707,48.51081015],[3.78603324,48.51063565],[3.78594998,48.51063638],[3.78589639,48.51063817],[3.78589842,48.5107194]]]]},"geometry_name":"geom","properties":{"gid":39809894,"type":"Bâtiment en dur","code_dep":"10","code_insee":"10220"}},{"type":"Feature","id":"batiment.39898364","geometry":{"type":"MultiPolygon","coordinates":[[[[3.78573758,48.51085577],[3.7858461,48.51087799],[3.78588831,48.51078541],[3.78577802,48.51076212],[3.78573758,48.51085577]]]]},"geometry_name":"geom","properties":{"gid":39809895,"type":"Bâtiment en dur","code_dep":"10","code_insee":"10220"}},{"type":"Feature","id":"batiment.39898392","geometry":{"type":"MultiPolygon","coordinates":[[[[3.78664089,48.50991265],[3.78680866,48.5099136],[3.78680551,48.50982123],[3.78663571,48.50981984],[3.78664089,48.50991265]]]]},"geometry_name":"geom","properties":{"gid":39809886,"type":"Bâtiment en dur","code_dep":"10","code_insee":"10220"}},{"type":"Feature","id":"batiment.39898393","geometry":{"type":"MultiPolygon","coordinates":[[[[3.78682296,48.50989201],[3.78684528,48.50989078],[3.78685408,48.50989081],[3.78685337,48.50985231],[3.78688179,48.5098515],[3.78688194,48.50983476],[3.78690576,48.50983361],[3.78689834,48.5097276],[3.78682847,48.50972671],[3.78683711,48.50983326],[3.78682005,48.50983382],[3.78682296,48.50989201]]]]},"geometry_name":"geom","properties":{"gid":39809887,"type":"Bâtiment en dur","code_dep":"10","code_insee":"10220"}},{"type":"Feature","id":"batiment.39898417","geometry":{"type":"MultiPolygon","coordinates":[[[[3.78632496,48.51079439],[3.78637559,48.51077589],[3.78635921,48.51075782],[3.78630992,48.51077551],[3.78632496,48.51079439]]]]},"geometry_name":"geom","properties":{"gid":39809919,"type":"Bâtiment en dur","code_dep":"10","code_insee":"10220"}},{"type":"Feature","id":"batiment.39898418","geometry":{"type":"MultiPolygon","coordinates":[[[[3.78580518,48.511102],[3.78590418,48.5111035],[3.78598137,48.5111047],[3.78599884,48.51097855],[3.78589076,48.51097611],[3.78588535,48.51101249],[3.78581531,48.51101026],[3.78580518,48.511102]]]]},"geometry_name":"geom","properties":{"gid":39809920,"type":"Bâtiment en dur","code_dep":"10","code_insee":"10220"}},{"type":"Feature","id":"batiment.39898419","geometry":{"type":"MultiPolygon","coordinates":[[[[3.78616312,48.51105357],[3.78616509,48.51102216],[3.78617753,48.51102145],[3.78616077,48.51083326],[3.78605756,48.51084033],[3.7860816,48.51102595],[3.78608588,48.51105813],[3.78616312,48.51105357]]]]},"geometry_name":"geom","properties":{"gid":39809921,"type":"Bâtiment en dur","code_dep":"10","code_insee":"10220"}},{"type":"Feature","id":"batiment.39898420","geometry":{"type":"MultiPolygon","coordinates":[[[[3.78627153,48.51105096],[3.78636761,48.51102891],[3.78634512,48.51097428],[3.78625678,48.5109969],[3.78627153,48.51105096]]]]},"geometry_name":"geom","properties":{"gid":39809922,"type":"Bâtiment en dur","code_dep":"10","code_insee":"10220"}},{"type":"Feature","id":"batiment.39898421","geometry":{"type":"MultiPolygon","coordinates":[[[[3.78634274,48.51093291],[3.78643896,48.51092031],[3.78641428,48.51081872],[3.786314,48.5108309],[3.78634274,48.51093291]]]]},"geometry_name":"geom","properties":{"gid":39809923,"type":"Bâtiment en dur","code_dep":"10","code_insee":"10220"}},{"type":"Feature","id":"batiment.39898422","geometry":{"type":"MultiPolygon","coordinates":[[[[3.78657393,48.51089198],[3.78669969,48.51089015],[3.78668756,48.51078606],[3.78656065,48.51078303],[3.78657393,48.51089198]]]]},"geometry_name":"geom","properties":{"gid":39809924,"type":"Bâtiment en dur","code_dep":"10","code_insee":"10220"}},{"type":"Feature","id":"batiment.39898423","geometry":{"type":"MultiPolygon","coordinates":[[[[3.78677091,48.51088123],[3.78675894,48.51096812],[3.78691696,48.51096851],[3.78692461,48.51088273],[3.7868229,48.51088124],[3.78677091,48.51088123]]]]},"geometry_name":"geom","properties":{"gid":39809925,"type":"Bâtiment en dur","code_dep":"10","code_insee":"10220"}},{"type":"Feature","id":"batiment.39898424","geometry":{"type":"MultiPolygon","coordinates":[[[[3.78703529,48.50987612],[3.78712884,48.50987568],[3.78712988,48.50979192],[3.78703525,48.50979218],[3.78703526,48.50983842],[3.78703529,48.50987612]]]]},"geometry_name":"geom","properties":{"gid":39809926,"type":"Bâtiment en dur","code_dep":"10","code_insee":"10220"}},{"type":"Feature","id":"batiment.39898425","geometry":{"type":"MultiPolygon","coordinates":[[[[3.78753759,48.51005578],[3.78758007,48.51005342],[3.78756094,48.50989729],[3.78735833,48.50990232],[3.78735866,48.50990618],[3.78728894,48.50990727],[3.78729586,48.50997137],[3.78736301,48.50997057],[3.78736266,48.50996526],[3.78740759,48.50996397],[3.78740993,48.50998456],[3.78743576,48.50998268],[3.78743782,48.50999364],[3.78751968,48.50999004],[3.78753378,48.51000047],[3.78753759,48.51005578]]]]},"geometry_name":"geom","properties":{"gid":39809927,"type":"Bâtiment en dur","code_dep":"10","code_insee":"10220"}},{"type":"Feature","id":"batiment.39898426","geometry":{"type":"MultiPolygon","coordinates":[[[[3.78710694,48.51024809],[3.78727287,48.51024393],[3.78727806,48.51023796],[3.7873284,48.5102361],[3.78732345,48.51016776],[3.78709988,48.51017428],[3.78710694,48.51024809]]]]},"geometry_name":"geom","properties":{"gid":39809928,"type":"Bâtiment en dur","code_dep":"10","code_insee":"10220"}},{"type":"Feature","id":"batiment.39898450","geometry":{"type":"MultiPolygon","coordinates":[[[[3.78730726,48.51027996],[3.78730996,48.51035146],[3.78738902,48.51035058],[3.78738897,48.51032926],[3.78738565,48.51030643],[3.7873844,48.51027756],[3.78730726,48.51027996]]]]},"geometry_name":"geom","properties":{"gid":39809952,"type":"Bâtiment en dur","code_dep":"10","code_insee":"10220"}},{"type":"Feature","id":"batiment.39898451","geometry":{"type":"MultiPolygon","coordinates":[[[[3.78712204,48.51044204],[3.78722806,48.51044251],[3.78722846,48.51043333],[3.78722713,48.51034418],[3.78711677,48.51034393],[3.78712204,48.51044204]]]]},"geometry_name":"geom","properties":{"gid":39809953,"type":"Bâtiment en dur","code_dep":"10","code_insee":"10220"}},{"type":"Feature","id":"batiment.39898452","geometry":{"type":"MultiPolygon","coordinates":[[[[3.78726672,48.51049254],[3.78739845,48.51049212],[3.78739666,48.51045363],[3.78728824,48.5104556],[3.78726455,48.51045648],[3.78726672,48.51049254]]]]},"geometry_name":"geom","properties":{"gid":39809954,"type":"Bâtiment en dur","code_dep":"10","code_insee":"10220"}},{"type":"Feature","id":"batiment.39898454","geometry":{"type":"MultiPolygon","coordinates":[[[[3.78703352,48.5107243],[3.78702581,48.51083249],[3.78702265,48.5108747],[3.7870177,48.51092367],[3.78701273,48.51097175],[3.78708588,48.51103738],[3.78716634,48.51105754],[3.78717861,48.5109998],[3.78709735,48.51098954],[3.78709945,48.51097621],[3.78716283,48.51097732],[3.78716257,48.51095942],[3.78716552,48.51093052],[3.78716932,48.5108865],[3.78721224,48.51088622],[3.7872162,48.51085255],[3.78721564,48.51084184],[3.78713653,48.51083958],[3.78714715,48.5107258],[3.78703352,48.5107243]]]]},"geometry_name":"geom","properties":{"gid":39809956,"type":"Bâtiment en dur","code_dep":"10","code_insee":"10220"}},{"type":"Feature","id":"batiment.39898456","geometry":{"type":"MultiPolygon","coordinates":[[[[3.78269627,48.50240491],[3.78274635,48.50240386],[3.78274578,48.50239307],[3.78269571,48.50239412],[3.78269627,48.50240491]]]]},"geometry_name":"geom","properties":{"gid":39809958,"type":"Construction légère","code_dep":"10","code_insee":"10220"}},{"type":"Feature","id":"batiment.39898457","geometry":{"type":"MultiPolygon","coordinates":[[[[3.78758871,48.51126031],[3.787674,48.51125947],[3.78768108,48.51111819],[3.7875924,48.51111859],[3.78758871,48.51126031]]]]},"geometry_name":"geom","properties":{"gid":39809959,"type":"Bâtiment en dur","code_dep":"10","code_insee":"10220"}},{"type":"Feature","id":"batiment.39898458","geometry":{"type":"MultiPolygon","coordinates":[[[[3.78788677,48.50995612],[3.78789355,48.51006511],[3.78791776,48.51006378],[3.78792321,48.51011062],[3.78789777,48.51011177],[3.78790483,48.51023039],[3.78793231,48.51023003],[3.78801564,48.51022471],[3.78802062,48.50998888],[3.78788677,48.50995612]]]]},"geometry_name":"geom","properties":{"gid":39809960,"type":"Bâtiment en dur","code_dep":"10","code_insee":"10220"}},{"type":"Feature","id":"batiment.39898459","geometry":{"type":"MultiPolygon","coordinates":[[[[3.78771142,48.5110103],[3.78779224,48.51100976],[3.787794,48.51097359],[3.7877672,48.51097421],[3.7877148,48.51097393],[3.78771142,48.5110103]]]]},"geometry_name":"geom","properties":{"gid":39809961,"type":"Bâtiment en dur","code_dep":"10","code_insee":"10220"}},{"type":"Feature","id":"batiment.39898484","geometry":{"type":"MultiPolygon","coordinates":[[[[3.78770952,48.51109128],[3.7877021,48.51128223],[3.78771438,48.5112978],[3.78779677,48.51130247],[3.78796972,48.51131428],[3.78797605,48.5112671],[3.78810788,48.51127306],[3.78811843,48.51119139],[3.7880332,48.51118665],[3.78803404,48.5111709],[3.78795383,48.51116676],[3.78794175,48.51121893],[3.78786375,48.51121818],[3.78785764,48.51125331],[3.7878205,48.51125041],[3.78780127,48.51125044],[3.78781152,48.51109438],[3.78770952,48.51109128]]]]},"geometry_name":"geom","properties":{"gid":39809986,"type":"Bâtiment en dur","code_dep":"10","code_insee":"10220"}},{"type":"Feature","id":"batiment.39898485","geometry":{"type":"MultiPolygon","coordinates":[[[[3.78826028,48.51131442],[3.78838566,48.51130513],[3.78834403,48.51111199],[3.78822624,48.51112123],[3.78826028,48.51131442]]]]},"geometry_name":"geom","properties":{"gid":39809987,"type":"Bâtiment en dur","code_dep":"10","code_insee":"10220"}},{"type":"Feature","id":"batiment.39898486","geometry":{"type":"MultiPolygon","coordinates":[[[[3.78861486,48.51093369],[3.78861618,48.51102175],[3.78867211,48.51102228],[3.78867008,48.51093251],[3.78861486,48.51093369]]]]},"geometry_name":"geom","properties":{"gid":39809988,"type":"Bâtiment en dur","code_dep":"10","code_insee":"10220"}},{"type":"Feature","id":"batiment.39898487","geometry":{"type":"MultiPolygon","coordinates":[[[[3.78822171,48.51027876],[3.7884652,48.51028209],[3.7884676,48.51030645],[3.78854411,48.51030729],[3.78854603,48.51033589],[3.78870037,48.51033576],[3.78870203,48.51024786],[3.78854654,48.51024421],[3.78854607,48.51021255],[3.7882217,48.51020589],[3.78822171,48.51027876]]]]},"geometry_name":"geom","properties":{"gid":39809989,"type":"Bâtiment en dur","code_dep":"10","code_insee":"10220"}},{"type":"Feature","id":"batiment.39898488","geometry":{"type":"MultiPolygon","coordinates":[[[[3.78878659,48.51041463],[3.78893498,48.51041445],[3.78893463,48.51034644],[3.78878921,48.51034561],[3.78878659,48.51041463]]]]},"geometry_name":"geom","properties":{"gid":39809990,"type":"Bâtiment en dur","code_dep":"10","code_insee":"10220"}},{"type":"Feature","id":"batiment.39898489","geometry":{"type":"MultiPolygon","coordinates":[[[[3.78904543,48.51041237],[3.78905042,48.51048296],[3.78913306,48.51048601],[3.78913568,48.51051649],[3.78905976,48.51051879],[3.78906342,48.51058219],[3.78914871,48.51058163],[3.789222,48.51057502],[3.78921145,48.51044114],[3.78919059,48.5104402],[3.78919083,48.51042013],[3.78904543,48.51041237]]]]},"geometry_name":"geom","properties":{"gid":39809991,"type":"Bâtiment en dur","code_dep":"10","code_insee":"10220"}},{"type":"Feature","id":"batiment.39898490","geometry":{"type":"MultiPolygon","coordinates":[[[[3.78924425,48.51045234],[3.78923225,48.51046466],[3.78926975,48.51048222],[3.78928487,48.51047016],[3.78924425,48.51045234]]]]},"geometry_name":"geom","properties":{"gid":39809992,"type":"Bâtiment en dur","code_dep":"10","code_insee":"10220"}},{"type":"Feature","id":"batiment.39898491","geometry":{"type":"MultiPolygon","coordinates":[[[[3.78936704,48.51054131],[3.78933156,48.51054047],[3.78933062,48.5105591],[3.78936501,48.51055923],[3.78936704,48.51054131]]]]},"geometry_name":"geom","properties":{"gid":39809993,"type":"Bâtiment en dur","code_dep":"10","code_insee":"10220"}},{"type":"Feature","id":"batiment.39898493","geometry":{"type":"MultiPolygon","coordinates":[[[[3.78881052,48.51071828],[3.78884831,48.51071937],[3.78884997,48.51067654],[3.78881232,48.51067607],[3.78881052,48.51071828]]]]},"geometry_name":"geom","properties":{"gid":39809995,"type":"Bâtiment en dur","code_dep":"10","code_insee":"10220"}},{"type":"Feature","id":"batiment.39898523","geometry":{"type":"MultiPolygon","coordinates":[[[[3.78896533,48.51070411],[3.78910527,48.51070894],[3.78910969,48.51063397],[3.78897141,48.51063084],[3.78896533,48.51070411]]]]},"geometry_name":"geom","properties":{"gid":39810025,"type":"Bâtiment en dur","code_dep":"10","code_insee":"10220"}},{"type":"Feature","id":"batiment.39898524","geometry":{"type":"MultiPolygon","coordinates":[[[[3.78872352,48.51083958],[3.78872427,48.51086279],[3.78875324,48.51086233],[3.7887533,48.51083912],[3.78872352,48.51083958]]]]},"geometry_name":"geom","properties":{"gid":39810026,"type":"Bâtiment en dur","code_dep":"10","code_insee":"10220"}},{"type":"Feature","id":"batiment.39898525","geometry":{"type":"MultiPolygon","coordinates":[[[[3.7888638,48.51102038],[3.78889223,48.51102019],[3.78889301,48.51105374],[3.78891697,48.51105358],[3.78892099,48.51110483],[3.78896717,48.5111057],[3.78896371,48.51101926],[3.78899564,48.51101797],[3.78899562,48.51112449],[3.78897001,48.51112322],[3.7889765,48.51129366],[3.78897648,48.51130121],[3.78912194,48.51130412],[3.78912185,48.51129809],[3.78911152,48.51101648],[3.78904181,48.51101767],[3.78903613,48.51085595],[3.78889102,48.51085835],[3.78889402,48.51098572],[3.78886451,48.51098637],[3.7888638,48.51102038]]]]},"geometry_name":"geom","properties":{"gid":39810027,"type":"Bâtiment en dur","code_dep":"10","code_insee":"10220"}},{"type":"Feature","id":"batiment.39898526","geometry":{"type":"MultiPolygon","coordinates":[[[[3.78867503,48.51124393],[3.7886735,48.51128604],[3.78868041,48.51129535],[3.78885559,48.51129347],[3.78885798,48.51115536],[3.78875602,48.51115505],[3.78875352,48.51124098],[3.78867503,48.51124393]]]]},"geometry_name":"geom","properties":{"gid":39810028,"type":"Bâtiment en dur","code_dep":"10","code_insee":"10220"}},{"type":"Feature","id":"batiment.39898527","geometry":{"type":"MultiPolygon","coordinates":[[[[3.78916471,48.51101478],[3.78916864,48.51104219],[3.78925757,48.51104043],[3.78925594,48.51101346],[3.78918773,48.51101508],[3.78916471,48.51101478]]]]},"geometry_name":"geom","properties":{"gid":39810029,"type":"Bâtiment en dur","code_dep":"10","code_insee":"10220"}},{"type":"Feature","id":"batiment.39898528","geometry":{"type":"MultiPolygon","coordinates":[[[[3.78942903,48.51100781],[3.78929884,48.51101182],[3.78931726,48.51114727],[3.78935643,48.51114989],[3.78944329,48.51114527],[3.78944002,48.51109905],[3.78942903,48.51100781]]]]},"geometry_name":"geom","properties":{"gid":39810030,"type":"Bâtiment en dur","code_dep":"10","code_insee":"10220"}},{"type":"Feature","id":"batiment.39898529","geometry":{"type":"MultiPolygon","coordinates":[[[[3.78926732,48.51118467],[3.7892586,48.51129835],[3.78934353,48.51130022],[3.78934568,48.51121833],[3.78936422,48.51121776],[3.78936496,48.511186],[3.78935372,48.51118553],[3.78926732,48.51118467]]]]},"geometry_name":"geom","properties":{"gid":39810031,"type":"Bâtiment en dur","code_dep":"10","code_insee":"10220"}},{"type":"Feature","id":"batiment.39898530","geometry":{"type":"MultiPolygon","coordinates":[[[[3.78947815,48.51130283],[3.78964393,48.51130641],[3.78966824,48.5112842],[3.78966791,48.51126225],[3.78947953,48.51125946],[3.78947815,48.51130283]]]]},"geometry_name":"geom","properties":{"gid":39810032,"type":"Bâtiment en dur","code_dep":"10","code_insee":"10220"}},{"type":"Feature","id":"batiment.39898531","geometry":{"type":"MultiPolygon","coordinates":[[[[3.78952898,48.51109918],[3.78953067,48.51114864],[3.78966281,48.51114813],[3.78966165,48.51109802],[3.78952898,48.51109918]]]]},"geometry_name":"geom","properties":{"gid":39810033,"type":"Bâtiment en dur","code_dep":"10","code_insee":"10220"}},{"type":"Feature","id":"batiment.39898532","geometry":{"type":"MultiPolygon","coordinates":[[[[3.78950773,48.51061415],[3.7894132,48.51062134],[3.7894415,48.51076536],[3.78940323,48.51076868],[3.78941348,48.51082924],[3.78945121,48.51082585],[3.78944531,48.51078459],[3.78954038,48.51077739],[3.78953397,48.51073848],[3.78956129,48.51073605],[3.78955803,48.51070863],[3.78952004,48.51069422],[3.78951545,48.51065953],[3.78950773,48.51061415]]]]},"geometry_name":"geom","properties":{"gid":39810034,"type":"Bâtiment en dur","code_dep":"10","code_insee":"10220"}},{"type":"Feature","id":"batiment.39898604","geometry":{"type":"MultiPolygon","coordinates":[[[[3.78635858,48.5091259],[3.78639228,48.50912496],[3.78639296,48.50908906],[3.78635816,48.50908893],[3.78635858,48.5091259]]]]},"geometry_name":"geom","properties":{"gid":39810106,"type":"Bâtiment en dur","code_dep":"10","code_insee":"10220"}},{"type":"Feature","id":"batiment.39898605","geometry":{"type":"MultiPolygon","coordinates":[[[[3.78733535,48.50904818],[3.78729719,48.50903125],[3.78724958,48.50907952],[3.78717284,48.50916288],[3.78729789,48.50921315],[3.78736631,48.50914397],[3.78753812,48.50921642],[3.7875904,48.50916299],[3.78733535,48.50904818]]]]},"geometry_name":"geom","properties":{"gid":39810107,"type":"Bâtiment en dur","code_dep":"10","code_insee":"10220"}},{"type":"Feature","id":"batiment.39898606","geometry":{"type":"MultiPolygon","coordinates":[[[[3.7877094,48.509839],[3.78779461,48.5098423],[3.78782861,48.50984306],[3.78783902,48.50974269],[3.78779959,48.50974106],[3.7878009,48.50970165],[3.78779751,48.50970149],[3.78779886,48.5096744],[3.78774374,48.50967333],[3.78774278,48.50969942],[3.78770162,48.50969915],[3.78770005,48.50973929],[3.78771576,48.50973972],[3.7877094,48.509839]]]]},"geometry_name":"geom","properties":{"gid":39810109,"type":"Bâtiment en dur","code_dep":"10","code_insee":"10220"}},{"type":"Feature","id":"batiment.39898607","geometry":{"type":"MultiPolygon","coordinates":[[[[3.78835605,48.50989336],[3.78837506,48.50983377],[3.78836787,48.50983292],[3.78838127,48.50978749],[3.78835604,48.50978433],[3.78832931,48.50978055],[3.78833271,48.50977243],[3.78813132,48.50975091],[3.78808232,48.50987818],[3.78828859,48.50990047],[3.78829607,48.50988422],[3.78835605,48.50989336]]]]},"geometry_name":"geom","properties":{"gid":39810110,"type":"Bâtiment en dur","code_dep":"10","code_insee":"10220"}},{"type":"Feature","id":"batiment.39898608","geometry":{"type":"MultiPolygon","coordinates":[[[[3.7877014,48.50939607],[3.78777331,48.50939721],[3.78777367,48.50936698],[3.78770215,48.5093653],[3.7877014,48.50939607]]]]},"geometry_name":"geom","properties":{"gid":39810111,"type":"Bâtiment en dur","code_dep":"10","code_insee":"10220"}},{"type":"Feature","id":"batiment.39898609","geometry":{"type":"MultiPolygon","coordinates":[[[[3.78802295,48.50955785],[3.7880759,48.50956785],[3.7880885,48.5095414],[3.78803528,48.5095315],[3.78802295,48.50955785]]]]},"geometry_name":"geom","properties":{"gid":39810112,"type":"Bâtiment en dur","code_dep":"10","code_insee":"10220"}},{"type":"Feature","id":"batiment.39898630","geometry":{"type":"MultiPolygon","coordinates":[[[[3.78806786,48.50929369],[3.7881166,48.50929337],[3.7881159,48.50926477],[3.78806743,48.50926518],[3.78806786,48.50929369]]]]},"geometry_name":"geom","properties":{"gid":39810133,"type":"Bâtiment en dur","code_dep":"10","code_insee":"10220"}},{"type":"Feature","id":"batiment.39898631","geometry":{"type":"MultiPolygon","coordinates":[[[[3.7883491,48.50954768],[3.78845284,48.50960376],[3.78862411,48.50946867],[3.78851498,48.50940561],[3.78849577,48.50940673],[3.78846499,48.50943041],[3.78846502,48.50944166],[3.78849223,48.50945938],[3.78840405,48.5095286],[3.78838467,48.50951839],[3.7883491,48.50954768]]]]},"geometry_name":"geom","properties":{"gid":39810134,"type":"Bâtiment en dur","code_dep":"10","code_insee":"10220"}},{"type":"Feature","id":"batiment.39898632","geometry":{"type":"MultiPolygon","coordinates":[[[[3.78866076,48.50930379],[3.78866212,48.50935803],[3.78877188,48.50935523],[3.78876916,48.50930037],[3.78866076,48.50930379]]]]},"geometry_name":"geom","properties":{"gid":39810135,"type":"Bâtiment en dur","code_dep":"10","code_insee":"10220"}},{"type":"Feature","id":"batiment.39898633","geometry":{"type":"MultiPolygon","coordinates":[[[[3.78849433,48.50922051],[3.78858546,48.50927541],[3.7887532,48.50915753],[3.78871438,48.50913278],[3.78866694,48.50916521],[3.78863114,48.50914341],[3.78858559,48.50917564],[3.78856946,48.50916586],[3.78849433,48.50922051]]]]},"geometry_name":"geom","properties":{"gid":39810136,"type":"Bâtiment en dur","code_dep":"10","code_insee":"10220"}},{"type":"Feature","id":"batiment.39898634","geometry":{"type":"MultiPolygon","coordinates":[[[[3.78867906,48.51005279],[3.78883065,48.51004936],[3.78882524,48.50994135],[3.78867458,48.50994415],[3.78867906,48.51005279]]]]},"geometry_name":"geom","properties":{"gid":39810137,"type":"Bâtiment en dur","code_dep":"10","code_insee":"10220"}},{"type":"Feature","id":"batiment.39898635","geometry":{"type":"MultiPolygon","coordinates":[[[[3.78899823,48.5102539],[3.78906147,48.51025447],[3.7890634,48.5102837],[3.78912201,48.51028286],[3.78912155,48.51015331],[3.78899674,48.51015468],[3.78899823,48.5102539]]]]},"geometry_name":"geom","properties":{"gid":39810138,"type":"Bâtiment en dur","code_dep":"10","code_insee":"10220"}},{"type":"Feature","id":"batiment.39898636","geometry":{"type":"MultiPolygon","coordinates":[[[[3.78920732,48.51006701],[3.78920787,48.51014005],[3.78920778,48.51015193],[3.78928536,48.51015214],[3.78928515,48.5101381],[3.78928435,48.51006677],[3.78920732,48.51006701]]]]},"geometry_name":"geom","properties":{"gid":39810139,"type":"Bâtiment en dur","code_dep":"10","code_insee":"10220"}},{"type":"Feature","id":"batiment.39898637","geometry":{"type":"MultiPolygon","coordinates":[[[[3.78929844,48.51022951],[3.78931461,48.51035922],[3.78943825,48.51035174],[3.78942466,48.51022228],[3.78929844,48.51022951]]]]},"geometry_name":"geom","properties":{"gid":39810140,"type":"Bâtiment en dur","code_dep":"10","code_insee":"10220"}},{"type":"Feature","id":"batiment.39898638","geometry":{"type":"MultiPolygon","coordinates":[[[[3.78951461,48.51037822],[3.78964193,48.51037269],[3.78963083,48.51026454],[3.78950311,48.51027133],[3.78951461,48.51037822]]]]},"geometry_name":"geom","properties":{"gid":39810141,"type":"Bâtiment en dur","code_dep":"10","code_insee":"10220"}},{"type":"Feature","id":"batiment.39898639","geometry":{"type":"MultiPolygon","coordinates":[[[[3.78965043,48.51032595],[3.78966344,48.51043418],[3.78971917,48.51043093],[3.78971295,48.51037762],[3.78969766,48.51037835],[3.78968885,48.51032353],[3.78965043,48.51032595]]]]},"geometry_name":"geom","properties":{"gid":39810142,"type":"Bâtiment en dur","code_dep":"10","code_insee":"10220"}},{"type":"Feature","id":"batiment.39898664","geometry":{"type":"MultiPolygon","coordinates":[[[[3.78970448,48.51054339],[3.78983234,48.51053723],[3.78982141,48.51044113],[3.78969222,48.5104482],[3.78970448,48.51054339]]]]},"geometry_name":"geom","properties":{"gid":39810167,"type":"Bâtiment en dur","code_dep":"10","code_insee":"10220"}},{"type":"Feature","id":"batiment.39898665","geometry":{"type":"MultiPolygon","coordinates":[[[[3.78988132,48.51039153],[3.78987527,48.51034029],[3.78973661,48.51034814],[3.78973849,48.51037412],[3.78979598,48.51037059],[3.78979919,48.51039531],[3.78988132,48.51039153]]]]},"geometry_name":"geom","properties":{"gid":39810168,"type":"Bâtiment en dur","code_dep":"10","code_insee":"10220"}},{"type":"Feature","id":"batiment.39898666","geometry":{"type":"MultiPolygon","coordinates":[[[[3.79008064,48.51019435],[3.78987099,48.5102087],[3.78988654,48.51031538],[3.78998611,48.51030995],[3.78999953,48.510383],[3.79008407,48.51037722],[3.79007714,48.51030404],[3.79009555,48.51030338],[3.79008064,48.51019435]]]]},"geometry_name":"geom","properties":{"gid":39810169,"type":"Bâtiment en dur","code_dep":"10","code_insee":"10220"}},{"type":"Feature","id":"batiment.39898667","geometry":{"type":"MultiPolygon","coordinates":[[[[3.79022208,48.5105511],[3.79037617,48.51054288],[3.79036869,48.51045945],[3.79021419,48.51046767],[3.79022208,48.5105511]]]]},"geometry_name":"geom","properties":{"gid":39810170,"type":"Bâtiment en dur","code_dep":"10","code_insee":"10220"}},{"type":"Feature","id":"batiment.39898668","geometry":{"type":"MultiPolygon","coordinates":[[[[3.79052207,48.51043099],[3.79070572,48.51042572],[3.790699,48.51035685],[3.79059057,48.51035847],[3.79058362,48.51036445],[3.79051651,48.51036751],[3.79052207,48.51043099]]]]},"geometry_name":"geom","properties":{"gid":39810171,"type":"Bâtiment en dur","code_dep":"10","code_insee":"10220"}},{"type":"Feature","id":"batiment.39898669","geometry":{"type":"MultiPolygon","coordinates":[[[[3.79089254,48.51028017],[3.79088574,48.51020609],[3.79076678,48.51020985],[3.79077934,48.5103421],[3.79085605,48.51033853],[3.79085307,48.51028457],[3.79089254,48.51028017]]]]},"geometry_name":"geom","properties":{"gid":39810172,"type":"Bâtiment en dur","code_dep":"10","code_insee":"10220"}},{"type":"Feature","id":"batiment.39898670","geometry":{"type":"MultiPolygon","coordinates":[[[[3.79050526,48.51000719],[3.7906426,48.51000187],[3.79063695,48.50992292],[3.79049851,48.50992744],[3.79050526,48.51000719]]]]},"geometry_name":"geom","properties":{"gid":39810173,"type":"Bâtiment en dur","code_dep":"10","code_insee":"10220"}},{"type":"Feature","id":"batiment.39898671","geometry":{"type":"MultiPolygon","coordinates":[[[[3.79069216,48.50992084],[3.7907966,48.50991574],[3.7907932,48.50986053],[3.79068551,48.50986601],[3.79069216,48.50992084]]]]},"geometry_name":"geom","properties":{"gid":39810174,"type":"Bâtiment en dur","code_dep":"10","code_insee":"10220"}},{"type":"Feature","id":"batiment.39898672","geometry":{"type":"MultiPolygon","coordinates":[[[[3.79068058,48.50978148],[3.79079045,48.50977697],[3.79078385,48.5097162],[3.79067438,48.50972044],[3.79068058,48.50978148]]]]},"geometry_name":"geom","properties":{"gid":39810175,"type":"Bâtiment en dur","code_dep":"10","code_insee":"10220"}},{"type":"Feature","id":"batiment.39898673","geometry":{"type":"MultiPolygon","coordinates":[[[[3.79037676,48.50959323],[3.79048638,48.50959007],[3.7904872,48.50960851],[3.79059883,48.5096039],[3.79059157,48.50950813],[3.79037036,48.50951878],[3.79037676,48.50959323]]]]},"geometry_name":"geom","properties":{"gid":39810176,"type":"Bâtiment en dur","code_dep":"10","code_insee":"10220"}},{"type":"Feature","id":"batiment.39898697","geometry":{"type":"MultiPolygon","coordinates":[[[[3.79197006,48.51149361],[3.79218785,48.51147138],[3.79210793,48.51122721],[3.79190236,48.51126052],[3.79197006,48.51149361]]]]},"geometry_name":"geom","properties":{"gid":39810201,"type":"Bâtiment en dur","code_dep":"10","code_insee":"10220"}},{"type":"Feature","id":"batiment.39898698","geometry":{"type":"MultiPolygon","coordinates":[[[[3.79127721,48.51136697],[3.79135091,48.51136981],[3.79138852,48.51154724],[3.79147697,48.5115408],[3.79144853,48.51136079],[3.7915368,48.51135139],[3.79152578,48.51130306],[3.79150942,48.51130425],[3.79144024,48.51131407],[3.79137429,48.51132188],[3.79129041,48.51132667],[3.79127721,48.51136697]]]]},"geometry_name":"geom","properties":{"gid":39810202,"type":"Bâtiment en dur","code_dep":"10","code_insee":"10220"}},{"type":"Feature","id":"batiment.39898699","geometry":{"type":"MultiPolygon","coordinates":[[[[3.79110879,48.51111656],[3.791115,48.51119631],[3.79159294,48.51115966],[3.79158295,48.51108065],[3.79110879,48.51111656]]]]},"geometry_name":"geom","properties":{"gid":39810203,"type":"Bâtiment en dur","code_dep":"10","code_insee":"10220"}},{"type":"Feature","id":"batiment.39898700","geometry":{"type":"MultiPolygon","coordinates":[[[[3.79111873,48.51136263],[3.79122412,48.51136607],[3.79121799,48.51132778],[3.79111428,48.51132847],[3.79111873,48.51136263]]]]},"geometry_name":"geom","properties":{"gid":39810204,"type":"Bâtiment en dur","code_dep":"10","code_insee":"10220"}},{"type":"Feature","id":"batiment.39898701","geometry":{"type":"MultiPolygon","coordinates":[[[[3.79097838,48.5113579],[3.79109868,48.51136204],[3.79110618,48.51129407],[3.79098007,48.51129923],[3.79097838,48.5113579]]]]},"geometry_name":"geom","properties":{"gid":39810205,"type":"Bâtiment en dur","code_dep":"10","code_insee":"10220"}},{"type":"Feature","id":"batiment.39898702","geometry":{"type":"MultiPolygon","coordinates":[[[[3.79084738,48.51128113],[3.79085382,48.51133992],[3.79089835,48.51133882],[3.79089056,48.51128012],[3.79084738,48.51128113]]]]},"geometry_name":"geom","properties":{"gid":39810206,"type":"Bâtiment en dur","code_dep":"10","code_insee":"10220"}},{"type":"Feature","id":"batiment.39898703","geometry":{"type":"MultiPolygon","coordinates":[[[[3.79096838,48.51112532],[3.79096582,48.5110817],[3.79091196,48.51108314],[3.79091572,48.51112594],[3.79096838,48.51112532]]]]},"geometry_name":"geom","properties":{"gid":39810207,"type":"Bâtiment en dur","code_dep":"10","code_insee":"10220"}},{"type":"Feature","id":"batiment.39898704","geometry":{"type":"MultiPolygon","coordinates":[[[[3.79105477,48.51096407],[3.79100684,48.51096466],[3.79101094,48.51100305],[3.79099457,48.51100378],[3.79099476,48.51101647],[3.79105875,48.51101253],[3.79105817,48.51100102],[3.79105477,48.51096407]]]]},"geometry_name":"geom","properties":{"gid":39810208,"type":"Bâtiment en dur","code_dep":"10","code_insee":"10220"}},{"type":"Feature","id":"batiment.39898705","geometry":{"type":"MultiPolygon","coordinates":[[[[3.79083055,48.51102692],[3.79083319,48.51104939],[3.79096396,48.51104798],[3.79096216,48.51101839],[3.79083055,48.51102692]]]]},"geometry_name":"geom","properties":{"gid":39810209,"type":"Bâtiment en dur","code_dep":"10","code_insee":"10220"}},{"type":"Feature","id":"batiment.39898706","geometry":{"type":"MultiPolygon","coordinates":[[[[3.79073579,48.51063315],[3.79075238,48.51078148],[3.79090394,48.51077615],[3.79088817,48.51062782],[3.79073579,48.51063315]]]]},"geometry_name":"geom","properties":{"gid":39810210,"type":"Bâtiment en dur","code_dep":"10","code_insee":"10220"}},{"type":"Feature","id":"batiment.39898728","geometry":{"type":"MultiPolygon","coordinates":[[[[3.79062225,48.51123909],[3.79064416,48.5113361],[3.79069948,48.51133204],[3.79069144,48.51128379],[3.79074605,48.51127812],[3.79073732,48.51122842],[3.79069728,48.51123094],[3.79069492,48.51120928],[3.79065217,48.51121136],[3.79065659,48.51123517],[3.79062225,48.51123909]]]]},"geometry_name":"geom","properties":{"gid":39810232,"type":"Bâtiment en dur","code_dep":"10","code_insee":"10220"}},{"type":"Feature","id":"batiment.39898729","geometry":{"type":"MultiPolygon","coordinates":[[[[3.7903375,48.51133697],[3.79042935,48.51134032],[3.79053433,48.51134349],[3.79053737,48.511267],[3.79045144,48.51126073],[3.79044805,48.51128748],[3.79043355,48.51128694],[3.79033954,48.51128388],[3.7903375,48.51133697]]]]},"geometry_name":"geom","properties":{"gid":39810233,"type":"Bâtiment en dur","code_dep":"10","code_insee":"10220"}},{"type":"Feature","id":"batiment.39898730","geometry":{"type":"MultiPolygon","coordinates":[[[[3.79059119,48.51114537],[3.79057715,48.51109446],[3.79057567,48.51108592],[3.7905408,48.51108984],[3.79051859,48.51108972],[3.79053015,48.51114704],[3.79059119,48.51114537]]]]},"geometry_name":"geom","properties":{"gid":39810234,"type":"Bâtiment en dur","code_dep":"10","code_insee":"10220"}},{"type":"Feature","id":"batiment.39898731","geometry":{"type":"MultiPolygon","coordinates":[[[[3.79035023,48.51072631],[3.79035474,48.51082776],[3.79033106,48.51082863],[3.79033058,48.51086903],[3.79034751,48.51086892],[3.79034814,48.5109112],[3.79040311,48.51091056],[3.79040599,48.51099421],[3.79049453,48.51099344],[3.79049011,48.51072745],[3.79035023,48.51072631]]]]},"geometry_name":"geom","properties":{"gid":39810235,"type":"Bâtiment en dur","code_dep":"10","code_insee":"10220"}},{"type":"Feature","id":"batiment.39898732","geometry":{"type":"MultiPolygon","coordinates":[[[[3.79010746,48.51067206],[3.79011483,48.51080173],[3.7902318,48.51080096],[3.79023324,48.51072592],[3.79023375,48.5107054],[3.79022861,48.51066981],[3.79010746,48.51067206]]]]},"geometry_name":"geom","properties":{"gid":39810236,"type":"Bâtiment en dur","code_dep":"10","code_insee":"10220"}},{"type":"Feature","id":"batiment.39898733","geometry":{"type":"MultiPolygon","coordinates":[[[[3.79008024,48.51088707],[3.79004991,48.51091417],[3.79014388,48.51095978],[3.79017599,48.51093366],[3.79008024,48.51088707]]]]},"geometry_name":"geom","properties":{"gid":39810237,"type":"Bâtiment en dur","code_dep":"10","code_insee":"10220"}},{"type":"Feature","id":"batiment.39898734","geometry":{"type":"MultiPolygon","coordinates":[[[[3.79010963,48.5110139],[3.79013901,48.51101406],[3.7901413,48.51098607],[3.7901115,48.51098519],[3.79010963,48.5110139]]]]},"geometry_name":"geom","properties":{"gid":39810238,"type":"Bâtiment en dur","code_dep":"10","code_insee":"10220"}},{"type":"Feature","id":"batiment.39898735","geometry":{"type":"MultiPolygon","coordinates":[[[[3.79002398,48.51128733],[3.79012532,48.51129115],[3.79013057,48.51123561],[3.79015859,48.51123506],[3.79016682,48.51111644],[3.79002904,48.5111107],[3.79002239,48.51119072],[3.79003033,48.5111966],[3.79002398,48.51128733]]]]},"geometry_name":"geom","properties":{"gid":39810239,"type":"Bâtiment en dur","code_dep":"10","code_insee":"10220"}},{"type":"Feature","id":"batiment.39898736","geometry":{"type":"MultiPolygon","coordinates":[[[[3.78972218,48.51076575],[3.78983284,48.51082268],[3.78983011,48.51076674],[3.78972208,48.51071438],[3.78972218,48.51076575]]]]},"geometry_name":"geom","properties":{"gid":39810240,"type":"Bâtiment en dur","code_dep":"10","code_insee":"10220"}},{"type":"Feature","id":"batiment.39898765","geometry":{"type":"MultiPolygon","coordinates":[[[[3.78973553,48.51104985],[3.7898184,48.51105074],[3.78982606,48.51116368],[3.7898588,48.51116194],[3.78984559,48.5109946],[3.7897335,48.51099634],[3.78973553,48.51104985]]]]},"geometry_name":"geom","properties":{"gid":39810270,"type":"Bâtiment en dur","code_dep":"10","code_insee":"10220"}},{"type":"Feature","id":"batiment.39898766","geometry":{"type":"MultiPolygon","coordinates":[[[[3.78974454,48.51121676],[3.78974753,48.51131678],[3.78987121,48.51132082],[3.78986347,48.51122038],[3.78974454,48.51121676]]]]},"geometry_name":"geom","properties":{"gid":39810271,"type":"Bâtiment en dur","code_dep":"10","code_insee":"10220"}},{"type":"Feature","id":"batiment.39898767","geometry":{"type":"MultiPolygon","coordinates":[[[[3.7929864,48.51301917],[3.79291909,48.51306298],[3.79297389,48.51309599],[3.79303732,48.51305527],[3.7929864,48.51301917]]]]},"geometry_name":"geom","properties":{"gid":39810272,"type":"Bâtiment en dur","code_dep":"10","code_insee":"10220"}},{"type":"Feature","id":"batiment.39898768","geometry":{"type":"MultiPolygon","coordinates":[[[[3.78811127,48.51166096],[3.78813544,48.51180033],[3.78814316,48.51184598],[3.78822812,48.51184128],[3.78820786,48.51170044],[3.78821829,48.51170037],[3.78821043,48.51165526],[3.78811127,48.51166096]]]]},"geometry_name":"geom","properties":{"gid":39810273,"type":"Bâtiment en dur","code_dep":"10","code_insee":"10220"}},{"type":"Feature","id":"batiment.39898769","geometry":{"type":"MultiPolygon","coordinates":[[[[3.78811032,48.51151621],[3.78811048,48.51157208],[3.78811036,48.5116006],[3.78820746,48.51159258],[3.78820572,48.5115665],[3.78821289,48.51156672],[3.78820978,48.51151232],[3.78811032,48.51151621]]]]},"geometry_name":"geom","properties":{"gid":39810274,"type":"Bâtiment en dur","code_dep":"10","code_insee":"10220"}},{"type":"Feature","id":"batiment.39898770","geometry":{"type":"MultiPolygon","coordinates":[[[[3.78810955,48.5114474],[3.78832373,48.51143716],[3.78832237,48.51138238],[3.78825714,48.51138452],[3.78813311,48.51138409],[3.78810881,48.51139783],[3.78810955,48.5114474]]]]},"geometry_name":"geom","properties":{"gid":39810275,"type":"Bâtiment en dur","code_dep":"10","code_insee":"10220"}},{"type":"Feature","id":"batiment.39898771","geometry":{"type":"MultiPolygon","coordinates":[[[[3.78844069,48.51138097],[3.78845614,48.51145409],[3.78851333,48.51144877],[3.78859982,48.51144657],[3.78860146,48.51142083],[3.78863193,48.5114209],[3.78863305,48.5114146],[3.78864131,48.51141481],[3.78863966,48.51138576],[3.7886146,48.51138512],[3.78861429,48.51137325],[3.78850565,48.51136974],[3.78850444,48.51137982],[3.78847493,48.51138029],[3.78844069,48.51138097]]]]},"geometry_name":"geom","properties":{"gid":39810276,"type":"Bâtiment en dur","code_dep":"10","code_insee":"10220"}},{"type":"Feature","id":"batiment.39898772","geometry":{"type":"MultiPolygon","coordinates":[[[[3.78882316,48.51137888],[3.78873471,48.51137668],[3.78873805,48.51146401],[3.78874859,48.51156182],[3.78882994,48.51156011],[3.78882316,48.51137888]]]]},"geometry_name":"geom","properties":{"gid":39810277,"type":"Bâtiment en dur","code_dep":"10","code_insee":"10220"}},{"type":"Feature","id":"batiment.39898773","geometry":{"type":"MultiPolygon","coordinates":[[[[3.78875054,48.51159185],[3.78876065,48.51166133],[3.7888278,48.51166061],[3.78882267,48.51158985],[3.78875054,48.51159185]]]]},"geometry_name":"geom","properties":{"gid":39810278,"type":"Bâtiment en dur","code_dep":"10","code_insee":"10220"}},{"type":"Feature","id":"batiment.39898774","geometry":{"type":"MultiPolygon","coordinates":[[[[3.78884144,48.51159503],[3.78886247,48.51167055],[3.78889713,48.51167023],[3.78888743,48.51163728],[3.78891079,48.51163307],[3.78889699,48.51158863],[3.78884144,48.51159503]]]]},"geometry_name":"geom","properties":{"gid":39810279,"type":"Bâtiment en dur","code_dep":"10","code_insee":"10220"}},{"type":"Feature","id":"batiment.39898796","geometry":{"type":"MultiPolygon","coordinates":[[[[3.78915328,48.51138937],[3.78897853,48.51138334],[3.78897751,48.51149607],[3.78902825,48.51149348],[3.78903114,48.51146071],[3.78914141,48.51146412],[3.78915328,48.51138937]]]]},"geometry_name":"geom","properties":{"gid":39810301,"type":"Bâtiment en dur","code_dep":"10","code_insee":"10220"}},{"type":"Feature","id":"batiment.39898797","geometry":{"type":"MultiPolygon","coordinates":[[[[3.78966141,48.51145131],[3.78980302,48.51145892],[3.78980496,48.51147986],[3.79007248,48.51149581],[3.79007906,48.51144745],[3.78991781,48.5114389],[3.78991755,48.51141272],[3.78982204,48.51140904],[3.78966383,48.51140469],[3.78966141,48.51145131]]]]},"geometry_name":"geom","properties":{"gid":39810302,"type":"Bâtiment en dur","code_dep":"10","code_insee":"10220"}},{"type":"Feature","id":"batiment.39898798","geometry":{"type":"MultiPolygon","coordinates":[[[[3.78958448,48.51171919],[3.78971584,48.51172974],[3.7897257,48.51169252],[3.78986441,48.51170528],[3.78986226,48.51172445],[3.78996082,48.51173261],[3.7899713,48.51167317],[3.78986514,48.51166362],[3.78988652,48.51156398],[3.78985427,48.51156221],[3.78984539,48.51159331],[3.78974998,48.51158746],[3.78973074,48.51165857],[3.78959573,48.51164814],[3.78958448,48.51171919]]]]},"geometry_name":"geom","properties":{"gid":39810303,"type":"Bâtiment en dur","code_dep":"10","code_insee":"10220"}},{"type":"Feature","id":"batiment.39898799","geometry":{"type":"MultiPolygon","coordinates":[[[[3.79023035,48.51168467],[3.79033954,48.51168808],[3.79034103,48.51164318],[3.79035972,48.51164378],[3.79036808,48.51151534],[3.79024974,48.51151541],[3.79023035,48.51168467]]]]},"geometry_name":"geom","properties":{"gid":39810304,"type":"Bâtiment en dur","code_dep":"10","code_insee":"10220"}},{"type":"Feature","id":"batiment.39898800","geometry":{"type":"MultiPolygon","coordinates":[[[[3.79045721,48.51155397],[3.7905811,48.51156287],[3.79059152,48.51149991],[3.79046884,48.51149038],[3.79045721,48.51155397]]]]},"geometry_name":"geom","properties":{"gid":39810305,"type":"Bâtiment en dur","code_dep":"10","code_insee":"10220"}},{"type":"Feature","id":"batiment.39898801","geometry":{"type":"MultiPolygon","coordinates":[[[[3.79065275,48.51144787],[3.79065332,48.51150337],[3.79069518,48.51150534],[3.79069954,48.51152456],[3.79079502,48.51152663],[3.79079379,48.51145395],[3.79065275,48.51144787]]]]},"geometry_name":"geom","properties":{"gid":39810306,"type":"Bâtiment en dur","code_dep":"10","code_insee":"10220"}},{"type":"Feature","id":"batiment.39898802","geometry":{"type":"MultiPolygon","coordinates":[[[[3.7908747,48.51145881],[3.79087223,48.51149292],[3.79097048,48.51149847],[3.79094894,48.51153316],[3.79108373,48.51156519],[3.79112204,48.51149287],[3.79099286,48.51146522],[3.7908747,48.51145881]]]]},"geometry_name":"geom","properties":{"gid":39810307,"type":"Bâtiment en dur","code_dep":"10","code_insee":"10220"}},{"type":"Feature","id":"batiment.39898803","geometry":{"type":"MultiPolygon","coordinates":[[[[3.7914318,48.51179588],[3.79138134,48.51181627],[3.79132484,48.51175997],[3.79123578,48.51179835],[3.79131516,48.51188122],[3.79133806,48.51187342],[3.79138625,48.51191754],[3.79144701,48.51189743],[3.79145678,48.5119078],[3.79151697,48.51188554],[3.79146317,48.51182877],[3.7914318,48.51179588]]]]},"geometry_name":"geom","properties":{"gid":39810308,"type":"Bâtiment en dur","code_dep":"10","code_insee":"10220"}},{"type":"Feature","id":"batiment.39898804","geometry":{"type":"MultiPolygon","coordinates":[[[[3.79150661,48.51204224],[3.7915781,48.51205112],[3.79161023,48.51204478],[3.79158983,48.51202108],[3.79160314,48.51201487],[3.79154096,48.51194997],[3.79145276,48.51199123],[3.79150661,48.51204224]]]]},"geometry_name":"geom","properties":{"gid":39810309,"type":"Bâtiment en dur","code_dep":"10","code_insee":"10220"}},{"type":"Feature","id":"batiment.39898831","geometry":{"type":"MultiPolygon","coordinates":[[[[3.79168563,48.512062],[3.79157652,48.51210852],[3.79161572,48.51214892],[3.79164911,48.5121362],[3.79167248,48.51215952],[3.79174796,48.51212744],[3.79168563,48.512062]]]]},"geometry_name":"geom","properties":{"gid":39810335,"type":"Bâtiment en dur","code_dep":"10","code_insee":"10220"}},{"type":"Feature","id":"batiment.39898832","geometry":{"type":"MultiPolygon","coordinates":[[[[3.79186825,48.51233769],[3.7919129,48.5123714],[3.79199954,48.51232521],[3.79195233,48.51229224],[3.79186825,48.51233769]]]]},"geometry_name":"geom","properties":{"gid":39810336,"type":"Bâtiment en dur","code_dep":"10","code_insee":"10220"}},{"type":"Feature","id":"batiment.39898833","geometry":{"type":"MultiPolygon","coordinates":[[[[3.79208637,48.5123904],[3.79204208,48.51241687],[3.79201489,48.51240023],[3.79195078,48.51244096],[3.79198268,48.51246432],[3.79202819,48.51243811],[3.79223562,48.51258147],[3.79230014,48.5125411],[3.79208637,48.5123904]]]]},"geometry_name":"geom","properties":{"gid":39810337,"type":"Bâtiment en dur","code_dep":"10","code_insee":"10220"}},{"type":"Feature","id":"batiment.39898834","geometry":{"type":"MultiPolygon","coordinates":[[[[3.79241969,48.51271087],[3.79234466,48.51278163],[3.79225358,48.51273996],[3.79218644,48.51280374],[3.79236055,48.51288354],[3.79250326,48.51274846],[3.79241969,48.51271087]]]]},"geometry_name":"geom","properties":{"gid":39810338,"type":"Bâtiment en dur","code_dep":"10","code_insee":"10220"}},{"type":"Feature","id":"batiment.39898835","geometry":{"type":"MultiPolygon","coordinates":[[[[3.79222447,48.51300005],[3.79225962,48.51301385],[3.79228394,48.51299246],[3.79224918,48.5129774],[3.79222447,48.51300005]]]]},"geometry_name":"geom","properties":{"gid":39810339,"type":"Bâtiment en dur","code_dep":"10","code_insee":"10220"}},{"type":"Feature","id":"batiment.39898836","geometry":{"type":"MultiPolygon","coordinates":[[[[3.76752715,48.50375948],[3.76770625,48.50372198],[3.76766188,48.50362295],[3.76747924,48.50365867],[3.76752715,48.50375948]]]]},"geometry_name":"geom","properties":{"gid":39810340,"type":"Bâtiment en dur","code_dep":"10","code_insee":"10220"}},{"type":"Feature","id":"batiment.39898837","geometry":{"type":"MultiPolygon","coordinates":[[[[3.76779697,48.50386192],[3.76776998,48.50380307],[3.76770045,48.50381648],[3.76772757,48.50387451],[3.76779697,48.50386192]]]]},"geometry_name":"geom","properties":{"gid":39810341,"type":"Bâtiment en dur","code_dep":"10","code_insee":"10220"}},{"type":"Feature","id":"batiment.39898838","geometry":{"type":"MultiPolygon","coordinates":[[[[3.76794447,48.50386699],[3.76799146,48.50385886],[3.76795489,48.5037838],[3.76791466,48.50379134],[3.76787967,48.50371285],[3.76782984,48.50372163],[3.76784692,48.50376029],[3.76780563,48.50376902],[3.76784124,48.503844],[3.76792834,48.50382904],[3.76794447,48.50386699]]]]},"geometry_name":"geom","properties":{"gid":39810342,"type":"Bâtiment en dur","code_dep":"10","code_insee":"10220"}},{"type":"Feature","id":"batiment.39898839","geometry":{"type":"MultiPolygon","coordinates":[[[[3.76801105,48.50420743],[3.76803209,48.50424841],[3.7681759,48.50422292],[3.76815456,48.50417996],[3.76801105,48.50420743]]]]},"geometry_name":"geom","properties":{"gid":39810343,"type":"Bâtiment en dur","code_dep":"10","code_insee":"10220"}},{"type":"Feature","id":"batiment.39898840","geometry":{"type":"MultiPolygon","coordinates":[[[[3.76821048,48.50429152],[3.76814663,48.50430452],[3.76816733,48.50434955],[3.76823173,48.50433762],[3.76821048,48.50429152]]]]},"geometry_name":"geom","properties":{"gid":39810344,"type":"Bâtiment en dur","code_dep":"10","code_insee":"10220"}},{"type":"Feature","id":"batiment.39898863","geometry":{"type":"MultiPolygon","coordinates":[[[[3.7679535,48.50453986],[3.76801259,48.50466434],[3.7681269,48.50463976],[3.76806783,48.50451627],[3.7679535,48.50453986]]]]},"geometry_name":"geom","properties":{"gid":39810367,"type":"Bâtiment en dur","code_dep":"10","code_insee":"10220"}},{"type":"Feature","id":"batiment.39898864","geometry":{"type":"MultiPolygon","coordinates":[[[[3.76818677,48.5045585],[3.76821762,48.50462208],[3.76826957,48.50461086],[3.76823873,48.50454764],[3.76818677,48.5045585]]]]},"geometry_name":"geom","properties":{"gid":39810368,"type":"Bâtiment en dur","code_dep":"10","code_insee":"10220"}},{"type":"Feature","id":"batiment.39898865","geometry":{"type":"MultiPolygon","coordinates":[[[[3.76779646,48.506344],[3.76787068,48.50633659],[3.76785326,48.50622821],[3.76777783,48.50623616],[3.76779646,48.506344]]]]},"geometry_name":"geom","properties":{"gid":39810369,"type":"Bâtiment en dur","code_dep":"10","code_insee":"10220"}},{"type":"Feature","id":"batiment.39898866","geometry":{"type":"MultiPolygon","coordinates":[[[[3.76154777,48.50875023],[3.76168816,48.50874025],[3.76167753,48.50868004],[3.76153905,48.50869073],[3.76154777,48.50875023]]]]},"geometry_name":"geom","properties":{"gid":39810370,"type":"Bâtiment en dur","code_dep":"10","code_insee":"10220"}},{"type":"Feature","id":"batiment.39898867","geometry":{"type":"MultiPolygon","coordinates":[[[[3.7614948,48.50805777],[3.76153256,48.50814083],[3.76168536,48.50810909],[3.76164269,48.50802407],[3.7614948,48.50805777]]]]},"geometry_name":"geom","properties":{"gid":39810371,"type":"Bâtiment en dur","code_dep":"10","code_insee":"10220"}},{"type":"Feature","id":"batiment.39898868","geometry":{"type":"MultiPolygon","coordinates":[[[[3.7611906,48.50802184],[3.76123457,48.50810397],[3.76138244,48.50806847],[3.76133841,48.50798248],[3.7611906,48.50802184]]]]},"geometry_name":"geom","properties":{"gid":39810372,"type":"Bâtiment en dur","code_dep":"10","code_insee":"10220"}},{"type":"Feature","id":"batiment.39898869","geometry":{"type":"MultiPolygon","coordinates":[[[[3.76084278,48.50798431],[3.76105129,48.50830252],[3.76111931,48.50842776],[3.7612194,48.50840184],[3.7611246,48.50822279],[3.76118178,48.50820767],[3.76111144,48.50809009],[3.7611516,48.50807769],[3.76112042,48.50801896],[3.76099467,48.50804865],[3.76093186,48.5079652],[3.76084278,48.50798431]]]]},"geometry_name":"geom","properties":{"gid":39810373,"type":"Bâtiment en dur","code_dep":"10","code_insee":"10220"}},{"type":"Feature","id":"batiment.39898870","geometry":{"type":"MultiPolygon","coordinates":[[[[3.76078548,48.5078984],[3.76082344,48.50789213],[3.76080457,48.50786094],[3.76076539,48.5078665],[3.76078548,48.5078984]]]]},"geometry_name":"geom","properties":{"gid":39810374,"type":"Bâtiment en dur","code_dep":"10","code_insee":"10220"}},{"type":"Feature","id":"batiment.39898871","geometry":{"type":"MultiPolygon","coordinates":[[[[3.76084617,48.50785375],[3.76086949,48.50790272],[3.76090921,48.50789707],[3.76091249,48.50790856],[3.76109579,48.50787959],[3.76110432,48.50789852],[3.76115109,48.50789273],[3.76111886,48.50780846],[3.76084617,48.50785375]]]]},"geometry_name":"geom","properties":{"gid":39810375,"type":"Bâtiment en dur","code_dep":"10","code_insee":"10220"}},{"type":"Feature","id":"batiment.39898896","geometry":{"type":"MultiPolygon","coordinates":[[[[3.76067572,48.50763929],[3.76075616,48.50777174],[3.76087117,48.50774797],[3.76079878,48.50761079],[3.76067572,48.50763929]]]]},"geometry_name":"geom","properties":{"gid":39810401,"type":"Bâtiment en dur","code_dep":"10","code_insee":"10220"}},{"type":"Feature","id":"batiment.39898897","geometry":{"type":"MultiPolygon","coordinates":[[[[3.76053658,48.50754914],[3.76069561,48.50753598],[3.7606803,48.50746959],[3.76052128,48.50748347],[3.76053658,48.50754914]]]]},"geometry_name":"geom","properties":{"gid":39810402,"type":"Bâtiment en dur","code_dep":"10","code_insee":"10220"}},{"type":"Feature","id":"batiment.39898898","geometry":{"type":"MultiPolygon","coordinates":[[[[3.76050751,48.50738316],[3.7606522,48.50737135],[3.76063994,48.50730099],[3.76049208,48.50729987],[3.76050751,48.50738316]]]]},"geometry_name":"geom","properties":{"gid":39810403,"type":"Bâtiment en dur","code_dep":"10","code_insee":"10220"}},{"type":"Feature","id":"batiment.39898899","geometry":{"type":"MultiPolygon","coordinates":[[[[3.76053356,48.5072189],[3.76068757,48.50720577],[3.76067223,48.50713732],[3.76052145,48.5071498],[3.76053356,48.5072189]]]]},"geometry_name":"geom","properties":{"gid":39810404,"type":"Bâtiment en dur","code_dep":"10","code_insee":"10220"}},{"type":"Feature","id":"batiment.39898900","geometry":{"type":"MultiPolygon","coordinates":[[[[3.79522545,48.50357922],[3.79560841,48.50355066],[3.79560315,48.5034987],[3.79521797,48.50352368],[3.79522545,48.50357922]]]]},"geometry_name":"geom","properties":{"gid":39810405,"type":"Construction légère","code_dep":"10","code_insee":"10220"}},{"type":"Feature","id":"batiment.39898901","geometry":{"type":"MultiPolygon","coordinates":[[[[3.7950616,48.50217374],[3.79525021,48.50215799],[3.79521641,48.50194654],[3.79502654,48.50195968],[3.7950616,48.50217374]]]]},"geometry_name":"geom","properties":{"gid":39810406,"type":"Construction légère","code_dep":"10","code_insee":"10220"}},{"type":"Feature","id":"batiment.39898902","geometry":{"type":"MultiPolygon","coordinates":[[[[3.79851799,48.5011328],[3.79858998,48.50113097],[3.79858098,48.50106446],[3.79851107,48.50106951],[3.79851799,48.5011328]]]]},"geometry_name":"geom","properties":{"gid":39810407,"type":"Construction légère","code_dep":"10","code_insee":"10220"}},{"type":"Feature","id":"batiment.39898903","geometry":{"type":"MultiPolygon","coordinates":[[[[3.79861357,48.50277876],[3.79864916,48.50300919],[3.79874961,48.50300069],[3.7987153,48.50277457],[3.79861357,48.50277876]]]]},"geometry_name":"geom","properties":{"gid":39810408,"type":"Construction légère","code_dep":"10","code_insee":"10220"}},{"type":"Feature","id":"batiment.39898904","geometry":{"type":"MultiPolygon","coordinates":[[[[3.78595839,48.50413019],[3.7860369,48.50412922],[3.78603642,48.5041151],[3.78595765,48.50411697],[3.78595839,48.50413019]]]]},"geometry_name":"geom","properties":{"gid":39810409,"type":"Construction légère","code_dep":"10","code_insee":"10220"}},{"type":"Feature","id":"batiment.39898905","geometry":{"type":"MultiPolygon","coordinates":[[[[3.78582848,48.5033741],[3.78585472,48.50337267],[3.78585186,48.50334444],[3.78582832,48.5033454],[3.78582426,48.50334552],[3.78582848,48.5033741]]]]},"geometry_name":"geom","properties":{"gid":39810410,"type":"Construction légère","code_dep":"10","code_insee":"10220"}},{"type":"Feature","id":"batiment.39898976","geometry":{"type":"MultiPolygon","coordinates":[[[[3.78624785,48.50290235],[3.78625295,48.50298094],[3.78626756,48.50297977],[3.78626511,48.50291582],[3.78627796,48.50291546],[3.78627734,48.50290116],[3.78624785,48.50290235]]]]},"geometry_name":"geom","properties":{"gid":39810481,"type":"Construction légère","code_dep":"10","code_insee":"10220"}},{"type":"Feature","id":"batiment.39898978","geometry":{"type":"MultiPolygon","coordinates":[[[[3.78470824,48.50176333],[3.78500521,48.50175202],[3.78499843,48.50163358],[3.78499004,48.50163363],[3.78469726,48.50164465],[3.78470824,48.50176333]]]]},"geometry_name":"geom","properties":{"gid":39810483,"type":"Construction légère","code_dep":"10","code_insee":"10220"}},{"type":"Feature","id":"batiment.39898979","geometry":{"type":"MultiPolygon","coordinates":[[[[3.78528116,48.50156604],[3.78527682,48.50152009],[3.78496643,48.50153033],[3.78496792,48.50157584],[3.78498782,48.50157598],[3.78513015,48.50157054],[3.78528116,48.50156604]]]]},"geometry_name":"geom","properties":{"gid":39810484,"type":"Construction légère","code_dep":"10","code_insee":"10220"}},{"type":"Feature","id":"batiment.39898980","geometry":{"type":"MultiPolygon","coordinates":[[[[3.78500304,48.50147116],[3.78503796,48.50147066],[3.78503736,48.50144854],[3.78500163,48.50144913],[3.78500304,48.50147116]]]]},"geometry_name":"geom","properties":{"gid":39810485,"type":"Construction légère","code_dep":"10","code_insee":"10220"}},{"type":"Feature","id":"batiment.39898981","geometry":{"type":"MultiPolygon","coordinates":[[[[3.78495257,48.50559947],[3.78495687,48.50563317],[3.78501722,48.50563098],[3.78501415,48.50559798],[3.78495257,48.50559947]]]]},"geometry_name":"geom","properties":{"gid":39810486,"type":"Construction légère","code_dep":"10","code_insee":"10220"}},{"type":"Feature","id":"batiment.39898982","geometry":{"type":"MultiPolygon","coordinates":[[[[3.785021,48.50566694],[3.78497972,48.50566775],[3.78498398,48.5057172],[3.78502646,48.50571485],[3.785021,48.50566694]]]]},"geometry_name":"geom","properties":{"gid":39810487,"type":"Construction légère","code_dep":"10","code_insee":"10220"}},{"type":"Feature","id":"batiment.39898983","geometry":{"type":"MultiPolygon","coordinates":[[[[3.78552763,48.5061385],[3.78552801,48.50616423],[3.78560314,48.50616373],[3.78560417,48.50615068],[3.78560397,48.50613764],[3.78552763,48.5061385]]]]},"geometry_name":"geom","properties":{"gid":39810488,"type":"Construction légère","code_dep":"10","code_insee":"10220"}},{"type":"Feature","id":"batiment.39898984","geometry":{"type":"MultiPolygon","coordinates":[[[[3.78543149,48.50645374],[3.78542986,48.50641741],[3.78534051,48.50641809],[3.78534023,48.50643527],[3.78528256,48.50643565],[3.78528385,48.50645822],[3.78543149,48.50645374]]]]},"geometry_name":"geom","properties":{"gid":39810489,"type":"Construction légère","code_dep":"10","code_insee":"10220"}},{"type":"Feature","id":"batiment.39898985","geometry":{"type":"MultiPolygon","coordinates":[[[[3.78517127,48.50647183],[3.78512092,48.50647244],[3.78512438,48.50652306],[3.78517364,48.50652157],[3.78517127,48.50647183]]]]},"geometry_name":"geom","properties":{"gid":39810490,"type":"Construction légère","code_dep":"10","code_insee":"10220"}},{"type":"Feature","id":"batiment.39899013","geometry":{"type":"MultiPolygon","coordinates":[[[[3.78534172,48.5069512],[3.78546346,48.50694392],[3.78546092,48.50691865],[3.78534041,48.50692701],[3.78534172,48.5069512]]]]},"geometry_name":"geom","properties":{"gid":39810518,"type":"Construction légère","code_dep":"10","code_insee":"10220"}},{"type":"Feature","id":"batiment.39899014","geometry":{"type":"MultiPolygon","coordinates":[[[[3.7849864,48.50689246],[3.78498813,48.50696262],[3.78502333,48.50696239],[3.78502038,48.50689188],[3.7849864,48.50689246]]]]},"geometry_name":"geom","properties":{"gid":39810519,"type":"Construction légère","code_dep":"10","code_insee":"10220"}},{"type":"Feature","id":"batiment.39899015","geometry":{"type":"MultiPolygon","coordinates":[[[[3.78551328,48.50740447],[3.78554129,48.50740374],[3.78554163,48.50736335],[3.78551278,48.50736255],[3.78551328,48.50740447]]]]},"geometry_name":"geom","properties":{"gid":39810520,"type":"Construction légère","code_dep":"10","code_insee":"10220"}},{"type":"Feature","id":"batiment.39899016","geometry":{"type":"MultiPolygon","coordinates":[[[[3.78496268,48.50769572],[3.78503667,48.50769136],[3.78503294,48.50765018],[3.78495923,48.50765517],[3.78496268,48.50769572]]]]},"geometry_name":"geom","properties":{"gid":39810521,"type":"Construction légère","code_dep":"10","code_insee":"10220"}},{"type":"Feature","id":"batiment.39899017","geometry":{"type":"MultiPolygon","coordinates":[[[[3.78509778,48.50795698],[3.78518953,48.50794513],[3.78518318,48.50791854],[3.78509128,48.50793003],[3.78509778,48.50795698]]]]},"geometry_name":"geom","properties":{"gid":39810522,"type":"Construction légère","code_dep":"10","code_insee":"10220"}},{"type":"Feature","id":"batiment.39899018","geometry":{"type":"MultiPolygon","coordinates":[[[[3.78530141,48.50812036],[3.78547532,48.50811588],[3.78547497,48.5080924],[3.78529903,48.5080968],[3.78530141,48.50812036]]]]},"geometry_name":"geom","properties":{"gid":39810523,"type":"Construction légère","code_dep":"10","code_insee":"10220"}},{"type":"Feature","id":"batiment.39899019","geometry":{"type":"MultiPolygon","coordinates":[[[[3.78481127,48.50818135],[3.78486677,48.50818089],[3.78486745,48.50811747],[3.78480153,48.50811862],[3.78481127,48.50818135]]]]},"geometry_name":"geom","properties":{"gid":39810524,"type":"Construction légère","code_dep":"10","code_insee":"10220"}},{"type":"Feature","id":"batiment.39899020","geometry":{"type":"MultiPolygon","coordinates":[[[[3.78490235,48.50845954],[3.78498883,48.50845726],[3.7849875,48.50844108],[3.78490089,48.50844318],[3.78490235,48.50845954]]]]},"geometry_name":"geom","properties":{"gid":39810525,"type":"Construction légère","code_dep":"10","code_insee":"10220"}},{"type":"Feature","id":"batiment.39899021","geometry":{"type":"MultiPolygon","coordinates":[[[[3.78619832,48.50533375],[3.78619934,48.50530271],[3.78616277,48.50530169],[3.78616189,48.50533346],[3.78619832,48.50533375]]]]},"geometry_name":"geom","properties":{"gid":39810526,"type":"Construction légère","code_dep":"10","code_insee":"10220"}},{"type":"Feature","id":"batiment.39899022","geometry":{"type":"MultiPolygon","coordinates":[[[[3.78607111,48.50535565],[3.7860742,48.50528132],[3.78603669,48.50528103],[3.78603577,48.50535525],[3.78607111,48.50535565]]]]},"geometry_name":"geom","properties":{"gid":39810527,"type":"Construction légère","code_dep":"10","code_insee":"10220"}},{"type":"Feature","id":"batiment.39899047","geometry":{"type":"MultiPolygon","coordinates":[[[[3.78686054,48.50558217],[3.78687407,48.50558172],[3.78687406,48.50556301],[3.78685945,48.50556364],[3.78686054,48.50558217]]]]},"geometry_name":"geom","properties":{"gid":39810551,"type":"Construction légère","code_dep":"10","code_insee":"10220"}},{"type":"Feature","id":"batiment.39899048","geometry":{"type":"MultiPolygon","coordinates":[[[[3.78810428,48.50512933],[3.78815356,48.50516535],[3.78822391,48.50512628],[3.78817722,48.50509133],[3.78810428,48.50512933]]]]},"geometry_name":"geom","properties":{"gid":39810552,"type":"Construction légère","code_dep":"10","code_insee":"10220"}},{"type":"Feature","id":"batiment.39899049","geometry":{"type":"MultiPolygon","coordinates":[[[[3.79193802,48.50644708],[3.79193037,48.50633477],[3.79190262,48.50633495],[3.79191013,48.50644727],[3.79193802,48.50644708]]]]},"geometry_name":"geom","properties":{"gid":39810553,"type":"Construction légère","code_dep":"10","code_insee":"10220"}},{"type":"Feature","id":"batiment.39899050","geometry":{"type":"MultiPolygon","coordinates":[[[[3.79059755,48.50575411],[3.79062136,48.50575332],[3.79061949,48.50570053],[3.79063263,48.50570152],[3.79062959,48.50561662],[3.79059549,48.5056172],[3.79059506,48.50564275],[3.79059755,48.50575411]]]]},"geometry_name":"geom","properties":{"gid":39810554,"type":"Construction légère","code_dep":"10","code_insee":"10220"}},{"type":"Feature","id":"batiment.39899051","geometry":{"type":"MultiPolygon","coordinates":[[[[3.79054004,48.50575593],[3.79054176,48.50578903],[3.79059752,48.50578794],[3.79059755,48.50575411],[3.79054004,48.50575593]]]]},"geometry_name":"geom","properties":{"gid":39810555,"type":"Construction légère","code_dep":"10","code_insee":"10220"}},{"type":"Feature","id":"batiment.39899052","geometry":{"type":"MultiPolygon","coordinates":[[[[3.78951364,48.5054827],[3.78953502,48.5054096],[3.78949895,48.50540606],[3.78947786,48.50547979],[3.78951364,48.5054827]]]]},"geometry_name":"geom","properties":{"gid":39810556,"type":"Construction légère","code_dep":"10","code_insee":"10220"}},{"type":"Feature","id":"batiment.39899053","geometry":{"type":"MultiPolygon","coordinates":[[[[3.79002954,48.50574907],[3.79001235,48.50566876],[3.78997137,48.50567119],[3.78995403,48.50567086],[3.78995044,48.50568411],[3.78996227,48.50574106],[3.7899849,48.50575189],[3.79002954,48.50574907]]]]},"geometry_name":"geom","properties":{"gid":39810557,"type":"Construction légère","code_dep":"10","code_insee":"10220"}},{"type":"Feature","id":"batiment.39899054","geometry":{"type":"MultiPolygon","coordinates":[[[[3.78698638,48.50773478],[3.78700493,48.50773466],[3.78700193,48.50768835],[3.7869842,48.50768847],[3.78698638,48.50773478]]]]},"geometry_name":"geom","properties":{"gid":39810558,"type":"Construction légère","code_dep":"10","code_insee":"10220"}},{"type":"Feature","id":"batiment.39899055","geometry":{"type":"MultiPolygon","coordinates":[[[[3.78711791,48.50776657],[3.78710816,48.50776645],[3.78710923,48.50783734],[3.78714645,48.50783664],[3.78714646,48.50780128],[3.78711843,48.50780084],[3.78711791,48.50776657]]]]},"geometry_name":"geom","properties":{"gid":39810559,"type":"Construction légère","code_dep":"10","code_insee":"10220"}},{"type":"Feature","id":"batiment.39899083","geometry":{"type":"MultiPolygon","coordinates":[[[[3.78698774,48.50787979],[3.78701536,48.50787997],[3.7870126,48.50776763],[3.78698607,48.50776807],[3.78698774,48.50787979]]]]},"geometry_name":"geom","properties":{"gid":39810587,"type":"Construction légère","code_dep":"10","code_insee":"10220"}},{"type":"Feature","id":"batiment.39899084","geometry":{"type":"MultiPolygon","coordinates":[[[[3.78699348,48.50806355],[3.7870196,48.50806338],[3.78701698,48.50795148],[3.78699086,48.50795228],[3.78699348,48.50806355]]]]},"geometry_name":"geom","properties":{"gid":39810588,"type":"Construction légère","code_dep":"10","code_insee":"10220"}},{"type":"Feature","id":"batiment.39899085","geometry":{"type":"MultiPolygon","coordinates":[[[[3.78712573,48.50806223],[3.787124,48.50802805],[3.78715134,48.5080276],[3.78715025,48.50799099],[3.78711411,48.50799159],[3.78711517,48.5080623],[3.78712573,48.50806223]]]]},"geometry_name":"geom","properties":{"gid":39810589,"type":"Construction légère","code_dep":"10","code_insee":"10220"}},{"type":"Feature","id":"batiment.39899086","geometry":{"type":"MultiPolygon","coordinates":[[[[3.78699397,48.50809674],[3.7869948,48.50814253],[3.78701551,48.50814266],[3.78701346,48.50809626],[3.78699397,48.50809674]]]]},"geometry_name":"geom","properties":{"gid":39810590,"type":"Construction légère","code_dep":"10","code_insee":"10220"}},{"type":"Feature","id":"batiment.39899087","geometry":{"type":"MultiPolygon","coordinates":[[[[3.78698446,48.50741732],[3.78698484,48.50744259],[3.78709001,48.507441],[3.78709002,48.50741473],[3.78698446,48.50741732]]]]},"geometry_name":"geom","properties":{"gid":39810591,"type":"Construction légère","code_dep":"10","code_insee":"10220"}},{"type":"Feature","id":"batiment.39899088","geometry":{"type":"MultiPolygon","coordinates":[[[[3.78691998,48.507523],[3.78715063,48.50751967],[3.7871497,48.50750322],[3.78691971,48.50750528],[3.78691998,48.507523]]]]},"geometry_name":"geom","properties":{"gid":39810592,"type":"Construction légère","code_dep":"10","code_insee":"10220"}},{"type":"Feature","id":"batiment.39899089","geometry":{"type":"MultiPolygon","coordinates":[[[[3.78664526,48.50742289],[3.78664711,48.50744699],[3.78675418,48.50744538],[3.78675461,48.50742001],[3.78664526,48.50742289]]]]},"geometry_name":"geom","properties":{"gid":39810593,"type":"Construction légère","code_dep":"10","code_insee":"10220"}},{"type":"Feature","id":"batiment.39899090","geometry":{"type":"MultiPolygon","coordinates":[[[[3.78658346,48.50752721],[3.78681359,48.50752496],[3.78681333,48.50750769],[3.78658322,48.50751075],[3.78658346,48.50752721]]]]},"geometry_name":"geom","properties":{"gid":39810594,"type":"Construction légère","code_dep":"10","code_insee":"10220"}},{"type":"Feature","id":"batiment.39899091","geometry":{"type":"MultiPolygon","coordinates":[[[[3.7867308,48.50778218],[3.78672956,48.50773603],[3.78671115,48.50773589],[3.7867109,48.50778231],[3.7867308,48.50778218]]]]},"geometry_name":"geom","properties":{"gid":39810595,"type":"Construction légère","code_dep":"10","code_insee":"10220"}},{"type":"Feature","id":"batiment.39899092","geometry":{"type":"MultiPolygon","coordinates":[[[[3.78660187,48.50788775],[3.78661946,48.50788763],[3.78661745,48.50781675],[3.7866,48.5078175],[3.78660187,48.50788775]]]]},"geometry_name":"geom","properties":{"gid":39810596,"type":"Construction légère","code_dep":"10","code_insee":"10220"}},{"type":"Feature","id":"batiment.39899118","geometry":{"type":"MultiPolygon","coordinates":[[[[3.78673315,48.50788481],[3.78673075,48.5078151],[3.78671451,48.50781521],[3.78671473,48.50788412],[3.78673315,48.50788481]]]]},"geometry_name":"geom","properties":{"gid":39810622,"type":"Construction légère","code_dep":"10","code_insee":"10220"}},{"type":"Feature","id":"batiment.39899119","geometry":{"type":"MultiPolygon","coordinates":[[[[3.7867365,48.50800912],[3.78673421,48.50791917],[3.7867158,48.50791956],[3.78671714,48.50800888],[3.7867365,48.50800912]]]]},"geometry_name":"geom","properties":{"gid":39810623,"type":"Construction légère","code_dep":"10","code_insee":"10220"}},{"type":"Feature","id":"batiment.39899120","geometry":{"type":"MultiPolygon","coordinates":[[[[3.78673981,48.50811228],[3.78673797,48.50804365],[3.78671942,48.5080435],[3.7867218,48.5081124],[3.78673981,48.50811228]]]]},"geometry_name":"geom","properties":{"gid":39810624,"type":"Construction légère","code_dep":"10","code_insee":"10220"}},{"type":"Feature","id":"batiment.39899121","geometry":{"type":"MultiPolygon","coordinates":[[[[3.78660703,48.50811469],[3.78662462,48.50811403],[3.78662277,48.50804477],[3.78660598,48.50804462],[3.78660703,48.50811469]]]]},"geometry_name":"geom","properties":{"gid":39810625,"type":"Construction légère","code_dep":"10","code_insee":"10220"}},{"type":"Feature","id":"batiment.39899122","geometry":{"type":"MultiPolygon","coordinates":[[[[3.78672395,48.50819218],[3.78674059,48.50819171],[3.78673991,48.50814611],[3.78672015,48.5081466],[3.78672395,48.50819218]]]]},"geometry_name":"geom","properties":{"gid":39810626,"type":"Construction légère","code_dep":"10","code_insee":"10220"}},{"type":"Feature","id":"batiment.39899123","geometry":{"type":"MultiPolygon","coordinates":[[[[3.78682846,48.50870608],[3.78692086,48.50874667],[3.78694142,48.50872728],[3.78684646,48.5086877],[3.78682846,48.50870608]]]]},"geometry_name":"geom","properties":{"gid":39810627,"type":"Construction légère","code_dep":"10","code_insee":"10220"}},{"type":"Feature","id":"batiment.39899124","geometry":{"type":"MultiPolygon","coordinates":[[[[3.78679099,48.50881635],[3.78692559,48.50887205],[3.78696169,48.50883295],[3.78687572,48.50879699],[3.78689144,48.5087797],[3.78684566,48.50876066],[3.78679099,48.50881635]]]]},"geometry_name":"geom","properties":{"gid":39810628,"type":"Construction légère","code_dep":"10","code_insee":"10220"}},{"type":"Feature","id":"batiment.39899125","geometry":{"type":"MultiPolygon","coordinates":[[[[3.7860833,48.50878091],[3.78608323,48.50872172],[3.78603745,48.50872049],[3.7860367,48.50877897],[3.7860833,48.50878091]]]]},"geometry_name":"geom","properties":{"gid":39810629,"type":"Construction légère","code_dep":"10","code_insee":"10220"}},{"type":"Feature","id":"batiment.39899126","geometry":{"type":"MultiPolygon","coordinates":[[[[3.78595597,48.50878571],[3.78598533,48.50878453],[3.78598854,48.50873629],[3.78595739,48.50873604],[3.78595597,48.50878571]]]]},"geometry_name":"geom","properties":{"gid":39810630,"type":"Construction légère","code_dep":"10","code_insee":"10220"}},{"type":"Feature","id":"batiment.39899127","geometry":{"type":"MultiPolygon","coordinates":[[[[3.78614346,48.50822337],[3.78614131,48.50826054],[3.78620643,48.50826065],[3.78620775,48.50822205],[3.78617365,48.50822317],[3.78614346,48.50822337]]]]},"geometry_name":"geom","properties":{"gid":39810631,"type":"Construction légère","code_dep":"10","code_insee":"10220"}},{"type":"Feature","id":"batiment.39899153","geometry":{"type":"MultiPolygon","coordinates":[[[[3.78606762,48.50743571],[3.78606771,48.50747826],[3.78610453,48.50747784],[3.78610389,48.50743511],[3.78606762,48.50743571]]]]},"geometry_name":"geom","properties":{"gid":39810657,"type":"Construction légère","code_dep":"10","code_insee":"10220"}},{"type":"Feature","id":"batiment.39899154","geometry":{"type":"MultiPolygon","coordinates":[[[[3.78598592,48.50720567],[3.78598702,48.50722537],[3.78608229,48.50722258],[3.78607958,48.50720398],[3.78598592,48.50720567]]]]},"geometry_name":"geom","properties":{"gid":39810658,"type":"Construction légère","code_dep":"10","code_insee":"10220"}},{"type":"Feature","id":"batiment.39899155","geometry":{"type":"MultiPolygon","coordinates":[[[[3.78597745,48.50679406],[3.78612366,48.50678473],[3.78615653,48.50678262],[3.78615687,48.50676049],[3.78597738,48.50677121],[3.78597745,48.50679406]]]]},"geometry_name":"geom","properties":{"gid":39810659,"type":"Construction légère","code_dep":"10","code_insee":"10220"}},{"type":"Feature","id":"batiment.39899156","geometry":{"type":"MultiPolygon","coordinates":[[[[3.78670339,48.50663146],[3.78670313,48.50664091],[3.78674753,48.5066407],[3.78674711,48.50663063],[3.78670339,48.50663146]]]]},"geometry_name":"geom","properties":{"gid":39810660,"type":"Construction légère","code_dep":"10","code_insee":"10220"}},{"type":"Feature","id":"batiment.39899157","geometry":{"type":"MultiPolygon","coordinates":[[[[3.78795957,48.50736596],[3.78798761,48.50735804],[3.78796768,48.50732938],[3.78794139,48.50733631],[3.78795957,48.50736596]]]]},"geometry_name":"geom","properties":{"gid":39810661,"type":"Construction légère","code_dep":"10","code_insee":"10220"}},{"type":"Feature","id":"batiment.39899158","geometry":{"type":"MultiPolygon","coordinates":[[[[3.78925904,48.50827631],[3.78935075,48.50832437],[3.78937322,48.50830641],[3.78927638,48.5082591],[3.78925904,48.50827631]]]]},"geometry_name":"geom","properties":{"gid":39810662,"type":"Construction légère","code_dep":"10","code_insee":"10220"}},{"type":"Feature","id":"batiment.39899159","geometry":{"type":"MultiPolygon","coordinates":[[[[3.78899509,48.50819017],[3.78904909,48.5082159],[3.78907367,48.50819379],[3.78901644,48.50816943],[3.78899509,48.50819017]]]]},"geometry_name":"geom","properties":{"gid":39810663,"type":"Construction légère","code_dep":"10","code_insee":"10220"}},{"type":"Feature","id":"batiment.39899161","geometry":{"type":"MultiPolygon","coordinates":[[[[3.79062496,48.50834604],[3.79073047,48.5083573],[3.7907357,48.50833631],[3.79062951,48.50832424],[3.79062496,48.50834604]]]]},"geometry_name":"geom","properties":{"gid":39810665,"type":"Construction légère","code_dep":"10","code_insee":"10220"}},{"type":"Feature","id":"batiment.39899162","geometry":{"type":"MultiPolygon","coordinates":[[[[3.78993001,48.50772587],[3.78996474,48.50774903],[3.79002668,48.50770813],[3.78999547,48.50768531],[3.78993001,48.50772587]]]]},"geometry_name":"geom","properties":{"gid":39810666,"type":"Construction légère","code_dep":"10","code_insee":"10220"}},{"type":"Feature","id":"batiment.39899191","geometry":{"type":"MultiPolygon","coordinates":[[[[3.78934121,48.50751927],[3.789402,48.50748351],[3.7893717,48.50745861],[3.78931037,48.50749437],[3.78934121,48.50751927]]]]},"geometry_name":"geom","properties":{"gid":39810696,"type":"Construction légère","code_dep":"10","code_insee":"10220"}},{"type":"Feature","id":"batiment.39899192","geometry":{"type":"MultiPolygon","coordinates":[[[[3.78903618,48.50748333],[3.78901578,48.5074957],[3.78913492,48.50758523],[3.78915478,48.50757376],[3.78903618,48.50748333]]]]},"geometry_name":"geom","properties":{"gid":39810697,"type":"Construction légère","code_dep":"10","code_insee":"10220"}},{"type":"Feature","id":"batiment.39899193","geometry":{"type":"MultiPolygon","coordinates":[[[[3.78936897,48.50686262],[3.78940659,48.50686156],[3.78940588,48.50677889],[3.78936824,48.50677833],[3.78936897,48.50686262]]]]},"geometry_name":"geom","properties":{"gid":39810698,"type":"Construction légère","code_dep":"10","code_insee":"10220"}},{"type":"Feature","id":"batiment.39899194","geometry":{"type":"MultiPolygon","coordinates":[[[[3.78880717,48.50708289],[3.7888073,48.50709117],[3.78892007,48.50709078],[3.78892088,48.50708142],[3.78880717,48.50708289]]]]},"geometry_name":"geom","properties":{"gid":39810699,"type":"Construction légère","code_dep":"10","code_insee":"10220"}},{"type":"Feature","id":"batiment.39899195","geometry":{"type":"MultiPolygon","coordinates":[[[[3.7885142,48.50711902],[3.78852792,48.50711362],[3.78849991,48.50707845],[3.78848645,48.50708385],[3.7885142,48.50711902]]]]},"geometry_name":"geom","properties":{"gid":39810700,"type":"Construction légère","code_dep":"10","code_insee":"10220"}},{"type":"Feature","id":"batiment.39899196","geometry":{"type":"MultiPolygon","coordinates":[[[[3.7923316,48.50775702],[3.79232321,48.50775716],[3.79232508,48.50780042],[3.79233266,48.50780028],[3.7923316,48.50775702]]]]},"geometry_name":"geom","properties":{"gid":39810701,"type":"Construction légère","code_dep":"10","code_insee":"10220"}},{"type":"Feature","id":"batiment.39899197","geometry":{"type":"MultiPolygon","coordinates":[[[[3.79234096,48.50744433],[3.79233517,48.50735648],[3.79232001,48.50735685],[3.79232282,48.50744428],[3.79234096,48.50744433]]]]},"geometry_name":"geom","properties":{"gid":39810702,"type":"Construction légère","code_dep":"10","code_insee":"10220"}},{"type":"Feature","id":"batiment.39899198","geometry":{"type":"MultiPolygon","coordinates":[[[[3.79230055,48.50692021],[3.79229965,48.50690501],[3.79228625,48.50690555],[3.79228675,48.50692066],[3.79230055,48.50692021]]]]},"geometry_name":"geom","properties":{"gid":39810703,"type":"Construction légère","code_dep":"10","code_insee":"10220"}},{"type":"Feature","id":"batiment.39899199","geometry":{"type":"MultiPolygon","coordinates":[[[[3.79153749,48.50694563],[3.79157417,48.50694538],[3.79157425,48.50691416],[3.7915358,48.50691478],[3.79153749,48.50694563]]]]},"geometry_name":"geom","properties":{"gid":39810704,"type":"Construction légère","code_dep":"10","code_insee":"10220"}},{"type":"Feature","id":"batiment.39899200","geometry":{"type":"MultiPolygon","coordinates":[[[[3.79170784,48.50727996],[3.79173498,48.50729301],[3.79181155,48.50722646],[3.79178373,48.50721297],[3.79170784,48.50727996]]]]},"geometry_name":"geom","properties":{"gid":39810705,"type":"Construction légère","code_dep":"10","code_insee":"10220"}},{"type":"Feature","id":"batiment.39899223","geometry":{"type":"MultiPolygon","coordinates":[[[[3.79170342,48.50743527],[3.79167314,48.50742081],[3.79159178,48.50747488],[3.79162138,48.50748997],[3.79170342,48.50743527]]]]},"geometry_name":"geom","properties":{"gid":39810730,"type":"Construction légère","code_dep":"10","code_insee":"10220"}},{"type":"Feature","id":"batiment.39899224","geometry":{"type":"MultiPolygon","coordinates":[[[[3.79046225,48.50876122],[3.79045675,48.50878267],[3.79054075,48.50879507],[3.79054732,48.50877298],[3.79046225,48.50876122]]]]},"geometry_name":"geom","properties":{"gid":39810731,"type":"Construction légère","code_dep":"10","code_insee":"10220"}},{"type":"Feature","id":"batiment.39899225","geometry":{"type":"MultiPolygon","coordinates":[[[[3.79321485,48.50736977],[3.79321457,48.50736015],[3.79300253,48.50735023],[3.7930021,48.50735707],[3.79300215,48.50736076],[3.79321485,48.50736977]]]]},"geometry_name":"geom","properties":{"gid":39810732,"type":"Construction légère","code_dep":"10","code_insee":"10220"}},{"type":"Feature","id":"batiment.39899226","geometry":{"type":"MultiPolygon","coordinates":[[[[3.79282858,48.50734266],[3.79287058,48.50734454],[3.79287125,48.50732591],[3.79282873,48.5073253],[3.79282858,48.50734266]]]]},"geometry_name":"geom","properties":{"gid":39810733,"type":"Construction légère","code_dep":"10","code_insee":"10220"}},{"type":"Feature","id":"batiment.39899227","geometry":{"type":"MultiPolygon","coordinates":[[[[3.79313479,48.50795786],[3.79313267,48.50797002],[3.79322734,48.5079809],[3.79323028,48.50796999],[3.79313479,48.50795786]]]]},"geometry_name":"geom","properties":{"gid":39810734,"type":"Construction légère","code_dep":"10","code_insee":"10220"}},{"type":"Feature","id":"batiment.39899228","geometry":{"type":"MultiPolygon","coordinates":[[[[3.79288807,48.50837648],[3.79287846,48.50837655],[3.79287658,48.50835092],[3.79285425,48.50835134],[3.79285645,48.50838965],[3.79288785,48.50838881],[3.79288807,48.50837648]]]]},"geometry_name":"geom","properties":{"gid":39810735,"type":"Construction légère","code_dep":"10","code_insee":"10220"}},{"type":"Feature","id":"batiment.39899229","geometry":{"type":"MultiPolygon","coordinates":[[[[3.79276201,48.50841187],[3.79276513,48.50843002],[3.79283148,48.50845765],[3.79288578,48.50845773],[3.79288554,48.50844172],[3.79284235,48.5084421],[3.79278489,48.50842062],[3.79278529,48.50841135],[3.79276201,48.50841187]]]]},"geometry_name":"geom","properties":{"gid":39810736,"type":"Construction légère","code_dep":"10","code_insee":"10220"}},{"type":"Feature","id":"batiment.39899230","geometry":{"type":"MultiPolygon","coordinates":[[[[3.79440941,48.50885662],[3.79447097,48.50890722],[3.79450695,48.508887],[3.79444407,48.5088384],[3.79440941,48.50885662]]]]},"geometry_name":"geom","properties":{"gid":39810737,"type":"Construction légère","code_dep":"10","code_insee":"10220"}},{"type":"Feature","id":"batiment.39899231","geometry":{"type":"MultiPolygon","coordinates":[[[[3.7943193,48.50890499],[3.79430828,48.50891073],[3.79435615,48.50895126],[3.79436957,48.50894343],[3.7943193,48.50890499]]]]},"geometry_name":"geom","properties":{"gid":39810738,"type":"Construction légère","code_dep":"10","code_insee":"10220"}},{"type":"Feature","id":"batiment.39899257","geometry":{"type":"MultiPolygon","coordinates":[[[[3.79485144,48.50936411],[3.79484069,48.5093694],[3.79485235,48.50937931],[3.79486349,48.5093733],[3.79485144,48.50936411]]]]},"geometry_name":"geom","properties":{"gid":39810765,"type":"Construction légère","code_dep":"10","code_insee":"10220"}},{"type":"Feature","id":"batiment.39899258","geometry":{"type":"MultiPolygon","coordinates":[[[[3.79511485,48.50954723],[3.79510611,48.50956015],[3.79513739,48.50956966],[3.79514573,48.50955674],[3.79511485,48.50954723]]]]},"geometry_name":"geom","properties":{"gid":39810766,"type":"Construction légère","code_dep":"10","code_insee":"10220"}},{"type":"Feature","id":"batiment.39899259","geometry":{"type":"MultiPolygon","coordinates":[[[[3.79574276,48.50979447],[3.79583457,48.50980375],[3.79583697,48.50979276],[3.79574624,48.50978284],[3.79574276,48.50979447]]]]},"geometry_name":"geom","properties":{"gid":39810767,"type":"Construction légère","code_dep":"10","code_insee":"10220"}},{"type":"Feature","id":"batiment.39899260","geometry":{"type":"MultiPolygon","coordinates":[[[[3.79575689,48.50970828],[3.79585684,48.50971913],[3.79586461,48.50968678],[3.79576141,48.50967622],[3.79575689,48.50970828]]]]},"geometry_name":"geom","properties":{"gid":39810768,"type":"Construction légère","code_dep":"10","code_insee":"10220"}},{"type":"Feature","id":"batiment.39899261","geometry":{"type":"MultiPolygon","coordinates":[[[[3.79490712,48.50980438],[3.7949015,48.50980838],[3.7949508,48.5098363],[3.79495575,48.50983248],[3.79490712,48.50980438]]]]},"geometry_name":"geom","properties":{"gid":39810769,"type":"Construction légère","code_dep":"10","code_insee":"10220"}},{"type":"Feature","id":"batiment.39899262","geometry":{"type":"MultiPolygon","coordinates":[[[[3.79435512,48.50950022],[3.79438772,48.50948066],[3.79435913,48.50946124],[3.79432816,48.50948133],[3.79435512,48.50950022]]]]},"geometry_name":"geom","properties":{"gid":39810770,"type":"Construction légère","code_dep":"10","code_insee":"10220"}},{"type":"Feature","id":"batiment.39899263","geometry":{"type":"MultiPolygon","coordinates":[[[[3.7941605,48.50927274],[3.79418022,48.50928737],[3.794199,48.50927599],[3.79418023,48.50926137],[3.7941605,48.50927274]]]]},"geometry_name":"geom","properties":{"gid":39810771,"type":"Construction légère","code_dep":"10","code_insee":"10220"}},{"type":"Feature","id":"batiment.39899264","geometry":{"type":"MultiPolygon","coordinates":[[[[3.79319458,48.50873348],[3.79319067,48.50874403],[3.79322718,48.50874954],[3.79323188,48.50873818],[3.79319458,48.50873348]]]]},"geometry_name":"geom","properties":{"gid":39810772,"type":"Construction légère","code_dep":"10","code_insee":"10220"}},{"type":"Feature","id":"batiment.39899265","geometry":{"type":"MultiPolygon","coordinates":[[[[3.79379993,48.50965651],[3.79381103,48.50966543],[3.79389942,48.50961896],[3.79387954,48.50960245],[3.79386032,48.50961166],[3.79386992,48.50961996],[3.79379993,48.50965651]]]]},"geometry_name":"geom","properties":{"gid":39810773,"type":"Construction légère","code_dep":"10","code_insee":"10220"}},{"type":"Feature","id":"batiment.39899266","geometry":{"type":"MultiPolygon","coordinates":[[[[3.79403712,48.50983395],[3.79404913,48.50983117],[3.79404215,48.50981736],[3.79402933,48.50982015],[3.79403712,48.50983395]]]]},"geometry_name":"geom","properties":{"gid":39810774,"type":"Construction légère","code_dep":"10","code_insee":"10220"}},{"type":"Feature","id":"batiment.39899294","geometry":{"type":"MultiPolygon","coordinates":[[[[3.78240839,48.51173274],[3.7824027,48.51182346],[3.78253984,48.51183101],[3.7825474,48.51173911],[3.78240839,48.51173274]]]]},"geometry_name":"geom","properties":{"gid":39810803,"type":"Construction légère","code_dep":"10","code_insee":"10220"}},{"type":"Feature","id":"batiment.39899295","geometry":{"type":"MultiPolygon","coordinates":[[[[3.78535648,48.51234213],[3.78535158,48.512358],[3.7854106,48.51236624],[3.78541456,48.51235029],[3.78535648,48.51234213]]]]},"geometry_name":"geom","properties":{"gid":39810804,"type":"Construction légère","code_dep":"10","code_insee":"10220"}},{"type":"Feature","id":"batiment.39899296","geometry":{"type":"MultiPolygon","coordinates":[[[[3.78543083,48.51227066],[3.78549732,48.51228003],[3.78550288,48.51226263],[3.78543665,48.51225236],[3.78543083,48.51227066]]]]},"geometry_name":"geom","properties":{"gid":39810805,"type":"Construction légère","code_dep":"10","code_insee":"10220"}},{"type":"Feature","id":"batiment.39899297","geometry":{"type":"MultiPolygon","coordinates":[[[[3.78366801,48.51238566],[3.78371246,48.51238834],[3.78372059,48.51233413],[3.7836783,48.51233162],[3.78366801,48.51238566]]]]},"geometry_name":"geom","properties":{"gid":39810806,"type":"Construction légère","code_dep":"10","code_insee":"10220"}},{"type":"Feature","id":"batiment.39899298","geometry":{"type":"MultiPolygon","coordinates":[[[[3.78541459,48.51176464],[3.78544345,48.51176597],[3.785453,48.5117257],[3.78542251,48.51172374],[3.78541459,48.51176464]]]]},"geometry_name":"geom","properties":{"gid":39810807,"type":"Construction légère","code_dep":"10","code_insee":"10220"}},{"type":"Feature","id":"batiment.39899299","geometry":{"type":"MultiPolygon","coordinates":[[[[3.78571153,48.51186442],[3.78581387,48.51187193],[3.78582151,48.51183976],[3.78571514,48.51183435],[3.78571153,48.51186442]]]]},"geometry_name":"geom","properties":{"gid":39810808,"type":"Construction légère","code_dep":"10","code_insee":"10220"}},{"type":"Feature","id":"batiment.39899300","geometry":{"type":"MultiPolygon","coordinates":[[[[3.78463787,48.51175969],[3.78459629,48.5113339],[3.78459161,48.51129219],[3.78428168,48.5113376],[3.78429934,48.51150391],[3.78434828,48.51149936],[3.78435759,48.51160573],[3.78437435,48.51175801],[3.78463787,48.51175969]]]]},"geometry_name":"geom","properties":{"gid":39810809,"type":"Construction légère","code_dep":"10","code_insee":"10220"}},{"type":"Feature","id":"batiment.39899301","geometry":{"type":"MultiPolygon","coordinates":[[[[3.78467058,48.51128555],[3.78467993,48.51132183],[3.78478289,48.51130811],[3.78477383,48.51127272],[3.78467058,48.51128555]]]]},"geometry_name":"geom","properties":{"gid":39810810,"type":"Construction légère","code_dep":"10","code_insee":"10220"}},{"type":"Feature","id":"batiment.39899302","geometry":{"type":"MultiPolygon","coordinates":[[[[3.78502241,48.51112714],[3.78485865,48.51114963],[3.78488559,48.51124923],[3.78488904,48.51126216],[3.78485771,48.51126821],[3.78490132,48.51140449],[3.78477042,48.5114246],[3.78482852,48.51159776],[3.78495782,48.51157873],[3.78493836,48.5115185],[3.78505725,48.51150071],[3.78504341,48.51146274],[3.78514188,48.51144689],[3.7850968,48.51130244],[3.78507464,48.51123331],[3.78511303,48.51122928],[3.78512438,48.51122732],[3.78508876,48.51111816],[3.78502241,48.51112714]]]]},"geometry_name":"geom","properties":{"gid":39810811,"type":"Construction légère","code_dep":"10","code_insee":"10220"}},{"type":"Feature","id":"batiment.39899303","geometry":{"type":"MultiPolygon","coordinates":[[[[3.78603179,48.51270759],[3.78603013,48.51272335],[3.78611307,48.5127282],[3.78611434,48.51271352],[3.78603179,48.51270759]]]]},"geometry_name":"geom","properties":{"gid":39810812,"type":"Construction légère","code_dep":"10","code_insee":"10220"}},{"type":"Feature","id":"batiment.39899374","geometry":{"type":"MultiPolygon","coordinates":[[[[3.78664637,48.51258046],[3.78666071,48.51258009],[3.78666515,48.51253265],[3.78665187,48.5125322],[3.78664637,48.51258046]]]]},"geometry_name":"geom","properties":{"gid":39810884,"type":"Construction légère","code_dep":"10","code_insee":"10220"}},{"type":"Feature","id":"batiment.39899375","geometry":{"type":"MultiPolygon","coordinates":[[[[3.78719056,48.51177861],[3.78719035,48.51179175],[3.78721283,48.51179142],[3.78721289,48.51177757],[3.78719056,48.51177861]]]]},"geometry_name":"geom","properties":{"gid":39810885,"type":"Construction légère","code_dep":"10","code_insee":"10220"}},{"type":"Feature","id":"batiment.39899376","geometry":{"type":"MultiPolygon","coordinates":[[[[3.7874811,48.51155988],[3.78748023,48.51159227],[3.78756514,48.51159315],[3.78756682,48.51156084],[3.7874811,48.51155988]]]]},"geometry_name":"geom","properties":{"gid":39810886,"type":"Construction légère","code_dep":"10","code_insee":"10220"}},{"type":"Feature","id":"batiment.39899377","geometry":{"type":"MultiPolygon","coordinates":[[[[3.78180043,48.51157732],[3.7820276,48.51157547],[3.78201731,48.51143897],[3.78183677,48.51144439],[3.78183222,48.51139359],[3.78178606,48.51139434],[3.78180043,48.51157732]]]]},"geometry_name":"geom","properties":{"gid":39810887,"type":"Construction légère","code_dep":"10","code_insee":"10220"}},{"type":"Feature","id":"batiment.39899378","geometry":{"type":"MultiPolygon","coordinates":[[[[3.78258735,48.51144926],[3.78258865,48.51148181],[3.78272702,48.51148099],[3.78272406,48.51144647],[3.78258735,48.51144926]]]]},"geometry_name":"geom","properties":{"gid":39810888,"type":"Construction légère","code_dep":"10","code_insee":"10220"}},{"type":"Feature","id":"batiment.39899379","geometry":{"type":"MultiPolygon","coordinates":[[[[3.78266893,48.51154453],[3.78270197,48.51154485],[3.78270156,48.51151723],[3.78266853,48.51151799],[3.78266893,48.51154453]]]]},"geometry_name":"geom","properties":{"gid":39810889,"type":"Construction légère","code_dep":"10","code_insee":"10220"}},{"type":"Feature","id":"batiment.39899380","geometry":{"type":"MultiPolygon","coordinates":[[[[3.78289473,48.51149626],[3.78312641,48.51149707],[3.78312475,48.51140388],[3.78289385,48.51140109],[3.78289473,48.51149626]]]]},"geometry_name":"geom","properties":{"gid":39810890,"type":"Construction légère","code_dep":"10","code_insee":"10220"}},{"type":"Feature","id":"batiment.39899381","geometry":{"type":"MultiPolygon","coordinates":[[[[3.78354874,48.51168915],[3.78353478,48.51175114],[3.78356012,48.51175277],[3.7835726,48.51169061],[3.78354874,48.51168915]]]]},"geometry_name":"geom","properties":{"gid":39810891,"type":"Construction légère","code_dep":"10","code_insee":"10220"}},{"type":"Feature","id":"batiment.39899382","geometry":{"type":"MultiPolygon","coordinates":[[[[3.78469151,48.5108831],[3.78471971,48.51095812],[3.78485109,48.51094331],[3.78484546,48.5109106],[3.78483973,48.51088077],[3.78483814,48.51086495],[3.78469151,48.5108831]]]]},"geometry_name":"geom","properties":{"gid":39810892,"type":"Construction légère","code_dep":"10","code_insee":"10220"}},{"type":"Feature","id":"batiment.39899383","geometry":{"type":"MultiPolygon","coordinates":[[[[3.78548802,48.51058258],[3.78548528,48.51059906],[3.78553379,48.51060099],[3.78553557,48.51058433],[3.78548802,48.51058258]]]]},"geometry_name":"geom","properties":{"gid":39810893,"type":"Construction légère","code_dep":"10","code_insee":"10220"}},{"type":"Feature","id":"batiment.39899414","geometry":{"type":"MultiPolygon","coordinates":[[[[3.78554626,48.51065641],[3.78554749,48.51063931],[3.78552975,48.51063889],[3.78552797,48.51065554],[3.78554626,48.51065641]]]]},"geometry_name":"geom","properties":{"gid":39810925,"type":"Construction légère","code_dep":"10","code_insee":"10220"}},{"type":"Feature","id":"batiment.39899415","geometry":{"type":"MultiPolygon","coordinates":[[[[3.78567235,48.51045118],[3.78567089,48.51046199],[3.78575314,48.51046612],[3.78575269,48.51045425],[3.78567235,48.51045118]]]]},"geometry_name":"geom","properties":{"gid":39810926,"type":"Construction légère","code_dep":"10","code_insee":"10220"}},{"type":"Feature","id":"batiment.39899416","geometry":{"type":"MultiPolygon","coordinates":[[[[3.79202307,48.51169532],[3.79204148,48.51174],[3.79216597,48.51171703],[3.79214798,48.51167352],[3.79202307,48.51169532]]]]},"geometry_name":"geom","properties":{"gid":39810927,"type":"Construction légère","code_dep":"10","code_insee":"10220"}},{"type":"Feature","id":"batiment.39899417","geometry":{"type":"MultiPolygon","coordinates":[[[[3.79255914,48.5117692],[3.79256489,48.51178185],[3.79266711,48.51176353],[3.79266163,48.51175079],[3.79255914,48.5117692]]]]},"geometry_name":"geom","properties":{"gid":39810928,"type":"Construction légère","code_dep":"10","code_insee":"10220"}},{"type":"Feature","id":"batiment.39899418","geometry":{"type":"MultiPolygon","coordinates":[[[[3.78638488,48.50964328],[3.78638014,48.50957998],[3.78635861,48.50957985],[3.78631517,48.50958095],[3.7863161,48.5096432],[3.78638488,48.50964328]]]]},"geometry_name":"geom","properties":{"gid":39810929,"type":"Construction légère","code_dep":"10","code_insee":"10220"}},{"type":"Feature","id":"batiment.39899419","geometry":{"type":"MultiPolygon","coordinates":[[[[3.78619069,48.50948713],[3.78631415,48.50948595],[3.7863133,48.50946509],[3.78618795,48.50946673],[3.78619069,48.50948713]]]]},"geometry_name":"geom","properties":{"gid":39810930,"type":"Construction légère","code_dep":"10","code_insee":"10220"}},{"type":"Feature","id":"batiment.39899420","geometry":{"type":"MultiPolygon","coordinates":[[[[3.78640858,48.50989664],[3.7864959,48.50989561],[3.78648904,48.50982621],[3.78640348,48.50982677],[3.78640858,48.50989664]]]]},"geometry_name":"geom","properties":{"gid":39810931,"type":"Construction légère","code_dep":"10","code_insee":"10220"}},{"type":"Feature","id":"batiment.39899421","geometry":{"type":"MultiPolygon","coordinates":[[[[3.78682756,48.50997303],[3.78684921,48.50997253],[3.78684528,48.50989078],[3.78682296,48.50989201],[3.78682356,48.50991396],[3.78682756,48.50997303]]]]},"geometry_name":"geom","properties":{"gid":39810932,"type":"Construction légère","code_dep":"10","code_insee":"10220"}},{"type":"Feature","id":"batiment.39899422","geometry":{"type":"MultiPolygon","coordinates":[[[[3.78686583,48.51006023],[3.78686292,48.51001994],[3.78683124,48.51002015],[3.78683444,48.51006196],[3.78686583,48.51006023]]]]},"geometry_name":"geom","properties":{"gid":39810933,"type":"Construction légère","code_dep":"10","code_insee":"10220"}},{"type":"Feature","id":"batiment.39899423","geometry":{"type":"MultiPolygon","coordinates":[[[[3.78635921,48.51075782],[3.78637559,48.51077589],[3.7864182,48.51076409],[3.78640961,48.51072393],[3.78639267,48.51063219],[3.78634015,48.51063335],[3.78635921,48.51075782]]]]},"geometry_name":"geom","properties":{"gid":39810934,"type":"Construction légère","code_dep":"10","code_insee":"10220"}},{"type":"Feature","id":"batiment.39899449","geometry":{"type":"MultiPolygon","coordinates":[[[[3.7875156,48.51032239],[3.7875268,48.51040112],[3.78761933,48.51039592],[3.78760527,48.51031622],[3.7875156,48.51032239]]]]},"geometry_name":"geom","properties":{"gid":39810960,"type":"Construction légère","code_dep":"10","code_insee":"10220"}},{"type":"Feature","id":"batiment.39899450","geometry":{"type":"MultiPolygon","coordinates":[[[[3.78722846,48.51043333],[3.78722806,48.51044251],[3.78722813,48.51045627],[3.7872085,48.51045613],[3.78720335,48.51045599],[3.787203,48.51050529],[3.78726663,48.51050487],[3.78726672,48.51049254],[3.78726455,48.51045648],[3.78728824,48.5104556],[3.78728817,48.51043311],[3.78722846,48.51043333]]]]},"geometry_name":"geom","properties":{"gid":39810961,"type":"Construction légère","code_dep":"10","code_insee":"10220"}},{"type":"Feature","id":"batiment.39899451","geometry":{"type":"MultiPolygon","coordinates":[[[[3.78728361,48.51070645],[3.78728149,48.51073678],[3.78736344,48.51073912],[3.78736691,48.51070878],[3.78728361,48.51070645]]]]},"geometry_name":"geom","properties":{"gid":39810962,"type":"Construction légère","code_dep":"10","code_insee":"10220"}},{"type":"Feature","id":"batiment.39899452","geometry":{"type":"MultiPolygon","coordinates":[[[[3.78728528,48.51085389],[3.78728492,48.51085713],[3.7873304,48.51085638],[3.78733097,48.51084891],[3.78735033,48.51084923],[3.7873552,48.51081267],[3.78729485,48.51081532],[3.78728528,48.51085389]]]]},"geometry_name":"geom","properties":{"gid":39810963,"type":"Construction légère","code_dep":"10","code_insee":"10220"}},{"type":"Feature","id":"batiment.39899453","geometry":{"type":"MultiPolygon","coordinates":[[[[3.78716634,48.51105754],[3.78720226,48.51107818],[3.78720491,48.51105648],[3.78721414,48.51100406],[3.78717861,48.5109998],[3.78716634,48.51105754]]]]},"geometry_name":"geom","properties":{"gid":39810964,"type":"Construction légère","code_dep":"10","code_insee":"10220"}},{"type":"Feature","id":"batiment.39899454","geometry":{"type":"MultiPolygon","coordinates":[[[[3.78793231,48.51023003],[3.78793069,48.51031163],[3.78801368,48.51031063],[3.78801564,48.51022471],[3.78793231,48.51023003]]]]},"geometry_name":"geom","properties":{"gid":39810965,"type":"Construction légère","code_dep":"10","code_insee":"10220"}},{"type":"Feature","id":"batiment.39899456","geometry":{"type":"MultiPolygon","coordinates":[[[[3.78795512,48.51076623],[3.78798895,48.51076475],[3.78798671,48.51073301],[3.78795126,48.51073423],[3.78795512,48.51076623]]]]},"geometry_name":"geom","properties":{"gid":39810967,"type":"Construction légère","code_dep":"10","code_insee":"10220"}},{"type":"Feature","id":"batiment.39899457","geometry":{"type":"MultiPolygon","coordinates":[[[[3.78803404,48.5111709],[3.7880332,48.51118665],[3.78811843,48.51119139],[3.7881232,48.51116626],[3.78803485,48.51116127],[3.78803404,48.5111709]]]]},"geometry_name":"geom","properties":{"gid":39810968,"type":"Construction légère","code_dep":"10","code_insee":"10220"}},{"type":"Feature","id":"batiment.39899479","geometry":{"type":"MultiPolygon","coordinates":[[[[3.78828939,48.51037664],[3.78832716,48.5103763],[3.78832864,48.51033103],[3.78829033,48.51033129],[3.78828939,48.51037664]]]]},"geometry_name":"geom","properties":{"gid":39810990,"type":"Construction légère","code_dep":"10","code_insee":"10220"}},{"type":"Feature","id":"batiment.39899480","geometry":{"type":"MultiPolygon","coordinates":[[[[3.78875324,48.51086233],[3.78883298,48.51086135],[3.78883236,48.51083832],[3.7887533,48.51083912],[3.78875324,48.51086233]]]]},"geometry_name":"geom","properties":{"gid":39810991,"type":"Construction légère","code_dep":"10","code_insee":"10220"}},{"type":"Feature","id":"batiment.39899482","geometry":{"type":"MultiPolygon","coordinates":[[[[3.78935372,48.51118553],[3.78935643,48.51114989],[3.78931726,48.51114727],[3.78926854,48.51114877],[3.78926732,48.51118467],[3.78935372,48.51118553]]]]},"geometry_name":"geom","properties":{"gid":39810993,"type":"Construction légère","code_dep":"10","code_insee":"10220"}},{"type":"Feature","id":"batiment.39899483","geometry":{"type":"MultiPolygon","coordinates":[[[[3.78945121,48.51082585],[3.78954558,48.51081712],[3.78954038,48.51077739],[3.78944531,48.51078459],[3.78945121,48.51082585]]]]},"geometry_name":"geom","properties":{"gid":39810994,"type":"Construction légère","code_dep":"10","code_insee":"10220"}},{"type":"Feature","id":"batiment.39899484","geometry":{"type":"MultiPolygon","coordinates":[[[[3.78951545,48.51065953],[3.78952004,48.51069422],[3.78955803,48.51070863],[3.78954888,48.51065841],[3.78951545,48.51065953]]]]},"geometry_name":"geom","properties":{"gid":39810995,"type":"Construction légère","code_dep":"10","code_insee":"10220"}},{"type":"Feature","id":"batiment.39899485","geometry":{"type":"MultiPolygon","coordinates":[[[[3.78658595,48.50928273],[3.78665051,48.50930812],[3.78666449,48.50929255],[3.7866834,48.50927156],[3.78661992,48.50924535],[3.78658595,48.50928273]]]]},"geometry_name":"geom","properties":{"gid":39810996,"type":"Construction légère","code_dep":"10","code_insee":"10220"}},{"type":"Feature","id":"batiment.39899486","geometry":{"type":"MultiPolygon","coordinates":[[[[3.78685,48.50925759],[3.78682622,48.50927898],[3.78690798,48.5093137],[3.78693078,48.50929025],[3.78685,48.50925759]]]]},"geometry_name":"geom","properties":{"gid":39810997,"type":"Construction légère","code_dep":"10","code_insee":"10220"}},{"type":"Feature","id":"batiment.39899487","geometry":{"type":"MultiPolygon","coordinates":[[[[3.78701484,48.50932514],[3.78699218,48.5093494],[3.78711208,48.50939935],[3.78713622,48.50937463],[3.78701484,48.50932514]]]]},"geometry_name":"geom","properties":{"gid":39810998,"type":"Construction légère","code_dep":"10","code_insee":"10220"}},{"type":"Feature","id":"batiment.39899488","geometry":{"type":"MultiPolygon","coordinates":[[[[3.78723718,48.50941687],[3.78721248,48.50944033],[3.78728714,48.50947115],[3.78730941,48.5094486],[3.78723718,48.50941687]]]]},"geometry_name":"geom","properties":{"gid":39810999,"type":"Construction légère","code_dep":"10","code_insee":"10220"}},{"type":"Feature","id":"batiment.39899489","geometry":{"type":"MultiPolygon","coordinates":[[[[3.78753812,48.50921642],[3.78755775,48.5092251],[3.78761098,48.50917212],[3.7875904,48.50916299],[3.78753812,48.50921642]]]]},"geometry_name":"geom","properties":{"gid":39811000,"type":"Construction légère","code_dep":"10","code_insee":"10220"}},{"type":"Feature","id":"batiment.39899508","geometry":{"type":"MultiPolygon","coordinates":[[[[3.7870878,48.50900826],[3.78724958,48.50907952],[3.78729719,48.50903125],[3.78714951,48.50896143],[3.7870878,48.50900826]]]]},"geometry_name":"geom","properties":{"gid":39811020,"type":"Construction légère","code_dep":"10","code_insee":"10220"}},{"type":"Feature","id":"batiment.39899509","geometry":{"type":"MultiPolygon","coordinates":[[[[3.78784865,48.50966309],[3.78806792,48.5096763],[3.78807685,48.50961273],[3.78785702,48.50959791],[3.78784865,48.50966309]]]]},"geometry_name":"geom","properties":{"gid":39811021,"type":"Construction légère","code_dep":"10","code_insee":"10220"}},{"type":"Feature","id":"batiment.39899510","geometry":{"type":"MultiPolygon","coordinates":[[[[3.7880759,48.50956785],[3.78808866,48.50956956],[3.78810032,48.50954375],[3.7880885,48.5095414],[3.7880759,48.50956785]]]]},"geometry_name":"geom","properties":{"gid":39811022,"type":"Construction légère","code_dep":"10","code_insee":"10220"}},{"type":"Feature","id":"batiment.39899511","geometry":{"type":"MultiPolygon","coordinates":[[[[3.7881166,48.50929337],[3.78813026,48.50929301],[3.78813024,48.50926413],[3.7881159,48.50926477],[3.7881166,48.50929337]]]]},"geometry_name":"geom","properties":{"gid":39811023,"type":"Construction légère","code_dep":"10","code_insee":"10220"}},{"type":"Feature","id":"batiment.39899512","geometry":{"type":"MultiPolygon","coordinates":[[[[3.78863114,48.50914341],[3.78860803,48.50912872],[3.7885614,48.5091606],[3.78856946,48.50916586],[3.78858559,48.50917564],[3.78863114,48.50914341]]]]},"geometry_name":"geom","properties":{"gid":39811024,"type":"Construction légère","code_dep":"10","code_insee":"10220"}},{"type":"Feature","id":"batiment.39899513","geometry":{"type":"MultiPolygon","coordinates":[[[[3.78886754,48.50977446],[3.78881353,48.50977508],[3.78881539,48.50985361],[3.78884638,48.50988885],[3.78887061,48.50988869],[3.78886754,48.50977446]]]]},"geometry_name":"geom","properties":{"gid":39811025,"type":"Construction légère","code_dep":"10","code_insee":"10220"}},{"type":"Feature","id":"batiment.39899514","geometry":{"type":"MultiPolygon","coordinates":[[[[3.79008407,48.51037722],[3.790103,48.51037584],[3.79009555,48.51030338],[3.79007714,48.51030404],[3.79008407,48.51037722]]]]},"geometry_name":"geom","properties":{"gid":39811026,"type":"Construction légère","code_dep":"10","code_insee":"10220"}},{"type":"Feature","id":"batiment.39899515","geometry":{"type":"MultiPolygon","coordinates":[[[[3.7907966,48.50991574],[3.79084219,48.5099131],[3.79083838,48.50985816],[3.7907932,48.50986053],[3.7907966,48.50991574]]]]},"geometry_name":"geom","properties":{"gid":39811027,"type":"Construction légère","code_dep":"10","code_insee":"10220"}},{"type":"Feature","id":"batiment.39899516","geometry":{"type":"MultiPolygon","coordinates":[[[[3.79068058,48.50978148],[3.79067438,48.50972044],[3.79063527,48.50972178],[3.79064229,48.50978335],[3.79068058,48.50978148]]]]},"geometry_name":"geom","properties":{"gid":39811028,"type":"Construction légère","code_dep":"10","code_insee":"10220"}},{"type":"Feature","id":"batiment.39899517","geometry":{"type":"MultiPolygon","coordinates":[[[[3.79037676,48.50959323],[3.7903776,48.50961274],[3.7904872,48.50960851],[3.79048638,48.50959007],[3.79037676,48.50959323]]]]},"geometry_name":"geom","properties":{"gid":39811029,"type":"Construction légère","code_dep":"10","code_insee":"10220"}},{"type":"Feature","id":"batiment.39899541","geometry":{"type":"MultiPolygon","coordinates":[[[[3.79066677,48.51109323],[3.79069235,48.51109261],[3.79068867,48.51107302],[3.79066269,48.51107428],[3.79066677,48.51109323]]]]},"geometry_name":"geom","properties":{"gid":39811053,"type":"Construction légère","code_dep":"10","code_insee":"10220"}},{"type":"Feature","id":"batiment.39899542","geometry":{"type":"MultiPolygon","coordinates":[[[[3.79067971,48.51114316],[3.79068687,48.51119646],[3.79072911,48.51119591],[3.79072481,48.51116212],[3.79067971,48.51114316]]]]},"geometry_name":"geom","properties":{"gid":39811054,"type":"Construction légère","code_dep":"10","code_insee":"10220"}},{"type":"Feature","id":"batiment.39899543","geometry":{"type":"MultiPolygon","coordinates":[[[[3.7882767,48.51164088],[3.78826865,48.51156473],[3.78821289,48.51156672],[3.78820572,48.5115665],[3.78820746,48.51159258],[3.78820862,48.51162496],[3.78822015,48.51164422],[3.7882767,48.51164088]]]]},"geometry_name":"geom","properties":{"gid":39811055,"type":"Construction légère","code_dep":"10","code_insee":"10220"}},{"type":"Feature","id":"batiment.39899544","geometry":{"type":"MultiPolygon","coordinates":[[[[3.78855048,48.5116862],[3.78862385,48.51168536],[3.78862067,48.51159074],[3.78861834,48.51156196],[3.78854498,48.51156344],[3.78855048,48.5116862]]]]},"geometry_name":"geom","properties":{"gid":39811056,"type":"Construction légère","code_dep":"10","code_insee":"10220"}},{"type":"Feature","id":"batiment.39899545","geometry":{"type":"MultiPolygon","coordinates":[[[[3.78886486,48.51171191],[3.78886188,48.51186514],[3.78913268,48.51185606],[3.78913042,48.51170601],[3.78886486,48.51171191]]]]},"geometry_name":"geom","properties":{"gid":39811057,"type":"Construction légère","code_dep":"10","code_insee":"10220"}},{"type":"Feature","id":"batiment.39899546","geometry":{"type":"MultiPolygon","coordinates":[[[[3.78996082,48.51173261],[3.78986226,48.51172445],[3.78985168,48.51177715],[3.79006212,48.51179671],[3.79018302,48.511805],[3.7901951,48.51175328],[3.78996082,48.51173261]]]]},"geometry_name":"geom","properties":{"gid":39811058,"type":"Construction légère","code_dep":"10","code_insee":"10220"}},{"type":"Feature","id":"batiment.39899547","geometry":{"type":"MultiPolygon","coordinates":[[[[3.79182566,48.51235975],[3.7918706,48.51239444],[3.7919129,48.5123714],[3.79186825,48.51233769],[3.79182566,48.51235975]]]]},"geometry_name":"geom","properties":{"gid":39811059,"type":"Construction légère","code_dep":"10","code_insee":"10220"}},{"type":"Feature","id":"batiment.39899548","geometry":{"type":"MultiPolygon","coordinates":[[[[3.76770045,48.50381648],[3.76776998,48.50380307],[3.7677527,48.50376963],[3.7676844,48.50378348],[3.76770045,48.50381648]]]]},"geometry_name":"geom","properties":{"gid":39811060,"type":"Construction légère","code_dep":"10","code_insee":"10220"}},{"type":"Feature","id":"batiment.39899549","geometry":{"type":"MultiPolygon","coordinates":[[[[3.76805149,48.50428787],[3.7681958,48.5042603],[3.7681759,48.50422292],[3.76803209,48.50424841],[3.76805149,48.50428787]]]]},"geometry_name":"geom","properties":{"gid":39811061,"type":"Construction légère","code_dep":"10","code_insee":"10220"}},{"type":"Feature","id":"batiment.39904789","geometry":{"type":"MultiPolygon","coordinates":[[[[3.77824312,48.50415804],[3.77826722,48.50423093],[3.77832441,48.50422615],[3.77830248,48.50415333],[3.77824312,48.50415804]]]]},"geometry_name":"geom","properties":{"gid":39816334,"type":"Bâtiment en dur","code_dep":"10","code_insee":"10220"}},{"type":"Feature","id":"batiment.39904832","geometry":{"type":"MultiPolygon","coordinates":[[[[3.77833636,48.50445664],[3.77844281,48.50444155],[3.77841511,48.50434439],[3.77830649,48.50435941],[3.77833636,48.50445664]]]]},"geometry_name":"geom","properties":{"gid":39816378,"type":"Bâtiment en dur","code_dep":"10","code_insee":"10220"}},{"type":"Feature","id":"batiment.39904833","geometry":{"type":"MultiPolygon","coordinates":[[[[3.77850852,48.50453603],[3.77854522,48.50452761],[3.77852482,48.50448483],[3.77848541,48.50449282],[3.77850852,48.50453603]]]]},"geometry_name":"geom","properties":{"gid":39816379,"type":"Bâtiment en dur","code_dep":"10","code_insee":"10220"}},{"type":"Feature","id":"batiment.39904834","geometry":{"type":"MultiPolygon","coordinates":[[[[3.77923901,48.50519067],[3.77935364,48.50519748],[3.77936371,48.50512796],[3.77924921,48.50512062],[3.77923901,48.50519067]]]]},"geometry_name":"geom","properties":{"gid":39816380,"type":"Bâtiment en dur","code_dep":"10","code_insee":"10220"}},{"type":"Feature","id":"batiment.39904835","geometry":{"type":"MultiPolygon","coordinates":[[[[3.77907449,48.50517952],[3.77921677,48.50518794],[3.77923471,48.50505594],[3.77913348,48.50504913],[3.77913115,48.50506597],[3.77911613,48.50507561],[3.77908904,48.50507435],[3.77907449,48.50517952]]]]},"geometry_name":"geom","properties":{"gid":39816381,"type":"Bâtiment en dur","code_dep":"10","code_insee":"10220"}},{"type":"Feature","id":"batiment.39904836","geometry":{"type":"MultiPolygon","coordinates":[[[[3.7787967,48.50496192],[3.77879881,48.50503064],[3.77879945,48.505065],[3.77888607,48.50506344],[3.77888252,48.50496082],[3.7787967,48.50496192]]]]},"geometry_name":"geom","properties":{"gid":39816382,"type":"Bâtiment en dur","code_dep":"10","code_insee":"10220"}},{"type":"Feature","id":"batiment.39904837","geometry":{"type":"MultiPolygon","coordinates":[[[[3.7788408,48.50671015],[3.77893481,48.5067045],[3.77891302,48.50651401],[3.77881715,48.50652157],[3.7788408,48.50671015]]]]},"geometry_name":"geom","properties":{"gid":39816383,"type":"Bâtiment en dur","code_dep":"10","code_insee":"10220"}},{"type":"Feature","id":"batiment.39904838","geometry":{"type":"MultiPolygon","coordinates":[[[[3.77932901,48.50491507],[3.77933082,48.50490066],[3.77937928,48.50490016],[3.77938535,48.50482563],[3.77934783,48.50482453],[3.77934802,48.50480069],[3.77924158,48.50479869],[3.77924045,48.50489541],[3.77928786,48.50489761],[3.77928824,48.50491389],[3.77932901,48.50491507]]]]},"geometry_name":"geom","properties":{"gid":39816384,"type":"Bâtiment en dur","code_dep":"10","code_insee":"10220"}},{"type":"Feature","id":"batiment.39904839","geometry":{"type":"MultiPolygon","coordinates":[[[[3.77913179,48.50489891],[3.77917643,48.50489682],[3.77916488,48.50483032],[3.7791212,48.50483348],[3.77913179,48.50489891]]]]},"geometry_name":"geom","properties":{"gid":39816385,"type":"Bâtiment en dur","code_dep":"10","code_insee":"10220"}},{"type":"Feature","id":"batiment.39904840","geometry":{"type":"MultiPolygon","coordinates":[[[[3.77923153,48.50473245],[3.77933848,48.50472338],[3.7793302,48.50467648],[3.77922217,48.50468609],[3.77923153,48.50473245]]]]},"geometry_name":"geom","properties":{"gid":39816386,"type":"Bâtiment en dur","code_dep":"10","code_insee":"10220"}},{"type":"Feature","id":"batiment.39904841","geometry":{"type":"MultiPolygon","coordinates":[[[[3.77908138,48.50470447],[3.77919389,48.50469563],[3.77917205,48.50456542],[3.7790586,48.50457417],[3.77908138,48.50470447]]]]},"geometry_name":"geom","properties":{"gid":39816387,"type":"Bâtiment en dur","code_dep":"10","code_insee":"10220"}},{"type":"Feature","id":"batiment.39904882","geometry":{"type":"MultiPolygon","coordinates":[[[[3.77916498,48.50443592],[3.77927757,48.50443266],[3.77926895,48.50433502],[3.77915542,48.50433873],[3.77916498,48.50443592]]]]},"geometry_name":"geom","properties":{"gid":39816428,"type":"Bâtiment en dur","code_dep":"10","code_insee":"10220"}},{"type":"Feature","id":"batiment.39904883","geometry":{"type":"MultiPolygon","coordinates":[[[[3.77895695,48.50452095],[3.77902436,48.5045116],[3.7789941,48.50440636],[3.77892761,48.50441408],[3.77895695,48.50452095]]]]},"geometry_name":"geom","properties":{"gid":39816429,"type":"Bâtiment en dur","code_dep":"10","code_insee":"10220"}},{"type":"Feature","id":"batiment.39904884","geometry":{"type":"MultiPolygon","coordinates":[[[[3.77858541,48.50436235],[3.77870162,48.50433847],[3.7786554,48.50424314],[3.77853809,48.50426577],[3.77858541,48.50436235]]]]},"geometry_name":"geom","properties":{"gid":39816430,"type":"Bâtiment en dur","code_dep":"10","code_insee":"10220"}},{"type":"Feature","id":"batiment.39904885","geometry":{"type":"MultiPolygon","coordinates":[[[[3.77744682,48.50328989],[3.7774889,48.5032798],[3.77748235,48.50326725],[3.77746765,48.50327077],[3.77746418,48.50326521],[3.7774368,48.50327214],[3.77744682,48.50328989]]]]},"geometry_name":"geom","properties":{"gid":39816431,"type":"Bâtiment en dur","code_dep":"10","code_insee":"10220"}},{"type":"Feature","id":"batiment.39904886","geometry":{"type":"MultiPolygon","coordinates":[[[[3.77865578,48.50257198],[3.77868832,48.5026118],[3.7787019,48.50260586],[3.77874272,48.50264725],[3.77875799,48.50266388],[3.77877875,48.50268516],[3.77888328,48.50264048],[3.77885304,48.50260964],[3.77887778,48.50259868],[3.77887574,48.5025978],[3.77884631,48.50256677],[3.77882264,48.50257727],[3.77880423,48.50255904],[3.77873214,48.50259109],[3.77869601,48.50255552],[3.77865578,48.50257198]]]]},"geometry_name":"geom","properties":{"gid":39816432,"type":"Bâtiment en dur","code_dep":"10","code_insee":"10220"}},{"type":"Feature","id":"batiment.39904887","geometry":{"type":"MultiPolygon","coordinates":[[[[3.77879486,48.50246617],[3.77876062,48.50248502],[3.77881942,48.50253384],[3.77885525,48.50251282],[3.77879486,48.50246617]]]]},"geometry_name":"geom","properties":{"gid":39816433,"type":"Bâtiment en dur","code_dep":"10","code_insee":"10220"}},{"type":"Feature","id":"batiment.39904888","geometry":{"type":"MultiPolygon","coordinates":[[[[3.7784696,48.50279757],[3.77851982,48.50277916],[3.77853319,48.50279517],[3.77860263,48.50276764],[3.77858831,48.502751],[3.77869221,48.50271028],[3.77864221,48.50265223],[3.77854077,48.50269463],[3.77852342,48.50267504],[3.77840714,48.50272151],[3.7784696,48.50279757]]]]},"geometry_name":"geom","properties":{"gid":39816434,"type":"Bâtiment en dur","code_dep":"10","code_insee":"10220"}},{"type":"Feature","id":"batiment.39904889","geometry":{"type":"MultiPolygon","coordinates":[[[[3.77816327,48.50292714],[3.77822946,48.50290863],[3.7782217,48.50289635],[3.77830893,48.50287248],[3.77827422,48.50281405],[3.77812188,48.5028567],[3.77816327,48.50292714]]]]},"geometry_name":"geom","properties":{"gid":39816435,"type":"Bâtiment en dur","code_dep":"10","code_insee":"10220"}},{"type":"Feature","id":"batiment.39904890","geometry":{"type":"MultiPolygon","coordinates":[[[[3.778199,48.50248843],[3.77799125,48.50255564],[3.77803407,48.50261339],[3.77823184,48.50254867],[3.778199,48.50248843]]]]},"geometry_name":"geom","properties":{"gid":39816436,"type":"Bâtiment en dur","code_dep":"10","code_insee":"10220"}},{"type":"Feature","id":"batiment.39904891","geometry":{"type":"MultiPolygon","coordinates":[[[[3.77774615,48.50263353],[3.77780154,48.50273537],[3.777857,48.50272286],[3.77779874,48.50261943],[3.77774615,48.50263353]]]]},"geometry_name":"geom","properties":{"gid":39816437,"type":"Bâtiment en dur","code_dep":"10","code_insee":"10220"}},{"type":"Feature","id":"batiment.39904933","geometry":{"type":"MultiPolygon","coordinates":[[[[3.77785547,48.50295804],[3.77791118,48.50294427],[3.77786148,48.50286111],[3.77780618,48.50287496],[3.77785547,48.50295804]]]]},"geometry_name":"geom","properties":{"gid":39816479,"type":"Bâtiment en dur","code_dep":"10","code_insee":"10220"}},{"type":"Feature","id":"batiment.39904934","geometry":{"type":"MultiPolygon","coordinates":[[[[3.77794973,48.50304252],[3.77811887,48.50300048],[3.77809411,48.50295593],[3.77792403,48.50299834],[3.77794973,48.50304252]]]]},"geometry_name":"geom","properties":{"gid":39816480,"type":"Bâtiment en dur","code_dep":"10","code_insee":"10220"}},{"type":"Feature","id":"batiment.39904935","geometry":{"type":"MultiPolygon","coordinates":[[[[3.77771014,48.50310815],[3.77776975,48.50309309],[3.7777799,48.50311093],[3.77784204,48.50309307],[3.77782379,48.50305837],[3.77781501,48.50305969],[3.77780559,48.50304527],[3.77784849,48.50303518],[3.77781072,48.50297074],[3.77765049,48.50301138],[3.77771014,48.50310815]]]]},"geometry_name":"geom","properties":{"gid":39816481,"type":"Bâtiment en dur","code_dep":"10","code_insee":"10220"}},{"type":"Feature","id":"batiment.39904936","geometry":{"type":"MultiPolygon","coordinates":[[[[3.77765063,48.50290189],[3.77760146,48.50285417],[3.77759055,48.5028582],[3.77754566,48.50281603],[3.77740761,48.50288234],[3.77748556,48.50295362],[3.77747252,48.50295964],[3.77745577,48.50294374],[3.77743304,48.50295423],[3.77745088,48.50297058],[3.77743877,48.50297543],[3.77736219,48.50290504],[3.77718435,48.50299041],[3.77727454,48.50307474],[3.77720842,48.50310729],[3.77719744,48.50309711],[3.77706812,48.50315886],[3.77710227,48.50318877],[3.77711052,48.50319744],[3.77710355,48.50320217],[3.77709729,48.50319951],[3.77708995,48.50319794],[3.77708278,48.50319817],[3.77707133,48.50320193],[3.77706664,48.50320493],[3.7770652,48.50320836],[3.77706581,48.50321294],[3.77706722,48.50321707],[3.77705901,48.50322018],[3.77713617,48.50329318],[3.77718915,48.50326899],[3.77719986,48.50327891],[3.77739475,48.50318425],[3.77733644,48.50313155],[3.77732081,48.50311843],[3.77736313,48.50309629],[3.77737916,48.50310959],[3.77739848,48.50312512],[3.77743395,48.50310716],[3.77740745,48.50308197],[3.77750598,48.50303454],[3.77745578,48.50299034],[3.77750309,48.50296754],[3.77750584,48.50297013],[3.77765063,48.50290189]]]]},"geometry_name":"geom","properties":{"gid":39816482,"type":"Bâtiment en dur","code_dep":"10","code_insee":"10220"}},{"type":"Feature","id":"batiment.39904937","geometry":{"type":"MultiPolygon","coordinates":[[[[3.77646483,48.503265],[3.77651919,48.50331628],[3.7765531,48.50330185],[3.77656655,48.50331453],[3.77654705,48.5033233],[3.77662597,48.50339628],[3.77665314,48.50338423],[3.77669487,48.50342336],[3.7767816,48.50338312],[3.77676383,48.50336245],[3.77675075,48.50334752],[3.7767806,48.50333428],[3.77679452,48.50335101],[3.77679769,48.50335468],[3.7769051,48.50330324],[3.77684823,48.50324783],[3.77681434,48.50326272],[3.77675817,48.50320901],[3.77678935,48.50319343],[3.77673306,48.50314063],[3.77646483,48.503265]]]]},"geometry_name":"geom","properties":{"gid":39816483,"type":"Bâtiment en dur","code_dep":"10","code_insee":"10220"}},{"type":"Feature","id":"batiment.39904938","geometry":{"type":"MultiPolygon","coordinates":[[[[3.77647201,48.5035585],[3.77652445,48.50353423],[3.77653995,48.50354816],[3.77659507,48.5035218],[3.7765647,48.50349159],[3.77655248,48.50348007],[3.77658569,48.5034642],[3.77652548,48.50340261],[3.77648986,48.50341948],[3.77643635,48.50344466],[3.77638341,48.50347155],[3.77647201,48.5035585]]]]},"geometry_name":"geom","properties":{"gid":39816484,"type":"Bâtiment en dur","code_dep":"10","code_insee":"10220"}},{"type":"Feature","id":"batiment.39904939","geometry":{"type":"MultiPolygon","coordinates":[[[[3.77808829,48.50354001],[3.77808247,48.50354041],[3.77803141,48.50354794],[3.7780229,48.50354908],[3.77802363,48.50355303],[3.77803048,48.50357647],[3.77803619,48.50359631],[3.77810669,48.50358505],[3.77808829,48.50354001]]]]},"geometry_name":"geom","properties":{"gid":39816485,"type":"Bâtiment en dur","code_dep":"10","code_insee":"10220"}},{"type":"Feature","id":"batiment.39904940","geometry":{"type":"MultiPolygon","coordinates":[[[[3.77773692,48.503399],[3.77774358,48.50342811],[3.7778078,48.50342211],[3.77782106,48.50347654],[3.77785309,48.50347327],[3.77785951,48.50350454],[3.7778956,48.50350079],[3.77791753,48.50360096],[3.77800856,48.5035866],[3.77800697,48.50357959],[3.77800107,48.50355579],[3.77795528,48.50336195],[3.77786992,48.50338437],[3.77773692,48.503399]]]]},"geometry_name":"geom","properties":{"gid":39816486,"type":"Bâtiment en dur","code_dep":"10","code_insee":"10220"}},{"type":"Feature","id":"batiment.39904941","geometry":{"type":"MultiPolygon","coordinates":[[[[3.77778824,48.50402103],[3.77787104,48.50400781],[3.77788151,48.50403877],[3.77817957,48.50399004],[3.77815822,48.50392856],[3.77811348,48.50393317],[3.77810581,48.50390911],[3.77814714,48.50390263],[3.77812373,48.50383963],[3.77804689,48.5038521],[3.77800691,48.50385857],[3.7777441,48.50390167],[3.77778824,48.50402103]]]]},"geometry_name":"geom","properties":{"gid":39816487,"type":"Bâtiment en dur","code_dep":"10","code_insee":"10220"}},{"type":"Feature","id":"batiment.39904982","geometry":{"type":"MultiPolygon","coordinates":[[[[3.77239259,48.50333265],[3.77285324,48.50323772],[3.77268699,48.50288794],[3.77249384,48.50292671],[3.77242567,48.50294056],[3.77223162,48.50298257],[3.77239259,48.50333265]]]]},"geometry_name":"geom","properties":{"gid":39816528,"type":"Bâtiment en dur","code_dep":"10","code_insee":"10220"}},{"type":"Feature","id":"batiment.39904983","geometry":{"type":"MultiPolygon","coordinates":[[[[3.77092442,48.50328632],[3.77094743,48.50333187],[3.77101759,48.50331622],[3.77099405,48.50327094],[3.77092442,48.50328632]]]]},"geometry_name":"geom","properties":{"gid":39816529,"type":"Bâtiment en dur","code_dep":"10","code_insee":"10220"}},{"type":"Feature","id":"batiment.39904984","geometry":{"type":"MultiPolygon","coordinates":[[[[3.77085471,48.50313015],[3.7709032,48.50322412],[3.77094747,48.50321528],[3.77099444,48.50320526],[3.77094499,48.50311049],[3.77085471,48.50313015]]]]},"geometry_name":"geom","properties":{"gid":39816530,"type":"Bâtiment en dur","code_dep":"10","code_insee":"10220"}},{"type":"Feature","id":"batiment.39904985","geometry":{"type":"MultiPolygon","coordinates":[[[[3.77478682,48.50252197],[3.77477559,48.50244009],[3.77475786,48.50232118],[3.77465022,48.5023289],[3.77468307,48.5025276],[3.77478682,48.50252197]]]]},"geometry_name":"geom","properties":{"gid":39816531,"type":"Bâtiment en dur","code_dep":"10","code_insee":"10220"}},{"type":"Feature","id":"batiment.39904986","geometry":{"type":"MultiPolygon","coordinates":[[[[3.77458372,48.50285904],[3.77457971,48.50284404],[3.77457059,48.50281324],[3.77452022,48.50282131],[3.77453538,48.50286709],[3.77458372,48.50285904]]]]},"geometry_name":"geom","properties":{"gid":39816532,"type":"Bâtiment en dur","code_dep":"10","code_insee":"10220"}},{"type":"Feature","id":"batiment.39904987","geometry":{"type":"MultiPolygon","coordinates":[[[[3.7742275,48.50255315],[3.77433245,48.50253672],[3.77437108,48.50253098],[3.7743564,48.5024905],[3.77436587,48.50248963],[3.77437545,48.50251494],[3.77442016,48.50250826],[3.77439981,48.50245072],[3.7741991,48.50248181],[3.7742275,48.50255315]]]]},"geometry_name":"geom","properties":{"gid":39816533,"type":"Bâtiment en dur","code_dep":"10","code_insee":"10220"}},{"type":"Feature","id":"batiment.39904988","geometry":{"type":"MultiPolygon","coordinates":[[[[3.77396894,48.50254457],[3.7741145,48.50251871],[3.77408312,48.50244721],[3.7739408,48.50247216],[3.77396894,48.50254457]]]]},"geometry_name":"geom","properties":{"gid":39816534,"type":"Bâtiment en dur","code_dep":"10","code_insee":"10220"}},{"type":"Feature","id":"batiment.39904989","geometry":{"type":"MultiPolygon","coordinates":[[[[3.77361797,48.50253921],[3.77364351,48.5026004],[3.77379093,48.50257236],[3.77376158,48.50250994],[3.77361797,48.50253921]]]]},"geometry_name":"geom","properties":{"gid":39816535,"type":"Bâtiment en dur","code_dep":"10","code_insee":"10220"}},{"type":"Feature","id":"batiment.39904990","geometry":{"type":"MultiPolygon","coordinates":[[[[3.7769345,48.50185112],[3.77697487,48.50184411],[3.77698459,48.50186051],[3.77703828,48.50184757],[3.77702757,48.50182856],[3.77706387,48.50182095],[3.77708019,48.50181689],[3.77712451,48.50188434],[3.77726212,48.50200768],[3.77728618,48.50199582],[3.7772712,48.50198108],[3.77728492,48.50197469],[3.77717565,48.50187276],[3.77715446,48.5018406],[3.77721568,48.50182437],[3.77719294,48.50178799],[3.77720711,48.50178511],[3.77717308,48.50172658],[3.7769927,48.50176843],[3.77690139,48.50179089],[3.7769345,48.50185112]]]]},"geometry_name":"geom","properties":{"gid":39816536,"type":"Bâtiment en dur","code_dep":"10","code_insee":"10220"}},{"type":"Feature","id":"batiment.39905029","geometry":{"type":"MultiPolygon","coordinates":[[[[3.77670884,48.50184261],[3.77684557,48.50204387],[3.77688291,48.50203346],[3.77693616,48.502018],[3.77688468,48.50194258],[3.77680274,48.50182113],[3.77670884,48.50184261]]]]},"geometry_name":"geom","properties":{"gid":39816577,"type":"Bâtiment en dur","code_dep":"10","code_insee":"10220"}},{"type":"Feature","id":"batiment.39905030","geometry":{"type":"MultiPolygon","coordinates":[[[[3.77662515,48.50199628],[3.77672192,48.50196749],[3.77670406,48.50194071],[3.77660732,48.50197112],[3.77662515,48.50199628]]]]},"geometry_name":"geom","properties":{"gid":39816578,"type":"Bâtiment en dur","code_dep":"10","code_insee":"10220"}},{"type":"Feature","id":"batiment.39905031","geometry":{"type":"MultiPolygon","coordinates":[[[[3.77645995,48.50202093],[3.77655748,48.50199726],[3.77649741,48.50189024],[3.77639473,48.50191322],[3.77643815,48.501993],[3.77645995,48.50202093]]]]},"geometry_name":"geom","properties":{"gid":39816579,"type":"Bâtiment en dur","code_dep":"10","code_insee":"10220"}},{"type":"Feature","id":"batiment.39905032","geometry":{"type":"MultiPolygon","coordinates":[[[[3.77690331,48.50235944],[3.77700171,48.50231247],[3.77697191,48.50226579],[3.77686023,48.50230242],[3.77690331,48.50235944]]]]},"geometry_name":"geom","properties":{"gid":39816580,"type":"Bâtiment en dur","code_dep":"10","code_insee":"10220"}},{"type":"Feature","id":"batiment.39905033","geometry":{"type":"MultiPolygon","coordinates":[[[[3.77673721,48.50229602],[3.7768338,48.50226409],[3.7768099,48.5022314],[3.77681677,48.50222947],[3.77679235,48.50219841],[3.77678211,48.50220163],[3.77677354,48.50218972],[3.77678365,48.50218668],[3.7767446,48.50213665],[3.77664155,48.50217097],[3.77673721,48.50229602]]]]},"geometry_name":"geom","properties":{"gid":39816581,"type":"Bâtiment en dur","code_dep":"10","code_insee":"10220"}},{"type":"Feature","id":"batiment.39905034","geometry":{"type":"MultiPolygon","coordinates":[[[[3.77629887,48.50225975],[3.77633705,48.50233274],[3.77645992,48.50230206],[3.77642448,48.50223123],[3.77629887,48.50225975]]]]},"geometry_name":"geom","properties":{"gid":39816582,"type":"Bâtiment en dur","code_dep":"10","code_insee":"10220"}},{"type":"Feature","id":"batiment.39905035","geometry":{"type":"MultiPolygon","coordinates":[[[[3.77592956,48.5020943],[3.77618527,48.50203874],[3.77617955,48.50202681],[3.77619413,48.50202411],[3.77624377,48.50212238],[3.77632839,48.50210437],[3.77628162,48.50200833],[3.77625038,48.50194646],[3.77614553,48.50196055],[3.77614776,48.50196476],[3.77605099,48.50198456],[3.7760489,48.50198043],[3.77589426,48.50201437],[3.77592956,48.5020943]]]]},"geometry_name":"geom","properties":{"gid":39816583,"type":"Bâtiment en dur","code_dep":"10","code_insee":"10220"}},{"type":"Feature","id":"batiment.39905036","geometry":{"type":"MultiPolygon","coordinates":[[[[3.77607997,48.50245209],[3.77621967,48.5024241],[3.7762278,48.50244239],[3.77630499,48.50242615],[3.7762955,48.50240705],[3.77631521,48.50240341],[3.77628176,48.50233849],[3.77618837,48.50235773],[3.77616669,48.50231109],[3.77607154,48.50233069],[3.77609282,48.5023776],[3.77604707,48.50238753],[3.77607997,48.50245209]]]]},"geometry_name":"geom","properties":{"gid":39816584,"type":"Bâtiment en dur","code_dep":"10","code_insee":"10220"}},{"type":"Feature","id":"batiment.39905037","geometry":{"type":"MultiPolygon","coordinates":[[[[3.77597547,48.50258043],[3.77607978,48.50255824],[3.77605263,48.50250723],[3.77594912,48.50252923],[3.77597547,48.50258043]]]]},"geometry_name":"geom","properties":{"gid":39816585,"type":"Bâtiment en dur","code_dep":"10","code_insee":"10220"}},{"type":"Feature","id":"batiment.39905038","geometry":{"type":"MultiPolygon","coordinates":[[[[3.77560369,48.50234013],[3.7756136,48.50240592],[3.77560183,48.50240663],[3.7756067,48.50244285],[3.77563012,48.50244297],[3.77564013,48.50252495],[3.77575543,48.50251295],[3.77573142,48.50233588],[3.77560369,48.50234013]]]]},"geometry_name":"geom","properties":{"gid":39816586,"type":"Bâtiment en dur","code_dep":"10","code_insee":"10220"}},{"type":"Feature","id":"batiment.39905074","geometry":{"type":"MultiPolygon","coordinates":[[[[3.77538259,48.50256649],[3.77542259,48.50265331],[3.77550801,48.50263476],[3.7754707,48.50254711],[3.77538259,48.50256649]]]]},"geometry_name":"geom","properties":{"gid":39816621,"type":"Bâtiment en dur","code_dep":"10","code_insee":"10220"}},{"type":"Feature","id":"batiment.39905075","geometry":{"type":"MultiPolygon","coordinates":[[[[3.77501685,48.50224006],[3.77505331,48.50232492],[3.77508395,48.50231924],[3.77508915,48.50233225],[3.77511197,48.50232832],[3.77510732,48.50231557],[3.775179,48.50230197],[3.775145,48.50221772],[3.77501685,48.50224006]]]]},"geometry_name":"geom","properties":{"gid":39816622,"type":"Bâtiment en dur","code_dep":"10","code_insee":"10220"}},{"type":"Feature","id":"batiment.39905077","geometry":{"type":"MultiPolygon","coordinates":[[[[3.77667064,48.49981068],[3.7767041,48.49980317],[3.77668737,48.49977009],[3.77665364,48.49977768],[3.77667064,48.49981068]]]]},"geometry_name":"geom","properties":{"gid":39816624,"type":"Bâtiment en dur","code_dep":"10","code_insee":"10220"}},{"type":"Feature","id":"batiment.39905078","geometry":{"type":"MultiPolygon","coordinates":[[[[3.77698758,48.49999609],[3.77700215,48.49999321],[3.77700888,48.50000882],[3.77704788,48.50000055],[3.77705906,48.50002378],[3.77723841,48.49998635],[3.77722009,48.49994671],[3.77710916,48.49996984],[3.77711519,48.49998419],[3.77706473,48.49999586],[3.7770533,48.49997335],[3.77698393,48.49998766],[3.77698758,48.49999609]]]]},"geometry_name":"geom","properties":{"gid":39816625,"type":"Bâtiment en dur","code_dep":"10","code_insee":"10220"}},{"type":"Feature","id":"batiment.39905079","geometry":{"type":"MultiPolygon","coordinates":[[[[3.77694709,48.50013238],[3.77721647,48.50007736],[3.77719939,48.50003879],[3.777152,48.50004746],[3.77714842,48.50003444],[3.77710914,48.50004199],[3.77711353,48.500055],[3.77706644,48.50006512],[3.77707041,48.5000776],[3.77693596,48.50010286],[3.77694709,48.50013238]]]]},"geometry_name":"geom","properties":{"gid":39816626,"type":"Bâtiment en dur","code_dep":"10","code_insee":"10220"}},{"type":"Feature","id":"batiment.39905080","geometry":{"type":"MultiPolygon","coordinates":[[[[3.77678175,48.50016558],[3.7768008,48.50020873],[3.77690554,48.50018762],[3.77688568,48.50014484],[3.77678175,48.50016558]]]]},"geometry_name":"geom","properties":{"gid":39816627,"type":"Bâtiment en dur","code_dep":"10","code_insee":"10220"}},{"type":"Feature","id":"batiment.39905081","geometry":{"type":"MultiPolygon","coordinates":[[[[3.77738895,48.50038948],[3.77742709,48.50043296],[3.77750035,48.50040693],[3.77746126,48.5003631],[3.77749395,48.50034966],[3.77742938,48.50026768],[3.7773365,48.50030274],[3.77740699,48.50038271],[3.77738895,48.50038948]]]]},"geometry_name":"geom","properties":{"gid":39816628,"type":"Bâtiment en dur","code_dep":"10","code_insee":"10220"}},{"type":"Feature","id":"batiment.39905082","geometry":{"type":"MultiPolygon","coordinates":[[[[3.77709433,48.50046779],[3.77711662,48.50051029],[3.77716954,48.50050041],[3.77714738,48.50045764],[3.77709433,48.50046779]]]]},"geometry_name":"geom","properties":{"gid":39816629,"type":"Bâtiment en dur","code_dep":"10","code_insee":"10220"}},{"type":"Feature","id":"batiment.39905155","geometry":{"type":"MultiPolygon","coordinates":[[[[3.7769158,48.50053319],[3.77696954,48.50052402],[3.77695025,48.50048322],[3.77689529,48.50049194],[3.7769158,48.50053319]]]]},"geometry_name":"geom","properties":{"gid":39816702,"type":"Bâtiment en dur","code_dep":"10","code_insee":"10220"}},{"type":"Feature","id":"batiment.39905156","geometry":{"type":"MultiPolygon","coordinates":[[[[3.77737563,48.5008241],[3.77734604,48.50077337],[3.77726823,48.50079313],[3.77719567,48.50066559],[3.77711031,48.50068774],[3.77721351,48.5008642],[3.77737563,48.5008241]]]]},"geometry_name":"geom","properties":{"gid":39816703,"type":"Bâtiment en dur","code_dep":"10","code_insee":"10220"}},{"type":"Feature","id":"batiment.39905157","geometry":{"type":"MultiPolygon","coordinates":[[[[3.77856392,48.50129879],[3.77875639,48.50127855],[3.77873555,48.50121526],[3.7785462,48.50123629],[3.77856392,48.50129879]]]]},"geometry_name":"geom","properties":{"gid":39816704,"type":"Bâtiment en dur","code_dep":"10","code_insee":"10220"}},{"type":"Feature","id":"batiment.39905158","geometry":{"type":"MultiPolygon","coordinates":[[[[3.77827205,48.50134388],[3.77838615,48.50132478],[3.77833806,48.501213],[3.77829404,48.50122022],[3.77823009,48.50109811],[3.77846107,48.50100006],[3.77838958,48.50094413],[3.77816191,48.50103729],[3.77814706,48.50102155],[3.77809418,48.50104376],[3.77815729,48.50112728],[3.77814844,48.50113328],[3.77821602,48.50125348],[3.77822562,48.50125287],[3.77827205,48.50134388]]]]},"geometry_name":"geom","properties":{"gid":39816705,"type":"Bâtiment en dur","code_dep":"10","code_insee":"10220"}},{"type":"Feature","id":"batiment.39905159","geometry":{"type":"MultiPolygon","coordinates":[[[[3.77769594,48.50144698],[3.7778127,48.50141499],[3.77798409,48.50138841],[3.77795873,48.50131202],[3.7778812,48.50132377],[3.77779581,48.50107936],[3.77767684,48.50109921],[3.77771745,48.5012087],[3.77770975,48.50120974],[3.777662,48.50110246],[3.77753446,48.50112821],[3.77757171,48.50121235],[3.77766256,48.50119503],[3.77769325,48.50126536],[3.77766801,48.50127029],[3.77770493,48.5013503],[3.77765273,48.50136314],[3.77769594,48.50144698]]]]},"geometry_name":"geom","properties":{"gid":39816706,"type":"Bâtiment en dur","code_dep":"10","code_insee":"10220"}},{"type":"Feature","id":"batiment.39905160","geometry":{"type":"MultiPolygon","coordinates":[[[[3.77735926,48.50151026],[3.77740984,48.50149797],[3.77737807,48.50143664],[3.77732612,48.50144814],[3.77735926,48.50151026]]]]},"geometry_name":"geom","properties":{"gid":39816707,"type":"Bâtiment en dur","code_dep":"10","code_insee":"10220"}},{"type":"Feature","id":"batiment.39905161","geometry":{"type":"MultiPolygon","coordinates":[[[[3.7771777,48.50138037],[3.7772376,48.50136703],[3.77721958,48.50132936],[3.77725899,48.5013211],[3.77720803,48.5012168],[3.77709658,48.50124146],[3.77714739,48.50134504],[3.77715968,48.5013428],[3.7771777,48.50138037]]]]},"geometry_name":"geom","properties":{"gid":39816708,"type":"Bâtiment en dur","code_dep":"10","code_insee":"10220"}},{"type":"Feature","id":"batiment.39905162","geometry":{"type":"MultiPolygon","coordinates":[[[[3.77665282,48.50106696],[3.77667723,48.5010605],[3.77664126,48.50099029],[3.77661684,48.50099567],[3.77665282,48.50106696]]]]},"geometry_name":"geom","properties":{"gid":39816709,"type":"Bâtiment en dur","code_dep":"10","code_insee":"10220"}},{"type":"Feature","id":"batiment.39905163","geometry":{"type":"MultiPolygon","coordinates":[[[[3.77684153,48.5016342],[3.77695268,48.50160703],[3.77704522,48.50158483],[3.77703204,48.50155424],[3.77705064,48.50154899],[3.77700853,48.50146605],[3.77698991,48.50147013],[3.77689401,48.50127463],[3.7769072,48.50126897],[3.77683328,48.5011409],[3.77670624,48.5011733],[3.7767673,48.50129238],[3.77687739,48.50147779],[3.77685176,48.50148372],[3.77686718,48.50151051],[3.77689157,48.5015028],[3.77690965,48.50153507],[3.77680364,48.50156149],[3.77684153,48.5016342]]]]},"geometry_name":"geom","properties":{"gid":39816710,"type":"Bâtiment en dur","code_dep":"10","code_insee":"10220"}},{"type":"Feature","id":"batiment.39905196","geometry":{"type":"MultiPolygon","coordinates":[[[[3.77662605,48.50138893],[3.77665002,48.501445],[3.77663182,48.50144971],[3.7766607,48.50151717],[3.77672902,48.50150476],[3.77672676,48.50149875],[3.77666937,48.50138001],[3.77662605,48.50138893]]]]},"geometry_name":"geom","properties":{"gid":39816744,"type":"Bâtiment en dur","code_dep":"10","code_insee":"10220"}},{"type":"Feature","id":"batiment.39905197","geometry":{"type":"MultiPolygon","coordinates":[[[[3.77642526,48.50154237],[3.77640298,48.50148242],[3.77636774,48.50148859],[3.77639188,48.50154673],[3.77642526,48.50154237]]]]},"geometry_name":"geom","properties":{"gid":39816745,"type":"Bâtiment en dur","code_dep":"10","code_insee":"10220"}},{"type":"Feature","id":"batiment.39905198","geometry":{"type":"MultiPolygon","coordinates":[[[[3.77641475,48.50176555],[3.77650041,48.50174538],[3.77647021,48.50166164],[3.77645964,48.501634],[3.77641724,48.50164129],[3.77642824,48.50167064],[3.77638478,48.50167938],[3.77641475,48.50176555]]]]},"geometry_name":"geom","properties":{"gid":39816746,"type":"Bâtiment en dur","code_dep":"10","code_insee":"10220"}},{"type":"Feature","id":"batiment.39905199","geometry":{"type":"MultiPolygon","coordinates":[[[[3.77615116,48.50182836],[3.77624721,48.50180542],[3.77636862,48.50177665],[3.77627633,48.5015231],[3.77625417,48.50152595],[3.77625901,48.50154148],[3.77624955,48.50154262],[3.77619666,48.50155448],[3.77626276,48.50174],[3.77623035,48.50174588],[3.77623279,48.50175531],[3.77612472,48.5017795],[3.77615116,48.50182836]]]]},"geometry_name":"geom","properties":{"gid":39816747,"type":"Bâtiment en dur","code_dep":"10","code_insee":"10220"}},{"type":"Feature","id":"batiment.39905200","geometry":{"type":"MultiPolygon","coordinates":[[[[3.77562889,48.50156251],[3.77568413,48.5016638],[3.77589072,48.50161891],[3.775834,48.50151825],[3.77562889,48.50156251]]]]},"geometry_name":"geom","properties":{"gid":39816748,"type":"Bâtiment en dur","code_dep":"10","code_insee":"10220"}},{"type":"Feature","id":"batiment.39905201","geometry":{"type":"MultiPolygon","coordinates":[[[[3.77592766,48.50187399],[3.77597162,48.50186228],[3.77594036,48.50180814],[3.77575358,48.5018565],[3.77578106,48.50191147],[3.77592766,48.50187399]]]]},"geometry_name":"geom","properties":{"gid":39816749,"type":"Bâtiment en dur","code_dep":"10","code_insee":"10220"}},{"type":"Feature","id":"batiment.39905202","geometry":{"type":"MultiPolygon","coordinates":[[[[3.77548402,48.50156147],[3.7755535,48.50183811],[3.77565757,48.50182735],[3.77561412,48.50163502],[3.77556666,48.50163893],[3.77554432,48.50155622],[3.77548402,48.50156147]]]]},"geometry_name":"geom","properties":{"gid":39816750,"type":"Bâtiment en dur","code_dep":"10","code_insee":"10220"}},{"type":"Feature","id":"batiment.39905203","geometry":{"type":"MultiPolygon","coordinates":[[[[3.77525089,48.50166123],[3.77530352,48.50166782],[3.77533602,48.50178789],[3.77545323,48.50177696],[3.77542974,48.50168076],[3.77545662,48.50167698],[3.77543983,48.50162177],[3.77534037,48.50163303],[3.77526559,48.50162047],[3.77525089,48.50166123]]]]},"geometry_name":"geom","properties":{"gid":39816751,"type":"Bâtiment en dur","code_dep":"10","code_insee":"10220"}},{"type":"Feature","id":"batiment.39905204","geometry":{"type":"MultiPolygon","coordinates":[[[[3.77483852,48.50176909],[3.77505675,48.50172421],[3.77502286,48.50162907],[3.77480385,48.50167638],[3.77483852,48.50176909]]]]},"geometry_name":"geom","properties":{"gid":39816753,"type":"Bâtiment en dur","code_dep":"10","code_insee":"10220"}},{"type":"Feature","id":"batiment.39905234","geometry":{"type":"MultiPolygon","coordinates":[[[[3.77498254,48.50204344],[3.77509149,48.50202276],[3.77505176,48.50192685],[3.77494282,48.5019478],[3.77498254,48.50204344]]]]},"geometry_name":"geom","properties":{"gid":39816784,"type":"Bâtiment en dur","code_dep":"10","code_insee":"10220"}},{"type":"Feature","id":"batiment.39905235","geometry":{"type":"MultiPolygon","coordinates":[[[[3.77484054,48.50177753],[3.77470996,48.50179962],[3.77475872,48.50193002],[3.77482935,48.50191876],[3.77482456,48.50190584],[3.77488613,48.50189491],[3.77484054,48.50177753]]]]},"geometry_name":"geom","properties":{"gid":39816785,"type":"Bâtiment en dur","code_dep":"10","code_insee":"10220"}},{"type":"Feature","id":"batiment.39905236","geometry":{"type":"MultiPolygon","coordinates":[[[[3.77463858,48.50210929],[3.77475187,48.50208939],[3.7747156,48.50198958],[3.77460165,48.50201012],[3.77463858,48.50210929]]]]},"geometry_name":"geom","properties":{"gid":39816786,"type":"Bâtiment en dur","code_dep":"10","code_insee":"10220"}},{"type":"Feature","id":"batiment.39905237","geometry":{"type":"MultiPolygon","coordinates":[[[[3.77411912,48.50194165],[3.77412293,48.50195215],[3.77417844,48.50209951],[3.77415764,48.5021027],[3.77416664,48.50212604],[3.77418675,48.50212186],[3.77421148,48.50218287],[3.77446923,48.50213702],[3.77437391,48.50189717],[3.77411912,48.50194165]]]]},"geometry_name":"geom","properties":{"gid":39816787,"type":"Bâtiment en dur","code_dep":"10","code_insee":"10220"}},{"type":"Feature","id":"batiment.39905238","geometry":{"type":"MultiPolygon","coordinates":[[[[3.77377871,48.50206487],[3.77381822,48.5021463],[3.77383416,48.50218083],[3.77388074,48.50217207],[3.77389347,48.50220051],[3.77384825,48.50220926],[3.77387803,48.50227294],[3.77405403,48.50223752],[3.77400219,48.50210966],[3.77395185,48.5021197],[3.77395749,48.50213505],[3.77391268,48.50214406],[3.77390595,48.50212863],[3.77389157,48.50208941],[3.77387119,48.5020936],[3.77385533,48.50204656],[3.77382201,48.50205442],[3.77381683,48.50204312],[3.77379173,48.5020485],[3.77379597,48.50206035],[3.77377871,48.50206487]]]]},"geometry_name":"geom","properties":{"gid":39816788,"type":"Bâtiment en dur","code_dep":"10","code_insee":"10220"}},{"type":"Feature","id":"batiment.39905239","geometry":{"type":"MultiPolygon","coordinates":[[[[3.77388579,48.50207389],[3.7739294,48.50206632],[3.77397474,48.50205622],[3.77394713,48.50199243],[3.77386308,48.50201223],[3.77388579,48.50207389]]]]},"geometry_name":"geom","properties":{"gid":39816789,"type":"Bâtiment en dur","code_dep":"10","code_insee":"10220"}},{"type":"Feature","id":"batiment.39905240","geometry":{"type":"MultiPolygon","coordinates":[[[[3.7738394,48.50177443],[3.77385004,48.50180747],[3.77386463,48.50180531],[3.77387059,48.50182362],[3.77388577,48.50187057],[3.77398815,48.50185524],[3.77394527,48.50172858],[3.77384382,48.50174346],[3.77385184,48.50177291],[3.7738394,48.50177443]]]]},"geometry_name":"geom","properties":{"gid":39816790,"type":"Bâtiment en dur","code_dep":"10","code_insee":"10220"}},{"type":"Feature","id":"batiment.39905241","geometry":{"type":"MultiPolygon","coordinates":[[[[3.77365009,48.50214658],[3.77355595,48.50216114],[3.77356921,48.50219749],[3.7735808,48.50223052],[3.77358823,48.5022482],[3.77356918,48.50225048],[3.77357048,48.50225614],[3.77355048,48.50225834],[3.77357055,48.50232496],[3.77379107,48.5022879],[3.77377452,48.5022397],[3.77377051,48.5022345],[3.77368076,48.50224337],[3.77365009,48.50214658]]]]},"geometry_name":"geom","properties":{"gid":39816791,"type":"Bâtiment en dur","code_dep":"10","code_insee":"10220"}},{"type":"Feature","id":"batiment.39905242","geometry":{"type":"MultiPolygon","coordinates":[[[[3.77368513,48.50204407],[3.77365566,48.50197346],[3.77347969,48.50201149],[3.77350645,48.50208212],[3.77368513,48.50204407]]]]},"geometry_name":"geom","properties":{"gid":39816792,"type":"Bâtiment en dur","code_dep":"10","code_insee":"10220"}},{"type":"Feature","id":"batiment.39905243","geometry":{"type":"MultiPolygon","coordinates":[[[[3.77326027,48.502031],[3.77328435,48.50212162],[3.7733438,48.50211421],[3.77331905,48.50202387],[3.77326027,48.502031]]]]},"geometry_name":"geom","properties":{"gid":39816793,"type":"Bâtiment en dur","code_dep":"10","code_insee":"10220"}},{"type":"Feature","id":"batiment.39905277","geometry":{"type":"MultiPolygon","coordinates":[[[[3.77325183,48.50200011],[3.77331197,48.50199387],[3.77331318,48.50200232],[3.77337359,48.50199509],[3.77337087,48.50198521],[3.7734379,48.5019774],[3.77340802,48.5018699],[3.77322113,48.50189199],[3.77322699,48.50191354],[3.77324241,48.50196769],[3.77325183,48.50200011]]]]},"geometry_name":"geom","properties":{"gid":39816827,"type":"Bâtiment en dur","code_dep":"10","code_insee":"10220"}},{"type":"Feature","id":"batiment.39905278","geometry":{"type":"MultiPolygon","coordinates":[[[[3.77327666,48.50184818],[3.77349039,48.50181899],[3.77346917,48.50174761],[3.77325437,48.50177788],[3.77327666,48.50184818]]]]},"geometry_name":"geom","properties":{"gid":39816828,"type":"Bâtiment en dur","code_dep":"10","code_insee":"10220"}},{"type":"Feature","id":"batiment.39905279","geometry":{"type":"MultiPolygon","coordinates":[[[[3.77351584,48.50169026],[3.77348759,48.50163791],[3.77337265,48.50165611],[3.77339361,48.50170914],[3.77351584,48.50169026]]]]},"geometry_name":"geom","properties":{"gid":39816829,"type":"Bâtiment en dur","code_dep":"10","code_insee":"10220"}},{"type":"Feature","id":"batiment.39905280","geometry":{"type":"MultiPolygon","coordinates":[[[[3.77329633,48.50161172],[3.77332918,48.50160871],[3.7733329,48.50162245],[3.77338211,48.5016179],[3.77337161,48.50157641],[3.77339352,48.50157474],[3.77338434,48.50153962],[3.77335905,48.50154177],[3.77334094,48.50147891],[3.77322241,48.50149192],[3.77324974,48.50160131],[3.77329163,48.501596],[3.77329633,48.50161172]]]]},"geometry_name":"geom","properties":{"gid":39816830,"type":"Bâtiment en dur","code_dep":"10","code_insee":"10220"}},{"type":"Feature","id":"batiment.39905281","geometry":{"type":"MultiPolygon","coordinates":[[[[3.77831002,48.50014361],[3.77856461,48.50009534],[3.77855353,48.50006915],[3.77846229,48.50008792],[3.77844505,48.50004809],[3.77833737,48.50007092],[3.7783541,48.50011292],[3.77830201,48.50012396],[3.77831002,48.50014361]]]]},"geometry_name":"geom","properties":{"gid":39816831,"type":"Bâtiment en dur","code_dep":"10","code_insee":"10220"}},{"type":"Feature","id":"batiment.39905282","geometry":{"type":"MultiPolygon","coordinates":[[[[3.77798739,48.50020492],[3.77806002,48.50019131],[3.77803976,48.5001488],[3.77808417,48.50013987],[3.77806742,48.50009707],[3.77802177,48.50010403],[3.77801649,48.50009506],[3.77779525,48.500137],[3.77782401,48.50020518],[3.77797318,48.50017758],[3.77798739,48.50020492]]]]},"geometry_name":"geom","properties":{"gid":39816832,"type":"Bâtiment en dur","code_dep":"10","code_insee":"10220"}},{"type":"Feature","id":"batiment.39905283","geometry":{"type":"MultiPolygon","coordinates":[[[[3.77801414,48.50024658],[3.77807405,48.50023368],[3.77806176,48.50020821],[3.77800077,48.50022157],[3.77801414,48.50024658]]]]},"geometry_name":"geom","properties":{"gid":39816833,"type":"Bâtiment en dur","code_dep":"10","code_insee":"10220"}},{"type":"Feature","id":"batiment.39905284","geometry":{"type":"MultiPolygon","coordinates":[[[[3.77780227,48.50031877],[3.77788717,48.50041141],[3.77797351,48.50037306],[3.77788998,48.5002814],[3.77780227,48.50031877]]]]},"geometry_name":"geom","properties":{"gid":39816834,"type":"Bâtiment en dur","code_dep":"10","code_insee":"10220"}},{"type":"Feature","id":"batiment.39905319","geometry":{"type":"MultiPolygon","coordinates":[[[[3.77804101,48.50037901],[3.77811562,48.50036215],[3.77813584,48.50035644],[3.77812717,48.50033751],[3.77803142,48.50036216],[3.77804101,48.50037901]]]]},"geometry_name":"geom","properties":{"gid":39816865,"type":"Bâtiment en dur","code_dep":"10","code_insee":"10220"}},{"type":"Feature","id":"batiment.39905320","geometry":{"type":"MultiPolygon","coordinates":[[[[3.77854925,48.50090305],[3.77865217,48.50089688],[3.77863395,48.50079984],[3.77853034,48.50080565],[3.77854925,48.50090305]]]]},"geometry_name":"geom","properties":{"gid":39816866,"type":"Bâtiment en dur","code_dep":"10","code_insee":"10220"}},{"type":"Feature","id":"batiment.39905321","geometry":{"type":"MultiPolygon","coordinates":[[[[3.77883374,48.50050723],[3.77886143,48.50059431],[3.77913243,48.50056591],[3.77925317,48.50094818],[3.7793471,48.50093803],[3.77932317,48.50084876],[3.77927116,48.50066459],[3.7792143,48.50046353],[3.77883374,48.50050723]]]]},"geometry_name":"geom","properties":{"gid":39816867,"type":"Bâtiment en dur","code_dep":"10","code_insee":"10220"}},{"type":"Feature","id":"batiment.39905322","geometry":{"type":"MultiPolygon","coordinates":[[[[3.77934279,48.50084827],[3.77936826,48.50095921],[3.7794505,48.50095471],[3.77950231,48.50095221],[3.77948294,48.50084196],[3.77934279,48.50084827]]]]},"geometry_name":"geom","properties":{"gid":39816868,"type":"Bâtiment en dur","code_dep":"10","code_insee":"10220"}},{"type":"Feature","id":"batiment.39905323","geometry":{"type":"MultiPolygon","coordinates":[[[[3.77948742,48.50123435],[3.77967228,48.5012218],[3.77965878,48.50116944],[3.77961331,48.50078766],[3.7797085,48.50078029],[3.77971956,48.50082322],[3.77977149,48.50081955],[3.77977771,48.50084632],[3.77981923,48.50084371],[3.77981397,48.50081792],[3.77984237,48.50081558],[3.77983902,48.50077233],[3.77993042,48.50076525],[3.77995646,48.50086881],[3.78002605,48.50086025],[3.78001033,48.50080413],[3.77998625,48.50075976],[3.77994165,48.50067359],[3.77983306,48.50068123],[3.77974448,48.50068721],[3.77967089,48.5006903],[3.77961518,48.50069517],[3.77951228,48.50070268],[3.77948063,48.5007046],[3.77949757,48.50084222],[3.77951111,48.50095216],[3.77951752,48.50100078],[3.77953648,48.50100111],[3.77954191,48.50103877],[3.77954443,48.50105342],[3.77954789,48.50107651],[3.77955467,48.50110481],[3.7795263,48.50110904],[3.77953551,48.50116386],[3.77947534,48.50116866],[3.77948742,48.50123435]]]]},"geometry_name":"geom","properties":{"gid":39816869,"type":"Bâtiment en dur","code_dep":"10","code_insee":"10220"}},{"type":"Feature","id":"batiment.39905324","geometry":{"type":"MultiPolygon","coordinates":[[[[3.77983122,48.50112225],[3.77983446,48.50114894],[3.77976795,48.5011555],[3.77974563,48.50116554],[3.77975262,48.50121641],[3.77995453,48.50120321],[3.77994182,48.50114032],[3.77987706,48.50114588],[3.77987342,48.50111945],[3.77983122,48.50112225]]]]},"geometry_name":"geom","properties":{"gid":39816870,"type":"Bâtiment en dur","code_dep":"10","code_insee":"10220"}},{"type":"Feature","id":"batiment.39905325","geometry":{"type":"MultiPolygon","coordinates":[[[[3.780038,48.50090822],[3.77995016,48.50091851],[3.77999033,48.50109817],[3.78001804,48.50109529],[3.78001584,48.50108397],[3.78008032,48.50107779],[3.780038,48.50090822]]]]},"geometry_name":"geom","properties":{"gid":39816871,"type":"Bâtiment en dur","code_dep":"10","code_insee":"10220"}},{"type":"Feature","id":"batiment.39905326","geometry":{"type":"MultiPolygon","coordinates":[[[[3.78013424,48.50120833],[3.78026508,48.5012036],[3.78022512,48.50099227],[3.78018883,48.50091937],[3.78008643,48.50093354],[3.78012401,48.50101174],[3.78011526,48.50101494],[3.78013002,48.50109707],[3.78011776,48.50110102],[3.78012648,48.50113254],[3.78016098,48.50113079],[3.7801642,48.5011475],[3.78012218,48.5011529],[3.78013424,48.50120833]]]]},"geometry_name":"geom","properties":{"gid":39816872,"type":"Bâtiment en dur","code_dep":"10","code_insee":"10220"}},{"type":"Feature","id":"batiment.39905327","geometry":{"type":"MultiPolygon","coordinates":[[[[3.78051789,48.50119906],[3.78062574,48.50119674],[3.78061415,48.50110919],[3.78059278,48.50111023],[3.78054721,48.5008589],[3.78055965,48.50085792],[3.78054944,48.5008175],[3.780435,48.5008322],[3.78044851,48.50086693],[3.78049943,48.5011229],[3.78051789,48.50119906]]]]},"geometry_name":"geom","properties":{"gid":39816873,"type":"Bâtiment en dur","code_dep":"10","code_insee":"10220"}},{"type":"Feature","id":"batiment.39905354","geometry":{"type":"MultiPolygon","coordinates":[[[[3.78023453,48.50080617],[3.78026629,48.50080227],[3.78025596,48.50075421],[3.78050973,48.50072384],[3.78048728,48.50064338],[3.78020342,48.50067106],[3.78023453,48.50080617]]]]},"geometry_name":"geom","properties":{"gid":39816905,"type":"Bâtiment en dur","code_dep":"10","code_insee":"10220"}},{"type":"Feature","id":"batiment.39905355","geometry":{"type":"MultiPolygon","coordinates":[[[[3.7817008,48.50010174],[3.7817382,48.50009511],[3.78172609,48.50006388],[3.78168923,48.50007015],[3.7817008,48.50010174]]]]},"geometry_name":"geom","properties":{"gid":39816906,"type":"Bâtiment en dur","code_dep":"10","code_insee":"10220"}},{"type":"Feature","id":"batiment.39905356","geometry":{"type":"MultiPolygon","coordinates":[[[[3.78178375,48.50038134],[3.78185322,48.50059176],[3.78194356,48.50057677],[3.78187305,48.50036906],[3.78178375,48.50038134]]]]},"geometry_name":"geom","properties":{"gid":39816907,"type":"Bâtiment en dur","code_dep":"10","code_insee":"10220"}},{"type":"Feature","id":"batiment.39905357","geometry":{"type":"MultiPolygon","coordinates":[[[[3.78187872,48.50066815],[3.78189378,48.500716],[3.78197521,48.50096565],[3.78210325,48.50094655],[3.78204259,48.50074534],[3.78201045,48.50075059],[3.78199501,48.5007049],[3.78203011,48.50069846],[3.78201422,48.50064953],[3.78187872,48.50066815]]]]},"geometry_name":"geom","properties":{"gid":39816908,"type":"Bâtiment en dur","code_dep":"10","code_insee":"10220"}},{"type":"Feature","id":"batiment.39905358","geometry":{"type":"MultiPolygon","coordinates":[[[[3.78224647,48.50106445],[3.78241974,48.50106367],[3.78243368,48.50106339],[3.782421,48.50101193],[3.78241396,48.50098499],[3.78239948,48.50098535],[3.78239299,48.50095831],[3.78231314,48.50095983],[3.78231354,48.50098628],[3.78224628,48.50098807],[3.78224647,48.50106445]]]]},"geometry_name":"geom","properties":{"gid":39816909,"type":"Bâtiment en dur","code_dep":"10","code_insee":"10220"}},{"type":"Feature","id":"batiment.39905386","geometry":{"type":"MultiPolygon","coordinates":[[[[3.78250917,48.50116051],[3.78251047,48.50116572],[3.78260986,48.50115831],[3.78260924,48.50115319],[3.78258437,48.50103793],[3.78255517,48.50104028],[3.78256335,48.50107127],[3.78254347,48.50107293],[3.782509,48.50107612],[3.78249481,48.50107748],[3.78250288,48.50111934],[3.78250917,48.50116051]]]]},"geometry_name":"geom","properties":{"gid":39816939,"type":"Bâtiment en dur","code_dep":"10","code_insee":"10220"}},{"type":"Feature","id":"batiment.39905387","geometry":{"type":"MultiPolygon","coordinates":[[[[3.78262543,48.50114931],[3.78271948,48.50113798],[3.78268453,48.50099139],[3.78259059,48.50100127],[3.78262543,48.50114931]]]]},"geometry_name":"geom","properties":{"gid":39816940,"type":"Bâtiment en dur","code_dep":"10","code_insee":"10220"}},{"type":"Feature","id":"batiment.39905388","geometry":{"type":"MultiPolygon","coordinates":[[[[3.78275736,48.50085551],[3.78274342,48.50080991],[3.78269127,48.50081718],[3.78270454,48.50086279],[3.78275736,48.50085551]]]]},"geometry_name":"geom","properties":{"gid":39816941,"type":"Bâtiment en dur","code_dep":"10","code_insee":"10220"}},{"type":"Feature","id":"batiment.39905389","geometry":{"type":"MultiPolygon","coordinates":[[[[3.78290914,48.50110191],[3.78303587,48.50108516],[3.7830031,48.50099424],[3.7828792,48.5010099],[3.78290914,48.50110191]]]]},"geometry_name":"geom","properties":{"gid":39816942,"type":"Bâtiment en dur","code_dep":"10","code_insee":"10220"}},{"type":"Feature","id":"batiment.39905390","geometry":{"type":"MultiPolygon","coordinates":[[[[3.78304786,48.50079117],[3.78322484,48.50076733],[3.78320417,48.50069738],[3.7830265,48.5007206],[3.78304786,48.50079117]]]]},"geometry_name":"geom","properties":{"gid":39816943,"type":"Bâtiment en dur","code_dep":"10","code_insee":"10220"}},{"type":"Feature","id":"batiment.39905391","geometry":{"type":"MultiPolygon","coordinates":[[[[3.78343867,48.5007096],[3.78338199,48.50053949],[3.78326906,48.50055544],[3.7833236,48.50072691],[3.78343867,48.5007096]]]]},"geometry_name":"geom","properties":{"gid":39816944,"type":"Bâtiment en dur","code_dep":"10","code_insee":"10220"}},{"type":"Feature","id":"batiment.39905392","geometry":{"type":"MultiPolygon","coordinates":[[[[3.78353812,48.50091478],[3.78360473,48.50091488],[3.78360328,48.50088143],[3.78353588,48.50088277],[3.78353812,48.50091478]]]]},"geometry_name":"geom","properties":{"gid":39816945,"type":"Bâtiment en dur","code_dep":"10","code_insee":"10220"}},{"type":"Feature","id":"batiment.39905393","geometry":{"type":"MultiPolygon","coordinates":[[[[3.78341405,48.50086441],[3.7834166,48.50105377],[3.78345587,48.50105414],[3.78345795,48.50113023],[3.78354983,48.50112765],[3.78354495,48.50104581],[3.78354459,48.50102126],[3.7835401,48.50095642],[3.78347999,48.50095655],[3.78347523,48.50086383],[3.78341405,48.50086441]]]]},"geometry_name":"geom","properties":{"gid":39816946,"type":"Bâtiment en dur","code_dep":"10","code_insee":"10220"}},{"type":"Feature","id":"batiment.39905394","geometry":{"type":"MultiPolygon","coordinates":[[[[3.78366374,48.50087797],[3.78371771,48.50101993],[3.78373735,48.50106659],[3.7837586,48.501066],[3.78376043,48.50112509],[3.78392419,48.50112275],[3.7839185,48.501059],[3.78381972,48.50106163],[3.78379887,48.50100662],[3.78382006,48.50100262],[3.78376312,48.50086112],[3.78366374,48.50087797]]]]},"geometry_name":"geom","properties":{"gid":39816947,"type":"Bâtiment en dur","code_dep":"10","code_insee":"10220"}},{"type":"Feature","id":"batiment.39905395","geometry":{"type":"MultiPolygon","coordinates":[[[[3.78419641,48.50102163],[3.78416638,48.50095076],[3.78411885,48.50095935],[3.78414874,48.5010296],[3.78419641,48.50102163]]]]},"geometry_name":"geom","properties":{"gid":39816948,"type":"Bâtiment en dur","code_dep":"10","code_insee":"10220"}},{"type":"Feature","id":"batiment.39905424","geometry":{"type":"MultiPolygon","coordinates":[[[[3.77746659,48.50164613],[3.7772733,48.50169318],[3.77742667,48.50185735],[3.77751164,48.5018173],[3.77743501,48.50173441],[3.77750833,48.50171297],[3.77746659,48.50164613]]]]},"geometry_name":"geom","properties":{"gid":39816977,"type":"Bâtiment en dur","code_dep":"10","code_insee":"10220"}},{"type":"Feature","id":"batiment.39905425","geometry":{"type":"MultiPolygon","coordinates":[[[[3.77763737,48.50160506],[3.77753875,48.50162793],[3.77779911,48.50199625],[3.77789122,48.50196326],[3.77763737,48.50160506]]]]},"geometry_name":"geom","properties":{"gid":39816978,"type":"Bâtiment en dur","code_dep":"10","code_insee":"10220"}},{"type":"Feature","id":"batiment.39905426","geometry":{"type":"MultiPolygon","coordinates":[[[[3.77785178,48.5015675],[3.77786704,48.50160113],[3.77793925,48.50158725],[3.77792093,48.50154707],[3.77784992,48.50156085],[3.77785178,48.5015675]]]]},"geometry_name":"geom","properties":{"gid":39816979,"type":"Bâtiment en dur","code_dep":"10","code_insee":"10220"}},{"type":"Feature","id":"batiment.39905427","geometry":{"type":"MultiPolygon","coordinates":[[[[3.77809994,48.50187948],[3.77823546,48.5018526],[3.77818577,48.50170565],[3.77809502,48.50172118],[3.77810116,48.50174237],[3.77813659,48.50184056],[3.77808865,48.50184807],[3.77809994,48.50187948]]]]},"geometry_name":"geom","properties":{"gid":39816980,"type":"Bâtiment en dur","code_dep":"10","code_insee":"10220"}},{"type":"Feature","id":"batiment.39905428","geometry":{"type":"MultiPolygon","coordinates":[[[[3.77803218,48.50153654],[3.77806406,48.50163223],[3.77815713,48.50161866],[3.77814461,48.50157799],[3.77827945,48.50155993],[3.77828326,48.50157034],[3.77842734,48.50154636],[3.77840794,48.50147011],[3.77825648,48.50148973],[3.77825713,48.50149737],[3.77802977,48.50152927],[3.77803218,48.50153654]]]]},"geometry_name":"geom","properties":{"gid":39816981,"type":"Bâtiment en dur","code_dep":"10","code_insee":"10220"}},{"type":"Feature","id":"batiment.39905429","geometry":{"type":"MultiPolygon","coordinates":[[[[3.77865738,48.5014396],[3.77872433,48.50158103],[3.77869073,48.50158845],[3.77869913,48.50160729],[3.77867403,48.5016124],[3.77868248,48.50163475],[3.77874366,48.50162481],[3.77878047,48.50174269],[3.77893402,48.50172684],[3.77892803,48.50162432],[3.77891462,48.50159688],[3.77889032,48.501601],[3.77890056,48.50162495],[3.77879994,48.50164108],[3.77876484,48.50155639],[3.77877386,48.50155282],[3.77874799,48.50148813],[3.77878094,48.50148242],[3.77876645,48.50142728],[3.77865738,48.5014396]]]]},"geometry_name":"geom","properties":{"gid":39816982,"type":"Bâtiment en dur","code_dep":"10","code_insee":"10220"}},{"type":"Feature","id":"batiment.39905430","geometry":{"type":"MultiPolygon","coordinates":[[[[3.77844211,48.50188435],[3.77866717,48.50183456],[3.7787266,48.50181618],[3.77872328,48.50180271],[3.7787817,48.50178946],[3.77874553,48.50167805],[3.77848502,48.50172924],[3.77837125,48.5017532],[3.77844211,48.50188435]]]]},"geometry_name":"geom","properties":{"gid":39816983,"type":"Bâtiment en dur","code_dep":"10","code_insee":"10220"}},{"type":"Feature","id":"batiment.39905431","geometry":{"type":"MultiPolygon","coordinates":[[[[3.77926182,48.5018223],[3.77930313,48.50186926],[3.77933813,48.50185616],[3.77929102,48.50181023],[3.77926182,48.5018223]]]]},"geometry_name":"geom","properties":{"gid":39816984,"type":"Bâtiment en dur","code_dep":"10","code_insee":"10220"}},{"type":"Feature","id":"batiment.39905432","geometry":{"type":"MultiPolygon","coordinates":[[[[3.77946124,48.50199615],[3.77950118,48.50197879],[3.7794851,48.50196235],[3.7794442,48.50197944],[3.77946124,48.50199615]]]]},"geometry_name":"geom","properties":{"gid":39816985,"type":"Bâtiment en dur","code_dep":"10","code_insee":"10220"}},{"type":"Feature","id":"batiment.39905468","geometry":{"type":"MultiPolygon","coordinates":[[[[3.77981795,48.50215107],[3.77977575,48.50219965],[3.7798275,48.50222027],[3.77983217,48.50221548],[3.77990012,48.50224202],[3.77989599,48.50224681],[3.7799762,48.50227849],[3.77999525,48.50225759],[3.78001375,48.50226385],[3.78005711,48.50221202],[3.7798398,48.50212744],[3.77981795,48.50215107]]]]},"geometry_name":"geom","properties":{"gid":39817021,"type":"Bâtiment en dur","code_dep":"10","code_insee":"10220"}},{"type":"Feature","id":"batiment.39905469","geometry":{"type":"MultiPolygon","coordinates":[[[[3.77954185,48.50214631],[3.77947484,48.50218327],[3.77948705,48.50219363],[3.77955621,48.50215629],[3.77954185,48.50214631]]]]},"geometry_name":"geom","properties":{"gid":39817022,"type":"Bâtiment en dur","code_dep":"10","code_insee":"10220"}},{"type":"Feature","id":"batiment.39905470","geometry":{"type":"MultiPolygon","coordinates":[[[[3.77957124,48.50236635],[3.77965059,48.50243141],[3.77974654,48.50238328],[3.77966067,48.50231709],[3.77957124,48.50236635]]]]},"geometry_name":"geom","properties":{"gid":39817023,"type":"Bâtiment en dur","code_dep":"10","code_insee":"10220"}},{"type":"Feature","id":"batiment.39905471","geometry":{"type":"MultiPolygon","coordinates":[[[[3.77961471,48.50244892],[3.77953617,48.50238412],[3.77948782,48.5024099],[3.77944689,48.5024341],[3.77942936,48.50242054],[3.77942472,48.50241796],[3.77938429,48.50243927],[3.77940498,48.50245587],[3.77936983,48.50247715],[3.7793627,48.50247144],[3.77929544,48.50250904],[3.77923275,48.50254463],[3.77921976,48.50253616],[3.77910685,48.50259034],[3.77917642,48.50266231],[3.77936099,48.50256583],[3.7794314,48.5025301],[3.77943893,48.50253626],[3.77952346,48.50249396],[3.77956593,48.50247317],[3.77961471,48.50244892]]]]},"geometry_name":"geom","properties":{"gid":39817024,"type":"Bâtiment en dur","code_dep":"10","code_insee":"10220"}},{"type":"Feature","id":"batiment.39905472","geometry":{"type":"MultiPolygon","coordinates":[[[[3.77896791,48.50239585],[3.77890316,48.50243856],[3.77901999,48.50251183],[3.77908159,48.50246654],[3.77910945,48.5024462],[3.77914793,48.502476],[3.77913933,48.50248037],[3.77917399,48.50250822],[3.77919252,48.50249784],[3.77924591,48.50246492],[3.77916893,48.50240416],[3.77915861,48.50241143],[3.77910287,48.50237716],[3.77901622,48.50243116],[3.77900635,48.50242286],[3.77896791,48.50239585]]]]},"geometry_name":"geom","properties":{"gid":39817025,"type":"Bâtiment en dur","code_dep":"10","code_insee":"10220"}},{"type":"Feature","id":"batiment.39905473","geometry":{"type":"MultiPolygon","coordinates":[[[[3.77923416,48.50139992],[3.77923908,48.50149435],[3.77926777,48.50152124],[3.77935141,48.50151979],[3.77935398,48.50153759],[3.77946629,48.50153469],[3.77946439,48.50148829],[3.77939685,48.50148954],[3.7793949,48.50145824],[3.77948659,48.50145224],[3.77948182,48.50139515],[3.77938912,48.50139729],[3.77923416,48.50139992]]]]},"geometry_name":"geom","properties":{"gid":39817026,"type":"Bâtiment en dur","code_dep":"10","code_insee":"10220"}},{"type":"Feature","id":"batiment.39905474","geometry":{"type":"MultiPolygon","coordinates":[[[[3.7796327,48.5013911],[3.7796419,48.50151807],[3.77977545,48.50151386],[3.77976524,48.50145554],[3.77977607,48.50145556],[3.77984253,48.50145504],[3.77983718,48.50138652],[3.7797687,48.50138787],[3.7796327,48.5013911]]]]},"geometry_name":"geom","properties":{"gid":39817027,"type":"Bâtiment en dur","code_dep":"10","code_insee":"10220"}},{"type":"Feature","id":"batiment.39905475","geometry":{"type":"MultiPolygon","coordinates":[[[[3.77978078,48.50149952],[3.77978221,48.50151373],[3.77979675,48.50164462],[3.77998354,48.50163377],[3.77998361,48.50162972],[3.78003041,48.50162671],[3.78004196,48.50161197],[3.78002744,48.50146363],[3.78008305,48.50146173],[3.78010689,48.50146239],[3.78024353,48.50145681],[3.78023732,48.50137643],[3.78011405,48.50137948],[3.77995301,48.5013836],[3.77989185,48.50138553],[3.77989774,48.50145359],[3.77996092,48.50145102],[3.77997492,48.50155466],[3.77980864,48.50156133],[3.77980712,48.50155018],[3.77982552,48.50154916],[3.77981922,48.50149909],[3.77978078,48.50149952]]]]},"geometry_name":"geom","properties":{"gid":39817028,"type":"Bâtiment en dur","code_dep":"10","code_insee":"10220"}},{"type":"Feature","id":"batiment.39905476","geometry":{"type":"MultiPolygon","coordinates":[[[[3.77997168,48.50181962],[3.78016739,48.50178937],[3.78016415,48.50176294],[3.78017131,48.50176199],[3.78015743,48.50164765],[3.78006123,48.50165125],[3.78007286,48.5017325],[3.78004569,48.5017352],[3.78004419,48.50172558],[3.77999443,48.50172897],[3.77999739,48.50174613],[3.77995751,48.5017499],[3.77997168,48.50181962]]]]},"geometry_name":"geom","properties":{"gid":39817029,"type":"Bâtiment en dur","code_dep":"10","code_insee":"10220"}},{"type":"Feature","id":"batiment.39905509","geometry":{"type":"MultiPolygon","coordinates":[[[[3.78053083,48.50172311],[3.78058373,48.50172114],[3.78058224,48.50169389],[3.78052799,48.50169641],[3.78053083,48.50172311]]]]},"geometry_name":"geom","properties":{"gid":39817063,"type":"Bâtiment en dur","code_dep":"10","code_insee":"10220"}},{"type":"Feature","id":"batiment.39905510","geometry":{"type":"MultiPolygon","coordinates":[[[[3.78056914,48.50137731],[3.78057122,48.50139897],[3.78059111,48.50139839],[3.7805893,48.50137681],[3.78056914,48.50137731]]]]},"geometry_name":"geom","properties":{"gid":39817064,"type":"Bâtiment en dur","code_dep":"10","code_insee":"10220"}},{"type":"Feature","id":"batiment.39905511","geometry":{"type":"MultiPolygon","coordinates":[[[[3.78064941,48.50136823],[3.7806571,48.50145706],[3.78066753,48.50145763],[3.78067413,48.5015282],[3.78076467,48.50152689],[3.78076275,48.50149748],[3.78075105,48.50136666],[3.78064941,48.50136823]]]]},"geometry_name":"geom","properties":{"gid":39817065,"type":"Bâtiment en dur","code_dep":"10","code_insee":"10220"}},{"type":"Feature","id":"batiment.39905512","geometry":{"type":"MultiPolygon","coordinates":[[[[3.78069533,48.50154291],[3.78069656,48.5015707],[3.78066719,48.50157143],[3.78067547,48.50170965],[3.7806974,48.50170951],[3.78076559,48.50170708],[3.78076427,48.5016729],[3.78077874,48.50167191],[3.7807703,48.50154125],[3.78069533,48.50154291]]]]},"geometry_name":"geom","properties":{"gid":39817066,"type":"Bâtiment en dur","code_dep":"10","code_insee":"10220"}},{"type":"Feature","id":"batiment.39905513","geometry":{"type":"MultiPolygon","coordinates":[[[[3.7809892,48.50145947],[3.78110701,48.50145258],[3.78109695,48.50135872],[3.78098909,48.50136087],[3.78098901,48.50137419],[3.78098729,48.50142233],[3.7809892,48.50145947]]]]},"geometry_name":"geom","properties":{"gid":39817067,"type":"Bâtiment en dur","code_dep":"10","code_insee":"10220"}},{"type":"Feature","id":"batiment.39905514","geometry":{"type":"MultiPolygon","coordinates":[[[[3.78106773,48.50165157],[3.78104768,48.50184134],[3.78111735,48.50184727],[3.7811403,48.50177902],[3.78115677,48.50165791],[3.78106773,48.50165157]]]]},"geometry_name":"geom","properties":{"gid":39817068,"type":"Bâtiment en dur","code_dep":"10","code_insee":"10220"}},{"type":"Feature","id":"batiment.39905515","geometry":{"type":"MultiPolygon","coordinates":[[[[3.7805548,48.50173338],[3.78055697,48.50176054],[3.78050471,48.50176061],[3.78051151,48.50181698],[3.78052113,48.50189968],[3.7807077,48.50189234],[3.78070208,48.5018419],[3.78071263,48.50184156],[3.78070469,48.50176263],[3.78076156,48.50176333],[3.7807619,48.50175919],[3.78089123,48.50176194],[3.78089122,48.50173441],[3.78076879,48.5017309],[3.78069904,48.50172848],[3.78069525,48.50172832],[3.7805548,48.50173338]]]]},"geometry_name":"geom","properties":{"gid":39817069,"type":"Bâtiment en dur","code_dep":"10","code_insee":"10220"}},{"type":"Feature","id":"batiment.39905516","geometry":{"type":"MultiPolygon","coordinates":[[[[3.78105093,48.5019598],[3.78108528,48.50191171],[3.78104737,48.50190234],[3.78101368,48.50194907],[3.78105093,48.5019598]]]]},"geometry_name":"geom","properties":{"gid":39817070,"type":"Bâtiment en dur","code_dep":"10","code_insee":"10220"}},{"type":"Feature","id":"batiment.39905645","geometry":{"type":"MultiPolygon","coordinates":[[[[3.7804537,48.50209912],[3.78084405,48.50221252],[3.78088071,48.50219222],[3.78095343,48.5020756],[3.78073789,48.5020108],[3.78071697,48.50204197],[3.78053054,48.50198634],[3.7804537,48.50209912]]]]},"geometry_name":"geom","properties":{"gid":39817199,"type":"Bâtiment en dur","code_dep":"10","code_insee":"10220"}},{"type":"Feature","id":"batiment.39905646","geometry":{"type":"MultiPolygon","coordinates":[[[[3.78010432,48.50400315],[3.78013306,48.50406063],[3.78017363,48.50404867],[3.78016956,48.50403889],[3.78023617,48.50402118],[3.78022207,48.50398294],[3.78024878,48.50397683],[3.78024097,48.50395214],[3.78021421,48.50395529],[3.78019715,48.50390988],[3.78011164,48.50392177],[3.78013435,48.50399288],[3.78010432,48.50400315]]]]},"geometry_name":"geom","properties":{"gid":39817200,"type":"Bâtiment en dur","code_dep":"10","code_insee":"10220"}},{"type":"Feature","id":"batiment.39905647","geometry":{"type":"MultiPolygon","coordinates":[[[[3.78042993,48.50375892],[3.78036847,48.50376823],[3.78038709,48.50381903],[3.78044908,48.50380872],[3.78042993,48.50375892]]]]},"geometry_name":"geom","properties":{"gid":39817201,"type":"Bâtiment en dur","code_dep":"10","code_insee":"10220"}},{"type":"Feature","id":"batiment.39905648","geometry":{"type":"MultiPolygon","coordinates":[[[[3.78064224,48.50371632],[3.78077793,48.50369177],[3.78075163,48.5036251],[3.78072971,48.50362641],[3.7807139,48.5035917],[3.78059931,48.50361486],[3.78064224,48.50371632]]]]},"geometry_name":"geom","properties":{"gid":39817202,"type":"Bâtiment en dur","code_dep":"10","code_insee":"10220"}},{"type":"Feature","id":"batiment.39905649","geometry":{"type":"MultiPolygon","coordinates":[[[[3.7811333,48.50372776],[3.78124214,48.5036916],[3.78118117,48.50356065],[3.78116226,48.5035633],[3.7811107,48.50357389],[3.78106521,48.50358256],[3.78101293,48.5034718],[3.78091145,48.50349405],[3.78093242,48.50353818],[3.78096981,48.50353091],[3.78103562,48.50366894],[3.78109705,48.5036572],[3.7811333,48.50372776]]]]},"geometry_name":"geom","properties":{"gid":39817203,"type":"Bâtiment en dur","code_dep":"10","code_insee":"10220"}},{"type":"Feature","id":"batiment.39905650","geometry":{"type":"MultiPolygon","coordinates":[[[[3.78107934,48.50330412],[3.78119273,48.50328205],[3.78118389,48.50326142],[3.78107046,48.50328087],[3.78107934,48.50330412]]]]},"geometry_name":"geom","properties":{"gid":39817204,"type":"Bâtiment en dur","code_dep":"10","code_insee":"10220"}},{"type":"Feature","id":"batiment.39905651","geometry":{"type":"MultiPolygon","coordinates":[[[[3.78150427,48.50320317],[3.78146758,48.50297554],[3.78145485,48.50297562],[3.78144218,48.50287926],[3.7813425,48.50288532],[3.78136067,48.50298749],[3.78134931,48.50298801],[3.78135664,48.5030163],[3.78138205,48.50301397],[3.78141707,48.50320195],[3.78150427,48.50320317]]]]},"geometry_name":"geom","properties":{"gid":39817205,"type":"Bâtiment en dur","code_dep":"10","code_insee":"10220"}},{"type":"Feature","id":"batiment.39905652","geometry":{"type":"MultiPolygon","coordinates":[[[[3.78104079,48.50269748],[3.78106105,48.5027578],[3.78107246,48.5027875],[3.78110667,48.50288471],[3.78151292,48.50286584],[3.78149887,48.50276743],[3.78115105,48.50278303],[3.78112037,48.50268652],[3.78104079,48.50269748]]]]},"geometry_name":"geom","properties":{"gid":39817206,"type":"Bâtiment en dur","code_dep":"10","code_insee":"10220"}},{"type":"Feature","id":"batiment.39905653","geometry":{"type":"MultiPolygon","coordinates":[[[[3.78149118,48.50271521],[3.7814721,48.50258857],[3.78124272,48.50252081],[3.78118976,48.50256479],[3.78126121,48.5025807],[3.78141249,48.50263062],[3.78139269,48.50270092],[3.78149118,48.50271521]]]]},"geometry_name":"geom","properties":{"gid":39817207,"type":"Bâtiment en dur","code_dep":"10","code_insee":"10220"}},{"type":"Feature","id":"batiment.39905654","geometry":{"type":"MultiPolygon","coordinates":[[[[3.78082599,48.50276393],[3.78092058,48.50279759],[3.78096044,48.50275594],[3.78087256,48.50271847],[3.78082599,48.50276393]]]]},"geometry_name":"geom","properties":{"gid":39817208,"type":"Bâtiment en dur","code_dep":"10","code_insee":"10220"}},{"type":"Feature","id":"batiment.39905693","geometry":{"type":"MultiPolygon","coordinates":[[[[3.78060128,48.50281948],[3.78065128,48.50284956],[3.78069913,48.50281757],[3.78064927,48.50278731],[3.78060128,48.50281948]]]]},"geometry_name":"geom","properties":{"gid":39817247,"type":"Bâtiment en dur","code_dep":"10","code_insee":"10220"}},{"type":"Feature","id":"batiment.39905694","geometry":{"type":"MultiPolygon","coordinates":[[[[3.78113179,48.50245335],[3.78105922,48.50250744],[3.78110181,48.50253118],[3.78111724,48.50253981],[3.78117017,48.50256726],[3.78124567,48.50251],[3.78113179,48.50245335]]]]},"geometry_name":"geom","properties":{"gid":39817248,"type":"Bâtiment en dur","code_dep":"10","code_insee":"10220"}},{"type":"Feature","id":"batiment.39905695","geometry":{"type":"MultiPolygon","coordinates":[[[[3.78101503,48.50239429],[3.78097356,48.50243667],[3.78095417,48.50245299],[3.78102035,48.50248809],[3.78109127,48.50243211],[3.78101503,48.50239429]]]]},"geometry_name":"geom","properties":{"gid":39817249,"type":"Bâtiment en dur","code_dep":"10","code_insee":"10220"}},{"type":"Feature","id":"batiment.39905696","geometry":{"type":"MultiPolygon","coordinates":[[[[3.78090814,48.502489],[3.78076123,48.50260575],[3.78077337,48.50261152],[3.78066448,48.50269041],[3.78072953,48.50273137],[3.7808422,48.50265218],[3.7808131,48.5026342],[3.78095976,48.50251907],[3.78090814,48.502489]]]]},"geometry_name":"geom","properties":{"gid":39817250,"type":"Bâtiment en dur","code_dep":"10","code_insee":"10220"}},{"type":"Feature","id":"batiment.39905698","geometry":{"type":"MultiPolygon","coordinates":[[[[3.78093626,48.50241415],[3.7808177,48.50234269],[3.78072977,48.50241083],[3.78065905,48.50237126],[3.78061408,48.50240574],[3.78053929,48.50246543],[3.78060758,48.50250591],[3.7804851,48.50259902],[3.78055691,48.50263939],[3.78068285,48.50254221],[3.78072267,48.50256183],[3.78093626,48.50241415]]]]},"geometry_name":"geom","properties":{"gid":39817252,"type":"Bâtiment en dur","code_dep":"10","code_insee":"10220"}},{"type":"Feature","id":"batiment.39905699","geometry":{"type":"MultiPolygon","coordinates":[[[[3.78049687,48.50226167],[3.78044,48.50230631],[3.7804788,48.5023298],[3.7804492,48.50235177],[3.78049302,48.50237568],[3.78050853,48.50236325],[3.78053735,48.50237998],[3.78055317,48.5023698],[3.78061077,48.50232848],[3.78049687,48.50226167]]]]},"geometry_name":"geom","properties":{"gid":39817253,"type":"Bâtiment en dur","code_dep":"10","code_insee":"10220"}},{"type":"Feature","id":"batiment.39905700","geometry":{"type":"MultiPolygon","coordinates":[[[[3.78046094,48.50245794],[3.78043264,48.50243959],[3.78037416,48.50248541],[3.78038548,48.502491],[3.78040499,48.50250122],[3.78046094,48.50245794]]]]},"geometry_name":"geom","properties":{"gid":39817254,"type":"Bâtiment en dur","code_dep":"10","code_insee":"10220"}},{"type":"Feature","id":"batiment.39905701","geometry":{"type":"MultiPolygon","coordinates":[[[[3.78004795,48.50242457],[3.78011879,48.50249095],[3.7803173,48.50240337],[3.78030518,48.50238888],[3.78032267,48.50238157],[3.78028374,48.50234035],[3.78026329,48.50234849],[3.78025159,48.50233597],[3.78004795,48.50242457]]]]},"geometry_name":"geom","properties":{"gid":39817255,"type":"Bâtiment en dur","code_dep":"10","code_insee":"10220"}},{"type":"Feature","id":"batiment.39905735","geometry":{"type":"MultiPolygon","coordinates":[[[[3.7814328,48.50380388],[3.78146592,48.50393708],[3.78167428,48.50391061],[3.78162528,48.50370203],[3.78159096,48.50370586],[3.78158789,48.50369085],[3.78152963,48.50369699],[3.78153578,48.50372817],[3.78149658,48.50373221],[3.78151105,48.50379428],[3.7814328,48.50380388]]]]},"geometry_name":"geom","properties":{"gid":39817289,"type":"Bâtiment en dur","code_dep":"10","code_insee":"10220"}},{"type":"Feature","id":"batiment.39905736","geometry":{"type":"MultiPolygon","coordinates":[[[[3.78141238,48.50403234],[3.78155686,48.50401619],[3.78154899,48.50398763],[3.7814037,48.50400424],[3.78141238,48.50403234]]]]},"geometry_name":"geom","properties":{"gid":39817290,"type":"Bâtiment en dur","code_dep":"10","code_insee":"10220"}},{"type":"Feature","id":"batiment.39905738","geometry":{"type":"MultiPolygon","coordinates":[[[[3.78171017,48.50393871],[3.78167206,48.50395209],[3.78165287,48.5039542],[3.7816672,48.50400781],[3.7817287,48.50400084],[3.78171017,48.50393871]]]]},"geometry_name":"geom","properties":{"gid":39817292,"type":"Bâtiment en dur","code_dep":"10","code_insee":"10220"}},{"type":"Feature","id":"batiment.39905739","geometry":{"type":"MultiPolygon","coordinates":[[[[3.78175129,48.50407212],[3.78173042,48.50400722],[3.78158918,48.50402281],[3.78160446,48.50408532],[3.78175129,48.50407212]]]]},"geometry_name":"geom","properties":{"gid":39817293,"type":"Bâtiment en dur","code_dep":"10","code_insee":"10220"}},{"type":"Feature","id":"batiment.39905740","geometry":{"type":"MultiPolygon","coordinates":[[[[3.78175231,48.5040776],[3.7817172,48.50408341],[3.78173307,48.50413045],[3.78176887,48.5041259],[3.78175231,48.5040776]]]]},"geometry_name":"geom","properties":{"gid":39817294,"type":"Bâtiment en dur","code_dep":"10","code_insee":"10220"}},{"type":"Feature","id":"batiment.39905741","geometry":{"type":"MultiPolygon","coordinates":[[[[3.78118909,48.50437468],[3.78126135,48.50436332],[3.78124751,48.50432481],[3.78117404,48.50433645],[3.78118909,48.50437468]]]]},"geometry_name":"geom","properties":{"gid":39817295,"type":"Bâtiment en dur","code_dep":"10","code_insee":"10220"}},{"type":"Feature","id":"batiment.39905743","geometry":{"type":"MultiPolygon","coordinates":[[[[3.78181671,48.50427447],[3.78165413,48.50429362],[3.78163242,48.50421748],[3.78150878,48.50423268],[3.78153069,48.50431369],[3.78155138,48.50431148],[3.78157466,48.50437475],[3.78171082,48.50435451],[3.78170827,48.50434679],[3.78183485,48.5043286],[3.78181671,48.50427447]]]]},"geometry_name":"geom","properties":{"gid":39817297,"type":"Bâtiment en dur","code_dep":"10","code_insee":"10220"}},{"type":"Feature","id":"batiment.39905744","geometry":{"type":"MultiPolygon","coordinates":[[[[3.78084253,48.50405732],[3.78089723,48.50403932],[3.78091711,48.50406528],[3.78096222,48.50404924],[3.78090471,48.50397801],[3.78086863,48.5039912],[3.78085359,48.5039725],[3.78079203,48.50399288],[3.78084253,48.50405732]]]]},"geometry_name":"geom","properties":{"gid":39817298,"type":"Bâtiment en dur","code_dep":"10","code_insee":"10220"}},{"type":"Feature","id":"batiment.39905745","geometry":{"type":"MultiPolygon","coordinates":[[[[3.78072646,48.50418997],[3.78078023,48.50418278],[3.78079272,48.50421238],[3.78091767,48.50419384],[3.78090541,48.50416162],[3.78081194,48.50417546],[3.78078252,48.50409082],[3.78069961,48.50410522],[3.78072646,48.50418997]]]]},"geometry_name":"geom","properties":{"gid":39817299,"type":"Bâtiment en dur","code_dep":"10","code_insee":"10220"}},{"type":"Feature","id":"batiment.39905746","geometry":{"type":"MultiPolygon","coordinates":[[[[3.78052138,48.50422811],[3.7805337,48.50426455],[3.78055919,48.50433959],[3.7806797,48.50432288],[3.78074602,48.50431255],[3.78070718,48.5042044],[3.78052138,48.50422811]]]]},"geometry_name":"geom","properties":{"gid":39817300,"type":"Bâtiment en dur","code_dep":"10","code_insee":"10220"}},{"type":"Feature","id":"batiment.39905784","geometry":{"type":"MultiPolygon","coordinates":[[[[3.78085698,48.50456434],[3.78082656,48.5044852],[3.78063858,48.50451657],[3.78068826,48.50464345],[3.7808279,48.50462022],[3.78081098,48.50457517],[3.78085698,48.50456434]]]]},"geometry_name":"geom","properties":{"gid":39817338,"type":"Bâtiment en dur","code_dep":"10","code_insee":"10220"}},{"type":"Feature","id":"batiment.39905785","geometry":{"type":"MultiPolygon","coordinates":[[[[3.78089113,48.50464851],[3.78085589,48.50465494],[3.78089494,48.50474969],[3.78093086,48.5047437],[3.78091175,48.50469668],[3.78089113,48.50464851]]]]},"geometry_name":"geom","properties":{"gid":39817339,"type":"Bâtiment en dur","code_dep":"10","code_insee":"10220"}},{"type":"Feature","id":"batiment.39905786","geometry":{"type":"MultiPolygon","coordinates":[[[[3.78112574,48.50471147],[3.78117199,48.50470819],[3.78116564,48.50466334],[3.78111953,48.50466734],[3.78112574,48.50471147]]]]},"geometry_name":"geom","properties":{"gid":39817340,"type":"Bâtiment en dur","code_dep":"10","code_insee":"10220"}},{"type":"Feature","id":"batiment.39905787","geometry":{"type":"MultiPolygon","coordinates":[[[[3.78075853,48.50488976],[3.78083362,48.50487748],[3.78081596,48.50482794],[3.78088751,48.50481424],[3.78086957,48.50476398],[3.78081269,48.50477218],[3.78079,48.50477593],[3.78078857,48.50477063],[3.78059981,48.50480444],[3.78063242,48.50488528],[3.78076858,48.5048645],[3.78077142,48.50487321],[3.78075508,48.50487611],[3.78075853,48.50488976]]]]},"geometry_name":"geom","properties":{"gid":39817341,"type":"Bâtiment en dur","code_dep":"10","code_insee":"10220"}},{"type":"Feature","id":"batiment.39905788","geometry":{"type":"MultiPolygon","coordinates":[[[[3.78121281,48.50493094],[3.78133207,48.50492134],[3.78131421,48.50482169],[3.78119441,48.50483166],[3.78121281,48.50493094]]]]},"geometry_name":"geom","properties":{"gid":39817342,"type":"Bâtiment en dur","code_dep":"10","code_insee":"10220"}},{"type":"Feature","id":"batiment.39905789","geometry":{"type":"MultiPolygon","coordinates":[[[[3.78162915,48.50487918],[3.78171844,48.50484818],[3.78165883,48.50471777],[3.78156177,48.5047364],[3.78159526,48.50480356],[3.78155615,48.50481371],[3.78157715,48.50486027],[3.78161763,48.50485154],[3.78162915,48.50487918]]]]},"geometry_name":"geom","properties":{"gid":39817343,"type":"Bâtiment en dur","code_dep":"10","code_insee":"10220"}},{"type":"Feature","id":"batiment.39905790","geometry":{"type":"MultiPolygon","coordinates":[[[[3.78139718,48.5013482],[3.78125769,48.50135362],[3.78127392,48.50147064],[3.78128405,48.50150512],[3.78130991,48.50150585],[3.78131526,48.50158328],[3.7813184,48.50163939],[3.78131544,48.50165893],[3.78145794,48.50165557],[3.78145698,48.50159152],[3.7814115,48.50159164],[3.78139718,48.5013482]]]]},"geometry_name":"geom","properties":{"gid":39817344,"type":"Bâtiment en dur","code_dep":"10","code_insee":"10220"}},{"type":"Feature","id":"batiment.39905791","geometry":{"type":"MultiPolygon","coordinates":[[[[3.78149736,48.5014662],[3.7814992,48.50149948],[3.7815528,48.50149877],[3.78155095,48.50146522],[3.78149736,48.5014662]]]]},"geometry_name":"geom","properties":{"gid":39817345,"type":"Bâtiment en dur","code_dep":"10","code_insee":"10220"}},{"type":"Feature","id":"batiment.39905792","geometry":{"type":"MultiPolygon","coordinates":[[[[3.78146007,48.50158052],[3.78156971,48.50157971],[3.78156993,48.50155794],[3.78146111,48.50155974],[3.78146007,48.50158052]]]]},"geometry_name":"geom","properties":{"gid":39817346,"type":"Bâtiment en dur","code_dep":"10","code_insee":"10220"}},{"type":"Feature","id":"batiment.39905793","geometry":{"type":"MultiPolygon","coordinates":[[[[3.78197343,48.5014458],[3.78204865,48.50144261],[3.78204376,48.50139622],[3.78196867,48.50139923],[3.7819688,48.50140787],[3.78197343,48.5014458]]]]},"geometry_name":"geom","properties":{"gid":39817347,"type":"Bâtiment en dur","code_dep":"10","code_insee":"10220"}},{"type":"Feature","id":"batiment.39905826","geometry":{"type":"MultiPolygon","coordinates":[[[[3.78130835,48.50173725],[3.78130272,48.50179576],[3.78129613,48.5018532],[3.78131554,48.50185631],[3.78144133,48.50186754],[3.78144655,48.50180894],[3.78145029,48.50177824],[3.78145417,48.50173881],[3.78130835,48.50173725]]]]},"geometry_name":"geom","properties":{"gid":39817380,"type":"Bâtiment en dur","code_dep":"10","code_insee":"10220"}},{"type":"Feature","id":"batiment.39905827","geometry":{"type":"MultiPolygon","coordinates":[[[[3.78162057,48.50164028],[3.78157049,48.50164088],[3.78157029,48.50168218],[3.78159304,48.50168284],[3.78162036,48.50168131],[3.78162057,48.50164028]]]]},"geometry_name":"geom","properties":{"gid":39817381,"type":"Bâtiment en dur","code_dep":"10","code_insee":"10220"}},{"type":"Feature","id":"batiment.39905828","geometry":{"type":"MultiPolygon","coordinates":[[[[3.78159301,48.50178953],[3.78159306,48.50176587],[3.78156489,48.50176498],[3.78156404,48.50178972],[3.78159301,48.50178953]]]]},"geometry_name":"geom","properties":{"gid":39817382,"type":"Bâtiment en dur","code_dep":"10","code_insee":"10220"}},{"type":"Feature","id":"batiment.39905829","geometry":{"type":"MultiPolygon","coordinates":[[[[3.78126933,48.50207163],[3.78143475,48.50208035],[3.78143497,48.5020951],[3.78151328,48.50209899],[3.78151637,48.50200676],[3.78127616,48.50199413],[3.78126933,48.50207163]]]]},"geometry_name":"geom","properties":{"gid":39817383,"type":"Bâtiment en dur","code_dep":"10","code_insee":"10220"}},{"type":"Feature","id":"batiment.39905830","geometry":{"type":"MultiPolygon","coordinates":[[[[3.78165772,48.50231665],[3.78165874,48.50224027],[3.78136402,48.50223951],[3.78136353,48.5023158],[3.78147238,48.50231643],[3.78151056,48.50231636],[3.78151103,48.50232994],[3.78160336,48.50233033],[3.78160384,48.50231692],[3.78165772,48.50231665]]]]},"geometry_name":"geom","properties":{"gid":39817384,"type":"Bâtiment en dur","code_dep":"10","code_insee":"10220"}},{"type":"Feature","id":"batiment.39905831","geometry":{"type":"MultiPolygon","coordinates":[[[[3.78244189,48.50132333],[3.78226164,48.50132776],[3.78226185,48.50133271],[3.78223301,48.5013329],[3.78222804,48.50133509],[3.78222446,48.50133997],[3.78222468,48.50134618],[3.78222721,48.50135192],[3.78223405,48.50135691],[3.78224291,48.50136081],[3.78226077,48.50136069],[3.78226365,48.50140817],[3.78244567,48.50140473],[3.78244189,48.50132333]]]]},"geometry_name":"geom","properties":{"gid":39817385,"type":"Bâtiment en dur","code_dep":"10","code_insee":"10220"}},{"type":"Feature","id":"batiment.39905832","geometry":{"type":"MultiPolygon","coordinates":[[[[3.78241588,48.50144936],[3.78247286,48.50144863],[3.78247103,48.50141697],[3.78241568,48.50141824],[3.78241588,48.50144936]]]]},"geometry_name":"geom","properties":{"gid":39817386,"type":"Bâtiment en dur","code_dep":"10","code_insee":"10220"}},{"type":"Feature","id":"batiment.39905833","geometry":{"type":"MultiPolygon","coordinates":[[[[3.78257541,48.50148988],[3.78242018,48.50149297],[3.78242547,48.50166584],[3.78258894,48.50166189],[3.78258418,48.50159679],[3.78257541,48.50148988]]]]},"geometry_name":"geom","properties":{"gid":39817387,"type":"Bâtiment en dur","code_dep":"10","code_insee":"10220"}},{"type":"Feature","id":"batiment.39905834","geometry":{"type":"MultiPolygon","coordinates":[[[[3.78237661,48.50254754],[3.78248499,48.50256167],[3.78248126,48.5025751],[3.78253183,48.50258016],[3.7825457,48.50249307],[3.78238868,48.50247585],[3.78237661,48.50254754]]]]},"geometry_name":"geom","properties":{"gid":39817388,"type":"Bâtiment en dur","code_dep":"10","code_insee":"10220"}},{"type":"Feature","id":"batiment.39905835","geometry":{"type":"MultiPolygon","coordinates":[[[[3.78265053,48.50258703],[3.78265779,48.50273839],[3.78271868,48.50273655],[3.78270939,48.50258529],[3.78265053,48.50258703]]]]},"geometry_name":"geom","properties":{"gid":39817389,"type":"Bâtiment en dur","code_dep":"10","code_insee":"10220"}},{"type":"Feature","id":"batiment.39905863","geometry":{"type":"MultiPolygon","coordinates":[[[[3.78282988,48.50233188],[3.78283151,48.5026408],[3.78288375,48.50263947],[3.78288428,48.50262066],[3.78290173,48.50261983],[3.78290232,48.50260507],[3.78291404,48.5026013],[3.78291149,48.50233017],[3.78282988,48.50233188]]]]},"geometry_name":"geom","properties":{"gid":39817418,"type":"Bâtiment en dur","code_dep":"10","code_insee":"10220"}},{"type":"Feature","id":"batiment.39905864","geometry":{"type":"MultiPolygon","coordinates":[[[[3.78284934,48.5026836],[3.7828409,48.50271658],[3.78285284,48.50271812],[3.7828381,48.50278263],[3.78295674,48.50279552],[3.78296955,48.50272842],[3.78291232,48.50272151],[3.78291918,48.50269123],[3.78284934,48.5026836]]]]},"geometry_name":"geom","properties":{"gid":39817419,"type":"Bâtiment en dur","code_dep":"10","code_insee":"10220"}},{"type":"Feature","id":"batiment.39905865","geometry":{"type":"MultiPolygon","coordinates":[[[[3.78306017,48.50271396],[3.78301401,48.502714],[3.78301591,48.50276904],[3.78302579,48.50276898],[3.78302584,48.50279894],[3.7830678,48.50279866],[3.78306789,48.50278642],[3.78307899,48.50278635],[3.78307788,48.50276648],[3.78306514,48.50276566],[3.78306017,48.50271396]]]]},"geometry_name":"geom","properties":{"gid":39817420,"type":"Bâtiment en dur","code_dep":"10","code_insee":"10220"}},{"type":"Feature","id":"batiment.39905866","geometry":{"type":"MultiPolygon","coordinates":[[[[3.78330506,48.50274042],[3.78324267,48.50274209],[3.78324501,48.50279902],[3.78330646,48.50279835],[3.78330506,48.50274042]]]]},"geometry_name":"geom","properties":{"gid":39817421,"type":"Bâtiment en dur","code_dep":"10","code_insee":"10220"}},{"type":"Feature","id":"batiment.39905867","geometry":{"type":"MultiPolygon","coordinates":[[[[3.78308561,48.50283111],[3.78305078,48.50281928],[3.78303308,48.50284],[3.78306739,48.50285273],[3.78305238,48.50287235],[3.78316564,48.50291434],[3.78321189,48.50285682],[3.78316164,48.50283637],[3.783172,48.50282325],[3.78311072,48.50279901],[3.78308561,48.50283111]]]]},"geometry_name":"geom","properties":{"gid":39817422,"type":"Bâtiment en dur","code_dep":"10","code_insee":"10220"}},{"type":"Feature","id":"batiment.39905868","geometry":{"type":"MultiPolygon","coordinates":[[[[3.78331005,48.50288433],[3.7833501,48.50288316],[3.78334817,48.50283532],[3.78330783,48.50283549],[3.78331005,48.50288433]]]]},"geometry_name":"geom","properties":{"gid":39817423,"type":"Bâtiment en dur","code_dep":"10","code_insee":"10220"}},{"type":"Feature","id":"batiment.39905869","geometry":{"type":"MultiPolygon","coordinates":[[[[3.78331494,48.5030124],[3.78348981,48.5030099],[3.78348711,48.50296512],[3.78342525,48.50296588],[3.78342536,48.50295527],[3.78338936,48.50295604],[3.78338952,48.50296648],[3.78331319,48.50296806],[3.78331494,48.5030124]]]]},"geometry_name":"geom","properties":{"gid":39817424,"type":"Bâtiment en dur","code_dep":"10","code_insee":"10220"}},{"type":"Feature","id":"batiment.39905870","geometry":{"type":"MultiPolygon","coordinates":[[[[3.78353671,48.50273286],[3.7835422,48.5027922],[3.78359117,48.50278999],[3.78358473,48.50273039],[3.78353671,48.50273286]]]]},"geometry_name":"geom","properties":{"gid":39817425,"type":"Bâtiment en dur","code_dep":"10","code_insee":"10220"}},{"type":"Feature","id":"batiment.39905871","geometry":{"type":"MultiPolygon","coordinates":[[[[3.78365856,48.50310586],[3.78360947,48.50310924],[3.78361581,48.50317109],[3.78366546,48.5031687],[3.78365856,48.50310586]]]]},"geometry_name":"geom","properties":{"gid":39817426,"type":"Bâtiment en dur","code_dep":"10","code_insee":"10220"}},{"type":"Feature","id":"batiment.39905908","geometry":{"type":"MultiPolygon","coordinates":[[[[3.78370104,48.50317647],[3.78374157,48.50319752],[3.78371663,48.50322279],[3.78384954,48.50328443],[3.7839084,48.50322809],[3.78378246,48.50316217],[3.78379072,48.50315276],[3.7837472,48.50313046],[3.78370104,48.50317647]]]]},"geometry_name":"geom","properties":{"gid":39817463,"type":"Bâtiment en dur","code_dep":"10","code_insee":"10220"}},{"type":"Feature","id":"batiment.39905909","geometry":{"type":"MultiPolygon","coordinates":[[[[3.78396046,48.50326949],[3.78397426,48.50327758],[3.78392374,48.50332173],[3.78403922,48.50337612],[3.78410961,48.50331232],[3.7840717,48.50329358],[3.78408774,48.50327971],[3.78399869,48.50323631],[3.78396046,48.50326949]]]]},"geometry_name":"geom","properties":{"gid":39817464,"type":"Bâtiment en dur","code_dep":"10","code_insee":"10220"}},{"type":"Feature","id":"batiment.39905910","geometry":{"type":"MultiPolygon","coordinates":[[[[3.78400768,48.50320386],[3.78406851,48.50319824],[3.78405038,48.50310786],[3.783989,48.50311348],[3.78400768,48.50320386]]]]},"geometry_name":"geom","properties":{"gid":39817465,"type":"Bâtiment en dur","code_dep":"10","code_insee":"10220"}},{"type":"Feature","id":"batiment.39905911","geometry":{"type":"MultiPolygon","coordinates":[[[[3.78413299,48.50314627],[3.78419379,48.5031384],[3.78418573,48.50309752],[3.78412427,48.50310656],[3.78413299,48.50314627]]]]},"geometry_name":"geom","properties":{"gid":39817466,"type":"Bâtiment en dur","code_dep":"10","code_insee":"10220"}},{"type":"Feature","id":"batiment.39905912","geometry":{"type":"MultiPolygon","coordinates":[[[[3.78442089,48.50355982],[3.78449054,48.50355495],[3.78448715,48.50353635],[3.78459531,48.50352691],[3.78458986,48.50350653],[3.78460769,48.50350425],[3.78460391,48.50349537],[3.78464027,48.5034918],[3.78464224,48.50349718],[3.78478731,48.5034839],[3.78475099,48.50331852],[3.7846554,48.50332689],[3.78466429,48.50336938],[3.78467835,48.50336803],[3.78469142,48.50342705],[3.78467736,48.50342804],[3.78463179,48.50343194],[3.78462788,48.50341478],[3.78459783,48.50339717],[3.78454215,48.50340356],[3.7845455,48.50341883],[3.7844917,48.50342432],[3.78450035,48.50346888],[3.78440545,48.50347761],[3.78442089,48.50355982]]]]},"geometry_name":"geom","properties":{"gid":39817467,"type":"Bâtiment en dur","code_dep":"10","code_insee":"10220"}},{"type":"Feature","id":"batiment.39905913","geometry":{"type":"MultiPolygon","coordinates":[[[[3.78492681,48.50358779],[3.78484584,48.50359561],[3.78486102,48.50366037],[3.78486804,48.50365943],[3.78487864,48.50370713],[3.78495179,48.50370107],[3.78493257,48.50361105],[3.78492681,48.50358779]]]]},"geometry_name":"geom","properties":{"gid":39817468,"type":"Bâtiment en dur","code_dep":"10","code_insee":"10220"}},{"type":"Feature","id":"batiment.39905914","geometry":{"type":"MultiPolygon","coordinates":[[[[3.78508059,48.50375887],[3.78504976,48.5037615],[3.78508761,48.50384852],[3.7851188,48.50384273],[3.78508059,48.50375887]]]]},"geometry_name":"geom","properties":{"gid":39817469,"type":"Bâtiment en dur","code_dep":"10","code_insee":"10220"}},{"type":"Feature","id":"batiment.39905915","geometry":{"type":"MultiPolygon","coordinates":[[[[3.78539271,48.50377273],[3.78538234,48.5037495],[3.78527456,48.50374814],[3.78528484,48.50377461],[3.78539271,48.50377273]]]]},"geometry_name":"geom","properties":{"gid":39817471,"type":"Bâtiment en dur","code_dep":"10","code_insee":"10220"}},{"type":"Feature","id":"batiment.39905916","geometry":{"type":"MultiPolygon","coordinates":[[[[3.78514803,48.50373351],[3.78519168,48.50372845],[3.78519591,48.50373913],[3.78527274,48.50372602],[3.78522815,48.50361386],[3.78515156,48.50362544],[3.7851634,48.5036564],[3.78511967,48.5036655],[3.78514803,48.50373351]]]]},"geometry_name":"geom","properties":{"gid":39817472,"type":"Bâtiment en dur","code_dep":"10","code_insee":"10220"}},{"type":"Feature","id":"batiment.39905951","geometry":{"type":"MultiPolygon","coordinates":[[[[3.78494717,48.50356408],[3.78497544,48.50356264],[3.78498543,48.50359667],[3.78508303,48.50358711],[3.78505426,48.5034744],[3.78514122,48.50345934],[3.78512938,48.50341912],[3.78491075,48.50344629],[3.78494717,48.50356408]]]]},"geometry_name":"geom","properties":{"gid":39817507,"type":"Bâtiment en dur","code_dep":"10","code_insee":"10220"}},{"type":"Feature","id":"batiment.39905952","geometry":{"type":"MultiPolygon","coordinates":[[[[3.78489046,48.50334773],[3.78501096,48.50333075],[3.78498294,48.50323143],[3.78486606,48.50324624],[3.78489046,48.50334773]]]]},"geometry_name":"geom","properties":{"gid":39817508,"type":"Bâtiment en dur","code_dep":"10","code_insee":"10220"}},{"type":"Feature","id":"batiment.39905953","geometry":{"type":"MultiPolygon","coordinates":[[[[3.78473415,48.50301608],[3.78474435,48.50305569],[3.78480191,48.50304856],[3.78479264,48.50300796],[3.78473415,48.50301608]]]]},"geometry_name":"geom","properties":{"gid":39817509,"type":"Bâtiment en dur","code_dep":"10","code_insee":"10220"}},{"type":"Feature","id":"batiment.39905954","geometry":{"type":"MultiPolygon","coordinates":[[[[3.7848623,48.50304007],[3.78491582,48.50316053],[3.78501839,48.5031397],[3.78500939,48.50311691],[3.78502935,48.50311228],[3.78500806,48.50306456],[3.78498808,48.50306847],[3.78496504,48.50302148],[3.7848623,48.50304007]]]]},"geometry_name":"geom","properties":{"gid":39817510,"type":"Bâtiment en dur","code_dep":"10","code_insee":"10220"}},{"type":"Feature","id":"batiment.39905955","geometry":{"type":"MultiPolygon","coordinates":[[[[3.78474138,48.50274875],[3.78476167,48.50279288],[3.78477301,48.50279038],[3.78478386,48.50282836],[3.7848391,48.50281954],[3.78486948,48.50281385],[3.78492078,48.50280461],[3.7848907,48.50273013],[3.78479321,48.50274688],[3.78478958,48.50273998],[3.78474138,48.50274875]]]]},"geometry_name":"geom","properties":{"gid":39817511,"type":"Bâtiment en dur","code_dep":"10","code_insee":"10220"}},{"type":"Feature","id":"batiment.39905957","geometry":{"type":"MultiPolygon","coordinates":[[[[3.78449414,48.50227484],[3.7846241,48.50227497],[3.7846217,48.50217756],[3.78449204,48.50217931],[3.78449414,48.50227484]]]]},"geometry_name":"geom","properties":{"gid":39817513,"type":"Bâtiment en dur","code_dep":"10","code_insee":"10220"}},{"type":"Feature","id":"batiment.39905958","geometry":{"type":"MultiPolygon","coordinates":[[[[3.78433879,48.50215226],[3.78454873,48.50215033],[3.78453633,48.50205397],[3.7844355,48.50205581],[3.78443708,48.50210707],[3.78433924,48.50210934],[3.78433879,48.50215226]]]]},"geometry_name":"geom","properties":{"gid":39817514,"type":"Bâtiment en dur","code_dep":"10","code_insee":"10220"}},{"type":"Feature","id":"batiment.39905959","geometry":{"type":"MultiPolygon","coordinates":[[[[3.78410504,48.5021547],[3.78424919,48.50215348],[3.78427531,48.50215276],[3.78427537,48.5021022],[3.78410551,48.50210476],[3.78410504,48.5021547]]]]},"geometry_name":"geom","properties":{"gid":39817515,"type":"Bâtiment en dur","code_dep":"10","code_insee":"10220"}},{"type":"Feature","id":"batiment.39905960","geometry":{"type":"MultiPolygon","coordinates":[[[[3.78356101,48.50215775],[3.7836012,48.50215649],[3.7836004,48.50212096],[3.78355967,48.50212177],[3.78356101,48.50215775]]]]},"geometry_name":"geom","properties":{"gid":39817516,"type":"Bâtiment en dur","code_dep":"10","code_insee":"10220"}},{"type":"Feature","id":"batiment.39905996","geometry":{"type":"MultiPolygon","coordinates":[[[[3.78362043,48.50200298],[3.7837287,48.50200064],[3.78372156,48.50190326],[3.78361424,48.50190568],[3.78362043,48.50200298]]]]},"geometry_name":"geom","properties":{"gid":39817553,"type":"Bâtiment en dur","code_dep":"10","code_insee":"10220"}},{"type":"Feature","id":"batiment.39905997","geometry":{"type":"MultiPolygon","coordinates":[[[[3.78406587,48.50203414],[3.78422341,48.50203157],[3.78422147,48.50198309],[3.78406394,48.50198647],[3.78406587,48.50203414]]]]},"geometry_name":"geom","properties":{"gid":39817554,"type":"Bâtiment en dur","code_dep":"10","code_insee":"10220"}},{"type":"Feature","id":"batiment.39905998","geometry":{"type":"MultiPolygon","coordinates":[[[[3.78429464,48.50191558],[3.78429808,48.50199176],[3.78447052,48.5019899],[3.78446557,48.50191212],[3.78429464,48.50191558]]]]},"geometry_name":"geom","properties":{"gid":39817555,"type":"Bâtiment en dur","code_dep":"10","code_insee":"10220"}},{"type":"Feature","id":"batiment.39905999","geometry":{"type":"MultiPolygon","coordinates":[[[[3.78423044,48.5017951],[3.784369,48.50179139],[3.7843631,48.50171316],[3.78422222,48.50171643],[3.78423044,48.5017951]]]]},"geometry_name":"geom","properties":{"gid":39817556,"type":"Bâtiment en dur","code_dep":"10","code_insee":"10220"}},{"type":"Feature","id":"batiment.39906000","geometry":{"type":"MultiPolygon","coordinates":[[[[3.78403507,48.5014494],[3.78415271,48.50153112],[3.78423633,48.50147362],[3.78411888,48.50139585],[3.78403507,48.5014494]]]]},"geometry_name":"geom","properties":{"gid":39817557,"type":"Bâtiment en dur","code_dep":"10","code_insee":"10220"}},{"type":"Feature","id":"batiment.39906001","geometry":{"type":"MultiPolygon","coordinates":[[[[3.78367104,48.50170226],[3.78372421,48.50169993],[3.78370946,48.5015738],[3.78365779,48.50157621],[3.78367104,48.50170226]]]]},"geometry_name":"geom","properties":{"gid":39817558,"type":"Bâtiment en dur","code_dep":"10","code_insee":"10220"}},{"type":"Feature","id":"batiment.39906002","geometry":{"type":"MultiPolygon","coordinates":[[[[3.78361429,48.50142806],[3.78380687,48.5014249],[3.78380389,48.50137958],[3.78376841,48.50137873],[3.78376806,48.50135472],[3.78361257,48.5013588],[3.78361429,48.50142806]]]]},"geometry_name":"geom","properties":{"gid":39817559,"type":"Bâtiment en dur","code_dep":"10","code_insee":"10220"}},{"type":"Feature","id":"batiment.39906003","geometry":{"type":"MultiPolygon","coordinates":[[[[3.78333619,48.50130737],[3.78333737,48.50139579],[3.78347596,48.50139353],[3.78346898,48.50130649],[3.78333619,48.50130737]]]]},"geometry_name":"geom","properties":{"gid":39817560,"type":"Bâtiment en dur","code_dep":"10","code_insee":"10220"}},{"type":"Feature","id":"batiment.39906004","geometry":{"type":"MultiPolygon","coordinates":[[[[3.78353136,48.50157714],[3.78346044,48.50157797],[3.78346114,48.50159793],[3.78353286,48.5015962],[3.78353136,48.50157714]]]]},"geometry_name":"geom","properties":{"gid":39817561,"type":"Bâtiment en dur","code_dep":"10","code_insee":"10220"}},{"type":"Feature","id":"batiment.39906041","geometry":{"type":"MultiPolygon","coordinates":[[[[3.7831224,48.50154106],[3.78312301,48.50159063],[3.7831724,48.50158958],[3.78317149,48.50155594],[3.78317031,48.50153993],[3.7831224,48.50154106]]]]},"geometry_name":"geom","properties":{"gid":39817598,"type":"Bâtiment en dur","code_dep":"10","code_insee":"10220"}},{"type":"Feature","id":"batiment.39906042","geometry":{"type":"MultiPolygon","coordinates":[[[[3.7832759,48.50150343],[3.7832759,48.50145854],[3.78316007,48.50146182],[3.78316139,48.501505],[3.7832759,48.50150343]]]]},"geometry_name":"geom","properties":{"gid":39817599,"type":"Bâtiment en dur","code_dep":"10","code_insee":"10220"}},{"type":"Feature","id":"batiment.39906043","geometry":{"type":"MultiPolygon","coordinates":[[[[3.78310841,48.50134728],[3.7831096,48.50139055],[3.78315006,48.50138974],[3.78314859,48.50134567],[3.78310841,48.50134728]]]]},"geometry_name":"geom","properties":{"gid":39817600,"type":"Bâtiment en dur","code_dep":"10","code_insee":"10220"}},{"type":"Feature","id":"batiment.39906044","geometry":{"type":"MultiPolygon","coordinates":[[[[3.78169085,48.50259649],[3.78157853,48.50259003],[3.78159555,48.50269671],[3.78160905,48.50278478],[3.78171493,48.50278616],[3.78171219,48.50269315],[3.78169085,48.50259649]]]]},"geometry_name":"geom","properties":{"gid":39817601,"type":"Bâtiment en dur","code_dep":"10","code_insee":"10220"}},{"type":"Feature","id":"batiment.39906045","geometry":{"type":"MultiPolygon","coordinates":[[[[3.78193526,48.50289977],[3.78197975,48.50289687],[3.78197608,48.50285893],[3.78196485,48.50285954],[3.78196369,48.50284515],[3.78192973,48.50284664],[3.78192754,48.50282668],[3.78185299,48.50282951],[3.7818569,48.50286493],[3.78193131,48.5028621],[3.78193526,48.50289977]]]]},"geometry_name":"geom","properties":{"gid":39817602,"type":"Bâtiment en dur","code_dep":"10","code_insee":"10220"}},{"type":"Feature","id":"batiment.39906046","geometry":{"type":"MultiPolygon","coordinates":[[[[3.78192386,48.50273413],[3.78192114,48.50276096],[3.78192289,48.50278758],[3.78192704,48.50282075],[3.78196438,48.50281888],[3.78196146,48.50279569],[3.78197603,48.50279253],[3.7819712,48.50273184],[3.78192386,48.50273413]]]]},"geometry_name":"geom","properties":{"gid":39817603,"type":"Bâtiment en dur","code_dep":"10","code_insee":"10220"}},{"type":"Feature","id":"batiment.39906047","geometry":{"type":"MultiPolygon","coordinates":[[[[3.78201463,48.50268423],[3.78201204,48.50274714],[3.78201973,48.50281744],[3.78198757,48.50282152],[3.78200104,48.50290833],[3.78201008,48.50291529],[3.78201974,48.50297253],[3.78202995,48.50303121],[3.78202323,48.50303459],[3.78203422,48.50309938],[3.78198394,48.5031052],[3.78199722,48.50318742],[3.78215973,48.5031824],[3.78217033,48.50316676],[3.7821253,48.50280694],[3.78211263,48.50270167],[3.78201463,48.50268423]]]]},"geometry_name":"geom","properties":{"gid":39817604,"type":"Bâtiment en dur","code_dep":"10","code_insee":"10220"}},{"type":"Feature","id":"batiment.39906048","geometry":{"type":"MultiPolygon","coordinates":[[[[3.78177061,48.50308825],[3.78172312,48.50309063],[3.78173395,48.50319042],[3.78186029,48.50318311],[3.78185055,48.50308412],[3.78177061,48.50308825]]]]},"geometry_name":"geom","properties":{"gid":39817605,"type":"Bâtiment en dur","code_dep":"10","code_insee":"10220"}},{"type":"Feature","id":"batiment.39906049","geometry":{"type":"MultiPolygon","coordinates":[[[[3.78172031,48.50354703],[3.78175869,48.50369666],[3.7819486,48.50367706],[3.78193922,48.50363798],[3.78183229,48.50364849],[3.78180342,48.50353695],[3.78172031,48.50354703]]]]},"geometry_name":"geom","properties":{"gid":39817606,"type":"Bâtiment en dur","code_dep":"10","code_insee":"10220"}},{"type":"Feature","id":"batiment.39906123","geometry":{"type":"MultiPolygon","coordinates":[[[[3.78185844,48.50369546],[3.78187589,48.50376687],[3.78203727,48.50374934],[3.78201969,48.50367821],[3.78185844,48.50369546]]]]},"geometry_name":"geom","properties":{"gid":39817681,"type":"Bâtiment en dur","code_dep":"10","code_insee":"10220"}},{"type":"Feature","id":"batiment.39906124","geometry":{"type":"MultiPolygon","coordinates":[[[[3.78217214,48.50390625],[3.78228153,48.50392424],[3.78230786,48.50386523],[3.78228139,48.50377859],[3.78216842,48.50379274],[3.78218511,48.50384985],[3.78219632,48.50384806],[3.78220058,48.50386099],[3.78218869,48.50386287],[3.78217214,48.50390625]]]]},"geometry_name":"geom","properties":{"gid":39817682,"type":"Bâtiment en dur","code_dep":"10","code_insee":"10220"}},{"type":"Feature","id":"batiment.39906125","geometry":{"type":"MultiPolygon","coordinates":[[[[3.78237767,48.50419845],[3.7824964,48.50417985],[3.78248296,48.50414162],[3.78236439,48.50416102],[3.78237767,48.50419845]]]]},"geometry_name":"geom","properties":{"gid":39817683,"type":"Bâtiment en dur","code_dep":"10","code_insee":"10220"}},{"type":"Feature","id":"batiment.39906127","geometry":{"type":"MultiPolygon","coordinates":[[[[3.78262467,48.50417532],[3.78267437,48.50416761],[3.78265547,48.50410728],[3.78260603,48.50411481],[3.78262467,48.50417532]]]]},"geometry_name":"geom","properties":{"gid":39817685,"type":"Bâtiment en dur","code_dep":"10","code_insee":"10220"}},{"type":"Feature","id":"batiment.39906128","geometry":{"type":"MultiPolygon","coordinates":[[[[3.78197675,48.50435789],[3.78204122,48.50451409],[3.78214843,48.50449477],[3.78208633,48.50434332],[3.78197675,48.50435789]]]]},"geometry_name":"geom","properties":{"gid":39817686,"type":"Bâtiment en dur","code_dep":"10","code_insee":"10220"}},{"type":"Feature","id":"batiment.39906129","geometry":{"type":"MultiPolygon","coordinates":[[[[3.7820457,48.50452396],[3.78211673,48.50467499],[3.7822216,48.50465388],[3.78215168,48.50450419],[3.7820457,48.50452396]]]]},"geometry_name":"geom","properties":{"gid":39817687,"type":"Bâtiment en dur","code_dep":"10","code_insee":"10220"}},{"type":"Feature","id":"batiment.39906130","geometry":{"type":"MultiPolygon","coordinates":[[[[3.78225145,48.50469444],[3.78236855,48.50468521],[3.78236307,48.50465349],[3.78224498,48.50465993],[3.78225145,48.50469444]]]]},"geometry_name":"geom","properties":{"gid":39817688,"type":"Bâtiment en dur","code_dep":"10","code_insee":"10220"}},{"type":"Feature","id":"batiment.39906131","geometry":{"type":"MultiPolygon","coordinates":[[[[3.7824853,48.50467041],[3.78269958,48.50464111],[3.78267663,48.50445503],[3.78272356,48.50445211],[3.78271411,48.50435394],[3.78256421,48.5043605],[3.78259308,48.50462588],[3.78248204,48.50464245],[3.7824853,48.50467041]]]]},"geometry_name":"geom","properties":{"gid":39817689,"type":"Bâtiment en dur","code_dep":"10","code_insee":"10220"}},{"type":"Feature","id":"batiment.39906132","geometry":{"type":"MultiPolygon","coordinates":[[[[3.78223983,48.50327957],[3.78236808,48.50327369],[3.78235461,48.50318714],[3.78233875,48.50317681],[3.78233328,48.50317325],[3.7822255,48.50318097],[3.78223983,48.50327957]]]]},"geometry_name":"geom","properties":{"gid":39817690,"type":"Bâtiment en dur","code_dep":"10","code_insee":"10220"}},{"type":"Feature","id":"batiment.39906164","geometry":{"type":"MultiPolygon","coordinates":[[[[3.78243944,48.50293882],[3.78241645,48.50294014],[3.78242361,48.50298454],[3.78240185,48.5029872],[3.78240376,48.5029969],[3.78240469,48.50300482],[3.78244809,48.50300156],[3.78243944,48.50293882]]]]},"geometry_name":"geom","properties":{"gid":39817722,"type":"Bâtiment en dur","code_dep":"10","code_insee":"10220"}},{"type":"Feature","id":"batiment.39906165","geometry":{"type":"MultiPolygon","coordinates":[[[[3.78247397,48.50289379],[3.78252526,48.50289283],[3.78252123,48.50284031],[3.78247223,48.50284073],[3.78247397,48.50289379]]]]},"geometry_name":"geom","properties":{"gid":39817723,"type":"Bâtiment en dur","code_dep":"10","code_insee":"10220"}},{"type":"Feature","id":"batiment.39906166","geometry":{"type":"MultiPolygon","coordinates":[[[[3.78244573,48.5029064],[3.7824508,48.50293821],[3.7824818,48.50293791],[3.7824914,48.5029733],[3.78250967,48.50303678],[3.78254888,48.50303355],[3.78258538,48.50302989],[3.7825755,48.50296636],[3.78256534,48.50289337],[3.78252328,48.50289644],[3.78248108,48.5028987],[3.78247954,48.50290464],[3.78244573,48.5029064]]]]},"geometry_name":"geom","properties":{"gid":39817724,"type":"Bâtiment en dur","code_dep":"10","code_insee":"10220"}},{"type":"Feature","id":"batiment.39906168","geometry":{"type":"MultiPolygon","coordinates":[[[[3.78263148,48.50295258],[3.78263391,48.50300708],[3.78264184,48.50303942],[3.78278277,48.50303939],[3.78278602,48.50295768],[3.78263148,48.50295258]]]]},"geometry_name":"geom","properties":{"gid":39817726,"type":"Bâtiment en dur","code_dep":"10","code_insee":"10220"}},{"type":"Feature","id":"batiment.39906169","geometry":{"type":"MultiPolygon","coordinates":[[[[3.78282756,48.5031018],[3.78283338,48.50312902],[3.78289051,48.50311074],[3.78288457,48.50308487],[3.78282756,48.5031018]]]]},"geometry_name":"geom","properties":{"gid":39817727,"type":"Bâtiment en dur","code_dep":"10","code_insee":"10220"}},{"type":"Feature","id":"batiment.39906170","geometry":{"type":"MultiPolygon","coordinates":[[[[3.78293851,48.50300724],[3.78282088,48.50298057],[3.78281223,48.50304522],[3.78293129,48.50306729],[3.78293851,48.50300724]]]]},"geometry_name":"geom","properties":{"gid":39817728,"type":"Bâtiment en dur","code_dep":"10","code_insee":"10220"}},{"type":"Feature","id":"batiment.39906171","geometry":{"type":"MultiPolygon","coordinates":[[[[3.78251485,48.50323871],[3.78256702,48.50323315],[3.78268284,48.50321989],[3.78266448,48.50315019],[3.78253387,48.50316122],[3.78250506,48.50316348],[3.78249251,48.50316563],[3.78251485,48.50323871]]]]},"geometry_name":"geom","properties":{"gid":39817729,"type":"Bâtiment en dur","code_dep":"10","code_insee":"10220"}},{"type":"Feature","id":"batiment.39906172","geometry":{"type":"MultiPolygon","coordinates":[[[[3.78308013,48.50316203],[3.78299746,48.50317454],[3.78303854,48.50329644],[3.78309364,48.50328744],[3.78308494,48.50326672],[3.78311785,48.50325903],[3.78310121,48.50321407],[3.78308013,48.50316203]]]]},"geometry_name":"geom","properties":{"gid":39817730,"type":"Bâtiment en dur","code_dep":"10","code_insee":"10220"}},{"type":"Feature","id":"batiment.39906173","geometry":{"type":"MultiPolygon","coordinates":[[[[3.78324357,48.50337381],[3.7833524,48.50342716],[3.78342525,48.50336478],[3.7833148,48.50331189],[3.78324357,48.50337381]]]]},"geometry_name":"geom","properties":{"gid":39817731,"type":"Bâtiment en dur","code_dep":"10","code_insee":"10220"}},{"type":"Feature","id":"batiment.39906175","geometry":{"type":"MultiPolygon","coordinates":[[[[3.78385844,48.50369875],[3.78401534,48.50378012],[3.78407806,48.50372852],[3.78400796,48.50369371],[3.78397661,48.50367971],[3.78399238,48.50366584],[3.78400939,48.50362677],[3.78393349,48.50361189],[3.78392114,48.50364606],[3.78385844,48.50369875]]]]},"geometry_name":"geom","properties":{"gid":39817733,"type":"Bâtiment en dur","code_dep":"10","code_insee":"10220"}},{"type":"Feature","id":"batiment.39906211","geometry":{"type":"MultiPolygon","coordinates":[[[[3.78432477,48.50395818],[3.78449851,48.50394354],[3.7844824,48.50386187],[3.78431149,48.50387577],[3.78432477,48.50395818]]]]},"geometry_name":"geom","properties":{"gid":39817770,"type":"Bâtiment en dur","code_dep":"10","code_insee":"10220"}},{"type":"Feature","id":"batiment.39906212","geometry":{"type":"MultiPolygon","coordinates":[[[[3.78448243,48.50409056],[3.78452083,48.50408734],[3.78451481,48.50403745],[3.78447558,48.5040395],[3.78448243,48.50409056]]]]},"geometry_name":"geom","properties":{"gid":39817771,"type":"Bâtiment en dur","code_dep":"10","code_insee":"10220"}},{"type":"Feature","id":"batiment.39906213","geometry":{"type":"MultiPolygon","coordinates":[[[[3.78387963,48.50424729],[3.78395372,48.50424087],[3.78394909,48.50421148],[3.7838746,48.50421845],[3.78387963,48.50424729]]]]},"geometry_name":"geom","properties":{"gid":39817772,"type":"Bâtiment en dur","code_dep":"10","code_insee":"10220"}},{"type":"Feature","id":"batiment.39906214","geometry":{"type":"MultiPolygon","coordinates":[[[[3.78407815,48.50439604],[3.78422093,48.50438385],[3.78420631,48.50430235],[3.78409461,48.5043102],[3.78409897,48.50433059],[3.78406639,48.50433342],[3.78407045,48.50435174],[3.78404817,48.50435531],[3.78405366,48.50437875],[3.78407585,48.50437789],[3.78407815,48.50439604]]]]},"geometry_name":"geom","properties":{"gid":39817773,"type":"Bâtiment en dur","code_dep":"10","code_insee":"10220"}},{"type":"Feature","id":"batiment.39906215","geometry":{"type":"MultiPolygon","coordinates":[[[[3.78431579,48.50439025],[3.78436329,48.5043884],[3.78435455,48.50432018],[3.78430828,48.50432246],[3.78431579,48.50439025]]]]},"geometry_name":"geom","properties":{"gid":39817774,"type":"Bâtiment en dur","code_dep":"10","code_insee":"10220"}},{"type":"Feature","id":"batiment.39906216","geometry":{"type":"MultiPolygon","coordinates":[[[[3.78444257,48.50440326],[3.78458509,48.50439207],[3.78457244,48.50431559],[3.78442897,48.50432679],[3.78444257,48.50440326]]]]},"geometry_name":"geom","properties":{"gid":39817775,"type":"Bâtiment en dur","code_dep":"10","code_insee":"10220"}},{"type":"Feature","id":"batiment.39906217","geometry":{"type":"MultiPolygon","coordinates":[[[[3.78479184,48.50414897],[3.78478178,48.50409182],[3.78468091,48.50410049],[3.78468988,48.50415711],[3.78479184,48.50414897]]]]},"geometry_name":"geom","properties":{"gid":39817776,"type":"Bâtiment en dur","code_dep":"10","code_insee":"10220"}},{"type":"Feature","id":"batiment.39906218","geometry":{"type":"MultiPolygon","coordinates":[[[[3.78463762,48.50406596],[3.78474756,48.50405777],[3.78473107,48.50395991],[3.78463982,48.50396897],[3.78464149,48.50398092],[3.78462433,48.50398301],[3.78463762,48.50406596]]]]},"geometry_name":"geom","properties":{"gid":39817777,"type":"Bâtiment en dur","code_dep":"10","code_insee":"10220"}},{"type":"Feature","id":"batiment.39906219","geometry":{"type":"MultiPolygon","coordinates":[[[[3.78500123,48.50417359],[3.78503928,48.50417423],[3.78504584,48.50420496],[3.78511235,48.50419858],[3.78509547,48.50412016],[3.78499365,48.50412829],[3.78500123,48.50417359]]]]},"geometry_name":"geom","properties":{"gid":39817778,"type":"Bâtiment en dur","code_dep":"10","code_insee":"10220"}},{"type":"Feature","id":"batiment.39906255","geometry":{"type":"MultiPolygon","coordinates":[[[[3.78531682,48.50440091],[3.7854651,48.50439462],[3.78548085,48.50438867],[3.78547056,48.5043433],[3.78545872,48.50429408],[3.78529413,48.5043048],[3.78530001,48.50434533],[3.78530891,48.50435148],[3.78531682,48.50440091]]]]},"geometry_name":"geom","properties":{"gid":39817814,"type":"Bâtiment en dur","code_dep":"10","code_insee":"10220"}},{"type":"Feature","id":"batiment.39906256","geometry":{"type":"MultiPolygon","coordinates":[[[[3.77978408,48.50275107],[3.77982053,48.50278961],[3.77989923,48.50275599],[3.77986266,48.50271817],[3.77978408,48.50275107]]]]},"geometry_name":"geom","properties":{"gid":39817815,"type":"Bâtiment en dur","code_dep":"10","code_insee":"10220"}},{"type":"Feature","id":"batiment.39906257","geometry":{"type":"MultiPolygon","coordinates":[[[[3.77968433,48.50294362],[3.77974474,48.50300962],[3.77986427,48.50296331],[3.77981166,48.50290284],[3.77977087,48.50291831],[3.77976658,48.50291249],[3.77968433,48.50294362]]]]},"geometry_name":"geom","properties":{"gid":39817816,"type":"Bâtiment en dur","code_dep":"10","code_insee":"10220"}},{"type":"Feature","id":"batiment.39906259","geometry":{"type":"MultiPolygon","coordinates":[[[[3.7791526,48.50277204],[3.7792209,48.50284059],[3.77925818,48.50282577],[3.77927454,48.50284285],[3.77933372,48.50281718],[3.77931733,48.5027984],[3.77944429,48.50274188],[3.77938578,48.50267641],[3.7791526,48.50277204]]]]},"geometry_name":"geom","properties":{"gid":39817818,"type":"Bâtiment en dur","code_dep":"10","code_insee":"10220"}},{"type":"Feature","id":"batiment.39906260","geometry":{"type":"MultiPolygon","coordinates":[[[[3.77945972,48.50275995],[3.77935216,48.50280977],[3.77940273,48.50286045],[3.77951089,48.50281422],[3.77945972,48.50275995]]]]},"geometry_name":"geom","properties":{"gid":39817819,"type":"Bâtiment en dur","code_dep":"10","code_insee":"10220"}},{"type":"Feature","id":"batiment.39906261","geometry":{"type":"MultiPolygon","coordinates":[[[[3.77926732,48.50289445],[3.77929664,48.50292745],[3.77934466,48.50290671],[3.77931305,48.50287471],[3.77926732,48.50289445]]]]},"geometry_name":"geom","properties":{"gid":39817820,"type":"Bâtiment en dur","code_dep":"10","code_insee":"10220"}},{"type":"Feature","id":"batiment.39906262","geometry":{"type":"MultiPolygon","coordinates":[[[[3.77898203,48.50289083],[3.77909085,48.5030355],[3.77906769,48.50304366],[3.7790775,48.50305727],[3.77910163,48.50305009],[3.77910922,48.50306003],[3.77908604,48.50306684],[3.77909998,48.50308501],[3.77910848,48.50308288],[3.7791629,48.50315567],[3.77941991,48.5030785],[3.77937621,48.50301599],[3.7792217,48.50305866],[3.7790666,48.50286077],[3.77898203,48.50289083]]]]},"geometry_name":"geom","properties":{"gid":39817821,"type":"Bâtiment en dur","code_dep":"10","code_insee":"10220"}},{"type":"Feature","id":"batiment.39906263","geometry":{"type":"MultiPolygon","coordinates":[[[[3.77947572,48.50304431],[3.77958421,48.5030023],[3.77953123,48.50294399],[3.77942341,48.50298591],[3.77947572,48.50304431]]]]},"geometry_name":"geom","properties":{"gid":39817822,"type":"Bâtiment en dur","code_dep":"10","code_insee":"10220"}},{"type":"Feature","id":"batiment.39906264","geometry":{"type":"MultiPolygon","coordinates":[[[[3.77884838,48.50320802],[3.77900907,48.50317134],[3.77896877,48.50309243],[3.77880597,48.50313228],[3.77884838,48.50320802]]]]},"geometry_name":"geom","properties":{"gid":39817823,"type":"Bâtiment en dur","code_dep":"10","code_insee":"10220"}},{"type":"Feature","id":"batiment.39906265","geometry":{"type":"MultiPolygon","coordinates":[[[[3.77856508,48.50301015],[3.77875623,48.50336624],[3.77882789,48.50335974],[3.77862718,48.50298978],[3.77856508,48.50301015]]]]},"geometry_name":"geom","properties":{"gid":39817824,"type":"Bâtiment en dur","code_dep":"10","code_insee":"10220"}},{"type":"Feature","id":"batiment.39906300","geometry":{"type":"MultiPolygon","coordinates":[[[[3.77814584,48.50337707],[3.77822216,48.50336578],[3.77821109,48.50333121],[3.77825097,48.50332753],[3.77820279,48.50320982],[3.77841856,48.50315353],[3.77843696,48.50317995],[3.7785328,48.50315242],[3.77850306,48.50310025],[3.77848399,48.50306502],[3.77846973,48.50304353],[3.77816531,48.50314709],[3.77816124,48.50315548],[3.77814534,48.50316089],[3.77808019,48.50320378],[3.77813053,48.50333921],[3.77814584,48.50337707]]]]},"geometry_name":"geom","properties":{"gid":39817859,"type":"Bâtiment en dur","code_dep":"10","code_insee":"10220"}},{"type":"Feature","id":"batiment.39906301","geometry":{"type":"MultiPolygon","coordinates":[[[[3.77867673,48.50350062],[3.77868241,48.50349978],[3.77869055,48.50352896],[3.77874585,48.50352419],[3.77874126,48.50349741],[3.77877252,48.50349676],[3.7787762,48.50351661],[3.77885812,48.50350825],[3.77885501,48.50349064],[3.77889706,48.5034873],[3.77886878,48.50343351],[3.77864956,48.5034488],[3.77867673,48.50350062]]]]},"geometry_name":"geom","properties":{"gid":39817860,"type":"Bâtiment en dur","code_dep":"10","code_insee":"10220"}},{"type":"Feature","id":"batiment.39906302","geometry":{"type":"MultiPolygon","coordinates":[[[[3.77862225,48.50362414],[3.77868281,48.50361843],[3.77867549,48.50357197],[3.77861355,48.50357661],[3.77862225,48.50362414]]]]},"geometry_name":"geom","properties":{"gid":39817861,"type":"Bâtiment en dur","code_dep":"10","code_insee":"10220"}},{"type":"Feature","id":"batiment.39906303","geometry":{"type":"MultiPolygon","coordinates":[[[[3.77854336,48.50393683],[3.7785373,48.5039025],[3.77851306,48.50379273],[3.77848451,48.50363845],[3.77847221,48.50357564],[3.77842109,48.50358893],[3.77842637,48.50359789],[3.77839061,48.50360587],[3.77837177,48.50355858],[3.7782686,48.5035759],[3.7784016,48.50391743],[3.77842982,48.50391274],[3.7784421,48.50394613],[3.77854336,48.50393683]]]]},"geometry_name":"geom","properties":{"gid":39817862,"type":"Bâtiment en dur","code_dep":"10","code_insee":"10220"}},{"type":"Feature","id":"batiment.39906304","geometry":{"type":"MultiPolygon","coordinates":[[[[3.77861945,48.50403808],[3.77870193,48.5040307],[3.77870761,48.50405765],[3.778789,48.50405091],[3.77878495,48.50402395],[3.77881415,48.50402142],[3.7789284,48.50401158],[3.77891397,48.50393296],[3.77868884,48.50395153],[3.77868066,48.50391101],[3.77859642,48.5039184],[3.77861945,48.50403808]]]]},"geometry_name":"geom","properties":{"gid":39817863,"type":"Bâtiment en dur","code_dep":"10","code_insee":"10220"}},{"type":"Feature","id":"batiment.39906305","geometry":{"type":"MultiPolygon","coordinates":[[[[3.7792232,48.50402602],[3.77932243,48.5040162],[3.77929299,48.50389368],[3.77917841,48.50390838],[3.77919542,48.50397862],[3.77921084,48.5039778],[3.7792232,48.50402602]]]]},"geometry_name":"geom","properties":{"gid":39817864,"type":"Bâtiment en dur","code_dep":"10","code_insee":"10220"}},{"type":"Feature","id":"batiment.39906306","geometry":{"type":"MultiPolygon","coordinates":[[[[3.77960323,48.50419104],[3.77955672,48.50407692],[3.77945872,48.50409582],[3.77950876,48.50421127],[3.77960323,48.50419104]]]]},"geometry_name":"geom","properties":{"gid":39817865,"type":"Bâtiment en dur","code_dep":"10","code_insee":"10220"}},{"type":"Feature","id":"batiment.39906307","geometry":{"type":"MultiPolygon","coordinates":[[[[3.7798398,48.50399472],[3.77980545,48.50386972],[3.77972665,48.50387851],[3.77973406,48.50390311],[3.77957555,48.50392295],[3.77945886,48.50395971],[3.77951086,48.5040334],[3.77961731,48.50399987],[3.77961363,48.50398883],[3.77964889,48.50398437],[3.77965204,48.50399595],[3.77975679,48.50398402],[3.77976168,48.50400369],[3.7798398,48.50399472]]]]},"geometry_name":"geom","properties":{"gid":39817866,"type":"Bâtiment en dur","code_dep":"10","code_insee":"10220"}},{"type":"Feature","id":"batiment.39906308","geometry":{"type":"MultiPolygon","coordinates":[[[[3.77967806,48.50377879],[3.77977534,48.50376565],[3.77976943,48.50374185],[3.77974173,48.503745],[3.7797323,48.50371195],[3.77966152,48.50372267],[3.77967806,48.50377879]]]]},"geometry_name":"geom","properties":{"gid":39817867,"type":"Bâtiment en dur","code_dep":"10","code_insee":"10220"}},{"type":"Feature","id":"batiment.39906309","geometry":{"type":"MultiPolygon","coordinates":[[[[3.7797814,48.50375454],[3.77979662,48.50380428],[3.77983555,48.50379989],[3.77983967,48.50379509],[3.77989209,48.503788],[3.77988445,48.50375638],[3.77982904,48.50376305],[3.77982409,48.50374841],[3.7797814,48.50375454]]]]},"geometry_name":"geom","properties":{"gid":39817868,"type":"Bâtiment en dur","code_dep":"10","code_insee":"10220"}},{"type":"Feature","id":"batiment.39906343","geometry":{"type":"MultiPolygon","coordinates":[[[[3.77992181,48.50410223],[3.78000811,48.50408799],[3.78000391,48.50406984],[3.77999735,48.50404748],[3.77998588,48.50400465],[3.77997489,48.50396639],[3.77995789,48.50390677],[3.77992221,48.50391033],[3.77991551,48.50388762],[3.77986633,48.50389442],[3.77992181,48.50410223]]]]},"geometry_name":"geom","properties":{"gid":39817902,"type":"Bâtiment en dur","code_dep":"10","code_insee":"10220"}},{"type":"Feature","id":"batiment.39906344","geometry":{"type":"MultiPolygon","coordinates":[[[[3.7800313,48.50427298],[3.78006063,48.50435168],[3.78028376,48.50431711],[3.7802524,48.50422924],[3.78012935,48.50424805],[3.78013179,48.5042573],[3.7800313,48.50427298]]]]},"geometry_name":"geom","properties":{"gid":39817903,"type":"Bâtiment en dur","code_dep":"10","code_insee":"10220"}},{"type":"Feature","id":"batiment.39906345","geometry":{"type":"MultiPolygon","coordinates":[[[[3.77977577,48.50467877],[3.77982299,48.5046763],[3.77981212,48.50461952],[3.77976439,48.50462325],[3.77977577,48.50467877]]]]},"geometry_name":"geom","properties":{"gid":39817904,"type":"Bâtiment en dur","code_dep":"10","code_insee":"10220"}},{"type":"Feature","id":"batiment.39906346","geometry":{"type":"MultiPolygon","coordinates":[[[[3.78016988,48.50464308],[3.78033224,48.50461817],[3.78030587,48.50453846],[3.78020012,48.50455561],[3.78019363,48.50453811],[3.78013651,48.50454785],[3.78016988,48.50464308]]]]},"geometry_name":"geom","properties":{"gid":39817905,"type":"Bâtiment en dur","code_dep":"10","code_insee":"10220"}},{"type":"Feature","id":"batiment.39906347","geometry":{"type":"MultiPolygon","coordinates":[[[[3.78008163,48.50476295],[3.78009088,48.50482973],[3.78022298,48.5048276],[3.78022108,48.50476338],[3.78008163,48.50476295]]]]},"geometry_name":"geom","properties":{"gid":39817906,"type":"Bâtiment en dur","code_dep":"10","code_insee":"10220"}},{"type":"Feature","id":"batiment.39906348","geometry":{"type":"MultiPolygon","coordinates":[[[[3.78015704,48.50502668],[3.78040949,48.5050064],[3.7804061,48.50497889],[3.7801523,48.50499963],[3.78015704,48.50502668]]]]},"geometry_name":"geom","properties":{"gid":39817907,"type":"Bâtiment en dur","code_dep":"10","code_insee":"10220"}},{"type":"Feature","id":"batiment.39906350","geometry":{"type":"MultiPolygon","coordinates":[[[[3.77992488,48.5048373],[3.77993009,48.50491436],[3.77993037,48.50493334],[3.77993162,48.50503571],[3.7799319,48.50512693],[3.77993472,48.50518944],[3.77993655,48.50521264],[3.77990124,48.50521377],[3.77990082,48.50524058],[3.77994345,48.50523967],[3.77995138,48.50541757],[3.78022077,48.50539771],[3.78021704,48.50537489],[3.78005366,48.50537632],[3.78004928,48.50523691],[3.78004736,48.50503441],[3.78004529,48.50491352],[3.78004452,48.50488932],[3.78003973,48.50483115],[3.77992488,48.5048373]]]]},"geometry_name":"geom","properties":{"gid":39817908,"type":"Bâtiment en dur","code_dep":"10","code_insee":"10220"}},{"type":"Feature","id":"batiment.39906384","geometry":{"type":"MultiPolygon","coordinates":[[[[3.78066413,48.50499654],[3.78060803,48.50500221],[3.78061923,48.50505414],[3.78067535,48.5050499],[3.78066413,48.50499654]]]]},"geometry_name":"geom","properties":{"gid":39817943,"type":"Bâtiment en dur","code_dep":"10","code_insee":"10220"}},{"type":"Feature","id":"batiment.39906385","geometry":{"type":"MultiPolygon","coordinates":[[[[3.78091487,48.50504275],[3.78081287,48.50502983],[3.78079446,48.50509383],[3.78085648,48.50510359],[3.78085244,48.50512332],[3.78089407,48.50512754],[3.78091487,48.50504275]]]]},"geometry_name":"geom","properties":{"gid":39817944,"type":"Bâtiment en dur","code_dep":"10","code_insee":"10220"}},{"type":"Feature","id":"batiment.39906386","geometry":{"type":"MultiPolygon","coordinates":[[[[3.78097988,48.50519031],[3.78110697,48.50521493],[3.78114098,48.50514409],[3.78101549,48.5051173],[3.78097988,48.50519031]]]]},"geometry_name":"geom","properties":{"gid":39817945,"type":"Bâtiment en dur","code_dep":"10","code_insee":"10220"}},{"type":"Feature","id":"batiment.39906387","geometry":{"type":"MultiPolygon","coordinates":[[[[3.78212725,48.50518105],[3.78219968,48.5051723],[3.78217063,48.50507596],[3.78209971,48.50508668],[3.78212725,48.50518105]]]]},"geometry_name":"geom","properties":{"gid":39817946,"type":"Bâtiment en dur","code_dep":"10","code_insee":"10220"}},{"type":"Feature","id":"batiment.39906388","geometry":{"type":"MultiPolygon","coordinates":[[[[3.78220346,48.50520781],[3.78225551,48.50520315],[3.78224961,48.50517071],[3.78219811,48.50517573],[3.78220346,48.50520781]]]]},"geometry_name":"geom","properties":{"gid":39817947,"type":"Bâtiment en dur","code_dep":"10","code_insee":"10220"}},{"type":"Feature","id":"batiment.39906389","geometry":{"type":"MultiPolygon","coordinates":[[[[3.78238523,48.50517729],[3.78281183,48.50511447],[3.78279564,48.50507275],[3.78264217,48.50509445],[3.78262141,48.50503674],[3.78234612,48.50507823],[3.78238523,48.50517729]]]]},"geometry_name":"geom","properties":{"gid":39817948,"type":"Bâtiment en dur","code_dep":"10","code_insee":"10220"}},{"type":"Feature","id":"batiment.39906390","geometry":{"type":"MultiPolygon","coordinates":[[[[3.78257201,48.50472948],[3.78263524,48.50488434],[3.78264633,48.50488319],[3.78269506,48.50500072],[3.7827914,48.50497912],[3.78268078,48.504715],[3.78257201,48.50472948]]]]},"geometry_name":"geom","properties":{"gid":39817949,"type":"Bâtiment en dur","code_dep":"10","code_insee":"10220"}},{"type":"Feature","id":"batiment.39906391","geometry":{"type":"MultiPolygon","coordinates":[[[[3.78331891,48.50489243],[3.78325245,48.50490276],[3.78327556,48.50496361],[3.78344485,48.50494063],[3.78342147,48.50487979],[3.78331891,48.50489243]]]]},"geometry_name":"geom","properties":{"gid":39817950,"type":"Bâtiment en dur","code_dep":"10","code_insee":"10220"}},{"type":"Feature","id":"batiment.39906392","geometry":{"type":"MultiPolygon","coordinates":[[[[3.78334626,48.50463873],[3.78341474,48.50480102],[3.78344622,48.50479614],[3.78346623,48.50484027],[3.78362191,48.50482161],[3.78353439,48.5046177],[3.78334626,48.50463873]]]]},"geometry_name":"geom","properties":{"gid":39817951,"type":"Bâtiment en dur","code_dep":"10","code_insee":"10220"}},{"type":"Feature","id":"batiment.39906393","geometry":{"type":"MultiPolygon","coordinates":[[[[3.78414886,48.50464289],[3.78423809,48.50463492],[3.78422636,48.50457454],[3.78413565,48.5045836],[3.78414886,48.50464289]]]]},"geometry_name":"geom","properties":{"gid":39817952,"type":"Bâtiment en dur","code_dep":"10","code_insee":"10220"}},{"type":"Feature","id":"batiment.39906420","geometry":{"type":"MultiPolygon","coordinates":[[[[3.77860263,48.50276764],[3.77870612,48.50272621],[3.77869221,48.50271028],[3.77858831,48.502751],[3.77860263,48.50276764]]]]},"geometry_name":"geom","properties":{"gid":39817980,"type":"Construction légère","code_dep":"10","code_insee":"10220"}},{"type":"Feature","id":"batiment.39906421","geometry":{"type":"MultiPolygon","coordinates":[[[[3.77852342,48.50267504],[3.77854077,48.50269463],[3.77864221,48.50265223],[3.77862529,48.50263425],[3.77852342,48.50267504]]]]},"geometry_name":"geom","properties":{"gid":39817981,"type":"Construction légère","code_dep":"10","code_insee":"10220"}},{"type":"Feature","id":"batiment.39906422","geometry":{"type":"MultiPolygon","coordinates":[[[[3.77822946,48.50290863],[3.77831506,48.50288395],[3.77830893,48.50287248],[3.7782217,48.50289635],[3.77822946,48.50290863]]]]},"geometry_name":"geom","properties":{"gid":39817982,"type":"Construction légère","code_dep":"10","code_insee":"10220"}},{"type":"Feature","id":"batiment.39906423","geometry":{"type":"MultiPolygon","coordinates":[[[[3.77782379,48.50305837],[3.77785615,48.50304961],[3.77784849,48.50303518],[3.77780559,48.50304527],[3.77781501,48.50305969],[3.77782379,48.50305837]]]]},"geometry_name":"geom","properties":{"gid":39817983,"type":"Construction légère","code_dep":"10","code_insee":"10220"}},{"type":"Feature","id":"batiment.39906425","geometry":{"type":"MultiPolygon","coordinates":[[[[3.77705901,48.50322018],[3.77695819,48.50326816],[3.77703601,48.50333971],[3.77713617,48.50329318],[3.77705901,48.50322018]]]]},"geometry_name":"geom","properties":{"gid":39817985,"type":"Construction légère","code_dep":"10","code_insee":"10220"}},{"type":"Feature","id":"batiment.39906426","geometry":{"type":"MultiPolygon","coordinates":[[[[3.77733644,48.50313155],[3.77737916,48.50310959],[3.77736313,48.50309629],[3.77732081,48.50311843],[3.77733644,48.50313155]]]]},"geometry_name":"geom","properties":{"gid":39817986,"type":"Construction légère","code_dep":"10","code_insee":"10220"}},{"type":"Feature","id":"batiment.39906427","geometry":{"type":"MultiPolygon","coordinates":[[[[3.77676383,48.50336245],[3.77679452,48.50335101],[3.7767806,48.50333428],[3.77675075,48.50334752],[3.77676383,48.50336245]]]]},"geometry_name":"geom","properties":{"gid":39817987,"type":"Construction légère","code_dep":"10","code_insee":"10220"}},{"type":"Feature","id":"batiment.39906428","geometry":{"type":"MultiPolygon","coordinates":[[[[3.77643635,48.50344466],[3.77648986,48.50341948],[3.7764687,48.50339902],[3.77641492,48.50342357],[3.77643635,48.50344466]]]]},"geometry_name":"geom","properties":{"gid":39817988,"type":"Construction légère","code_dep":"10","code_insee":"10220"}},{"type":"Feature","id":"batiment.39906429","geometry":{"type":"MultiPolygon","coordinates":[[[[3.7765647,48.50349159],[3.77659709,48.50347546],[3.77658569,48.5034642],[3.77655248,48.50348007],[3.7765647,48.50349159]]]]},"geometry_name":"geom","properties":{"gid":39817989,"type":"Construction légère","code_dep":"10","code_insee":"10220"}},{"type":"Feature","id":"batiment.39906466","geometry":{"type":"MultiPolygon","coordinates":[[[[3.77803141,48.50354794],[3.77808247,48.50354041],[3.7780785,48.50352811],[3.77802851,48.50353528],[3.77803141,48.50354794]]]]},"geometry_name":"geom","properties":{"gid":39818026,"type":"Construction légère","code_dep":"10","code_insee":"10220"}},{"type":"Feature","id":"batiment.39906467","geometry":{"type":"MultiPolygon","coordinates":[[[[3.77800107,48.50355579],[3.77800697,48.50357959],[3.77803048,48.50357647],[3.77802363,48.50355303],[3.77800107,48.50355579]]]]},"geometry_name":"geom","properties":{"gid":39818027,"type":"Construction légère","code_dep":"10","code_insee":"10220"}},{"type":"Feature","id":"batiment.39906469","geometry":{"type":"MultiPolygon","coordinates":[[[[3.77800691,48.50385857],[3.77804689,48.5038521],[3.77804214,48.50383324],[3.77800094,48.50383926],[3.77800691,48.50385857]]]]},"geometry_name":"geom","properties":{"gid":39818029,"type":"Construction légère","code_dep":"10","code_insee":"10220"}},{"type":"Feature","id":"batiment.39906471","geometry":{"type":"MultiPolygon","coordinates":[[[[3.77242567,48.50294056],[3.77249384,48.50292671],[3.7724835,48.50290528],[3.77241643,48.50291975],[3.77242567,48.50294056]]]]},"geometry_name":"geom","properties":{"gid":39818031,"type":"Construction légère","code_dep":"10","code_insee":"10220"}},{"type":"Feature","id":"batiment.39906472","geometry":{"type":"MultiPolygon","coordinates":[[[[3.77094747,48.50321528],[3.7709032,48.50322412],[3.77089334,48.50322589],[3.77092442,48.50328632],[3.77099405,48.50327094],[3.77098134,48.5032443],[3.77096338,48.50324775],[3.77094747,48.50321528]]]]},"geometry_name":"geom","properties":{"gid":39818032,"type":"Construction légère","code_dep":"10","code_insee":"10220"}},{"type":"Feature","id":"batiment.39906473","geometry":{"type":"MultiPolygon","coordinates":[[[[3.77437108,48.50253098],[3.77433245,48.50253672],[3.77433938,48.50255709],[3.77432696,48.50255942],[3.7743361,48.50258231],[3.77438794,48.50257261],[3.77437108,48.50253098]]]]},"geometry_name":"geom","properties":{"gid":39818033,"type":"Construction légère","code_dep":"10","code_insee":"10220"}},{"type":"Feature","id":"batiment.39906475","geometry":{"type":"MultiPolygon","coordinates":[[[[3.7774653,48.50195174],[3.77732858,48.50201642],[3.77728492,48.50197469],[3.7772712,48.50198108],[3.77728618,48.50199582],[3.77726212,48.50200768],[3.77738264,48.50212006],[3.77755575,48.50203544],[3.7774653,48.50195174]]]]},"geometry_name":"geom","properties":{"gid":39818035,"type":"Construction légère","code_dep":"10","code_insee":"10220"}},{"type":"Feature","id":"batiment.39906477","geometry":{"type":"MultiPolygon","coordinates":[[[[3.7772474,48.50218347],[3.77723681,48.50217239],[3.77734665,48.50211184],[3.77725993,48.5020336],[3.77711242,48.50210069],[3.77722266,48.50220415],[3.7772474,48.50218347]]]]},"geometry_name":"geom","properties":{"gid":39818037,"type":"Construction légère","code_dep":"10","code_insee":"10220"}},{"type":"Feature","id":"batiment.39906478","geometry":{"type":"MultiPolygon","coordinates":[[[[3.77688291,48.50203346],[3.77690796,48.50207036],[3.77696135,48.50205571],[3.77693616,48.502018],[3.77688291,48.50203346]]]]},"geometry_name":"geom","properties":{"gid":39818038,"type":"Construction légère","code_dep":"10","code_insee":"10220"}},{"type":"Feature","id":"batiment.39906479","geometry":{"type":"MultiPolygon","coordinates":[[[[3.77678365,48.50218668],[3.77677354,48.50218972],[3.77678211,48.50220163],[3.77679235,48.50219841],[3.77678365,48.50218668]]]]},"geometry_name":"geom","properties":{"gid":39818039,"type":"Construction légère","code_dep":"10","code_insee":"10220"}},{"type":"Feature","id":"batiment.39906509","geometry":{"type":"MultiPolygon","coordinates":[[[[3.77656629,48.50242786],[3.77658058,48.50245124],[3.77663871,48.50243683],[3.77662292,48.50241282],[3.77656629,48.50242786]]]]},"geometry_name":"geom","properties":{"gid":39818069,"type":"Construction légère","code_dep":"10","code_insee":"10220"}},{"type":"Feature","id":"batiment.39906510","geometry":{"type":"MultiPolygon","coordinates":[[[[3.77739883,48.50086398],[3.77741828,48.50089786],[3.77751552,48.50087338],[3.77749744,48.50084066],[3.77739883,48.50086398]]]]},"geometry_name":"geom","properties":{"gid":39818070,"type":"Construction légère","code_dep":"10","code_insee":"10220"}},{"type":"Feature","id":"batiment.39906511","geometry":{"type":"MultiPolygon","coordinates":[[[[3.77795873,48.50131202],[3.77798409,48.50138841],[3.77803082,48.50138109],[3.77800285,48.50129302],[3.77795489,48.50129954],[3.77795873,48.50131202]]]]},"geometry_name":"geom","properties":{"gid":39818071,"type":"Construction légère","code_dep":"10","code_insee":"10220"}},{"type":"Feature","id":"batiment.39906512","geometry":{"type":"MultiPolygon","coordinates":[[[[3.777662,48.50110246],[3.77770975,48.50120974],[3.77771745,48.5012087],[3.77767684,48.50109921],[3.777662,48.50110246]]]]},"geometry_name":"geom","properties":{"gid":39818072,"type":"Construction légère","code_dep":"10","code_insee":"10220"}},{"type":"Feature","id":"batiment.39906513","geometry":{"type":"MultiPolygon","coordinates":[[[[3.77675723,48.50156359],[3.77678476,48.50155774],[3.77675403,48.50149326],[3.77672676,48.50149875],[3.77672902,48.50150476],[3.77675723,48.50156359]]]]},"geometry_name":"geom","properties":{"gid":39818073,"type":"Construction légère","code_dep":"10","code_insee":"10220"}},{"type":"Feature","id":"batiment.39906514","geometry":{"type":"MultiPolygon","coordinates":[[[[3.77650041,48.50174538],[3.77669265,48.50169968],[3.77665822,48.50162388],[3.77647021,48.50166164],[3.77650041,48.50174538]]]]},"geometry_name":"geom","properties":{"gid":39818074,"type":"Construction légère","code_dep":"10","code_insee":"10220"}},{"type":"Feature","id":"batiment.39906516","geometry":{"type":"MultiPolygon","coordinates":[[[[3.77639188,48.50154673],[3.77641566,48.50160757],[3.77644767,48.50160241],[3.77642526,48.50154237],[3.77639188,48.50154673]]]]},"geometry_name":"geom","properties":{"gid":39818076,"type":"Construction légère","code_dep":"10","code_insee":"10220"}},{"type":"Feature","id":"batiment.39906517","geometry":{"type":"MultiPolygon","coordinates":[[[[3.775834,48.50151825],[3.77589072,48.50161891],[3.77590683,48.50164679],[3.77618024,48.5015885],[3.77617115,48.50155977],[3.77619666,48.50155448],[3.77624955,48.50154262],[3.77622734,48.50148717],[3.77619009,48.5014947],[3.77616524,48.50145294],[3.77612422,48.50146202],[3.77612018,48.5014544],[3.775834,48.50151825]]]]},"geometry_name":"geom","properties":{"gid":39818077,"type":"Construction légère","code_dep":"10","code_insee":"10220"}},{"type":"Feature","id":"batiment.39906592","geometry":{"type":"MultiPolygon","coordinates":[[[[3.77482935,48.50191876],[3.77489025,48.50190802],[3.77488613,48.50189491],[3.77482456,48.50190584],[3.77482935,48.50191876]]]]},"geometry_name":"geom","properties":{"gid":39818153,"type":"Construction légère","code_dep":"10","code_insee":"10220"}},{"type":"Feature","id":"batiment.39906593","geometry":{"type":"MultiPolygon","coordinates":[[[[3.77395185,48.5021197],[3.7739294,48.50206632],[3.77388579,48.50207389],[3.77389157,48.50208941],[3.77390595,48.50212863],[3.77391268,48.50214406],[3.77395749,48.50213505],[3.77395185,48.5021197]]]]},"geometry_name":"geom","properties":{"gid":39818154,"type":"Construction légère","code_dep":"10","code_insee":"10220"}},{"type":"Feature","id":"batiment.39906594","geometry":{"type":"MultiPolygon","coordinates":[[[[3.77385004,48.50180747],[3.77385531,48.50182507],[3.77387059,48.50182362],[3.77386463,48.50180531],[3.77385004,48.50180747]]]]},"geometry_name":"geom","properties":{"gid":39818155,"type":"Construction légère","code_dep":"10","code_insee":"10220"}},{"type":"Feature","id":"batiment.39906595","geometry":{"type":"MultiPolygon","coordinates":[[[[3.77356921,48.50219749],[3.77354745,48.50219988],[3.77355918,48.50223372],[3.7735808,48.50223052],[3.77356921,48.50219749]]]]},"geometry_name":"geom","properties":{"gid":39818156,"type":"Construction légère","code_dep":"10","code_insee":"10220"}},{"type":"Feature","id":"batiment.39906596","geometry":{"type":"MultiPolygon","coordinates":[[[[3.77337359,48.50199509],[3.77344007,48.50198674],[3.7734379,48.5019774],[3.77337087,48.50198521],[3.77337359,48.50199509]]]]},"geometry_name":"geom","properties":{"gid":39818157,"type":"Construction légère","code_dep":"10","code_insee":"10220"}},{"type":"Feature","id":"batiment.39906597","geometry":{"type":"MultiPolygon","coordinates":[[[[3.77880727,48.50065701],[3.77880736,48.50066295],[3.77887183,48.50096652],[3.7788913,48.50096513],[3.77898554,48.50095713],[3.77909397,48.50094761],[3.77902823,48.50064135],[3.77880727,48.50065701]]]]},"geometry_name":"geom","properties":{"gid":39818158,"type":"Construction légère","code_dep":"10","code_insee":"10220"}},{"type":"Feature","id":"batiment.39906599","geometry":{"type":"MultiPolygon","coordinates":[[[[3.77954789,48.50107651],[3.77954443,48.50105342],[3.77951441,48.50105541],[3.77951855,48.50107896],[3.77954789,48.50107651]]]]},"geometry_name":"geom","properties":{"gid":39818160,"type":"Construction légère","code_dep":"10","code_insee":"10220"}},{"type":"Feature","id":"batiment.39906600","geometry":{"type":"MultiPolygon","coordinates":[[[[3.7794505,48.50095471],[3.7794724,48.5010439],[3.77954191,48.50103877],[3.77953648,48.50100111],[3.77951752,48.50100078],[3.77951111,48.50095216],[3.77950231,48.50095221],[3.7794505,48.50095471]]]]},"geometry_name":"geom","properties":{"gid":39818161,"type":"Construction légère","code_dep":"10","code_insee":"10220"}},{"type":"Feature","id":"batiment.39906601","geometry":{"type":"MultiPolygon","coordinates":[[[[3.7792393,48.50046085],[3.77925864,48.50053224],[3.77939295,48.50051598],[3.77934148,48.50034098],[3.77921243,48.50035613],[3.7792393,48.50046085]]]]},"geometry_name":"geom","properties":{"gid":39818162,"type":"Construction légère","code_dep":"10","code_insee":"10220"}},{"type":"Feature","id":"batiment.39906637","geometry":{"type":"MultiPolygon","coordinates":[[[[3.77983306,48.50068123],[3.77978238,48.50056866],[3.77983517,48.50055905],[3.77972613,48.50031794],[3.77951471,48.50035577],[3.77967089,48.5006903],[3.77974448,48.50068721],[3.77983306,48.50068123]]]]},"geometry_name":"geom","properties":{"gid":39818198,"type":"Construction légère","code_dep":"10","code_insee":"10220"}},{"type":"Feature","id":"batiment.39906638","geometry":{"type":"MultiPolygon","coordinates":[[[[3.78204259,48.50074534],[3.78203011,48.50069846],[3.78199501,48.5007049],[3.78201045,48.50075059],[3.78204259,48.50074534]]]]},"geometry_name":"geom","properties":{"gid":39818199,"type":"Construction légère","code_dep":"10","code_insee":"10220"}},{"type":"Feature","id":"batiment.39906639","geometry":{"type":"MultiPolygon","coordinates":[[[[3.782421,48.50101193],[3.78243368,48.50106339],[3.78244881,48.50112519],[3.78250288,48.50111934],[3.78249481,48.50107748],[3.782509,48.50107612],[3.78254347,48.50107293],[3.78252912,48.50100024],[3.782421,48.50101193]]]]},"geometry_name":"geom","properties":{"gid":39818200,"type":"Construction légère","code_dep":"10","code_insee":"10220"}},{"type":"Feature","id":"batiment.39906640","geometry":{"type":"MultiPolygon","coordinates":[[[[3.78305189,48.50095217],[3.78312968,48.50094033],[3.78310506,48.50086888],[3.78302723,48.50087866],[3.78305189,48.50095217]]]]},"geometry_name":"geom","properties":{"gid":39818201,"type":"Construction légère","code_dep":"10","code_insee":"10220"}},{"type":"Feature","id":"batiment.39906641","geometry":{"type":"MultiPolygon","coordinates":[[[[3.78354495,48.50104581],[3.78356565,48.50104487],[3.78356624,48.50102093],[3.78354459,48.50102126],[3.78354495,48.50104581]]]]},"geometry_name":"geom","properties":{"gid":39818202,"type":"Construction légère","code_dep":"10","code_insee":"10220"}},{"type":"Feature","id":"batiment.39906642","geometry":{"type":"MultiPolygon","coordinates":[[[[3.78378324,48.50054926],[3.7835891,48.50058428],[3.78365806,48.50075143],[3.78385909,48.50071529],[3.78378324,48.50054926]]]]},"geometry_name":"geom","properties":{"gid":39818203,"type":"Construction légère","code_dep":"10","code_insee":"10220"}},{"type":"Feature","id":"batiment.39906643","geometry":{"type":"MultiPolygon","coordinates":[[[[3.77808865,48.50184807],[3.77813659,48.50184056],[3.77810116,48.50174237],[3.77805322,48.50175042],[3.77808865,48.50184807]]]]},"geometry_name":"geom","properties":{"gid":39818204,"type":"Construction légère","code_dep":"10","code_insee":"10220"}},{"type":"Feature","id":"batiment.39906644","geometry":{"type":"MultiPolygon","coordinates":[[[[3.77770088,48.50159736],[3.77772195,48.50164005],[3.77787221,48.50161198],[3.77786704,48.50160113],[3.77785178,48.5015675],[3.77770088,48.50159736]]]]},"geometry_name":"geom","properties":{"gid":39818205,"type":"Construction légère","code_dep":"10","code_insee":"10220"}},{"type":"Feature","id":"batiment.39906645","geometry":{"type":"MultiPolygon","coordinates":[[[[3.77829884,48.50161684],[3.77832416,48.50169026],[3.77838385,48.5016806],[3.77838159,48.50167405],[3.77835884,48.50160952],[3.77829884,48.50161684]]]]},"geometry_name":"geom","properties":{"gid":39818206,"type":"Construction légère","code_dep":"10","code_insee":"10220"}},{"type":"Feature","id":"batiment.39906646","geometry":{"type":"MultiPolygon","coordinates":[[[[3.77848502,48.50172924],[3.77874553,48.50167805],[3.77873553,48.50164303],[3.77868664,48.50165037],[3.77847002,48.50169443],[3.77848502,48.50172924]]]]},"geometry_name":"geom","properties":{"gid":39818207,"type":"Construction légère","code_dep":"10","code_insee":"10220"}},{"type":"Feature","id":"batiment.39906681","geometry":{"type":"MultiPolygon","coordinates":[[[[3.77925055,48.50209352],[3.7790659,48.50219396],[3.77920103,48.50229618],[3.77920818,48.50229442],[3.77923692,48.50229693],[3.77925624,48.50228556],[3.77927539,48.5022983],[3.77942404,48.50221725],[3.77940826,48.5022026],[3.77944486,48.50217897],[3.77931117,48.50206461],[3.77925055,48.50209352]]]]},"geometry_name":"geom","properties":{"gid":39818243,"type":"Construction légère","code_dep":"10","code_insee":"10220"}},{"type":"Feature","id":"batiment.39906682","geometry":{"type":"MultiPolygon","coordinates":[[[[3.77942936,48.50242054],[3.77944689,48.5024341],[3.77948782,48.5024099],[3.77947112,48.50239732],[3.77942936,48.50242054]]]]},"geometry_name":"geom","properties":{"gid":39818244,"type":"Construction légère","code_dep":"10","code_insee":"10220"}},{"type":"Feature","id":"batiment.39906683","geometry":{"type":"MultiPolygon","coordinates":[[[[3.77984253,48.50145504],[3.77989774,48.50145359],[3.77989185,48.50138553],[3.77983718,48.50138652],[3.77984253,48.50145504]]]]},"geometry_name":"geom","properties":{"gid":39818245,"type":"Construction légère","code_dep":"10","code_insee":"10220"}},{"type":"Feature","id":"batiment.39906684","geometry":{"type":"MultiPolygon","coordinates":[[[[3.78008305,48.50146173],[3.78008537,48.50148088],[3.78010838,48.50148073],[3.78010689,48.50146239],[3.78008305,48.50146173]]]]},"geometry_name":"geom","properties":{"gid":39818246,"type":"Construction légère","code_dep":"10","code_insee":"10220"}},{"type":"Feature","id":"batiment.39906685","geometry":{"type":"MultiPolygon","coordinates":[[[[3.78052134,48.50145832],[3.78057762,48.50145651],[3.78057122,48.50139897],[3.78056914,48.50137731],[3.78056795,48.50137012],[3.78051166,48.50137184],[3.78052134,48.50145832]]]]},"geometry_name":"geom","properties":{"gid":39818247,"type":"Construction légère","code_dep":"10","code_insee":"10220"}},{"type":"Feature","id":"batiment.39906686","geometry":{"type":"MultiPolygon","coordinates":[[[[3.78098901,48.50137419],[3.78095667,48.50137485],[3.78095563,48.5014229],[3.78098729,48.50142233],[3.78098901,48.50137419]]]]},"geometry_name":"geom","properties":{"gid":39818248,"type":"Construction légère","code_dep":"10","code_insee":"10220"}},{"type":"Feature","id":"batiment.39906687","geometry":{"type":"MultiPolygon","coordinates":[[[[3.7808496,48.50151221],[3.78084947,48.50153056],[3.78090644,48.50152866],[3.78090521,48.50150995],[3.7808496,48.50151221]]]]},"geometry_name":"geom","properties":{"gid":39818249,"type":"Construction légère","code_dep":"10","code_insee":"10220"}},{"type":"Feature","id":"batiment.39906688","geometry":{"type":"MultiPolygon","coordinates":[[[[3.7806974,48.50170951],[3.78069904,48.50172848],[3.78076879,48.5017309],[3.78076559,48.50170708],[3.7806974,48.50170951]]]]},"geometry_name":"geom","properties":{"gid":39818250,"type":"Construction légère","code_dep":"10","code_insee":"10220"}},{"type":"Feature","id":"batiment.39906689","geometry":{"type":"MultiPolygon","coordinates":[[[[3.78053054,48.50198634],[3.78071697,48.50204197],[3.78073789,48.5020108],[3.78055149,48.50195652],[3.78053054,48.50198634]]]]},"geometry_name":"geom","properties":{"gid":39818251,"type":"Construction légère","code_dep":"10","code_insee":"10220"}},{"type":"Feature","id":"batiment.39906716","geometry":{"type":"MultiPolygon","coordinates":[[[[3.77952399,48.50167358],[3.77955117,48.5016895],[3.77961342,48.5016792],[3.77960721,48.50166215],[3.77952399,48.50167358]]]]},"geometry_name":"geom","properties":{"gid":39818277,"type":"Construction légère","code_dep":"10","code_insee":"10220"}},{"type":"Feature","id":"batiment.39906717","geometry":{"type":"MultiPolygon","coordinates":[[[[3.78038796,48.50397763],[3.78042907,48.5039653],[3.7804166,48.50394604],[3.7804388,48.50393654],[3.78040687,48.50389267],[3.78037791,48.50390221],[3.78036946,48.50388949],[3.78035033,48.50389601],[3.7803578,48.50390684],[3.78034393,48.50391188],[3.78038796,48.50397763]]]]},"geometry_name":"geom","properties":{"gid":39818278,"type":"Construction légère","code_dep":"10","code_insee":"10220"}},{"type":"Feature","id":"batiment.39906718","geometry":{"type":"MultiPolygon","coordinates":[[[[3.7811107,48.50357389],[3.78116226,48.5035633],[3.78115482,48.50354553],[3.78110327,48.50355685],[3.7811107,48.50357389]]]]},"geometry_name":"geom","properties":{"gid":39818279,"type":"Construction légère","code_dep":"10","code_insee":"10220"}},{"type":"Feature","id":"batiment.39906719","geometry":{"type":"MultiPolygon","coordinates":[[[[3.78127942,48.50340356],[3.7814856,48.50339501],[3.7814723,48.50324711],[3.78126936,48.50325573],[3.78127942,48.50340356]]]]},"geometry_name":"geom","properties":{"gid":39818280,"type":"Construction légère","code_dep":"10","code_insee":"10220"}},{"type":"Feature","id":"batiment.39906720","geometry":{"type":"MultiPolygon","coordinates":[[[[3.78077541,48.50314931],[3.7808182,48.50324106],[3.78100746,48.50319582],[3.78096105,48.50310599],[3.78094134,48.50310998],[3.78077541,48.50314931]]]]},"geometry_name":"geom","properties":{"gid":39818281,"type":"Construction légère","code_dep":"10","code_insee":"10220"}},{"type":"Feature","id":"batiment.39906721","geometry":{"type":"MultiPolygon","coordinates":[[[[3.78158918,48.50402281],[3.78151863,48.50403065],[3.78153308,48.50409236],[3.78160446,48.50408532],[3.78158918,48.50402281]]]]},"geometry_name":"geom","properties":{"gid":39818282,"type":"Construction légère","code_dep":"10","code_insee":"10220"}},{"type":"Feature","id":"batiment.39906722","geometry":{"type":"MultiPolygon","coordinates":[[[[3.78117089,48.50431623],[3.78141072,48.50428479],[3.78134906,48.50410743],[3.78111385,48.50414001],[3.78117089,48.50431623]]]]},"geometry_name":"geom","properties":{"gid":39818283,"type":"Construction légère","code_dep":"10","code_insee":"10220"}},{"type":"Feature","id":"batiment.39906723","geometry":{"type":"MultiPolygon","coordinates":[[[[3.78085359,48.5039725],[3.78086863,48.5039912],[3.78090471,48.50397801],[3.7808909,48.50395957],[3.78085359,48.5039725]]]]},"geometry_name":"geom","properties":{"gid":39818284,"type":"Construction légère","code_dep":"10","code_insee":"10220"}},{"type":"Feature","id":"batiment.39906724","geometry":{"type":"MultiPolygon","coordinates":[[[[3.78055919,48.50433959],[3.7805337,48.50426455],[3.7804759,48.5042742],[3.78050151,48.50434843],[3.78055919,48.50433959]]]]},"geometry_name":"geom","properties":{"gid":39818285,"type":"Construction légère","code_dep":"10","code_insee":"10220"}},{"type":"Feature","id":"batiment.39906725","geometry":{"type":"MultiPolygon","coordinates":[[[[3.7806797,48.50432288],[3.7806998,48.50438212],[3.78078813,48.50436769],[3.78076628,48.50430954],[3.78075656,48.50431185],[3.78074602,48.50431255],[3.7806797,48.50432288]]]]},"geometry_name":"geom","properties":{"gid":39818286,"type":"Construction légère","code_dep":"10","code_insee":"10220"}},{"type":"Feature","id":"batiment.39906758","geometry":{"type":"MultiPolygon","coordinates":[[[[3.78078857,48.50477063],[3.78079,48.50477593],[3.78081269,48.50477218],[3.78080326,48.50474813],[3.78078233,48.50475169],[3.78078857,48.50477063]]]]},"geometry_name":"geom","properties":{"gid":39818321,"type":"Construction légère","code_dep":"10","code_insee":"10220"}},{"type":"Feature","id":"batiment.39906759","geometry":{"type":"MultiPolygon","coordinates":[[[[3.78106396,48.50489945],[3.78111301,48.50489319],[3.78110739,48.50487064],[3.78105835,48.50487762],[3.78106396,48.50489945]]]]},"geometry_name":"geom","properties":{"gid":39818322,"type":"Construction légère","code_dep":"10","code_insee":"10220"}},{"type":"Feature","id":"batiment.39906760","geometry":{"type":"MultiPolygon","coordinates":[[[[3.78155151,48.50142132],[3.78162338,48.50142012],[3.78162181,48.5013873],[3.78154831,48.50138814],[3.78155151,48.50142132]]]]},"geometry_name":"geom","properties":{"gid":39818323,"type":"Construction légère","code_dep":"10","code_insee":"10220"}},{"type":"Feature","id":"batiment.39906761","geometry":{"type":"MultiPolygon","coordinates":[[[[3.78170219,48.5013946],[3.78166974,48.50138797],[3.7816768,48.50146206],[3.78169521,48.50146229],[3.78170739,48.50146185],[3.78170219,48.5013946]]]]},"geometry_name":"geom","properties":{"gid":39818324,"type":"Construction légère","code_dep":"10","code_insee":"10220"}},{"type":"Feature","id":"batiment.39906762","geometry":{"type":"MultiPolygon","coordinates":[[[[3.78183206,48.50133446],[3.78183519,48.50136277],[3.78196252,48.5013587],[3.78195942,48.50133263],[3.78183206,48.50133446]]]]},"geometry_name":"geom","properties":{"gid":39818325,"type":"Construction légère","code_dep":"10","code_insee":"10220"}},{"type":"Feature","id":"batiment.39906763","geometry":{"type":"MultiPolygon","coordinates":[[[[3.78145417,48.50173881],[3.78145029,48.50177824],[3.78147643,48.50177933],[3.7814797,48.50174413],[3.78145417,48.50173881]]]]},"geometry_name":"geom","properties":{"gid":39818326,"type":"Construction légère","code_dep":"10","code_insee":"10220"}},{"type":"Feature","id":"batiment.39906764","geometry":{"type":"MultiPolygon","coordinates":[[[[3.78168658,48.50179153],[3.78168933,48.50163992],[3.78162057,48.50164028],[3.78162036,48.50168131],[3.78159304,48.50168284],[3.78159306,48.50176587],[3.78159301,48.50178953],[3.78168658,48.50179153]]]]},"geometry_name":"geom","properties":{"gid":39818327,"type":"Construction légère","code_dep":"10","code_insee":"10220"}},{"type":"Feature","id":"batiment.39906765","geometry":{"type":"MultiPolygon","coordinates":[[[[3.78147238,48.50231643],[3.78147394,48.50233019],[3.78151103,48.50232994],[3.78151056,48.50231636],[3.78147238,48.50231643]]]]},"geometry_name":"geom","properties":{"gid":39818328,"type":"Construction légère","code_dep":"10","code_insee":"10220"}},{"type":"Feature","id":"batiment.39906766","geometry":{"type":"MultiPolygon","coordinates":[[[[3.7818239,48.50250403],[3.78191799,48.50253157],[3.7819202,48.50249773],[3.78191997,48.50248244],[3.78183934,48.50245859],[3.7818239,48.50250403]]]]},"geometry_name":"geom","properties":{"gid":39818329,"type":"Construction légère","code_dep":"10","code_insee":"10220"}},{"type":"Feature","id":"batiment.39906767","geometry":{"type":"MultiPolygon","coordinates":[[[[3.78237661,48.50254754],[3.7823729,48.50256196],[3.78248126,48.5025751],[3.78248499,48.50256167],[3.78237661,48.50254754]]]]},"geometry_name":"geom","properties":{"gid":39818330,"type":"Construction légère","code_dep":"10","code_insee":"10220"}},{"type":"Feature","id":"batiment.39906796","geometry":{"type":"MultiPolygon","coordinates":[[[[3.78467736,48.50342804],[3.78469142,48.50342705],[3.78467835,48.50336803],[3.78466429,48.50336938],[3.78467736,48.50342804]]]]},"geometry_name":"geom","properties":{"gid":39818359,"type":"Construction légère","code_dep":"10","code_insee":"10220"}},{"type":"Feature","id":"batiment.39906797","geometry":{"type":"MultiPolygon","coordinates":[[[[3.78480756,48.50300084],[3.78493648,48.50297642],[3.78490825,48.50291687],[3.78477918,48.50294085],[3.78480756,48.50300084]]]]},"geometry_name":"geom","properties":{"gid":39818360,"type":"Construction légère","code_dep":"10","code_insee":"10220"}},{"type":"Feature","id":"batiment.39906798","geometry":{"type":"MultiPolygon","coordinates":[[[[3.78474138,48.50274875],[3.78473207,48.50275034],[3.78475291,48.50283171],[3.78476085,48.50286459],[3.78479207,48.50286105],[3.78478386,48.50282836],[3.78477301,48.50279038],[3.78476167,48.50279288],[3.78474138,48.50274875]]]]},"geometry_name":"geom","properties":{"gid":39818361,"type":"Construction légère","code_dep":"10","code_insee":"10220"}},{"type":"Feature","id":"batiment.39906799","geometry":{"type":"MultiPolygon","coordinates":[[[[3.7848391,48.50281954],[3.78484207,48.50282807],[3.78487271,48.50282202],[3.78486948,48.50281385],[3.7848391,48.50281954]]]]},"geometry_name":"geom","properties":{"gid":39818362,"type":"Construction légère","code_dep":"10","code_insee":"10220"}},{"type":"Feature","id":"batiment.39906800","geometry":{"type":"MultiPolygon","coordinates":[[[[3.78428781,48.50278962],[3.7843204,48.50280515],[3.78435498,48.50277299],[3.78432157,48.50275692],[3.78428781,48.50278962]]]]},"geometry_name":"geom","properties":{"gid":39818363,"type":"Construction légère","code_dep":"10","code_insee":"10220"}},{"type":"Feature","id":"batiment.39906801","geometry":{"type":"MultiPolygon","coordinates":[[[[3.78439698,48.50279331],[3.78439577,48.50280339],[3.78439073,48.50281008],[3.784412,48.50282002],[3.78442711,48.50280751],[3.78439698,48.50279331]]]]},"geometry_name":"geom","properties":{"gid":39818364,"type":"Construction légère","code_dep":"10","code_insee":"10220"}},{"type":"Feature","id":"batiment.39906802","geometry":{"type":"MultiPolygon","coordinates":[[[[3.78444277,48.50289557],[3.78447567,48.50286836],[3.78444758,48.50285505],[3.78441658,48.50288215],[3.78444277,48.50289557]]]]},"geometry_name":"geom","properties":{"gid":39818365,"type":"Construction légère","code_dep":"10","code_insee":"10220"}},{"type":"Feature","id":"batiment.39906803","geometry":{"type":"MultiPolygon","coordinates":[[[[3.78433588,48.50297184],[3.78435007,48.50297894],[3.78438053,48.50295157],[3.78436512,48.50294448],[3.78433588,48.50297184]]]]},"geometry_name":"geom","properties":{"gid":39818366,"type":"Construction légère","code_dep":"10","code_insee":"10220"}},{"type":"Feature","id":"batiment.39906804","geometry":{"type":"MultiPolygon","coordinates":[[[[3.78394905,48.50215222],[3.78398235,48.502152],[3.78398185,48.50211863],[3.78394801,48.50211903],[3.78394905,48.50215222]]]]},"geometry_name":"geom","properties":{"gid":39818367,"type":"Construction légère","code_dep":"10","code_insee":"10220"}},{"type":"Feature","id":"batiment.39906840","geometry":{"type":"MultiPolygon","coordinates":[[[[3.78346114,48.50159793],[3.78346177,48.50161304],[3.78353311,48.50161248],[3.78353286,48.5015962],[3.78346114,48.50159793]]]]},"geometry_name":"geom","properties":{"gid":39818403,"type":"Construction légère","code_dep":"10","code_insee":"10220"}},{"type":"Feature","id":"batiment.39906841","geometry":{"type":"MultiPolygon","coordinates":[[[[3.78192435,48.50273062],[3.78193253,48.50266183],[3.78189351,48.50265121],[3.78188469,48.50273142],[3.78192435,48.50273062]]]]},"geometry_name":"geom","properties":{"gid":39818404,"type":"Construction légère","code_dep":"10","code_insee":"10220"}},{"type":"Feature","id":"batiment.39906842","geometry":{"type":"MultiPolygon","coordinates":[[[[3.78175157,48.50291015],[3.78178646,48.50290732],[3.78178271,48.50289205],[3.78175028,48.50289595],[3.78175157,48.50291015]]]]},"geometry_name":"geom","properties":{"gid":39818405,"type":"Construction légère","code_dep":"10","code_insee":"10220"}},{"type":"Feature","id":"batiment.39906843","geometry":{"type":"MultiPolygon","coordinates":[[[[3.78218869,48.50386287],[3.78220058,48.50386099],[3.78219632,48.50384806],[3.78218511,48.50384985],[3.78218869,48.50386287]]]]},"geometry_name":"geom","properties":{"gid":39818406,"type":"Construction légère","code_dep":"10","code_insee":"10220"}},{"type":"Feature","id":"batiment.39906844","geometry":{"type":"MultiPolygon","coordinates":[[[[3.78195577,48.50419466],[3.78223077,48.504161],[3.7821866,48.50399522],[3.78190684,48.5040272],[3.78195577,48.50419466]]]]},"geometry_name":"geom","properties":{"gid":39818407,"type":"Construction légère","code_dep":"10","code_insee":"10220"}},{"type":"Feature","id":"batiment.39906845","geometry":{"type":"MultiPolygon","coordinates":[[[[3.78216073,48.50445726],[3.78243012,48.50441968],[3.78236642,48.50425151],[3.78240625,48.50424477],[3.78239906,48.50422529],[3.78235475,48.50423206],[3.78235716,48.50424779],[3.78209136,48.50429003],[3.78216073,48.50445726]]]]},"geometry_name":"geom","properties":{"gid":39818408,"type":"Construction légère","code_dep":"10","code_insee":"10220"}},{"type":"Feature","id":"batiment.39906846","geometry":{"type":"MultiPolygon","coordinates":[[[[3.78242994,48.50429005],[3.78262349,48.50425971],[3.7826002,48.50419581],[3.78240677,48.50422506],[3.78242994,48.50429005]]]]},"geometry_name":"geom","properties":{"gid":39818409,"type":"Construction légère","code_dep":"10","code_insee":"10220"}},{"type":"Feature","id":"batiment.39906847","geometry":{"type":"MultiPolygon","coordinates":[[[[3.78313715,48.50457003],[3.78307879,48.50436089],[3.78283094,48.50438996],[3.78289165,48.50459351],[3.78313715,48.50457003]]]]},"geometry_name":"geom","properties":{"gid":39818410,"type":"Construction légère","code_dep":"10","code_insee":"10220"}},{"type":"Feature","id":"batiment.39906848","geometry":{"type":"MultiPolygon","coordinates":[[[[3.78240376,48.5029969],[3.78230413,48.50300647],[3.78233875,48.50317681],[3.78235461,48.50318714],[3.78236808,48.50327369],[3.78250783,48.50326719],[3.78244809,48.50300156],[3.78240469,48.50300482],[3.78240376,48.5029969]]]]},"geometry_name":"geom","properties":{"gid":39818411,"type":"Construction légère","code_dep":"10","code_insee":"10220"}},{"type":"Feature","id":"batiment.39906849","geometry":{"type":"MultiPolygon","coordinates":[[[[3.78276744,48.50307359],[3.78265028,48.50306959],[3.78267037,48.50310077],[3.7827668,48.50310337],[3.78276744,48.50307359]]]]},"geometry_name":"geom","properties":{"gid":39818412,"type":"Construction légère","code_dep":"10","code_insee":"10220"}},{"type":"Feature","id":"batiment.39906879","geometry":{"type":"MultiPolygon","coordinates":[[[[3.78256702,48.50323315],[3.78257601,48.50326359],[3.78264724,48.5032562],[3.7826913,48.50325123],[3.78268284,48.50321989],[3.78256702,48.50323315]]]]},"geometry_name":"geom","properties":{"gid":39818442,"type":"Construction légère","code_dep":"10","code_insee":"10220"}},{"type":"Feature","id":"batiment.39906880","geometry":{"type":"MultiPolygon","coordinates":[[[[3.78399238,48.50366584],[3.78397661,48.50367971],[3.78400796,48.50369371],[3.78402141,48.50367887],[3.78399238,48.50366584]]]]},"geometry_name":"geom","properties":{"gid":39818443,"type":"Construction légère","code_dep":"10","code_insee":"10220"}},{"type":"Feature","id":"batiment.39906881","geometry":{"type":"MultiPolygon","coordinates":[[[[3.78406639,48.50433342],[3.78409897,48.50433059],[3.78409461,48.5043102],[3.78406338,48.50431337],[3.78406639,48.50433342]]]]},"geometry_name":"geom","properties":{"gid":39818444,"type":"Construction légère","code_dep":"10","code_insee":"10220"}},{"type":"Feature","id":"batiment.39906882","geometry":{"type":"MultiPolygon","coordinates":[[[[3.78537713,48.50423345],[3.78540874,48.50425618],[3.78542834,48.50424471],[3.78539511,48.50422271],[3.78537713,48.50423345]]]]},"geometry_name":"geom","properties":{"gid":39818445,"type":"Construction légère","code_dep":"10","code_insee":"10220"}},{"type":"Feature","id":"batiment.39906883","geometry":{"type":"MultiPolygon","coordinates":[[[[3.7785328,48.50315242],[3.77857958,48.50313916],[3.77854821,48.50308691],[3.77850306,48.50310025],[3.7785328,48.50315242]]]]},"geometry_name":"geom","properties":{"gid":39818446,"type":"Construction légère","code_dep":"10","code_insee":"10220"}},{"type":"Feature","id":"batiment.39906884","geometry":{"type":"MultiPolygon","coordinates":[[[[3.77852401,48.50302491],[3.77846973,48.50304353],[3.77848399,48.50306502],[3.7785391,48.50304784],[3.77852401,48.50302491]]]]},"geometry_name":"geom","properties":{"gid":39818447,"type":"Construction légère","code_dep":"10","code_insee":"10220"}},{"type":"Feature","id":"batiment.39906885","geometry":{"type":"MultiPolygon","coordinates":[[[[3.77830882,48.50356727],[3.77837121,48.50355687],[3.77836391,48.50353947],[3.77830059,48.5035514],[3.77830882,48.50356727]]]]},"geometry_name":"geom","properties":{"gid":39818448,"type":"Construction légère","code_dep":"10","code_insee":"10220"}},{"type":"Feature","id":"batiment.39906886","geometry":{"type":"MultiPolygon","coordinates":[[[[3.778789,48.50405091],[3.77881821,48.50404856],[3.77881415,48.50402142],[3.77878495,48.50402395],[3.778789,48.50405091]]]]},"geometry_name":"geom","properties":{"gid":39818449,"type":"Construction légère","code_dep":"10","code_insee":"10220"}},{"type":"Feature","id":"batiment.39906887","geometry":{"type":"MultiPolygon","coordinates":[[[[3.77963197,48.50418492],[3.77958966,48.50407031],[3.77955672,48.50407692],[3.77960323,48.50419104],[3.77963197,48.50418492]]]]},"geometry_name":"geom","properties":{"gid":39818450,"type":"Construction légère","code_dep":"10","code_insee":"10220"}},{"type":"Feature","id":"batiment.39906888","geometry":{"type":"MultiPolygon","coordinates":[[[[3.77961731,48.50399987],[3.77965204,48.50399595],[3.77964889,48.50398437],[3.77961363,48.50398883],[3.77961731,48.50399987]]]]},"geometry_name":"geom","properties":{"gid":39818451,"type":"Construction légère","code_dep":"10","code_insee":"10220"}},{"type":"Feature","id":"batiment.39906921","geometry":{"type":"MultiPolygon","coordinates":[[[[3.78000391,48.50406984],[3.78002552,48.50406673],[3.78002032,48.50404436],[3.77999735,48.50404748],[3.78000391,48.50406984]]]]},"geometry_name":"geom","properties":{"gid":39818485,"type":"Construction légère","code_dep":"10","code_insee":"10220"}},{"type":"Feature","id":"batiment.39906922","geometry":{"type":"MultiPolygon","coordinates":[[[[3.77998588,48.50400465],[3.78002195,48.50399919],[3.78001152,48.50396256],[3.77997489,48.50396639],[3.77998588,48.50400465]]]]},"geometry_name":"geom","properties":{"gid":39818486,"type":"Construction légère","code_dep":"10","code_insee":"10220"}},{"type":"Feature","id":"batiment.39906923","geometry":{"type":"MultiPolygon","coordinates":[[[[3.78000043,48.50393618],[3.78004638,48.50393075],[3.78003174,48.50387507],[3.7799854,48.50388086],[3.78000043,48.50393618]]]]},"geometry_name":"geom","properties":{"gid":39818487,"type":"Construction légère","code_dep":"10","code_insee":"10220"}},{"type":"Feature","id":"batiment.39906924","geometry":{"type":"MultiPolygon","coordinates":[[[[3.77978478,48.50471983],[3.77982887,48.50471702],[3.77982299,48.5046763],[3.77977577,48.50467877],[3.77978478,48.50471983]]]]},"geometry_name":"geom","properties":{"gid":39818488,"type":"Construction légère","code_dep":"10","code_insee":"10220"}},{"type":"Feature","id":"batiment.39906925","geometry":{"type":"MultiPolygon","coordinates":[[[[3.78019363,48.50453811],[3.78020012,48.50455561],[3.78030587,48.50453846],[3.78029886,48.50452213],[3.78019363,48.50453811]]]]},"geometry_name":"geom","properties":{"gid":39818489,"type":"Construction légère","code_dep":"10","code_insee":"10220"}},{"type":"Feature","id":"batiment.39906926","geometry":{"type":"MultiPolygon","coordinates":[[[[3.78039936,48.50489887],[3.78039397,48.50482729],[3.78039004,48.50476353],[3.78022108,48.50476338],[3.78022298,48.5048276],[3.78030502,48.50482742],[3.78030868,48.50490018],[3.78039936,48.50489887]]]]},"geometry_name":"geom","properties":{"gid":39818490,"type":"Construction légère","code_dep":"10","code_insee":"10220"}},{"type":"Feature","id":"batiment.39906927","geometry":{"type":"MultiPolygon","coordinates":[[[[3.78004452,48.50488932],[3.78004529,48.50491352],[3.78007169,48.50491361],[3.78007053,48.50489005],[3.78004452,48.50488932]]]]},"geometry_name":"geom","properties":{"gid":39818491,"type":"Construction légère","code_dep":"10","code_insee":"10220"}},{"type":"Feature","id":"batiment.39906928","geometry":{"type":"MultiPolygon","coordinates":[[[[3.77990124,48.50521377],[3.77993655,48.50521264],[3.77993472,48.50518944],[3.77990089,48.5051902],[3.77990124,48.50521377]]]]},"geometry_name":"geom","properties":{"gid":39818492,"type":"Construction légère","code_dep":"10","code_insee":"10220"}},{"type":"Feature","id":"batiment.39906929","geometry":{"type":"MultiPolygon","coordinates":[[[[3.78018012,48.5050769],[3.78025328,48.50507174],[3.78025022,48.50504792],[3.78017624,48.50505264],[3.78018012,48.5050769]]]]},"geometry_name":"geom","properties":{"gid":39818493,"type":"Construction légère","code_dep":"10","code_insee":"10220"}},{"type":"Feature","id":"batiment.39906930","geometry":{"type":"MultiPolygon","coordinates":[[[[3.78052652,48.50533777],[3.78056775,48.50533354],[3.78056511,48.50531107],[3.78052307,48.5053153],[3.78052652,48.50533777]]]]},"geometry_name":"geom","properties":{"gid":39818494,"type":"Construction légère","code_dep":"10","code_insee":"10220"}},{"type":"Feature","id":"batiment.39906966","geometry":{"type":"MultiPolygon","coordinates":[[[[3.78062585,48.50532614],[3.78065503,48.5053219],[3.78065155,48.5052971],[3.78061913,48.5053019],[3.78062585,48.50532614]]]]},"geometry_name":"geom","properties":{"gid":39818531,"type":"Construction légère","code_dep":"10","code_insee":"10220"}},{"type":"Feature","id":"batiment.39906967","geometry":{"type":"MultiPolygon","coordinates":[[[[3.78067535,48.5050499],[3.78061923,48.50505414],[3.78062387,48.50508397],[3.78067996,48.50507776],[3.78067535,48.5050499]]]]},"geometry_name":"geom","properties":{"gid":39818532,"type":"Construction légère","code_dep":"10","code_insee":"10220"}},{"type":"Feature","id":"batiment.39906968","geometry":{"type":"MultiPolygon","coordinates":[[[[3.78224306,48.50477636],[3.78201505,48.50481069],[3.78208221,48.5050294],[3.78231148,48.50499776],[3.78224306,48.50477636]]]]},"geometry_name":"geom","properties":{"gid":39818533,"type":"Construction légère","code_dep":"10","code_insee":"10220"}},{"type":"Feature","id":"batiment.39910054","geometry":{"type":"MultiPolygon","coordinates":[[[[3.80576067,48.51110394],[3.80578038,48.51119683],[3.80581272,48.51119562],[3.80581753,48.51122626],[3.80594852,48.51121269],[3.80592247,48.51108629],[3.80576067,48.51110394]]]]},"geometry_name":"geom","properties":{"gid":39821642,"type":"Bâtiment en dur","code_dep":"10","code_insee":"10220"}},{"type":"Feature","id":"batiment.39910055","geometry":{"type":"MultiPolygon","coordinates":[[[[3.80584488,48.51132342],[3.80589827,48.51131766],[3.8058933,48.51129385],[3.80584084,48.51129862],[3.80584488,48.51132342]]]]},"geometry_name":"geom","properties":{"gid":39821643,"type":"Bâtiment en dur","code_dep":"10","code_insee":"10220"}},{"type":"Feature","id":"batiment.39910056","geometry":{"type":"MultiPolygon","coordinates":[[[[3.80603628,48.51144312],[3.80609114,48.51143636],[3.80608578,48.51140455],[3.80603237,48.51140896],[3.80603628,48.51144312]]]]},"geometry_name":"geom","properties":{"gid":39821644,"type":"Bâtiment en dur","code_dep":"10","code_insee":"10220"}},{"type":"Feature","id":"batiment.39910057","geometry":{"type":"MultiPolygon","coordinates":[[[[3.80596689,48.51183565],[3.80608752,48.51182611],[3.80606428,48.51171471],[3.80607578,48.51171418],[3.80605872,48.51162613],[3.80603857,48.51162744],[3.80601759,48.51161922],[3.80601282,48.51159955],[3.80590965,48.5116087],[3.80592386,48.51167887],[3.80591157,48.5116812],[3.80592192,48.5117289],[3.80593733,48.51172745],[3.80594529,48.51177804],[3.80595786,48.51177697],[3.80596689,48.51183565]]]]},"geometry_name":"geom","properties":{"gid":39821645,"type":"Bâtiment en dur","code_dep":"10","code_insee":"10220"}},{"type":"Feature","id":"batiment.39910058","geometry":{"type":"MultiPolygon","coordinates":[[[[3.80617374,48.51148933],[3.80619343,48.51159004],[3.80628134,48.51158369],[3.80626149,48.51148154],[3.80617374,48.51148933]]]]},"geometry_name":"geom","properties":{"gid":39821646,"type":"Bâtiment en dur","code_dep":"10","code_insee":"10220"}},{"type":"Feature","id":"batiment.39910059","geometry":{"type":"MultiPolygon","coordinates":[[[[3.80625515,48.51128915],[3.80623733,48.51136268],[3.80628491,48.51136641],[3.8062937,48.51141879],[3.80640528,48.51141048],[3.80640055,48.51136715],[3.80648153,48.5113594],[3.80646964,48.5112903],[3.80635998,48.51130022],[3.80625515,48.51128915]]]]},"geometry_name":"geom","properties":{"gid":39821647,"type":"Bâtiment en dur","code_dep":"10","code_insee":"10220"}},{"type":"Feature","id":"batiment.39910060","geometry":{"type":"MultiPolygon","coordinates":[[[[3.80663118,48.51188962],[3.80672128,48.51186706],[3.80669214,48.51177729],[3.80666987,48.51178176],[3.80665998,48.51173739],[3.80660955,48.51174259],[3.80661583,48.51177178],[3.80658771,48.51177503],[3.80663118,48.51188962]]]]},"geometry_name":"geom","properties":{"gid":39821648,"type":"Bâtiment en dur","code_dep":"10","code_insee":"10220"}},{"type":"Feature","id":"batiment.39910098","geometry":{"type":"MultiPolygon","coordinates":[[[[3.80676533,48.51165004],[3.80670218,48.51165541],[3.80671306,48.51172029],[3.80678068,48.5117148],[3.80676533,48.51165004]]]]},"geometry_name":"geom","properties":{"gid":39821686,"type":"Bâtiment en dur","code_dep":"10","code_insee":"10220"}},{"type":"Feature","id":"batiment.39910099","geometry":{"type":"MultiPolygon","coordinates":[[[[3.80677608,48.51164466],[3.80679132,48.51172912],[3.80686043,48.51172397],[3.80684574,48.51163996],[3.80677608,48.51164466]]]]},"geometry_name":"geom","properties":{"gid":39821687,"type":"Bâtiment en dur","code_dep":"10","code_insee":"10220"}},{"type":"Feature","id":"batiment.39910100","geometry":{"type":"MultiPolygon","coordinates":[[[[3.8069964,48.51170766],[3.80699438,48.51169994],[3.80698886,48.51169296],[3.80698038,48.51168744],[3.80696976,48.51168391],[3.8069581,48.51168273],[3.80694634,48.51168407],[3.80693584,48.51168774],[3.80692753,48.51169338],[3.80692222,48.51170043],[3.80692058,48.51170818],[3.80692246,48.51171599],[3.80692798,48.51172297],[3.80693646,48.51172849],[3.80694708,48.51173193],[3.80695888,48.51173311],[3.8069705,48.51173177],[3.80698101,48.51172819],[3.80698931,48.51172256],[3.80699462,48.5117155],[3.8069964,48.51170766]]]]},"geometry_name":"geom","properties":{"gid":39821688,"type":"Bâtiment en dur","code_dep":"10","code_insee":"10220"}},{"type":"Feature","id":"batiment.39910101","geometry":{"type":"MultiPolygon","coordinates":[[[[3.80758792,48.51161755],[3.80754286,48.51146933],[3.80749957,48.51147232],[3.80744901,48.51144181],[3.80747138,48.51141755],[3.80741897,48.51137256],[3.80732998,48.511415],[3.80720752,48.51143715],[3.80722118,48.51148915],[3.80739417,48.51145954],[3.80745117,48.51151205],[3.80748178,48.51162718],[3.80758792,48.51161755]]]]},"geometry_name":"geom","properties":{"gid":39821689,"type":"Bâtiment en dur","code_dep":"10","code_insee":"10220"}},{"type":"Feature","id":"batiment.39910103","geometry":{"type":"MultiPolygon","coordinates":[[[[3.80803175,48.51159915],[3.80827474,48.51156952],[3.80823133,48.51141463],[3.80812362,48.51142769],[3.80813788,48.51149191],[3.80811028,48.51149372],[3.80809659,48.51151028],[3.80809865,48.51152978],[3.80801697,48.51153646],[3.80803175,48.51159915]]]]},"geometry_name":"geom","properties":{"gid":39821691,"type":"Bâtiment en dur","code_dep":"10","code_insee":"10220"}},{"type":"Feature","id":"batiment.39910104","geometry":{"type":"MultiPolygon","coordinates":[[[[3.80515518,48.51131586],[3.80524076,48.51130781],[3.80524065,48.51130035],[3.80529866,48.5112959],[3.8052996,48.51131299],[3.80539654,48.51130361],[3.80537737,48.51118373],[3.80521471,48.51119841],[3.80521779,48.5112225],[3.80513992,48.5112305],[3.80515518,48.51131586]]]]},"geometry_name":"geom","properties":{"gid":39821692,"type":"Bâtiment en dur","code_dep":"10","code_insee":"10220"}},{"type":"Feature","id":"batiment.39910105","geometry":{"type":"MultiPolygon","coordinates":[[[[3.80500311,48.51113831],[3.80501077,48.51117856],[3.8050758,48.51117228],[3.80506855,48.5111322],[3.80500311,48.51113831]]]]},"geometry_name":"geom","properties":{"gid":39821693,"type":"Bâtiment en dur","code_dep":"10","code_insee":"10220"}},{"type":"Feature","id":"batiment.39910106","geometry":{"type":"MultiPolygon","coordinates":[[[[3.80514267,48.51114483],[3.80529738,48.51113281],[3.80529231,48.51110217],[3.80531598,48.51110066],[3.80530712,48.51103504],[3.8052465,48.51103761],[3.80523999,48.51100176],[3.8051437,48.51100907],[3.80515922,48.51111144],[3.80513692,48.5111142],[3.80514267,48.51114483]]]]},"geometry_name":"geom","properties":{"gid":39821694,"type":"Bâtiment en dur","code_dep":"10","code_insee":"10220"}},{"type":"Feature","id":"batiment.39910107","geometry":{"type":"MultiPolygon","coordinates":[[[[3.80518249,48.51093414],[3.80530568,48.51092404],[3.80528663,48.51082044],[3.80519345,48.51082773],[3.80519508,48.51084544],[3.80516843,48.51084742],[3.80518249,48.51093414]]]]},"geometry_name":"geom","properties":{"gid":39821695,"type":"Bâtiment en dur","code_dep":"10","code_insee":"10220"}},{"type":"Feature","id":"batiment.39910108","geometry":{"type":"MultiPolygon","coordinates":[[[[3.80494727,48.51080817],[3.80495431,48.51080812],[3.80496503,48.51086256],[3.80504632,48.51085707],[3.80503529,48.51080019],[3.80499297,48.51080417],[3.80498557,48.51076311],[3.8049396,48.51076702],[3.80494727,48.51080817]]]]},"geometry_name":"geom","properties":{"gid":39821696,"type":"Bâtiment en dur","code_dep":"10","code_insee":"10220"}},{"type":"Feature","id":"batiment.39910148","geometry":{"type":"MultiPolygon","coordinates":[[[[3.80509352,48.51073889],[3.80533706,48.51071871],[3.80532843,48.51065067],[3.80524226,48.51065557],[3.80519722,48.51065875],[3.80508484,48.51066761],[3.80509352,48.51073889]]]]},"geometry_name":"geom","properties":{"gid":39821736,"type":"Bâtiment en dur","code_dep":"10","code_insee":"10220"}},{"type":"Feature","id":"batiment.39910149","geometry":{"type":"MultiPolygon","coordinates":[[[[3.80500065,48.51059882],[3.80518724,48.51058181],[3.80517051,48.51049727],[3.8049827,48.51051447],[3.80500065,48.51059882]]]]},"geometry_name":"geom","properties":{"gid":39821737,"type":"Bâtiment en dur","code_dep":"10","code_insee":"10220"}},{"type":"Feature","id":"batiment.39910150","geometry":{"type":"MultiPolygon","coordinates":[[[[3.80494202,48.5104309],[3.80503353,48.51042083],[3.80500673,48.51029767],[3.80491399,48.51030703],[3.80494202,48.5104309]]]]},"geometry_name":"geom","properties":{"gid":39821738,"type":"Bâtiment en dur","code_dep":"10","code_insee":"10220"}},{"type":"Feature","id":"batiment.39910151","geometry":{"type":"MultiPolygon","coordinates":[[[[3.8052165,48.51039728],[3.80531062,48.51038999],[3.80530446,48.51034172],[3.80520884,48.51034848],[3.8052165,48.51039728]]]]},"geometry_name":"geom","properties":{"gid":39821739,"type":"Bâtiment en dur","code_dep":"10","code_insee":"10220"}},{"type":"Feature","id":"batiment.39910152","geometry":{"type":"MultiPolygon","coordinates":[[[[3.80022858,48.51300301],[3.80029726,48.51299625],[3.80031252,48.51306452],[3.80058503,48.51302535],[3.8005482,48.51282121],[3.80045853,48.51282775],[3.80047019,48.51289118],[3.80048494,48.51289036],[3.80049537,48.51295282],[3.80029389,48.51297945],[3.80028645,48.51294478],[3.80021277,48.51295202],[3.80022858,48.51300301]]]]},"geometry_name":"geom","properties":{"gid":39821740,"type":"Bâtiment en dur","code_dep":"10","code_insee":"10220"}},{"type":"Feature","id":"batiment.39910153","geometry":{"type":"MultiPolygon","coordinates":[[[[3.80078853,48.51281221],[3.80089387,48.51278523],[3.80088001,48.51276418],[3.80097868,48.51273509],[3.80093058,48.51266173],[3.80073342,48.5127228],[3.80078853,48.51281221]]]]},"geometry_name":"geom","properties":{"gid":39821741,"type":"Bâtiment en dur","code_dep":"10","code_insee":"10220"}},{"type":"Feature","id":"batiment.39910154","geometry":{"type":"MultiPolygon","coordinates":[[[[3.80119392,48.51264305],[3.80144125,48.51260458],[3.80139522,48.51247202],[3.80114613,48.5125104],[3.80119392,48.51264305]]]]},"geometry_name":"geom","properties":{"gid":39821742,"type":"Bâtiment en dur","code_dep":"10","code_insee":"10220"}},{"type":"Feature","id":"batiment.39910155","geometry":{"type":"MultiPolygon","coordinates":[[[[3.80134491,48.51289248],[3.80157409,48.51285306],[3.8016967,48.51283137],[3.80167644,48.51277285],[3.80156246,48.51279215],[3.80138651,48.51282356],[3.80139648,48.51285579],[3.80133869,48.51286635],[3.80134491,48.51289248]]]]},"geometry_name":"geom","properties":{"gid":39821743,"type":"Bâtiment en dur","code_dep":"10","code_insee":"10220"}},{"type":"Feature","id":"batiment.39910196","geometry":{"type":"MultiPolygon","coordinates":[[[[3.8047949,48.51222585],[3.8049671,48.51220624],[3.80494694,48.51211902],[3.80489959,48.51212213],[3.80487682,48.5120235],[3.8047406,48.51204017],[3.8047949,48.51222585]]]]},"geometry_name":"geom","properties":{"gid":39821783,"type":"Bâtiment en dur","code_dep":"10","code_insee":"10220"}},{"type":"Feature","id":"batiment.39910197","geometry":{"type":"MultiPolygon","coordinates":[[[[3.80533003,48.51214836],[3.80528967,48.51202431],[3.80516886,48.51203061],[3.80519701,48.51216231],[3.80533003,48.51214836]]]]},"geometry_name":"geom","properties":{"gid":39821784,"type":"Bâtiment en dur","code_dep":"10","code_insee":"10220"}},{"type":"Feature","id":"batiment.39910198","geometry":{"type":"MultiPolygon","coordinates":[[[[3.8054499,48.51213343],[3.80554877,48.51212673],[3.80551813,48.51194737],[3.80542824,48.51195715],[3.8054499,48.51213343]]]]},"geometry_name":"geom","properties":{"gid":39821785,"type":"Bâtiment en dur","code_dep":"10","code_insee":"10220"}},{"type":"Feature","id":"batiment.39910199","geometry":{"type":"MultiPolygon","coordinates":[[[[3.80507546,48.51190008],[3.80515198,48.5118929],[3.80514419,48.51186156],[3.80506726,48.51186865],[3.80507546,48.51190008]]]]},"geometry_name":"geom","properties":{"gid":39821786,"type":"Bâtiment en dur","code_dep":"10","code_insee":"10220"}},{"type":"Feature","id":"batiment.39910201","geometry":{"type":"MultiPolygon","coordinates":[[[[3.80559083,48.51185862],[3.80551536,48.5118639],[3.80552457,48.51191683],[3.80559923,48.51191182],[3.80559083,48.51185862]]]]},"geometry_name":"geom","properties":{"gid":39821788,"type":"Bâtiment en dur","code_dep":"10","code_insee":"10220"}},{"type":"Feature","id":"batiment.39910202","geometry":{"type":"MultiPolygon","coordinates":[[[[3.80542207,48.511829],[3.80552707,48.51181542],[3.80550282,48.51164691],[3.80539315,48.51165593],[3.80542207,48.511829]]]]},"geometry_name":"geom","properties":{"gid":39821789,"type":"Bâtiment en dur","code_dep":"10","code_insee":"10220"}},{"type":"Feature","id":"batiment.39910203","geometry":{"type":"MultiPolygon","coordinates":[[[[3.80531111,48.5115864],[3.80543732,48.51157853],[3.80543,48.51153405],[3.80544704,48.51153249],[3.80542692,48.51143034],[3.80530277,48.51143964],[3.8053168,48.51153346],[3.80530341,48.51153454],[3.80531111,48.5115864]]]]},"geometry_name":"geom","properties":{"gid":39821790,"type":"Bâtiment en dur","code_dep":"10","code_insee":"10220"}},{"type":"Feature","id":"batiment.39910204","geometry":{"type":"MultiPolygon","coordinates":[[[[3.80451971,48.51145439],[3.80452943,48.51148797],[3.80459325,48.51148232],[3.80458813,48.51144853],[3.80451971,48.51145439]]]]},"geometry_name":"geom","properties":{"gid":39821791,"type":"Bâtiment en dur","code_dep":"10","code_insee":"10220"}},{"type":"Feature","id":"batiment.39910205","geometry":{"type":"MultiPolygon","coordinates":[[[[3.80473572,48.51143988],[3.80487141,48.51142376],[3.8048479,48.511312],[3.80470785,48.51132627],[3.80473572,48.51143988]]]]},"geometry_name":"geom","properties":{"gid":39821792,"type":"Bâtiment en dur","code_dep":"10","code_insee":"10220"}},{"type":"Feature","id":"batiment.39910206","geometry":{"type":"MultiPolygon","coordinates":[[[[3.80473037,48.51126755],[3.80483569,48.51125775],[3.80481388,48.51115975],[3.80470923,48.51116945],[3.80473037,48.51126755]]]]},"geometry_name":"geom","properties":{"gid":39821793,"type":"Bâtiment en dur","code_dep":"10","code_insee":"10220"}},{"type":"Feature","id":"batiment.39910243","geometry":{"type":"MultiPolygon","coordinates":[[[[3.80466533,48.51110534],[3.80483408,48.51109079],[3.80481292,48.51099125],[3.80471098,48.51100076],[3.80470178,48.51101018],[3.80471193,48.5110631],[3.8046577,48.51106706],[3.80466533,48.51110534]]]]},"geometry_name":"geom","properties":{"gid":39821833,"type":"Bâtiment en dur","code_dep":"10","code_insee":"10220"}},{"type":"Feature","id":"batiment.39910244","geometry":{"type":"MultiPolygon","coordinates":[[[[3.8045873,48.51093529],[3.80461747,48.51093365],[3.80461996,48.51094569],[3.80475328,48.51093381],[3.80473479,48.51084082],[3.80460254,48.51085197],[3.80460439,48.51086654],[3.80457423,48.51086854],[3.8045873,48.51093529]]]]},"geometry_name":"geom","properties":{"gid":39821834,"type":"Bâtiment en dur","code_dep":"10","code_insee":"10220"}},{"type":"Feature","id":"batiment.39910246","geometry":{"type":"MultiPolygon","coordinates":[[[[3.80455361,48.51072474],[3.80460986,48.51071986],[3.80462429,48.5107777],[3.80473836,48.51076469],[3.80471547,48.51065797],[3.80459446,48.51066913],[3.80459862,48.51068449],[3.80454536,48.51069007],[3.80455361,48.51072474]]]]},"geometry_name":"geom","properties":{"gid":39821836,"type":"Bâtiment en dur","code_dep":"10","code_insee":"10220"}},{"type":"Feature","id":"batiment.39910247","geometry":{"type":"MultiPolygon","coordinates":[[[[3.80431781,48.51067577],[3.8042878,48.51067868],[3.80430702,48.51074953],[3.80434044,48.51074804],[3.80431781,48.51067577]]]]},"geometry_name":"geom","properties":{"gid":39821837,"type":"Bâtiment en dur","code_dep":"10","code_insee":"10220"}},{"type":"Feature","id":"batiment.39910248","geometry":{"type":"MultiPolygon","coordinates":[[[[3.80453197,48.51059408],[3.80453048,48.51061154],[3.80465812,48.51060033],[3.80464113,48.5104987],[3.80451321,48.51050982],[3.80451854,48.51053947],[3.80447878,48.51054226],[3.80448856,48.51059761],[3.80453197,48.51059408]]]]},"geometry_name":"geom","properties":{"gid":39821838,"type":"Bâtiment en dur","code_dep":"10","code_insee":"10220"}},{"type":"Feature","id":"batiment.39910249","geometry":{"type":"MultiPolygon","coordinates":[[[[3.80445535,48.51046244],[3.80461307,48.51044392],[3.80459837,48.510368],[3.80443856,48.51038267],[3.80445535,48.51046244]]]]},"geometry_name":"geom","properties":{"gid":39821839,"type":"Bâtiment en dur","code_dep":"10","code_insee":"10220"}},{"type":"Feature","id":"batiment.39910250","geometry":{"type":"MultiPolygon","coordinates":[[[[3.8030151,48.50075559],[3.80317596,48.50074911],[3.80317472,48.50066869],[3.80300683,48.50067531],[3.8030151,48.50075559]]]]},"geometry_name":"geom","properties":{"gid":39821840,"type":"Bâtiment en dur","code_dep":"10","code_insee":"10220"}},{"type":"Feature","id":"batiment.39910251","geometry":{"type":"MultiPolygon","coordinates":[[[[3.79931451,48.50123036],[3.79927777,48.50129773],[3.79917198,48.50127577],[3.79904903,48.50154055],[3.79922851,48.50158324],[3.79910094,48.5018378],[3.79929373,48.50188346],[3.79916748,48.50214449],[3.79934078,48.50219028],[3.79925732,48.50235458],[3.79935405,48.50237759],[3.79933615,48.50241945],[3.79942083,48.50244218],[3.79939799,48.50248884],[3.79926737,48.5027481],[3.79938027,48.50277442],[3.79947144,48.50279648],[3.79932364,48.50305567],[3.79951107,48.5031046],[3.79937105,48.50335987],[3.8004457,48.50358295],[3.80058813,48.50334412],[3.80090963,48.50341393],[3.80093123,48.50354315],[3.80114389,48.50353263],[3.80099359,48.50261736],[3.80078533,48.50263154],[3.80086187,48.50310504],[3.80035478,48.50299178],[3.8003563,48.50298493],[3.80048371,48.50272929],[3.80030537,48.50268129],[3.80038435,48.50251666],[3.80028979,48.50249463],[3.8003119,48.50245282],[3.800235,48.50243454],[3.80025769,48.50238653],[3.80038133,48.50212345],[3.80027442,48.50209934],[3.80019254,48.50208253],[3.80031888,48.50181862],[3.800127,48.50177071],[3.80024103,48.50151606],[3.8001474,48.50149312],[3.8001763,48.50142608],[3.79931451,48.50123036]]]]},"geometry_name":"geom","properties":{"gid":39821841,"type":"Bâtiment en dur","code_dep":"10","code_insee":"10220"}},{"type":"Feature","id":"batiment.39910252","geometry":{"type":"MultiPolygon","coordinates":[[[[3.8007064,48.50191281],[3.80112034,48.50188393],[3.80108379,48.50166251],[3.8014942,48.50163302],[3.80141353,48.5010928],[3.8010642,48.50111521],[3.80106026,48.50109608],[3.80106386,48.50109272],[3.80107004,48.50108962],[3.80107588,48.50108212],[3.80107794,48.50107527],[3.80107595,48.50106916],[3.80107247,48.50106271],[3.80106592,48.50105924],[3.80105519,48.50105707],[3.80104248,48.50105778],[3.80102863,48.50106381],[3.80102373,48.50107131],[3.80102357,48.50107815],[3.8010268,48.50108596],[3.80103704,48.50109192],[3.80104092,48.50111528],[3.80058646,48.50114983],[3.8007064,48.50191281]]]]},"geometry_name":"geom","properties":{"gid":39821842,"type":"Bâtiment en dur","code_dep":"10","code_insee":"10220"}},{"type":"Feature","id":"batiment.39910253","geometry":{"type":"MultiPolygon","coordinates":[[[[3.80165665,48.50127846],[3.80180902,48.50126547],[3.80190315,48.50185319],[3.80329836,48.50175048],[3.80326531,48.50155476],[3.8023165,48.50162693],[3.80231364,48.50160797],[3.8022351,48.50161507],[3.80217507,48.50121298],[3.80230203,48.5012024],[3.80229627,48.50117104],[3.80219688,48.50117819],[3.80217162,48.50104009],[3.80194092,48.50105613],[3.80193952,48.50103554],[3.8018534,48.50104269],[3.80185723,48.5010629],[3.80162546,48.5010803],[3.80165665,48.50127846]]]]},"geometry_name":"geom","properties":{"gid":39821843,"type":"Bâtiment en dur","code_dep":"10","code_insee":"10220"}},{"type":"Feature","id":"batiment.39910297","geometry":{"type":"MultiPolygon","coordinates":[[[[3.80239865,48.50148352],[3.80276571,48.50146151],[3.80276003,48.50140838],[3.80293905,48.50139485],[3.80293395,48.50136187],[3.80300101,48.50135683],[3.80300546,48.50139071],[3.80316522,48.50138325],[3.80318333,48.50136387],[3.80316547,48.50121357],[3.80313539,48.50120352],[3.80298769,48.50121144],[3.80299045,48.50125902],[3.80292188,48.50126308],[3.80290355,48.50114472],[3.8027268,48.50115689],[3.80273087,48.50120122],[3.80273311,48.50121541],[3.80269054,48.50121984],[3.80265939,48.50124569],[3.80266343,48.50127949],[3.80263721,48.50128237],[3.80256137,48.50128891],[3.80255924,48.50123818],[3.80236152,48.50125076],[3.80239865,48.50148352]]]]},"geometry_name":"geom","properties":{"gid":39821887,"type":"Bâtiment en dur","code_dep":"10","code_insee":"10220"}},{"type":"Feature","id":"batiment.39910298","geometry":{"type":"MultiPolygon","coordinates":[[[[3.80259376,48.50227406],[3.8030041,48.50223971],[3.80296612,48.50203125],[3.80255684,48.50206361],[3.80256638,48.50211231],[3.80259376,48.50227406]]]]},"geometry_name":"geom","properties":{"gid":39821888,"type":"Bâtiment en dur","code_dep":"10","code_insee":"10220"}},{"type":"Feature","id":"batiment.39910299","geometry":{"type":"MultiPolygon","coordinates":[[[[3.8027218,48.50254623],[3.80306027,48.50251327],[3.80303521,48.50239685],[3.80269606,48.50243017],[3.8027218,48.50254623]]]]},"geometry_name":"geom","properties":{"gid":39821889,"type":"Bâtiment en dur","code_dep":"10","code_insee":"10220"}},{"type":"Feature","id":"batiment.39910300","geometry":{"type":"MultiPolygon","coordinates":[[[[3.80399125,48.50342343],[3.80448077,48.50337865],[3.804452,48.50324183],[3.80408539,48.50327642],[3.80402337,48.50297493],[3.80397915,48.5029781],[3.80392493,48.50298252],[3.80391827,48.50294559],[3.80391585,48.50292896],[3.80384567,48.50293403],[3.80387046,48.50305855],[3.80383164,48.50306115],[3.80387343,48.50329693],[3.80396493,48.50328696],[3.80399125,48.50342343]]]]},"geometry_name":"geom","properties":{"gid":39821890,"type":"Bâtiment en dur","code_dep":"10","code_insee":"10220"}},{"type":"Feature","id":"batiment.39910301","geometry":{"type":"MultiPolygon","coordinates":[[[[3.80397225,48.50260714],[3.80423524,48.5025952],[3.80422346,48.50240986],[3.80395978,48.50242073],[3.80397225,48.50260714]]]]},"geometry_name":"geom","properties":{"gid":39821891,"type":"Bâtiment en dur","code_dep":"10","code_insee":"10220"}},{"type":"Feature","id":"batiment.39910302","geometry":{"type":"MultiPolygon","coordinates":[[[[3.80435896,48.50266507],[3.80461637,48.50265172],[3.80458905,48.50243221],[3.80433474,48.502445],[3.80435896,48.50266507]]]]},"geometry_name":"geom","properties":{"gid":39821892,"type":"Bâtiment en dur","code_dep":"10","code_insee":"10220"}},{"type":"Feature","id":"batiment.39910303","geometry":{"type":"MultiPolygon","coordinates":[[[[3.80515874,48.50152548],[3.80562276,48.50149651],[3.80557385,48.5011504],[3.80556532,48.50109702],[3.80523906,48.50112262],[3.80523211,48.50108425],[3.80521611,48.5010033],[3.8050747,48.50101533],[3.80515874,48.50152548]]]]},"geometry_name":"geom","properties":{"gid":39821893,"type":"Bâtiment en dur","code_dep":"10","code_insee":"10220"}},{"type":"Feature","id":"batiment.39910304","geometry":{"type":"MultiPolygon","coordinates":[[[[3.80567789,48.51125042],[3.80565017,48.51125277],[3.80565289,48.51128001],[3.80568291,48.51127738],[3.80567789,48.51125042]]]]},"geometry_name":"geom","properties":{"gid":39821894,"type":"Construction légère","code_dep":"10","code_insee":"10220"}},{"type":"Feature","id":"batiment.39910305","geometry":{"type":"MultiPolygon","coordinates":[[[[3.80601282,48.51159955],[3.80601759,48.51161922],[3.80603857,48.51162744],[3.80605872,48.51162613],[3.80605326,48.51159693],[3.80601282,48.51159955]]]]},"geometry_name":"geom","properties":{"gid":39821895,"type":"Construction légère","code_dep":"10","code_insee":"10220"}},{"type":"Feature","id":"batiment.39910379","geometry":{"type":"MultiPolygon","coordinates":[[[[3.80686043,48.51172397],[3.80679132,48.51172912],[3.80679941,48.51177045],[3.80686864,48.51176431],[3.80686043,48.51172397]]]]},"geometry_name":"geom","properties":{"gid":39821975,"type":"Construction légère","code_dep":"10","code_insee":"10220"}},{"type":"Feature","id":"batiment.39910380","geometry":{"type":"MultiPolygon","coordinates":[[[[3.80720752,48.51143715],[3.80732998,48.511415],[3.80741897,48.51137256],[3.80738893,48.51134775],[3.80731324,48.51138254],[3.80719599,48.51140916],[3.80720752,48.51143715]]]]},"geometry_name":"geom","properties":{"gid":39821976,"type":"Construction légère","code_dep":"10","code_insee":"10220"}},{"type":"Feature","id":"batiment.39910381","geometry":{"type":"MultiPolygon","coordinates":[[[[3.80801697,48.51153646],[3.80798871,48.51153863],[3.80800404,48.51160213],[3.80803175,48.51159915],[3.80801697,48.51153646]]]]},"geometry_name":"geom","properties":{"gid":39821977,"type":"Construction légère","code_dep":"10","code_insee":"10220"}},{"type":"Feature","id":"batiment.39910382","geometry":{"type":"MultiPolygon","coordinates":[[[[3.80519722,48.51065875],[3.80524226,48.51065557],[3.80524029,48.510642],[3.80523251,48.51063773],[3.80520248,48.51063974],[3.80519703,48.51064607],[3.80519722,48.51065875]]]]},"geometry_name":"geom","properties":{"gid":39821978,"type":"Construction légère","code_dep":"10","code_insee":"10220"}},{"type":"Feature","id":"batiment.39910383","geometry":{"type":"MultiPolygon","coordinates":[[[[3.80089387,48.51278523],[3.80099253,48.5127556],[3.80097868,48.51273509],[3.80088001,48.51276418],[3.80089387,48.51278523]]]]},"geometry_name":"geom","properties":{"gid":39821979,"type":"Construction légère","code_dep":"10","code_insee":"10220"}},{"type":"Feature","id":"batiment.39910385","geometry":{"type":"MultiPolygon","coordinates":[[[[3.8046577,48.51106706],[3.80471193,48.5110631],[3.80470178,48.51101018],[3.8046492,48.51101593],[3.8046577,48.51106706]]]]},"geometry_name":"geom","properties":{"gid":39821981,"type":"Construction légère","code_dep":"10","code_insee":"10220"}},{"type":"Feature","id":"batiment.39910386","geometry":{"type":"MultiPolygon","coordinates":[[[[3.79925732,48.50235458],[3.79921209,48.50244277],[3.79939799,48.50248884],[3.79942083,48.50244218],[3.79933615,48.50241945],[3.79935405,48.50237759],[3.79925732,48.50235458]]]]},"geometry_name":"geom","properties":{"gid":39821982,"type":"Construction légère","code_dep":"10","code_insee":"10220"}},{"type":"Feature","id":"batiment.39910387","geometry":{"type":"MultiPolygon","coordinates":[[[[3.80025769,48.50238653],[3.800235,48.50243454],[3.8003119,48.50245282],[3.80028979,48.50249463],[3.80038435,48.50251666],[3.80042934,48.50243107],[3.80025769,48.50238653]]]]},"geometry_name":"geom","properties":{"gid":39821983,"type":"Construction légère","code_dep":"10","code_insee":"10220"}},{"type":"Feature","id":"batiment.39910388","geometry":{"type":"MultiPolygon","coordinates":[[[[3.80116399,48.50358989],[3.80120713,48.50358726],[3.80119757,48.50353739],[3.80115618,48.50353956],[3.80116399,48.50358989]]]]},"geometry_name":"geom","properties":{"gid":39821984,"type":"Construction légère","code_dep":"10","code_insee":"10220"}},{"type":"Feature","id":"batiment.39910429","geometry":{"type":"MultiPolygon","coordinates":[[[[3.80263721,48.50128237],[3.80266343,48.50127949],[3.80265939,48.50124569],[3.80269054,48.50121984],[3.80273311,48.50121541],[3.80273087,48.50120122],[3.802673,48.5012061],[3.80263295,48.50124245],[3.80263721,48.50128237]]]]},"geometry_name":"geom","properties":{"gid":39822025,"type":"Construction légère","code_dep":"10","code_insee":"10220"}},{"type":"Feature","id":"batiment.39910430","geometry":{"type":"MultiPolygon","coordinates":[[[[3.80227214,48.50230232],[3.80259376,48.50227406],[3.80256638,48.50211231],[3.80224325,48.50213959],[3.80227214,48.50230232]]]]},"geometry_name":"geom","properties":{"gid":39822026,"type":"Construction légère","code_dep":"10","code_insee":"10220"}},{"type":"Feature","id":"batiment.39910431","geometry":{"type":"MultiPolygon","coordinates":[[[[3.80391827,48.50294559],[3.80392493,48.50298252],[3.80397915,48.5029781],[3.80397883,48.50296614],[3.80397508,48.50295987],[3.80396682,48.50295111],[3.8039574,48.5029455],[3.80394545,48.50294352],[3.80391827,48.50294559]]]]},"geometry_name":"geom","properties":{"gid":39822027,"type":"Construction légère","code_dep":"10","code_insee":"10220"}},{"type":"Feature","id":"batiment.39910432","geometry":{"type":"MultiPolygon","coordinates":[[[[3.80523211,48.50108425],[3.80523906,48.50112262],[3.80556532,48.50109702],[3.80555874,48.50105622],[3.80523211,48.50108425]]]]},"geometry_name":"geom","properties":{"gid":39822028,"type":"Construction légère","code_dep":"10","code_insee":"10220"}},{"type":"Feature","id":"batiment.39910433","geometry":{"type":"MultiPolygon","coordinates":[[[[3.80523227,48.50075057],[3.8052758,48.50074722],[3.80527266,48.50072772],[3.80522886,48.50073161],[3.80523227,48.50075057]]]]},"geometry_name":"geom","properties":{"gid":39822029,"type":"Construction légère","code_dep":"10","code_insee":"10220"}},{"type":"Feature","id":"batiment.39911882","geometry":{"type":"MultiPolygon","coordinates":[[[[3.79384991,48.49984153],[3.79395178,48.49983734],[3.79394983,48.49977105],[3.79385108,48.49977585],[3.79384991,48.49984153]]]]},"geometry_name":"geom","properties":{"gid":39823490,"type":"Bâtiment en dur","code_dep":"10","code_insee":"10220"}},{"type":"Feature","id":"batiment.39911883","geometry":{"type":"MultiPolygon","coordinates":[[[[3.791847,48.50065827],[3.79184986,48.50067696],[3.79189179,48.50067497],[3.79188978,48.50065852],[3.79188673,48.50063596],[3.79184508,48.50063867],[3.791847,48.50065827]]]]},"geometry_name":"geom","properties":{"gid":39823491,"type":"Bâtiment en dur","code_dep":"10","code_insee":"10220"}},{"type":"Feature","id":"batiment.39911884","geometry":{"type":"MultiPolygon","coordinates":[[[[3.79176733,48.50047401],[3.79188218,48.50046884],[3.79186509,48.50036775],[3.79175351,48.50037452],[3.79176733,48.50047401]]]]},"geometry_name":"geom","properties":{"gid":39823492,"type":"Bâtiment en dur","code_dep":"10","code_insee":"10220"}},{"type":"Feature","id":"batiment.39911885","geometry":{"type":"MultiPolygon","coordinates":[[[[3.79171793,48.49967646],[3.7918272,48.49966898],[3.79180982,48.49955808],[3.79169366,48.49956569],[3.79171793,48.49967646]]]]},"geometry_name":"geom","properties":{"gid":39823493,"type":"Bâtiment en dur","code_dep":"10","code_insee":"10220"}},{"type":"Feature","id":"batiment.39911886","geometry":{"type":"MultiPolygon","coordinates":[[[[3.79197014,48.49939031],[3.7919199,48.49938921],[3.79193596,48.49948428],[3.79198614,48.49948152],[3.79197014,48.49939031]]]]},"geometry_name":"geom","properties":{"gid":39823494,"type":"Bâtiment en dur","code_dep":"10","code_insee":"10220"}},{"type":"Feature","id":"batiment.39911888","geometry":{"type":"MultiPolygon","coordinates":[[[[3.79165188,48.49948842],[3.79176236,48.49948094],[3.79175172,48.49938583],[3.79163347,48.49938958],[3.79165188,48.49948842]]]]},"geometry_name":"geom","properties":{"gid":39823496,"type":"Bâtiment en dur","code_dep":"10","code_insee":"10220"}},{"type":"Feature","id":"batiment.39911928","geometry":{"type":"MultiPolygon","coordinates":[[[[3.79150977,48.4993376],[3.79151759,48.49937155],[3.79161878,48.49936692],[3.79161681,48.49933509],[3.79150977,48.4993376]]]]},"geometry_name":"geom","properties":{"gid":39823536,"type":"Bâtiment en dur","code_dep":"10","code_insee":"10220"}},{"type":"Feature","id":"batiment.39911929","geometry":{"type":"MultiPolygon","coordinates":[[[[3.79161276,48.49923705],[3.79172975,48.49923007],[3.79170837,48.49909652],[3.79170281,48.49903287],[3.7916162,48.4990347],[3.79161821,48.49905133],[3.79158953,48.49905215],[3.79161276,48.49923705]]]]},"geometry_name":"geom","properties":{"gid":39823537,"type":"Bâtiment en dur","code_dep":"10","code_insee":"10220"}},{"type":"Feature","id":"batiment.39911930","geometry":{"type":"MultiPolygon","coordinates":[[[[3.79187714,48.49913003],[3.7919165,48.49912824],[3.79190504,48.49905959],[3.79186527,48.49906093],[3.79187714,48.49913003]]]]},"geometry_name":"geom","properties":{"gid":39823538,"type":"Bâtiment en dur","code_dep":"10","code_insee":"10220"}},{"type":"Feature","id":"batiment.39911931","geometry":{"type":"MultiPolygon","coordinates":[[[[3.79180678,48.49893501],[3.7918083,48.49896352],[3.79188822,48.49895804],[3.79188276,48.4989283],[3.79180678,48.49893501]]]]},"geometry_name":"geom","properties":{"gid":39823539,"type":"Bâtiment en dur","code_dep":"10","code_insee":"10220"}},{"type":"Feature","id":"batiment.39911932","geometry":{"type":"MultiPolygon","coordinates":[[[[3.79147229,48.49877315],[3.79150928,48.49890128],[3.79161996,48.49888867],[3.79160656,48.49883523],[3.79158583,48.49876231],[3.79147229,48.49877315]]]]},"geometry_name":"geom","properties":{"gid":39823540,"type":"Bâtiment en dur","code_dep":"10","code_insee":"10220"}},{"type":"Feature","id":"batiment.39911933","geometry":{"type":"MultiPolygon","coordinates":[[[[3.79186387,48.49867248],[3.79186864,48.49870141],[3.79195397,48.49869581],[3.79194365,48.49866682],[3.79186387,48.49867248]]]]},"geometry_name":"geom","properties":{"gid":39823541,"type":"Bâtiment en dur","code_dep":"10","code_insee":"10220"}},{"type":"Feature","id":"batiment.39911934","geometry":{"type":"MultiPolygon","coordinates":[[[[3.79106454,48.49903163],[3.79118406,48.49902247],[3.79117377,48.49893248],[3.7910569,48.49893794],[3.79106454,48.49903163]]]]},"geometry_name":"geom","properties":{"gid":39823542,"type":"Bâtiment en dur","code_dep":"10","code_insee":"10220"}},{"type":"Feature","id":"batiment.39911935","geometry":{"type":"MultiPolygon","coordinates":[[[[3.79070753,48.4990825],[3.79085778,48.49907304],[3.79085661,48.49902249],[3.79070079,48.49903054],[3.79070753,48.4990825]]]]},"geometry_name":"geom","properties":{"gid":39823543,"type":"Bâtiment en dur","code_dep":"10","code_insee":"10220"}},{"type":"Feature","id":"batiment.39911937","geometry":{"type":"MultiPolygon","coordinates":[[[[3.79115872,48.49944268],[3.79120119,48.49943979],[3.79119676,48.49940644],[3.79115711,48.49940778],[3.79115872,48.49944268]]]]},"geometry_name":"geom","properties":{"gid":39823545,"type":"Bâtiment en dur","code_dep":"10","code_insee":"10220"}},{"type":"Feature","id":"batiment.39911938","geometry":{"type":"MultiPolygon","coordinates":[[[[3.79150281,48.50022253],[3.79149376,48.50016987],[3.7914548,48.50017148],[3.79146441,48.5002253],[3.79150281,48.50022253]]]]},"geometry_name":"geom","properties":{"gid":39823546,"type":"Bâtiment en dur","code_dep":"10","code_insee":"10220"}},{"type":"Feature","id":"batiment.39911979","geometry":{"type":"MultiPolygon","coordinates":[[[[3.79079406,48.50054842],[3.79081428,48.50059686],[3.79099519,48.50058262],[3.79098378,48.50051684],[3.79097945,48.50049006],[3.79089738,48.50049663],[3.79089693,48.50046722],[3.79089412,48.50045158],[3.79096836,48.50044596],[3.79095138,48.50035242],[3.79090581,48.50035542],[3.79086402,48.50035831],[3.79084969,48.50027006],[3.79089013,48.50026718],[3.79091219,48.50026704],[3.79090606,48.50021076],[3.79082018,48.50021565],[3.79082608,48.50026581],[3.79069721,48.50027539],[3.79070572,48.50032815],[3.79074361,48.50032708],[3.79074807,48.50036259],[3.79066071,48.5003683],[3.7906724,48.50044361],[3.79068692,48.50045485],[3.79070533,48.50055342],[3.79079406,48.50054842]]]]},"geometry_name":"geom","properties":{"gid":39823585,"type":"Bâtiment en dur","code_dep":"10","code_insee":"10220"}},{"type":"Feature","id":"batiment.39911980","geometry":{"type":"MultiPolygon","coordinates":[[[[3.79064723,48.50050693],[3.79061909,48.50036426],[3.79057864,48.50036624],[3.79060691,48.50050819],[3.79064723,48.50050693]]]]},"geometry_name":"geom","properties":{"gid":39823586,"type":"Bâtiment en dur","code_dep":"10","code_insee":"10220"}},{"type":"Feature","id":"batiment.39911981","geometry":{"type":"MultiPolygon","coordinates":[[[[3.78526005,48.50092438],[3.78526918,48.50098234],[3.78532112,48.50097975],[3.78531399,48.50091934],[3.78526005,48.50092438]]]]},"geometry_name":"geom","properties":{"gid":39823587,"type":"Bâtiment en dur","code_dep":"10","code_insee":"10220"}},{"type":"Feature","id":"batiment.39911982","geometry":{"type":"MultiPolygon","coordinates":[[[[3.78553949,48.5010079],[3.78553377,48.50094209],[3.78542066,48.50094643],[3.78541972,48.50088338],[3.78535126,48.50088581],[3.78535831,48.50101333],[3.78553949,48.5010079]]]]},"geometry_name":"geom","properties":{"gid":39823588,"type":"Bâtiment en dur","code_dep":"10","code_insee":"10220"}},{"type":"Feature","id":"batiment.39911983","geometry":{"type":"MultiPolygon","coordinates":[[[[3.78508288,48.50109828],[3.78518857,48.50109605],[3.7851775,48.50098952],[3.78507165,48.50099021],[3.78508288,48.50109828]]]]},"geometry_name":"geom","properties":{"gid":39823589,"type":"Bâtiment en dur","code_dep":"10","code_insee":"10220"}},{"type":"Feature","id":"batiment.39911984","geometry":{"type":"MultiPolygon","coordinates":[[[[3.78436479,48.50104787],[3.78448846,48.50109824],[3.78455149,48.50103072],[3.7844278,48.50097908],[3.78436479,48.50104787]]]]},"geometry_name":"geom","properties":{"gid":39823590,"type":"Bâtiment en dur","code_dep":"10","code_insee":"10220"}},{"type":"Feature","id":"batiment.39911985","geometry":{"type":"MultiPolygon","coordinates":[[[[3.78430192,48.50097128],[3.78436752,48.50095825],[3.78433298,48.50085763],[3.78426329,48.5008687],[3.78430192,48.50097128]]]]},"geometry_name":"geom","properties":{"gid":39823591,"type":"Bâtiment en dur","code_dep":"10","code_insee":"10220"}},{"type":"Feature","id":"batiment.39911986","geometry":{"type":"MultiPolygon","coordinates":[[[[3.78423715,48.50080437],[3.78455439,48.50074542],[3.78453161,48.50066083],[3.78420665,48.50072919],[3.78423715,48.50080437]]]]},"geometry_name":"geom","properties":{"gid":39823592,"type":"Bâtiment en dur","code_dep":"10","code_insee":"10220"}},{"type":"Feature","id":"batiment.39911987","geometry":{"type":"MultiPolygon","coordinates":[[[[3.78421476,48.50045636],[3.78424361,48.50057501],[3.78436628,48.50055891],[3.78433838,48.50044025],[3.78421476,48.50045636]]]]},"geometry_name":"geom","properties":{"gid":39823593,"type":"Bâtiment en dur","code_dep":"10","code_insee":"10220"}},{"type":"Feature","id":"batiment.39911988","geometry":{"type":"MultiPolygon","coordinates":[[[[3.78417907,48.50030573],[3.78430823,48.50028859],[3.78427818,48.50017985],[3.78410926,48.50019958],[3.78410036,48.5002108],[3.7841043,48.50023011],[3.78411522,48.50023589],[3.7841593,48.50023245],[3.78417907,48.50030573]]]]},"geometry_name":"geom","properties":{"gid":39823594,"type":"Bâtiment en dur","code_dep":"10","code_insee":"10220"}},{"type":"Feature","id":"batiment.39912030","geometry":{"type":"MultiPolygon","coordinates":[[[[3.77749828,48.49970046],[3.77766499,48.49966887],[3.77762099,48.4995594],[3.77752502,48.49957766],[3.77754098,48.49962254],[3.77747011,48.49963578],[3.77749828,48.49970046]]]]},"geometry_name":"geom","properties":{"gid":39823638,"type":"Bâtiment en dur","code_dep":"10","code_insee":"10220"}},{"type":"Feature","id":"batiment.39912031","geometry":{"type":"MultiPolygon","coordinates":[[[[3.77630652,48.49880511],[3.77638657,48.49896427],[3.77645272,48.49895178],[3.7764367,48.49891266],[3.77646937,48.49890642],[3.77645228,48.49886731],[3.77641258,48.49887423],[3.77636822,48.49879454],[3.77630652,48.49880511]]]]},"geometry_name":"geom","properties":{"gid":39823639,"type":"Bâtiment en dur","code_dep":"10","code_insee":"10220"}},{"type":"Feature","id":"batiment.39912032","geometry":{"type":"MultiPolygon","coordinates":[[[[3.77625581,48.49871709],[3.77628758,48.49877842],[3.77634278,48.49876781],[3.77631456,48.49870825],[3.77625581,48.49871709]]]]},"geometry_name":"geom","properties":{"gid":39823640,"type":"Bâtiment en dur","code_dep":"10","code_insee":"10220"}},{"type":"Feature","id":"batiment.39912033","geometry":{"type":"MultiPolygon","coordinates":[[[[3.77294959,48.50147966],[3.77296332,48.50152086],[3.77300033,48.5015154],[3.7730145,48.50156695],[3.77310733,48.50155546],[3.77308196,48.50146017],[3.77294959,48.50147966]]]]},"geometry_name":"geom","properties":{"gid":39823641,"type":"Bâtiment en dur","code_dep":"10","code_insee":"10220"}},{"type":"Feature","id":"batiment.39912034","geometry":{"type":"MultiPolygon","coordinates":[[[[3.77300146,48.50166518],[3.77308195,48.50165243],[3.77306561,48.50158119],[3.77297995,48.50159308],[3.77300146,48.50166518]]]]},"geometry_name":"geom","properties":{"gid":39823642,"type":"Bâtiment en dur","code_dep":"10","code_insee":"10220"}},{"type":"Feature","id":"batiment.39912035","geometry":{"type":"MultiPolygon","coordinates":[[[[3.77281825,48.50183668],[3.77292274,48.50182619],[3.77289559,48.5017104],[3.77279111,48.50172179],[3.77281825,48.50183668]]]]},"geometry_name":"geom","properties":{"gid":39823643,"type":"Bâtiment en dur","code_dep":"10","code_insee":"10220"}},{"type":"Feature","id":"batiment.39912036","geometry":{"type":"MultiPolygon","coordinates":[[[[3.77314524,48.50182276],[3.77318795,48.50181799],[3.77317946,48.50178386],[3.77313528,48.50178963],[3.77314524,48.50182276]]]]},"geometry_name":"geom","properties":{"gid":39823644,"type":"Bâtiment en dur","code_dep":"10","code_insee":"10220"}},{"type":"Feature","id":"batiment.39912037","geometry":{"type":"MultiPolygon","coordinates":[[[[3.77322699,48.50191354],[3.77319468,48.50191645],[3.7732112,48.50197194],[3.77324241,48.50196769],[3.77322699,48.50191354]]]]},"geometry_name":"geom","properties":{"gid":39823645,"type":"Bâtiment en dur","code_dep":"10","code_insee":"10220"}},{"type":"Feature","id":"batiment.39912038","geometry":{"type":"MultiPolygon","coordinates":[[[[3.77328015,48.50236976],[3.77335889,48.50235728],[3.77334315,48.50230863],[3.77326373,48.50232102],[3.77328015,48.50236976]]]]},"geometry_name":"geom","properties":{"gid":39823646,"type":"Bâtiment en dur","code_dep":"10","code_insee":"10220"}},{"type":"Feature","id":"batiment.39912039","geometry":{"type":"MultiPolygon","coordinates":[[[[3.77229212,48.50231007],[3.77240851,48.50231687],[3.77243207,48.50219805],[3.77231145,48.50218849],[3.77229212,48.50231007]]]]},"geometry_name":"geom","properties":{"gid":39823647,"type":"Bâtiment en dur","code_dep":"10","code_insee":"10220"}},{"type":"Feature","id":"batiment.39912079","geometry":{"type":"MultiPolygon","coordinates":[[[[3.77214007,48.5024191],[3.77224899,48.50240571],[3.77222272,48.50231358],[3.77211527,48.50232543],[3.77214007,48.5024191]]]]},"geometry_name":"geom","properties":{"gid":39823687,"type":"Bâtiment en dur","code_dep":"10","code_insee":"10220"}},{"type":"Feature","id":"batiment.39912080","geometry":{"type":"MultiPolygon","coordinates":[[[[3.77194922,48.5018318],[3.77206478,48.50181944],[3.77205288,48.50177436],[3.77193733,48.50178779],[3.77194922,48.5018318]]]]},"geometry_name":"geom","properties":{"gid":39823688,"type":"Bâtiment en dur","code_dep":"10","code_insee":"10220"}},{"type":"Feature","id":"batiment.39912081","geometry":{"type":"MultiPolygon","coordinates":[[[[3.77180811,48.50211403],[3.77191925,48.50210449],[3.77196029,48.50206914],[3.77194006,48.5019821],[3.77178462,48.50199885],[3.77180811,48.50211403]]]]},"geometry_name":"geom","properties":{"gid":39823689,"type":"Bâtiment en dur","code_dep":"10","code_insee":"10220"}},{"type":"Feature","id":"batiment.39912082","geometry":{"type":"MultiPolygon","coordinates":[[[[3.77145986,48.50222002],[3.77148847,48.50233337],[3.77168364,48.50231195],[3.77165734,48.50219904],[3.77145986,48.50222002]]]]},"geometry_name":"geom","properties":{"gid":39823690,"type":"Bâtiment en dur","code_dep":"10","code_insee":"10220"}},{"type":"Feature","id":"batiment.39912083","geometry":{"type":"MultiPolygon","coordinates":[[[[3.75824508,48.50069664],[3.75825544,48.50071105],[3.75835442,48.50068469],[3.7583216,48.50062445],[3.75833697,48.50061976],[3.75835722,48.50058787],[3.75835234,48.50057801],[3.75844015,48.50055595],[3.75840384,48.5004888],[3.75825493,48.50052555],[3.75825423,48.50058979],[3.75824508,48.50069664]]]]},"geometry_name":"geom","properties":{"gid":39823691,"type":"Bâtiment en dur","code_dep":"10","code_insee":"10220"}},{"type":"Feature","id":"batiment.39912084","geometry":{"type":"MultiPolygon","coordinates":[[[[3.75827305,48.50125495],[3.75866,48.50121218],[3.75858733,48.50091459],[3.75824543,48.50095474],[3.75827305,48.50125495]]]]},"geometry_name":"geom","properties":{"gid":39823692,"type":"Bâtiment en dur","code_dep":"10","code_insee":"10220"}},{"type":"Feature","id":"batiment.39912085","geometry":{"type":"MultiPolygon","coordinates":[[[[3.75891447,48.5015095],[3.7592101,48.50168583],[3.75940153,48.50154687],[3.75962767,48.50138295],[3.75982082,48.50124083],[3.75952571,48.50106333],[3.75891447,48.5015095]]]]},"geometry_name":"geom","properties":{"gid":39823693,"type":"Bâtiment en dur","code_dep":"10","code_insee":"10220"}},{"type":"Feature","id":"batiment.39912086","geometry":{"type":"MultiPolygon","coordinates":[[[[3.7602114,48.50156094],[3.76009354,48.50164842],[3.76011102,48.50165883],[3.76002461,48.50172173],[3.76003918,48.50177373],[3.76002053,48.5017761],[3.76008456,48.5019629],[3.76025747,48.50193741],[3.76019737,48.50176021],[3.76019396,48.50174962],[3.76023002,48.50172492],[3.76034315,48.50163765],[3.7602114,48.50156094]]]]},"geometry_name":"geom","properties":{"gid":39823694,"type":"Bâtiment en dur","code_dep":"10","code_insee":"10220"}},{"type":"Feature","id":"batiment.39912168","geometry":{"type":"MultiPolygon","coordinates":[[[[3.76022043,48.50239934],[3.76063465,48.50233174],[3.7605922,48.5022147],[3.76047971,48.50223377],[3.76046579,48.50219787],[3.76016434,48.50224667],[3.76022043,48.50239934]]]]},"geometry_name":"geom","properties":{"gid":39823775,"type":"Bâtiment en dur","code_dep":"10","code_insee":"10220"}},{"type":"Feature","id":"batiment.39912169","geometry":{"type":"MultiPolygon","coordinates":[[[[3.76076309,48.50229259],[3.76094852,48.50226234],[3.76095218,48.5022715],[3.76098958,48.50226469],[3.76098656,48.50225302],[3.76111248,48.5022353],[3.76111613,48.50224481],[3.76114397,48.50224148],[3.76114178,48.50223007],[3.76121134,48.50221937],[3.76116308,48.50209328],[3.76071673,48.50216676],[3.76076309,48.50229259]]]]},"geometry_name":"geom","properties":{"gid":39823776,"type":"Bâtiment en dur","code_dep":"10","code_insee":"10220"}},{"type":"Feature","id":"batiment.39912170","geometry":{"type":"MultiPolygon","coordinates":[[[[3.76124063,48.50221342],[3.76128155,48.50220641],[3.76125869,48.50214269],[3.7612171,48.50215015],[3.76124063,48.50221342]]]]},"geometry_name":"geom","properties":{"gid":39823777,"type":"Bâtiment en dur","code_dep":"10","code_insee":"10220"}},{"type":"Feature","id":"batiment.39912171","geometry":{"type":"MultiPolygon","coordinates":[[[[3.7619086,48.50181501],[3.76208348,48.50193471],[3.76220066,48.50207088],[3.76249623,48.50196256],[3.76235972,48.50180024],[3.76215702,48.50165724],[3.7619086,48.50181501]]]]},"geometry_name":"geom","properties":{"gid":39823778,"type":"Bâtiment en dur","code_dep":"10","code_insee":"10220"}},{"type":"Feature","id":"batiment.39912172","geometry":{"type":"MultiPolygon","coordinates":[[[[3.76226782,48.50215538],[3.76239036,48.50229718],[3.76251047,48.50243883],[3.76268941,48.50265125],[3.76322246,48.50245234],[3.76300314,48.50219078],[3.76276658,48.50227921],[3.76268726,48.50218687],[3.76256522,48.50204264],[3.76226782,48.50215538]]]]},"geometry_name":"geom","properties":{"gid":39823779,"type":"Bâtiment en dur","code_dep":"10","code_insee":"10220"}},{"type":"Feature","id":"batiment.39912173","geometry":{"type":"MultiPolygon","coordinates":[[[[3.75937512,48.50382841],[3.75956382,48.50433226],[3.7599317,48.50427044],[3.75999967,48.5044484],[3.76075677,48.50432166],[3.76065915,48.5040685],[3.76049181,48.50409575],[3.76050452,48.50413201],[3.75992001,48.50422958],[3.75982862,48.50398565],[3.75987709,48.50397715],[3.75979719,48.50375977],[3.75937512,48.50382841]]]]},"geometry_name":"geom","properties":{"gid":39823780,"type":"Bâtiment en dur","code_dep":"10","code_insee":"10220"}},{"type":"Feature","id":"batiment.39912174","geometry":{"type":"MultiPolygon","coordinates":[[[[3.76137338,48.50358145],[3.76143512,48.50374047],[3.76152629,48.50372576],[3.76149474,48.50364131],[3.76154915,48.50363142],[3.76158287,48.50371613],[3.76167485,48.50370133],[3.76164151,48.50361527],[3.76169622,48.50360709],[3.76173021,48.50369171],[3.76182192,48.50367691],[3.76178928,48.50359174],[3.76184438,48.50358293],[3.76187877,48.50366728],[3.76197236,48.50365165],[3.76189571,48.50345377],[3.76165798,48.50349074],[3.76168088,48.50355717],[3.76164859,48.50356161],[3.76163636,48.50353047],[3.76162738,48.50352756],[3.76149404,48.50354703],[3.7614983,48.50356014],[3.76150839,48.5035841],[3.76147598,48.50358943],[3.76146548,48.50356575],[3.76137338,48.50358145]]]]},"geometry_name":"geom","properties":{"gid":39823781,"type":"Bâtiment en dur","code_dep":"10","code_insee":"10220"}},{"type":"Feature","id":"batiment.39912175","geometry":{"type":"MultiPolygon","coordinates":[[[[3.76231772,48.50305577],[3.76234554,48.503051],[3.76233326,48.50301636],[3.76230516,48.50302049],[3.76231772,48.50305577]]]]},"geometry_name":"geom","properties":{"gid":39823782,"type":"Bâtiment en dur","code_dep":"10","code_insee":"10220"}},{"type":"Feature","id":"batiment.39912215","geometry":{"type":"MultiPolygon","coordinates":[[[[3.76242944,48.50286226],[3.76246293,48.50294967],[3.76259421,48.50292904],[3.76258996,48.50291557],[3.76273826,48.50289222],[3.76266795,48.50271157],[3.76240685,48.50275202],[3.76244793,48.5028589],[3.76242944,48.50286226]]]]},"geometry_name":"geom","properties":{"gid":39823822,"type":"Bâtiment en dur","code_dep":"10","code_insee":"10220"}},{"type":"Feature","id":"batiment.39912217","geometry":{"type":"MultiPolygon","coordinates":[[[[3.76311423,48.50282953],[3.76316533,48.50297296],[3.76320453,48.50298809],[3.76341999,48.50295558],[3.76340657,48.50291734],[3.76387347,48.50284228],[3.7638118,48.50266986],[3.76373928,48.50268166],[3.76352628,48.50271551],[3.76333598,48.50274561],[3.76335317,48.50279219],[3.76311423,48.50282953]]]]},"geometry_name":"geom","properties":{"gid":39823823,"type":"Bâtiment en dur","code_dep":"10","code_insee":"10220"}},{"type":"Feature","id":"batiment.39912218","geometry":{"type":"MultiPolygon","coordinates":[[[[3.76397429,48.50262554],[3.76403522,48.50279392],[3.76407538,48.5028095],[3.76458426,48.50272607],[3.76451519,48.50253786],[3.76397429,48.50262554]]]]},"geometry_name":"geom","properties":{"gid":39823824,"type":"Bâtiment en dur","code_dep":"10","code_insee":"10220"}},{"type":"Feature","id":"batiment.39912219","geometry":{"type":"MultiPolygon","coordinates":[[[[3.76473552,48.50245952],[3.76480147,48.50263758],[3.76484121,48.50265235],[3.76516453,48.50259962],[3.7650899,48.50240155],[3.76473552,48.50245952]]]]},"geometry_name":"geom","properties":{"gid":39823825,"type":"Bâtiment en dur","code_dep":"10","code_insee":"10220"}},{"type":"Feature","id":"batiment.39912220","geometry":{"type":"MultiPolygon","coordinates":[[[[3.765243,48.50239211],[3.765311,48.50257079],[3.76535035,48.50258637],[3.76568217,48.50253205],[3.76561051,48.50233414],[3.765243,48.50239211]]]]},"geometry_name":"geom","properties":{"gid":39823826,"type":"Bâtiment en dur","code_dep":"10","code_insee":"10220"}},{"type":"Feature","id":"batiment.39912221","geometry":{"type":"MultiPolygon","coordinates":[[[[3.76615406,48.50269679],[3.76622681,48.50289496],[3.76626597,48.50290685],[3.76644026,48.50288324],[3.7663603,48.50266433],[3.76615406,48.50269679]]]]},"geometry_name":"geom","properties":{"gid":39823827,"type":"Bâtiment en dur","code_dep":"10","code_insee":"10220"}},{"type":"Feature","id":"batiment.39912223","geometry":{"type":"MultiPolygon","coordinates":[[[[3.76619652,48.50309254],[3.76627128,48.50328898],[3.7663148,48.50330256],[3.7665978,48.50326088],[3.76649568,48.50298913],[3.76626213,48.50302401],[3.76619652,48.50309254]]]]},"geometry_name":"geom","properties":{"gid":39823829,"type":"Bâtiment en dur","code_dep":"10","code_insee":"10220"}},{"type":"Feature","id":"batiment.39912224","geometry":{"type":"MultiPolygon","coordinates":[[[[3.76659958,48.50258569],[3.766627,48.50258174],[3.76661579,48.50254618],[3.76658796,48.50255032],[3.76659958,48.50258569]]]]},"geometry_name":"geom","properties":{"gid":39823830,"type":"Bâtiment en dur","code_dep":"10","code_insee":"10220"}},{"type":"Feature","id":"batiment.39912227","geometry":{"type":"MultiPolygon","coordinates":[[[[3.79190326,48.49951572],[3.79198996,48.49951073],[3.79198614,48.49948152],[3.79193596,48.49948428],[3.79190331,48.49948306],[3.79190326,48.49951572]]]]},"geometry_name":"geom","properties":{"gid":39823833,"type":"Construction légère","code_dep":"10","code_insee":"10220"}},{"type":"Feature","id":"batiment.39912267","geometry":{"type":"MultiPolygon","coordinates":[[[[3.79158953,48.49905215],[3.79161821,48.49905133],[3.7916162,48.4990347],[3.79170281,48.49903287],[3.79170516,48.4990091],[3.79158988,48.49901293],[3.79158953,48.49905215]]]]},"geometry_name":"geom","properties":{"gid":39823874,"type":"Construction légère","code_dep":"10","code_insee":"10220"}},{"type":"Feature","id":"batiment.39912268","geometry":{"type":"MultiPolygon","coordinates":[[[[3.79160656,48.49883523],[3.79161996,48.49888867],[3.79166739,48.49888358],[3.79165848,48.49883128],[3.79160656,48.49883523]]]]},"geometry_name":"geom","properties":{"gid":39823875,"type":"Construction légère","code_dep":"10","code_insee":"10220"}},{"type":"Feature","id":"batiment.39912269","geometry":{"type":"MultiPolygon","coordinates":[[[[3.79147229,48.49877315],[3.79158583,48.49876231],[3.79158185,48.4987403],[3.79146923,48.49874996],[3.79147229,48.49877315]]]]},"geometry_name":"geom","properties":{"gid":39823876,"type":"Construction légère","code_dep":"10","code_insee":"10220"}},{"type":"Feature","id":"batiment.39912270","geometry":{"type":"MultiPolygon","coordinates":[[[[3.79090581,48.50035542],[3.79089013,48.50026718],[3.79084969,48.50027006],[3.79086402,48.50035831],[3.79090581,48.50035542]]]]},"geometry_name":"geom","properties":{"gid":39823877,"type":"Construction légère","code_dep":"10","code_insee":"10220"}},{"type":"Feature","id":"batiment.39912271","geometry":{"type":"MultiPolygon","coordinates":[[[[3.79097945,48.50049006],[3.79097332,48.50046059],[3.79089693,48.50046722],[3.79089738,48.50049663],[3.79097945,48.50049006]]]]},"geometry_name":"geom","properties":{"gid":39823878,"type":"Construction légère","code_dep":"10","code_insee":"10220"}},{"type":"Feature","id":"batiment.39912272","geometry":{"type":"MultiPolygon","coordinates":[[[[3.79099519,48.50058262],[3.79103049,48.50058067],[3.79102287,48.50051487],[3.79098378,48.50051684],[3.79099519,48.50058262]]]]},"geometry_name":"geom","properties":{"gid":39823879,"type":"Construction légère","code_dep":"10","code_insee":"10220"}},{"type":"Feature","id":"batiment.39912273","geometry":{"type":"MultiPolygon","coordinates":[[[[3.77114572,48.50249123],[3.7712284,48.50247945],[3.77120919,48.50241615],[3.77112855,48.50242792],[3.77114572,48.50249123]]]]},"geometry_name":"geom","properties":{"gid":39823880,"type":"Construction légère","code_dep":"10","code_insee":"10220"}},{"type":"Feature","id":"batiment.39912274","geometry":{"type":"MultiPolygon","coordinates":[[[[3.75940153,48.50154687],[3.75943767,48.50156472],[3.75966002,48.50140164],[3.75962767,48.50138295],[3.75940153,48.50154687]]]]},"geometry_name":"geom","properties":{"gid":39823881,"type":"Construction légère","code_dep":"10","code_insee":"10220"}},{"type":"Feature","id":"batiment.39912275","geometry":{"type":"MultiPolygon","coordinates":[[[[3.76023002,48.50172492],[3.76019396,48.50174962],[3.76019737,48.50176021],[3.76023872,48.50175509],[3.76023002,48.50172492]]]]},"geometry_name":"geom","properties":{"gid":39823882,"type":"Construction légère","code_dep":"10","code_insee":"10220"}},{"type":"Feature","id":"batiment.39912276","geometry":{"type":"MultiPolygon","coordinates":[[[[3.75987709,48.50397715],[3.75982862,48.50398565],[3.75992001,48.50422958],[3.76050452,48.50413201],[3.76049181,48.50409575],[3.75995307,48.50418502],[3.75987709,48.50397715]]]]},"geometry_name":"geom","properties":{"gid":39823883,"type":"Construction légère","code_dep":"10","code_insee":"10220"}},{"type":"Feature","id":"batiment.39912314","geometry":{"type":"MultiPolygon","coordinates":[[[[3.76352628,48.50271551],[3.76373928,48.50268166],[3.76372347,48.50263732],[3.76356182,48.50266409],[3.76356912,48.5026823],[3.76351605,48.50269146],[3.76352628,48.50271551]]]]},"geometry_name":"geom","properties":{"gid":39823923,"type":"Construction légère","code_dep":"10","code_insee":"10220"}},{"type":"Feature","id":"batiment.39915701","geometry":{"type":"MultiPolygon","coordinates":[[[[3.80517668,48.48592348],[3.80530146,48.48615286],[3.80539317,48.48613271],[3.80545563,48.48625194],[3.8057714,48.48617495],[3.8055817,48.48582447],[3.80522939,48.48591008],[3.80517668,48.48592348]]]]},"geometry_name":"geom","properties":{"gid":39827329,"type":"Construction légère","code_dep":"10","code_insee":"10220"}},{"type":"Feature","id":"batiment.39915702","geometry":{"type":"MultiPolygon","coordinates":[[[[3.80486796,48.48625709],[3.80492893,48.48624409],[3.8048104,48.48598075],[3.80475646,48.48599335],[3.80482901,48.48614391],[3.80473728,48.48616388],[3.80470117,48.48617366],[3.80475061,48.48628254],[3.80486796,48.48625709]]]]},"geometry_name":"geom","properties":{"gid":39827330,"type":"Construction légère","code_dep":"10","code_insee":"10220"}},{"type":"Feature","id":"batiment.39915703","geometry":{"type":"MultiPolygon","coordinates":[[[[3.80517668,48.48592348],[3.80522939,48.48591008],[3.80520711,48.48586939],[3.80515317,48.48588163],[3.80517668,48.48592348]]]]},"geometry_name":"geom","properties":{"gid":39827331,"type":"Bâtiment en dur","code_dep":"10","code_insee":"10220"}},{"type":"Feature","id":"batiment.39915704","geometry":{"type":"MultiPolygon","coordinates":[[[[3.80536511,48.48576809],[3.80532156,48.48577811],[3.80534568,48.48582454],[3.80532046,48.48583047],[3.80533831,48.48586472],[3.80540843,48.48584805],[3.80536511,48.48576809]]]]},"geometry_name":"geom","properties":{"gid":39827332,"type":"Bâtiment en dur","code_dep":"10","code_insee":"10220"}},{"type":"Feature","id":"batiment.39915705","geometry":{"type":"MultiPolygon","coordinates":[[[[3.80504008,48.48559388],[3.80507145,48.48565367],[3.8051591,48.48563346],[3.8051253,48.48557342],[3.80504008,48.48559388]]]]},"geometry_name":"geom","properties":{"gid":39827333,"type":"Bâtiment en dur","code_dep":"10","code_insee":"10220"}},{"type":"Feature","id":"batiment.39915707","geometry":{"type":"MultiPolygon","coordinates":[[[[3.80472884,48.48570151],[3.80474983,48.48573763],[3.80482571,48.48571741],[3.8048492,48.48575783],[3.80497593,48.48572593],[3.80495511,48.48568352],[3.80503478,48.48566283],[3.80501717,48.48562642],[3.80472884,48.48570151]]]]},"geometry_name":"geom","properties":{"gid":39827335,"type":"Bâtiment en dur","code_dep":"10","code_insee":"10220"}},{"type":"Feature","id":"batiment.39915708","geometry":{"type":"MultiPolygon","coordinates":[[[[3.80465062,48.48606343],[3.80468732,48.48605599],[3.80473728,48.48616388],[3.80482901,48.48614391],[3.80475646,48.48599335],[3.8047407,48.48596296],[3.80461688,48.48599025],[3.80465062,48.48606343]]]]},"geometry_name":"geom","properties":{"gid":39827336,"type":"Bâtiment en dur","code_dep":"10","code_insee":"10220"}},{"type":"Feature","id":"batiment.39915709","geometry":{"type":"MultiPolygon","coordinates":[[[[3.80484215,48.48648047],[3.80496016,48.48645367],[3.80486796,48.48625709],[3.80475061,48.48628254],[3.80484215,48.48648047]]]]},"geometry_name":"geom","properties":{"gid":39827337,"type":"Bâtiment en dur","code_dep":"10","code_insee":"10220"}},{"type":"Feature","id":"batiment.39944547","geometry":{"type":"MultiPolygon","coordinates":[[[[3.76850326,48.50488023],[3.76846685,48.50480697],[3.76831154,48.50484216],[3.76836901,48.50495766],[3.76844593,48.50494025],[3.76842405,48.50489766],[3.76850326,48.50488023]]]]},"geometry_name":"geom","properties":{"gid":39856396,"type":"Bâtiment en dur","code_dep":"10","code_insee":"10220"}},{"type":"Feature","id":"batiment.40298028","geometry":{"type":"MultiPolygon","coordinates":[[[[3.80652753,48.51093429],[3.80655509,48.51092978],[3.80654618,48.51090537],[3.80651863,48.51090988],[3.80652753,48.51093429]]]]},"geometry_name":"geom","properties":{"gid":40213433,"type":"Bâtiment en dur","code_dep":"10","code_insee":"10220"}},{"type":"Feature","id":"batiment.40363270","geometry":{"type":"MultiPolygon","coordinates":[[[[3.75066686,48.50722218],[3.75071791,48.50721313],[3.75071089,48.5071959],[3.75065998,48.50720477],[3.75066686,48.50722218]]]]},"geometry_name":"geom","properties":{"gid":40279244,"type":"Bâtiment en dur","code_dep":"10","code_insee":"10323"}},{"type":"Feature","id":"batiment.40655069","geometry":{"type":"MultiPolygon","coordinates":[[[[3.80021834,48.5124652],[3.80043206,48.51244198],[3.80041343,48.51236609],[3.80031327,48.51237693],[3.80029846,48.5123119],[3.8001837,48.51232446],[3.80019525,48.51237143],[3.8002105,48.51237726],[3.80021354,48.51238966],[3.80020015,48.5123911],[3.80021834,48.5124652]]]]},"geometry_name":"geom","properties":{"gid":40573715,"type":"Bâtiment en dur","code_dep":"10","code_insee":"10220"}},{"type":"Feature","id":"batiment.40655071","geometry":{"type":"MultiPolygon","coordinates":[[[[3.80020015,48.5123911],[3.80021354,48.51238966],[3.8002105,48.51237726],[3.80019525,48.51237143],[3.80020015,48.5123911]]]]},"geometry_name":"geom","properties":{"gid":40573717,"type":"Construction légère","code_dep":"10","code_insee":"10220"}},{"type":"Feature","id":"batiment.40657815","geometry":{"type":"MultiPolygon","coordinates":[[[[3.80646986,48.5110492],[3.80659304,48.5110292],[3.8065659,48.51095535],[3.80652255,48.51096239],[3.80649811,48.51089607],[3.80641721,48.51090922],[3.80642045,48.51091792],[3.80631484,48.51093537],[3.80631159,48.51092667],[3.8062492,48.51093698],[3.80627489,48.51100554],[3.8064429,48.51097759],[3.80646986,48.5110492]]]]},"geometry_name":"geom","properties":{"gid":40576489,"type":"Bâtiment en dur","code_dep":"10","code_insee":"10220"}},{"type":"Feature","id":"batiment.40657843","geometry":{"type":"MultiPolygon","coordinates":[[[[3.80631159,48.51092667],[3.80631484,48.51093537],[3.80642045,48.51091792],[3.80641721,48.51090922],[3.80631159,48.51092667]]]]},"geometry_name":"geom","properties":{"gid":40576519,"type":"Construction légère","code_dep":"10","code_insee":"10220"}},{"type":"Feature","id":"batiment.40758460","geometry":{"type":"MultiPolygon","coordinates":[[[[3.75931599,48.50223995],[3.75936624,48.50237278],[3.75885938,48.50245554],[3.75900711,48.50285107],[3.75905897,48.50284282],[3.75908004,48.50289567],[3.75913921,48.50305516],[3.75908695,48.5030644],[3.75914845,48.50322594],[3.75923588,48.50345866],[3.75971735,48.50337875],[3.75973058,48.50341393],[3.75989696,48.5033857],[3.75985758,48.50327484],[3.75980354,48.50328257],[3.75974838,48.50312863],[3.75969,48.50296698],[3.75974118,48.50295856],[3.75966408,48.50273873],[3.75961101,48.5027478],[3.75953906,48.50254674],[3.7594979,48.50243383],[3.75963418,48.50241218],[3.75969332,48.5024019],[3.75980245,48.5023842],[3.75981676,48.5024192],[3.75998424,48.50239258],[3.75994173,48.50228021],[3.75988851,48.50228811],[3.75982919,48.50215526],[3.75960756,48.50219167],[3.75959392,48.50219364],[3.75931599,48.50223995]]]]},"geometry_name":"geom","properties":{"gid":40677968,"type":"Bâtiment en dur","code_dep":"10","code_insee":"10220"}},{"type":"Feature","id":"batiment.40788020","geometry":{"type":"MultiPolygon","coordinates":[[[[3.78267743,48.50227602],[3.78267898,48.50230705],[3.78271822,48.50230616],[3.78271667,48.50227514],[3.78267743,48.50227602]]]]},"geometry_name":"geom","properties":{"gid":40707904,"type":"Construction légère","code_dep":"10","code_insee":"10220"}},{"type":"Feature","id":"batiment.40788034","geometry":{"type":"MultiPolygon","coordinates":[[[[3.80418009,48.512291],[3.80426995,48.51227906],[3.80426593,48.51225516],[3.80437026,48.51224249],[3.80438585,48.51222556],[3.80437998,48.51220482],[3.80432647,48.51203542],[3.80421948,48.51205135],[3.80424393,48.51212747],[3.80428311,48.51212208],[3.80429322,48.51215421],[3.80422068,48.51216496],[3.8041453,48.51217672],[3.80418009,48.512291]]]]},"geometry_name":"geom","properties":{"gid":40707919,"type":"Bâtiment en dur","code_dep":"10","code_insee":"10220"}},{"type":"Feature","id":"batiment.40821277","geometry":{"type":"MultiPolygon","coordinates":[[[[3.76190473,48.50965972],[3.76255791,48.50961621],[3.76252209,48.509434],[3.76186878,48.5094775],[3.76190473,48.50965972]]]]},"geometry_name":"geom","properties":{"gid":40741423,"type":"Construction légère","code_dep":"10","code_insee":"10220"}},{"type":"Feature","id":"batiment.40848707","geometry":{"type":"MultiPolygon","coordinates":[[[[3.75722205,48.50154773],[3.75699084,48.50061935],[3.75692407,48.50062661],[3.75715528,48.501555],[3.75722205,48.50154773]]]]},"geometry_name":"geom","properties":{"gid":40769093,"type":"Construction légère","code_dep":"10","code_insee":"10323"}},{"type":"Feature","id":"batiment.40851004","geometry":{"type":"MultiPolygon","coordinates":[[[[3.75137331,48.50626708],[3.75135064,48.5062629],[3.7513197,48.50626724],[3.75130617,48.50627722],[3.7513806,48.50650183],[3.75136087,48.50650439],[3.75137994,48.50656931],[3.75146534,48.50655815],[3.75137331,48.50626708]]]]},"geometry_name":"geom","properties":{"gid":40771424,"type":"Bâtiment en dur","code_dep":"10","code_insee":"10323"}},{"type":"Feature","id":"batiment.40856145","geometry":{"type":"MultiPolygon","coordinates":[[[[3.78367929,48.50599813],[3.78370838,48.50599704],[3.78369731,48.5058816],[3.78368987,48.50588201],[3.78368863,48.50587131],[3.78371149,48.50587008],[3.78371365,48.50588761],[3.78380807,48.50588267],[3.78380592,48.50586514],[3.78382486,48.50586411],[3.78381355,48.50576865],[3.78365703,48.50577679],[3.78367929,48.50599813]]]]},"geometry_name":"geom","properties":{"gid":40776629,"type":"Bâtiment en dur","code_dep":"10","code_insee":"10220"}},{"type":"Feature","id":"batiment.40856248","geometry":{"type":"MultiPolygon","coordinates":[[[[3.786195,48.50565432],[3.78619501,48.50561923],[3.78604188,48.50561826],[3.7860409,48.50565264],[3.786195,48.50565432]]]]},"geometry_name":"geom","properties":{"gid":40776731,"type":"Bâtiment en dur","code_dep":"10","code_insee":"10220"}},{"type":"Feature","id":"batiment.40856283","geometry":{"type":"MultiPolygon","coordinates":[[[[3.78594312,48.50570456],[3.7859851,48.505705],[3.78598456,48.505723],[3.78603872,48.50572363],[3.78603926,48.50570564],[3.78604252,48.50559757],[3.78616165,48.50559759],[3.78616214,48.50554865],[3.78593185,48.50554846],[3.78593272,48.50557967],[3.78594978,48.50557983],[3.78594312,48.50570456]]]]},"geometry_name":"geom","properties":{"gid":40776765,"type":"Bâtiment en dur","code_dep":"10","code_insee":"10220"}},{"type":"Feature","id":"batiment.40856346","geometry":{"type":"MultiPolygon","coordinates":[[[[3.78609381,48.50577743],[3.78609372,48.50577113],[3.78603889,48.50577095],[3.78603898,48.50577734],[3.78609381,48.50577743]]]]},"geometry_name":"geom","properties":{"gid":40776829,"type":"Construction légère","code_dep":"10","code_insee":"10220"}},{"type":"Feature","id":"batiment.40873615","geometry":{"type":"MultiPolygon","coordinates":[[[[3.82904327,48.50117743],[3.82904887,48.50126645],[3.83043678,48.50122752],[3.83043117,48.5011385],[3.82904327,48.50117743]]]]},"geometry_name":"geom","properties":{"gid":40794222,"type":"Construction légère","code_dep":"10","code_insee":"10089"}},{"type":"Feature","id":"batiment.40873702","geometry":{"type":"MultiPolygon","coordinates":[[[[3.78589727,48.5058157],[3.78603655,48.50581361],[3.78609422,48.50581341],[3.78609381,48.50577743],[3.78603898,48.50577734],[3.78603889,48.50577095],[3.78589984,48.50577034],[3.78589727,48.5058157]]]]},"geometry_name":"geom","properties":{"gid":40794309,"type":"Bâtiment en dur","code_dep":"10","code_insee":"10220"}},{"type":"Feature","id":"batiment.40874202","geometry":{"type":"MultiPolygon","coordinates":[[[[3.82904327,48.50117743],[3.83320007,48.50106099],[3.83317047,48.50058655],[3.83329956,48.50058304],[3.83327959,48.50026317],[3.83315037,48.50026669],[3.83314708,48.50021318],[3.83337156,48.50020702],[3.8333703,48.50018724],[3.83341076,48.50018614],[3.83339361,48.49995038],[3.83337332,48.49995097],[3.83336539,48.4998867],[3.83328197,48.49989278],[3.83327826,48.4998722],[3.83322445,48.49987645],[3.83322861,48.49990008],[3.83320103,48.49990225],[3.83319865,48.49988886],[3.83299994,48.49990672],[3.8330015,48.49995349],[3.83263373,48.49996398],[3.83263197,48.49993836],[3.83219262,48.49995061],[3.83219875,48.50004683],[3.82897823,48.50013691],[3.82904327,48.50117743]]]]},"geometry_name":"geom","properties":{"gid":40794812,"type":"Bâtiment en dur","code_dep":"10","code_insee":"10089"}},{"type":"Feature","id":"batiment.40916507","geometry":{"type":"MultiPolygon","coordinates":[[[[3.76068659,48.50864132],[3.76067332,48.50870644],[3.7608585,48.50872316],[3.76087164,48.50865803],[3.76068659,48.50864132]]]]},"geometry_name":"geom","properties":{"gid":40837647,"type":"Bâtiment en dur","code_dep":"10","code_insee":"10323"}},{"type":"Feature","id":"batiment.40916542","geometry":{"type":"MultiPolygon","coordinates":[[[[3.76068659,48.50864132],[3.76087164,48.50865803],[3.76087429,48.5086447],[3.76068937,48.50862798],[3.76068659,48.50864132]]]]},"geometry_name":"geom","properties":{"gid":40837682,"type":"Construction légère","code_dep":"10","code_insee":"10323"}},{"type":"Feature","id":"batiment.40916543","geometry":{"type":"MultiPolygon","coordinates":[[[[3.76087259,48.50907851],[3.76097782,48.50906156],[3.76088883,48.5088168],[3.76078361,48.50883375],[3.76087259,48.50907851]]]]},"geometry_name":"geom","properties":{"gid":40837683,"type":"Bâtiment en dur","code_dep":"10","code_insee":"10323"}},{"type":"Feature","id":"batiment.40916746","geometry":{"type":"MultiPolygon","coordinates":[[[[3.7572426,48.50063583],[3.75709568,48.50065161],[3.75730924,48.50152982],[3.7574563,48.50151412],[3.7572426,48.50063583]]]]},"geometry_name":"geom","properties":{"gid":40837885,"type":"Construction légère","code_dep":"10","code_insee":"10323"}},{"type":"Feature","id":"batiment.40999202","geometry":{"type":"MultiPolygon","coordinates":[[[[3.78908388,48.50941281],[3.78912854,48.50941152],[3.7891273,48.50939219],[3.78908251,48.50939348],[3.78908388,48.50941281]]]]},"geometry_name":"geom","properties":{"gid":40921032,"type":"Construction légère","code_dep":"10","code_insee":"10220"}},{"type":"Feature","id":"batiment.40999272","geometry":{"type":"MultiPolygon","coordinates":[[[[3.79001888,48.5073701],[3.78997958,48.50739483],[3.79003541,48.50743396],[3.79021218,48.50732258],[3.79013227,48.50726652],[3.78999439,48.5073529],[3.79001888,48.5073701]]]]},"geometry_name":"geom","properties":{"gid":40921102,"type":"Bâtiment en dur","code_dep":"10","code_insee":"10220"}},{"type":"Feature","id":"batiment.40999308","geometry":{"type":"MultiPolygon","coordinates":[[[[3.78995495,48.50737754],[3.78997958,48.50739483],[3.79001888,48.5073701],[3.78999439,48.5073529],[3.78995495,48.50737754]]]]},"geometry_name":"geom","properties":{"gid":40921138,"type":"Construction légère","code_dep":"10","code_insee":"10220"}},{"type":"Feature","id":"batiment.40999311","geometry":{"type":"MultiPolygon","coordinates":[[[[3.78897548,48.50929019],[3.78891386,48.50937021],[3.78904274,48.50941407],[3.78908388,48.50941281],[3.78908251,48.50939348],[3.7891273,48.50939219],[3.78912854,48.50941152],[3.78916982,48.50941026],[3.78929239,48.50935906],[3.7892203,48.5092829],[3.78912867,48.5093212],[3.78907183,48.50932302],[3.78897548,48.50929019]]]]},"geometry_name":"geom","properties":{"gid":40921141,"type":"Bâtiment en dur","code_dep":"10","code_insee":"10220"}},{"type":"Feature","id":"batiment.40999338","geometry":{"type":"MultiPolygon","coordinates":[[[[3.78765571,48.50431453],[3.78764232,48.50431561],[3.78765262,48.50437006],[3.787666,48.50436898],[3.78765571,48.50431453]]]]},"geometry_name":"geom","properties":{"gid":40921168,"type":"Construction légère","code_dep":"10","code_insee":"10220"}},{"type":"Feature","id":"batiment.40999339","geometry":{"type":"MultiPolygon","coordinates":[[[[3.78775674,48.50427176],[3.78748753,48.50429415],[3.78750415,48.50438238],[3.78765262,48.50437006],[3.78764232,48.50431561],[3.78765571,48.50431453],[3.7877632,48.50430573],[3.78775674,48.50427176]]]]},"geometry_name":"geom","properties":{"gid":40921169,"type":"Bâtiment en dur","code_dep":"10","code_insee":"10220"}},{"type":"Feature","id":"batiment.40999405","geometry":{"type":"MultiPolygon","coordinates":[[[[3.78694074,48.50915983],[3.78692086,48.50915231],[3.78694459,48.50912805],[3.78686123,48.50909432],[3.78679965,48.5091595],[3.786728,48.50923879],[3.78677557,48.50925979],[3.78672457,48.50931699],[3.78666449,48.50929255],[3.78665051,48.50930812],[3.78658595,48.50928273],[3.78652827,48.50934546],[3.78665358,48.50939536],[3.78663853,48.50941184],[3.78674969,48.50945752],[3.78682964,48.50937144],[3.78684899,48.50937977],[3.78676904,48.50946585],[3.78684917,48.50950032],[3.78693211,48.50941493],[3.78705489,48.50946765],[3.78705929,48.50946312],[3.7871127,48.50948607],[3.7871083,48.50949059],[3.78715559,48.50951079],[3.78707252,48.50959618],[3.78718849,48.50964597],[3.78732956,48.50950091],[3.78738407,48.50952439],[3.7876251,48.50928322],[3.78752014,48.5092357],[3.78730941,48.5094486],[3.78728714,48.50947115],[3.78721248,48.50944033],[3.78723718,48.50941687],[3.78713622,48.50937463],[3.78711208,48.50939935],[3.78699218,48.5093494],[3.78701484,48.50932514],[3.78693078,48.50929025],[3.78690798,48.5093137],[3.78682622,48.50927898],[3.78685,48.50925759],[3.78694074,48.50915983]]]]},"geometry_name":"geom","properties":{"gid":40921234,"type":"Bâtiment en dur","code_dep":"10","code_insee":"10220"}},{"type":"Feature","id":"batiment.41006386","geometry":{"type":"MultiPolygon","coordinates":[[[[3.79179738,48.51228041],[3.79179215,48.51228323],[3.79183396,48.51231741],[3.7918392,48.51231459],[3.79179738,48.51228041]]]]},"geometry_name":"geom","properties":{"gid":40928273,"type":"Construction légère","code_dep":"10","code_insee":"10220"}},{"type":"Feature","id":"batiment.41006387","geometry":{"type":"MultiPolygon","coordinates":[[[[3.79175845,48.51224864],[3.79165905,48.5123013],[3.79176804,48.51239045],[3.79182566,48.51235975],[3.79186785,48.51233797],[3.7918392,48.51231459],[3.79183396,48.51231741],[3.79179215,48.51228323],[3.79179738,48.51228041],[3.79175845,48.51224864]]]]},"geometry_name":"geom","properties":{"gid":40928274,"type":"Bâtiment en dur","code_dep":"10","code_insee":"10220"}},{"type":"Feature","id":"batiment.41006417","geometry":{"type":"MultiPolygon","coordinates":[[[[3.78707942,48.51065212],[3.78717047,48.51065574],[3.78716942,48.51066735],[3.78728402,48.510671],[3.78728361,48.51070645],[3.78736691,48.51070878],[3.78737112,48.5106733],[3.78737366,48.51064423],[3.78717439,48.51063745],[3.78717552,48.51062296],[3.78722632,48.51062415],[3.78723021,48.51057699],[3.78708538,48.51057066],[3.78707942,48.51065212]]]]},"geometry_name":"geom","properties":{"gid":40928304,"type":"Bâtiment en dur","code_dep":"10","code_insee":"10220"}},{"type":"Feature","id":"batiment.41006418","geometry":{"type":"MultiPolygon","coordinates":[[[[3.78708538,48.51057066],[3.78716233,48.51057402],[3.78716484,48.51054261],[3.78708789,48.51053925],[3.78708538,48.51057066]]]]},"geometry_name":"geom","properties":{"gid":40928305,"type":"Bâtiment en dur","code_dep":"10","code_insee":"10220"}},{"type":"Feature","id":"batiment.41022709","geometry":{"type":"MultiPolygon","coordinates":[[[[3.75020167,48.51153936],[3.75015477,48.51146958],[3.75026964,48.51143548],[3.75021748,48.51135781],[3.75001619,48.51141764],[3.75011511,48.51156501],[3.75020167,48.51153936]]]]},"geometry_name":"geom","properties":{"gid":40944716,"type":"Bâtiment en dur","code_dep":"10","code_insee":"10323"}},{"type":"Feature","id":"batiment.41088639","geometry":{"type":"MultiPolygon","coordinates":[[[[3.75051737,48.51135672],[3.75055397,48.51140678],[3.75062716,48.51138329],[3.75059015,48.51133314],[3.75051737,48.51135672]]]]},"geometry_name":"geom","properties":{"gid":41011199,"type":"Bâtiment en dur","code_dep":"10","code_insee":"10323"}},{"type":"Feature","id":"batiment.41123388","geometry":{"type":"MultiPolygon","coordinates":[[[[3.75241318,48.50876794],[3.75244508,48.50876396],[3.75244351,48.50875866],[3.75241162,48.50876264],[3.75241318,48.50876794]]]]},"geometry_name":"geom","properties":{"gid":41046199,"type":"Construction légère","code_dep":"10","code_insee":"10323"}},{"type":"Feature","id":"batiment.41123393","geometry":{"type":"MultiPolygon","coordinates":[[[[3.75244993,48.5087812],[3.75244508,48.50876396],[3.75241318,48.50876794],[3.75241162,48.50876264],[3.75238702,48.50876576],[3.75239344,48.5087883],[3.75244993,48.5087812]]]]},"geometry_name":"geom","properties":{"gid":41046204,"type":"Bâtiment en dur","code_dep":"10","code_insee":"10323"}},{"type":"Feature","id":"batiment.41283564","geometry":{"type":"MultiPolygon","coordinates":[[[[3.77133614,48.50247866],[3.77134295,48.50250911],[3.77136648,48.5025068],[3.77139485,48.5026323],[3.77145978,48.50262837],[3.77143998,48.50254321],[3.7714182,48.50253507],[3.7714139,48.50250991],[3.7714654,48.50250445],[3.77145277,48.50246459],[3.77133614,48.50247866]]]]},"geometry_name":"geom","properties":{"gid":41207609,"type":"Bâtiment en dur","code_dep":"10","code_insee":"10220"}},{"type":"Feature","id":"batiment.43334020","geometry":{"type":"MultiPolygon","coordinates":[[[[3.75101822,48.5065617],[3.75111386,48.50654697],[3.75110154,48.50650963],[3.75108398,48.50651235],[3.75107933,48.50649915],[3.75101354,48.50650937],[3.75101806,48.50652248],[3.75100415,48.50652464],[3.75101822,48.5065617]]]]},"geometry_name":"geom","properties":{"gid":43274988,"type":"Bâtiment en dur","code_dep":"10","code_insee":"10323"}},{"type":"Feature","id":"batiment.45331684","geometry":{"type":"MultiPolygon","coordinates":[[[[3.80326572,48.50227995],[3.80327587,48.50232388],[3.80343969,48.50230721],[3.80342967,48.50226319],[3.80326572,48.50227995]]]]},"geometry_name":"geom","properties":{"gid":45289770,"type":"Bâtiment en dur","code_dep":"10","code_insee":"10220"}}]}