{"type":"FeatureCollection","features":[{"type":"Feature","id":"noeud_hydrographique.24648","geometry":{"type":"Point","coordinates":[3.75032996,48.51487705,74.6]},"geometry_name":"geometrie","properties":{"cleabs":"NOEUDHYD0000002485248106","code_hydrographique":"03N0000002485248106","code_du_pays":"FR","categorie":"Source","toponyme":null,"statut_du_toponyme":null,"date_creation":"2024-12-07T12:44:51.787Z","date_modification":"2025-05-19T14:29:30.397Z","date_d_apparition":null,"date_de_confirmation":null,"sources":null,"identifiants_sources":null,"methode_d_acquisition_planimetrique":"BDTopo","precision_planimetrique":2.5,"methode_d_acquisition_altimetrique":"BDTopo","precision_altimetrique":1.5,"mode_d_obtention_des_coordonnees":null,"mode_d_obtention_de_l_altitude":null,"statut":"Validé","commentaire_sur_l_objet_hydro":null,"liens_vers_cours_d_eau_amont":null,"liens_vers_cours_d_eau_aval":null}},{"type":"Feature","id":"noeud_hydrographique.26582","geometry":{"type":"Point","coordinates":[3.78278523,48.51847672,76]},"geometry_name":"geometrie","properties":{"cleabs":"NOEUDHYD0000002485252781","code_hydrographique":"03N0000002485252781","code_du_pays":"FR","categorie":"Source","toponyme":null,"statut_du_toponyme":null,"date_creation":"2024-12-07T12:44:51.787Z","date_modification":"2025-05-19T14:29:30.397Z","date_d_apparition":null,"date_de_confirmation":null,"sources":null,"identifiants_sources":null,"methode_d_acquisition_planimetrique":"Photogrammétrie","precision_planimetrique":2.5,"methode_d_acquisition_altimetrique":"Photogrammétrie","precision_altimetrique":1.5,"mode_d_obtention_des_coordonnees":null,"mode_d_obtention_de_l_altitude":null,"statut":"Validé","commentaire_sur_l_objet_hydro":null,"liens_vers_cours_d_eau_amont":null,"liens_vers_cours_d_eau_aval":null}},{"type":"Feature","id":"noeud_hydrographique.30763","geometry":{"type":"Point","coordinates":[3.76789396,48.50500391,73.5]},"geometry_name":"geometrie","properties":{"cleabs":"NOEUDHYD0000002485262569","code_hydrographique":"03N0000002485262569","code_du_pays":"FR","categorie":"Source","toponyme":null,"statut_du_toponyme":null,"date_creation":"2024-12-07T12:44:51.787Z","date_modification":"2025-05-19T14:29:30.397Z","date_d_apparition":null,"date_de_confirmation":null,"sources":null,"identifiants_sources":null,"methode_d_acquisition_planimetrique":"Photogrammétrie","precision_planimetrique":2.5,"methode_d_acquisition_altimetrique":"Photogrammétrie","precision_altimetrique":1.5,"mode_d_obtention_des_coordonnees":null,"mode_d_obtention_de_l_altitude":null,"statut":"Validé","commentaire_sur_l_objet_hydro":null,"liens_vers_cours_d_eau_amont":null,"liens_vers_cours_d_eau_aval":null}},{"type":"Feature","id":"noeud_hydrographique.39197","geometry":{"type":"Point","coordinates":[3.81191784,48.53407502,75.6]},"geometry_name":"geometrie","properties":{"cleabs":"NOEUDHYD0000002485282660","code_hydrographique":"03N0000002485282660","code_du_pays":"FR","categorie":"Source","toponyme":null,"statut_du_toponyme":null,"date_creation":"2024-12-07T12:44:51.787Z","date_modification":"2025-05-19T14:29:30.397Z","date_d_apparition":null,"date_de_confirmation":null,"sources":null,"identifiants_sources":null,"methode_d_acquisition_planimetrique":"BDTopo","precision_planimetrique":2.5,"methode_d_acquisition_altimetrique":"BDTopo","precision_altimetrique":1.5,"mode_d_obtention_des_coordonnees":null,"mode_d_obtention_de_l_altitude":null,"statut":"Validé","commentaire_sur_l_objet_hydro":null,"liens_vers_cours_d_eau_amont":null,"liens_vers_cours_d_eau_aval":null}},{"type":"Feature","id":"noeud_hydrographique.44252","geometry":{"type":"Point","coordinates":[3.78964225,48.51196845,75]},"geometry_name":"geometrie","properties":{"cleabs":"NOEUDHYD0000002485294637","code_hydrographique":"03N0000002485294637","code_du_pays":"FR","categorie":"Confluent","toponyme":null,"statut_du_toponyme":null,"date_creation":"2024-12-07T12:44:51.787Z","date_modification":"2025-05-19T14:29:30.397Z","date_d_apparition":null,"date_de_confirmation":null,"sources":null,"identifiants_sources":null,"methode_d_acquisition_planimetrique":"Photogrammétrie","precision_planimetrique":2.5,"methode_d_acquisition_altimetrique":"Photogrammétrie","precision_altimetrique":1.5,"mode_d_obtention_des_coordonnees":null,"mode_d_obtention_de_l_altitude":null,"statut":"Validé","commentaire_sur_l_objet_hydro":null,"liens_vers_cours_d_eau_amont":null,"liens_vers_cours_d_eau_aval":null}},{"type":"Feature","id":"noeud_hydrographique.53753","geometry":{"type":"Point","coordinates":[3.80983866,48.51820461,76]},"geometry_name":"geometrie","properties":{"cleabs":"NOEUDHYD0000002485317547","code_hydrographique":"03N0000002485317547","code_du_pays":"FR","categorie":"Source","toponyme":null,"statut_du_toponyme":null,"date_creation":"2024-12-07T12:44:51.787Z","date_modification":"2025-05-19T14:29:30.397Z","date_d_apparition":null,"date_de_confirmation":null,"sources":null,"identifiants_sources":null,"methode_d_acquisition_planimetrique":"BDTopo","precision_planimetrique":2.5,"methode_d_acquisition_altimetrique":"BDTopo","precision_altimetrique":1.5,"mode_d_obtention_des_coordonnees":null,"mode_d_obtention_de_l_altitude":null,"statut":"Validé","commentaire_sur_l_objet_hydro":null,"liens_vers_cours_d_eau_amont":null,"liens_vers_cours_d_eau_aval":null}},{"type":"Feature","id":"noeud_hydrographique.99266","geometry":{"type":"Point","coordinates":[3.8299143,48.52223589,77.8]},"geometry_name":"geometrie","properties":{"cleabs":"NOEUDHYD0000002485426281","code_hydrographique":"03N0000002485426281","code_du_pays":"FR","categorie":"Diffluent","toponyme":null,"statut_du_toponyme":null,"date_creation":"2024-12-07T12:44:51.787Z","date_modification":"2025-05-19T14:29:30.397Z","date_d_apparition":null,"date_de_confirmation":null,"sources":null,"identifiants_sources":null,"methode_d_acquisition_planimetrique":"Photogrammétrie","precision_planimetrique":2.5,"methode_d_acquisition_altimetrique":"Photogrammétrie","precision_altimetrique":1.5,"mode_d_obtention_des_coordonnees":null,"mode_d_obtention_de_l_altitude":null,"statut":"Validé","commentaire_sur_l_objet_hydro":null,"liens_vers_cours_d_eau_amont":null,"liens_vers_cours_d_eau_aval":null}},{"type":"Feature","id":"noeud_hydrographique.107320","geometry":{"type":"Point","coordinates":[3.80569432,48.52521835,75.1]},"geometry_name":"geometrie","properties":{"cleabs":"NOEUDHYD0000002485445515","code_hydrographique":"03N0000002485445515","code_du_pays":"FR","categorie":"Jonction linéaire","toponyme":null,"statut_du_toponyme":null,"date_creation":"2024-12-07T12:44:51.787Z","date_modification":"2025-05-19T14:29:30.397Z","date_d_apparition":null,"date_de_confirmation":null,"sources":null,"identifiants_sources":null,"methode_d_acquisition_planimetrique":"BDTopo","precision_planimetrique":2.5,"methode_d_acquisition_altimetrique":"BDTopo","precision_altimetrique":1.5,"mode_d_obtention_des_coordonnees":null,"mode_d_obtention_de_l_altitude":null,"statut":"Validé","commentaire_sur_l_objet_hydro":null,"liens_vers_cours_d_eau_amont":null,"liens_vers_cours_d_eau_aval":null}},{"type":"Feature","id":"noeud_hydrographique.108196","geometry":{"type":"Point","coordinates":[3.82949385,48.5227957,77.6]},"geometry_name":"geometrie","properties":{"cleabs":"NOEUDHYD0000002485447675","code_hydrographique":"03N0000002485447675","code_du_pays":"FR","categorie":"Jonction linéaire","toponyme":null,"statut_du_toponyme":null,"date_creation":"2024-12-07T12:44:51.787Z","date_modification":"2025-05-19T14:29:30.397Z","date_d_apparition":null,"date_de_confirmation":null,"sources":null,"identifiants_sources":null,"methode_d_acquisition_planimetrique":"Photogrammétrie","precision_planimetrique":2.5,"methode_d_acquisition_altimetrique":"Photogrammétrie","precision_altimetrique":1.5,"mode_d_obtention_des_coordonnees":null,"mode_d_obtention_de_l_altitude":null,"statut":"Validé","commentaire_sur_l_objet_hydro":null,"liens_vers_cours_d_eau_amont":null,"liens_vers_cours_d_eau_aval":null}},{"type":"Feature","id":"noeud_hydrographique.110997","geometry":{"type":"Point","coordinates":[3.8001845,48.52368663,74.1]},"geometry_name":"geometrie","properties":{"cleabs":"NOEUDHYD0000002485454407","code_hydrographique":"03N0000002485454407","code_du_pays":"FR","categorie":"Jonction linéaire","toponyme":null,"statut_du_toponyme":null,"date_creation":"2024-12-07T12:44:51.787Z","date_modification":"2025-05-19T14:29:30.397Z","date_d_apparition":null,"date_de_confirmation":null,"sources":null,"identifiants_sources":null,"methode_d_acquisition_planimetrique":"BDTopo","precision_planimetrique":2.5,"methode_d_acquisition_altimetrique":"BDTopo","precision_altimetrique":1.5,"mode_d_obtention_des_coordonnees":null,"mode_d_obtention_de_l_altitude":null,"statut":"Validé","commentaire_sur_l_objet_hydro":null,"liens_vers_cours_d_eau_amont":null,"liens_vers_cours_d_eau_aval":null}},{"type":"Feature","id":"noeud_hydrographique.140506","geometry":{"type":"Point","coordinates":[3.79138992,48.51221502,74.8]},"geometry_name":"geometrie","properties":{"cleabs":"NOEUDHYD0000002485524791","code_hydrographique":"03N0000002485524791","code_du_pays":"FR","categorie":"Exutoire","toponyme":null,"statut_du_toponyme":null,"date_creation":"2024-12-07T12:44:51.787Z","date_modification":"2025-05-19T14:29:30.397Z","date_d_apparition":null,"date_de_confirmation":null,"sources":null,"identifiants_sources":null,"methode_d_acquisition_planimetrique":"Photogrammétrie","precision_planimetrique":2.5,"methode_d_acquisition_altimetrique":"Photogrammétrie","precision_altimetrique":1.5,"mode_d_obtention_des_coordonnees":null,"mode_d_obtention_de_l_altitude":null,"statut":"Validé","commentaire_sur_l_objet_hydro":null,"liens_vers_cours_d_eau_amont":null,"liens_vers_cours_d_eau_aval":null}},{"type":"Feature","id":"noeud_hydrographique.165640","geometry":{"type":"Point","coordinates":[3.7843344,48.53160903,73.5]},"geometry_name":"geometrie","properties":{"cleabs":"NOEUDHYD0000002485583937","code_hydrographique":"03N0000002485583937","code_du_pays":"FR","categorie":"Source","toponyme":null,"statut_du_toponyme":null,"date_creation":"2024-12-07T12:44:51.787Z","date_modification":"2025-05-19T14:29:30.397Z","date_d_apparition":null,"date_de_confirmation":null,"sources":null,"identifiants_sources":null,"methode_d_acquisition_planimetrique":"BDTopo","precision_planimetrique":2.5,"methode_d_acquisition_altimetrique":"BDTopo","precision_altimetrique":1.5,"mode_d_obtention_des_coordonnees":null,"mode_d_obtention_de_l_altitude":null,"statut":"Validé","commentaire_sur_l_objet_hydro":null,"liens_vers_cours_d_eau_amont":null,"liens_vers_cours_d_eau_aval":null}},{"type":"Feature","id":"noeud_hydrographique.180382","geometry":{"type":"Point","coordinates":[3.81803594,48.52119011,-1000]},"geometry_name":"geometrie","properties":{"cleabs":"NOEUDHYD0000002485619559","code_hydrographique":"03N0000002485619559","code_du_pays":"FR","categorie":"Jonction linéaire","toponyme":null,"statut_du_toponyme":null,"date_creation":"2024-12-07T12:44:51.787Z","date_modification":"2025-05-19T14:29:30.397Z","date_d_apparition":null,"date_de_confirmation":null,"sources":null,"identifiants_sources":null,"methode_d_acquisition_planimetrique":"Orthophotographie","precision_planimetrique":3,"methode_d_acquisition_altimetrique":"Pas de Z","precision_altimetrique":9999,"mode_d_obtention_des_coordonnees":null,"mode_d_obtention_de_l_altitude":null,"statut":"Validé","commentaire_sur_l_objet_hydro":null,"liens_vers_cours_d_eau_amont":null,"liens_vers_cours_d_eau_aval":null}},{"type":"Feature","id":"noeud_hydrographique.182066","geometry":{"type":"Point","coordinates":[3.80574218,48.52507228,74.7]},"geometry_name":"geometrie","properties":{"cleabs":"NOEUDHYD0000002485623658","code_hydrographique":"03N0000002485623658","code_du_pays":"FR","categorie":"Diffluent","toponyme":null,"statut_du_toponyme":null,"date_creation":"2024-12-07T12:44:51.787Z","date_modification":"2025-05-19T14:29:30.397Z","date_d_apparition":null,"date_de_confirmation":null,"sources":null,"identifiants_sources":null,"methode_d_acquisition_planimetrique":"Orthophotographie","precision_planimetrique":3,"methode_d_acquisition_altimetrique":"Pas de Z","precision_altimetrique":9999,"mode_d_obtention_des_coordonnees":null,"mode_d_obtention_de_l_altitude":null,"statut":"Validé","commentaire_sur_l_objet_hydro":null,"liens_vers_cours_d_eau_amont":null,"liens_vers_cours_d_eau_aval":null}},{"type":"Feature","id":"noeud_hydrographique.198321","geometry":{"type":"Point","coordinates":[3.80345625,48.52481967,-1000]},"geometry_name":"geometrie","properties":{"cleabs":"NOEUDHYD0000002485663079","code_hydrographique":"03N0000002485663079","code_du_pays":"FR","categorie":"Jonction linéaire","toponyme":null,"statut_du_toponyme":null,"date_creation":"2024-12-07T12:44:51.787Z","date_modification":"2025-05-19T14:29:30.397Z","date_d_apparition":null,"date_de_confirmation":null,"sources":null,"identifiants_sources":null,"methode_d_acquisition_planimetrique":"Calculé","precision_planimetrique":20,"methode_d_acquisition_altimetrique":"Pas de Z","precision_altimetrique":9999,"mode_d_obtention_des_coordonnees":null,"mode_d_obtention_de_l_altitude":null,"statut":"Validé","commentaire_sur_l_objet_hydro":null,"liens_vers_cours_d_eau_amont":null,"liens_vers_cours_d_eau_aval":null}},{"type":"Feature","id":"noeud_hydrographique.202919","geometry":{"type":"Point","coordinates":[3.77857443,48.50191614,74.8]},"geometry_name":"geometrie","properties":{"cleabs":"NOEUDHYD0000002485674216","code_hydrographique":"03N0000002485674216","code_du_pays":"FR","categorie":"Source","toponyme":null,"statut_du_toponyme":null,"date_creation":"2024-12-07T12:44:51.787Z","date_modification":"2025-05-19T14:29:30.397Z","date_d_apparition":null,"date_de_confirmation":null,"sources":null,"identifiants_sources":null,"methode_d_acquisition_planimetrique":"BDTopo","precision_planimetrique":2.5,"methode_d_acquisition_altimetrique":"BDTopo","precision_altimetrique":1.5,"mode_d_obtention_des_coordonnees":null,"mode_d_obtention_de_l_altitude":null,"statut":"Validé","commentaire_sur_l_objet_hydro":null,"liens_vers_cours_d_eau_amont":null,"liens_vers_cours_d_eau_aval":null}},{"type":"Feature","id":"noeud_hydrographique.215632","geometry":{"type":"Point","coordinates":[3.77175693,48.50531624,74.8]},"geometry_name":"geometrie","properties":{"cleabs":"NOEUDHYD0000002485704887","code_hydrographique":"03N0000002485704887","code_du_pays":"FR","categorie":"Source","toponyme":null,"statut_du_toponyme":null,"date_creation":"2024-12-07T12:44:51.787Z","date_modification":"2025-05-19T14:29:30.397Z","date_d_apparition":null,"date_de_confirmation":null,"sources":null,"identifiants_sources":null,"methode_d_acquisition_planimetrique":"BDTopo","precision_planimetrique":2.5,"methode_d_acquisition_altimetrique":"BDTopo","precision_altimetrique":1.5,"mode_d_obtention_des_coordonnees":null,"mode_d_obtention_de_l_altitude":null,"statut":"Validé","commentaire_sur_l_objet_hydro":null,"liens_vers_cours_d_eau_amont":null,"liens_vers_cours_d_eau_aval":null}},{"type":"Feature","id":"noeud_hydrographique.220421","geometry":{"type":"Point","coordinates":[3.80508995,48.52581439,75.6]},"geometry_name":"geometrie","properties":{"cleabs":"NOEUDHYD0000002485716425","code_hydrographique":"03N0000002485716425","code_du_pays":"FR","categorie":"Jonction linéaire","toponyme":null,"statut_du_toponyme":null,"date_creation":"2024-12-07T12:44:51.787Z","date_modification":"2025-05-19T14:29:30.397Z","date_d_apparition":null,"date_de_confirmation":null,"sources":null,"identifiants_sources":null,"methode_d_acquisition_planimetrique":"BDTopo","precision_planimetrique":2.5,"methode_d_acquisition_altimetrique":"BDTopo","precision_altimetrique":1.5,"mode_d_obtention_des_coordonnees":null,"mode_d_obtention_de_l_altitude":null,"statut":"Validé","commentaire_sur_l_objet_hydro":null,"liens_vers_cours_d_eau_amont":null,"liens_vers_cours_d_eau_aval":null}},{"type":"Feature","id":"noeud_hydrographique.254483","geometry":{"type":"Point","coordinates":[3.82570774,48.52532031,77]},"geometry_name":"geometrie","properties":{"cleabs":"NOEUDHYD0000002485799262","code_hydrographique":"03N0000002485799262","code_du_pays":"FR","categorie":"Source","toponyme":null,"statut_du_toponyme":null,"date_creation":"2024-12-07T12:44:51.787Z","date_modification":"2025-05-19T14:29:30.397Z","date_d_apparition":null,"date_de_confirmation":null,"sources":null,"identifiants_sources":null,"methode_d_acquisition_planimetrique":"BDTopo","precision_planimetrique":2.5,"methode_d_acquisition_altimetrique":"BDTopo","precision_altimetrique":1.5,"mode_d_obtention_des_coordonnees":null,"mode_d_obtention_de_l_altitude":null,"statut":"Validé","commentaire_sur_l_objet_hydro":null,"liens_vers_cours_d_eau_amont":null,"liens_vers_cours_d_eau_aval":null}},{"type":"Feature","id":"noeud_hydrographique.276225","geometry":{"type":"Point","coordinates":[3.76661836,48.52740645,-1000]},"geometry_name":"geometrie","properties":{"cleabs":"NOEUDHYD0000002485851898","code_hydrographique":"03N0000002485851898","code_du_pays":"FR","categorie":"Source","toponyme":null,"statut_du_toponyme":null,"date_creation":"2024-12-07T12:44:51.787Z","date_modification":"2025-05-19T14:29:30.397Z","date_d_apparition":null,"date_de_confirmation":null,"sources":null,"identifiants_sources":null,"methode_d_acquisition_planimetrique":"Orthophotographie","precision_planimetrique":3,"methode_d_acquisition_altimetrique":"Pas de Z","precision_altimetrique":9999,"mode_d_obtention_des_coordonnees":null,"mode_d_obtention_de_l_altitude":null,"statut":"Validé","commentaire_sur_l_objet_hydro":null,"liens_vers_cours_d_eau_amont":null,"liens_vers_cours_d_eau_aval":null}},{"type":"Feature","id":"noeud_hydrographique.295450","geometry":{"type":"Point","coordinates":[3.77485764,48.50296332,76.3]},"geometry_name":"geometrie","properties":{"cleabs":"NOEUDHYD0000002485898151","code_hydrographique":"03N0000002485898151","code_du_pays":"FR","categorie":"Source","toponyme":null,"statut_du_toponyme":null,"date_creation":"2024-12-07T12:44:51.787Z","date_modification":"2025-05-19T14:29:30.397Z","date_d_apparition":null,"date_de_confirmation":null,"sources":null,"identifiants_sources":null,"methode_d_acquisition_planimetrique":"BDTopo","precision_planimetrique":2.5,"methode_d_acquisition_altimetrique":"BDTopo","precision_altimetrique":1.5,"mode_d_obtention_des_coordonnees":null,"mode_d_obtention_de_l_altitude":null,"statut":"Validé","commentaire_sur_l_objet_hydro":null,"liens_vers_cours_d_eau_amont":null,"liens_vers_cours_d_eau_aval":null}},{"type":"Feature","id":"noeud_hydrographique.323420","geometry":{"type":"Point","coordinates":[3.82162593,48.51590972,76.4]},"geometry_name":"geometrie","properties":{"cleabs":"NOEUDHYD0000002485965648","code_hydrographique":"03N0000002485965648","code_du_pays":"FR","categorie":"Source","toponyme":null,"statut_du_toponyme":null,"date_creation":"2024-12-07T12:44:51.787Z","date_modification":"2025-05-19T14:29:30.397Z","date_d_apparition":null,"date_de_confirmation":null,"sources":null,"identifiants_sources":null,"methode_d_acquisition_planimetrique":"Photogrammétrie","precision_planimetrique":2.5,"methode_d_acquisition_altimetrique":"Photogrammétrie","precision_altimetrique":1.5,"mode_d_obtention_des_coordonnees":null,"mode_d_obtention_de_l_altitude":null,"statut":"Validé","commentaire_sur_l_objet_hydro":null,"liens_vers_cours_d_eau_amont":null,"liens_vers_cours_d_eau_aval":null}},{"type":"Feature","id":"noeud_hydrographique.324734","geometry":{"type":"Point","coordinates":[3.75062435,48.51529442,74.6]},"geometry_name":"geometrie","properties":{"cleabs":"NOEUDHYD0000002485968738","code_hydrographique":"03N0000002485968738","code_du_pays":"FR","categorie":"Diffluent","toponyme":null,"statut_du_toponyme":null,"date_creation":"2024-12-07T12:44:51.787Z","date_modification":"2025-05-19T14:29:30.397Z","date_d_apparition":null,"date_de_confirmation":null,"sources":null,"identifiants_sources":null,"methode_d_acquisition_planimetrique":"BDTopo","precision_planimetrique":2.5,"methode_d_acquisition_altimetrique":"BDTopo","precision_altimetrique":1.5,"mode_d_obtention_des_coordonnees":null,"mode_d_obtention_de_l_altitude":null,"statut":"Validé","commentaire_sur_l_objet_hydro":null,"liens_vers_cours_d_eau_amont":null,"liens_vers_cours_d_eau_aval":null}},{"type":"Feature","id":"noeud_hydrographique.339547","geometry":{"type":"Point","coordinates":[3.78710244,48.52092217,74.1]},"geometry_name":"geometrie","properties":{"cleabs":"NOEUDHYD0000002486004825","code_hydrographique":"03N0000002486004825","code_du_pays":"FR","categorie":"Confluent","toponyme":null,"statut_du_toponyme":null,"date_creation":"2024-12-07T12:44:51.787Z","date_modification":"2025-05-19T14:29:30.397Z","date_d_apparition":null,"date_de_confirmation":null,"sources":null,"identifiants_sources":null,"methode_d_acquisition_planimetrique":"Photogrammétrie","precision_planimetrique":2.5,"methode_d_acquisition_altimetrique":"Photogrammétrie","precision_altimetrique":1.5,"mode_d_obtention_des_coordonnees":null,"mode_d_obtention_de_l_altitude":null,"statut":"Validé","commentaire_sur_l_objet_hydro":null,"liens_vers_cours_d_eau_amont":null,"liens_vers_cours_d_eau_aval":null}},{"type":"Feature","id":"noeud_hydrographique.339996","geometry":{"type":"Point","coordinates":[3.80566939,48.52509437,74.7]},"geometry_name":"geometrie","properties":{"cleabs":"NOEUDHYD0000002486005961","code_hydrographique":"03N0000002486005961","code_du_pays":"FR","categorie":"Confluent","toponyme":null,"statut_du_toponyme":null,"date_creation":"2024-12-07T12:44:51.787Z","date_modification":"2025-05-19T14:29:30.397Z","date_d_apparition":null,"date_de_confirmation":null,"sources":null,"identifiants_sources":null,"methode_d_acquisition_planimetrique":"BDTopo","precision_planimetrique":2.5,"methode_d_acquisition_altimetrique":"BDTopo","precision_altimetrique":1.5,"mode_d_obtention_des_coordonnees":null,"mode_d_obtention_de_l_altitude":null,"statut":"Validé","commentaire_sur_l_objet_hydro":null,"liens_vers_cours_d_eau_amont":null,"liens_vers_cours_d_eau_aval":null}},{"type":"Feature","id":"noeud_hydrographique.361305","geometry":{"type":"Point","coordinates":[3.80244664,48.52442436,-1000]},"geometry_name":"geometrie","properties":{"cleabs":"NOEUDHYD0000002486057973","code_hydrographique":"03N0000002486057973","code_du_pays":"FR","categorie":"Jonction linéaire","toponyme":null,"statut_du_toponyme":null,"date_creation":"2024-12-07T12:44:51.787Z","date_modification":"2025-05-19T14:29:30.397Z","date_d_apparition":null,"date_de_confirmation":null,"sources":null,"identifiants_sources":null,"methode_d_acquisition_planimetrique":"Calculé","precision_planimetrique":20,"methode_d_acquisition_altimetrique":"Pas de Z","precision_altimetrique":9999,"mode_d_obtention_des_coordonnees":null,"mode_d_obtention_de_l_altitude":null,"statut":"Validé","commentaire_sur_l_objet_hydro":null,"liens_vers_cours_d_eau_amont":null,"liens_vers_cours_d_eau_aval":null}},{"type":"Feature","id":"noeud_hydrographique.365573","geometry":{"type":"Point","coordinates":[3.7796927,48.53453722,73.5]},"geometry_name":"geometrie","properties":{"cleabs":"NOEUDHYD0000002486068402","code_hydrographique":"03N0000002486068402","code_du_pays":"FR","categorie":"Confluent","toponyme":null,"statut_du_toponyme":null,"date_creation":"2024-12-07T12:44:51.787Z","date_modification":"2025-05-19T14:29:30.397Z","date_d_apparition":null,"date_de_confirmation":null,"sources":null,"identifiants_sources":null,"methode_d_acquisition_planimetrique":"Photogrammétrie","precision_planimetrique":2.5,"methode_d_acquisition_altimetrique":"Photogrammétrie","precision_altimetrique":1.5,"mode_d_obtention_des_coordonnees":null,"mode_d_obtention_de_l_altitude":null,"statut":"Validé","commentaire_sur_l_objet_hydro":null,"liens_vers_cours_d_eau_amont":null,"liens_vers_cours_d_eau_aval":null}},{"type":"Feature","id":"noeud_hydrographique.377374","geometry":{"type":"Point","coordinates":[3.77977923,48.53306848,73.5]},"geometry_name":"geometrie","properties":{"cleabs":"NOEUDHYD0000002486096929","code_hydrographique":"03N0000002486096929","code_du_pays":"FR","categorie":"Source","toponyme":null,"statut_du_toponyme":null,"date_creation":"2024-12-07T12:44:51.787Z","date_modification":"2025-05-19T14:29:30.397Z","date_d_apparition":null,"date_de_confirmation":null,"sources":null,"identifiants_sources":null,"methode_d_acquisition_planimetrique":"BDTopo","precision_planimetrique":2.5,"methode_d_acquisition_altimetrique":"BDTopo","precision_altimetrique":1.5,"mode_d_obtention_des_coordonnees":null,"mode_d_obtention_de_l_altitude":null,"statut":"Validé","commentaire_sur_l_objet_hydro":null,"liens_vers_cours_d_eau_amont":null,"liens_vers_cours_d_eau_aval":null}},{"type":"Feature","id":"noeud_hydrographique.434958","geometry":{"type":"Point","coordinates":[3.80668945,48.52405378,-1000]},"geometry_name":"geometrie","properties":{"cleabs":"NOEUDHYD0000002485237099","code_hydrographique":"03N0000002485237099","code_du_pays":"FR","categorie":"Jonction linéaire","toponyme":null,"statut_du_toponyme":null,"date_creation":"2024-12-07T12:44:51.787Z","date_modification":"2025-05-19T14:29:30.397Z","date_d_apparition":null,"date_de_confirmation":null,"sources":null,"identifiants_sources":null,"methode_d_acquisition_planimetrique":"Orthophotographie","precision_planimetrique":3,"methode_d_acquisition_altimetrique":"Pas de Z","precision_altimetrique":9999,"mode_d_obtention_des_coordonnees":null,"mode_d_obtention_de_l_altitude":null,"statut":"Validé","commentaire_sur_l_objet_hydro":null,"liens_vers_cours_d_eau_amont":null,"liens_vers_cours_d_eau_aval":null}},{"type":"Feature","id":"noeud_hydrographique.453115","geometry":{"type":"Point","coordinates":[3.82148158,48.51456038,76.1]},"geometry_name":"geometrie","properties":{"cleabs":"NOEUDHYD0000002485281319","code_hydrographique":"03N0000002485281319","code_du_pays":"FR","categorie":"Diffluent","toponyme":null,"statut_du_toponyme":null,"date_creation":"2024-12-07T12:44:51.787Z","date_modification":"2025-05-19T14:29:30.397Z","date_d_apparition":null,"date_de_confirmation":null,"sources":null,"identifiants_sources":null,"methode_d_acquisition_planimetrique":"Photogrammétrie","precision_planimetrique":2.5,"methode_d_acquisition_altimetrique":"Photogrammétrie","precision_altimetrique":1.5,"mode_d_obtention_des_coordonnees":null,"mode_d_obtention_de_l_altitude":null,"statut":"Validé","commentaire_sur_l_objet_hydro":null,"liens_vers_cours_d_eau_amont":null,"liens_vers_cours_d_eau_aval":null}},{"type":"Feature","id":"noeud_hydrographique.454634","geometry":{"type":"Point","coordinates":[3.81041785,48.53430656,75.5]},"geometry_name":"geometrie","properties":{"cleabs":"NOEUDHYD0000002485285085","code_hydrographique":"03N0000002485285085","code_du_pays":"FR","categorie":"Source","toponyme":null,"statut_du_toponyme":null,"date_creation":"2024-12-07T12:44:51.787Z","date_modification":"2025-05-19T14:29:30.397Z","date_d_apparition":null,"date_de_confirmation":null,"sources":null,"identifiants_sources":null,"methode_d_acquisition_planimetrique":"BDTopo","precision_planimetrique":2.5,"methode_d_acquisition_altimetrique":"BDTopo","precision_altimetrique":1.5,"mode_d_obtention_des_coordonnees":null,"mode_d_obtention_de_l_altitude":null,"statut":"Validé","commentaire_sur_l_objet_hydro":null,"liens_vers_cours_d_eau_amont":null,"liens_vers_cours_d_eau_aval":null}},{"type":"Feature","id":"noeud_hydrographique.498767","geometry":{"type":"Point","coordinates":[3.74997194,48.51720663,71.9]},"geometry_name":"geometrie","properties":{"cleabs":"NOEUDHYD0000002485391961","code_hydrographique":"03N0000002485391961","code_du_pays":"FR","categorie":"Source","toponyme":null,"statut_du_toponyme":null,"date_creation":"2024-12-07T12:44:51.787Z","date_modification":"2025-05-19T14:29:30.397Z","date_d_apparition":null,"date_de_confirmation":null,"sources":null,"identifiants_sources":null,"methode_d_acquisition_planimetrique":"Photogrammétrie","precision_planimetrique":2.5,"methode_d_acquisition_altimetrique":"Photogrammétrie","precision_altimetrique":1.5,"mode_d_obtention_des_coordonnees":null,"mode_d_obtention_de_l_altitude":null,"statut":"Validé","commentaire_sur_l_objet_hydro":null,"liens_vers_cours_d_eau_amont":null,"liens_vers_cours_d_eau_aval":null}},{"type":"Feature","id":"noeud_hydrographique.523148","geometry":{"type":"Point","coordinates":[3.78780025,48.52121802,73]},"geometry_name":"geometrie","properties":{"cleabs":"NOEUDHYD0000002485451240","code_hydrographique":"03N0000002485451240","code_du_pays":"FR","categorie":"Jonction linéaire","toponyme":null,"statut_du_toponyme":null,"date_creation":"2024-12-07T12:44:51.787Z","date_modification":"2025-05-19T14:29:30.397Z","date_d_apparition":null,"date_de_confirmation":null,"sources":null,"identifiants_sources":null,"methode_d_acquisition_planimetrique":"BDTopo","precision_planimetrique":2.5,"methode_d_acquisition_altimetrique":"BDTopo","precision_altimetrique":1.5,"mode_d_obtention_des_coordonnees":null,"mode_d_obtention_de_l_altitude":null,"statut":"Validé","commentaire_sur_l_objet_hydro":null,"liens_vers_cours_d_eau_amont":null,"liens_vers_cours_d_eau_aval":null}},{"type":"Feature","id":"noeud_hydrographique.525958","geometry":{"type":"Point","coordinates":[3.80166441,48.52543631,74.5]},"geometry_name":"geometrie","properties":{"cleabs":"NOEUDHYD0000002485457972","code_hydrographique":"03N0000002485457972","code_du_pays":"FR","categorie":"Jonction linéaire","toponyme":null,"statut_du_toponyme":null,"date_creation":"2024-12-07T12:44:51.787Z","date_modification":"2025-05-19T14:29:30.397Z","date_d_apparition":null,"date_de_confirmation":null,"sources":null,"identifiants_sources":null,"methode_d_acquisition_planimetrique":"BDTopo","precision_planimetrique":2.5,"methode_d_acquisition_altimetrique":"BDTopo","precision_altimetrique":1.5,"mode_d_obtention_des_coordonnees":null,"mode_d_obtention_de_l_altitude":null,"statut":"Validé","commentaire_sur_l_objet_hydro":null,"liens_vers_cours_d_eau_amont":null,"liens_vers_cours_d_eau_aval":null}},{"type":"Feature","id":"noeud_hydrographique.542066","geometry":{"type":"Point","coordinates":[3.78135722,48.53470171,73.5]},"geometry_name":"geometrie","properties":{"cleabs":"NOEUDHYD0000002485497307","code_hydrographique":"03N0000002485497307","code_du_pays":"FR","categorie":"Confluent","toponyme":null,"statut_du_toponyme":null,"date_creation":"2024-12-07T12:44:51.787Z","date_modification":"2025-05-19T14:29:30.397Z","date_d_apparition":null,"date_de_confirmation":null,"sources":null,"identifiants_sources":null,"methode_d_acquisition_planimetrique":"Photogrammétrie","precision_planimetrique":2.5,"methode_d_acquisition_altimetrique":"Photogrammétrie","precision_altimetrique":1.5,"mode_d_obtention_des_coordonnees":null,"mode_d_obtention_de_l_altitude":null,"statut":"Validé","commentaire_sur_l_objet_hydro":null,"liens_vers_cours_d_eau_amont":null,"liens_vers_cours_d_eau_aval":null}},{"type":"Feature","id":"noeud_hydrographique.545375","geometry":{"type":"Point","coordinates":[3.81769522,48.51566604,76.3]},"geometry_name":"geometrie","properties":{"cleabs":"NOEUDHYD0000002485505392","code_hydrographique":"03N0000002485505392","code_du_pays":"FR","categorie":"Jonction linéaire","toponyme":null,"statut_du_toponyme":null,"date_creation":"2024-12-07T12:44:51.787Z","date_modification":"2025-05-19T14:29:30.397Z","date_d_apparition":null,"date_de_confirmation":null,"sources":null,"identifiants_sources":null,"methode_d_acquisition_planimetrique":"Photogrammétrie","precision_planimetrique":2.5,"methode_d_acquisition_altimetrique":"Photogrammétrie","precision_altimetrique":1.5,"mode_d_obtention_des_coordonnees":null,"mode_d_obtention_de_l_altitude":null,"statut":"Validé","commentaire_sur_l_objet_hydro":null,"liens_vers_cours_d_eau_amont":null,"liens_vers_cours_d_eau_aval":null}},{"type":"Feature","id":"noeud_hydrographique.594934","geometry":{"type":"Point","coordinates":[3.82052653,48.51254191,74.9]},"geometry_name":"geometrie","properties":{"cleabs":"NOEUDHYD0000002485625683","code_hydrographique":"03N0000002485625683","code_du_pays":"FR","categorie":"Jonction linéaire","toponyme":null,"statut_du_toponyme":null,"date_creation":"2024-12-07T12:44:51.787Z","date_modification":"2025-05-19T14:29:30.397Z","date_d_apparition":null,"date_de_confirmation":null,"sources":null,"identifiants_sources":null,"methode_d_acquisition_planimetrique":"Photogrammétrie","precision_planimetrique":2.5,"methode_d_acquisition_altimetrique":"Photogrammétrie","precision_altimetrique":1.5,"mode_d_obtention_des_coordonnees":null,"mode_d_obtention_de_l_altitude":null,"statut":"Validé","commentaire_sur_l_objet_hydro":null,"liens_vers_cours_d_eau_amont":null,"liens_vers_cours_d_eau_aval":null}},{"type":"Feature","id":"noeud_hydrographique.597736","geometry":{"type":"Point","coordinates":[3.79535042,48.53499126,75]},"geometry_name":"geometrie","properties":{"cleabs":"NOEUDHYD0000002485632485","code_hydrographique":"03N0000002485632485","code_du_pays":"FR","categorie":"Diffluent","toponyme":null,"statut_du_toponyme":null,"date_creation":"2024-12-07T12:44:51.787Z","date_modification":"2025-05-19T14:29:30.397Z","date_d_apparition":null,"date_de_confirmation":null,"sources":null,"identifiants_sources":null,"methode_d_acquisition_planimetrique":"BDTopo","precision_planimetrique":2.5,"methode_d_acquisition_altimetrique":"BDTopo","precision_altimetrique":1.5,"mode_d_obtention_des_coordonnees":null,"mode_d_obtention_de_l_altitude":null,"statut":"Validé","commentaire_sur_l_objet_hydro":null,"liens_vers_cours_d_eau_amont":null,"liens_vers_cours_d_eau_aval":null}},{"type":"Feature","id":"noeud_hydrographique.610469","geometry":{"type":"Point","coordinates":[3.75114029,48.51605314,74.6]},"geometry_name":"geometrie","properties":{"cleabs":"NOEUDHYD0000002485663362","code_hydrographique":"03N0000002485663362","code_du_pays":"FR","categorie":"Embranchement","toponyme":null,"statut_du_toponyme":null,"date_creation":"2024-12-07T12:44:51.787Z","date_modification":"2025-05-19T14:29:30.397Z","date_d_apparition":null,"date_de_confirmation":null,"sources":null,"identifiants_sources":null,"methode_d_acquisition_planimetrique":"Photogrammétrie","precision_planimetrique":2.5,"methode_d_acquisition_altimetrique":"Photogrammétrie","precision_altimetrique":1.5,"mode_d_obtention_des_coordonnees":null,"mode_d_obtention_de_l_altitude":null,"statut":"Validé","commentaire_sur_l_objet_hydro":null,"liens_vers_cours_d_eau_amont":null,"liens_vers_cours_d_eau_aval":null}},{"type":"Feature","id":"noeud_hydrographique.616736","geometry":{"type":"Point","coordinates":[3.75245833,48.51250119,72.1]},"geometry_name":"geometrie","properties":{"cleabs":"NOEUDHYD0000002485678738","code_hydrographique":"03N0000002485678738","code_du_pays":"FR","categorie":"Source","toponyme":null,"statut_du_toponyme":null,"date_creation":"2024-12-07T12:44:51.787Z","date_modification":"2025-05-19T14:29:30.397Z","date_d_apparition":null,"date_de_confirmation":null,"sources":null,"identifiants_sources":null,"methode_d_acquisition_planimetrique":"BDTopo","precision_planimetrique":2.5,"methode_d_acquisition_altimetrique":"BDTopo","precision_altimetrique":1.5,"mode_d_obtention_des_coordonnees":null,"mode_d_obtention_de_l_altitude":null,"statut":"Validé","commentaire_sur_l_objet_hydro":null,"liens_vers_cours_d_eau_amont":null,"liens_vers_cours_d_eau_aval":null}},{"type":"Feature","id":"noeud_hydrographique.634978","geometry":{"type":"Point","coordinates":[3.80348484,48.52491753,-1000]},"geometry_name":"geometrie","properties":{"cleabs":"NOEUDHYD0000002485723106","code_hydrographique":"03N0000002485723106","code_du_pays":"FR","categorie":"Confluent","toponyme":null,"statut_du_toponyme":null,"date_creation":"2024-12-07T12:44:51.787Z","date_modification":"2025-05-19T14:29:30.397Z","date_d_apparition":null,"date_de_confirmation":null,"sources":null,"identifiants_sources":null,"methode_d_acquisition_planimetrique":"Scan25","precision_planimetrique":10,"methode_d_acquisition_altimetrique":"Pas de Z","precision_altimetrique":9999,"mode_d_obtention_des_coordonnees":null,"mode_d_obtention_de_l_altitude":null,"statut":"Validé","commentaire_sur_l_objet_hydro":null,"liens_vers_cours_d_eau_amont":null,"liens_vers_cours_d_eau_aval":null}},{"type":"Feature","id":"noeud_hydrographique.642502","geometry":{"type":"Point","coordinates":[3.81985691,48.51526791,77.3]},"geometry_name":"geometrie","properties":{"cleabs":"NOEUDHYD0000002485741510","code_hydrographique":"03N0000002485741510","code_du_pays":"FR","categorie":"Jonction linéaire","toponyme":null,"statut_du_toponyme":null,"date_creation":"2024-12-07T12:44:51.787Z","date_modification":"2025-05-19T14:29:30.397Z","date_d_apparition":null,"date_de_confirmation":null,"sources":null,"identifiants_sources":null,"methode_d_acquisition_planimetrique":"Photogrammétrie","precision_planimetrique":2.5,"methode_d_acquisition_altimetrique":"Photogrammétrie","precision_altimetrique":1.5,"mode_d_obtention_des_coordonnees":null,"mode_d_obtention_de_l_altitude":null,"statut":"Validé","commentaire_sur_l_objet_hydro":null,"liens_vers_cours_d_eau_amont":null,"liens_vers_cours_d_eau_aval":null}},{"type":"Feature","id":"noeud_hydrographique.644131","geometry":{"type":"Point","coordinates":[3.83093171,48.52627619,77.1]},"geometry_name":"geometrie","properties":{"cleabs":"NOEUDHYD0000002485745494","code_hydrographique":"03N0000002485745494","code_du_pays":"FR","categorie":"Diffluent","toponyme":null,"statut_du_toponyme":null,"date_creation":"2024-12-07T12:44:51.787Z","date_modification":"2025-05-19T14:29:30.397Z","date_d_apparition":null,"date_de_confirmation":null,"sources":null,"identifiants_sources":null,"methode_d_acquisition_planimetrique":"BDTopo","precision_planimetrique":2.5,"methode_d_acquisition_altimetrique":"BDTopo","precision_altimetrique":1.5,"mode_d_obtention_des_coordonnees":null,"mode_d_obtention_de_l_altitude":null,"statut":"Validé","commentaire_sur_l_objet_hydro":null,"liens_vers_cours_d_eau_amont":null,"liens_vers_cours_d_eau_aval":null}},{"type":"Feature","id":"noeud_hydrographique.645676","geometry":{"type":"Point","coordinates":[3.7967638,48.5244176,-1000]},"geometry_name":"geometrie","properties":{"cleabs":"NOEUDHYD0000002485749224","code_hydrographique":"03N0000002485749224","code_du_pays":"FR","categorie":"Jonction linéaire","toponyme":null,"statut_du_toponyme":null,"date_creation":"2024-12-07T12:44:51.787Z","date_modification":"2025-05-19T14:29:30.397Z","date_d_apparition":null,"date_de_confirmation":null,"sources":null,"identifiants_sources":null,"methode_d_acquisition_planimetrique":"Fichier numérique non métrique","precision_planimetrique":5,"methode_d_acquisition_altimetrique":"Pas de Z","precision_altimetrique":9999,"mode_d_obtention_des_coordonnees":null,"mode_d_obtention_de_l_altitude":null,"statut":"Validé","commentaire_sur_l_objet_hydro":null,"liens_vers_cours_d_eau_amont":null,"liens_vers_cours_d_eau_aval":null}},{"type":"Feature","id":"noeud_hydrographique.706772","geometry":{"type":"Point","coordinates":[3.77293555,48.53505453,73.5]},"geometry_name":"geometrie","properties":{"cleabs":"NOEUDHYD0000002485897558","code_hydrographique":"03N0000002485897558","code_du_pays":"FR","categorie":"Source","toponyme":null,"statut_du_toponyme":null,"date_creation":"2024-12-07T12:44:51.787Z","date_modification":"2025-05-19T14:29:30.397Z","date_d_apparition":null,"date_de_confirmation":null,"sources":null,"identifiants_sources":null,"methode_d_acquisition_planimetrique":"BDTopo","precision_planimetrique":2.5,"methode_d_acquisition_altimetrique":"BDTopo","precision_altimetrique":1.5,"mode_d_obtention_des_coordonnees":null,"mode_d_obtention_de_l_altitude":null,"statut":"Validé","commentaire_sur_l_objet_hydro":null,"liens_vers_cours_d_eau_amont":null,"liens_vers_cours_d_eau_aval":null}},{"type":"Feature","id":"noeud_hydrographique.753851","geometry":{"type":"Point","coordinates":[3.78659075,48.52138797,73]},"geometry_name":"geometrie","properties":{"cleabs":"NOEUDHYD0000002486012591","code_hydrographique":"03N0000002486012591","code_du_pays":"FR","categorie":"Jonction linéaire","toponyme":null,"statut_du_toponyme":null,"date_creation":"2024-12-07T12:44:51.787Z","date_modification":"2025-05-19T14:29:30.397Z","date_d_apparition":null,"date_de_confirmation":null,"sources":null,"identifiants_sources":null,"methode_d_acquisition_planimetrique":"BDTopo","precision_planimetrique":2.5,"methode_d_acquisition_altimetrique":"BDTopo","precision_altimetrique":1.5,"mode_d_obtention_des_coordonnees":null,"mode_d_obtention_de_l_altitude":null,"statut":"Validé","commentaire_sur_l_objet_hydro":null,"liens_vers_cours_d_eau_amont":null,"liens_vers_cours_d_eau_aval":null}},{"type":"Feature","id":"noeud_hydrographique.763908","geometry":{"type":"Point","coordinates":[3.76737106,48.5061849,73.5]},"geometry_name":"geometrie","properties":{"cleabs":"NOEUDHYD0000002486037102","code_hydrographique":"03N0000002486037102","code_du_pays":"FR","categorie":"Exutoire","toponyme":null,"statut_du_toponyme":null,"date_creation":"2024-12-07T12:44:51.787Z","date_modification":"2025-05-19T14:29:30.397Z","date_d_apparition":null,"date_de_confirmation":null,"sources":null,"identifiants_sources":null,"methode_d_acquisition_planimetrique":"Photogrammétrie","precision_planimetrique":2.5,"methode_d_acquisition_altimetrique":"Photogrammétrie","precision_altimetrique":1.5,"mode_d_obtention_des_coordonnees":null,"mode_d_obtention_de_l_altitude":null,"statut":"Validé","commentaire_sur_l_objet_hydro":null,"liens_vers_cours_d_eau_amont":null,"liens_vers_cours_d_eau_aval":null}},{"type":"Feature","id":"noeud_hydrographique.1008757","geometry":{"type":"Point","coordinates":[3.75402666,48.53363043,71.9]},"geometry_name":"geometrie","properties":{"cleabs":"NOEUDHYD0000002486644708","code_hydrographique":"03N0000002486644708","code_du_pays":"FR","categorie":"Diffluent","toponyme":null,"statut_du_toponyme":null,"date_creation":"2024-12-07T12:44:51.787Z","date_modification":"2025-05-19T15:40:14.355Z","date_d_apparition":null,"date_de_confirmation":null,"sources":null,"identifiants_sources":null,"methode_d_acquisition_planimetrique":"BDTopo","precision_planimetrique":2.5,"methode_d_acquisition_altimetrique":"BDTopo","precision_altimetrique":1.5,"mode_d_obtention_des_coordonnees":null,"mode_d_obtention_de_l_altitude":null,"statut":"Validé","commentaire_sur_l_objet_hydro":null,"liens_vers_cours_d_eau_amont":"COURDEAU0000002000813388","liens_vers_cours_d_eau_aval":"COURDEAU0000002000813341/COURDEAU0000002000813388"}},{"type":"Feature","id":"noeud_hydrographique.1008758","geometry":{"type":"Point","coordinates":[3.75364307,48.53389555,72.1]},"geometry_name":"geometrie","properties":{"cleabs":"NOEUDHYD0000002486644710","code_hydrographique":"03N0000002486644710","code_du_pays":"FR","categorie":"Confluent","toponyme":null,"statut_du_toponyme":null,"date_creation":"2024-12-07T12:44:51.787Z","date_modification":"2025-05-19T15:40:14.355Z","date_d_apparition":null,"date_de_confirmation":null,"sources":null,"identifiants_sources":null,"methode_d_acquisition_planimetrique":"Photogrammétrie","precision_planimetrique":2.5,"methode_d_acquisition_altimetrique":"Photogrammétrie","precision_altimetrique":1.5,"mode_d_obtention_des_coordonnees":null,"mode_d_obtention_de_l_altitude":null,"statut":"Validé","commentaire_sur_l_objet_hydro":null,"liens_vers_cours_d_eau_amont":"COURDEAU0000002000813388","liens_vers_cours_d_eau_aval":"COURDEAU0000002000813388"}},{"type":"Feature","id":"noeud_hydrographique.1008766","geometry":{"type":"Point","coordinates":[3.74994318,48.5179418,74.3]},"geometry_name":"geometrie","properties":{"cleabs":"NOEUDHYD0000002486644721","code_hydrographique":"03N0000002486644721","code_du_pays":"FR","categorie":"Diffluent","toponyme":null,"statut_du_toponyme":null,"date_creation":"2024-12-07T12:44:51.787Z","date_modification":"2025-05-19T15:40:14.355Z","date_d_apparition":null,"date_de_confirmation":null,"sources":null,"identifiants_sources":null,"methode_d_acquisition_planimetrique":"BDTopo","precision_planimetrique":2.5,"methode_d_acquisition_altimetrique":"BDTopo","precision_altimetrique":1.5,"mode_d_obtention_des_coordonnees":null,"mode_d_obtention_de_l_altitude":null,"statut":"Validé","commentaire_sur_l_objet_hydro":null,"liens_vers_cours_d_eau_amont":"COURDEAU0000002000813441","liens_vers_cours_d_eau_aval":"COURDEAU0000002000813441"}},{"type":"Feature","id":"noeud_hydrographique.1008767","geometry":{"type":"Point","coordinates":[3.77023482,48.5282521,73]},"geometry_name":"geometrie","properties":{"cleabs":"NOEUDHYD0000002486644724","code_hydrographique":"03N0000002486644724","code_du_pays":"FR","categorie":"Jonction linéaire","toponyme":null,"statut_du_toponyme":null,"date_creation":"2024-12-07T12:44:51.787Z","date_modification":"2025-05-19T15:40:14.355Z","date_d_apparition":null,"date_de_confirmation":null,"sources":null,"identifiants_sources":null,"methode_d_acquisition_planimetrique":"Photogrammétrie","precision_planimetrique":2.5,"methode_d_acquisition_altimetrique":"Photogrammétrie","precision_altimetrique":1.5,"mode_d_obtention_des_coordonnees":null,"mode_d_obtention_de_l_altitude":null,"statut":"Validé","commentaire_sur_l_objet_hydro":null,"liens_vers_cours_d_eau_amont":"COURDEAU0000002000844903","liens_vers_cours_d_eau_aval":"COURDEAU0000002000844903"}},{"type":"Feature","id":"noeud_hydrographique.1008774","geometry":{"type":"Point","coordinates":[3.77472218,48.53266523,73.3]},"geometry_name":"geometrie","properties":{"cleabs":"NOEUDHYD0000002486644735","code_hydrographique":"03N0000002486644735","code_du_pays":"FR","categorie":"Diffluent","toponyme":null,"statut_du_toponyme":null,"date_creation":"2024-12-07T12:44:51.787Z","date_modification":"2025-05-19T15:40:14.355Z","date_d_apparition":null,"date_de_confirmation":null,"sources":null,"identifiants_sources":null,"methode_d_acquisition_planimetrique":"BDTopo","precision_planimetrique":2.5,"methode_d_acquisition_altimetrique":"BDTopo","precision_altimetrique":1.5,"mode_d_obtention_des_coordonnees":null,"mode_d_obtention_de_l_altitude":null,"statut":"Validé","commentaire_sur_l_objet_hydro":null,"liens_vers_cours_d_eau_amont":"COURDEAU0000002000813342","liens_vers_cours_d_eau_aval":"COURDEAU0000002000813340/COURDEAU0000002000813342"}},{"type":"Feature","id":"noeud_hydrographique.1008775","geometry":{"type":"Point","coordinates":[3.77371574,48.5300926,72]},"geometry_name":"geometrie","properties":{"cleabs":"NOEUDHYD0000002486644737","code_hydrographique":"03N0000002486644737","code_du_pays":"FR","categorie":"Confluent","toponyme":null,"statut_du_toponyme":null,"date_creation":"2024-12-07T12:44:51.787Z","date_modification":"2025-05-19T15:40:14.355Z","date_d_apparition":null,"date_de_confirmation":null,"sources":null,"identifiants_sources":null,"methode_d_acquisition_planimetrique":"BDTopo","precision_planimetrique":2.5,"methode_d_acquisition_altimetrique":"BDTopo","precision_altimetrique":1.5,"mode_d_obtention_des_coordonnees":null,"mode_d_obtention_de_l_altitude":null,"statut":"Validé","commentaire_sur_l_objet_hydro":null,"liens_vers_cours_d_eau_amont":"COURDEAU0000002000813344","liens_vers_cours_d_eau_aval":"COURDEAU0000002000813344"}},{"type":"Feature","id":"noeud_hydrographique.1008776","geometry":{"type":"Point","coordinates":[3.77692725,48.53009774,73.3]},"geometry_name":"geometrie","properties":{"cleabs":"NOEUDHYD0000002486644740","code_hydrographique":"03N0000002486644740","code_du_pays":"FR","categorie":"Diffluent","toponyme":null,"statut_du_toponyme":null,"date_creation":"2024-12-07T12:44:51.787Z","date_modification":"2025-05-19T15:40:14.355Z","date_d_apparition":null,"date_de_confirmation":null,"sources":null,"identifiants_sources":null,"methode_d_acquisition_planimetrique":"BDTopo","precision_planimetrique":2.5,"methode_d_acquisition_altimetrique":"BDTopo","precision_altimetrique":1.5,"mode_d_obtention_des_coordonnees":null,"mode_d_obtention_de_l_altitude":null,"statut":"Validé","commentaire_sur_l_objet_hydro":null,"liens_vers_cours_d_eau_amont":"COURDEAU0000002000813342","liens_vers_cours_d_eau_aval":"COURDEAU0000002000813342"}},{"type":"Feature","id":"noeud_hydrographique.1008787","geometry":{"type":"Point","coordinates":[3.76621145,48.52773653,72.1]},"geometry_name":"geometrie","properties":{"cleabs":"NOEUDHYD0000002486644771","code_hydrographique":"03N0000002486644771","code_du_pays":"FR","categorie":"Jonction linéaire","toponyme":null,"statut_du_toponyme":null,"date_creation":"2024-12-07T12:44:51.787Z","date_modification":"2025-05-19T15:40:14.355Z","date_d_apparition":null,"date_de_confirmation":null,"sources":null,"identifiants_sources":null,"methode_d_acquisition_planimetrique":"BDTopo","precision_planimetrique":2.5,"methode_d_acquisition_altimetrique":"BDTopo","precision_altimetrique":1.5,"mode_d_obtention_des_coordonnees":null,"mode_d_obtention_de_l_altitude":null,"statut":"Validé","commentaire_sur_l_objet_hydro":null,"liens_vers_cours_d_eau_amont":"COURDEAU0000002000813388","liens_vers_cours_d_eau_aval":"COURDEAU0000002000813388"}},{"type":"Feature","id":"noeud_hydrographique.1008792","geometry":{"type":"Point","coordinates":[3.75869938,48.53256705,72.6]},"geometry_name":"geometrie","properties":{"cleabs":"NOEUDHYD0000002486644787","code_hydrographique":"03N0000002486644787","code_du_pays":"FR","categorie":"Confluent","toponyme":null,"statut_du_toponyme":null,"date_creation":"2024-12-07T12:44:51.787Z","date_modification":"2025-05-19T15:40:14.355Z","date_d_apparition":null,"date_de_confirmation":null,"sources":null,"identifiants_sources":null,"methode_d_acquisition_planimetrique":"BDTopo","precision_planimetrique":2.5,"methode_d_acquisition_altimetrique":"BDTopo","precision_altimetrique":1.5,"mode_d_obtention_des_coordonnees":null,"mode_d_obtention_de_l_altitude":null,"statut":"Validé","commentaire_sur_l_objet_hydro":null,"liens_vers_cours_d_eau_amont":"COURDEAU0000002000813340/COURDEAU0000002000813388","liens_vers_cours_d_eau_aval":"COURDEAU0000002000813388"}},{"type":"Feature","id":"noeud_hydrographique.1008793","geometry":{"type":"Point","coordinates":[3.76014955,48.53168966,72.6]},"geometry_name":"geometrie","properties":{"cleabs":"NOEUDHYD0000002486644789","code_hydrographique":"03N0000002486644789","code_du_pays":"FR","categorie":"Jonction linéaire","toponyme":null,"statut_du_toponyme":null,"date_creation":"2024-12-07T12:44:51.787Z","date_modification":"2025-05-19T15:40:14.355Z","date_d_apparition":null,"date_de_confirmation":null,"sources":null,"identifiants_sources":null,"methode_d_acquisition_planimetrique":"Photogrammétrie","precision_planimetrique":2.5,"methode_d_acquisition_altimetrique":"Photogrammétrie","precision_altimetrique":1.5,"mode_d_obtention_des_coordonnees":null,"mode_d_obtention_de_l_altitude":null,"statut":"Validé","commentaire_sur_l_objet_hydro":null,"liens_vers_cours_d_eau_amont":"COURDEAU0000002000813388","liens_vers_cours_d_eau_aval":"COURDEAU0000002000813388"}},{"type":"Feature","id":"noeud_hydrographique.1008794","geometry":{"type":"Point","coordinates":[3.7613411,48.53110089,72.6]},"geometry_name":"geometrie","properties":{"cleabs":"NOEUDHYD0000002486644790","code_hydrographique":"03N0000002486644790","code_du_pays":"FR","categorie":"Jonction linéaire","toponyme":null,"statut_du_toponyme":null,"date_creation":"2024-12-07T12:44:51.787Z","date_modification":"2025-05-19T15:40:14.355Z","date_d_apparition":null,"date_de_confirmation":null,"sources":null,"identifiants_sources":null,"methode_d_acquisition_planimetrique":"Photogrammétrie","precision_planimetrique":2.5,"methode_d_acquisition_altimetrique":"Photogrammétrie","precision_altimetrique":1.5,"mode_d_obtention_des_coordonnees":null,"mode_d_obtention_de_l_altitude":null,"statut":"Validé","commentaire_sur_l_objet_hydro":null,"liens_vers_cours_d_eau_amont":"COURDEAU0000002000813388","liens_vers_cours_d_eau_aval":"COURDEAU0000002000813388"}},{"type":"Feature","id":"noeud_hydrographique.1008957","geometry":{"type":"Point","coordinates":[3.80674456,48.52349834,75.8]},"geometry_name":"geometrie","properties":{"cleabs":"NOEUDHYD0000002486645201","code_hydrographique":"03N0000002486645201","code_du_pays":"FR","categorie":"Diffluent","toponyme":null,"statut_du_toponyme":null,"date_creation":"2024-12-07T12:44:51.787Z","date_modification":"2025-05-19T15:40:14.355Z","date_d_apparition":null,"date_de_confirmation":null,"sources":null,"identifiants_sources":null,"methode_d_acquisition_planimetrique":"Photogrammétrie","precision_planimetrique":2.5,"methode_d_acquisition_altimetrique":"Photogrammétrie","precision_altimetrique":1.5,"mode_d_obtention_des_coordonnees":null,"mode_d_obtention_de_l_altitude":null,"statut":"Validé","commentaire_sur_l_objet_hydro":null,"liens_vers_cours_d_eau_amont":"COURDEAU0000002000844903","liens_vers_cours_d_eau_aval":"COURDEAU0000002000844903"}},{"type":"Feature","id":"noeud_hydrographique.1008958","geometry":{"type":"Point","coordinates":[3.79795255,48.52314836,73.6]},"geometry_name":"geometrie","properties":{"cleabs":"NOEUDHYD0000002486645207","code_hydrographique":"03N0000002486645207","code_du_pays":"FR","categorie":"Confluent","toponyme":null,"statut_du_toponyme":null,"date_creation":"2024-12-07T12:44:51.787Z","date_modification":"2025-05-19T15:40:14.355Z","date_d_apparition":null,"date_de_confirmation":null,"sources":null,"identifiants_sources":null,"methode_d_acquisition_planimetrique":"Photogrammétrie","precision_planimetrique":2.5,"methode_d_acquisition_altimetrique":"Photogrammétrie","precision_altimetrique":1.5,"mode_d_obtention_des_coordonnees":null,"mode_d_obtention_de_l_altitude":null,"statut":"Validé","commentaire_sur_l_objet_hydro":null,"liens_vers_cours_d_eau_amont":"COURDEAU0000002000813423/COURDEAU0000002000844903","liens_vers_cours_d_eau_aval":"COURDEAU0000002000844903"}},{"type":"Feature","id":"noeud_hydrographique.1008959","geometry":{"type":"Point","coordinates":[3.79705163,48.52455332,73.6]},"geometry_name":"geometrie","properties":{"cleabs":"NOEUDHYD0000002486645211","code_hydrographique":"03N0000002486645211","code_du_pays":"FR","categorie":"Confluent","toponyme":null,"statut_du_toponyme":null,"date_creation":"2024-12-07T12:44:51.787Z","date_modification":"2025-05-19T15:40:14.355Z","date_d_apparition":null,"date_de_confirmation":null,"sources":null,"identifiants_sources":null,"methode_d_acquisition_planimetrique":"Photogrammétrie","precision_planimetrique":2.5,"methode_d_acquisition_altimetrique":"Photogrammétrie","precision_altimetrique":1.5,"mode_d_obtention_des_coordonnees":null,"mode_d_obtention_de_l_altitude":null,"statut":"Validé","commentaire_sur_l_objet_hydro":null,"liens_vers_cours_d_eau_amont":"COURDEAU0000002000844903","liens_vers_cours_d_eau_aval":"COURDEAU0000002000844903"}},{"type":"Feature","id":"noeud_hydrographique.1008964","geometry":{"type":"Point","coordinates":[3.78657419,48.52145735,73.3]},"geometry_name":"geometrie","properties":{"cleabs":"NOEUDHYD0000002486645235","code_hydrographique":"03N0000002486645235","code_du_pays":"FR","categorie":"Confluent","toponyme":null,"statut_du_toponyme":null,"date_creation":"2024-12-07T12:44:51.787Z","date_modification":"2025-05-19T15:40:14.355Z","date_d_apparition":null,"date_de_confirmation":null,"sources":null,"identifiants_sources":null,"methode_d_acquisition_planimetrique":"Photogrammétrie","precision_planimetrique":2.5,"methode_d_acquisition_altimetrique":"Photogrammétrie","precision_altimetrique":1.5,"mode_d_obtention_des_coordonnees":null,"mode_d_obtention_de_l_altitude":null,"statut":"Validé","commentaire_sur_l_objet_hydro":null,"liens_vers_cours_d_eau_amont":"COURDEAU0000002000813469","liens_vers_cours_d_eau_aval":"COURDEAU0000002000813469"}},{"type":"Feature","id":"noeud_hydrographique.1008965","geometry":{"type":"Point","coordinates":[3.79265202,48.53328562,75]},"geometry_name":"geometrie","properties":{"cleabs":"NOEUDHYD0000002486645244","code_hydrographique":"03N0000002486645244","code_du_pays":"FR","categorie":"Confluent","toponyme":null,"statut_du_toponyme":null,"date_creation":"2024-12-07T12:44:51.787Z","date_modification":"2025-05-19T15:40:14.355Z","date_d_apparition":null,"date_de_confirmation":null,"sources":null,"identifiants_sources":null,"methode_d_acquisition_planimetrique":"Photogrammétrie","precision_planimetrique":2.5,"methode_d_acquisition_altimetrique":"Photogrammétrie","precision_altimetrique":1.5,"mode_d_obtention_des_coordonnees":null,"mode_d_obtention_de_l_altitude":null,"statut":"Validé","commentaire_sur_l_objet_hydro":null,"liens_vers_cours_d_eau_amont":"COURDEAU0000002000813337/COURDEAU0000002000813418","liens_vers_cours_d_eau_aval":"COURDEAU0000002000813418"}},{"type":"Feature","id":"noeud_hydrographique.1008967","geometry":{"type":"Point","coordinates":[3.81125573,48.52008326,75.5]},"geometry_name":"geometrie","properties":{"cleabs":"NOEUDHYD0000002486645247","code_hydrographique":"03N0000002486645247","code_du_pays":"FR","categorie":"Confluent","toponyme":null,"statut_du_toponyme":null,"date_creation":"2024-12-07T12:44:51.787Z","date_modification":"2025-05-19T15:40:14.355Z","date_d_apparition":null,"date_de_confirmation":null,"sources":null,"identifiants_sources":null,"methode_d_acquisition_planimetrique":"BDTopo","precision_planimetrique":2.5,"methode_d_acquisition_altimetrique":"BDTopo","precision_altimetrique":1.5,"mode_d_obtention_des_coordonnees":null,"mode_d_obtention_de_l_altitude":null,"statut":"Validé","commentaire_sur_l_objet_hydro":null,"liens_vers_cours_d_eau_amont":"COURDEAU0000002000813423","liens_vers_cours_d_eau_aval":"COURDEAU0000002000813423"}},{"type":"Feature","id":"noeud_hydrographique.1008968","geometry":{"type":"Point","coordinates":[3.810013,48.52054964,75.3]},"geometry_name":"geometrie","properties":{"cleabs":"NOEUDHYD0000002486645248","code_hydrographique":"03N0000002486645248","code_du_pays":"FR","categorie":"Confluent","toponyme":null,"statut_du_toponyme":null,"date_creation":"2024-12-07T12:44:51.787Z","date_modification":"2025-05-19T15:40:14.355Z","date_d_apparition":null,"date_de_confirmation":null,"sources":null,"identifiants_sources":null,"methode_d_acquisition_planimetrique":"BDTopo","precision_planimetrique":2.5,"methode_d_acquisition_altimetrique":"BDTopo","precision_altimetrique":1.5,"mode_d_obtention_des_coordonnees":null,"mode_d_obtention_de_l_altitude":null,"statut":"Validé","commentaire_sur_l_objet_hydro":null,"liens_vers_cours_d_eau_amont":"COURDEAU0000002000813423","liens_vers_cours_d_eau_aval":"COURDEAU0000002000813423"}},{"type":"Feature","id":"noeud_hydrographique.1008970","geometry":{"type":"Point","coordinates":[3.81120286,48.52813523,75.3]},"geometry_name":"geometrie","properties":{"cleabs":"NOEUDHYD0000002486645249","code_hydrographique":"03N0000002486645249","code_du_pays":"FR","categorie":"Jonction linéaire","toponyme":null,"statut_du_toponyme":null,"date_creation":"2024-12-07T12:44:51.787Z","date_modification":"2025-05-19T15:40:14.355Z","date_d_apparition":null,"date_de_confirmation":null,"sources":null,"identifiants_sources":null,"methode_d_acquisition_planimetrique":"Photogrammétrie","precision_planimetrique":2.5,"methode_d_acquisition_altimetrique":"Photogrammétrie","precision_altimetrique":1.5,"mode_d_obtention_des_coordonnees":null,"mode_d_obtention_de_l_altitude":null,"statut":"Validé","commentaire_sur_l_objet_hydro":null,"liens_vers_cours_d_eau_amont":"COURDEAU0000002000813418","liens_vers_cours_d_eau_aval":"COURDEAU0000002000813418"}},{"type":"Feature","id":"noeud_hydrographique.1008971","geometry":{"type":"Point","coordinates":[3.81211685,48.5132501,74.9]},"geometry_name":"geometrie","properties":{"cleabs":"NOEUDHYD0000002486645252","code_hydrographique":"03N0000002486645252","code_du_pays":"FR","categorie":"Jonction linéaire","toponyme":null,"statut_du_toponyme":null,"date_creation":"2024-12-07T12:44:51.787Z","date_modification":"2025-05-19T15:40:14.355Z","date_d_apparition":null,"date_de_confirmation":null,"sources":null,"identifiants_sources":null,"methode_d_acquisition_planimetrique":"Photogrammétrie","precision_planimetrique":2.5,"methode_d_acquisition_altimetrique":"Photogrammétrie","precision_altimetrique":1.5,"mode_d_obtention_des_coordonnees":null,"mode_d_obtention_de_l_altitude":null,"statut":"Validé","commentaire_sur_l_objet_hydro":null,"liens_vers_cours_d_eau_amont":"COURDEAU0000002000813443","liens_vers_cours_d_eau_aval":"COURDEAU0000002000813443"}},{"type":"Feature","id":"noeud_hydrographique.1008972","geometry":{"type":"Point","coordinates":[3.81353269,48.51880732,76.3]},"geometry_name":"geometrie","properties":{"cleabs":"NOEUDHYD0000002486645253","code_hydrographique":"03N0000002486645253","code_du_pays":"FR","categorie":"Confluent","toponyme":null,"statut_du_toponyme":null,"date_creation":"2024-12-07T12:44:51.787Z","date_modification":"2025-05-19T15:40:14.355Z","date_d_apparition":null,"date_de_confirmation":null,"sources":null,"identifiants_sources":null,"methode_d_acquisition_planimetrique":"Photogrammétrie","precision_planimetrique":2.5,"methode_d_acquisition_altimetrique":"Photogrammétrie","precision_altimetrique":1.5,"mode_d_obtention_des_coordonnees":null,"mode_d_obtention_de_l_altitude":null,"statut":"Validé","commentaire_sur_l_objet_hydro":null,"liens_vers_cours_d_eau_amont":"COURDEAU0000002000813423","liens_vers_cours_d_eau_aval":"COURDEAU0000002000813423"}},{"type":"Feature","id":"noeud_hydrographique.1008973","geometry":{"type":"Point","coordinates":[3.81672611,48.5344793,75.5]},"geometry_name":"geometrie","properties":{"cleabs":"NOEUDHYD0000002486645256","code_hydrographique":"03N0000002486645256","code_du_pays":"FR","categorie":"Confluent","toponyme":null,"statut_du_toponyme":null,"date_creation":"2024-12-07T12:44:51.787Z","date_modification":"2025-05-19T15:40:14.355Z","date_d_apparition":null,"date_de_confirmation":null,"sources":null,"identifiants_sources":null,"methode_d_acquisition_planimetrique":"BDTopo","precision_planimetrique":2.5,"methode_d_acquisition_altimetrique":"BDTopo","precision_altimetrique":1.5,"mode_d_obtention_des_coordonnees":null,"mode_d_obtention_de_l_altitude":null,"statut":"Validé","commentaire_sur_l_objet_hydro":null,"liens_vers_cours_d_eau_amont":"COURDEAU0000002000813339/COURDEAU0000002000813392","liens_vers_cours_d_eau_aval":"COURDEAU0000002000813392"}},{"type":"Feature","id":"noeud_hydrographique.1008977","geometry":{"type":"Point","coordinates":[3.82335064,48.53443181,75.9]},"geometry_name":"geometrie","properties":{"cleabs":"NOEUDHYD0000002486645269","code_hydrographique":"03N0000002486645269","code_du_pays":"FR","categorie":"Jonction linéaire","toponyme":null,"statut_du_toponyme":null,"date_creation":"2024-12-07T12:44:51.787Z","date_modification":"2025-05-19T15:40:14.355Z","date_d_apparition":null,"date_de_confirmation":null,"sources":null,"identifiants_sources":null,"methode_d_acquisition_planimetrique":"Photogrammétrie","precision_planimetrique":2.5,"methode_d_acquisition_altimetrique":"Photogrammétrie","precision_altimetrique":1.5,"mode_d_obtention_des_coordonnees":null,"mode_d_obtention_de_l_altitude":null,"statut":"Validé","commentaire_sur_l_objet_hydro":null,"liens_vers_cours_d_eau_amont":"COURDEAU0000002000813392","liens_vers_cours_d_eau_aval":"COURDEAU0000002000813392"}},{"type":"Feature","id":"noeud_hydrographique.1008978","geometry":{"type":"Point","coordinates":[3.8219456,48.53242279,76.1]},"geometry_name":"geometrie","properties":{"cleabs":"NOEUDHYD0000002486645270","code_hydrographique":"03N0000002486645270","code_du_pays":"FR","categorie":"Jonction linéaire","toponyme":null,"statut_du_toponyme":null,"date_creation":"2024-12-07T12:44:51.787Z","date_modification":"2025-05-19T15:40:14.355Z","date_d_apparition":null,"date_de_confirmation":null,"sources":null,"identifiants_sources":null,"methode_d_acquisition_planimetrique":"BDTopo","precision_planimetrique":2.5,"methode_d_acquisition_altimetrique":"BDTopo","precision_altimetrique":1.5,"mode_d_obtention_des_coordonnees":null,"mode_d_obtention_de_l_altitude":null,"statut":"Validé","commentaire_sur_l_objet_hydro":null,"liens_vers_cours_d_eau_amont":"COURDEAU0000002000813392","liens_vers_cours_d_eau_aval":"COURDEAU0000002000813392"}},{"type":"Feature","id":"noeud_hydrographique.1008979","geometry":{"type":"Point","coordinates":[3.81746284,48.53168813,76.3]},"geometry_name":"geometrie","properties":{"cleabs":"NOEUDHYD0000002486645271","code_hydrographique":"03N0000002486645271","code_du_pays":"FR","categorie":"Diffluent","toponyme":null,"statut_du_toponyme":null,"date_creation":"2024-12-07T12:44:51.787Z","date_modification":"2025-05-19T15:40:14.355Z","date_d_apparition":null,"date_de_confirmation":null,"sources":null,"identifiants_sources":null,"methode_d_acquisition_planimetrique":"BDTopo","precision_planimetrique":2.5,"methode_d_acquisition_altimetrique":"BDTopo","precision_altimetrique":1.5,"mode_d_obtention_des_coordonnees":null,"mode_d_obtention_de_l_altitude":null,"statut":"Validé","commentaire_sur_l_objet_hydro":null,"liens_vers_cours_d_eau_amont":"COURDEAU0000002000813384","liens_vers_cours_d_eau_aval":"COURDEAU0000002000813339/COURDEAU0000002000813384"}},{"type":"Feature","id":"noeud_hydrographique.1008980","geometry":{"type":"Point","coordinates":[3.81817283,48.53074764,76.5]},"geometry_name":"geometrie","properties":{"cleabs":"NOEUDHYD0000002486645273","code_hydrographique":"03N0000002486645273","code_du_pays":"FR","categorie":"Confluent","toponyme":null,"statut_du_toponyme":null,"date_creation":"2024-12-07T12:44:51.787Z","date_modification":"2025-05-19T15:40:14.355Z","date_d_apparition":null,"date_de_confirmation":null,"sources":null,"identifiants_sources":null,"methode_d_acquisition_planimetrique":"BDTopo","precision_planimetrique":2.5,"methode_d_acquisition_altimetrique":"BDTopo","precision_altimetrique":1.5,"mode_d_obtention_des_coordonnees":null,"mode_d_obtention_de_l_altitude":null,"statut":"Validé","commentaire_sur_l_objet_hydro":null,"liens_vers_cours_d_eau_amont":"COURDEAU0000002000813384/COURDEAU0000002000813394","liens_vers_cours_d_eau_aval":"COURDEAU0000002000813384"}},{"type":"Feature","id":"noeud_hydrographique.1008981","geometry":{"type":"Point","coordinates":[3.81855484,48.5200764,76.9]},"geometry_name":"geometrie","properties":{"cleabs":"NOEUDHYD0000002486645274","code_hydrographique":"03N0000002486645274","code_du_pays":"FR","categorie":"Jonction linéaire","toponyme":null,"statut_du_toponyme":null,"date_creation":"2024-12-07T12:44:51.787Z","date_modification":"2025-05-19T15:40:14.355Z","date_d_apparition":null,"date_de_confirmation":null,"sources":null,"identifiants_sources":null,"methode_d_acquisition_planimetrique":"Photogrammétrie","precision_planimetrique":2.5,"methode_d_acquisition_altimetrique":"Photogrammétrie","precision_altimetrique":1.5,"mode_d_obtention_des_coordonnees":null,"mode_d_obtention_de_l_altitude":null,"statut":"Validé","commentaire_sur_l_objet_hydro":null,"liens_vers_cours_d_eau_amont":"COURDEAU0000002000813389","liens_vers_cours_d_eau_aval":"COURDEAU0000002000813389"}},{"type":"Feature","id":"noeud_hydrographique.1008982","geometry":{"type":"Point","coordinates":[3.81847577,48.52004275,76.9]},"geometry_name":"geometrie","properties":{"cleabs":"NOEUDHYD0000002486645275","code_hydrographique":"03N0000002486645275","code_du_pays":"FR","categorie":"Confluent","toponyme":null,"statut_du_toponyme":null,"date_creation":"2024-12-07T12:44:51.787Z","date_modification":"2025-05-19T15:40:14.355Z","date_d_apparition":null,"date_de_confirmation":null,"sources":null,"identifiants_sources":null,"methode_d_acquisition_planimetrique":"Photogrammétrie","precision_planimetrique":2.5,"methode_d_acquisition_altimetrique":"Photogrammétrie","precision_altimetrique":1.5,"mode_d_obtention_des_coordonnees":null,"mode_d_obtention_de_l_altitude":null,"statut":"Validé","commentaire_sur_l_objet_hydro":null,"liens_vers_cours_d_eau_amont":"COURDEAU0000002000813389/COURDEAU0000002000844903","liens_vers_cours_d_eau_aval":"COURDEAU0000002000844903"}},{"type":"Feature","id":"noeud_hydrographique.1008983","geometry":{"type":"Point","coordinates":[3.81790451,48.52127288,76.4]},"geometry_name":"geometrie","properties":{"cleabs":"NOEUDHYD0000002486645276","code_hydrographique":"03N0000002486645276","code_du_pays":"FR","categorie":"Confluent","toponyme":null,"statut_du_toponyme":null,"date_creation":"2024-12-07T12:44:51.787Z","date_modification":"2025-05-19T15:40:14.355Z","date_d_apparition":null,"date_de_confirmation":null,"sources":null,"identifiants_sources":null,"methode_d_acquisition_planimetrique":"Photogrammétrie","precision_planimetrique":2.5,"methode_d_acquisition_altimetrique":"Photogrammétrie","precision_altimetrique":1.5,"mode_d_obtention_des_coordonnees":null,"mode_d_obtention_de_l_altitude":null,"statut":"Validé","commentaire_sur_l_objet_hydro":null,"liens_vers_cours_d_eau_amont":"COURDEAU0000002000844903","liens_vers_cours_d_eau_aval":"COURDEAU0000002000844903"}},{"type":"Feature","id":"noeud_hydrographique.1008984","geometry":{"type":"Point","coordinates":[3.82132857,48.52580406,-1000]},"geometry_name":"geometrie","properties":{"cleabs":"NOEUDHYD0000002486645280","code_hydrographique":"03N0000002486645280","code_du_pays":"FR","categorie":"Jonction linéaire","toponyme":null,"statut_du_toponyme":null,"date_creation":"2024-12-07T12:44:51.787Z","date_modification":"2025-05-19T15:40:14.355Z","date_d_apparition":null,"date_de_confirmation":null,"sources":null,"identifiants_sources":null,"methode_d_acquisition_planimetrique":"Calculé","precision_planimetrique":20,"methode_d_acquisition_altimetrique":"Pas de Z","precision_altimetrique":9999,"mode_d_obtention_des_coordonnees":null,"mode_d_obtention_de_l_altitude":null,"statut":"Validé","commentaire_sur_l_objet_hydro":null,"liens_vers_cours_d_eau_amont":"COURDEAU0000002000813384","liens_vers_cours_d_eau_aval":"COURDEAU0000002000813384"}},{"type":"Feature","id":"noeud_hydrographique.1008985","geometry":{"type":"Point","coordinates":[3.82299258,48.53095097,76.1]},"geometry_name":"geometrie","properties":{"cleabs":"NOEUDHYD0000002486645281","code_hydrographique":"03N0000002486645281","code_du_pays":"FR","categorie":"Confluent","toponyme":null,"statut_du_toponyme":null,"date_creation":"2024-12-07T12:44:51.787Z","date_modification":"2025-05-19T15:40:14.355Z","date_d_apparition":null,"date_de_confirmation":null,"sources":null,"identifiants_sources":null,"methode_d_acquisition_planimetrique":"BDTopo","precision_planimetrique":2.5,"methode_d_acquisition_altimetrique":"BDTopo","precision_altimetrique":1.5,"mode_d_obtention_des_coordonnees":null,"mode_d_obtention_de_l_altitude":null,"statut":"Validé","commentaire_sur_l_objet_hydro":null,"liens_vers_cours_d_eau_amont":"COURDEAU0000002000813394","liens_vers_cours_d_eau_aval":"COURDEAU0000002000813394"}},{"type":"Feature","id":"noeud_hydrographique.1008986","geometry":{"type":"Point","coordinates":[3.82537305,48.51524052,76.4]},"geometry_name":"geometrie","properties":{"cleabs":"NOEUDHYD0000002486645282","code_hydrographique":"03N0000002486645282","code_du_pays":"FR","categorie":"Diffluent","toponyme":null,"statut_du_toponyme":null,"date_creation":"2024-12-07T12:44:51.787Z","date_modification":"2025-05-19T15:40:14.355Z","date_d_apparition":null,"date_de_confirmation":null,"sources":null,"identifiants_sources":null,"methode_d_acquisition_planimetrique":"Photogrammétrie","precision_planimetrique":2.5,"methode_d_acquisition_altimetrique":"Photogrammétrie","precision_altimetrique":1.5,"mode_d_obtention_des_coordonnees":null,"mode_d_obtention_de_l_altitude":null,"statut":"Validé","commentaire_sur_l_objet_hydro":null,"liens_vers_cours_d_eau_amont":"COURDEAU0000002000813447","liens_vers_cours_d_eau_aval":"COURDEAU0000002000813423/COURDEAU0000002000813447"}},{"type":"Feature","id":"noeud_hydrographique.1008987","geometry":{"type":"Point","coordinates":[3.82510503,48.52299447,77.3]},"geometry_name":"geometrie","properties":{"cleabs":"NOEUDHYD0000002486645283","code_hydrographique":"03N0000002486645283","code_du_pays":"FR","categorie":"Jonction linéaire","toponyme":null,"statut_du_toponyme":null,"date_creation":"2024-12-07T12:44:51.787Z","date_modification":"2025-05-19T15:40:14.355Z","date_d_apparition":null,"date_de_confirmation":null,"sources":null,"identifiants_sources":null,"methode_d_acquisition_planimetrique":"Photogrammétrie","precision_planimetrique":2.5,"methode_d_acquisition_altimetrique":"Photogrammétrie","precision_altimetrique":1.5,"mode_d_obtention_des_coordonnees":null,"mode_d_obtention_de_l_altitude":null,"statut":"Validé","commentaire_sur_l_objet_hydro":null,"liens_vers_cours_d_eau_amont":"COURDEAU0000002000813389","liens_vers_cours_d_eau_aval":"COURDEAU0000002000813389"}},{"type":"Feature","id":"noeud_hydrographique.1008988","geometry":{"type":"Point","coordinates":[3.82521,48.52303872,77.3]},"geometry_name":"geometrie","properties":{"cleabs":"NOEUDHYD0000002486645284","code_hydrographique":"03N0000002486645284","code_du_pays":"FR","categorie":"Diffluent","toponyme":null,"statut_du_toponyme":null,"date_creation":"2024-12-07T12:44:51.787Z","date_modification":"2025-05-19T15:40:14.355Z","date_d_apparition":null,"date_de_confirmation":null,"sources":null,"identifiants_sources":null,"methode_d_acquisition_planimetrique":"Photogrammétrie","precision_planimetrique":2.5,"methode_d_acquisition_altimetrique":"Photogrammétrie","precision_altimetrique":1.5,"mode_d_obtention_des_coordonnees":null,"mode_d_obtention_de_l_altitude":null,"statut":"Validé","commentaire_sur_l_objet_hydro":null,"liens_vers_cours_d_eau_amont":"COURDEAU0000002000813418","liens_vers_cours_d_eau_aval":"COURDEAU0000002000813389/COURDEAU0000002000813418"}},{"type":"Feature","id":"noeud_hydrographique.1008989","geometry":{"type":"Point","coordinates":[3.8285423,48.51965634,76]},"geometry_name":"geometrie","properties":{"cleabs":"NOEUDHYD0000002486645285","code_hydrographique":"03N0000002486645285","code_du_pays":"FR","categorie":"Jonction linéaire","toponyme":null,"statut_du_toponyme":null,"date_creation":"2024-12-07T12:44:51.787Z","date_modification":"2025-05-19T15:40:14.355Z","date_d_apparition":null,"date_de_confirmation":null,"sources":null,"identifiants_sources":null,"methode_d_acquisition_planimetrique":"Photogrammétrie","precision_planimetrique":2.5,"methode_d_acquisition_altimetrique":"Photogrammétrie","precision_altimetrique":1.5,"mode_d_obtention_des_coordonnees":null,"mode_d_obtention_de_l_altitude":null,"statut":"Validé","commentaire_sur_l_objet_hydro":null,"liens_vers_cours_d_eau_amont":"COURDEAU0000002000844903","liens_vers_cours_d_eau_aval":"COURDEAU0000002000844903"}},{"type":"Feature","id":"noeud_hydrographique.1008990","geometry":{"type":"Point","coordinates":[3.8294581,48.52010696,-1000]},"geometry_name":"geometrie","properties":{"cleabs":"NOEUDHYD0000002486645288","code_hydrographique":"03N0000002486645288","code_du_pays":"FR","categorie":"Jonction linéaire","toponyme":null,"statut_du_toponyme":null,"date_creation":"2024-12-07T12:44:51.787Z","date_modification":"2025-05-19T15:40:14.355Z","date_d_apparition":null,"date_de_confirmation":null,"sources":null,"identifiants_sources":null,"methode_d_acquisition_planimetrique":"Calculé","precision_planimetrique":20,"methode_d_acquisition_altimetrique":"Pas de Z","precision_altimetrique":9999,"mode_d_obtention_des_coordonnees":null,"mode_d_obtention_de_l_altitude":null,"statut":"Validé","commentaire_sur_l_objet_hydro":null,"liens_vers_cours_d_eau_amont":"COURDEAU0000002000844903","liens_vers_cours_d_eau_aval":"COURDEAU0000002000844903"}},{"type":"Feature","id":"noeud_hydrographique.1008991","geometry":{"type":"Point","coordinates":[3.82951541,48.52287471,77]},"geometry_name":"geometrie","properties":{"cleabs":"NOEUDHYD0000002486645292","code_hydrographique":"03N0000002486645292","code_du_pays":"FR","categorie":"Diffluent","toponyme":null,"statut_du_toponyme":null,"date_creation":"2024-12-07T12:44:51.787Z","date_modification":"2025-05-19T15:40:14.355Z","date_d_apparition":null,"date_de_confirmation":null,"sources":null,"identifiants_sources":null,"methode_d_acquisition_planimetrique":"Photogrammétrie","precision_planimetrique":2.5,"methode_d_acquisition_altimetrique":"Photogrammétrie","precision_altimetrique":1.5,"mode_d_obtention_des_coordonnees":null,"mode_d_obtention_de_l_altitude":null,"statut":"Validé","commentaire_sur_l_objet_hydro":null,"liens_vers_cours_d_eau_amont":"COURDEAU0000002000813418","liens_vers_cours_d_eau_aval":"COURDEAU0000002000813418"}},{"type":"Feature","id":"noeud_hydrographique.1008992","geometry":{"type":"Point","coordinates":[3.82804669,48.52832227,76.9]},"geometry_name":"geometrie","properties":{"cleabs":"NOEUDHYD0000002486645294","code_hydrographique":"03N0000002486645294","code_du_pays":"FR","categorie":"Confluent","toponyme":null,"statut_du_toponyme":null,"date_creation":"2024-12-07T12:44:51.787Z","date_modification":"2025-05-19T15:40:14.355Z","date_d_apparition":null,"date_de_confirmation":null,"sources":null,"identifiants_sources":null,"methode_d_acquisition_planimetrique":"BDTopo","precision_planimetrique":2.5,"methode_d_acquisition_altimetrique":"BDTopo","precision_altimetrique":1.5,"mode_d_obtention_des_coordonnees":null,"mode_d_obtention_de_l_altitude":null,"statut":"Validé","commentaire_sur_l_objet_hydro":null,"liens_vers_cours_d_eau_amont":"COURDEAU0000002000813394","liens_vers_cours_d_eau_aval":"COURDEAU0000002000813394"}},{"type":"Feature","id":"noeud_hydrographique.1008993","geometry":{"type":"Point","coordinates":[3.82706365,48.53297745,76.4]},"geometry_name":"geometrie","properties":{"cleabs":"NOEUDHYD0000002486645295","code_hydrographique":"03N0000002486645295","code_du_pays":"FR","categorie":"Jonction linéaire","toponyme":null,"statut_du_toponyme":null,"date_creation":"2024-12-07T12:44:51.787Z","date_modification":"2025-05-19T15:40:14.355Z","date_d_apparition":null,"date_de_confirmation":null,"sources":null,"identifiants_sources":null,"methode_d_acquisition_planimetrique":"BDTopo","precision_planimetrique":2.5,"methode_d_acquisition_altimetrique":"BDTopo","precision_altimetrique":1.5,"mode_d_obtention_des_coordonnees":null,"mode_d_obtention_de_l_altitude":null,"statut":"Validé","commentaire_sur_l_objet_hydro":null,"liens_vers_cours_d_eau_amont":"COURDEAU0000002000813392","liens_vers_cours_d_eau_aval":"COURDEAU0000002000813392"}},{"type":"Feature","id":"noeud_hydrographique.1008994","geometry":{"type":"Point","coordinates":[3.82490584,48.53271806,76.8]},"geometry_name":"geometrie","properties":{"cleabs":"NOEUDHYD0000002486645297","code_hydrographique":"03N0000002486645297","code_du_pays":"FR","categorie":"Diffluent","toponyme":null,"statut_du_toponyme":null,"date_creation":"2024-12-07T12:44:51.787Z","date_modification":"2025-05-19T15:40:14.355Z","date_d_apparition":null,"date_de_confirmation":null,"sources":null,"identifiants_sources":null,"methode_d_acquisition_planimetrique":"Photogrammétrie","precision_planimetrique":2.5,"methode_d_acquisition_altimetrique":"Photogrammétrie","precision_altimetrique":1.5,"mode_d_obtention_des_coordonnees":null,"mode_d_obtention_de_l_altitude":null,"statut":"Validé","commentaire_sur_l_objet_hydro":null,"liens_vers_cours_d_eau_amont":"COURDEAU0000002000813392","liens_vers_cours_d_eau_aval":"COURDEAU0000002000813392"}},{"type":"Feature","id":"noeud_hydrographique.1009001","geometry":{"type":"Point","coordinates":[3.83274922,48.528831,76.5]},"geometry_name":"geometrie","properties":{"cleabs":"NOEUDHYD0000002486645309","code_hydrographique":"03N0000002486645309","code_du_pays":"FR","categorie":"Confluent","toponyme":null,"statut_du_toponyme":null,"date_creation":"2024-12-07T12:44:51.787Z","date_modification":"2025-05-19T15:40:14.355Z","date_d_apparition":null,"date_de_confirmation":null,"sources":null,"identifiants_sources":null,"methode_d_acquisition_planimetrique":"BDTopo","precision_planimetrique":2.5,"methode_d_acquisition_altimetrique":"BDTopo","precision_altimetrique":1.5,"mode_d_obtention_des_coordonnees":null,"mode_d_obtention_de_l_altitude":null,"statut":"Validé","commentaire_sur_l_objet_hydro":null,"liens_vers_cours_d_eau_amont":"COURDEAU0000002000813394","liens_vers_cours_d_eau_aval":"COURDEAU0000002000813392"}},{"type":"Feature","id":"noeud_hydrographique.1442877","geometry":{"type":"Point","coordinates":[3.75245052,48.53357474,73]},"geometry_name":"geometrie","properties":{"cleabs":"NOEUDHYD0000002486644714","code_hydrographique":"03N0000002486644714","code_du_pays":"FR","categorie":"Diffluent","toponyme":null,"statut_du_toponyme":null,"date_creation":"2024-12-07T12:44:51.787Z","date_modification":"2025-05-19T15:40:14.355Z","date_d_apparition":null,"date_de_confirmation":null,"sources":null,"identifiants_sources":null,"methode_d_acquisition_planimetrique":"Photogrammétrie","precision_planimetrique":2.5,"methode_d_acquisition_altimetrique":"Photogrammétrie","precision_altimetrique":1.5,"mode_d_obtention_des_coordonnees":null,"mode_d_obtention_de_l_altitude":null,"statut":"Validé","commentaire_sur_l_objet_hydro":null,"liens_vers_cours_d_eau_amont":"COURDEAU0000002000813341","liens_vers_cours_d_eau_aval":"COURDEAU0000002000813341"}},{"type":"Feature","id":"noeud_hydrographique.1442880","geometry":{"type":"Point","coordinates":[3.75196506,48.5172903,73]},"geometry_name":"geometrie","properties":{"cleabs":"NOEUDHYD0000002486644722","code_hydrographique":"03N0000002486644722","code_du_pays":"FR","categorie":"Confluent","toponyme":null,"statut_du_toponyme":null,"date_creation":"2024-12-07T12:44:51.787Z","date_modification":"2025-05-19T15:40:14.355Z","date_d_apparition":null,"date_de_confirmation":null,"sources":null,"identifiants_sources":null,"methode_d_acquisition_planimetrique":"BDTopo","precision_planimetrique":2.5,"methode_d_acquisition_altimetrique":"BDTopo","precision_altimetrique":1.5,"mode_d_obtention_des_coordonnees":null,"mode_d_obtention_de_l_altitude":null,"statut":"Validé","commentaire_sur_l_objet_hydro":null,"liens_vers_cours_d_eau_amont":"COURDEAU0000002000813350/COURDEAU0000002000813441","liens_vers_cours_d_eau_aval":"COURDEAU0000002000813441"}},{"type":"Feature","id":"noeud_hydrographique.1442881","geometry":{"type":"Point","coordinates":[3.75302913,48.51651618,71.9]},"geometry_name":"geometrie","properties":{"cleabs":"NOEUDHYD0000002486644723","code_hydrographique":"03N0000002486644723","code_du_pays":"FR","categorie":"Diffluent","toponyme":null,"statut_du_toponyme":null,"date_creation":"2024-12-07T12:44:51.787Z","date_modification":"2025-05-19T15:40:14.355Z","date_d_apparition":null,"date_de_confirmation":null,"sources":null,"identifiants_sources":null,"methode_d_acquisition_planimetrique":"Photogrammétrie","precision_planimetrique":2.5,"methode_d_acquisition_altimetrique":"Photogrammétrie","precision_altimetrique":1.5,"mode_d_obtention_des_coordonnees":null,"mode_d_obtention_de_l_altitude":null,"statut":"Validé","commentaire_sur_l_objet_hydro":null,"liens_vers_cours_d_eau_amont":"COURDEAU0000002000813441","liens_vers_cours_d_eau_aval":"COURDEAU0000002000813441"}},{"type":"Feature","id":"noeud_hydrographique.1442886","geometry":{"type":"Point","coordinates":[3.77387881,48.5299458,72]},"geometry_name":"geometrie","properties":{"cleabs":"NOEUDHYD0000002486644736","code_hydrographique":"03N0000002486644736","code_du_pays":"FR","categorie":"Diffluent","toponyme":null,"statut_du_toponyme":null,"date_creation":"2024-12-07T12:44:51.787Z","date_modification":"2025-05-19T15:40:14.355Z","date_d_apparition":null,"date_de_confirmation":null,"sources":null,"identifiants_sources":null,"methode_d_acquisition_planimetrique":"BDTopo","precision_planimetrique":2.5,"methode_d_acquisition_altimetrique":"BDTopo","precision_altimetrique":1.5,"mode_d_obtention_des_coordonnees":null,"mode_d_obtention_de_l_altitude":null,"statut":"Validé","commentaire_sur_l_objet_hydro":null,"liens_vers_cours_d_eau_amont":"COURDEAU0000002000813344","liens_vers_cours_d_eau_aval":"COURDEAU0000002000813344"}},{"type":"Feature","id":"noeud_hydrographique.1442887","geometry":{"type":"Point","coordinates":[3.77234082,48.52861178,72.5]},"geometry_name":"geometrie","properties":{"cleabs":"NOEUDHYD0000002486644738","code_hydrographique":"03N0000002486644738","code_du_pays":"FR","categorie":"Confluent","toponyme":null,"statut_du_toponyme":null,"date_creation":"2024-12-07T12:44:51.787Z","date_modification":"2025-05-19T15:40:14.355Z","date_d_apparition":null,"date_de_confirmation":null,"sources":null,"identifiants_sources":null,"methode_d_acquisition_planimetrique":"BDTopo","precision_planimetrique":2.5,"methode_d_acquisition_altimetrique":"BDTopo","precision_altimetrique":1.5,"mode_d_obtention_des_coordonnees":null,"mode_d_obtention_de_l_altitude":null,"statut":"Validé","commentaire_sur_l_objet_hydro":null,"liens_vers_cours_d_eau_amont":"COURDEAU0000002000844903","liens_vers_cours_d_eau_aval":"COURDEAU0000002000844903"}},{"type":"Feature","id":"noeud_hydrographique.1442888","geometry":{"type":"Point","coordinates":[3.77248348,48.52818263,73]},"geometry_name":"geometrie","properties":{"cleabs":"NOEUDHYD0000002486644739","code_hydrographique":"03N0000002486644739","code_du_pays":"FR","categorie":"Jonction linéaire","toponyme":null,"statut_du_toponyme":null,"date_creation":"2024-12-07T12:44:51.787Z","date_modification":"2025-05-19T15:40:14.355Z","date_d_apparition":null,"date_de_confirmation":null,"sources":null,"identifiants_sources":null,"methode_d_acquisition_planimetrique":"Photogrammétrie","precision_planimetrique":2.5,"methode_d_acquisition_altimetrique":"Photogrammétrie","precision_altimetrique":1.5,"mode_d_obtention_des_coordonnees":null,"mode_d_obtention_de_l_altitude":null,"statut":"Validé","commentaire_sur_l_objet_hydro":null,"liens_vers_cours_d_eau_amont":"COURDEAU0000002000844903","liens_vers_cours_d_eau_aval":"COURDEAU0000002000844903"}},{"type":"Feature","id":"noeud_hydrographique.1442889","geometry":{"type":"Point","coordinates":[3.77812578,48.5296302,73.3]},"geometry_name":"geometrie","properties":{"cleabs":"NOEUDHYD0000002486644741","code_hydrographique":"03N0000002486644741","code_du_pays":"FR","categorie":"Diffluent","toponyme":null,"statut_du_toponyme":null,"date_creation":"2024-12-07T12:44:51.787Z","date_modification":"2025-05-19T15:40:14.355Z","date_d_apparition":null,"date_de_confirmation":null,"sources":null,"identifiants_sources":null,"methode_d_acquisition_planimetrique":"BDTopo","precision_planimetrique":2.5,"methode_d_acquisition_altimetrique":"BDTopo","precision_altimetrique":1.5,"mode_d_obtention_des_coordonnees":null,"mode_d_obtention_de_l_altitude":null,"statut":"Validé","commentaire_sur_l_objet_hydro":null,"liens_vers_cours_d_eau_amont":"COURDEAU0000002000813344","liens_vers_cours_d_eau_aval":"COURDEAU0000002000813342/COURDEAU0000002000813344"}},{"type":"Feature","id":"noeud_hydrographique.1442902","geometry":{"type":"Point","coordinates":[3.76593847,48.52703659,73.7]},"geometry_name":"geometrie","properties":{"cleabs":"NOEUDHYD0000002486644770","code_hydrographique":"03N0000002486644770","code_du_pays":"FR","categorie":"Confluent","toponyme":null,"statut_du_toponyme":null,"date_creation":"2024-12-07T12:44:51.787Z","date_modification":"2025-05-19T15:40:14.355Z","date_d_apparition":null,"date_de_confirmation":null,"sources":null,"identifiants_sources":null,"methode_d_acquisition_planimetrique":"Photogrammétrie","precision_planimetrique":2.5,"methode_d_acquisition_altimetrique":"Photogrammétrie","precision_altimetrique":1.5,"mode_d_obtention_des_coordonnees":null,"mode_d_obtention_de_l_altitude":null,"statut":"Validé","commentaire_sur_l_objet_hydro":null,"liens_vers_cours_d_eau_amont":"COURDEAU0000002000844903","liens_vers_cours_d_eau_aval":"COURDEAU0000002000844903"}},{"type":"Feature","id":"noeud_hydrographique.1442903","geometry":{"type":"Point","coordinates":[3.7662808,48.52757056,72.2]},"geometry_name":"geometrie","properties":{"cleabs":"NOEUDHYD0000002486644772","code_hydrographique":"03N0000002486644772","code_du_pays":"FR","categorie":"Confluent","toponyme":null,"statut_du_toponyme":null,"date_creation":"2024-12-07T12:44:51.787Z","date_modification":"2025-05-19T15:40:14.355Z","date_d_apparition":null,"date_de_confirmation":null,"sources":null,"identifiants_sources":null,"methode_d_acquisition_planimetrique":"Photogrammétrie","precision_planimetrique":2.5,"methode_d_acquisition_altimetrique":"Photogrammétrie","precision_altimetrique":1.5,"mode_d_obtention_des_coordonnees":null,"mode_d_obtention_de_l_altitude":null,"statut":"Validé","commentaire_sur_l_objet_hydro":null,"liens_vers_cours_d_eau_amont":"COURDEAU0000002000813388/COURDEAU0000002000844903","liens_vers_cours_d_eau_aval":"COURDEAU0000002000844903"}},{"type":"Feature","id":"noeud_hydrographique.1442904","geometry":{"type":"Point","coordinates":[3.76639334,48.52980357,72]},"geometry_name":"geometrie","properties":{"cleabs":"NOEUDHYD0000002486644773","code_hydrographique":"03N0000002486644773","code_du_pays":"FR","categorie":"Diffluent","toponyme":null,"statut_du_toponyme":null,"date_creation":"2024-12-07T12:44:51.787Z","date_modification":"2025-05-19T15:40:14.355Z","date_d_apparition":null,"date_de_confirmation":null,"sources":null,"identifiants_sources":null,"methode_d_acquisition_planimetrique":"BDTopo","precision_planimetrique":2.5,"methode_d_acquisition_altimetrique":"BDTopo","precision_altimetrique":1.5,"mode_d_obtention_des_coordonnees":null,"mode_d_obtention_de_l_altitude":null,"statut":"Validé","commentaire_sur_l_objet_hydro":null,"liens_vers_cours_d_eau_amont":"COURDEAU0000002000813344","liens_vers_cours_d_eau_aval":"COURDEAU0000002000813388"}},{"type":"Feature","id":"noeud_hydrographique.1442905","geometry":{"type":"Point","coordinates":[3.76449489,48.52974473,72.6]},"geometry_name":"geometrie","properties":{"cleabs":"NOEUDHYD0000002486644774","code_hydrographique":"03N0000002486644774","code_du_pays":"FR","categorie":"Diffluent","toponyme":null,"statut_du_toponyme":null,"date_creation":"2024-12-07T12:44:51.787Z","date_modification":"2025-05-19T15:40:14.355Z","date_d_apparition":null,"date_de_confirmation":null,"sources":null,"identifiants_sources":null,"methode_d_acquisition_planimetrique":"BDTopo","precision_planimetrique":2.5,"methode_d_acquisition_altimetrique":"BDTopo","precision_altimetrique":1.5,"mode_d_obtention_des_coordonnees":null,"mode_d_obtention_de_l_altitude":null,"statut":"Validé","commentaire_sur_l_objet_hydro":null,"liens_vers_cours_d_eau_amont":"COURDEAU0000002000813388","liens_vers_cours_d_eau_aval":"COURDEAU0000002000813388"}},{"type":"Feature","id":"noeud_hydrographique.1442906","geometry":{"type":"Point","coordinates":[3.76327779,48.53015467,72.6]},"geometry_name":"geometrie","properties":{"cleabs":"NOEUDHYD0000002486644775","code_hydrographique":"03N0000002486644775","code_du_pays":"FR","categorie":"Diffluent","toponyme":null,"statut_du_toponyme":null,"date_creation":"2024-12-07T12:44:51.787Z","date_modification":"2025-05-19T15:40:14.355Z","date_d_apparition":null,"date_de_confirmation":null,"sources":null,"identifiants_sources":null,"methode_d_acquisition_planimetrique":"Photogrammétrie","precision_planimetrique":2.5,"methode_d_acquisition_altimetrique":"Photogrammétrie","precision_altimetrique":1.5,"mode_d_obtention_des_coordonnees":null,"mode_d_obtention_de_l_altitude":null,"statut":"Validé","commentaire_sur_l_objet_hydro":null,"liens_vers_cours_d_eau_amont":"COURDEAU0000002000813388","liens_vers_cours_d_eau_aval":"COURDEAU0000002000813382/COURDEAU0000002000813388"}},{"type":"Feature","id":"noeud_hydrographique.1442907","geometry":{"type":"Point","coordinates":[3.76235538,48.52139474,72.8]},"geometry_name":"geometrie","properties":{"cleabs":"NOEUDHYD0000002486644776","code_hydrographique":"03N0000002486644776","code_du_pays":"FR","categorie":"Confluent","toponyme":null,"statut_du_toponyme":null,"date_creation":"2024-12-07T12:44:51.787Z","date_modification":"2025-05-19T15:40:14.355Z","date_d_apparition":null,"date_de_confirmation":null,"sources":null,"identifiants_sources":null,"methode_d_acquisition_planimetrique":"BDTopo","precision_planimetrique":2.5,"methode_d_acquisition_altimetrique":"BDTopo","precision_altimetrique":1.5,"mode_d_obtention_des_coordonnees":null,"mode_d_obtention_de_l_altitude":null,"statut":"Validé","commentaire_sur_l_objet_hydro":null,"liens_vers_cours_d_eau_amont":"COURDEAU0000002000813350","liens_vers_cours_d_eau_aval":"COURDEAU0000002000813350"}},{"type":"Feature","id":"noeud_hydrographique.1442908","geometry":{"type":"Point","coordinates":[3.76315846,48.5283769,73]},"geometry_name":"geometrie","properties":{"cleabs":"NOEUDHYD0000002486644777","code_hydrographique":"03N0000002486644777","code_du_pays":"FR","categorie":"Confluent","toponyme":null,"statut_du_toponyme":null,"date_creation":"2024-12-07T12:44:51.787Z","date_modification":"2025-05-19T15:40:14.355Z","date_d_apparition":null,"date_de_confirmation":null,"sources":null,"identifiants_sources":null,"methode_d_acquisition_planimetrique":"Photogrammétrie","precision_planimetrique":2.5,"methode_d_acquisition_altimetrique":"Photogrammétrie","precision_altimetrique":1.5,"mode_d_obtention_des_coordonnees":null,"mode_d_obtention_de_l_altitude":null,"statut":"Validé","commentaire_sur_l_objet_hydro":null,"liens_vers_cours_d_eau_amont":"COURDEAU0000002000844903","liens_vers_cours_d_eau_aval":"COURDEAU0000002000844903"}},{"type":"Feature","id":"noeud_hydrographique.1442911","geometry":{"type":"Point","coordinates":[3.7648783,48.53346575,73.5]},"geometry_name":"geometrie","properties":{"cleabs":"NOEUDHYD0000002486644780","code_hydrographique":"03N0000002486644780","code_du_pays":"FR","categorie":"Embranchement","toponyme":null,"statut_du_toponyme":null,"date_creation":"2024-12-07T12:44:51.787Z","date_modification":"2025-05-19T15:40:14.355Z","date_d_apparition":null,"date_de_confirmation":null,"sources":null,"identifiants_sources":null,"methode_d_acquisition_planimetrique":"BDTopo","precision_planimetrique":2.5,"methode_d_acquisition_altimetrique":"BDTopo","precision_altimetrique":1.5,"mode_d_obtention_des_coordonnees":null,"mode_d_obtention_de_l_altitude":null,"statut":"Validé","commentaire_sur_l_objet_hydro":null,"liens_vers_cours_d_eau_amont":"COURDEAU0000002000813340/COURDEAU0000002000813382","liens_vers_cours_d_eau_aval":"COURDEAU0000002000813340/COURDEAU0000002000813382"}},{"type":"Feature","id":"noeud_hydrographique.1442914","geometry":{"type":"Point","coordinates":[3.75918878,48.53203405,72.6]},"geometry_name":"geometrie","properties":{"cleabs":"NOEUDHYD0000002486644788","code_hydrographique":"03N0000002486644788","code_du_pays":"FR","categorie":"Jonction linéaire","toponyme":null,"statut_du_toponyme":null,"date_creation":"2024-12-07T12:44:51.787Z","date_modification":"2025-05-19T15:40:14.355Z","date_d_apparition":null,"date_de_confirmation":null,"sources":null,"identifiants_sources":null,"methode_d_acquisition_planimetrique":"BDTopo","precision_planimetrique":2.5,"methode_d_acquisition_altimetrique":"BDTopo","precision_altimetrique":1.5,"mode_d_obtention_des_coordonnees":null,"mode_d_obtention_de_l_altitude":null,"statut":"Validé","commentaire_sur_l_objet_hydro":null,"liens_vers_cours_d_eau_amont":"COURDEAU0000002000813388","liens_vers_cours_d_eau_aval":"COURDEAU0000002000813388"}},{"type":"Feature","id":"noeud_hydrographique.1442915","geometry":{"type":"Point","coordinates":[3.76143967,48.52772131,71.2]},"geometry_name":"geometrie","properties":{"cleabs":"NOEUDHYD0000002486644791","code_hydrographique":"03N0000002486644791","code_du_pays":"FR","categorie":"Diffluent","toponyme":null,"statut_du_toponyme":null,"date_creation":"2024-12-07T12:44:51.787Z","date_modification":"2025-05-19T15:40:14.355Z","date_d_apparition":null,"date_de_confirmation":null,"sources":null,"identifiants_sources":null,"methode_d_acquisition_planimetrique":"Photogrammétrie","precision_planimetrique":2.5,"methode_d_acquisition_altimetrique":"Photogrammétrie","precision_altimetrique":1.5,"mode_d_obtention_des_coordonnees":null,"mode_d_obtention_de_l_altitude":null,"statut":"Validé","commentaire_sur_l_objet_hydro":null,"liens_vers_cours_d_eau_amont":"COURDEAU0000002000844903","liens_vers_cours_d_eau_aval":"COURDEAU0000002000813420/COURDEAU0000002000844903"}},{"type":"Feature","id":"noeud_hydrographique.1442916","geometry":{"type":"Point","coordinates":[3.76049874,48.52718757,72.7]},"geometry_name":"geometrie","properties":{"cleabs":"NOEUDHYD0000002486644793","code_hydrographique":"03N0000002486644793","code_du_pays":"FR","categorie":"Jonction linéaire","toponyme":null,"statut_du_toponyme":null,"date_creation":"2024-12-07T12:44:51.787Z","date_modification":"2025-05-19T15:40:14.355Z","date_d_apparition":null,"date_de_confirmation":null,"sources":null,"identifiants_sources":null,"methode_d_acquisition_planimetrique":"Photogrammétrie","precision_planimetrique":2.5,"methode_d_acquisition_altimetrique":"Photogrammétrie","precision_altimetrique":1.5,"mode_d_obtention_des_coordonnees":null,"mode_d_obtention_de_l_altitude":null,"statut":"Validé","commentaire_sur_l_objet_hydro":null,"liens_vers_cours_d_eau_amont":"COURDEAU0000002000813420","liens_vers_cours_d_eau_aval":"COURDEAU0000002000813420"}},{"type":"Feature","id":"noeud_hydrographique.1442917","geometry":{"type":"Point","coordinates":[3.75747269,48.51506564,72.6]},"geometry_name":"geometrie","properties":{"cleabs":"NOEUDHYD0000002486644794","code_hydrographique":"03N0000002486644794","code_du_pays":"FR","categorie":"Confluent","toponyme":null,"statut_du_toponyme":null,"date_creation":"2024-12-07T12:44:51.787Z","date_modification":"2025-05-19T15:40:14.355Z","date_d_apparition":null,"date_de_confirmation":null,"sources":null,"identifiants_sources":null,"methode_d_acquisition_planimetrique":"BDTopo","precision_planimetrique":2.5,"methode_d_acquisition_altimetrique":"BDTopo","precision_altimetrique":1.5,"mode_d_obtention_des_coordonnees":null,"mode_d_obtention_de_l_altitude":null,"statut":"Validé","commentaire_sur_l_objet_hydro":null,"liens_vers_cours_d_eau_amont":"COURDEAU0000002000813441","liens_vers_cours_d_eau_aval":"COURDEAU0000002000813441"}},{"type":"Feature","id":"noeud_hydrographique.1443186","geometry":{"type":"Point","coordinates":[3.82819798,48.50916994,75.8]},"geometry_name":"geometrie","properties":{"cleabs":"NOEUDHYD0000002486645319","code_hydrographique":"03N0000002486645319","code_du_pays":"FR","categorie":"Jonction linéaire","toponyme":null,"statut_du_toponyme":null,"date_creation":"2024-12-07T12:44:51.787Z","date_modification":"2025-05-19T15:40:14.355Z","date_d_apparition":null,"date_de_confirmation":null,"sources":null,"identifiants_sources":null,"methode_d_acquisition_planimetrique":"BDTopo","precision_planimetrique":2.5,"methode_d_acquisition_altimetrique":"BDTopo","precision_altimetrique":1.5,"mode_d_obtention_des_coordonnees":null,"mode_d_obtention_de_l_altitude":null,"statut":"Validé","commentaire_sur_l_objet_hydro":null,"liens_vers_cours_d_eau_amont":"COURDEAU0000002000813448","liens_vers_cours_d_eau_aval":"COURDEAU0000002000813448"}},{"type":"Feature","id":"noeud_hydrographique.1443128","geometry":{"type":"Point","coordinates":[3.80576023,48.52377851,75.7]},"geometry_name":"geometrie","properties":{"cleabs":"NOEUDHYD0000002486645202","code_hydrographique":"03N0000002486645202","code_du_pays":"FR","categorie":"Confluent","toponyme":null,"statut_du_toponyme":null,"date_creation":"2024-12-07T12:44:51.787Z","date_modification":"2025-05-19T15:40:14.355Z","date_d_apparition":null,"date_de_confirmation":null,"sources":null,"identifiants_sources":null,"methode_d_acquisition_planimetrique":"Photogrammétrie","precision_planimetrique":2.5,"methode_d_acquisition_altimetrique":"Photogrammétrie","precision_altimetrique":1.5,"mode_d_obtention_des_coordonnees":null,"mode_d_obtention_de_l_altitude":null,"statut":"Validé","commentaire_sur_l_objet_hydro":null,"liens_vers_cours_d_eau_amont":"COURDEAU0000002000844903","liens_vers_cours_d_eau_aval":"COURDEAU0000002000844903"}},{"type":"Feature","id":"noeud_hydrographique.1443129","geometry":{"type":"Point","coordinates":[3.80220249,48.52439992,74.9]},"geometry_name":"geometrie","properties":{"cleabs":"NOEUDHYD0000002486645203","code_hydrographique":"03N0000002486645203","code_du_pays":"FR","categorie":"Diffluent","toponyme":null,"statut_du_toponyme":null,"date_creation":"2024-12-07T12:44:51.787Z","date_modification":"2025-05-19T15:40:14.355Z","date_d_apparition":null,"date_de_confirmation":null,"sources":null,"identifiants_sources":null,"methode_d_acquisition_planimetrique":"Photogrammétrie","precision_planimetrique":2.5,"methode_d_acquisition_altimetrique":"Photogrammétrie","precision_altimetrique":1.5,"mode_d_obtention_des_coordonnees":null,"mode_d_obtention_de_l_altitude":null,"statut":"Validé","commentaire_sur_l_objet_hydro":null,"liens_vers_cours_d_eau_amont":"COURDEAU0000002000844903","liens_vers_cours_d_eau_aval":"COURDEAU0000002000844903"}},{"type":"Feature","id":"noeud_hydrographique.1443130","geometry":{"type":"Point","coordinates":[3.80004689,48.52363267,73.6]},"geometry_name":"geometrie","properties":{"cleabs":"NOEUDHYD0000002486645204","code_hydrographique":"03N0000002486645204","code_du_pays":"FR","categorie":"Confluent","toponyme":null,"statut_du_toponyme":null,"date_creation":"2024-12-07T12:44:51.787Z","date_modification":"2025-05-19T15:40:14.355Z","date_d_apparition":null,"date_de_confirmation":null,"sources":null,"identifiants_sources":null,"methode_d_acquisition_planimetrique":"Photogrammétrie","precision_planimetrique":2.5,"methode_d_acquisition_altimetrique":"Photogrammétrie","precision_altimetrique":1.5,"mode_d_obtention_des_coordonnees":null,"mode_d_obtention_de_l_altitude":null,"statut":"Validé","commentaire_sur_l_objet_hydro":null,"liens_vers_cours_d_eau_amont":"COURDEAU0000002000844903","liens_vers_cours_d_eau_aval":"COURDEAU0000002000844903"}},{"type":"Feature","id":"noeud_hydrographique.1443131","geometry":{"type":"Point","coordinates":[3.79883062,48.52816054,76]},"geometry_name":"geometrie","properties":{"cleabs":"NOEUDHYD0000002486645205","code_hydrographique":"03N0000002486645205","code_du_pays":"FR","categorie":"Jonction linéaire","toponyme":null,"statut_du_toponyme":null,"date_creation":"2024-12-07T12:44:51.787Z","date_modification":"2025-05-19T15:40:14.355Z","date_d_apparition":null,"date_de_confirmation":null,"sources":null,"identifiants_sources":null,"methode_d_acquisition_planimetrique":"BDTopo","precision_planimetrique":2.5,"methode_d_acquisition_altimetrique":"BDTopo","precision_altimetrique":1.5,"mode_d_obtention_des_coordonnees":null,"mode_d_obtention_de_l_altitude":null,"statut":"Validé","commentaire_sur_l_objet_hydro":null,"liens_vers_cours_d_eau_amont":"COURDEAU0000002000813344","liens_vers_cours_d_eau_aval":"COURDEAU0000002000813344"}},{"type":"Feature","id":"noeud_hydrographique.1443132","geometry":{"type":"Point","coordinates":[3.79811081,48.52909918,76]},"geometry_name":"geometrie","properties":{"cleabs":"NOEUDHYD0000002486645206","code_hydrographique":"03N0000002486645206","code_du_pays":"FR","categorie":"Jonction linéaire","toponyme":null,"statut_du_toponyme":null,"date_creation":"2024-12-07T12:44:51.787Z","date_modification":"2025-05-19T15:40:14.355Z","date_d_apparition":null,"date_de_confirmation":null,"sources":null,"identifiants_sources":null,"methode_d_acquisition_planimetrique":"BDTopo","precision_planimetrique":2.5,"methode_d_acquisition_altimetrique":"BDTopo","precision_altimetrique":1.5,"mode_d_obtention_des_coordonnees":null,"mode_d_obtention_de_l_altitude":null,"statut":"Validé","commentaire_sur_l_objet_hydro":null,"liens_vers_cours_d_eau_amont":"COURDEAU0000002000813344","liens_vers_cours_d_eau_aval":"COURDEAU0000002000813344"}},{"type":"Feature","id":"noeud_hydrographique.1443133","geometry":{"type":"Point","coordinates":[3.79890938,48.5234613,73.6]},"geometry_name":"geometrie","properties":{"cleabs":"NOEUDHYD0000002486645209","code_hydrographique":"03N0000002486645209","code_du_pays":"FR","categorie":"Diffluent","toponyme":null,"statut_du_toponyme":null,"date_creation":"2024-12-07T12:44:51.787Z","date_modification":"2025-05-19T15:40:14.355Z","date_d_apparition":null,"date_de_confirmation":null,"sources":null,"identifiants_sources":null,"methode_d_acquisition_planimetrique":"Photogrammétrie","precision_planimetrique":2.5,"methode_d_acquisition_altimetrique":"Photogrammétrie","precision_altimetrique":1.5,"mode_d_obtention_des_coordonnees":null,"mode_d_obtention_de_l_altitude":null,"statut":"Validé","commentaire_sur_l_objet_hydro":null,"liens_vers_cours_d_eau_amont":"COURDEAU0000002000844903","liens_vers_cours_d_eau_aval":"COURDEAU0000002000844903"}},{"type":"Feature","id":"noeud_hydrographique.1443134","geometry":{"type":"Point","coordinates":[3.79684616,48.52021132,75.1]},"geometry_name":"geometrie","properties":{"cleabs":"NOEUDHYD0000002486645210","code_hydrographique":"03N0000002486645210","code_du_pays":"FR","categorie":"Confluent","toponyme":null,"statut_du_toponyme":null,"date_creation":"2024-12-07T12:44:51.787Z","date_modification":"2025-05-19T15:40:14.355Z","date_d_apparition":null,"date_de_confirmation":null,"sources":null,"identifiants_sources":null,"methode_d_acquisition_planimetrique":"Photogrammétrie","precision_planimetrique":2.5,"methode_d_acquisition_altimetrique":"Photogrammétrie","precision_altimetrique":1.5,"mode_d_obtention_des_coordonnees":null,"mode_d_obtention_de_l_altitude":null,"statut":"Validé","commentaire_sur_l_objet_hydro":null,"liens_vers_cours_d_eau_amont":"COURDEAU0000002000813443","liens_vers_cours_d_eau_aval":"COURDEAU0000002000813443"}},{"type":"Feature","id":"noeud_hydrographique.1443135","geometry":{"type":"Point","coordinates":[3.79728648,48.52877725,76.2]},"geometry_name":"geometrie","properties":{"cleabs":"NOEUDHYD0000002486645212","code_hydrographique":"03N0000002486645212","code_du_pays":"FR","categorie":"Jonction linéaire","toponyme":null,"statut_du_toponyme":null,"date_creation":"2024-12-07T12:44:51.787Z","date_modification":"2025-05-19T15:40:14.355Z","date_d_apparition":null,"date_de_confirmation":null,"sources":null,"identifiants_sources":null,"methode_d_acquisition_planimetrique":"BDTopo","precision_planimetrique":2.5,"methode_d_acquisition_altimetrique":"BDTopo","precision_altimetrique":1.5,"mode_d_obtention_des_coordonnees":null,"mode_d_obtention_de_l_altitude":null,"statut":"Validé","commentaire_sur_l_objet_hydro":null,"liens_vers_cours_d_eau_amont":"COURDEAU0000002000813344","liens_vers_cours_d_eau_aval":"COURDEAU0000002000813344"}},{"type":"Feature","id":"noeud_hydrographique.1443147","geometry":{"type":"Point","coordinates":[3.78409572,48.52316501,73]},"geometry_name":"geometrie","properties":{"cleabs":"NOEUDHYD0000002486645233","code_hydrographique":"03N0000002486645233","code_du_pays":"FR","categorie":"Confluent","toponyme":null,"statut_du_toponyme":null,"date_creation":"2024-12-07T12:44:51.787Z","date_modification":"2025-05-19T15:40:14.355Z","date_d_apparition":null,"date_de_confirmation":null,"sources":null,"identifiants_sources":null,"methode_d_acquisition_planimetrique":"Photogrammétrie","precision_planimetrique":2.5,"methode_d_acquisition_altimetrique":"Photogrammétrie","precision_altimetrique":1.5,"mode_d_obtention_des_coordonnees":null,"mode_d_obtention_de_l_altitude":null,"statut":"Validé","commentaire_sur_l_objet_hydro":null,"liens_vers_cours_d_eau_amont":"COURDEAU0000002000813469/COURDEAU0000002000844903","liens_vers_cours_d_eau_aval":"COURDEAU0000002000844903"}},{"type":"Feature","id":"noeud_hydrographique.1443148","geometry":{"type":"Point","coordinates":[3.78414323,48.52308193,73.2]},"geometry_name":"geometrie","properties":{"cleabs":"NOEUDHYD0000002486645234","code_hydrographique":"03N0000002486645234","code_du_pays":"FR","categorie":"Jonction linéaire","toponyme":null,"statut_du_toponyme":null,"date_creation":"2024-12-07T12:44:51.787Z","date_modification":"2025-05-19T15:40:14.355Z","date_d_apparition":null,"date_de_confirmation":null,"sources":null,"identifiants_sources":null,"methode_d_acquisition_planimetrique":"Photogrammétrie","precision_planimetrique":2.5,"methode_d_acquisition_altimetrique":"Photogrammétrie","precision_altimetrique":1.5,"mode_d_obtention_des_coordonnees":null,"mode_d_obtention_de_l_altitude":null,"statut":"Validé","commentaire_sur_l_objet_hydro":null,"liens_vers_cours_d_eau_amont":"COURDEAU0000002000813469","liens_vers_cours_d_eau_aval":"COURDEAU0000002000813469"}},{"type":"Feature","id":"noeud_hydrographique.1443149","geometry":{"type":"Point","coordinates":[3.78869653,48.52408547,73.4]},"geometry_name":"geometrie","properties":{"cleabs":"NOEUDHYD0000002486645238","code_hydrographique":"03N0000002486645238","code_du_pays":"FR","categorie":"Confluent","toponyme":null,"statut_du_toponyme":null,"date_creation":"2024-12-07T12:44:51.787Z","date_modification":"2025-05-19T15:40:14.355Z","date_d_apparition":null,"date_de_confirmation":null,"sources":null,"identifiants_sources":null,"methode_d_acquisition_planimetrique":"Photogrammétrie","precision_planimetrique":2.5,"methode_d_acquisition_altimetrique":"Photogrammétrie","precision_altimetrique":1.5,"mode_d_obtention_des_coordonnees":null,"mode_d_obtention_de_l_altitude":null,"statut":"Validé","commentaire_sur_l_objet_hydro":null,"liens_vers_cours_d_eau_amont":"COURDEAU0000002000813443/COURDEAU0000002000844903","liens_vers_cours_d_eau_aval":"COURDEAU0000002000844903"}},{"type":"Feature","id":"noeud_hydrographique.1443150","geometry":{"type":"Point","coordinates":[3.7888056,48.52404336,73.5]},"geometry_name":"geometrie","properties":{"cleabs":"NOEUDHYD0000002486645239","code_hydrographique":"03N0000002486645239","code_du_pays":"FR","categorie":"Jonction linéaire","toponyme":null,"statut_du_toponyme":null,"date_creation":"2024-12-07T12:44:51.787Z","date_modification":"2025-05-19T15:40:14.355Z","date_d_apparition":null,"date_de_confirmation":null,"sources":null,"identifiants_sources":null,"methode_d_acquisition_planimetrique":"BDTopo","precision_planimetrique":2.5,"methode_d_acquisition_altimetrique":"BDTopo","precision_altimetrique":1.5,"mode_d_obtention_des_coordonnees":null,"mode_d_obtention_de_l_altitude":null,"statut":"Validé","commentaire_sur_l_objet_hydro":null,"liens_vers_cours_d_eau_amont":"COURDEAU0000002000813443","liens_vers_cours_d_eau_aval":"COURDEAU0000002000813443"}},{"type":"Feature","id":"noeud_hydrographique.1443151","geometry":{"type":"Point","coordinates":[3.78783642,48.52128166,73.3]},"geometry_name":"geometrie","properties":{"cleabs":"NOEUDHYD0000002486645240","code_hydrographique":"03N0000002486645240","code_du_pays":"FR","categorie":"Diffluent","toponyme":null,"statut_du_toponyme":null,"date_creation":"2024-12-07T12:44:51.787Z","date_modification":"2025-05-19T15:40:14.355Z","date_d_apparition":null,"date_de_confirmation":null,"sources":null,"identifiants_sources":null,"methode_d_acquisition_planimetrique":"Photogrammétrie","precision_planimetrique":2.5,"methode_d_acquisition_altimetrique":"Photogrammétrie","precision_altimetrique":1.5,"mode_d_obtention_des_coordonnees":null,"mode_d_obtention_de_l_altitude":null,"statut":"Validé","commentaire_sur_l_objet_hydro":null,"liens_vers_cours_d_eau_amont":"COURDEAU0000002000813469","liens_vers_cours_d_eau_aval":"COURDEAU0000002000813469"}},{"type":"Feature","id":"noeud_hydrographique.1443154","geometry":{"type":"Point","coordinates":[3.79274157,48.53338488,74.3]},"geometry_name":"geometrie","properties":{"cleabs":"NOEUDHYD0000002486645243","code_hydrographique":"03N0000002486645243","code_du_pays":"FR","categorie":"Jonction linéaire","toponyme":null,"statut_du_toponyme":null,"date_creation":"2024-12-07T12:44:51.787Z","date_modification":"2025-05-19T15:40:14.355Z","date_d_apparition":null,"date_de_confirmation":null,"sources":null,"identifiants_sources":null,"methode_d_acquisition_planimetrique":"Photogrammétrie","precision_planimetrique":2.5,"methode_d_acquisition_altimetrique":"Photogrammétrie","precision_altimetrique":1.5,"mode_d_obtention_des_coordonnees":null,"mode_d_obtention_de_l_altitude":null,"statut":"Validé","commentaire_sur_l_objet_hydro":null,"liens_vers_cours_d_eau_amont":"COURDEAU0000002000813337","liens_vers_cours_d_eau_aval":"COURDEAU0000002000813337"}},{"type":"Feature","id":"noeud_hydrographique.1443155","geometry":{"type":"Point","coordinates":[3.82050312,48.51251688,74.6]},"geometry_name":"geometrie","properties":{"cleabs":"NOEUDHYD0000002486645246","code_hydrographique":"03N0000002486645246","code_du_pays":"FR","categorie":"Confluent","toponyme":null,"statut_du_toponyme":null,"date_creation":"2024-12-07T12:44:51.787Z","date_modification":"2025-05-19T15:40:14.355Z","date_d_apparition":null,"date_de_confirmation":null,"sources":null,"identifiants_sources":null,"methode_d_acquisition_planimetrique":"Photogrammétrie","precision_planimetrique":2.5,"methode_d_acquisition_altimetrique":"Photogrammétrie","precision_altimetrique":1.5,"mode_d_obtention_des_coordonnees":null,"mode_d_obtention_de_l_altitude":null,"statut":"Validé","commentaire_sur_l_objet_hydro":null,"liens_vers_cours_d_eau_amont":"COURDEAU0000002000813469","liens_vers_cours_d_eau_aval":"COURDEAU0000002000813469"}},{"type":"Feature","id":"noeud_hydrographique.1443156","geometry":{"type":"Point","coordinates":[3.81094323,48.52807493,75.8]},"geometry_name":"geometrie","properties":{"cleabs":"NOEUDHYD0000002486645250","code_hydrographique":"03N0000002486645250","code_du_pays":"FR","categorie":"Confluent","toponyme":null,"statut_du_toponyme":null,"date_creation":"2024-12-07T12:44:51.787Z","date_modification":"2025-05-19T15:40:14.355Z","date_d_apparition":null,"date_de_confirmation":null,"sources":null,"identifiants_sources":null,"methode_d_acquisition_planimetrique":"Photogrammétrie","precision_planimetrique":2.5,"methode_d_acquisition_altimetrique":"Photogrammétrie","precision_altimetrique":1.5,"mode_d_obtention_des_coordonnees":null,"mode_d_obtention_de_l_altitude":null,"statut":"Validé","commentaire_sur_l_objet_hydro":null,"liens_vers_cours_d_eau_amont":"COURDEAU0000002000813418","liens_vers_cours_d_eau_aval":"COURDEAU0000002000813418"}},{"type":"Feature","id":"noeud_hydrographique.1443157","geometry":{"type":"Point","coordinates":[3.81213929,48.51321307,74]},"geometry_name":"geometrie","properties":{"cleabs":"NOEUDHYD0000002486645251","code_hydrographique":"03N0000002486645251","code_du_pays":"FR","categorie":"Diffluent","toponyme":null,"statut_du_toponyme":null,"date_creation":"2024-12-07T12:44:51.787Z","date_modification":"2025-05-19T15:40:14.355Z","date_d_apparition":null,"date_de_confirmation":null,"sources":null,"identifiants_sources":null,"methode_d_acquisition_planimetrique":"Photogrammétrie","precision_planimetrique":2.5,"methode_d_acquisition_altimetrique":"Photogrammétrie","precision_altimetrique":1.5,"mode_d_obtention_des_coordonnees":null,"mode_d_obtention_de_l_altitude":null,"statut":"Validé","commentaire_sur_l_objet_hydro":null,"liens_vers_cours_d_eau_amont":"COURDEAU0000002000813469","liens_vers_cours_d_eau_aval":"COURDEAU0000002000813443/COURDEAU0000002000813469"}},{"type":"Feature","id":"noeud_hydrographique.1443158","geometry":{"type":"Point","coordinates":[3.81432957,48.5327172,76]},"geometry_name":"geometrie","properties":{"cleabs":"NOEUDHYD0000002486645254","code_hydrographique":"03N0000002486645254","code_du_pays":"FR","categorie":"Confluent","toponyme":null,"statut_du_toponyme":null,"date_creation":"2024-12-07T12:44:51.787Z","date_modification":"2025-05-19T15:40:14.355Z","date_d_apparition":null,"date_de_confirmation":null,"sources":null,"identifiants_sources":null,"methode_d_acquisition_planimetrique":"BDTopo","precision_planimetrique":2.5,"methode_d_acquisition_altimetrique":"BDTopo","precision_altimetrique":1.5,"mode_d_obtention_des_coordonnees":null,"mode_d_obtention_de_l_altitude":null,"statut":"Validé","commentaire_sur_l_objet_hydro":null,"liens_vers_cours_d_eau_amont":"COURDEAU0000002000813384","liens_vers_cours_d_eau_aval":"COURDEAU0000002000813384"}},{"type":"Feature","id":"noeud_hydrographique.1443159","geometry":{"type":"Point","coordinates":[3.81455078,48.53483698,75.9]},"geometry_name":"geometrie","properties":{"cleabs":"NOEUDHYD0000002486645255","code_hydrographique":"03N0000002486645255","code_du_pays":"FR","categorie":"Diffluent","toponyme":null,"statut_du_toponyme":null,"date_creation":"2024-12-07T12:44:51.787Z","date_modification":"2025-05-19T15:40:14.355Z","date_d_apparition":null,"date_de_confirmation":null,"sources":null,"identifiants_sources":null,"methode_d_acquisition_planimetrique":"BDTopo","precision_planimetrique":2.5,"methode_d_acquisition_altimetrique":"BDTopo","precision_altimetrique":1.5,"mode_d_obtention_des_coordonnees":null,"mode_d_obtention_de_l_altitude":null,"statut":"Validé","commentaire_sur_l_objet_hydro":null,"liens_vers_cours_d_eau_amont":"COURDEAU0000002000813392","liens_vers_cours_d_eau_aval":"COURDEAU0000002000813338/COURDEAU0000002000813392"}},{"type":"Feature","id":"noeud_hydrographique.1443161","geometry":{"type":"Point","coordinates":[3.81317026,48.5342131,75.7]},"geometry_name":"geometrie","properties":{"cleabs":"NOEUDHYD0000002486645258","code_hydrographique":"03N0000002486645258","code_du_pays":"FR","categorie":"Confluent","toponyme":null,"statut_du_toponyme":null,"date_creation":"2024-12-07T12:44:51.787Z","date_modification":"2025-05-19T15:40:14.355Z","date_d_apparition":null,"date_de_confirmation":null,"sources":null,"identifiants_sources":null,"methode_d_acquisition_planimetrique":"BDTopo","precision_planimetrique":2.5,"methode_d_acquisition_altimetrique":"BDTopo","precision_altimetrique":1.5,"mode_d_obtention_des_coordonnees":null,"mode_d_obtention_de_l_altitude":null,"statut":"Validé","commentaire_sur_l_objet_hydro":null,"liens_vers_cours_d_eau_amont":"COURDEAU0000002000813384/COURDEAU0000002000813392","liens_vers_cours_d_eau_aval":"COURDEAU0000002000813384"}},{"type":"Feature","id":"noeud_hydrographique.1443162","geometry":{"type":"Point","coordinates":[3.81279264,48.53362104,75.8]},"geometry_name":"geometrie","properties":{"cleabs":"NOEUDHYD0000002486645259","code_hydrographique":"03N0000002486645259","code_du_pays":"FR","categorie":"Confluent","toponyme":null,"statut_du_toponyme":null,"date_creation":"2024-12-07T12:44:51.787Z","date_modification":"2025-05-19T15:40:14.355Z","date_d_apparition":null,"date_de_confirmation":null,"sources":null,"identifiants_sources":null,"methode_d_acquisition_planimetrique":"BDTopo","precision_planimetrique":2.5,"methode_d_acquisition_altimetrique":"BDTopo","precision_altimetrique":1.5,"mode_d_obtention_des_coordonnees":null,"mode_d_obtention_de_l_altitude":null,"statut":"Validé","commentaire_sur_l_objet_hydro":null,"liens_vers_cours_d_eau_amont":"COURDEAU0000002000813384","liens_vers_cours_d_eau_aval":"COURDEAU0000002000813384"}},{"type":"Feature","id":"noeud_hydrographique.1443168","geometry":{"type":"Point","coordinates":[3.8192218,48.52957181,75.5]},"geometry_name":"geometrie","properties":{"cleabs":"NOEUDHYD0000002486645272","code_hydrographique":"03N0000002486645272","code_du_pays":"FR","categorie":"Jonction linéaire","toponyme":null,"statut_du_toponyme":null,"date_creation":"2024-12-07T12:44:51.787Z","date_modification":"2025-05-19T15:40:14.355Z","date_d_apparition":null,"date_de_confirmation":null,"sources":null,"identifiants_sources":null,"methode_d_acquisition_planimetrique":"BDTopo","precision_planimetrique":2.5,"methode_d_acquisition_altimetrique":"BDTopo","precision_altimetrique":1.5,"mode_d_obtention_des_coordonnees":null,"mode_d_obtention_de_l_altitude":null,"statut":"Validé","commentaire_sur_l_objet_hydro":null,"liens_vers_cours_d_eau_amont":"COURDEAU0000002000813384","liens_vers_cours_d_eau_aval":"COURDEAU0000002000813384"}},{"type":"Feature","id":"noeud_hydrographique.1443169","geometry":{"type":"Point","coordinates":[3.81874793,48.52012724,76.9]},"geometry_name":"geometrie","properties":{"cleabs":"NOEUDHYD0000002486645277","code_hydrographique":"03N0000002486645277","code_du_pays":"FR","categorie":"Diffluent","toponyme":null,"statut_du_toponyme":null,"date_creation":"2024-12-07T12:44:51.787Z","date_modification":"2025-05-19T15:40:14.355Z","date_d_apparition":null,"date_de_confirmation":null,"sources":null,"identifiants_sources":null,"methode_d_acquisition_planimetrique":"Photogrammétrie","precision_planimetrique":2.5,"methode_d_acquisition_altimetrique":"Photogrammétrie","precision_altimetrique":1.5,"mode_d_obtention_des_coordonnees":null,"mode_d_obtention_de_l_altitude":null,"statut":"Validé","commentaire_sur_l_objet_hydro":null,"liens_vers_cours_d_eau_amont":"COURDEAU0000002000813389","liens_vers_cours_d_eau_aval":"COURDEAU0000002000813389"}},{"type":"Feature","id":"noeud_hydrographique.1443170","geometry":{"type":"Point","coordinates":[3.82104644,48.52586358,75]},"geometry_name":"geometrie","properties":{"cleabs":"NOEUDHYD0000002486645278","code_hydrographique":"03N0000002486645278","code_du_pays":"FR","categorie":"Jonction linéaire","toponyme":null,"statut_du_toponyme":null,"date_creation":"2024-12-07T12:44:51.787Z","date_modification":"2025-05-19T15:40:14.355Z","date_d_apparition":null,"date_de_confirmation":null,"sources":null,"identifiants_sources":null,"methode_d_acquisition_planimetrique":"Photogrammétrie","precision_planimetrique":2.5,"methode_d_acquisition_altimetrique":"Photogrammétrie","precision_altimetrique":1.5,"mode_d_obtention_des_coordonnees":null,"mode_d_obtention_de_l_altitude":null,"statut":"Validé","commentaire_sur_l_objet_hydro":null,"liens_vers_cours_d_eau_amont":"COURDEAU0000002000813418","liens_vers_cours_d_eau_aval":"COURDEAU0000002000813418"}},{"type":"Feature","id":"noeud_hydrographique.1443171","geometry":{"type":"Point","coordinates":[3.82122575,48.52563834,75]},"geometry_name":"geometrie","properties":{"cleabs":"NOEUDHYD0000002486645279","code_hydrographique":"03N0000002486645279","code_du_pays":"FR","categorie":"Diffluent","toponyme":null,"statut_du_toponyme":null,"date_creation":"2024-12-07T12:44:51.787Z","date_modification":"2025-05-19T15:40:14.355Z","date_d_apparition":null,"date_de_confirmation":null,"sources":null,"identifiants_sources":null,"methode_d_acquisition_planimetrique":"Photogrammétrie","precision_planimetrique":2.5,"methode_d_acquisition_altimetrique":"Photogrammétrie","precision_altimetrique":1.5,"mode_d_obtention_des_coordonnees":null,"mode_d_obtention_de_l_altitude":null,"statut":"Validé","commentaire_sur_l_objet_hydro":null,"liens_vers_cours_d_eau_amont":"COURDEAU0000002000813418","liens_vers_cours_d_eau_aval":"COURDEAU0000002000813384/COURDEAU0000002000813418"}},{"type":"Feature","id":"noeud_hydrographique.1443172","geometry":{"type":"Point","coordinates":[3.82855918,48.51943851,76]},"geometry_name":"geometrie","properties":{"cleabs":"NOEUDHYD0000002486645286","code_hydrographique":"03N0000002486645286","code_du_pays":"FR","categorie":"Confluent","toponyme":null,"statut_du_toponyme":null,"date_creation":"2024-12-07T12:44:51.787Z","date_modification":"2025-05-19T15:40:14.355Z","date_d_apparition":null,"date_de_confirmation":null,"sources":null,"identifiants_sources":null,"methode_d_acquisition_planimetrique":"Photogrammétrie","precision_planimetrique":2.5,"methode_d_acquisition_altimetrique":"Photogrammétrie","precision_altimetrique":1.5,"mode_d_obtention_des_coordonnees":null,"mode_d_obtention_de_l_altitude":null,"statut":"Validé","commentaire_sur_l_objet_hydro":null,"liens_vers_cours_d_eau_amont":"COURDEAU0000002000844903","liens_vers_cours_d_eau_aval":"COURDEAU0000002000844903"}},{"type":"Feature","id":"noeud_hydrographique.1443173","geometry":{"type":"Point","coordinates":[3.82950294,48.52003108,75.6]},"geometry_name":"geometrie","properties":{"cleabs":"NOEUDHYD0000002486645287","code_hydrographique":"03N0000002486645287","code_du_pays":"FR","categorie":"Diffluent","toponyme":null,"statut_du_toponyme":null,"date_creation":"2024-12-07T12:44:51.787Z","date_modification":"2025-05-19T15:40:14.355Z","date_d_apparition":null,"date_de_confirmation":null,"sources":null,"identifiants_sources":null,"methode_d_acquisition_planimetrique":"Photogrammétrie","precision_planimetrique":2.5,"methode_d_acquisition_altimetrique":"Photogrammétrie","precision_altimetrique":1.5,"mode_d_obtention_des_coordonnees":null,"mode_d_obtention_de_l_altitude":null,"statut":"Validé","commentaire_sur_l_objet_hydro":null,"liens_vers_cours_d_eau_amont":"COURDEAU0000002000844903","liens_vers_cours_d_eau_aval":"COURDEAU0000002000844903"}},{"type":"Feature","id":"noeud_hydrographique.1443174","geometry":{"type":"Point","coordinates":[3.82932364,48.52033911,-1000]},"geometry_name":"geometrie","properties":{"cleabs":"NOEUDHYD0000002486645289","code_hydrographique":"03N0000002486645289","code_du_pays":"FR","categorie":"Jonction linéaire","toponyme":null,"statut_du_toponyme":null,"date_creation":"2024-12-07T12:44:51.787Z","date_modification":"2025-05-19T15:40:14.355Z","date_d_apparition":null,"date_de_confirmation":null,"sources":null,"identifiants_sources":null,"methode_d_acquisition_planimetrique":"Orthophotographie","precision_planimetrique":3,"methode_d_acquisition_altimetrique":"Pas de Z","precision_altimetrique":9999,"mode_d_obtention_des_coordonnees":null,"mode_d_obtention_de_l_altitude":null,"statut":"Validé","commentaire_sur_l_objet_hydro":null,"liens_vers_cours_d_eau_amont":"COURDEAU0000002000844903","liens_vers_cours_d_eau_aval":"COURDEAU0000002000844903"}},{"type":"Feature","id":"noeud_hydrographique.1443175","geometry":{"type":"Point","coordinates":[3.83072309,48.52841066,77.1]},"geometry_name":"geometrie","properties":{"cleabs":"NOEUDHYD0000002486645293","code_hydrographique":"03N0000002486645293","code_du_pays":"FR","categorie":"Diffluent","toponyme":null,"statut_du_toponyme":null,"date_creation":"2024-12-07T12:44:51.787Z","date_modification":"2025-05-19T15:40:14.355Z","date_d_apparition":null,"date_de_confirmation":null,"sources":null,"identifiants_sources":null,"methode_d_acquisition_planimetrique":"BDTopo","precision_planimetrique":2.5,"methode_d_acquisition_altimetrique":"BDTopo","precision_altimetrique":1.5,"mode_d_obtention_des_coordonnees":null,"mode_d_obtention_de_l_altitude":null,"statut":"Validé","commentaire_sur_l_objet_hydro":null,"liens_vers_cours_d_eau_amont":"COURDEAU0000002000813394","liens_vers_cours_d_eau_aval":"COURDEAU0000002000813394"}},{"type":"Feature","id":"noeud_hydrographique.1443176","geometry":{"type":"Point","coordinates":[3.82672361,48.53245894,77.5]},"geometry_name":"geometrie","properties":{"cleabs":"NOEUDHYD0000002486645296","code_hydrographique":"03N0000002486645296","code_du_pays":"FR","categorie":"Jonction linéaire","toponyme":null,"statut_du_toponyme":null,"date_creation":"2024-12-07T12:44:51.787Z","date_modification":"2025-05-19T15:40:14.355Z","date_d_apparition":null,"date_de_confirmation":null,"sources":null,"identifiants_sources":null,"methode_d_acquisition_planimetrique":"BDTopo","precision_planimetrique":2.5,"methode_d_acquisition_altimetrique":"BDTopo","precision_altimetrique":1.5,"mode_d_obtention_des_coordonnees":null,"mode_d_obtention_de_l_altitude":null,"statut":"Validé","commentaire_sur_l_objet_hydro":null,"liens_vers_cours_d_eau_amont":"COURDEAU0000002000813392","liens_vers_cours_d_eau_aval":"COURDEAU0000002000813392"}},{"type":"Feature","id":"noeud_hydrographique.1443181","geometry":{"type":"Point","coordinates":[3.83232323,48.52767797,75.8]},"geometry_name":"geometrie","properties":{"cleabs":"NOEUDHYD0000002486645310","code_hydrographique":"03N0000002486645310","code_du_pays":"FR","categorie":"Confluent","toponyme":null,"statut_du_toponyme":null,"date_creation":"2024-12-07T12:44:51.787Z","date_modification":"2025-05-19T15:40:14.355Z","date_d_apparition":null,"date_de_confirmation":null,"sources":null,"identifiants_sources":null,"methode_d_acquisition_planimetrique":"BDTopo","precision_planimetrique":2.5,"methode_d_acquisition_altimetrique":"BDTopo","precision_altimetrique":1.5,"mode_d_obtention_des_coordonnees":null,"mode_d_obtention_de_l_altitude":null,"statut":"Validé","commentaire_sur_l_objet_hydro":null,"liens_vers_cours_d_eau_amont":"COURDEAU0000002000813393/COURDEAU0000002000813394","liens_vers_cours_d_eau_aval":"COURDEAU0000002000813394"}},{"type":"Feature","id":"noeud_hydrographique.1443182","geometry":{"type":"Point","coordinates":[3.8310193,48.52958169,76.5]},"geometry_name":"geometrie","properties":{"cleabs":"NOEUDHYD0000002486645311","code_hydrographique":"03N0000002486645311","code_du_pays":"FR","categorie":"Confluent","toponyme":null,"statut_du_toponyme":null,"date_creation":"2024-12-07T12:44:51.787Z","date_modification":"2025-05-19T15:40:14.355Z","date_d_apparition":null,"date_de_confirmation":null,"sources":null,"identifiants_sources":null,"methode_d_acquisition_planimetrique":"BDTopo","precision_planimetrique":2.5,"methode_d_acquisition_altimetrique":"BDTopo","precision_altimetrique":1.5,"mode_d_obtention_des_coordonnees":null,"mode_d_obtention_de_l_altitude":null,"statut":"Validé","commentaire_sur_l_objet_hydro":null,"liens_vers_cours_d_eau_amont":"COURDEAU0000002000813392","liens_vers_cours_d_eau_aval":"COURDEAU0000002000813392"}},{"type":"Feature","id":"noeud_hydrographique.1443183","geometry":{"type":"Point","coordinates":[3.83104656,48.52275426,77]},"geometry_name":"geometrie","properties":{"cleabs":"NOEUDHYD0000002486645312","code_hydrographique":"03N0000002486645312","code_du_pays":"FR","categorie":"Diffluent","toponyme":null,"statut_du_toponyme":null,"date_creation":"2024-12-07T12:44:51.787Z","date_modification":"2025-05-19T15:40:14.355Z","date_d_apparition":null,"date_de_confirmation":null,"sources":null,"identifiants_sources":null,"methode_d_acquisition_planimetrique":"Photogrammétrie","precision_planimetrique":2.5,"methode_d_acquisition_altimetrique":"Photogrammétrie","precision_altimetrique":1.5,"mode_d_obtention_des_coordonnees":null,"mode_d_obtention_de_l_altitude":null,"statut":"Validé","commentaire_sur_l_objet_hydro":null,"liens_vers_cours_d_eau_amont":"COURDEAU0000002000813418","liens_vers_cours_d_eau_aval":"COURDEAU0000002000813418"}},{"type":"Feature","id":"noeud_hydrographique.1443187","geometry":{"type":"Point","coordinates":[3.82815044,48.50916038,75.8]},"geometry_name":"geometrie","properties":{"cleabs":"NOEUDHYD0000002486645320","code_hydrographique":"03N0000002486645320","code_du_pays":"FR","categorie":"Confluent","toponyme":null,"statut_du_toponyme":null,"date_creation":"2024-12-07T12:44:51.787Z","date_modification":"2025-05-19T15:40:14.355Z","date_d_apparition":null,"date_de_confirmation":null,"sources":null,"identifiants_sources":null,"methode_d_acquisition_planimetrique":"Photogrammétrie","precision_planimetrique":2.5,"methode_d_acquisition_altimetrique":"Photogrammétrie","precision_altimetrique":1.5,"mode_d_obtention_des_coordonnees":null,"mode_d_obtention_de_l_altitude":null,"statut":"Validé","commentaire_sur_l_objet_hydro":null,"liens_vers_cours_d_eau_amont":"COURDEAU0000002000813448/COURDEAU0000002000813469","liens_vers_cours_d_eau_aval":"COURDEAU0000002000813469"}},{"type":"Feature","id":"noeud_hydrographique.1443188","geometry":{"type":"Point","coordinates":[3.8241421,48.51213274,76.6]},"geometry_name":"geometrie","properties":{"cleabs":"NOEUDHYD0000002486645321","code_hydrographique":"03N0000002486645321","code_du_pays":"FR","categorie":"Jonction linéaire","toponyme":null,"statut_du_toponyme":null,"date_creation":"2024-12-07T12:44:51.787Z","date_modification":"2025-05-19T15:40:14.355Z","date_d_apparition":null,"date_de_confirmation":null,"sources":null,"identifiants_sources":null,"methode_d_acquisition_planimetrique":"Photogrammétrie","precision_planimetrique":2.5,"methode_d_acquisition_altimetrique":"Photogrammétrie","precision_altimetrique":1.5,"mode_d_obtention_des_coordonnees":null,"mode_d_obtention_de_l_altitude":null,"statut":"Validé","commentaire_sur_l_objet_hydro":null,"liens_vers_cours_d_eau_amont":"COURDEAU0000002000813447","liens_vers_cours_d_eau_aval":"COURDEAU0000002000813447"}},{"type":"Feature","id":"noeud_hydrographique.1443189","geometry":{"type":"Point","coordinates":[3.82414413,48.51208955,76.6]},"geometry_name":"geometrie","properties":{"cleabs":"NOEUDHYD0000002486645322","code_hydrographique":"03N0000002486645322","code_du_pays":"FR","categorie":"Confluent","toponyme":null,"statut_du_toponyme":null,"date_creation":"2024-12-07T12:44:51.787Z","date_modification":"2025-05-19T15:40:14.355Z","date_d_apparition":null,"date_de_confirmation":null,"sources":null,"identifiants_sources":null,"methode_d_acquisition_planimetrique":"Photogrammétrie","precision_planimetrique":2.5,"methode_d_acquisition_altimetrique":"Photogrammétrie","precision_altimetrique":1.5,"mode_d_obtention_des_coordonnees":null,"mode_d_obtention_de_l_altitude":null,"statut":"Validé","commentaire_sur_l_objet_hydro":null,"liens_vers_cours_d_eau_amont":"COURDEAU0000002000813447/COURDEAU0000002000813469","liens_vers_cours_d_eau_aval":"COURDEAU0000002000813469"}},{"type":"Feature","id":"noeud_hydrographique.1637531","geometry":{"type":"Point","coordinates":[3.7765151,48.52357642,73]},"geometry_name":"geometrie","properties":{"cleabs":"NOEUDHYD0000002487423074","code_hydrographique":"03N0000002487423074","code_du_pays":"FR","categorie":"Source","toponyme":null,"statut_du_toponyme":null,"date_creation":"2024-12-07T12:44:51.787Z","date_modification":"2025-05-19T15:56:33.057Z","date_d_apparition":null,"date_de_confirmation":null,"sources":null,"identifiants_sources":null,"methode_d_acquisition_planimetrique":"BDTopo","precision_planimetrique":2.5,"methode_d_acquisition_altimetrique":"BDTopo","precision_altimetrique":1.5,"mode_d_obtention_des_coordonnees":null,"mode_d_obtention_de_l_altitude":null,"statut":"Validé","commentaire_sur_l_objet_hydro":null,"liens_vers_cours_d_eau_amont":null,"liens_vers_cours_d_eau_aval":"COURDEAU0000002000813350"}},{"type":"Feature","id":"noeud_hydrographique.1637950","geometry":{"type":"Point","coordinates":[3.75739189,48.53497914,-1000]},"geometry_name":"geometrie","properties":{"cleabs":"NOEUDHYD0000002487423809","code_hydrographique":"03N0000002487423809","code_du_pays":"FR","categorie":"Source","toponyme":null,"statut_du_toponyme":null,"date_creation":"2024-12-07T12:44:51.787Z","date_modification":"2025-05-19T15:56:33.057Z","date_d_apparition":null,"date_de_confirmation":null,"sources":null,"identifiants_sources":null,"methode_d_acquisition_planimetrique":"BDCarto","precision_planimetrique":20,"methode_d_acquisition_altimetrique":"Pas de Z","precision_altimetrique":9999,"mode_d_obtention_des_coordonnees":null,"mode_d_obtention_de_l_altitude":null,"statut":"Validé","commentaire_sur_l_objet_hydro":null,"liens_vers_cours_d_eau_amont":null,"liens_vers_cours_d_eau_aval":"COURDEAU0000002000813333"}},{"type":"Feature","id":"noeud_hydrographique.1656622","geometry":{"type":"Point","coordinates":[3.79831409,48.52287785,75]},"geometry_name":"geometrie","properties":{"cleabs":"NOEUDHYD0000002490663589","code_hydrographique":"03N0000002490663589","code_du_pays":"FR","categorie":"Confluent","toponyme":null,"statut_du_toponyme":null,"date_creation":"2025-06-21T13:18:10.560Z","date_modification":null,"date_d_apparition":null,"date_de_confirmation":null,"sources":null,"identifiants_sources":null,"methode_d_acquisition_planimetrique":"Photogrammétrie","precision_planimetrique":2.5,"methode_d_acquisition_altimetrique":"Photogrammétrie","precision_altimetrique":1.5,"mode_d_obtention_des_coordonnees":null,"mode_d_obtention_de_l_altitude":null,"statut":"Validé","commentaire_sur_l_objet_hydro":null,"liens_vers_cours_d_eau_amont":"COURDEAU0000002000813423","liens_vers_cours_d_eau_aval":"COURDEAU0000002000813423"}},{"type":"Feature","id":"noeud_hydrographique.1702499","geometry":{"type":"Point","coordinates":[3.76053712,48.52777927,69.9]},"geometry_name":"geometrie","properties":{"cleabs":"NOEUDHYD0000002486644792","code_hydrographique":"03N0000002486644792","code_du_pays":"FR","categorie":"Confluent","toponyme":null,"statut_du_toponyme":null,"date_creation":"2024-12-07T12:44:51.787Z","date_modification":"2025-09-22T12:23:18.287Z","date_d_apparition":null,"date_de_confirmation":null,"sources":null,"identifiants_sources":null,"methode_d_acquisition_planimetrique":"Photogrammétrie","precision_planimetrique":2.5,"methode_d_acquisition_altimetrique":"Photogrammétrie","precision_altimetrique":1.5,"mode_d_obtention_des_coordonnees":null,"mode_d_obtention_de_l_altitude":null,"statut":"Validé","commentaire_sur_l_objet_hydro":null,"liens_vers_cours_d_eau_amont":"COURDEAU0000002000844903/COURDEAU0000002491708437","liens_vers_cours_d_eau_aval":"COURDEAU0000002000844903"}},{"type":"Feature","id":"noeud_hydrographique.1702523","geometry":{"type":"Point","coordinates":[3.82920035,48.52187743,75.9]},"geometry_name":"geometrie","properties":{"cleabs":"NOEUDHYD0000002486645290","code_hydrographique":"03N0000002486645290","code_du_pays":"FR","categorie":"Confluent","toponyme":null,"statut_du_toponyme":null,"date_creation":"2024-12-07T12:44:51.787Z","date_modification":"2025-09-22T12:23:18.287Z","date_d_apparition":null,"date_de_confirmation":null,"sources":null,"identifiants_sources":null,"methode_d_acquisition_planimetrique":"Photogrammétrie","precision_planimetrique":2.5,"methode_d_acquisition_altimetrique":"Photogrammétrie","precision_altimetrique":1.5,"mode_d_obtention_des_coordonnees":null,"mode_d_obtention_de_l_altitude":null,"statut":"Validé","commentaire_sur_l_objet_hydro":null,"liens_vers_cours_d_eau_amont":"COURDEAU0000002000844903","liens_vers_cours_d_eau_aval":"COURDEAU0000002000844903"}},{"type":"Feature","id":"noeud_hydrographique.1702524","geometry":{"type":"Point","coordinates":[3.83213529,48.52035724,77]},"geometry_name":"geometrie","properties":{"cleabs":"NOEUDHYD0000002486645314","code_hydrographique":"03N0000002486645314","code_du_pays":"FR","categorie":"Jonction linéaire","toponyme":null,"statut_du_toponyme":null,"date_creation":"2024-12-07T12:44:51.787Z","date_modification":"2025-09-22T12:23:18.287Z","date_d_apparition":null,"date_de_confirmation":null,"sources":null,"identifiants_sources":null,"methode_d_acquisition_planimetrique":"BDTopo","precision_planimetrique":2.5,"methode_d_acquisition_altimetrique":"BDTopo","precision_altimetrique":1.5,"mode_d_obtention_des_coordonnees":null,"mode_d_obtention_de_l_altitude":null,"statut":"Validé","commentaire_sur_l_objet_hydro":null,"liens_vers_cours_d_eau_amont":"COURDEAU0000002000844903","liens_vers_cours_d_eau_aval":"COURDEAU0000002000844903"}},{"type":"Feature","id":"noeud_hydrographique.1735423","geometry":{"type":"Point","coordinates":[3.76151351,48.52795654,73]},"geometry_name":"geometrie","properties":{"cleabs":"NOEUDHYD0000002486644778","code_hydrographique":"03N0000002486644778","code_du_pays":"FR","categorie":"Diffluent","toponyme":null,"statut_du_toponyme":null,"date_creation":"2024-12-07T12:44:51.787Z","date_modification":"2025-09-22T12:23:18.287Z","date_d_apparition":null,"date_de_confirmation":null,"sources":null,"identifiants_sources":null,"methode_d_acquisition_planimetrique":"Photogrammétrie","precision_planimetrique":2.5,"methode_d_acquisition_altimetrique":"Photogrammétrie","precision_altimetrique":1.5,"mode_d_obtention_des_coordonnees":null,"mode_d_obtention_de_l_altitude":null,"statut":"Validé","commentaire_sur_l_objet_hydro":null,"liens_vers_cours_d_eau_amont":"COURDEAU0000002000844903","liens_vers_cours_d_eau_aval":"COURDEAU0000002000844903/COURDEAU0000002491708437"}},{"type":"Feature","id":"noeud_hydrographique.1735446","geometry":{"type":"Point","coordinates":[3.82910797,48.52185918,75.8]},"geometry_name":"geometrie","properties":{"cleabs":"NOEUDHYD0000002486645291","code_hydrographique":"03N0000002486645291","code_du_pays":"FR","categorie":"Confluent","toponyme":null,"statut_du_toponyme":null,"date_creation":"2024-12-07T12:44:51.787Z","date_modification":"2025-09-22T12:23:18.287Z","date_d_apparition":null,"date_de_confirmation":null,"sources":null,"identifiants_sources":null,"methode_d_acquisition_planimetrique":"Photogrammétrie","precision_planimetrique":2.5,"methode_d_acquisition_altimetrique":"Photogrammétrie","precision_altimetrique":1.5,"mode_d_obtention_des_coordonnees":null,"mode_d_obtention_de_l_altitude":null,"statut":"Validé","commentaire_sur_l_objet_hydro":null,"liens_vers_cours_d_eau_amont":"COURDEAU0000002000844903","liens_vers_cours_d_eau_aval":"COURDEAU0000002000844903"}},{"type":"Feature","id":"noeud_hydrographique.1735449","geometry":{"type":"Point","coordinates":[3.83217505,48.52030208,77.2]},"geometry_name":"geometrie","properties":{"cleabs":"NOEUDHYD0000002486645313","code_hydrographique":"03N0000002486645313","code_du_pays":"FR","categorie":"Confluent","toponyme":null,"statut_du_toponyme":null,"date_creation":"2024-12-07T12:44:51.787Z","date_modification":"2025-09-22T12:23:18.287Z","date_d_apparition":null,"date_de_confirmation":null,"sources":null,"identifiants_sources":null,"methode_d_acquisition_planimetrique":"Photogrammétrie","precision_planimetrique":2.5,"methode_d_acquisition_altimetrique":"Photogrammétrie","precision_altimetrique":1.5,"mode_d_obtention_des_coordonnees":null,"mode_d_obtention_de_l_altitude":null,"statut":"Validé","commentaire_sur_l_objet_hydro":null,"liens_vers_cours_d_eau_amont":"COURDEAU0000002000844903","liens_vers_cours_d_eau_aval":"COURDEAU0000002000844903"}},{"type":"Feature","id":"noeud_hydrographique.1847822","geometry":{"type":"Point","coordinates":[3.77950334,48.51733328,75.4]},"geometry_name":"geometrie","properties":{"cleabs":"NOEUDHYD0000002484243290","code_hydrographique":"03N0000002484243290","code_du_pays":"FR","categorie":"Source","toponyme":null,"statut_du_toponyme":null,"date_creation":"2024-12-07T12:44:51.787Z","date_modification":"2025-05-19T13:48:52.078Z","date_d_apparition":null,"date_de_confirmation":null,"sources":null,"identifiants_sources":null,"methode_d_acquisition_planimetrique":"BDTopo","precision_planimetrique":2.5,"methode_d_acquisition_altimetrique":"BDTopo","precision_altimetrique":1.5,"mode_d_obtention_des_coordonnees":null,"mode_d_obtention_de_l_altitude":null,"statut":"Validé","commentaire_sur_l_objet_hydro":null,"liens_vers_cours_d_eau_amont":null,"liens_vers_cours_d_eau_aval":null}},{"type":"Feature","id":"noeud_hydrographique.1851730","geometry":{"type":"Point","coordinates":[3.76549947,48.51124929,72.6]},"geometry_name":"geometrie","properties":{"cleabs":"NOEUDHYD0000002484248051","code_hydrographique":"03N0000002484248051","code_du_pays":"FR","categorie":"Jonction linéaire","toponyme":null,"statut_du_toponyme":null,"date_creation":"2024-12-07T12:44:51.787Z","date_modification":"2025-05-19T13:48:52.078Z","date_d_apparition":null,"date_de_confirmation":null,"sources":null,"identifiants_sources":null,"methode_d_acquisition_planimetrique":"BDTopo","precision_planimetrique":2.5,"methode_d_acquisition_altimetrique":"BDTopo","precision_altimetrique":1.5,"mode_d_obtention_des_coordonnees":null,"mode_d_obtention_de_l_altitude":null,"statut":"Validé","commentaire_sur_l_objet_hydro":null,"liens_vers_cours_d_eau_amont":null,"liens_vers_cours_d_eau_aval":null}},{"type":"Feature","id":"noeud_hydrographique.1894750","geometry":{"type":"Point","coordinates":[3.79491539,48.52264603,74.9]},"geometry_name":"geometrie","properties":{"cleabs":"NOEUDHYD0000002484300550","code_hydrographique":"03N0000002484300550","code_du_pays":"FR","categorie":"Source","toponyme":null,"statut_du_toponyme":null,"date_creation":"2024-12-07T12:44:51.787Z","date_modification":"2025-05-19T13:48:52.078Z","date_d_apparition":null,"date_de_confirmation":null,"sources":null,"identifiants_sources":null,"methode_d_acquisition_planimetrique":"BDTopo","precision_planimetrique":2.5,"methode_d_acquisition_altimetrique":"BDTopo","precision_altimetrique":1.5,"mode_d_obtention_des_coordonnees":null,"mode_d_obtention_de_l_altitude":null,"statut":"Validé","commentaire_sur_l_objet_hydro":null,"liens_vers_cours_d_eau_amont":null,"liens_vers_cours_d_eau_aval":null}},{"type":"Feature","id":"noeud_hydrographique.1907367","geometry":{"type":"Point","coordinates":[3.79533988,48.5348321,75]},"geometry_name":"geometrie","properties":{"cleabs":"NOEUDHYD0000002484315829","code_hydrographique":"03N0000002484315829","code_du_pays":"FR","categorie":"Source","toponyme":null,"statut_du_toponyme":null,"date_creation":"2024-12-07T12:44:51.787Z","date_modification":"2025-05-19T13:48:52.078Z","date_d_apparition":null,"date_de_confirmation":null,"sources":null,"identifiants_sources":null,"methode_d_acquisition_planimetrique":"BDTopo","precision_planimetrique":2.5,"methode_d_acquisition_altimetrique":"BDTopo","precision_altimetrique":1.5,"mode_d_obtention_des_coordonnees":null,"mode_d_obtention_de_l_altitude":null,"statut":"Validé","commentaire_sur_l_objet_hydro":null,"liens_vers_cours_d_eau_amont":null,"liens_vers_cours_d_eau_aval":null}},{"type":"Feature","id":"noeud_hydrographique.1940509","geometry":{"type":"Point","coordinates":[3.7989645,48.52334578,74.1]},"geometry_name":"geometrie","properties":{"cleabs":"NOEUDHYD0000002484356945","code_hydrographique":"03N0000002484356945","code_du_pays":"FR","categorie":"Jonction linéaire","toponyme":null,"statut_du_toponyme":null,"date_creation":"2024-12-07T12:44:51.787Z","date_modification":"2025-05-19T13:48:52.078Z","date_d_apparition":null,"date_de_confirmation":null,"sources":null,"identifiants_sources":null,"methode_d_acquisition_planimetrique":"Photogrammétrie","precision_planimetrique":2.5,"methode_d_acquisition_altimetrique":"Photogrammétrie","precision_altimetrique":1.5,"mode_d_obtention_des_coordonnees":null,"mode_d_obtention_de_l_altitude":null,"statut":"Validé","commentaire_sur_l_objet_hydro":null,"liens_vers_cours_d_eau_amont":null,"liens_vers_cours_d_eau_aval":null}},{"type":"Feature","id":"noeud_hydrographique.1954533","geometry":{"type":"Point","coordinates":[3.83097135,48.52270891,77]},"geometry_name":"geometrie","properties":{"cleabs":"NOEUDHYD0000002484374083","code_hydrographique":"03N0000002484374083","code_du_pays":"FR","categorie":"Jonction linéaire","toponyme":null,"statut_du_toponyme":null,"date_creation":"2024-12-07T12:44:51.787Z","date_modification":"2025-05-19T13:48:52.078Z","date_d_apparition":null,"date_de_confirmation":null,"sources":null,"identifiants_sources":null,"methode_d_acquisition_planimetrique":"Photogrammétrie","precision_planimetrique":2.5,"methode_d_acquisition_altimetrique":"Photogrammétrie","precision_altimetrique":1.5,"mode_d_obtention_des_coordonnees":null,"mode_d_obtention_de_l_altitude":null,"statut":"Validé","commentaire_sur_l_objet_hydro":null,"liens_vers_cours_d_eau_amont":null,"liens_vers_cours_d_eau_aval":null}},{"type":"Feature","id":"noeud_hydrographique.1978227","geometry":{"type":"Point","coordinates":[3.77230962,48.50561493,74.3]},"geometry_name":"geometrie","properties":{"cleabs":"NOEUDHYD0000002484402895","code_hydrographique":"03N0000002484402895","code_du_pays":"FR","categorie":"Confluent","toponyme":null,"statut_du_toponyme":null,"date_creation":"2024-12-07T12:44:51.787Z","date_modification":"2025-05-19T13:48:52.078Z","date_d_apparition":null,"date_de_confirmation":null,"sources":null,"identifiants_sources":null,"methode_d_acquisition_planimetrique":"BDTopo","precision_planimetrique":2.5,"methode_d_acquisition_altimetrique":"BDTopo","precision_altimetrique":1.5,"mode_d_obtention_des_coordonnees":null,"mode_d_obtention_de_l_altitude":null,"statut":"Validé","commentaire_sur_l_objet_hydro":null,"liens_vers_cours_d_eau_amont":null,"liens_vers_cours_d_eau_aval":null}},{"type":"Feature","id":"noeud_hydrographique.1979445","geometry":{"type":"Point","coordinates":[3.80827648,48.51850222,76.5]},"geometry_name":"geometrie","properties":{"cleabs":"NOEUDHYD0000002484404407","code_hydrographique":"03N0000002484404407","code_du_pays":"FR","categorie":"Source","toponyme":null,"statut_du_toponyme":null,"date_creation":"2024-12-07T12:44:51.787Z","date_modification":"2025-05-19T13:48:52.078Z","date_d_apparition":null,"date_de_confirmation":null,"sources":null,"identifiants_sources":null,"methode_d_acquisition_planimetrique":"BDTopo","precision_planimetrique":2.5,"methode_d_acquisition_altimetrique":"BDTopo","precision_altimetrique":1.5,"mode_d_obtention_des_coordonnees":null,"mode_d_obtention_de_l_altitude":null,"statut":"Validé","commentaire_sur_l_objet_hydro":null,"liens_vers_cours_d_eau_amont":null,"liens_vers_cours_d_eau_aval":null}},{"type":"Feature","id":"noeud_hydrographique.2013203","geometry":{"type":"Point","coordinates":[3.77982908,48.53450843,74.3]},"geometry_name":"geometrie","properties":{"cleabs":"NOEUDHYD0000002484445507","code_hydrographique":"03N0000002484445507","code_du_pays":"FR","categorie":"Source","toponyme":null,"statut_du_toponyme":null,"date_creation":"2024-12-07T12:44:51.787Z","date_modification":"2025-05-19T13:48:52.078Z","date_d_apparition":null,"date_de_confirmation":null,"sources":null,"identifiants_sources":null,"methode_d_acquisition_planimetrique":"Photogrammétrie","precision_planimetrique":2.5,"methode_d_acquisition_altimetrique":"Photogrammétrie","precision_altimetrique":1.5,"mode_d_obtention_des_coordonnees":null,"mode_d_obtention_de_l_altitude":null,"statut":"Validé","commentaire_sur_l_objet_hydro":null,"liens_vers_cours_d_eau_amont":null,"liens_vers_cours_d_eau_aval":null}},{"type":"Feature","id":"noeud_hydrographique.2023171","geometry":{"type":"Point","coordinates":[3.81502261,48.53172737,76]},"geometry_name":"geometrie","properties":{"cleabs":"NOEUDHYD0000002484457737","code_hydrographique":"03N0000002484457737","code_du_pays":"FR","categorie":"Source","toponyme":null,"statut_du_toponyme":null,"date_creation":"2024-12-07T12:44:51.787Z","date_modification":"2025-05-19T13:48:52.078Z","date_d_apparition":null,"date_de_confirmation":null,"sources":null,"identifiants_sources":null,"methode_d_acquisition_planimetrique":"BDTopo","precision_planimetrique":2.5,"methode_d_acquisition_altimetrique":"BDTopo","precision_altimetrique":1.5,"mode_d_obtention_des_coordonnees":null,"mode_d_obtention_de_l_altitude":null,"statut":"Validé","commentaire_sur_l_objet_hydro":null,"liens_vers_cours_d_eau_amont":null,"liens_vers_cours_d_eau_aval":null}},{"type":"Feature","id":"noeud_hydrographique.2045111","geometry":{"type":"Point","coordinates":[3.79583108,48.52364118,-1000]},"geometry_name":"geometrie","properties":{"cleabs":"NOEUDHYD0000002484484447","code_hydrographique":"03N0000002484484447","code_du_pays":"FR","categorie":"Confluent","toponyme":null,"statut_du_toponyme":null,"date_creation":"2024-12-07T12:44:51.787Z","date_modification":"2025-05-19T13:48:52.078Z","date_d_apparition":null,"date_de_confirmation":null,"sources":null,"identifiants_sources":null,"methode_d_acquisition_planimetrique":"Fichier numérique non métrique","precision_planimetrique":5,"methode_d_acquisition_altimetrique":"Pas de Z","precision_altimetrique":9999,"mode_d_obtention_des_coordonnees":null,"mode_d_obtention_de_l_altitude":null,"statut":"Validé","commentaire_sur_l_objet_hydro":null,"liens_vers_cours_d_eau_amont":null,"liens_vers_cours_d_eau_aval":null}},{"type":"Feature","id":"noeud_hydrographique.2053307","geometry":{"type":"Point","coordinates":[3.79010724,48.53403215,-1000]},"geometry_name":"geometrie","properties":{"cleabs":"NOEUDHYD0000002484494351","code_hydrographique":"03N0000002484494351","code_du_pays":"FR","categorie":"Source","toponyme":null,"statut_du_toponyme":null,"date_creation":"2024-12-07T12:44:51.787Z","date_modification":"2025-05-19T13:48:52.078Z","date_d_apparition":null,"date_de_confirmation":null,"sources":null,"identifiants_sources":null,"methode_d_acquisition_planimetrique":"BDCarto","precision_planimetrique":20,"methode_d_acquisition_altimetrique":"Pas de Z","precision_altimetrique":9999,"mode_d_obtention_des_coordonnees":null,"mode_d_obtention_de_l_altitude":null,"statut":"Validé","commentaire_sur_l_objet_hydro":null,"liens_vers_cours_d_eau_amont":null,"liens_vers_cours_d_eau_aval":null}},{"type":"Feature","id":"noeud_hydrographique.2108170","geometry":{"type":"Point","coordinates":[3.80664251,48.5238193,-1000]},"geometry_name":"geometrie","properties":{"cleabs":"NOEUDHYD0000002484561308","code_hydrographique":"03N0000002484561308","code_du_pays":"FR","categorie":"Jonction linéaire","toponyme":null,"statut_du_toponyme":null,"date_creation":"2024-12-07T12:44:51.787Z","date_modification":"2025-05-19T13:48:52.078Z","date_d_apparition":null,"date_de_confirmation":null,"sources":null,"identifiants_sources":null,"methode_d_acquisition_planimetrique":"Orthophotographie","precision_planimetrique":3,"methode_d_acquisition_altimetrique":"Pas de Z","precision_altimetrique":9999,"mode_d_obtention_des_coordonnees":null,"mode_d_obtention_de_l_altitude":null,"statut":"Validé","commentaire_sur_l_objet_hydro":null,"liens_vers_cours_d_eau_amont":null,"liens_vers_cours_d_eau_aval":null}},{"type":"Feature","id":"noeud_hydrographique.2110360","geometry":{"type":"Point","coordinates":[3.77258898,48.52863265,72.6]},"geometry_name":"geometrie","properties":{"cleabs":"NOEUDHYD0000002484563952","code_hydrographique":"03N0000002484563952","code_du_pays":"FR","categorie":"Jonction linéaire","toponyme":null,"statut_du_toponyme":null,"date_creation":"2024-12-07T12:44:51.787Z","date_modification":"2025-05-19T13:48:52.078Z","date_d_apparition":null,"date_de_confirmation":null,"sources":null,"identifiants_sources":null,"methode_d_acquisition_planimetrique":"BDTopo","precision_planimetrique":2.5,"methode_d_acquisition_altimetrique":"BDTopo","precision_altimetrique":1.5,"mode_d_obtention_des_coordonnees":null,"mode_d_obtention_de_l_altitude":null,"statut":"Validé","commentaire_sur_l_objet_hydro":null,"liens_vers_cours_d_eau_amont":null,"liens_vers_cours_d_eau_aval":null}},{"type":"Feature","id":"noeud_hydrographique.2118692","geometry":{"type":"Point","coordinates":[3.78123281,48.5345343,74.3]},"geometry_name":"geometrie","properties":{"cleabs":"NOEUDHYD0000002484574140","code_hydrographique":"03N0000002484574140","code_du_pays":"FR","categorie":"Source","toponyme":null,"statut_du_toponyme":null,"date_creation":"2024-12-07T12:44:51.787Z","date_modification":"2025-05-19T13:48:52.078Z","date_d_apparition":null,"date_de_confirmation":null,"sources":null,"identifiants_sources":null,"methode_d_acquisition_planimetrique":"Photogrammétrie","precision_planimetrique":2.5,"methode_d_acquisition_altimetrique":"Photogrammétrie","precision_altimetrique":1.5,"mode_d_obtention_des_coordonnees":null,"mode_d_obtention_de_l_altitude":null,"statut":"Validé","commentaire_sur_l_objet_hydro":null,"liens_vers_cours_d_eau_amont":null,"liens_vers_cours_d_eau_aval":null}},{"type":"Feature","id":"noeud_hydrographique.2140475","geometry":{"type":"Point","coordinates":[3.79579469,48.52258167,-1000]},"geometry_name":"geometrie","properties":{"cleabs":"NOEUDHYD0000002484600695","code_hydrographique":"03N0000002484600695","code_du_pays":"FR","categorie":"Source","toponyme":null,"statut_du_toponyme":null,"date_creation":"2024-12-07T12:44:51.787Z","date_modification":"2025-05-19T13:48:52.078Z","date_d_apparition":null,"date_de_confirmation":null,"sources":null,"identifiants_sources":null,"methode_d_acquisition_planimetrique":"Fichier numérique non métrique","precision_planimetrique":5,"methode_d_acquisition_altimetrique":"Pas de Z","precision_altimetrique":9999,"mode_d_obtention_des_coordonnees":null,"mode_d_obtention_de_l_altitude":null,"statut":"Validé","commentaire_sur_l_objet_hydro":null,"liens_vers_cours_d_eau_amont":null,"liens_vers_cours_d_eau_aval":null}},{"type":"Feature","id":"noeud_hydrographique.2226619","geometry":{"type":"Point","coordinates":[3.83207477,48.52738373,76.5]},"geometry_name":"geometrie","properties":{"cleabs":"NOEUDHYD0000002484705251","code_hydrographique":"03N0000002484705251","code_du_pays":"FR","categorie":"Diffluent","toponyme":null,"statut_du_toponyme":null,"date_creation":"2024-12-07T12:44:51.787Z","date_modification":"2025-05-19T13:48:52.078Z","date_d_apparition":null,"date_de_confirmation":null,"sources":null,"identifiants_sources":null,"methode_d_acquisition_planimetrique":"BDTopo","precision_planimetrique":2.5,"methode_d_acquisition_altimetrique":"BDTopo","precision_altimetrique":1.5,"mode_d_obtention_des_coordonnees":null,"mode_d_obtention_de_l_altitude":null,"statut":"Validé","commentaire_sur_l_objet_hydro":null,"liens_vers_cours_d_eau_amont":null,"liens_vers_cours_d_eau_aval":null}},{"type":"Feature","id":"noeud_hydrographique.2252036","geometry":{"type":"Point","coordinates":[3.7631923,48.52846845,72]},"geometry_name":"geometrie","properties":{"cleabs":"NOEUDHYD0000002484736109","code_hydrographique":"03N0000002484736109","code_du_pays":"FR","categorie":"Jonction linéaire","toponyme":null,"statut_du_toponyme":null,"date_creation":"2024-12-07T12:44:51.787Z","date_modification":"2025-05-19T13:48:52.078Z","date_d_apparition":null,"date_de_confirmation":null,"sources":null,"identifiants_sources":null,"methode_d_acquisition_planimetrique":"Photogrammétrie","precision_planimetrique":2.5,"methode_d_acquisition_altimetrique":"Photogrammétrie","precision_altimetrique":1.5,"mode_d_obtention_des_coordonnees":null,"mode_d_obtention_de_l_altitude":null,"statut":"Validé","commentaire_sur_l_objet_hydro":null,"liens_vers_cours_d_eau_amont":null,"liens_vers_cours_d_eau_aval":null}},{"type":"Feature","id":"noeud_hydrographique.2267027","geometry":{"type":"Point","coordinates":[3.76565792,48.5111592,72.6]},"geometry_name":"geometrie","properties":{"cleabs":"NOEUDHYD0000002484754367","code_hydrographique":"03N0000002484754367","code_du_pays":"FR","categorie":"Jonction linéaire","toponyme":null,"statut_du_toponyme":null,"date_creation":"2024-12-07T12:44:51.787Z","date_modification":"2025-05-19T13:48:52.078Z","date_d_apparition":null,"date_de_confirmation":null,"sources":null,"identifiants_sources":null,"methode_d_acquisition_planimetrique":"BDTopo","precision_planimetrique":2.5,"methode_d_acquisition_altimetrique":"BDTopo","precision_altimetrique":1.5,"mode_d_obtention_des_coordonnees":null,"mode_d_obtention_de_l_altitude":null,"statut":"Validé","commentaire_sur_l_objet_hydro":null,"liens_vers_cours_d_eau_amont":null,"liens_vers_cours_d_eau_aval":null}},{"type":"Feature","id":"noeud_hydrographique.2335422","geometry":{"type":"Point","coordinates":[3.80568109,48.52382852,75.1]},"geometry_name":"geometrie","properties":{"cleabs":"NOEUDHYD0000002484837554","code_hydrographique":"03N0000002484837554","code_du_pays":"FR","categorie":"Jonction linéaire","toponyme":null,"statut_du_toponyme":null,"date_creation":"2024-12-07T12:44:51.787Z","date_modification":"2025-05-19T13:48:52.078Z","date_d_apparition":null,"date_de_confirmation":null,"sources":null,"identifiants_sources":null,"methode_d_acquisition_planimetrique":"Photogrammétrie","precision_planimetrique":2.5,"methode_d_acquisition_altimetrique":"Photogrammétrie","precision_altimetrique":1.5,"mode_d_obtention_des_coordonnees":null,"mode_d_obtention_de_l_altitude":null,"statut":"Validé","commentaire_sur_l_objet_hydro":null,"liens_vers_cours_d_eau_amont":null,"liens_vers_cours_d_eau_aval":null}},{"type":"Feature","id":"noeud_hydrographique.2338219","geometry":{"type":"Point","coordinates":[3.8044141,48.52448843,-1000]},"geometry_name":"geometrie","properties":{"cleabs":"NOEUDHYD0000002484840913","code_hydrographique":"03N0000002484840913","code_du_pays":"FR","categorie":"Jonction linéaire","toponyme":null,"statut_du_toponyme":null,"date_creation":"2024-12-07T12:44:51.787Z","date_modification":"2025-05-19T13:48:52.078Z","date_d_apparition":null,"date_de_confirmation":null,"sources":null,"identifiants_sources":null,"methode_d_acquisition_planimetrique":"Scan25","precision_planimetrique":10,"methode_d_acquisition_altimetrique":"Pas de Z","precision_altimetrique":9999,"mode_d_obtention_des_coordonnees":null,"mode_d_obtention_de_l_altitude":null,"statut":"Validé","commentaire_sur_l_objet_hydro":null,"liens_vers_cours_d_eau_amont":null,"liens_vers_cours_d_eau_aval":null}},{"type":"Feature","id":"noeud_hydrographique.2398692","geometry":{"type":"Point","coordinates":[3.76658941,48.52737155,-1000]},"geometry_name":"geometrie","properties":{"cleabs":"NOEUDHYD0000002484914311","code_hydrographique":"03N0000002484914311","code_du_pays":"FR","categorie":"Jonction linéaire","toponyme":null,"statut_du_toponyme":null,"date_creation":"2024-12-07T12:44:51.787Z","date_modification":"2025-05-19T13:48:52.078Z","date_d_apparition":null,"date_de_confirmation":null,"sources":null,"identifiants_sources":null,"methode_d_acquisition_planimetrique":"Orthophotographie","precision_planimetrique":3,"methode_d_acquisition_altimetrique":"Pas de Z","precision_altimetrique":9999,"mode_d_obtention_des_coordonnees":null,"mode_d_obtention_de_l_altitude":null,"statut":"Validé","commentaire_sur_l_objet_hydro":null,"liens_vers_cours_d_eau_amont":null,"liens_vers_cours_d_eau_aval":null}},{"type":"Feature","id":"noeud_hydrographique.2402114","geometry":{"type":"Point","coordinates":[3.80597001,48.52517959,-1000]},"geometry_name":"geometrie","properties":{"cleabs":"NOEUDHYD0000002484918516","code_hydrographique":"03N0000002484918516","code_du_pays":"FR","categorie":"Jonction linéaire","toponyme":null,"statut_du_toponyme":null,"date_creation":"2024-12-07T12:44:51.787Z","date_modification":"2025-05-19T13:48:52.078Z","date_d_apparition":null,"date_de_confirmation":null,"sources":null,"identifiants_sources":null,"methode_d_acquisition_planimetrique":"Calculé","precision_planimetrique":20,"methode_d_acquisition_altimetrique":"Pas de Z","precision_altimetrique":9999,"mode_d_obtention_des_coordonnees":null,"mode_d_obtention_de_l_altitude":null,"statut":"Validé","commentaire_sur_l_objet_hydro":null,"liens_vers_cours_d_eau_amont":null,"liens_vers_cours_d_eau_aval":null}},{"type":"Feature","id":"noeud_hydrographique.2449999","geometry":{"type":"Point","coordinates":[3.80458498,48.5244153,74.5]},"geometry_name":"geometrie","properties":{"cleabs":"NOEUDHYD0000002484976504","code_hydrographique":"03N0000002484976504","code_du_pays":"FR","categorie":"Diffluent","toponyme":null,"statut_du_toponyme":null,"date_creation":"2024-12-07T12:44:51.787Z","date_modification":"2025-05-19T13:48:52.078Z","date_d_apparition":null,"date_de_confirmation":null,"sources":null,"identifiants_sources":null,"methode_d_acquisition_planimetrique":"Photogrammétrie","precision_planimetrique":2.5,"methode_d_acquisition_altimetrique":"Photogrammétrie","precision_altimetrique":1.5,"mode_d_obtention_des_coordonnees":null,"mode_d_obtention_de_l_altitude":null,"statut":"Validé","commentaire_sur_l_objet_hydro":null,"liens_vers_cours_d_eau_amont":null,"liens_vers_cours_d_eau_aval":null}},{"type":"Feature","id":"noeud_hydrographique.2460876","geometry":{"type":"Point","coordinates":[3.83173963,48.51854906,76.3]},"geometry_name":"geometrie","properties":{"cleabs":"NOEUDHYD0000002484989604","code_hydrographique":"03N0000002484989604","code_du_pays":"FR","categorie":"Source","toponyme":null,"statut_du_toponyme":null,"date_creation":"2024-12-07T12:44:51.787Z","date_modification":"2025-05-19T13:48:52.078Z","date_d_apparition":null,"date_de_confirmation":null,"sources":null,"identifiants_sources":null,"methode_d_acquisition_planimetrique":"BDTopo","precision_planimetrique":2.5,"methode_d_acquisition_altimetrique":"BDTopo","precision_altimetrique":1.5,"mode_d_obtention_des_coordonnees":null,"mode_d_obtention_de_l_altitude":null,"statut":"Validé","commentaire_sur_l_objet_hydro":null,"liens_vers_cours_d_eau_amont":null,"liens_vers_cours_d_eau_aval":null}},{"type":"Feature","id":"noeud_hydrographique.2504246","geometry":{"type":"Point","coordinates":[3.74949431,48.51647465,71.9]},"geometry_name":"geometrie","properties":{"cleabs":"NOEUDHYD0000002485042221","code_hydrographique":"03N0000002485042221","code_du_pays":"FR","categorie":"Confluent","toponyme":null,"statut_du_toponyme":null,"date_creation":"2024-12-07T12:44:51.787Z","date_modification":"2025-05-19T13:48:52.078Z","date_d_apparition":null,"date_de_confirmation":null,"sources":null,"identifiants_sources":null,"methode_d_acquisition_planimetrique":"Photogrammétrie","precision_planimetrique":2.5,"methode_d_acquisition_altimetrique":"Photogrammétrie","precision_altimetrique":1.5,"mode_d_obtention_des_coordonnees":null,"mode_d_obtention_de_l_altitude":null,"statut":"Validé","commentaire_sur_l_objet_hydro":null,"liens_vers_cours_d_eau_amont":null,"liens_vers_cours_d_eau_aval":null}},{"type":"Feature","id":"noeud_hydrographique.2521952","geometry":{"type":"Point","coordinates":[3.77477152,48.50391569,74.1]},"geometry_name":"geometrie","properties":{"cleabs":"NOEUDHYD0000002485063693","code_hydrographique":"03N0000002485063693","code_du_pays":"FR","categorie":"Confluent","toponyme":null,"statut_du_toponyme":null,"date_creation":"2024-12-07T12:44:51.787Z","date_modification":"2025-05-19T13:48:52.078Z","date_d_apparition":null,"date_de_confirmation":null,"sources":null,"identifiants_sources":null,"methode_d_acquisition_planimetrique":"BDTopo","precision_planimetrique":2.5,"methode_d_acquisition_altimetrique":"BDTopo","precision_altimetrique":1.5,"mode_d_obtention_des_coordonnees":null,"mode_d_obtention_de_l_altitude":null,"statut":"Validé","commentaire_sur_l_objet_hydro":null,"liens_vers_cours_d_eau_amont":null,"liens_vers_cours_d_eau_aval":null}},{"type":"Feature","id":"noeud_hydrographique.2549854","geometry":{"type":"Point","coordinates":[3.79023827,48.51225507,75.3]},"geometry_name":"geometrie","properties":{"cleabs":"NOEUDHYD0000002485097504","code_hydrographique":"03N0000002485097504","code_du_pays":"FR","categorie":"Source","toponyme":null,"statut_du_toponyme":null,"date_creation":"2024-12-07T12:44:51.787Z","date_modification":"2025-05-19T13:48:52.078Z","date_d_apparition":null,"date_de_confirmation":null,"sources":null,"identifiants_sources":null,"methode_d_acquisition_planimetrique":"Photogrammétrie","precision_planimetrique":2.5,"methode_d_acquisition_altimetrique":"Photogrammétrie","precision_altimetrique":1.5,"mode_d_obtention_des_coordonnees":null,"mode_d_obtention_de_l_altitude":null,"statut":"Validé","commentaire_sur_l_objet_hydro":null,"liens_vers_cours_d_eau_amont":null,"liens_vers_cours_d_eau_aval":null}},{"type":"Feature","id":"noeud_hydrographique.2584956","geometry":{"type":"Point","coordinates":[3.760914,48.52332286,74.9]},"geometry_name":"geometrie","properties":{"cleabs":"NOEUDHYD0000002485140102","code_hydrographique":"03N0000002485140102","code_du_pays":"FR","categorie":"Source","toponyme":null,"statut_du_toponyme":null,"date_creation":"2024-12-07T12:44:51.787Z","date_modification":"2025-05-19T13:48:52.078Z","date_d_apparition":null,"date_de_confirmation":null,"sources":null,"identifiants_sources":null,"methode_d_acquisition_planimetrique":"BDTopo","precision_planimetrique":2.5,"methode_d_acquisition_altimetrique":"BDTopo","precision_altimetrique":1.5,"mode_d_obtention_des_coordonnees":null,"mode_d_obtention_de_l_altitude":null,"statut":"Validé","commentaire_sur_l_objet_hydro":null,"liens_vers_cours_d_eau_amont":null,"liens_vers_cours_d_eau_aval":null}},{"type":"Feature","id":"noeud_hydrographique.2624060","geometry":{"type":"Point","coordinates":[3.80663103,48.52553856,-1000]},"geometry_name":"geometrie","properties":{"cleabs":"NOEUDHYD0000002485187500","code_hydrographique":"03N0000002485187500","code_du_pays":"FR","categorie":"Jonction linéaire","toponyme":null,"statut_du_toponyme":null,"date_creation":"2024-12-07T12:44:51.787Z","date_modification":"2025-05-19T13:48:52.078Z","date_d_apparition":null,"date_de_confirmation":null,"sources":null,"identifiants_sources":null,"methode_d_acquisition_planimetrique":"Calculé","precision_planimetrique":20,"methode_d_acquisition_altimetrique":"Pas de Z","precision_altimetrique":9999,"mode_d_obtention_des_coordonnees":null,"mode_d_obtention_de_l_altitude":null,"statut":"Validé","commentaire_sur_l_objet_hydro":null,"liens_vers_cours_d_eau_amont":null,"liens_vers_cours_d_eau_aval":null}},{"type":"Feature","id":"noeud_hydrographique.2884730","geometry":{"type":"Point","coordinates":[3.76426336,48.51896881,75.3]},"geometry_name":"geometrie","properties":{"cleabs":"NOEUDHYD0000002487418353","code_hydrographique":"03N0000002487418353","code_du_pays":"FR","categorie":"Source","toponyme":null,"statut_du_toponyme":null,"date_creation":"2024-12-07T12:44:51.787Z","date_modification":"2025-05-19T15:56:33.057Z","date_d_apparition":null,"date_de_confirmation":null,"sources":null,"identifiants_sources":null,"methode_d_acquisition_planimetrique":"BDTopo","precision_planimetrique":2.5,"methode_d_acquisition_altimetrique":"BDTopo","precision_altimetrique":1.5,"mode_d_obtention_des_coordonnees":null,"mode_d_obtention_de_l_altitude":null,"statut":"Validé","commentaire_sur_l_objet_hydro":null,"liens_vers_cours_d_eau_amont":null,"liens_vers_cours_d_eau_aval":"COURDEAU0000002000813441"}},{"type":"Feature","id":"noeud_hydrographique.2886465","geometry":{"type":"Point","coordinates":[3.80220932,48.52750266,76.5]},"geometry_name":"geometrie","properties":{"cleabs":"NOEUDHYD0000002487420308","code_hydrographique":"03N0000002487420308","code_du_pays":"FR","categorie":"Source","toponyme":null,"statut_du_toponyme":null,"date_creation":"2024-12-07T12:44:51.787Z","date_modification":"2025-05-19T15:56:33.057Z","date_d_apparition":null,"date_de_confirmation":null,"sources":null,"identifiants_sources":null,"methode_d_acquisition_planimetrique":"BDTopo","precision_planimetrique":2.5,"methode_d_acquisition_altimetrique":"BDTopo","precision_altimetrique":1.5,"mode_d_obtention_des_coordonnees":null,"mode_d_obtention_de_l_altitude":null,"statut":"Validé","commentaire_sur_l_objet_hydro":null,"liens_vers_cours_d_eau_amont":null,"liens_vers_cours_d_eau_aval":"COURDEAU0000002000813344"}}],"totalFeatures":185,"numberMatched":185,"numberReturned":185,"timeStamp":"2026-09-26T05:23:01.171Z","crs":{"type":"name","properties":{"name":"urn:ogc:def:crs:EPSG::4326"}}}