{"type":"FeatureCollection","metadata":{"source":"Cours d’eau BCAE (conditionnalité PAC), millésime le plus récent","typename":"HYDROGRAPHY.BCAE.LATEST:bcae_cours_eau","service":"https://data.geopf.fr/wfs/ows","request":"GetFeature HYDROGRAPHY.BCAE.LATEST:bcae_cours_eau BBOX 755390,6819514,761486,6826372 EPSG:2154 (emprise du terrain V1.7)","retrievedAt":"2026-09-25T03:56:16.843Z","license":"Licence Ouverte Etalab 2.0 — © IGN / ASP","crs":"EPSG:2154 (Lambert-93, servi tel quel)"},"features":[{"type":"Feature","id":"bcae_cours_eau.177880","geometry":{"type":"MultiLineString","coordinates":[[[757232.59999997,6822911.30000313],[757238.89999997,6822911.20000313],[757255.89999997,6822909.10000313],[757276.49999997,6822899.30000313],[757294.79999997,6822885.40000314],[757311.29999997,6822870.10000313],[757323.79999997,6822853.70000313],[757330.39999997,6822846.70000313],[757347.79999997,6822829.60000313],[757354.79999997,6822822.90000313],[757374.89999997,6822809.30000313],[757396.79999997,6822796.70000313],[757426.39999997,6822783.20000314],[757438.39999997,6822777.60000314],[757449.39999997,6822766.70000313],[757465.19999997,6822753.00000313],[757500.69999997,6822710.40000314],[757512.09999997,6822692.80000313],[757513.49999997,6822692.00000313]]]},"geometry_name":"geom","properties":{"cleabs":null,"dep":"010","type":"I-D","bcae":"1","origine1":"BDTOPO","origine2":null,"millesim":"2026","comment":null,"layer":"BCAE_lineaire","path":"D:\\BCAE/2026/resultats/diffusion_France/086/BCAE_lineaire.shp","f_table_catalog":null,"f_table_schema":null,"f_table_name":null,"f_geometry_column":null,"stylename":null,"styleqml":null,"stylesld":null,"useasdefault":null,"description":null,"owner":null,"ui":null,"update_time":null}},{"type":"Feature","id":"bcae_cours_eau.177881","geometry":{"type":"MultiLineString","coordinates":[[[758609.39999997,6824677.80000312],[758597.89999997,6824684.70000312],[758588.09999997,6824698.10000312],[758578.99999997,6824709.40000312],[758566.29999997,6824723.10000312],[758556.89999997,6824729.00000312],[758547.19999997,6824731.10000312],[758532.59999997,6824733.10000312],[758518.09999997,6824735.90000311],[758509.19999997,6824738.10000312],[758494.89999997,6824742.80000312],[758484.89999997,6824747.60000312],[758475.79999997,6824755.70000312],[758471.39999997,6824766.60000312],[758468.39999997,6824779.10000312],[758467.49999997,6824794.10000311],[758466.89999997,6824809.10000312],[758466.79999997,6824819.80000312],[758469.19999997,6824830.20000312],[758473.09999997,6824837.70000311],[758479.79999997,6824843.00000312],[758488.69999997,6824850.60000312],[758493.79999997,6824861.20000312],[758496.09999997,6824877.80000312],[758495.69999997,6824888.90000311],[758494.69999997,6824897.30000312],[758498.19999997,6824903.00000312],[758505.29999997,6824906.30000312],[758519.29999997,6824908.50000312],[758527.39999997,6824912.50000311],[758529.69999997,6824916.50000312],[758529.29999997,6824922.50000311],[758526.49999997,6824928.60000312],[758517.59999997,6824933.10000312],[758500.19999997,6824940.00000312],[758495.89999997,6824944.80000312],[758496.99999997,6824956.60000311],[758497.89999997,6824968.60000312],[758496.39999997,6824975.30000311],[758491.89999997,6824980.60000312],[758480.79999997,6824989.80000311],[758461.99999997,6825002.10000311],[758441.09999997,6825014.40000312],[758419.89999997,6825025.70000311],[758390.69999997,6825034.80000312],[758356.89999997,6825038.30000311],[758335.59999997,6825037.10000311],[758327.49999997,6825036.20000311],[758324.29999997,6825036.70000311],[758322.09999997,6825038.20000312],[758322.49999997,6825041.40000312],[758323.99999997,6825043.80000311],[758327.29999997,6825046.40000312],[758330.29999997,6825050.90000312],[758333.09999997,6825064.90000311],[758335.09999997,6825070.30000311],[758332.39999997,6825077.50000312],[758327.29999997,6825083.50000311],[758322.09999997,6825082.60000311],[758308.89999997,6825080.50000311],[758296.09999997,6825077.20000312],[758290.59999997,6825077.10000311],[758286.59999997,6825078.20000312],[758284.29999997,6825082.20000311],[758286.59999997,6825096.70000311],[758286.89999997,6825111.70000312],[758284.79999997,6825120.20000311],[758278.19999997,6825130.10000312],[758269.19999997,6825144.60000311],[758259.69999997,6825151.80000312],[758249.69999997,6825156.10000311],[758244.69999997,6825159.00000311],[758236.59999997,6825163.60000311]]]},"geometry_name":"geom","properties":{"cleabs":null,"dep":"010","type":"I-D","bcae":"1","origine1":"AUTRES","origine2":null,"millesim":"2026","comment":"Photogrammétrie","layer":"BCAE_lineaire","path":"D:\\BCAE/2026/resultats/diffusion_France/086/BCAE_lineaire.shp","f_table_catalog":null,"f_table_schema":null,"f_table_name":null,"f_geometry_column":null,"stylename":null,"styleqml":null,"stylesld":null,"useasdefault":null,"description":null,"owner":null,"ui":null,"update_time":null}},{"type":"Feature","id":"bcae_cours_eau.177882","geometry":{"type":"MultiLineString","coordinates":[[[756537.49999997,6823719.80000313],[756549.29999997,6823710.00000313]]]},"geometry_name":"geom","properties":{"cleabs":null,"dep":"010","type":"I-D","bcae":"1","origine1":"AUTRES","origine2":null,"millesim":"2026","comment":"Calculé","layer":"BCAE_lineaire","path":"D:\\BCAE/2026/resultats/diffusion_France/086/BCAE_lineaire.shp","f_table_catalog":null,"f_table_schema":null,"f_table_name":null,"f_geometry_column":null,"stylename":null,"styleqml":null,"stylesld":null,"useasdefault":null,"description":null,"owner":null,"ui":null,"update_time":null}},{"type":"Feature","id":"bcae_cours_eau.177883","geometry":{"type":"MultiLineString","coordinates":[[[760668.39999997,6824129.50000312],[760659.79999997,6824112.90000312],[760657.69999997,6824093.90000312],[760655.89999997,6824070.10000312],[760650.99999997,6824047.90000312],[760642.39999997,6824023.40000312],[760636.69999997,6823999.50000312],[760629.89999997,6823972.60000312],[760624.69999997,6823946.60000312],[760618.49999997,6823927.20000313],[760611.19999997,6823916.70000313],[760602.89999997,6823908.90000313],[760600.19999997,6823904.40000312],[760598.49999997,6823901.60000312]]]},"geometry_name":"geom","properties":{"cleabs":null,"dep":"010","type":"I-D","bcae":"1","origine1":"AUTRES","origine2":null,"millesim":"2026","comment":"Photogrammétrie","layer":"BCAE_lineaire","path":"D:\\BCAE/2026/resultats/diffusion_France/086/BCAE_lineaire.shp","f_table_catalog":null,"f_table_schema":null,"f_table_name":null,"f_geometry_column":null,"stylename":null,"styleqml":null,"stylesld":null,"useasdefault":null,"description":null,"owner":null,"ui":null,"update_time":null}},{"type":"Feature","id":"bcae_cours_eau.177894","geometry":{"type":"MultiLineString","coordinates":[[[755531.59999997,6824381.80000312],[755473.39999997,6824246.90000312],[755471.99999997,6824243.60000312]]]},"geometry_name":"geom","properties":{"cleabs":null,"dep":"010","type":"I-D","bcae":"1","origine1":"BDTOPO","origine2":null,"millesim":"2026","comment":null,"layer":"BCAE_lineaire","path":"D:\\BCAE/2026/resultats/diffusion_France/086/BCAE_lineaire.shp","f_table_catalog":null,"f_table_schema":null,"f_table_name":null,"f_geometry_column":null,"stylename":null,"styleqml":null,"stylesld":null,"useasdefault":null,"description":null,"owner":null,"ui":null,"update_time":null}},{"type":"Feature","id":"bcae_cours_eau.177938","geometry":{"type":"MultiLineString","coordinates":[[[755381.59999997,6824452.80000312],[755413.59999997,6824439.70000312],[755442.09999997,6824425.40000312],[755458.99999997,6824420.30000312],[755472.09999997,6824417.30000312],[755501.79999997,6824404.40000312],[755513.69999997,6824397.50000312],[755525.69999997,6824388.00000312],[755531.59999997,6824381.80000312]]]},"geometry_name":"geom","properties":{"cleabs":null,"dep":"010","type":"I-D","bcae":"1","origine1":"BDTOPO","origine2":null,"millesim":"2026","comment":null,"layer":"BCAE_lineaire","path":"D:\\BCAE/2026/resultats/diffusion_France/086/BCAE_lineaire.shp","f_table_catalog":null,"f_table_schema":null,"f_table_name":null,"f_geometry_column":null,"stylename":null,"styleqml":null,"stylesld":null,"useasdefault":null,"description":null,"owner":null,"ui":null,"update_time":null}},{"type":"Feature","id":"bcae_cours_eau.177940","geometry":{"type":"MultiLineString","coordinates":[[[758363.49999997,6823849.60000312],[758345.59999997,6823838.60000313],[758335.49999997,6823831.90000313],[758325.09999997,6823823.90000313],[758319.99999997,6823817.40000313]]]},"geometry_name":"geom","properties":{"cleabs":null,"dep":"010","type":"I-D","bcae":"1","origine1":"AUTRES","origine2":null,"millesim":"2026","comment":"Photogrammétrie","layer":"BCAE_lineaire","path":"D:\\BCAE/2026/resultats/diffusion_France/086/BCAE_lineaire.shp","f_table_catalog":null,"f_table_schema":null,"f_table_name":null,"f_geometry_column":null,"stylename":null,"styleqml":null,"stylesld":null,"useasdefault":null,"description":null,"owner":null,"ui":null,"update_time":null}},{"type":"Feature","id":"bcae_cours_eau.177941","geometry":{"type":"MultiLineString","coordinates":[[[757006.19999997,6823064.80000313],[757023.49999997,6823082.60000313],[757046.69999997,6823098.50000313]]]},"geometry_name":"geom","properties":{"cleabs":null,"dep":"010","type":"I-D","bcae":"1","origine1":"BDTOPO","origine2":null,"millesim":"2026","comment":null,"layer":"BCAE_lineaire","path":"D:\\BCAE/2026/resultats/diffusion_France/086/BCAE_lineaire.shp","f_table_catalog":null,"f_table_schema":null,"f_table_name":null,"f_geometry_column":null,"stylename":null,"styleqml":null,"stylesld":null,"useasdefault":null,"description":null,"owner":null,"ui":null,"update_time":null}},{"type":"Feature","id":"bcae_cours_eau.177944","geometry":{"type":"MultiLineString","coordinates":[[[755531.59999997,6824381.80000312],[755536.79999997,6824376.30000312],[755550.09999997,6824364.70000312],[755564.19999997,6824353.40000312],[755575.89999997,6824340.80000312],[755594.49999997,6824313.60000312],[755610.89999997,6824296.50000312]]]},"geometry_name":"geom","properties":{"cleabs":null,"dep":"010","type":"I-D","bcae":"1","origine1":"BDTOPO","origine2":null,"millesim":"2026","comment":null,"layer":"BCAE_lineaire","path":"D:\\BCAE/2026/resultats/diffusion_France/086/BCAE_lineaire.shp","f_table_catalog":null,"f_table_schema":null,"f_table_name":null,"f_geometry_column":null,"stylename":null,"styleqml":null,"stylesld":null,"useasdefault":null,"description":null,"owner":null,"ui":null,"update_time":null}},{"type":"Feature","id":"bcae_cours_eau.177959","geometry":{"type":"MultiLineString","coordinates":[[[755434.59999997,6824158.90000312],[755413.39999997,6824112.30000312]]]},"geometry_name":"geom","properties":{"cleabs":null,"dep":"010","type":"I-D","bcae":"1","origine1":"BDTOPO","origine2":null,"millesim":"2026","comment":null,"layer":"BCAE_lineaire","path":"D:\\BCAE/2026/resultats/diffusion_France/086/BCAE_lineaire.shp","f_table_catalog":null,"f_table_schema":null,"f_table_name":null,"f_geometry_column":null,"stylename":null,"styleqml":null,"stylesld":null,"useasdefault":null,"description":null,"owner":null,"ui":null,"update_time":null}},{"type":"Feature","id":"bcae_cours_eau.177971","geometry":{"type":"MultiLineString","coordinates":[[[757806.29999997,6824535.70000312],[757859.89999997,6824528.50000312],[757883.19999997,6824520.90000312],[757945.59999997,6824492.30000312],[757982.89999997,6824475.30000312],[758010.29999997,6824471.50000312],[758023.39999997,6824469.30000312],[758026.79999997,6824469.40000312],[758028.79999997,6824470.40000312],[758036.29999997,6824479.20000312],[758040.19999997,6824500.60000312],[758064.19999997,6824605.00000312],[758090.19999997,6824700.00000312],[758112.69999997,6824795.70000312],[758122.39999997,6824810.80000312]]]},"geometry_name":"geom","properties":{"cleabs":null,"dep":"010","type":"I-D","bcae":"1","origine1":"AUTRES","origine2":null,"millesim":"2026","comment":"Photogrammétrie","layer":"BCAE_lineaire","path":"D:\\BCAE/2026/resultats/diffusion_France/086/BCAE_lineaire.shp","f_table_catalog":null,"f_table_schema":null,"f_table_name":null,"f_geometry_column":null,"stylename":null,"styleqml":null,"stylesld":null,"useasdefault":null,"description":null,"owner":null,"ui":null,"update_time":null}},{"type":"Feature","id":"bcae_cours_eau.177979","geometry":{"type":"MultiLineString","coordinates":[[[756601.49999997,6825717.20000311],[756588.39999997,6825688.90000311],[756579.49999997,6825676.10000311],[756575.39999997,6825668.80000311]]]},"geometry_name":"geom","properties":{"cleabs":null,"dep":"010","type":"I-D","bcae":"1","origine1":"BDTOPO","origine2":null,"millesim":"2026","comment":null,"layer":"BCAE_lineaire","path":"D:\\BCAE/2026/resultats/diffusion_France/086/BCAE_lineaire.shp","f_table_catalog":null,"f_table_schema":null,"f_table_name":null,"f_geometry_column":null,"stylename":null,"styleqml":null,"stylesld":null,"useasdefault":null,"description":null,"owner":null,"ui":null,"update_time":null}},{"type":"Feature","id":"bcae_cours_eau.177980","geometry":{"type":"MultiLineString","coordinates":[[[758995.59999997,6825089.10000311],[758983.59999997,6825060.20000312],[758972.49999997,6825048.70000311],[758958.39999997,6825041.80000311],[758942.59999997,6825041.20000312],[758931.39999997,6825043.50000311],[758917.09999997,6825053.20000312]]]},"geometry_name":"geom","properties":{"cleabs":null,"dep":"010","type":"I-D","bcae":"1","origine1":"AUTRES","origine2":null,"millesim":"2026","comment":"Photogrammétrie","layer":"BCAE_lineaire","path":"D:\\BCAE/2026/resultats/diffusion_France/086/BCAE_lineaire.shp","f_table_catalog":null,"f_table_schema":null,"f_table_name":null,"f_geometry_column":null,"stylename":null,"styleqml":null,"stylesld":null,"useasdefault":null,"description":null,"owner":null,"ui":null,"update_time":null}},{"type":"Feature","id":"bcae_cours_eau.177981","geometry":{"type":"MultiLineString","coordinates":[[[758173.69999997,6824844.10000312],[758166.69999997,6824833.00000312],[758151.89999997,6824819.40000311],[758147.79999997,6824815.40000312],[758133.99999997,6824808.10000312],[758122.39999997,6824810.80000312]]]},"geometry_name":"geom","properties":{"cleabs":null,"dep":"010","type":"I-D","bcae":"1","origine1":"BDTOPO","origine2":null,"millesim":"2026","comment":null,"layer":"BCAE_lineaire","path":"D:\\BCAE/2026/resultats/diffusion_France/086/BCAE_lineaire.shp","f_table_catalog":null,"f_table_schema":null,"f_table_name":null,"f_geometry_column":null,"stylename":null,"styleqml":null,"stylesld":null,"useasdefault":null,"description":null,"owner":null,"ui":null,"update_time":null}},{"type":"Feature","id":"bcae_cours_eau.177982","geometry":{"type":"MultiLineString","coordinates":[[[756570.99999997,6825551.50000311],[756577.69999997,6825534.70000311]]]},"geometry_name":"geom","properties":{"cleabs":null,"dep":"010","type":"I-D","bcae":"1","origine1":"AUTRES","origine2":null,"millesim":"2026","comment":"Calculé","layer":"BCAE_lineaire","path":"D:\\BCAE/2026/resultats/diffusion_France/086/BCAE_lineaire.shp","f_table_catalog":null,"f_table_schema":null,"f_table_name":null,"f_geometry_column":null,"stylename":null,"styleqml":null,"stylesld":null,"useasdefault":null,"description":null,"owner":null,"ui":null,"update_time":null}},{"type":"Feature","id":"bcae_cours_eau.177983","geometry":{"type":"MultiLineString","coordinates":[[[756155.09999997,6825988.6000031],[756149.99999997,6825978.20000311],[756146.79999997,6825973.20000311],[756142.99999997,6825967.30000311],[756143.19999997,6825954.30000311],[756147.49999997,6825943.40000311]]]},"geometry_name":"geom","properties":{"cleabs":null,"dep":"010","type":"I-D","bcae":"1","origine1":"SCAN25","origine2":null,"millesim":"2026","comment":null,"layer":"BCAE_lineaire","path":"D:\\BCAE/2026/resultats/diffusion_France/086/BCAE_lineaire.shp","f_table_catalog":null,"f_table_schema":null,"f_table_name":null,"f_geometry_column":null,"stylename":null,"styleqml":null,"stylesld":null,"useasdefault":null,"description":null,"owner":null,"ui":null,"update_time":null}},{"type":"Feature","id":"bcae_cours_eau.177984","geometry":{"type":"MultiLineString","coordinates":[[[757435.09999997,6825796.10000311],[757423.39999997,6825805.20000311],[757410.09999997,6825810.80000311],[757394.49999997,6825815.30000311],[757386.09999997,6825821.50000311],[757376.49999997,6825823.20000311],[757364.09999997,6825822.50000311],[757356.89999997,6825817.50000311],[757355.89999997,6825815.50000311],[757345.79999997,6825792.40000311],[757340.69999997,6825790.80000311],[757326.59999997,6825798.70000311],[757310.29999997,6825806.50000311],[757288.39999997,6825806.70000311],[757269.89999997,6825804.40000311],[757246.49999997,6825803.50000311],[757215.09999997,6825794.90000311],[757204.89999997,6825796.30000311],[757152.69999997,6825819.40000311],[757140.59999997,6825821.10000311],[757130.59999997,6825821.40000311],[757124.19999997,6825819.10000311],[757126.39999997,6825815.40000311],[757125.49999997,6825801.50000311],[757117.49999997,6825772.40000311],[757111.09999997,6825759.80000311],[757092.49999997,6825741.10000311],[757084.69999997,6825731.90000311],[757080.79999997,6825720.80000311],[757082.79999997,6825708.80000311],[757094.59999997,6825684.50000311],[757096.69999997,6825671.70000311],[757093.39999997,6825661.00000311],[757084.09999997,6825653.10000311],[757071.09999997,6825653.20000311],[757059.79999997,6825656.80000311],[757049.89999997,6825658.20000311],[757040.99999997,6825655.40000311]]]},"geometry_name":"geom","properties":{"cleabs":null,"dep":"010","type":"I-D","bcae":"1","origine1":"BDTOPO","origine2":null,"millesim":"2026","comment":null,"layer":"BCAE_lineaire","path":"D:\\BCAE/2026/resultats/diffusion_France/086/BCAE_lineaire.shp","f_table_catalog":null,"f_table_schema":null,"f_table_name":null,"f_geometry_column":null,"stylename":null,"styleqml":null,"stylesld":null,"useasdefault":null,"description":null,"owner":null,"ui":null,"update_time":null}},{"type":"Feature","id":"bcae_cours_eau.177985","geometry":{"type":"MultiLineString","coordinates":[[[758865.99999997,6825692.10000311],[758856.09999997,6825680.70000311],[758841.89999997,6825675.70000311],[758829.19999997,6825675.30000311],[758811.29999997,6825676.30000311],[758797.59999997,6825674.70000311],[758783.89999997,6825665.50000311],[758771.99999997,6825654.60000311],[758762.49999997,6825642.10000311],[758756.29999997,6825632.80000311],[758745.59999997,6825619.20000311],[758735.89999997,6825617.10000311],[758704.49999997,6825617.20000311],[758682.29999997,6825618.40000311],[758667.59999997,6825622.30000311],[758655.09999997,6825633.40000311],[758646.59999997,6825645.70000311],[758643.49999997,6825658.80000311],[758644.99999997,6825672.50000311],[758650.69999997,6825682.00000311],[758661.69999997,6825692.40000311],[758676.09999997,6825698.90000311],[758705.39999997,6825699.70000311],[758714.79999997,6825707.40000311],[758715.99999997,6825719.00000311],[758709.59999997,6825730.00000311],[758697.59999997,6825734.60000311],[758665.49999997,6825734.30000311],[758650.19999997,6825729.80000311],[758641.59999997,6825711.50000311],[758633.89999997,6825686.60000311],[758619.39999997,6825672.20000311],[758607.59999997,6825666.40000311],[758590.99999997,6825662.00000311],[758576.29999997,6825661.90000311],[758565.59999997,6825665.80000311],[758558.09999997,6825671.90000311],[758555.29999997,6825688.30000311],[758556.09999997,6825712.70000311],[758558.49999997,6825726.00000311],[758563.39999997,6825739.40000311],[758561.69999997,6825740.40000311],[758558.19999997,6825742.40000311],[758549.49999997,6825747.40000311],[758543.59999997,6825746.90000311],[758523.99999997,6825745.00000311],[758505.99999997,6825732.90000311],[758473.19999997,6825714.60000311],[758445.89999997,6825691.20000311],[758416.19999997,6825669.10000311],[758413.89999997,6825666.60000311],[758405.89999997,6825654.10000311],[758400.99999997,6825642.10000311],[758390.29999997,6825624.80000311],[758379.19999997,6825609.20000311],[758368.09999997,6825596.30000311],[758354.69999997,6825584.70000311],[758340.89999997,6825576.20000311],[758324.09999997,6825569.30000311],[758308.89999997,6825569.80000311],[758277.79999997,6825575.30000311],[758259.59999997,6825579.30000311],[758255.89999997,6825580.40000311],[758187.69999997,6825592.10000311],[758167.09999997,6825593.20000311],[758145.49999997,6825594.60000311],[758108.49999997,6825598.10000311],[758098.09999997,6825599.10000311],[758091.59999997,6825599.00000311],[758078.59999997,6825597.10000311],[758068.99999997,6825592.90000311],[758065.39999997,6825590.70000311],[758061.49999997,6825588.50000311],[758056.79999997,6825586.50000311],[758052.89999997,6825585.50000311],[758044.99999997,6825585.10000311],[758033.39999997,6825588.40000311],[758024.09999997,6825600.00000311],[758020.99999997,6825612.20000311],[758024.09999997,6825623.20000311],[758057.49999997,6825645.10000311],[758067.99999997,6825653.00000311],[758077.79999997,6825662.60000311],[758083.09999997,6825675.90000311],[758082.69999997,6825688.70000311],[758076.29999997,6825702.30000311],[758065.89999997,6825709.00000311],[758055.69999997,6825706.30000311],[758045.09999997,6825700.60000311],[758033.59999997,6825693.90000311],[758020.59999997,6825683.10000311],[758010.59999997,6825675.6000031],[757995.19999997,6825670.60000311],[757966.69999997,6825658.20000311],[757962.79999997,6825646.80000311],[757964.19999997,6825643.50000311],[757967.59999997,6825635.00000311],[757973.59999997,6825624.70000311],[757977.69999997,6825613.40000311],[757977.49999997,6825610.10000311],[757977.19999997,6825602.40000311],[757972.89999997,6825591.60000311],[757970.19999997,6825579.20000311],[757973.29999997,6825571.20000311],[757981.29999997,6825562.40000311],[757991.49999997,6825554.20000311],[757996.79999997,6825544.80000311],[757995.09999997,6825533.50000311],[757990.19999997,6825523.20000311],[757985.89999997,6825516.90000311],[757983.89999997,6825514.30000311],[757977.49999997,6825509.10000311],[757965.49999997,6825500.80000311],[757957.19999997,6825497.20000311],[757953.09999997,6825495.40000311],[757940.19999997,6825493.90000311],[757927.89999997,6825495.40000311],[757916.39999997,6825497.70000311],[757896.59999997,6825502.30000311],[757869.19999997,6825510.10000311],[757848.29999997,6825519.90000311],[757832.69999997,6825523.80000311],[757818.09999997,6825521.20000311],[757803.89999997,6825516.60000311],[757790.79999997,6825518.30000311],[757779.59999997,6825524.60000311],[757771.09999997,6825533.80000311],[757770.09999997,6825545.60000311],[757773.79999997,6825555.60000311],[757779.69999997,6825565.50000311],[757781.79999997,6825576.10000311],[757769.89999997,6825594.00000311],[757768.09999997,6825607.00000311],[757772.49999997,6825628.50000311],[757771.59999997,6825639.20000311],[757766.59999997,6825649.40000311],[757757.29999997,6825657.40000311],[757746.79999997,6825655.60000311],[757737.39999997,6825647.70000311],[757729.49999997,6825638.00000311],[757723.79999997,6825628.10000311],[757721.29999997,6825621.30000311],[757716.59999997,6825596.70000311],[757712.89999997,6825585.20000311],[757705.99999997,6825576.10000311],[757701.89999997,6825562.90000311],[757701.19999997,6825551.50000311],[757702.49999997,6825539.50000311],[757702.69999997,6825528.10000311],[757700.19999997,6825515.80000311],[757694.19999997,6825504.80000311],[757682.89999997,6825502.00000311],[757670.29999997,6825502.40000311],[757656.89999997,6825504.70000311],[757645.59999997,6825507.80000311],[757634.19999997,6825513.70000311],[757625.49999997,6825522.40000311],[757620.69999997,6825533.10000311],[757618.89999997,6825544.90000311],[757618.99999997,6825557.80000311],[757620.79999997,6825570.20000311],[757621.29999997,6825582.40000311],[757616.69999997,6825592.10000311],[757601.09999997,6825610.40000311],[757598.39999997,6825622.70000311],[757603.69999997,6825633.00000311],[757613.69999997,6825639.10000311],[757624.19999997,6825638.40000311],[757634.19999997,6825632.20000311],[757644.39999997,6825630.50000311],[757655.49999997,6825633.90000311],[757663.79999997,6825641.60000311],[757667.89999997,6825654.40000311],[757667.79999997,6825667.80000311],[757664.99999997,6825678.90000311],[757656.99999997,6825690.10000311],[757647.49999997,6825698.40000311],[757627.09999997,6825712.80000311],[757615.09999997,6825718.80000311],[757601.19999997,6825720.80000311],[757588.29999997,6825717.90000311],[757578.09999997,6825710.20000311],[757566.19999997,6825703.90000311],[757554.09999997,6825694.00000311],[757541.69999997,6825688.10000311],[757528.79999997,6825680.00000311],[757518.59999997,6825670.70000311],[757509.69999997,6825661.10000311],[757498.09999997,6825656.10000311],[757485.69999997,6825659.10000311],[757476.69999997,6825668.60000311],[757471.19999997,6825677.60000311],[757468.19999997,6825700.20000311],[757466.49999997,6825725.20000311],[757461.69999997,6825753.40000311],[757457.69999997,6825767.90000311],[757451.59999997,6825777.70000311],[757435.09999997,6825796.10000311]]]},"geometry_name":"geom","properties":{"cleabs":null,"dep":"010","type":"I-D","bcae":"1","origine1":"BDTOPO","origine2":null,"millesim":"2026","comment":null,"layer":"BCAE_lineaire","path":"D:\\BCAE/2026/resultats/diffusion_France/086/BCAE_lineaire.shp","f_table_catalog":null,"f_table_schema":null,"f_table_name":null,"f_geometry_column":null,"stylename":null,"styleqml":null,"stylesld":null,"useasdefault":null,"description":null,"owner":null,"ui":null,"update_time":null}},{"type":"Feature","id":"bcae_cours_eau.177986","geometry":{"type":"MultiLineString","coordinates":[[[756164.39999997,6825932.20000311],[756154.59999997,6825931.60000311],[756146.89999997,6825940.20000311],[756147.49999997,6825943.40000311]]]},"geometry_name":"geom","properties":{"cleabs":null,"dep":"010","type":"I-D","bcae":"1","origine1":"AUTRES","origine2":null,"millesim":"2026","comment":"Calculé","layer":"BCAE_lineaire","path":"D:\\BCAE/2026/resultats/diffusion_France/086/BCAE_lineaire.shp","f_table_catalog":null,"f_table_schema":null,"f_table_name":null,"f_geometry_column":null,"stylename":null,"styleqml":null,"stylesld":null,"useasdefault":null,"description":null,"owner":null,"ui":null,"update_time":null}},{"type":"Feature","id":"bcae_cours_eau.177987","geometry":{"type":"MultiLineString","coordinates":[[[758176.29999997,6824851.30000311],[758173.69999997,6824844.10000312]]]},"geometry_name":"geom","properties":{"cleabs":null,"dep":"010","type":"I-D","bcae":"1","origine1":"AUTRES","origine2":null,"millesim":"2026","comment":"Calculé","layer":"BCAE_lineaire","path":"D:\\BCAE/2026/resultats/diffusion_France/086/BCAE_lineaire.shp","f_table_catalog":null,"f_table_schema":null,"f_table_name":null,"f_geometry_column":null,"stylename":null,"styleqml":null,"stylesld":null,"useasdefault":null,"description":null,"owner":null,"ui":null,"update_time":null}},{"type":"Feature","id":"bcae_cours_eau.177988","geometry":{"type":"MultiLineString","coordinates":[[[756575.39999997,6825668.80000311],[756571.09999997,6825660.90000311],[756566.49999997,6825644.30000311],[756566.09999997,6825628.60000311],[756563.49999997,6825596.40000311],[756564.79999997,6825579.40000311],[756570.99999997,6825551.50000311]]]},"geometry_name":"geom","properties":{"cleabs":null,"dep":"010","type":"I-D","bcae":"1","origine1":"AUTRES","origine2":null,"millesim":"2026","comment":"Calculé","layer":"BCAE_lineaire","path":"D:\\BCAE/2026/resultats/diffusion_France/086/BCAE_lineaire.shp","f_table_catalog":null,"f_table_schema":null,"f_table_name":null,"f_geometry_column":null,"stylename":null,"styleqml":null,"stylesld":null,"useasdefault":null,"description":null,"owner":null,"ui":null,"update_time":null}},{"type":"Feature","id":"bcae_cours_eau.177989","geometry":{"type":"MultiLineString","coordinates":[[[756428.09999997,6825764.00000311],[756417.29999997,6825755.10000311],[756405.59999997,6825743.90000311],[756394.69999997,6825732.40000311],[756384.09999997,6825718.90000311],[756374.39999997,6825704.6000031],[756365.89999997,6825688.60000311],[756359.29999997,6825671.50000311],[756353.99999997,6825653.60000311],[756348.69999997,6825632.20000311]]]},"geometry_name":"geom","properties":{"cleabs":null,"dep":"010","type":"I-D","bcae":"1","origine1":"BDTOPO","origine2":null,"millesim":"2026","comment":null,"layer":"BCAE_lineaire","path":"D:\\BCAE/2026/resultats/diffusion_France/086/BCAE_lineaire.shp","f_table_catalog":null,"f_table_schema":null,"f_table_name":null,"f_geometry_column":null,"stylename":null,"styleqml":null,"stylesld":null,"useasdefault":null,"description":null,"owner":null,"ui":null,"update_time":null}},{"type":"Feature","id":"bcae_cours_eau.177990","geometry":{"type":"MultiLineString","coordinates":[[[758995.59999997,6825089.10000311],[758991.39999997,6825101.80000312]]]},"geometry_name":"geom","properties":{"cleabs":null,"dep":"010","type":"I-D","bcae":"1","origine1":"AUTRES","origine2":null,"millesim":"2026","comment":"Calculé","layer":"BCAE_lineaire","path":"D:\\BCAE/2026/resultats/diffusion_France/086/BCAE_lineaire.shp","f_table_catalog":null,"f_table_schema":null,"f_table_name":null,"f_geometry_column":null,"stylename":null,"styleqml":null,"stylesld":null,"useasdefault":null,"description":null,"owner":null,"ui":null,"update_time":null}},{"type":"Feature","id":"bcae_cours_eau.178001","geometry":{"type":"MultiLineString","coordinates":[[[757240.49999997,6822794.50000314],[757238.09999997,6822836.30000313],[757233.29999997,6822865.30000313],[757231.39999997,6822887.50000314],[757232.59999997,6822911.30000313]]]},"geometry_name":"geom","properties":{"cleabs":null,"dep":"010","type":"I-D","bcae":"1","origine1":"BDTOPO","origine2":null,"millesim":"2026","comment":null,"layer":"BCAE_lineaire","path":"D:\\BCAE/2026/resultats/diffusion_France/086/BCAE_lineaire.shp","f_table_catalog":null,"f_table_schema":null,"f_table_name":null,"f_geometry_column":null,"stylename":null,"styleqml":null,"stylesld":null,"useasdefault":null,"description":null,"owner":null,"ui":null,"update_time":null}},{"type":"Feature","id":"bcae_cours_eau.178004","geometry":{"type":"MultiLineString","coordinates":[[[755610.89999997,6824296.50000312],[755595.79999997,6824272.60000312],[755581.69999997,6824250.10000312],[755566.89999997,6824241.20000312],[755534.09999997,6824237.30000312],[755510.79999997,6824236.80000312],[755484.69999997,6824240.20000312],[755471.99999997,6824243.60000312]]]},"geometry_name":"geom","properties":{"cleabs":null,"dep":"010","type":"I-D","bcae":"1","origine1":"AUTRES","origine2":null,"millesim":"2026","comment":"Photogrammétrie","layer":"BCAE_lineaire","path":"D:\\BCAE/2026/resultats/diffusion_France/086/BCAE_lineaire.shp","f_table_catalog":null,"f_table_schema":null,"f_table_name":null,"f_geometry_column":null,"stylename":null,"styleqml":null,"stylesld":null,"useasdefault":null,"description":null,"owner":null,"ui":null,"update_time":null}},{"type":"Feature","id":"bcae_cours_eau.178006","geometry":{"type":"MultiLineString","coordinates":[[[756294.49999997,6824845.40000312],[756281.29999997,6824839.70000312],[756229.19999997,6824825.90000312],[756212.29999997,6824819.10000312],[756197.39999997,6824808.00000311],[756176.19999997,6824794.20000312],[756171.99999997,6824791.60000312],[756164.69999997,6824788.70000312],[756146.39999997,6824783.70000312],[756129.19999997,6824771.60000312],[756118.29999997,6824756.20000312],[756112.29999997,6824738.30000312],[756110.29999997,6824724.60000312],[756106.89999997,6824718.80000312],[756099.69999997,6824710.40000312],[756091.39999997,6824703.50000312],[756085.99999997,6824696.90000312],[756082.89999997,6824688.50000312],[756081.49999997,6824681.90000312],[756062.69999997,6824674.00000312],[756058.59999997,6824670.50000312],[756056.49999997,6824666.40000312],[756055.19999997,6824661.20000312],[756050.49999997,6824653.00000312],[756040.59999997,6824648.90000312],[756034.99999997,6824650.20000312],[756030.39999997,6824650.50000312],[756023.79999997,6824653.80000312],[756008.49999997,6824659.60000312],[756000.19999997,6824665.00000312],[755989.49999997,6824674.40000312],[755971.79999997,6824690.80000312],[755967.89999997,6824696.70000312],[755960.99999997,6824699.70000312],[755957.79999997,6824700.60000312],[755948.89999997,6824702.70000312],[755935.39999997,6824707.90000312],[755931.69999997,6824711.90000312],[755929.09999997,6824720.50000312],[755925.29999997,6824727.60000312],[755916.39999997,6824732.60000311],[755907.59999997,6824735.70000312],[755890.29999997,6824737.00000311],[755877.09999997,6824734.20000312],[755865.59999997,6824730.20000312],[755856.99999997,6824723.90000312]]]},"geometry_name":"geom","properties":{"cleabs":null,"dep":"010","type":"I-D","bcae":"1","origine1":"BDTOPO","origine2":null,"millesim":"2026","comment":null,"layer":"BCAE_lineaire","path":"D:\\BCAE/2026/resultats/diffusion_France/086/BCAE_lineaire.shp","f_table_catalog":null,"f_table_schema":null,"f_table_name":null,"f_geometry_column":null,"stylename":null,"styleqml":null,"stylesld":null,"useasdefault":null,"description":null,"owner":null,"ui":null,"update_time":null}},{"type":"Feature","id":"bcae_cours_eau.178007","geometry":{"type":"MultiLineString","coordinates":[[[755856.99999997,6824723.90000312],[755841.69999997,6824710.40000312],[755834.89999997,6824707.90000312],[755826.99999997,6824707.90000312],[755814.49999997,6824709.10000312],[755792.69999997,6824712.60000312],[755783.09999997,6824712.70000312],[755771.09999997,6824711.40000312],[755762.39999997,6824706.20000312],[755729.89999997,6824682.50000312],[755719.39999997,6824673.60000312],[755697.99999997,6824650.30000312],[755683.99999997,6824638.00000312],[755648.69999997,6824619.40000312],[755632.59999997,6824606.90000312],[755617.39999997,6824593.10000312],[755590.09999997,6824562.80000312],[755575.39999997,6824550.50000312],[755566.09999997,6824538.00000312],[755563.69999997,6824521.80000312],[755553.79999997,6824429.20000312],[755548.49999997,6824412.40000312],[755531.59999997,6824381.80000312]]]},"geometry_name":"geom","properties":{"cleabs":null,"dep":"010","type":"I-D","bcae":"1","origine1":"BDTOPO","origine2":null,"millesim":"2026","comment":null,"layer":"BCAE_lineaire","path":"D:\\BCAE/2026/resultats/diffusion_France/086/BCAE_lineaire.shp","f_table_catalog":null,"f_table_schema":null,"f_table_name":null,"f_geometry_column":null,"stylename":null,"styleqml":null,"stylesld":null,"useasdefault":null,"description":null,"owner":null,"ui":null,"update_time":null}},{"type":"Feature","id":"bcae_cours_eau.178008","geometry":{"type":"MultiLineString","coordinates":[[[757565.19999997,6824406.30000312],[757572.69999997,6824403.40000312],[757590.99999997,6824407.70000312],[757608.09999997,6824393.40000312],[757651.69999997,6824357.00000312],[757707.69999997,6824310.20000312],[757753.69999997,6824271.90000312],[757771.99999997,6824256.60000312],[757796.79999997,6824236.10000312],[757809.39999997,6824225.30000312],[757835.19999997,6824201.40000312],[757855.29999997,6824190.70000312],[757874.99999997,6824178.70000312],[757891.49999997,6824174.90000312],[757923.89999997,6824170.40000312],[757944.89999997,6824162.20000312],[757964.39999997,6824157.10000312],[757979.39999997,6824156.20000312],[757998.19999997,6824152.80000312],[758013.19999997,6824149.30000312],[758052.99999997,6824137.00000312],[758067.99999997,6824130.10000312],[758066.99999997,6824117.00000312],[758056.19999997,6824069.10000312],[758053.09999997,6824047.70000312],[758050.99999997,6824014.10000312],[758048.19999997,6824000.40000312],[758054.99999997,6823992.30000312],[758068.29999997,6823990.80000312],[758095.49999997,6823985.00000312],[758122.39999997,6823985.50000312],[758131.89999997,6823983.40000312],[758142.19999997,6823983.30000312],[758149.29999997,6823983.40000312],[758160.29999997,6823985.90000312],[758165.19999997,6823985.40000312],[758171.69999997,6823984.70000312],[758180.79999997,6823978.70000312],[758183.89999997,6823970.10000312],[758181.59999997,6823961.10000312],[758179.89999997,6823949.30000312],[758183.09999997,6823939.90000312],[758203.69999997,6823916.90000312],[758212.59999997,6823915.00000313],[758240.29999997,6823920.50000312],[758253.59999997,6823917.30000312],[758261.09999997,6823912.20000312]]]},"geometry_name":"geom","properties":{"cleabs":null,"dep":"010","type":"I-D","bcae":"1","origine1":"BDTOPO","origine2":null,"millesim":"2026","comment":null,"layer":"BCAE_lineaire","path":"D:\\BCAE/2026/resultats/diffusion_France/086/BCAE_lineaire.shp","f_table_catalog":null,"f_table_schema":null,"f_table_name":null,"f_geometry_column":null,"stylename":null,"styleqml":null,"stylesld":null,"useasdefault":null,"description":null,"owner":null,"ui":null,"update_time":null}},{"type":"Feature","id":"bcae_cours_eau.178034","geometry":{"type":"MultiLineString","coordinates":[[[757046.69999997,6823098.50000313],[757056.29999997,6823081.20000313],[757080.99999997,6823040.50000313],[757094.19999997,6823020.80000313],[757119.49999997,6822974.30000313],[757135.39999997,6822954.70000314],[757153.49999997,6822935.80000313],[757174.49999997,6822919.00000313],[757195.59999997,6822910.60000313],[757215.89999997,6822909.60000313],[757232.59999997,6822911.30000313]]]},"geometry_name":"geom","properties":{"cleabs":null,"dep":"010","type":"I-D","bcae":"1","origine1":"BDTOPO","origine2":null,"millesim":"2026","comment":null,"layer":"BCAE_lineaire","path":"D:\\BCAE/2026/resultats/diffusion_France/086/BCAE_lineaire.shp","f_table_catalog":null,"f_table_schema":null,"f_table_name":null,"f_geometry_column":null,"stylename":null,"styleqml":null,"stylesld":null,"useasdefault":null,"description":null,"owner":null,"ui":null,"update_time":null}},{"type":"Feature","id":"bcae_cours_eau.178043","geometry":{"type":"MultiLineString","coordinates":[[[755434.59999997,6824158.90000312],[755317.09999997,6824212.10000312]]]},"geometry_name":"geom","properties":{"cleabs":null,"dep":"010","type":"I-D","bcae":"1","origine1":"BDTOPO","origine2":null,"millesim":"2026","comment":null,"layer":"BCAE_lineaire","path":"D:\\BCAE/2026/resultats/diffusion_France/086/BCAE_lineaire.shp","f_table_catalog":null,"f_table_schema":null,"f_table_name":null,"f_geometry_column":null,"stylename":null,"styleqml":null,"stylesld":null,"useasdefault":null,"description":null,"owner":null,"ui":null,"update_time":null}},{"type":"Feature","id":"bcae_cours_eau.178048","geometry":{"type":"MultiLineString","coordinates":[[[755940.69999997,6824138.30000312],[755949.99999997,6824128.40000312],[755957.69999997,6824118.90000312],[755962.79999997,6824108.30000312],[755962.99999997,6824103.90000312],[755963.69999997,6824095.70000312],[755972.49999997,6824083.80000312],[756003.59999997,6824052.80000312],[756025.39999997,6824032.30000312],[756095.29999997,6823968.80000313],[756125.99999997,6823940.90000312],[756176.19999997,6823895.90000312],[756201.79999997,6823869.90000312],[756218.69999997,6823858.80000312],[756236.69999997,6823850.00000312],[756242.29999997,6823847.90000313],[756281.09999997,6823833.70000313],[756304.29999997,6823826.00000312],[756348.49999997,6823811.20000313],[756388.89999997,6823795.60000312],[756416.79999997,6823787.40000313],[756444.69999997,6823777.70000312],[756462.79999997,6823771.00000313],[756479.69999997,6823763.30000313],[756496.79999997,6823753.90000313],[756511.69999997,6823742.80000312],[756529.79999997,6823727.20000313],[756537.49999997,6823719.80000313]]]},"geometry_name":"geom","properties":{"cleabs":null,"dep":"010","type":"I-D","bcae":"1","origine1":"BDTOPO","origine2":null,"millesim":"2026","comment":null,"layer":"BCAE_lineaire","path":"D:\\BCAE/2026/resultats/diffusion_France/086/BCAE_lineaire.shp","f_table_catalog":null,"f_table_schema":null,"f_table_name":null,"f_geometry_column":null,"stylename":null,"styleqml":null,"stylesld":null,"useasdefault":null,"description":null,"owner":null,"ui":null,"update_time":null}},{"type":"Feature","id":"bcae_cours_eau.178053","geometry":{"type":"MultiLineString","coordinates":[[[761229.09999997,6823577.20000313],[761209.49999997,6823563.70000313],[761201.49999997,6823558.90000313],[761193.09999997,6823553.60000313],[761183.29999997,6823546.60000313],[761177.09999997,6823538.50000313],[761173.59999997,6823536.50000313],[761170.69999997,6823535.60000313],[761167.19999997,6823534.40000313]]]},"geometry_name":"geom","properties":{"cleabs":null,"dep":"010","type":"I-D","bcae":"1","origine1":"AUTRES","origine2":null,"millesim":"2026","comment":"Photogrammétrie","layer":"BCAE_lineaire","path":"D:\\BCAE/2026/resultats/diffusion_France/086/BCAE_lineaire.shp","f_table_catalog":null,"f_table_schema":null,"f_table_name":null,"f_geometry_column":null,"stylename":null,"styleqml":null,"stylesld":null,"useasdefault":null,"description":null,"owner":null,"ui":null,"update_time":null}},{"type":"Feature","id":"bcae_cours_eau.178056","geometry":{"type":"MultiLineString","coordinates":[[[755471.99999997,6824243.60000312],[755434.59999997,6824158.90000312]]]},"geometry_name":"geom","properties":{"cleabs":null,"dep":"010","type":"I-D","bcae":"1","origine1":"BDTOPO","origine2":null,"millesim":"2026","comment":null,"layer":"BCAE_lineaire","path":"D:\\BCAE/2026/resultats/diffusion_France/086/BCAE_lineaire.shp","f_table_catalog":null,"f_table_schema":null,"f_table_name":null,"f_geometry_column":null,"stylename":null,"styleqml":null,"stylesld":null,"useasdefault":null,"description":null,"owner":null,"ui":null,"update_time":null}},{"type":"Feature","id":"bcae_cours_eau.178062","geometry":{"type":"MultiLineString","coordinates":[[[758448.69999997,6823846.10000312],[758436.49999997,6823837.90000313],[758427.99999997,6823832.10000312],[758419.99999997,6823828.00000313],[758414.39999997,6823826.80000312],[758408.99999997,6823826.80000313],[758402.99999997,6823828.90000313],[758400.29999997,6823831.20000312],[758396.69999997,6823833.70000312],[758393.99999997,6823834.80000313],[758389.79999997,6823835.40000313],[758383.09999997,6823835.60000313],[758370.39999997,6823834.50000313],[758361.79999997,6823831.40000313],[758355.19999997,6823829.70000313],[758345.09999997,6823825.30000312],[758340.49999997,6823822.80000312],[758336.39999997,6823822.00000312],[758330.59999997,6823821.50000313],[758326.29999997,6823821.10000312],[758319.99999997,6823817.40000313]]]},"geometry_name":"geom","properties":{"cleabs":null,"dep":"010","type":"I-D","bcae":"1","origine1":"AUTRES","origine2":null,"millesim":"2026","comment":"Photogrammétrie","layer":"BCAE_lineaire","path":"D:\\BCAE/2026/resultats/diffusion_France/086/BCAE_lineaire.shp","f_table_catalog":null,"f_table_schema":null,"f_table_name":null,"f_geometry_column":null,"stylename":null,"styleqml":null,"stylesld":null,"useasdefault":null,"description":null,"owner":null,"ui":null,"update_time":null}},{"type":"Feature","id":"bcae_cours_eau.178090","geometry":{"type":"MultiLineString","coordinates":[[[759085.29999997,6825127.80000311],[759075.29999997,6825121.70000312]]]},"geometry_name":"geom","properties":{"cleabs":null,"dep":"010","type":"I-D","bcae":"1","origine1":"AUTRES","origine2":null,"millesim":"2026","comment":"Calculé","layer":"BCAE_lineaire","path":"D:\\BCAE/2026/resultats/diffusion_France/086/BCAE_lineaire.shp","f_table_catalog":null,"f_table_schema":null,"f_table_name":null,"f_geometry_column":null,"stylename":null,"styleqml":null,"stylesld":null,"useasdefault":null,"description":null,"owner":null,"ui":null,"update_time":null}},{"type":"Feature","id":"bcae_cours_eau.178092","geometry":{"type":"MultiLineString","coordinates":[[[760677.59999997,6824279.50000312],[760696.79999997,6824238.50000312],[760706.99999997,6824212.90000312],[760711.89999997,6824196.70000312],[760710.89999997,6824183.60000312],[760702.49999997,6824167.70000312],[760687.29999997,6824149.40000312],[760668.39999997,6824129.50000312]]]},"geometry_name":"geom","properties":{"cleabs":null,"dep":"010","type":"I-D","bcae":"1","origine1":"AUTRES","origine2":null,"millesim":"2026","comment":"Photogrammétrie","layer":"BCAE_lineaire","path":"D:\\BCAE/2026/resultats/diffusion_France/086/BCAE_lineaire.shp","f_table_catalog":null,"f_table_schema":null,"f_table_name":null,"f_geometry_column":null,"stylename":null,"styleqml":null,"stylesld":null,"useasdefault":null,"description":null,"owner":null,"ui":null,"update_time":null}},{"type":"Feature","id":"bcae_cours_eau.178094","geometry":{"type":"MultiLineString","coordinates":[[[758731.19999997,6824648.70000312],[758710.49999997,6824648.40000312],[758694.19999997,6824650.10000311],[758663.49999997,6824655.70000312],[758650.29999997,6824659.00000312],[758635.59999997,6824663.40000312],[758621.09999997,6824669.10000312],[758609.39999997,6824677.80000312]]]},"geometry_name":"geom","properties":{"cleabs":null,"dep":"010","type":"I-D","bcae":"1","origine1":"BDTOPO","origine2":null,"millesim":"2026","comment":null,"layer":"BCAE_lineaire","path":"D:\\BCAE/2026/resultats/diffusion_France/086/BCAE_lineaire.shp","f_table_catalog":null,"f_table_schema":null,"f_table_name":null,"f_geometry_column":null,"stylename":null,"styleqml":null,"stylesld":null,"useasdefault":null,"description":null,"owner":null,"ui":null,"update_time":null}},{"type":"Feature","id":"bcae_cours_eau.178107","geometry":{"type":"MultiLineString","coordinates":[[[755471.99999997,6824243.60000312],[755452.09999997,6824249.20000312],[755349.89999997,6824289.30000312]]]},"geometry_name":"geom","properties":{"cleabs":null,"dep":"010","type":"I-D","bcae":"1","origine1":"AUTRES","origine2":null,"millesim":"2026","comment":"Photogrammétrie","layer":"BCAE_lineaire","path":"D:\\BCAE/2026/resultats/diffusion_France/086/BCAE_lineaire.shp","f_table_catalog":null,"f_table_schema":null,"f_table_name":null,"f_geometry_column":null,"stylename":null,"styleqml":null,"stylesld":null,"useasdefault":null,"description":null,"owner":null,"ui":null,"update_time":null}},{"type":"Feature","id":"bcae_cours_eau.178139","geometry":{"type":"MultiLineString","coordinates":[[[755610.89999997,6824296.50000312],[755636.59999997,6824269.50000312],[755650.29999997,6824244.20000312],[755658.09999997,6824233.30000312],[755670.39999997,6824227.60000312],[755686.09999997,6824225.10000312],[755694.59999997,6824223.10000312],[755700.49999997,6824221.70000312],[755713.69999997,6824215.90000312],[755724.59999997,6824206.70000312],[755732.69999997,6824197.00000312],[755736.69999997,6824186.30000312],[755745.09999997,6824178.00000312],[755747.49999997,6824176.40000312],[755767.29999997,6824163.30000312],[755780.29999997,6824155.10000312],[755794.99999997,6824152.60000312],[755817.09999997,6824152.50000312],[755829.09999997,6824151.90000312],[755847.09999997,6824148.30000312],[755865.69999997,6824146.70000312],[755882.59999997,6824141.90000312],[755897.49999997,6824134.50000312],[755915.09999997,6824132.50000312],[755934.69999997,6824136.30000312],[755940.69999997,6824138.30000312]]]},"geometry_name":"geom","properties":{"cleabs":null,"dep":"010","type":"I-D","bcae":"1","origine1":"BDTOPO","origine2":null,"millesim":"2026","comment":null,"layer":"BCAE_lineaire","path":"D:\\BCAE/2026/resultats/diffusion_France/086/BCAE_lineaire.shp","f_table_catalog":null,"f_table_schema":null,"f_table_name":null,"f_geometry_column":null,"stylename":null,"styleqml":null,"stylesld":null,"useasdefault":null,"description":null,"owner":null,"ui":null,"update_time":null}},{"type":"Feature","id":"bcae_cours_eau.178140","geometry":{"type":"MultiLineString","coordinates":[[[755573.09999997,6823849.70000312],[755525.89999997,6823848.70000313],[755492.89999997,6823844.60000312],[755463.09999997,6823843.20000313],[755441.29999997,6823848.20000313],[755429.39999997,6823852.90000312],[755420.89999997,6823859.40000313],[755413.19999997,6823870.60000312],[755403.79999997,6823882.50000312],[755392.59999997,6823893.50000313],[755381.09999997,6823902.50000313],[755371.29999997,6823903.20000312]]]},"geometry_name":"geom","properties":{"cleabs":null,"dep":"010","type":"I-D","bcae":"1","origine1":"BDTOPO","origine2":null,"millesim":"2026","comment":null,"layer":"BCAE_lineaire","path":"D:\\BCAE/2026/resultats/diffusion_France/086/BCAE_lineaire.shp","f_table_catalog":null,"f_table_schema":null,"f_table_name":null,"f_geometry_column":null,"stylename":null,"styleqml":null,"stylesld":null,"useasdefault":null,"description":null,"owner":null,"ui":null,"update_time":null}},{"type":"Feature","id":"bcae_cours_eau.178144","geometry":{"type":"MultiLineString","coordinates":[[[756549.29999997,6823710.00000313],[756552.99999997,6823706.90000312],[756567.89999997,6823697.60000313],[756602.19999997,6823679.00000312],[756615.29999997,6823672.10000313],[756630.59999997,6823665.80000313],[756644.49999997,6823661.40000313],[756655.29999997,6823653.00000313],[756666.19999997,6823640.80000313],[756679.89999997,6823632.40000312],[756694.49999997,6823627.20000313],[756706.19999997,6823616.30000313],[756721.39999997,6823596.60000312],[756727.49999997,6823585.50000313],[756734.59999997,6823570.50000313],[756736.29999997,6823560.30000313],[756737.39999997,6823554.10000313],[756738.39999997,6823502.90000313],[756737.39999997,6823489.70000313],[756736.89999997,6823484.70000313],[756729.29999997,6823472.60000313],[756722.99999997,6823460.90000313],[756726.19999997,6823447.00000313],[756732.09999997,6823432.20000313],[756736.89999997,6823417.50000313],[756741.39999997,6823393.60000313],[756743.39999997,6823379.60000313],[756746.49999997,6823367.00000313],[756747.39999997,6823355.60000313],[756755.29999997,6823346.70000313],[756763.89999997,6823341.30000313],[756773.29999997,6823334.20000313],[756780.39999997,6823330.10000313],[756806.29999997,6823320.10000313],[756815.99999997,6823315.60000313],[756831.09999997,6823303.80000313],[756845.29999997,6823296.10000313],[756852.49999997,6823290.10000313],[756856.79999997,6823283.50000313],[756872.69999997,6823269.90000313],[756899.99999997,6823249.30000313],[756908.09999997,6823241.80000313],[756914.79999997,6823233.00000313],[756924.49999997,6823222.60000313],[756964.89999997,6823188.80000313],[756983.39999997,6823179.90000313],[757008.89999997,6823164.10000313],[757020.69999997,6823158.80000313],[757024.59999997,6823156.60000313],[757025.39999997,6823153.90000313],[757026.49999997,6823150.70000313],[757030.79999997,6823143.60000313],[757029.79999997,6823136.40000313],[757034.59999997,6823118.20000313],[757046.69999997,6823098.50000313]]]},"geometry_name":"geom","properties":{"cleabs":null,"dep":"010","type":"I-D","bcae":"1","origine1":"BDTOPO","origine2":null,"millesim":"2026","comment":null,"layer":"BCAE_lineaire","path":"D:\\BCAE/2026/resultats/diffusion_France/086/BCAE_lineaire.shp","f_table_catalog":null,"f_table_schema":null,"f_table_name":null,"f_geometry_column":null,"stylename":null,"styleqml":null,"stylesld":null,"useasdefault":null,"description":null,"owner":null,"ui":null,"update_time":null}},{"type":"Feature","id":"bcae_cours_eau.178145","geometry":{"type":"MultiLineString","coordinates":[[[756437.99999997,6824577.10000312],[756419.49999997,6824574.20000312],[756339.89999997,6824574.60000312],[756316.09999997,6824577.40000312],[756292.59999997,6824582.70000312],[756271.69999997,6824591.20000312],[756225.99999997,6824616.00000312],[756223.89999997,6824613.60000312],[756218.69999997,6824608.10000312],[756207.79999997,6824592.90000312],[756180.39999997,6824563.90000312],[756167.69999997,6824553.50000312],[756146.59999997,6824538.70000312],[756150.89999997,6824530.70000312],[756164.19999997,6824483.00000312],[756167.59999997,6824465.80000312],[756169.09999997,6824449.00000312],[756167.59999997,6824437.40000312],[756167.49999997,6824430.30000312],[756159.69999997,6824414.90000312],[756144.49999997,6824381.00000312],[756128.39999997,6824338.20000312],[756115.59999997,6824301.40000312],[756112.29999997,6824285.80000312],[756090.79999997,6824254.40000312],[756065.59999997,6824221.10000312],[756051.79999997,6824207.10000312],[756037.09999997,6824193.50000312],[756020.59999997,6824183.00000312],[756003.39999997,6824174.70000312],[755987.69999997,6824163.20000312],[755972.89999997,6824151.30000312],[755954.69999997,6824142.90000312],[755940.69999997,6824138.30000312]]]},"geometry_name":"geom","properties":{"cleabs":null,"dep":"010","type":"I-D","bcae":"1","origine1":"BDTOPO","origine2":null,"millesim":"2026","comment":null,"layer":"BCAE_lineaire","path":"D:\\BCAE/2026/resultats/diffusion_France/086/BCAE_lineaire.shp","f_table_catalog":null,"f_table_schema":null,"f_table_name":null,"f_geometry_column":null,"stylename":null,"styleqml":null,"stylesld":null,"useasdefault":null,"description":null,"owner":null,"ui":null,"update_time":null}},{"type":"Feature","id":"bcae_cours_eau.178146","geometry":{"type":"MultiLineString","coordinates":[[[758319.99999997,6823817.40000313],[758315.19999997,6823814.40000312],[758309.89999997,6823813.70000313],[758302.69999997,6823813.20000312],[758289.69999997,6823814.50000313],[758271.09999997,6823820.00000313],[758259.49999997,6823825.60000313],[758250.89999997,6823833.90000312],[758247.29999997,6823840.40000312],[758245.99999997,6823846.30000312],[758247.09999997,6823851.80000312],[758248.79999997,6823858.70000312],[758252.89999997,6823873.00000313],[758260.69999997,6823896.80000313],[758261.79999997,6823902.60000312],[758262.59999997,6823908.00000312],[758261.59999997,6823910.70000313],[758261.09999997,6823912.20000312]]]},"geometry_name":"geom","properties":{"cleabs":null,"dep":"010","type":"I-D","bcae":"1","origine1":"AUTRES","origine2":null,"millesim":"2026","comment":"Photogrammétrie","layer":"BCAE_lineaire","path":"D:\\BCAE/2026/resultats/diffusion_France/086/BCAE_lineaire.shp","f_table_catalog":null,"f_table_schema":null,"f_table_name":null,"f_geometry_column":null,"stylename":null,"styleqml":null,"stylesld":null,"useasdefault":null,"description":null,"owner":null,"ui":null,"update_time":null}},{"type":"Feature","id":"bcae_cours_eau.178149","geometry":{"type":"MultiLineString","coordinates":[[[760549.09999997,6824206.60000312],[760582.79999997,6824190.90000312],[760611.49999997,6824177.70000312],[760632.69999997,6824166.40000312],[760645.49999997,6824155.80000313],[760659.59999997,6824141.10000312],[760668.39999997,6824129.50000312]]]},"geometry_name":"geom","properties":{"cleabs":null,"dep":"010","type":"I-D","bcae":"1","origine1":"AUTRES","origine2":null,"millesim":"2026","comment":"Photogrammétrie","layer":"BCAE_lineaire","path":"D:\\BCAE/2026/resultats/diffusion_France/086/BCAE_lineaire.shp","f_table_catalog":null,"f_table_schema":null,"f_table_name":null,"f_geometry_column":null,"stylename":null,"styleqml":null,"stylesld":null,"useasdefault":null,"description":null,"owner":null,"ui":null,"update_time":null}},{"type":"Feature","id":"bcae_cours_eau.178150","geometry":{"type":"MultiLineString","coordinates":[[[760262.99999997,6824662.70000312],[760218.79999997,6824615.20000312],[760140.29999997,6824663.40000312],[760130.39999997,6824667.10000312],[760076.49999997,6824595.50000312]]]},"geometry_name":"geom","properties":{"cleabs":null,"dep":"010","type":"I-D","bcae":"1","origine1":"BDTOPO","origine2":null,"millesim":"2026","comment":null,"layer":"BCAE_lineaire","path":"D:\\BCAE/2026/resultats/diffusion_France/086/BCAE_lineaire.shp","f_table_catalog":null,"f_table_schema":null,"f_table_name":null,"f_geometry_column":null,"stylename":null,"styleqml":null,"stylesld":null,"useasdefault":null,"description":null,"owner":null,"ui":null,"update_time":null}},{"type":"Feature","id":"bcae_cours_eau.178151","geometry":{"type":"MultiLineString","coordinates":[[[761421.39999997,6824580.90000312],[761422.99999997,6824575.00000312],[761434.69999997,6824559.60000312],[761451.49999997,6824546.50000312],[761458.19999997,6824544.00000312],[761464.19999997,6824543.20000312],[761472.59999997,6824544.10000312],[761485.69999997,6824547.00000312],[761498.29999997,6824547.70000312],[761513.79999997,6824544.20000312],[761525.89999997,6824537.30000312],[761537.79999997,6824527.00000312],[761550.29999997,6824518.90000312],[761567.49999997,6824518.00000312],[761582.49999997,6824519.20000312],[761595.69999997,6824516.10000312],[761614.29999997,6824499.10000312],[761613.69999997,6824498.50000312]]]},"geometry_name":"geom","properties":{"cleabs":null,"dep":"010","type":"I-D","bcae":"1","origine1":"BDTOPO","origine2":null,"millesim":"2026","comment":null,"layer":"BCAE_lineaire","path":"D:\\BCAE/2026/resultats/diffusion_France/086/BCAE_lineaire.shp","f_table_catalog":null,"f_table_schema":null,"f_table_name":null,"f_geometry_column":null,"stylename":null,"styleqml":null,"stylesld":null,"useasdefault":null,"description":null,"owner":null,"ui":null,"update_time":null}},{"type":"Feature","id":"bcae_cours_eau.178152","geometry":{"type":"MultiLineString","coordinates":[[[760388.99999997,6824249.10000312],[760356.49999997,6824258.00000312],[760333.19999997,6824265.80000312],[760308.29999997,6824272.70000312],[760286.49999997,6824282.00000312],[760272.79999997,6824287.20000312],[760258.29999997,6824297.30000312],[760247.69999997,6824303.50000312],[760236.29999997,6824308.50000312],[760227.79999997,6824315.50000312],[760209.39999997,6824322.40000312],[760204.29999997,6824325.20000312],[760196.89999997,6824330.50000312],[760189.59999997,6824337.00000312],[760186.09999997,6824341.40000312],[760171.99999997,6824362.10000312],[760164.39999997,6824381.80000312],[760164.19999997,6824385.50000312],[760161.49999997,6824394.40000312],[760159.39999997,6824404.80000312],[760152.79999997,6824427.30000312],[760146.49999997,6824451.40000312],[760136.69999997,6824477.00000312],[760127.19999997,6824512.80000312],[760123.59999997,6824522.40000312],[760119.89999997,6824529.40000312],[760106.39999997,6824546.20000312],[760101.69999997,6824553.90000312],[760093.89999997,6824569.10000312],[760083.39999997,6824585.70000312],[760076.49999997,6824595.50000312]]]},"geometry_name":"geom","properties":{"cleabs":null,"dep":"010","type":"I-D","bcae":"1","origine1":"BDTOPO","origine2":null,"millesim":"2026","comment":null,"layer":"BCAE_lineaire","path":"D:\\BCAE/2026/resultats/diffusion_France/086/BCAE_lineaire.shp","f_table_catalog":null,"f_table_schema":null,"f_table_name":null,"f_geometry_column":null,"stylename":null,"styleqml":null,"stylesld":null,"useasdefault":null,"description":null,"owner":null,"ui":null,"update_time":null}},{"type":"Feature","id":"bcae_cours_eau.178153","geometry":{"type":"MultiLineString","coordinates":[[[760954.99999997,6824208.10000312],[760938.79999997,6824216.20000312],[760914.69999997,6824230.90000312],[760877.09999997,6824251.60000312],[760849.09999997,6824265.50000312],[760813.89999997,6824285.00000312],[760794.49999997,6824294.80000312],[760763.79999997,6824313.60000312],[760713.19999997,6824346.30000312],[760705.69999997,6824352.80000312],[760702.09999997,6824357.40000312],[760700.69999997,6824362.40000312],[760700.29999997,6824383.90000312],[760700.09999997,6824395.80000312],[760697.19999997,6824402.20000312],[760689.99999997,6824409.00000312],[760663.89999997,6824431.50000312],[760655.89999997,6824435.30000312],[760640.69999997,6824446.00000312],[760635.59999997,6824450.80000312],[760627.89999997,6824462.20000312],[760623.59999997,6824466.70000312],[760617.59999997,6824471.10000312],[760605.89999997,6824477.90000312],[760598.59999997,6824481.40000312],[760592.19999997,6824486.30000312],[760589.89999997,6824493.20000312],[760587.79999997,6824504.60000312],[760579.29999997,6824514.30000312],[760562.49999997,6824517.40000312],[760547.49999997,6824523.00000312],[760536.59999997,6824531.90000312],[760531.79999997,6824538.10000312],[760526.59999997,6824555.40000312],[760522.39999997,6824561.20000312],[760515.89999997,6824567.20000312],[760508.79999997,6824571.30000312],[760500.29999997,6824574.80000312],[760491.19999997,6824576.80000312],[760483.19999997,6824577.90000312],[760465.69999997,6824577.30000312],[760461.89999997,6824574.50000312],[760458.09999997,6824569.80000312],[760452.99999997,6824566.60000312],[760444.59999997,6824559.90000312],[760438.09999997,6824554.90000312],[760430.99999997,6824553.70000312],[760423.39999997,6824554.70000312],[760417.69999997,6824557.50000312],[760412.29999997,6824561.50000312],[760402.19999997,6824569.50000312],[760390.29999997,6824580.20000312],[760350.89999997,6824601.20000312],[760318.39999997,6824628.50000312],[760303.39999997,6824651.40000312],[760297.99999997,6824655.90000312],[760290.79999997,6824659.10000312],[760282.19999997,6824659.20000312],[760270.79999997,6824660.90000312],[760262.99999997,6824662.70000312]]]},"geometry_name":"geom","properties":{"cleabs":null,"dep":"010","type":"I-D","bcae":"1","origine1":"AUTRES","origine2":null,"millesim":"2026","comment":"Photogrammétrie","layer":"BCAE_lineaire","path":"D:\\BCAE/2026/resultats/diffusion_France/086/BCAE_lineaire.shp","f_table_catalog":null,"f_table_schema":null,"f_table_name":null,"f_geometry_column":null,"stylename":null,"styleqml":null,"stylesld":null,"useasdefault":null,"description":null,"owner":null,"ui":null,"update_time":null}},{"type":"Feature","id":"bcae_cours_eau.178154","geometry":{"type":"MultiLineString","coordinates":[[[762565.19999997,6823475.20000313],[762556.69999997,6823489.30000313],[762544.99999997,6823504.10000313],[762542.19999997,6823506.30000313],[762529.39999997,6823516.90000313],[762514.39999997,6823527.50000313],[762475.99999997,6823549.00000313],[762455.89999997,6823561.00000313],[762441.19999997,6823570.50000313],[762425.89999997,6823581.70000313],[762408.59999997,6823592.10000313],[762370.39999997,6823612.00000313],[762352.89999997,6823622.90000313],[762337.39999997,6823636.00000313],[762322.99999997,6823651.30000313],[762308.89999997,6823661.40000313],[762290.99999997,6823668.10000313],[762274.09999997,6823670.00000313],[762254.79999997,6823666.20000312],[762237.89999997,6823656.70000313],[762223.59999997,6823646.30000313],[762214.39999997,6823641.20000313],[762210.09999997,6823639.00000313],[762194.79999997,6823636.50000313],[762175.19999997,6823634.60000313],[762154.09999997,6823634.50000312],[762132.89999997,6823629.00000313],[762124.79999997,6823628.00000313],[762111.69999997,6823626.50000313],[762089.19999997,6823628.30000313],[762069.79999997,6823631.20000312],[762048.79999997,6823638.20000313],[762018.39999997,6823651.10000313],[762009.49999997,6823643.30000313],[762004.69999997,6823628.90000313],[761995.29999997,6823609.20000313],[761983.19999997,6823592.10000313],[761970.09999997,6823578.50000313],[761947.79999997,6823563.80000313],[761939.49999997,6823559.20000313],[761928.09999997,6823552.60000313],[761882.79999997,6823530.10000313],[761868.79999997,6823522.20000313],[761867.39999997,6823522.80000313],[761859.29999997,6823527.00000313],[761855.99999997,6823528.70000312],[761834.69999997,6823543.50000313],[761819.49999997,6823554.60000313],[761802.19999997,6823568.80000313],[761785.99999997,6823586.00000313],[761739.49999997,6823628.50000313],[761721.99999997,6823651.00000313],[761717.29999997,6823657.10000313],[761701.29999997,6823670.20000312],[761682.69999997,6823681.70000313],[761659.09999997,6823694.30000313],[761637.59999997,6823706.10000313],[761619.39999997,6823713.80000313],[761576.99999997,6823721.30000313],[761568.29999997,6823723.70000312],[761555.19999997,6823727.40000313],[761533.89999997,6823736.70000313],[761513.99999997,6823746.60000313],[761490.89999997,6823759.30000312],[761485.59999997,6823762.90000313],[761476.19999997,6823769.20000313],[761461.19999997,6823771.40000313],[761449.99999997,6823763.60000313],[761433.09999997,6823755.00000313],[761417.09999997,6823744.50000313],[761406.29999997,6823729.80000313],[761397.79999997,6823713.30000313],[761383.59999997,6823700.00000312],[761365.19999997,6823693.00000313],[761346.69999997,6823689.20000313],[761326.99999997,6823672.70000313],[761317.19999997,6823662.60000313],[761285.49999997,6823629.20000313],[761254.89999997,6823595.30000313],[761232.79999997,6823580.10000313],[761229.09999997,6823577.20000313]]]},"geometry_name":"geom","properties":{"cleabs":null,"dep":"010","type":"I-D","bcae":"1","origine1":"BDTOPO","origine2":null,"millesim":"2026","comment":null,"layer":"BCAE_lineaire","path":"D:\\BCAE/2026/resultats/diffusion_France/086/BCAE_lineaire.shp","f_table_catalog":null,"f_table_schema":null,"f_table_name":null,"f_geometry_column":null,"stylename":null,"styleqml":null,"stylesld":null,"useasdefault":null,"description":null,"owner":null,"ui":null,"update_time":null}},{"type":"Feature","id":"bcae_cours_eau.178223","geometry":{"type":"MultiLineString","coordinates":[[[756053.99999997,6826052.70000311],[756050.99999997,6826051.20000311],[756040.09999997,6826048.70000311],[756029.39999997,6826053.00000311],[756015.79999997,6826073.80000311],[756007.49999997,6826080.80000311],[755995.89999997,6826089.2000031],[755986.29999997,6826091.2000031],[755976.09999997,6826086.3000031],[755967.19999997,6826075.8000031],[755961.29999997,6826064.90000311],[755953.29999997,6826056.30000311],[755939.79999997,6826052.5000031],[755915.89999997,6826053.80000311],[755906.89999997,6826049.0000031],[755897.09999997,6826029.50000311],[755888.49999997,6826025.90000311],[755876.99999997,6826029.60000311],[755866.59999997,6826036.40000311],[755852.59999997,6826055.0000031],[755833.09999997,6826065.3000031],[755826.99999997,6826074.1000031],[755818.19999997,6826090.1000031],[755815.69999997,6826094.40000311],[755806.29999997,6826102.2000031],[755793.59999997,6826109.10000311],[755785.89999997,6826112.40000311],[755779.19999997,6826112.3000031],[755774.09999997,6826112.4000031],[755763.59999997,6826116.10000311],[755755.29999997,6826124.8000031],[755751.59999997,6826134.50000311],[755750.49999997,6826145.0000031],[755746.09999997,6826156.6000031],[755738.09999997,6826166.7000031],[755735.59999997,6826168.5000031],[755717.29999997,6826181.20000311]]]},"geometry_name":"geom","properties":{"cleabs":null,"dep":"010","type":"I-D","bcae":"1","origine1":"BDTOPO","origine2":null,"millesim":"2026","comment":null,"layer":"BCAE_lineaire","path":"D:\\BCAE/2026/resultats/diffusion_France/086/BCAE_lineaire.shp","f_table_catalog":null,"f_table_schema":null,"f_table_name":null,"f_geometry_column":null,"stylename":null,"styleqml":null,"stylesld":null,"useasdefault":null,"description":null,"owner":null,"ui":null,"update_time":null}},{"type":"Feature","id":"bcae_cours_eau.178224","geometry":{"type":"MultiLineString","coordinates":[[[755717.29999997,6826181.20000311],[755694.59999997,6826193.80000311],[755685.19999997,6826197.80000311],[755672.79999997,6826199.60000311],[755667.69999997,6826199.6000031],[755666.39999997,6826199.6000031],[755660.79999997,6826199.7000031],[755650.79999997,6826195.8000031],[755632.49999997,6826185.6000031],[755605.59999997,6826168.90000311],[755592.99999997,6826166.60000311],[755581.69999997,6826168.20000311],[755569.99999997,6826174.5000031],[755560.99999997,6826183.0000031],[755558.69999997,6826186.8000031],[755555.59999997,6826191.6000031],[755497.49999997,6826202.0000031],[755484.59999997,6826203.30000311],[755480.09999997,6826202.3000031],[755472.89999997,6826187.2000031],[755468.19999997,6826183.8000031],[755461.29999997,6826186.2000031],[755432.69999997,6826194.00000311],[755393.39999997,6826204.3000031],[755373.29999997,6826209.40000311],[755351.69999997,6826213.80000311],[755343.39999997,6826214.8000031],[755305.29999997,6826219.20000311],[755285.89999997,6826222.40000311],[755275.09999997,6826221.8000031],[755276.09999997,6826209.8000031],[755269.59999997,6826193.0000031],[755264.69999997,6826177.5000031],[755250.59999997,6826143.5000031],[755246.29999997,6826134.5000031],[755245.29999997,6826132.3000031],[755235.69999997,6826122.8000031],[755217.49999997,6826113.3000031]]]},"geometry_name":"geom","properties":{"cleabs":null,"dep":"010","type":"I-D","bcae":"1","origine1":"BDTOPO","origine2":null,"millesim":"2026","comment":null,"layer":"BCAE_lineaire","path":"D:\\BCAE/2026/resultats/diffusion_France/086/BCAE_lineaire.shp","f_table_catalog":null,"f_table_schema":null,"f_table_name":null,"f_geometry_column":null,"stylename":null,"styleqml":null,"stylesld":null,"useasdefault":null,"description":null,"owner":null,"ui":null,"update_time":null}},{"type":"Feature","id":"bcae_cours_eau.178226","geometry":{"type":"MultiLineString","coordinates":[[[756183.09999997,6825068.10000312],[756344.49999997,6824993.70000312],[756294.49999997,6824845.40000312]]]},"geometry_name":"geom","properties":{"cleabs":null,"dep":"010","type":"I-D","bcae":"1","origine1":"BDTOPO","origine2":null,"millesim":"2026","comment":null,"layer":"BCAE_lineaire","path":"D:\\BCAE/2026/resultats/diffusion_France/086/BCAE_lineaire.shp","f_table_catalog":null,"f_table_schema":null,"f_table_name":null,"f_geometry_column":null,"stylename":null,"styleqml":null,"stylesld":null,"useasdefault":null,"description":null,"owner":null,"ui":null,"update_time":null}},{"type":"Feature","id":"bcae_cours_eau.178227","geometry":{"type":"MultiLineString","coordinates":[[[758122.39999997,6824810.80000312],[758108.49999997,6824831.30000312],[758106.89999997,6824832.60000312],[758098.39999997,6824839.40000312],[758089.79999997,6824849.20000312],[758084.09999997,6824862.20000312]]]},"geometry_name":"geom","properties":{"cleabs":null,"dep":"010","type":"I-D","bcae":"1","origine1":"BDTOPO","origine2":null,"millesim":"2026","comment":null,"layer":"BCAE_lineaire","path":"D:\\BCAE/2026/resultats/diffusion_France/086/BCAE_lineaire.shp","f_table_catalog":null,"f_table_schema":null,"f_table_name":null,"f_geometry_column":null,"stylename":null,"styleqml":null,"stylesld":null,"useasdefault":null,"description":null,"owner":null,"ui":null,"update_time":null}},{"type":"Feature","id":"bcae_cours_eau.178228","geometry":{"type":"MultiLineString","coordinates":[[[758904.99999997,6825601.30000311],[758895.39999997,6825607.20000311],[758904.09999997,6825616.60000311],[758932.29999997,6825652.60000311],[758942.89999997,6825669.50000311],[758949.59999997,6825685.60000311],[758948.09999997,6825703.00000311],[758943.09999997,6825715.90000311],[758934.59999997,6825726.20000311],[758927.59999997,6825727.60000311]]]},"geometry_name":"geom","properties":{"cleabs":null,"dep":"010","type":"I-D","bcae":"1","origine1":"BDTOPO","origine2":null,"millesim":"2026","comment":null,"layer":"BCAE_lineaire","path":"D:\\BCAE/2026/resultats/diffusion_France/086/BCAE_lineaire.shp","f_table_catalog":null,"f_table_schema":null,"f_table_name":null,"f_geometry_column":null,"stylename":null,"styleqml":null,"stylesld":null,"useasdefault":null,"description":null,"owner":null,"ui":null,"update_time":null}},{"type":"Feature","id":"bcae_cours_eau.178229","geometry":{"type":"MultiLineString","coordinates":[[[756196.49999997,6825903.6000031],[756193.59999997,6825914.70000311],[756193.09999997,6825927.80000311],[756196.19999997,6825938.20000311],[756201.79999997,6825948.40000311],[756207.79999997,6825956.90000311],[756210.09999997,6825965.00000311],[756202.09999997,6825969.60000311],[756187.89999997,6825968.00000311]]]},"geometry_name":"geom","properties":{"cleabs":null,"dep":"010","type":"I-D","bcae":"1","origine1":"BDTOPO","origine2":null,"millesim":"2026","comment":null,"layer":"BCAE_lineaire","path":"D:\\BCAE/2026/resultats/diffusion_France/086/BCAE_lineaire.shp","f_table_catalog":null,"f_table_schema":null,"f_table_name":null,"f_geometry_column":null,"stylename":null,"styleqml":null,"stylesld":null,"useasdefault":null,"description":null,"owner":null,"ui":null,"update_time":null}},{"type":"Feature","id":"bcae_cours_eau.178230","geometry":{"type":"MultiLineString","coordinates":[[[756155.09999997,6825988.6000031],[756152.69999997,6825993.50000311],[756142.59999997,6825997.50000311],[756125.19999997,6826003.40000311],[756123.09999997,6826004.2000031],[756117.69999997,6826008.00000311]]]},"geometry_name":"geom","properties":{"cleabs":null,"dep":"010","type":"I-D","bcae":"1","origine1":"BDTOPO","origine2":null,"millesim":"2026","comment":null,"layer":"BCAE_lineaire","path":"D:\\BCAE/2026/resultats/diffusion_France/086/BCAE_lineaire.shp","f_table_catalog":null,"f_table_schema":null,"f_table_name":null,"f_geometry_column":null,"stylename":null,"styleqml":null,"stylesld":null,"useasdefault":null,"description":null,"owner":null,"ui":null,"update_time":null}},{"type":"Feature","id":"bcae_cours_eau.178231","geometry":{"type":"MultiLineString","coordinates":[[[756348.69999997,6825632.20000311],[756346.29999997,6825622.10000311]]]},"geometry_name":"geom","properties":{"cleabs":null,"dep":"010","type":"I-D","bcae":"1","origine1":"AUTRES","origine2":null,"millesim":"2026","comment":"Photogrammétrie","layer":"BCAE_lineaire","path":"D:\\BCAE/2026/resultats/diffusion_France/086/BCAE_lineaire.shp","f_table_catalog":null,"f_table_schema":null,"f_table_name":null,"f_geometry_column":null,"stylename":null,"styleqml":null,"stylesld":null,"useasdefault":null,"description":null,"owner":null,"ui":null,"update_time":null}},{"type":"Feature","id":"bcae_cours_eau.178232","geometry":{"type":"MultiLineString","coordinates":[[[758084.09999997,6824862.20000312],[758082.89999997,6824869.90000312]]]},"geometry_name":"geom","properties":{"cleabs":null,"dep":"010","type":"I-D","bcae":"1","origine1":"AUTRES","origine2":null,"millesim":"2026","comment":"Calculé","layer":"BCAE_lineaire","path":"D:\\BCAE/2026/resultats/diffusion_France/086/BCAE_lineaire.shp","f_table_catalog":null,"f_table_schema":null,"f_table_name":null,"f_geometry_column":null,"stylename":null,"styleqml":null,"stylesld":null,"useasdefault":null,"description":null,"owner":null,"ui":null,"update_time":null}},{"type":"Feature","id":"bcae_cours_eau.178233","geometry":{"type":"MultiLineString","coordinates":[[[756053.99999997,6826052.70000311],[756066.19999997,6826043.8000031],[756080.79999997,6826027.7000031],[756088.19999997,6826016.30000311],[756095.79999997,6826004.90000311],[756103.69999997,6826003.30000311],[756105.19999997,6826003.90000311],[756111.89999997,6826006.60000311],[756117.69999997,6826008.00000311]]]},"geometry_name":"geom","properties":{"cleabs":null,"dep":"010","type":"I-D","bcae":"1","origine1":"SCAN25","origine2":null,"millesim":"2026","comment":null,"layer":"BCAE_lineaire","path":"D:\\BCAE/2026/resultats/diffusion_France/086/BCAE_lineaire.shp","f_table_catalog":null,"f_table_schema":null,"f_table_name":null,"f_geometry_column":null,"stylename":null,"styleqml":null,"stylesld":null,"useasdefault":null,"description":null,"owner":null,"ui":null,"update_time":null}},{"type":"Feature","id":"bcae_cours_eau.178234","geometry":{"type":"MultiLineString","coordinates":[[[756164.39999997,6825932.20000311],[756172.19999997,6825940.10000311],[756179.39999997,6825949.90000311],[756181.09999997,6825952.10000311],[756187.89999997,6825968.00000311]]]},"geometry_name":"geom","properties":{"cleabs":null,"dep":"010","type":"I-D","bcae":"1","origine1":"SCAN25","origine2":null,"millesim":"2026","comment":null,"layer":"BCAE_lineaire","path":"D:\\BCAE/2026/resultats/diffusion_France/086/BCAE_lineaire.shp","f_table_catalog":null,"f_table_schema":null,"f_table_name":null,"f_geometry_column":null,"stylename":null,"styleqml":null,"stylesld":null,"useasdefault":null,"description":null,"owner":null,"ui":null,"update_time":null}},{"type":"Feature","id":"bcae_cours_eau.178235","geometry":{"type":"MultiLineString","coordinates":[[[757337.69999997,6825098.10000311],[757334.99999997,6825095.80000312],[757322.29999997,6825090.80000311],[757293.79999997,6825095.10000312],[757278.29999997,6825098.60000311],[757266.39999997,6825102.50000312],[757251.09999997,6825106.40000312],[757235.79999997,6825103.80000311],[757223.29999997,6825095.30000312],[757191.69999997,6825066.60000311],[757181.19999997,6825058.70000311],[757170.19999997,6825052.00000311],[757157.49999997,6825046.00000311],[757144.89999997,6825041.60000311],[757133.19999997,6825039.90000311],[757127.29999997,6825041.40000312],[757120.59999997,6825043.00000311],[757109.99999997,6825044.40000311],[757100.19999997,6825041.80000312],[757095.59999997,6825032.90000311],[757094.79999997,6825020.50000311],[757104.29999997,6825001.50000311],[757097.99999997,6824989.70000312],[757088.69999997,6824981.10000311],[757076.89999997,6824974.90000312],[757067.39999997,6824967.20000312],[757058.79999997,6824957.00000312]]]},"geometry_name":"geom","properties":{"cleabs":null,"dep":"010","type":"I-D","bcae":"1","origine1":"BDTOPO","origine2":null,"millesim":"2026","comment":null,"layer":"BCAE_lineaire","path":"D:\\BCAE/2026/resultats/diffusion_France/086/BCAE_lineaire.shp","f_table_catalog":null,"f_table_schema":null,"f_table_name":null,"f_geometry_column":null,"stylename":null,"styleqml":null,"stylesld":null,"useasdefault":null,"description":null,"owner":null,"ui":null,"update_time":null}},{"type":"Feature","id":"bcae_cours_eau.178236","geometry":{"type":"MultiLineString","coordinates":[[[757058.79999997,6824957.00000312],[757045.19999997,6824937.50000311],[757027.49999997,6824920.50000312],[757019.19999997,6824914.20000312],[757008.79999997,6824913.70000311],[756995.69999997,6824921.50000311],[756982.39999997,6824927.50000311],[756968.19999997,6824931.90000311],[756960.79999997,6824933.20000311],[756955.09999997,6824934.30000312],[756941.89999997,6824934.20000312],[756927.89999997,6824933.70000312],[756906.79999997,6824931.50000311],[756894.09999997,6824929.00000312],[756872.09999997,6824920.70000312],[756836.89999997,6824906.10000312],[756823.99999997,6824898.90000312],[756813.49999997,6824888.40000312],[756788.59999997,6824856.60000311],[756769.99999997,6824835.30000312],[756759.59999997,6824827.90000312],[756744.99999997,6824824.00000312],[756707.29999997,6824820.30000311]]]},"geometry_name":"geom","properties":{"cleabs":null,"dep":"010","type":"I-D","bcae":"1","origine1":"BDTOPO","origine2":null,"millesim":"2026","comment":null,"layer":"BCAE_lineaire","path":"D:\\BCAE/2026/resultats/diffusion_France/086/BCAE_lineaire.shp","f_table_catalog":null,"f_table_schema":null,"f_table_name":null,"f_geometry_column":null,"stylename":null,"styleqml":null,"stylesld":null,"useasdefault":null,"description":null,"owner":null,"ui":null,"update_time":null}},{"type":"Feature","id":"bcae_cours_eau.178237","geometry":{"type":"MultiLineString","coordinates":[[[756707.29999997,6824820.30000311],[756666.99999997,6824814.40000312],[756625.09999997,6824813.30000311],[756588.49999997,6824813.80000312],[756551.39999997,6824816.60000311],[756534.39999997,6824818.40000312],[756505.89999997,6824822.40000311],[756477.29999997,6824824.40000312],[756470.59999997,6824830.50000312],[756466.79999997,6824842.40000311],[756459.69999997,6824850.70000312],[756459.09999997,6824851.40000311],[756440.89999997,6824853.90000312],[756422.59999997,6824853.40000311],[756400.89999997,6824853.80000311],[756364.79999997,6824862.10000312],[756347.29999997,6824863.60000311],[756330.09999997,6824861.80000312],[756312.79999997,6824855.70000311],[756294.49999997,6824845.40000312]]]},"geometry_name":"geom","properties":{"cleabs":null,"dep":"010","type":"I-D","bcae":"1","origine1":"BDTOPO","origine2":null,"millesim":"2026","comment":null,"layer":"BCAE_lineaire","path":"D:\\BCAE/2026/resultats/diffusion_France/086/BCAE_lineaire.shp","f_table_catalog":null,"f_table_schema":null,"f_table_name":null,"f_geometry_column":null,"stylename":null,"styleqml":null,"stylesld":null,"useasdefault":null,"description":null,"owner":null,"ui":null,"update_time":null}},{"type":"Feature","id":"bcae_cours_eau.178238","geometry":{"type":"MultiLineString","coordinates":[[[759145.49999997,6825224.60000311],[759141.09999997,6825200.80000311],[759134.89999997,6825181.50000312],[759131.29999997,6825159.50000311],[759110.59999997,6825141.90000311],[759091.39999997,6825132.10000311],[759085.29999997,6825127.80000311]]]},"geometry_name":"geom","properties":{"cleabs":null,"dep":"010","type":"I-D","bcae":"1","origine1":"BDTOPO","origine2":null,"millesim":"2026","comment":null,"layer":"BCAE_lineaire","path":"D:\\BCAE/2026/resultats/diffusion_France/086/BCAE_lineaire.shp","f_table_catalog":null,"f_table_schema":null,"f_table_name":null,"f_geometry_column":null,"stylename":null,"styleqml":null,"stylesld":null,"useasdefault":null,"description":null,"owner":null,"ui":null,"update_time":null}},{"type":"Feature","id":"bcae_cours_eau.178239","geometry":{"type":"MultiLineString","coordinates":[[[759192.59999997,6825323.40000311],[759190.79999997,6825322.50000311],[759174.49999997,6825319.60000311],[759165.29999997,6825314.90000311],[759151.19999997,6825278.00000311],[759145.49999997,6825224.60000311]]]},"geometry_name":"geom","properties":{"cleabs":null,"dep":"010","type":"I-D","bcae":"1","origine1":"BDTOPO","origine2":null,"millesim":"2026","comment":null,"layer":"BCAE_lineaire","path":"D:\\BCAE/2026/resultats/diffusion_France/086/BCAE_lineaire.shp","f_table_catalog":null,"f_table_schema":null,"f_table_name":null,"f_geometry_column":null,"stylename":null,"styleqml":null,"stylesld":null,"useasdefault":null,"description":null,"owner":null,"ui":null,"update_time":null}},{"type":"Feature","id":"bcae_cours_eau.178240","geometry":{"type":"MultiLineString","coordinates":[[[758917.09999997,6825053.20000312],[758921.09999997,6825066.20000312]]]},"geometry_name":"geom","properties":{"cleabs":null,"dep":"010","type":"I-D","bcae":"1","origine1":"AUTRES","origine2":null,"millesim":"2026","comment":"Calculé","layer":"BCAE_lineaire","path":"D:\\BCAE/2026/resultats/diffusion_France/086/BCAE_lineaire.shp","f_table_catalog":null,"f_table_schema":null,"f_table_name":null,"f_geometry_column":null,"stylename":null,"styleqml":null,"stylesld":null,"useasdefault":null,"description":null,"owner":null,"ui":null,"update_time":null}},{"type":"Feature","id":"bcae_cours_eau.178241","geometry":{"type":"MultiLineString","coordinates":[[[757040.99999997,6825655.40000311],[757023.89999997,6825654.80000311]]]},"geometry_name":"geom","properties":{"cleabs":null,"dep":"010","type":"I-D","bcae":"1","origine1":"AUTRES","origine2":null,"millesim":"2026","comment":"Calculé","layer":"BCAE_lineaire","path":"D:\\BCAE/2026/resultats/diffusion_France/086/BCAE_lineaire.shp","f_table_catalog":null,"f_table_schema":null,"f_table_name":null,"f_geometry_column":null,"stylename":null,"styleqml":null,"stylesld":null,"useasdefault":null,"description":null,"owner":null,"ui":null,"update_time":null}},{"type":"Feature","id":"bcae_cours_eau.180845","geometry":{"type":"MultiLineString","coordinates":[[[756160.99999997,6825493.60000311],[756151.19999997,6825488.00000311],[756125.29999997,6825473.10000311],[756115.19999997,6825465.60000311],[756108.59999997,6825456.90000311],[756090.79999997,6825428.00000311],[756059.19999997,6825382.30000311],[756031.39999997,6825352.20000311],[756017.79999997,6825341.60000311],[756011.59999997,6825339.90000312],[755999.39999997,6825340.10000311],[755989.19999997,6825343.00000311],[755979.49999997,6825349.50000311],[755969.59999997,6825360.70000311],[755951.69999997,6825382.30000311],[755929.09999997,6825400.20000311],[755913.79999997,6825410.80000312],[755902.79999997,6825415.40000311],[755890.79999997,6825415.70000311],[755882.09999997,6825412.60000311],[755868.89999997,6825402.40000311],[755856.39999997,6825399.10000311],[755845.79999997,6825399.90000311],[755822.99999997,6825405.30000311],[755783.99999997,6825417.80000311],[755770.99999997,6825420.20000311],[755763.19999997,6825420.00000311],[755759.49999997,6825418.80000311],[755756.39999997,6825415.10000311],[755753.79999997,6825407.90000311],[755749.19999997,6825395.80000311],[755741.09999997,6825383.80000311],[755727.79999997,6825369.20000311],[755712.59999997,6825358.30000311],[755704.79999997,6825349.70000311],[755699.09999997,6825338.00000311],[755696.59999997,6825324.60000311],[755692.79999997,6825316.60000311],[755685.29999997,6825306.40000311],[755657.79999997,6825282.30000311],[755639.29999997,6825269.00000311],[755623.69999997,6825260.20000311],[755618.29999997,6825253.70000311],[755613.39999997,6825243.60000311],[755605.49999997,6825223.10000311],[755595.79999997,6825211.50000311],[755584.79999997,6825202.80000311],[755575.19999997,6825196.00000311],[755568.09999997,6825184.50000311],[755560.19999997,6825168.10000311],[755552.99999997,6825159.40000312],[755547.99999997,6825158.10000311],[755537.79999997,6825157.50000311],[755526.19999997,6825158.30000311],[755521.49999997,6825157.40000311],[755518.99999997,6825155.40000311],[755504.99999997,6825140.00000311],[755500.29999997,6825126.80000311],[755496.79999997,6825111.40000311],[755490.39999997,6825098.30000311],[755479.59999997,6825087.20000311],[755467.89999997,6825075.00000311],[755461.89999997,6825063.10000311],[755460.99999997,6825054.30000311],[755458.99999997,6825046.70000311],[755451.79999997,6825037.50000311],[755435.49999997,6825024.00000312],[755427.49999997,6825018.90000311],[755418.19999997,6825011.80000311],[755411.89999997,6825001.50000311],[755407.49999997,6824996.90000311],[755394.59999997,6824984.40000311],[755386.69999997,6824975.70000312],[755378.19999997,6824969.60000312],[755375.39999997,6824964.00000312],[755374.19999997,6824956.20000311],[755373.99999997,6824930.10000311],[755375.89999997,6824898.90000311],[755381.59999997,6824881.70000312],[755389.29999997,6824873.90000312],[755401.49999997,6824869.90000311],[755416.79999997,6824866.50000312],[755425.49999997,6824862.90000312],[755432.79999997,6824857.70000312],[755435.79999997,6824853.60000312],[755435.89999997,6824848.30000312],[755432.19999997,6824839.20000312],[755425.39999997,6824813.50000311],[755425.79999997,6824806.30000312],[755430.49999997,6824791.90000312],[755448.79999997,6824750.20000311],[755453.69999997,6824737.30000312],[755455.29999997,6824726.10000312],[755454.99999997,6824719.20000312],[755450.79999997,6824712.30000311],[755440.49999997,6824705.20000312],[755378.39999997,6824677.60000312],[755367.39999997,6824673.00000311],[755362.59999997,6824671.50000312],[755356.99999997,6824671.70000312],[755345.59999997,6824674.10000312],[755338.59999997,6824674.20000312],[755320.99999997,6824672.80000312],[755295.69999997,6824667.40000312],[755268.59999997,6824657.40000312],[755236.29999997,6824654.40000312],[755218.19999997,6824652.00000312],[755205.19999997,6824648.70000312],[755195.89999997,6824645.80000312],[755180.69999997,6824645.00000311],[755167.09999997,6824647.60000312],[755150.79999997,6824652.30000312],[755142.89999997,6824653.60000311],[755140.39999997,6824653.40000312],[755137.19999997,6824651.30000312],[755136.09999997,6824649.50000312],[755133.59999997,6824643.20000312],[755128.09999997,6824627.90000312],[755124.79999997,6824624.90000311],[755120.99999997,6824623.60000312],[755112.49999997,6824623.50000312],[755105.49999997,6824625.50000312],[755099.59999997,6824632.30000312],[755086.59999997,6824650.40000312],[755076.49999997,6824658.10000312],[755067.69999997,6824659.10000312],[755053.79999997,6824656.70000312],[755036.39999997,6824649.20000312],[755019.69999997,6824639.80000312],[755012.59999997,6824637.80000312],[755007.79999997,6824639.10000312],[754990.49999997,6824646.00000312],[754981.99999997,6824647.70000312],[754976.19999997,6824645.90000312],[754970.49999997,6824640.80000312],[754967.79999997,6824635.60000312],[754969.29999997,6824621.30000311],[754973.19999997,6824613.20000312],[754976.69999997,6824605.30000312],[754976.49999997,6824596.80000312],[754973.59999997,6824590.50000312],[754967.69999997,6824582.10000312],[754957.09999997,6824578.30000312],[754929.89999997,6824576.20000312],[754895.69999997,6824571.30000312],[754865.69999997,6824565.70000312],[754850.79999997,6824560.30000312],[754839.29999997,6824551.30000312],[754829.99999997,6824541.30000312],[754826.99999997,6824534.20000312],[754821.69999997,6824529.60000312],[754810.99999997,6824527.30000312],[754777.69999997,6824521.10000312],[754753.39999997,6824511.80000312],[754725.29999997,6824501.70000312],[754689.69999997,6824492.40000312],[754648.89999997,6824471.70000312]]]},"geometry_name":"geom","properties":{"cleabs":null,"dep":"010","type":"I-D","bcae":"1","origine1":"AUTRES","origine2":null,"millesim":"2026","comment":"Photogrammétrie","layer":"BCAE_lineaire","path":"D:\\BCAE/2026/resultats/diffusion_France/086/BCAE_lineaire.shp","f_table_catalog":null,"f_table_schema":null,"f_table_name":null,"f_geometry_column":null,"stylename":null,"styleqml":null,"stylesld":null,"useasdefault":null,"description":null,"owner":null,"ui":null,"update_time":null}},{"type":"Feature","id":"bcae_cours_eau.180846","geometry":{"type":"MultiLineString","coordinates":[[[756220.09999997,6825548.00000311],[756218.49999997,6825539.80000311],[756208.59999997,6825524.50000311],[756160.99999997,6825493.60000311]]]},"geometry_name":"geom","properties":{"cleabs":null,"dep":"010","type":"I-D","bcae":"1","origine1":"AUTRES","origine2":null,"millesim":"2026","comment":"Photogrammétrie","layer":"BCAE_lineaire","path":"D:\\BCAE/2026/resultats/diffusion_France/086/BCAE_lineaire.shp","f_table_catalog":null,"f_table_schema":null,"f_table_name":null,"f_geometry_column":null,"stylename":null,"styleqml":null,"stylesld":null,"useasdefault":null,"description":null,"owner":null,"ui":null,"update_time":null}},{"type":"Feature","id":"bcae_cours_eau.181566","geometry":{"type":"MultiLineString","coordinates":[[[756220.09999997,6825548.00000311],[756189.79999997,6825547.90000311]]]},"geometry_name":"geom","properties":{"cleabs":null,"dep":"010","type":"I-D","bcae":"1","origine1":"AUTRES","origine2":null,"millesim":"2026","comment":"Photogrammétrie","layer":"BCAE_lineaire","path":"D:\\BCAE/2026/resultats/diffusion_France/086/BCAE_lineaire.shp","f_table_catalog":null,"f_table_schema":null,"f_table_name":null,"f_geometry_column":null,"stylename":null,"styleqml":null,"stylesld":null,"useasdefault":null,"description":null,"owner":null,"ui":null,"update_time":null}},{"type":"Feature","id":"bcae_cours_eau.181567","geometry":{"type":"MultiLineString","coordinates":[[[756225.29999997,6825574.20000311],[756192.69999997,6825565.70000311]]]},"geometry_name":"geom","properties":{"cleabs":null,"dep":"010","type":"I-D","bcae":"1","origine1":"AUTRES","origine2":null,"millesim":"2026","comment":"Photogrammétrie","layer":"BCAE_lineaire","path":"D:\\BCAE/2026/resultats/diffusion_France/086/BCAE_lineaire.shp","f_table_catalog":null,"f_table_schema":null,"f_table_name":null,"f_geometry_column":null,"stylename":null,"styleqml":null,"stylesld":null,"useasdefault":null,"description":null,"owner":null,"ui":null,"update_time":null}},{"type":"Feature","id":"bcae_cours_eau.181630","geometry":{"type":"MultiLineString","coordinates":[[[758236.59999997,6825163.60000311],[758228.39999997,6825155.90000311],[758202.29999997,6825143.80000311],[758184.19999997,6825143.10000312],[758129.09999997,6825152.30000311],[758066.19999997,6825149.80000311],[758017.09999997,6825146.30000311],[758003.39999997,6825142.40000312],[757994.49999997,6825137.40000311],[757987.09999997,6825129.90000312],[757975.79999997,6825115.60000311],[757956.29999997,6825090.50000311],[757941.49999997,6825070.80000312],[757929.39999997,6825063.50000311],[757897.89999997,6825057.80000311]]]},"geometry_name":"geom","properties":{"cleabs":null,"dep":"010","type":"I-D","bcae":"1","origine1":"AUTRES","origine2":null,"millesim":"2026","comment":"Photogrammétrie","layer":"BCAE_lineaire","path":"D:\\BCAE/2026/resultats/diffusion_France/086/BCAE_lineaire.shp","f_table_catalog":null,"f_table_schema":null,"f_table_name":null,"f_geometry_column":null,"stylename":null,"styleqml":null,"stylesld":null,"useasdefault":null,"description":null,"owner":null,"ui":null,"update_time":null}},{"type":"Feature","id":"bcae_cours_eau.181631","geometry":{"type":"MultiLineString","coordinates":[[[756189.79999997,6825547.90000311],[756155.99999997,6825553.60000311],[756153.39999997,6825553.70000311]]]},"geometry_name":"geom","properties":{"cleabs":null,"dep":"010","type":"I-D","bcae":"1","origine1":"AUTRES","origine2":null,"millesim":"2026","comment":"Photogrammétrie","layer":"BCAE_lineaire","path":"D:\\BCAE/2026/resultats/diffusion_France/086/BCAE_lineaire.shp","f_table_catalog":null,"f_table_schema":null,"f_table_name":null,"f_geometry_column":null,"stylename":null,"styleqml":null,"stylesld":null,"useasdefault":null,"description":null,"owner":null,"ui":null,"update_time":null}},{"type":"Feature","id":"bcae_cours_eau.181632","geometry":{"type":"MultiLineString","coordinates":[[[756868.89999997,6825613.30000311],[756850.39999997,6825598.70000311],[756836.19999997,6825589.30000311],[756812.59999997,6825581.00000311],[756793.19999997,6825577.30000311],[756769.99999997,6825573.60000311],[756743.69999997,6825572.00000311],[756719.69999997,6825572.90000311],[756670.39999997,6825570.40000311],[756646.29999997,6825568.10000311],[756631.49999997,6825565.00000311],[756614.89999997,6825558.20000311],[756600.59999997,6825552.70000311],[756586.19999997,6825544.30000311],[756577.69999997,6825534.70000311]]]},"geometry_name":"geom","properties":{"cleabs":null,"dep":"010","type":"I-D","bcae":"1","origine1":"AUTRES","origine2":null,"millesim":"2026","comment":"Photogrammétrie","layer":"BCAE_lineaire","path":"D:\\BCAE/2026/resultats/diffusion_France/086/BCAE_lineaire.shp","f_table_catalog":null,"f_table_schema":null,"f_table_name":null,"f_geometry_column":null,"stylename":null,"styleqml":null,"stylesld":null,"useasdefault":null,"description":null,"owner":null,"ui":null,"update_time":null}},{"type":"Feature","id":"bcae_cours_eau.181633","geometry":{"type":"MultiLineString","coordinates":[[[756577.69999997,6825534.70000311],[756572.29999997,6825529.90000311],[756569.49999997,6825525.40000311],[756564.69999997,6825508.50000311],[756563.89999997,6825504.50000311],[756562.69999997,6825499.00000311],[756561.59999997,6825489.80000311],[756559.99999997,6825481.90000311],[756553.49999997,6825475.40000311],[756545.79999997,6825470.70000311],[756535.19999997,6825471.20000311],[756523.39999997,6825473.20000311],[756515.29999997,6825477.60000311],[756500.89999997,6825494.80000311],[756490.29999997,6825513.60000311],[756461.59999997,6825555.00000311],[756420.89999997,6825587.30000311],[756386.09999997,6825611.90000311],[756364.79999997,6825618.90000311],[756346.29999997,6825622.10000311]]]},"geometry_name":"geom","properties":{"cleabs":null,"dep":"010","type":"I-D","bcae":"1","origine1":"AUTRES","origine2":null,"millesim":"2026","comment":"Photogrammétrie","layer":"BCAE_lineaire","path":"D:\\BCAE/2026/resultats/diffusion_France/086/BCAE_lineaire.shp","f_table_catalog":null,"f_table_schema":null,"f_table_name":null,"f_geometry_column":null,"stylename":null,"styleqml":null,"stylesld":null,"useasdefault":null,"description":null,"owner":null,"ui":null,"update_time":null}},{"type":"Feature","id":"bcae_cours_eau.181634","geometry":{"type":"MultiLineString","coordinates":[[[756346.29999997,6825622.10000311],[756310.49999997,6825610.80000311],[756256.89999997,6825586.20000311],[756234.79999997,6825573.50000311],[756225.29999997,6825574.20000311]]]},"geometry_name":"geom","properties":{"cleabs":null,"dep":"010","type":"I-D","bcae":"1","origine1":"AUTRES","origine2":null,"millesim":"2026","comment":"Photogrammétrie","layer":"BCAE_lineaire","path":"D:\\BCAE/2026/resultats/diffusion_France/086/BCAE_lineaire.shp","f_table_catalog":null,"f_table_schema":null,"f_table_name":null,"f_geometry_column":null,"stylename":null,"styleqml":null,"stylesld":null,"useasdefault":null,"description":null,"owner":null,"ui":null,"update_time":null}},{"type":"Feature","id":"bcae_cours_eau.181635","geometry":{"type":"MultiLineString","coordinates":[[[757034.99999997,6825607.20000311],[757023.89999997,6825654.80000311]]]},"geometry_name":"geom","properties":{"cleabs":null,"dep":"010","type":"I-D","bcae":"1","origine1":"AUTRES","origine2":null,"millesim":"2026","comment":"Calculé","layer":"BCAE_lineaire","path":"D:\\BCAE/2026/resultats/diffusion_France/086/BCAE_lineaire.shp","f_table_catalog":null,"f_table_schema":null,"f_table_name":null,"f_geometry_column":null,"stylename":null,"styleqml":null,"stylesld":null,"useasdefault":null,"description":null,"owner":null,"ui":null,"update_time":null}},{"type":"Feature","id":"bcae_cours_eau.181640","geometry":{"type":"MultiLineString","coordinates":[[[759133.19999997,6825079.20000312],[759118.49999997,6825079.40000311],[759105.69999997,6825083.40000311],[759095.49999997,6825089.70000312],[759087.59999997,6825101.20000311],[759079.39999997,6825115.10000311],[759075.29999997,6825121.70000312]]]},"geometry_name":"geom","properties":{"cleabs":null,"dep":"010","type":"I-D","bcae":"1","origine1":"AUTRES","origine2":null,"millesim":"2026","comment":"Photogrammétrie","layer":"BCAE_lineaire","path":"D:\\BCAE/2026/resultats/diffusion_France/086/BCAE_lineaire.shp","f_table_catalog":null,"f_table_schema":null,"f_table_name":null,"f_geometry_column":null,"stylename":null,"styleqml":null,"stylesld":null,"useasdefault":null,"description":null,"owner":null,"ui":null,"update_time":null}},{"type":"Feature","id":"bcae_cours_eau.181641","geometry":{"type":"MultiLineString","coordinates":[[[759233.39999997,6825208.60000311],[759226.29999997,6825216.30000311],[759216.69999997,6825218.60000312],[759210.39999997,6825219.00000311],[759203.99999997,6825217.10000311],[759195.39999997,6825208.00000311],[759183.49999997,6825181.60000311],[759174.69999997,6825150.60000312],[759176.79999997,6825124.10000311],[759175.09999997,6825109.40000312],[759170.19999997,6825099.00000311],[759161.89999997,6825091.80000312],[759150.19999997,6825083.20000311],[759133.19999997,6825079.20000312]]]},"geometry_name":"geom","properties":{"cleabs":null,"dep":"010","type":"I-D","bcae":"1","origine1":"AUTRES","origine2":null,"millesim":"2026","comment":"Photogrammétrie","layer":"BCAE_lineaire","path":"D:\\BCAE/2026/resultats/diffusion_France/086/BCAE_lineaire.shp","f_table_catalog":null,"f_table_schema":null,"f_table_name":null,"f_geometry_column":null,"stylename":null,"styleqml":null,"stylesld":null,"useasdefault":null,"description":null,"owner":null,"ui":null,"update_time":null}},{"type":"Feature","id":"bcae_cours_eau.181649","geometry":{"type":"MultiLineString","coordinates":[[[756153.39999997,6825553.70000311],[756121.79999997,6825544.30000311],[756045.39999997,6825532.90000311],[756006.79999997,6825535.90000311],[755926.39999997,6825522.30000311],[755910.29999997,6825516.20000311],[755895.69999997,6825519.70000311],[755882.99999997,6825531.10000311],[755866.59999997,6825553.90000311],[755864.69999997,6825563.30000311],[755869.69999997,6825584.10000311],[755884.09999997,6825620.30000311],[755886.39999997,6825635.50000311],[755885.79999997,6825640.80000311],[755881.49999997,6825651.10000311],[755871.59999997,6825662.00000311],[755845.59999997,6825674.70000311],[755817.49999997,6825680.50000311],[755799.29999997,6825678.20000311],[755780.69999997,6825671.80000311],[755766.89999997,6825660.40000311],[755755.49999997,6825647.10000311],[755749.39999997,6825623.60000311],[755745.79999997,6825597.20000311],[755740.39999997,6825580.50000311],[755734.69999997,6825573.90000311],[755721.09999997,6825570.50000311],[755710.49999997,6825572.00000311],[755696.19999997,6825578.20000311],[755685.29999997,6825589.50000311],[755672.19999997,6825620.30000311],[755662.79999997,6825657.50000311],[755654.09999997,6825677.80000311],[755643.39999997,6825688.20000311],[755616.29999997,6825700.40000311],[755582.99999997,6825713.70000311],[755563.19999997,6825735.40000311],[755559.09999997,6825753.90000311],[755552.69999997,6825782.40000311],[755544.89999997,6825800.50000311],[755528.89999997,6825818.40000311],[755486.49999997,6825851.50000311],[755467.09999997,6825879.00000311],[755433.69999997,6825937.80000311],[755401.79999997,6825971.1000031],[755374.49999997,6825987.2000031],[755285.79999997,6826012.90000311],[755234.99999997,6826042.6000031],[755218.39999997,6826057.10000311],[755213.29999997,6826070.6000031],[755208.39999997,6826098.8000031],[755208.09999997,6826110.8000031]]]},"geometry_name":"geom","properties":{"cleabs":null,"dep":"010","type":"I-D","bcae":"1","origine1":"AUTRES","origine2":null,"millesim":"2026","comment":"Photogrammétrie","layer":"BCAE_lineaire","path":"D:\\BCAE/2026/resultats/diffusion_France/086/BCAE_lineaire.shp","f_table_catalog":null,"f_table_schema":null,"f_table_name":null,"f_geometry_column":null,"stylename":null,"styleqml":null,"stylesld":null,"useasdefault":null,"description":null,"owner":null,"ui":null,"update_time":null}},{"type":"Feature","id":"bcae_cours_eau.181693","geometry":{"type":"MultiLineString","coordinates":[[[756225.29999997,6825574.20000311],[756220.09999997,6825548.00000311]]]},"geometry_name":"geom","properties":{"cleabs":null,"dep":"010","type":"I-D","bcae":"1","origine1":"AUTRES","origine2":null,"millesim":"2026","comment":"Photogrammétrie","layer":"BCAE_lineaire","path":"D:\\BCAE/2026/resultats/diffusion_France/086/BCAE_lineaire.shp","f_table_catalog":null,"f_table_schema":null,"f_table_name":null,"f_geometry_column":null,"stylename":null,"styleqml":null,"stylesld":null,"useasdefault":null,"description":null,"owner":null,"ui":null,"update_time":null}},{"type":"Feature","id":"bcae_cours_eau.181694","geometry":{"type":"MultiLineString","coordinates":[[[756192.69999997,6825565.70000311],[756153.39999997,6825553.70000311]]]},"geometry_name":"geom","properties":{"cleabs":null,"dep":"010","type":"I-D","bcae":"1","origine1":"AUTRES","origine2":null,"millesim":"2026","comment":"Photogrammétrie","layer":"BCAE_lineaire","path":"D:\\BCAE/2026/resultats/diffusion_France/086/BCAE_lineaire.shp","f_table_catalog":null,"f_table_schema":null,"f_table_name":null,"f_geometry_column":null,"stylename":null,"styleqml":null,"stylesld":null,"useasdefault":null,"description":null,"owner":null,"ui":null,"update_time":null}},{"type":"Feature","id":"bcae_cours_eau.181695","geometry":{"type":"MultiLineString","coordinates":[[[757897.89999997,6825057.80000311],[757829.79999997,6825066.70000311],[757725.49999997,6825085.10000311],[757697.29999997,6825095.50000311],[757681.39999997,6825109.00000311],[757669.19999997,6825129.50000311],[757663.19999997,6825160.60000311],[757663.09999997,6825174.80000311],[757669.59999997,6825185.00000311],[757680.49999997,6825192.60000311],[757693.39999997,6825197.70000311],[757713.49999997,6825197.90000311],[757741.89999997,6825198.30000311],[757760.09999997,6825204.20000311],[757784.59999997,6825220.20000312],[757806.59999997,6825245.60000311],[757823.09999997,6825274.80000311],[757830.29999997,6825299.40000311],[757829.79999997,6825319.60000311],[757822.99999997,6825345.20000311],[757805.09999997,6825370.40000312],[757777.19999997,6825395.90000311],[757746.99999997,6825407.90000311],[757698.39999997,6825408.10000311],[757666.99999997,6825405.80000311],[757627.59999997,6825411.10000311],[757583.99999997,6825412.60000311],[757548.99999997,6825410.60000311],[757512.09999997,6825405.50000311],[757483.89999997,6825394.40000311],[757459.19999997,6825386.50000311],[757431.19999997,6825382.40000311],[757405.79999997,6825384.80000312],[757384.59999997,6825391.80000311],[757362.19999997,6825401.90000311],[757341.89999997,6825417.50000311],[757313.49999997,6825451.30000311],[757290.09999997,6825495.70000311],[757273.69999997,6825544.70000311],[757263.69999997,6825591.60000311],[757258.79999997,6825616.70000311],[757248.29999997,6825636.60000311],[757237.49999997,6825646.30000311],[757224.09999997,6825649.20000311],[757210.69999997,6825646.80000311],[757193.69999997,6825634.60000311],[757179.09999997,6825616.50000311],[757172.39999997,6825585.50000311],[757168.69999997,6825552.00000311],[757166.69999997,6825511.80000311],[757161.59999997,6825482.70000311],[757152.69999997,6825461.10000311],[757140.09999997,6825447.70000312],[757120.79999997,6825437.50000311],[757094.19999997,6825433.00000311],[757065.49999997,6825430.00000311],[757050.49999997,6825430.40000311],[757040.89999997,6825433.00000311],[757029.09999997,6825438.60000311],[757019.39999997,6825448.60000311],[757012.99999997,6825463.20000311],[757011.69999997,6825479.60000311],[757010.29999997,6825511.00000311],[757014.29999997,6825545.30000311],[757028.39999997,6825585.80000311],[757034.99999997,6825607.20000311]]]},"geometry_name":"geom","properties":{"cleabs":null,"dep":"010","type":"I-D","bcae":"1","origine1":"AUTRES","origine2":null,"millesim":"2026","comment":"Photogrammétrie","layer":"BCAE_lineaire","path":"D:\\BCAE/2026/resultats/diffusion_France/086/BCAE_lineaire.shp","f_table_catalog":null,"f_table_schema":null,"f_table_name":null,"f_geometry_column":null,"stylename":null,"styleqml":null,"stylesld":null,"useasdefault":null,"description":null,"owner":null,"ui":null,"update_time":null}},{"type":"Feature","id":"bcae_cours_eau.181696","geometry":{"type":"MultiLineString","coordinates":[[[759487.79999997,6825139.20000311],[759486.19999997,6825138.50000311],[759476.29999997,6825134.60000311],[759469.19999997,6825128.70000311],[759466.09999997,6825120.00000311],[759463.69999997,6825110.30000312],[759463.29999997,6825096.40000311],[759463.39999997,6825083.80000312],[759464.89999997,6825070.50000311],[759467.39999997,6825057.70000311],[759470.29999997,6825044.90000312],[759473.29999997,6825034.90000312],[759475.19999997,6825027.10000311],[759476.09999997,6825024.00000311],[759476.69999997,6825020.30000312],[759479.29999997,6825007.10000311],[759474.49999997,6824994.70000311],[759465.59999997,6824988.70000311],[759451.89999997,6824984.80000312],[759445.99999997,6824984.70000311],[759440.49999997,6824984.80000312],[759434.99999997,6824986.00000311],[759428.99999997,6824988.10000312],[759421.19999997,6824995.80000312],[759418.29999997,6825003.40000311],[759416.79999997,6825011.30000311],[759414.49999997,6825017.70000312],[759409.39999997,6825026.40000311],[759403.69999997,6825031.10000311],[759392.79999997,6825039.70000311],[759388.19999997,6825042.00000312],[759378.59999997,6825045.90000311],[759370.69999997,6825048.60000311],[759362.39999997,6825051.10000311],[759349.79999997,6825055.50000311],[759341.29999997,6825060.30000311],[759330.29999997,6825064.80000311],[759319.09999997,6825068.20000312],[759310.79999997,6825071.50000312],[759299.29999997,6825075.80000311],[759290.59999997,6825080.20000312],[759282.99999997,6825085.40000312],[759274.09999997,6825090.90000311],[759267.69999997,6825096.70000311],[759263.39999997,6825101.90000312],[759250.99999997,6825118.50000311],[759247.49999997,6825125.10000311],[759246.69999997,6825126.70000312],[759243.79999997,6825134.90000311],[759241.19999997,6825143.50000311],[759239.59999997,6825151.30000312],[759238.49999997,6825158.60000312],[759238.99999997,6825167.90000312],[759239.99999997,6825177.10000311],[759240.69999997,6825184.40000311],[759240.99999997,6825193.80000311],[759239.89999997,6825199.40000311],[759236.39999997,6825205.60000311],[759233.39999997,6825208.60000311]]]},"geometry_name":"geom","properties":{"cleabs":null,"dep":"010","type":"I-D","bcae":"1","origine1":"AUTRES","origine2":null,"millesim":"2026","comment":"Calculé","layer":"BCAE_lineaire","path":"D:\\BCAE/2026/resultats/diffusion_France/086/BCAE_lineaire.shp","f_table_catalog":null,"f_table_schema":null,"f_table_name":null,"f_geometry_column":null,"stylename":null,"styleqml":null,"stylesld":null,"useasdefault":null,"description":null,"owner":null,"ui":null,"update_time":null}},{"type":"Feature","id":"bcae_cours_eau.181697","geometry":{"type":"MultiLineString","coordinates":[[[759568.09999997,6825115.60000311],[759565.89999997,6825119.80000311],[759555.69999997,6825131.90000312],[759545.59999997,6825137.50000311],[759537.99999997,6825141.30000311],[759529.39999997,6825143.60000311],[759520.59999997,6825145.20000311],[759514.39999997,6825145.20000311],[759506.79999997,6825144.50000311],[759500.69999997,6825143.10000312],[759496.89999997,6825142.30000311],[759487.79999997,6825139.20000311]]]},"geometry_name":"geom","properties":{"cleabs":null,"dep":"010","type":"I-D","bcae":"1","origine1":"AUTRES","origine2":null,"millesim":"2026","comment":"Calculé","layer":"BCAE_lineaire","path":"D:\\BCAE/2026/resultats/diffusion_France/086/BCAE_lineaire.shp","f_table_catalog":null,"f_table_schema":null,"f_table_name":null,"f_geometry_column":null,"stylename":null,"styleqml":null,"stylesld":null,"useasdefault":null,"description":null,"owner":null,"ui":null,"update_time":null}},{"type":"Feature","id":"bcae_cours_eau.181698","geometry":{"type":"MultiLineString","coordinates":[[[759628.29999997,6825110.60000311],[759627.09999997,6825109.90000312],[759622.09999997,6825104.80000311],[759613.89999997,6825099.10000311],[759600.89999997,6825094.50000312],[759594.49999997,6825093.90000311],[759588.29999997,6825095.30000311],[759581.89999997,6825098.20000311],[759571.39999997,6825108.80000311],[759568.09999997,6825115.60000311]]]},"geometry_name":"geom","properties":{"cleabs":null,"dep":"010","type":"I-D","bcae":"1","origine1":"AUTRES","origine2":null,"millesim":"2026","comment":"Calculé","layer":"BCAE_lineaire","path":"D:\\BCAE/2026/resultats/diffusion_France/086/BCAE_lineaire.shp","f_table_catalog":null,"f_table_schema":null,"f_table_name":null,"f_geometry_column":null,"stylename":null,"styleqml":null,"stylesld":null,"useasdefault":null,"description":null,"owner":null,"ui":null,"update_time":null}},{"type":"Feature","id":"bcae_cours_eau.181700","geometry":{"type":"MultiLineString","coordinates":[[[757023.89999997,6825654.80000311],[757019.59999997,6825662.80000311],[757017.29999997,6825667.50000311],[757009.79999997,6825677.50000311],[757005.89999997,6825679.80000311],[756983.99999997,6825694.10000311],[756970.59999997,6825694.20000311],[756956.29999997,6825691.90000311],[756942.09999997,6825685.50000311],[756931.19999997,6825679.00000311],[756915.59999997,6825665.10000311],[756906.09999997,6825655.10000311],[756891.19999997,6825638.30000311],[756882.49999997,6825628.40000311],[756868.89999997,6825613.30000311]]]},"geometry_name":"geom","properties":{"cleabs":null,"dep":"010","type":"I-D","bcae":"1","origine1":"AUTRES","origine2":null,"millesim":"2026","comment":"Calculé","layer":"BCAE_lineaire","path":"D:\\BCAE/2026/resultats/diffusion_France/086/BCAE_lineaire.shp","f_table_catalog":null,"f_table_schema":null,"f_table_name":null,"f_geometry_column":null,"stylename":null,"styleqml":null,"stylesld":null,"useasdefault":null,"description":null,"owner":null,"ui":null,"update_time":null}},{"type":"Feature","id":"bcae_cours_eau.181702","geometry":{"type":"MultiLineString","coordinates":[[[758921.09999997,6825066.20000312],[758910.39999997,6825067.80000311],[758898.19999997,6825073.10000311],[758886.99999997,6825080.50000311],[758874.29999997,6825092.30000312],[758857.09999997,6825114.10000311],[758841.39999997,6825139.40000311],[758836.59999997,6825158.90000311],[758835.89999997,6825175.10000311],[758840.59999997,6825194.10000311],[758852.99999997,6825221.80000311],[758869.89999997,6825261.30000311],[758876.99999997,6825279.90000311],[758877.89999997,6825294.00000311],[758873.39999997,6825308.90000311],[758864.49999997,6825325.90000311],[758850.99999997,6825336.30000311],[758832.39999997,6825346.50000311],[758815.39999997,6825350.40000311],[758801.99999997,6825349.60000311],[758785.69999997,6825341.70000311],[758743.89999997,6825308.40000311],[758716.09999997,6825292.30000311],[758687.59999997,6825276.90000311],[758667.39999997,6825274.10000311],[758650.79999997,6825275.40000311],[758634.19999997,6825281.60000311],[758623.69999997,6825291.90000311],[758609.79999997,6825310.10000311],[758584.49999997,6825340.70000311],[758570.99999997,6825349.60000311],[758557.39999997,6825351.00000311],[758542.29999997,6825347.10000311],[758527.09999997,6825337.50000311],[758513.39999997,6825318.70000311],[758507.49999997,6825298.40000311],[758509.59999997,6825273.30000311],[758518.79999997,6825245.60000311],[758543.59999997,6825209.90000312],[758572.79999997,6825179.40000311],[758577.29999997,6825168.40000311],[758576.49999997,6825153.20000312],[758572.59999997,6825138.80000311],[758563.79999997,6825129.70000311],[758543.99999997,6825119.60000311],[758524.19999997,6825116.90000311],[758505.49999997,6825121.60000311],[758489.99999997,6825130.60000311],[758461.39999997,6825154.40000312],[758435.69999997,6825165.00000311],[758368.49999997,6825185.40000311],[758350.39999997,6825193.80000311],[758325.59999997,6825202.50000311],[758302.39999997,6825207.40000311],[758281.99999997,6825207.90000311],[758272.29999997,6825204.20000311],[758263.29999997,6825196.30000311],[758251.99999997,6825178.30000312],[758236.59999997,6825163.60000311]]]},"geometry_name":"geom","properties":{"cleabs":null,"dep":"010","type":"I-D","bcae":"1","origine1":"AUTRES","origine2":null,"millesim":"2026","comment":"Photogrammétrie","layer":"BCAE_lineaire","path":"D:\\BCAE/2026/resultats/diffusion_France/086/BCAE_lineaire.shp","f_table_catalog":null,"f_table_schema":null,"f_table_name":null,"f_geometry_column":null,"stylename":null,"styleqml":null,"stylesld":null,"useasdefault":null,"description":null,"owner":null,"ui":null,"update_time":null}},{"type":"Feature","id":"bcae_cours_eau.181703","geometry":{"type":"MultiLineString","coordinates":[[[759075.29999997,6825121.70000312],[759070.39999997,6825129.40000311],[759062.79999997,6825133.40000311],[759049.39999997,6825137.20000311],[759032.39999997,6825138.00000311],[759022.49999997,6825134.70000312],[759010.09999997,6825125.20000311],[758991.39999997,6825101.80000312]]]},"geometry_name":"geom","properties":{"cleabs":null,"dep":"010","type":"I-D","bcae":"1","origine1":"AUTRES","origine2":null,"millesim":"2026","comment":"Photogrammétrie","layer":"BCAE_lineaire","path":"D:\\BCAE/2026/resultats/diffusion_France/086/BCAE_lineaire.shp","f_table_catalog":null,"f_table_schema":null,"f_table_name":null,"f_geometry_column":null,"stylename":null,"styleqml":null,"stylesld":null,"useasdefault":null,"description":null,"owner":null,"ui":null,"update_time":null}},{"type":"Feature","id":"bcae_cours_eau.181708","geometry":{"type":"MultiLineString","coordinates":[[[758991.39999997,6825101.80000312],[758977.49999997,6825088.30000311],[758958.29999997,6825076.20000311],[758937.29999997,6825068.30000312],[758921.09999997,6825066.20000312]]]},"geometry_name":"geom","properties":{"cleabs":null,"dep":"010","type":"I-D","bcae":"1","origine1":"AUTRES","origine2":null,"millesim":"2026","comment":"Photogrammétrie","layer":"BCAE_lineaire","path":"D:\\BCAE/2026/resultats/diffusion_France/086/BCAE_lineaire.shp","f_table_catalog":null,"f_table_schema":null,"f_table_name":null,"f_geometry_column":null,"stylename":null,"styleqml":null,"stylesld":null,"useasdefault":null,"description":null,"owner":null,"ui":null,"update_time":null}},{"type":"Feature","id":"bcae_cours_eau.183474","geometry":{"type":"MultiLineString","coordinates":[[[760881.89999997,6823964.40000312],[760877.09999997,6823940.60000312],[760872.69999997,6823903.90000312]]]},"geometry_name":"geom","properties":{"cleabs":null,"dep":"010","type":"I-D","bcae":"1","origine1":"BDTOPO","origine2":null,"millesim":"2026","comment":null,"layer":"BCAE_lineaire","path":"D:\\BCAE/2026/resultats/diffusion_France/086/BCAE_lineaire.shp","f_table_catalog":null,"f_table_schema":null,"f_table_name":null,"f_geometry_column":null,"stylename":null,"styleqml":null,"stylesld":null,"useasdefault":null,"description":null,"owner":null,"ui":null,"update_time":null}},{"type":"Feature","id":"bcae_cours_eau.183476","geometry":{"type":"MultiLineString","coordinates":[[[761551.89999997,6824419.20000312],[761540.49999997,6824409.40000312],[761532.59999997,6824399.20000312],[761521.19999997,6824388.40000312],[761497.49999997,6824375.20000312],[761482.69999997,6824372.30000312],[761465.39999997,6824371.80000312],[761430.99999997,6824372.10000312],[761414.99999997,6824370.90000312],[761394.59999997,6824368.40000312],[761378.19999997,6824365.10000312],[761363.49999997,6824358.50000312],[761350.59999997,6824354.30000312],[761345.09999997,6824354.50000312],[761343.19999997,6824354.60000312]]]},"geometry_name":"geom","properties":{"cleabs":null,"dep":"010","type":"I-D","bcae":"1","origine1":"BDTOPO","origine2":null,"millesim":"2026","comment":null,"layer":"BCAE_lineaire","path":"D:\\BCAE/2026/resultats/diffusion_France/086/BCAE_lineaire.shp","f_table_catalog":null,"f_table_schema":null,"f_table_name":null,"f_geometry_column":null,"stylename":null,"styleqml":null,"stylesld":null,"useasdefault":null,"description":null,"owner":null,"ui":null,"update_time":null}},{"type":"Feature","id":"bcae_cours_eau.183481","geometry":{"type":"MultiLineString","coordinates":[[[761343.19999997,6824354.60000312],[761341.49999997,6824354.80000312],[761334.49999997,6824355.60000312],[761328.09999997,6824357.20000312],[761320.29999997,6824357.40000312],[761254.89999997,6824355.80000312],[761239.69999997,6824359.40000312],[761225.29999997,6824364.10000312],[761216.89999997,6824366.90000312],[761198.99999997,6824370.60000312],[761166.59999997,6824381.60000312],[761144.39999997,6824387.90000312],[761143.29999997,6824388.10000312],[761129.59999997,6824390.80000312],[761116.19999997,6824390.90000312],[761106.89999997,6824388.90000312],[761092.89999997,6824380.80000312],[761073.79999997,6824356.00000312],[761058.89999997,6824331.20000312]]]},"geometry_name":"geom","properties":{"cleabs":null,"dep":"010","type":"I-D","bcae":"1","origine1":"AUTRES","origine2":null,"millesim":"2026","comment":"Photogrammétrie","layer":"BCAE_lineaire","path":"D:\\BCAE/2026/resultats/diffusion_France/086/BCAE_lineaire.shp","f_table_catalog":null,"f_table_schema":null,"f_table_name":null,"f_geometry_column":null,"stylename":null,"styleqml":null,"stylesld":null,"useasdefault":null,"description":null,"owner":null,"ui":null,"update_time":null}},{"type":"Feature","id":"bcae_cours_eau.183482","geometry":{"type":"MultiLineString","coordinates":[[[761058.89999997,6824331.20000312],[761051.29999997,6824321.60000312],[761043.79999997,6824313.90000312],[761023.89999997,6824284.90000312],[761011.99999997,6824268.10000312],[761006.99999997,6824259.80000312],[760977.69999997,6824225.70000312],[760960.19999997,6824208.00000312],[760954.99999997,6824208.10000312]]]},"geometry_name":"geom","properties":{"cleabs":null,"dep":"010","type":"I-D","bcae":"1","origine1":"AUTRES","origine2":null,"millesim":"2026","comment":"Photogrammétrie","layer":"BCAE_lineaire","path":"D:\\BCAE/2026/resultats/diffusion_France/086/BCAE_lineaire.shp","f_table_catalog":null,"f_table_schema":null,"f_table_name":null,"f_geometry_column":null,"stylename":null,"styleqml":null,"stylesld":null,"useasdefault":null,"description":null,"owner":null,"ui":null,"update_time":null}},{"type":"Feature","id":"bcae_cours_eau.183483","geometry":{"type":"MultiLineString","coordinates":[[[760954.99999997,6824208.10000312],[760925.99999997,6824155.10000312],[760915.69999997,6824113.20000312],[760905.39999997,6824074.50000312],[760892.89999997,6824016.10000312],[760881.89999997,6823964.40000312]]]},"geometry_name":"geom","properties":{"cleabs":null,"dep":"010","type":"I-D","bcae":"1","origine1":"AUTRES","origine2":null,"millesim":"2026","comment":"Photogrammétrie","layer":"BCAE_lineaire","path":"D:\\BCAE/2026/resultats/diffusion_France/086/BCAE_lineaire.shp","f_table_catalog":null,"f_table_schema":null,"f_table_name":null,"f_geometry_column":null,"stylename":null,"styleqml":null,"stylesld":null,"useasdefault":null,"description":null,"owner":null,"ui":null,"update_time":null}},{"type":"Feature","id":"bcae_cours_eau.183484","geometry":{"type":"MultiLineString","coordinates":[[[760872.69999997,6823903.90000312],[760867.89999997,6823879.60000313],[760867.59999997,6823870.80000312],[760867.69999997,6823865.50000312],[760867.59999997,6823861.70000313],[760867.89999997,6823856.90000313]]]},"geometry_name":"geom","properties":{"cleabs":null,"dep":"010","type":"I-D","bcae":"1","origine1":"AUTRES","origine2":null,"millesim":"2026","comment":"Photogrammétrie","layer":"BCAE_lineaire","path":"D:\\BCAE/2026/resultats/diffusion_France/086/BCAE_lineaire.shp","f_table_catalog":null,"f_table_schema":null,"f_table_name":null,"f_geometry_column":null,"stylename":null,"styleqml":null,"stylesld":null,"useasdefault":null,"description":null,"owner":null,"ui":null,"update_time":null}},{"type":"Feature","id":"bcae_cours_eau.183596","geometry":{"type":"MultiLineString","coordinates":[[[761167.19999997,6823534.40000313],[761160.59999997,6823562.90000313],[761156.69999997,6823578.80000313],[761147.99999997,6823587.50000313],[761133.59999997,6823598.90000312],[761117.79999997,6823615.70000313],[761102.39999997,6823638.30000313],[761075.09999997,6823674.10000313],[761055.59999997,6823695.10000313],[761036.19999997,6823712.90000313],[761020.39999997,6823728.10000312],[761014.79999997,6823732.70000313],[761011.89999997,6823738.00000313],[761012.29999997,6823742.80000313],[761014.59999997,6823747.40000312],[761019.19999997,6823751.40000313],[761023.79999997,6823756.60000313],[761023.89999997,6823763.80000313],[761021.19999997,6823770.10000313],[761016.69999997,6823775.20000313],[761012.09999997,6823779.40000312],[760991.99999997,6823796.80000312],[760976.19999997,6823806.50000312],[760952.09999997,6823817.00000312],[760934.69999997,6823826.70000312],[760921.59999997,6823836.40000312],[760907.49999997,6823846.40000312],[760893.39999997,6823853.40000312],[760880.89999997,6823857.10000312],[760872.09999997,6823858.10000312],[760867.89999997,6823856.90000313]]]},"geometry_name":"geom","properties":{"cleabs":null,"dep":"010","type":"I-D","bcae":"1","origine1":"AUTRES","origine2":null,"millesim":"2026","comment":"Photogrammétrie","layer":"BCAE_lineaire","path":"D:\\BCAE/2026/resultats/diffusion_France/086/BCAE_lineaire.shp","f_table_catalog":null,"f_table_schema":null,"f_table_name":null,"f_geometry_column":null,"stylename":null,"styleqml":null,"stylesld":null,"useasdefault":null,"description":null,"owner":null,"ui":null,"update_time":null}},{"type":"Feature","id":"bcae_cours_eau.183608","geometry":{"type":"MultiLineString","coordinates":[[[762293.09999997,6823042.20000313],[762257.19999997,6823062.80000313],[762232.89999997,6823077.80000313],[762214.29999997,6823097.30000313],[762178.09999997,6823150.40000313],[762161.39999997,6823182.40000313],[762151.29999997,6823188.60000313],[762139.69999997,6823194.40000313],[762102.99999997,6823205.80000313],[762095.29999997,6823205.70000313],[762088.49999997,6823203.10000313],[762083.69999997,6823198.80000313],[762063.99999997,6823179.30000313],[762046.39999997,6823167.20000313],[762031.29999997,6823163.70000313],[762003.39999997,6823164.70000313],[761985.39999997,6823168.80000313],[761965.89999997,6823174.70000313],[761933.99999997,6823181.50000313],[761893.29999997,6823190.10000313],[761875.49999997,6823198.00000313],[761854.29999997,6823210.50000313],[761835.69999997,6823216.70000313],[761808.49999997,6823222.20000313],[761742.29999997,6823241.50000313],[761723.29999997,6823249.80000313],[761706.49999997,6823252.50000313],[761692.99999997,6823252.30000313],[761684.09999997,6823251.80000313],[761681.59999997,6823253.20000313],[761680.99999997,6823256.40000313],[761684.09999997,6823264.10000313],[761686.29999997,6823269.00000313],[761686.99999997,6823274.40000313],[761685.59999997,6823278.40000313],[761680.59999997,6823283.20000313],[761676.09999997,6823285.50000313],[761663.99999997,6823286.80000313],[761652.89999997,6823288.10000313],[761650.99999997,6823289.60000313],[761649.69999997,6823291.90000313],[761653.19999997,6823297.50000313],[761656.59999997,6823304.10000313],[761655.89999997,6823307.90000313],[761649.79999997,6823309.10000313],[761640.09999997,6823308.00000313],[761599.89999997,6823294.60000313],[761576.79999997,6823281.50000313],[761554.19999997,6823270.50000313],[761534.19999997,6823269.20000313],[761515.79999997,6823272.60000313],[761481.09999997,6823288.60000313],[761354.49999997,6823352.60000313],[761322.49999997,6823371.40000313],[761297.59999997,6823389.20000313],[761269.59999997,6823416.00000313],[761251.39999997,6823437.60000313],[761242.89999997,6823448.00000312],[761230.99999997,6823452.20000313],[761212.39999997,6823460.90000313],[761194.19999997,6823481.20000313],[761178.09999997,6823506.20000313],[761168.49999997,6823528.90000313],[761167.19999997,6823534.40000313]]]},"geometry_name":"geom","properties":{"cleabs":null,"dep":"010","type":"I-D","bcae":"1","origine1":"AUTRES","origine2":null,"millesim":"2026","comment":"Photogrammétrie","layer":"BCAE_lineaire","path":"D:\\BCAE/2026/resultats/diffusion_France/086/BCAE_lineaire.shp","f_table_catalog":null,"f_table_schema":null,"f_table_name":null,"f_geometry_column":null,"stylename":null,"styleqml":null,"stylesld":null,"useasdefault":null,"description":null,"owner":null,"ui":null,"update_time":null}},{"type":"Feature","id":"bcae_cours_eau.183618","geometry":{"type":"MultiLineString","coordinates":[[[760867.89999997,6823856.90000313],[760863.39999997,6823855.60000312],[760857.29999997,6823848.10000312],[760855.79999997,6823837.00000312],[760852.19999997,6823825.90000312],[760845.09999997,6823817.60000312],[760834.49999997,6823814.40000312],[760818.69999997,6823816.70000313],[760795.49999997,6823823.20000312],[760752.09999997,6823837.70000313],[760699.19999997,6823857.30000313],[760665.79999997,6823868.00000312],[760637.29999997,6823880.30000313],[760608.89999997,6823895.10000312],[760598.49999997,6823901.60000312]]]},"geometry_name":"geom","properties":{"cleabs":null,"dep":"010","type":"I-D","bcae":"1","origine1":"AUTRES","origine2":null,"millesim":"2026","comment":"Photogrammétrie","layer":"BCAE_lineaire","path":"D:\\BCAE/2026/resultats/diffusion_France/086/BCAE_lineaire.shp","f_table_catalog":null,"f_table_schema":null,"f_table_name":null,"f_geometry_column":null,"stylename":null,"styleqml":null,"stylesld":null,"useasdefault":null,"description":null,"owner":null,"ui":null,"update_time":null}},{"type":"Feature","id":"bcae_cours_eau.183619","geometry":{"type":"MultiLineString","coordinates":[[[758082.89999997,6824869.90000312],[758073.39999997,6824873.30000311],[758065.29999997,6824879.50000311],[758055.59999997,6824895.60000312],[758042.49999997,6824921.40000311],[758042.69999997,6824930.20000312],[758048.29999997,6824939.20000312],[758054.49999997,6824948.50000312],[758053.89999997,6824956.40000312],[758049.79999997,6824962.70000312],[758034.79999997,6824977.70000312],[758008.69999997,6824992.90000311],[757992.09999997,6824997.00000312],[757966.39999997,6825004.60000311],[757940.79999997,6825017.30000311],[757902.89999997,6825045.40000312],[757901.39999997,6825048.80000312],[757897.89999997,6825057.80000311]]]},"geometry_name":"geom","properties":{"cleabs":null,"dep":"010","type":"I-D","bcae":"1","origine1":"AUTRES","origine2":null,"millesim":"2026","comment":"Photogrammétrie","layer":"BCAE_lineaire","path":"D:\\BCAE/2026/resultats/diffusion_France/086/BCAE_lineaire.shp","f_table_catalog":null,"f_table_schema":null,"f_table_name":null,"f_geometry_column":null,"stylename":null,"styleqml":null,"stylesld":null,"useasdefault":null,"description":null,"owner":null,"ui":null,"update_time":null}},{"type":"Feature","id":"bcae_cours_eau.183620","geometry":{"type":"MultiLineString","coordinates":[[[760598.49999997,6823901.60000312],[760586.49999997,6823903.00000313],[760570.79999997,6823901.20000312],[760557.69999997,6823895.80000312],[760538.69999997,6823890.00000312],[760519.49999997,6823890.90000313],[760495.99999997,6823894.50000313],[760478.09999997,6823899.60000313],[760460.19999997,6823905.00000312],[760443.59999997,6823907.50000313],[760431.29999997,6823906.60000312],[760419.89999997,6823904.60000313],[760406.19999997,6823901.10000312],[760391.49999997,6823897.20000313],[760379.29999997,6823896.90000312],[760367.29999997,6823896.80000312],[760352.19999997,6823898.70000313],[760327.99999997,6823902.50000312],[760281.69999997,6823910.50000312],[760240.99999997,6823917.60000312],[760184.29999997,6823926.10000312],[760144.19999997,6823935.10000312],[760127.99999997,6823939.80000312],[760115.39999997,6823945.80000312],[760101.79999997,6823953.70000313],[760086.99999997,6823962.20000312],[760070.59999997,6823972.20000312],[760054.79999997,6823977.60000312],[760038.29999997,6823978.90000312],[760014.39999997,6823978.40000312],[759994.39999997,6823976.30000312],[759979.99999997,6823972.60000312]]]},"geometry_name":"geom","properties":{"cleabs":null,"dep":"010","type":"I-D","bcae":"1","origine1":"AUTRES","origine2":null,"millesim":"2026","comment":"Photogrammétrie","layer":"BCAE_lineaire","path":"D:\\BCAE/2026/resultats/diffusion_France/086/BCAE_lineaire.shp","f_table_catalog":null,"f_table_schema":null,"f_table_name":null,"f_geometry_column":null,"stylename":null,"styleqml":null,"stylesld":null,"useasdefault":null,"description":null,"owner":null,"ui":null,"update_time":null}},{"type":"Feature","id":"bcae_cours_eau.183621","geometry":{"type":"MultiLineString","coordinates":[[[758176.29999997,6824851.30000311],[758147.19999997,6824853.10000312],[758123.89999997,6824859.80000312],[758094.59999997,6824865.80000312],[758082.89999997,6824869.90000312]]]},"geometry_name":"geom","properties":{"cleabs":null,"dep":"010","type":"I-D","bcae":"1","origine1":"AUTRES","origine2":null,"millesim":"2026","comment":"Photogrammétrie","layer":"BCAE_lineaire","path":"D:\\BCAE/2026/resultats/diffusion_France/086/BCAE_lineaire.shp","f_table_catalog":null,"f_table_schema":null,"f_table_name":null,"f_geometry_column":null,"stylename":null,"styleqml":null,"stylesld":null,"useasdefault":null,"description":null,"owner":null,"ui":null,"update_time":null}},{"type":"Feature","id":"bcae_cours_eau.183622","geometry":{"type":"MultiLineString","coordinates":[[[758176.29999997,6824851.30000311],[758217.19999997,6824854.10000312],[758230.79999997,6824856.80000311],[758243.09999997,6824865.00000311],[758249.99999997,6824870.30000312],[758256.99999997,6824872.20000311],[758266.09999997,6824869.70000312],[758278.09999997,6824857.30000312],[758283.79999997,6824844.40000312],[758283.99999997,6824838.30000312],[758278.49999997,6824824.40000312],[758266.69999997,6824808.70000312],[758253.79999997,6824785.10000312],[758244.69999997,6824745.20000312],[758238.39999997,6824710.90000312],[758237.79999997,6824688.50000312],[758243.79999997,6824664.70000312],[758247.89999997,6824657.00000312],[758256.49999997,6824651.10000312],[758263.79999997,6824649.00000312],[758295.59999997,6824651.70000312],[758368.39999997,6824654.60000312],[758399.29999997,6824660.30000312],[758414.59999997,6824661.70000312],[758426.29999997,6824659.40000312],[758432.79999997,6824655.00000312],[758449.59999997,6824635.10000312],[758465.49999997,6824612.20000312],[758475.39999997,6824588.20000312],[758477.69999997,6824571.60000312],[758476.99999997,6824546.60000312],[758474.29999997,6824497.40000312],[758476.89999997,6824468.10000312],[758480.69999997,6824450.50000312],[758487.39999997,6824438.90000312],[758496.69999997,6824431.30000312],[758510.29999997,6824425.90000312],[758525.79999997,6824423.30000312],[758542.89999997,6824423.80000312],[758555.39999997,6824427.40000312],[758566.39999997,6824435.60000312],[758578.89999997,6824441.60000312],[758596.09999997,6824445.10000312],[758617.69999997,6824446.70000312],[758637.29999997,6824446.00000312],[758667.49999997,6824436.30000312],[758702.19999997,6824419.70000312],[758718.29999997,6824410.20000312],[758728.39999997,6824396.50000312],[758736.59999997,6824380.20000312],[758749.79999997,6824357.60000312],[758782.89999997,6824325.50000312],[758802.79999997,6824303.50000312],[758821.39999997,6824285.60000312],[758834.69999997,6824277.10000312],[758858.29999997,6824270.30000312],[758888.89999997,6824265.80000312],[758937.69999997,6824256.10000312],[758951.79999997,6824251.90000312],[758965.49999997,6824243.90000312],[758982.09999997,6824228.40000312],[759014.69999997,6824190.90000312],[759040.49999997,6824167.30000312],[759057.19999997,6824149.70000312],[759067.59999997,6824134.40000312],[759077.89999997,6824124.90000312],[759089.69999997,6824117.50000312],[759108.69999997,6824111.80000312],[759142.49999997,6824104.20000313],[759184.69999997,6824089.30000312],[759226.39999997,6824070.10000312],[759277.89999997,6824051.10000312],[759317.59999997,6824033.10000312],[759345.49999997,6824023.20000313],[759369.49999997,6824015.80000312],[759402.79999997,6824009.70000312],[759451.19999997,6823998.50000312],[759483.59999997,6823989.60000312],[759510.39999997,6823983.40000312],[759529.89999997,6823982.80000312],[759554.49999997,6823983.20000312],[759578.79999997,6823984.10000312],[759594.69999997,6823985.80000312],[759605.49999997,6823988.20000312],[759615.79999997,6823996.60000312],[759625.99999997,6824003.60000312],[759636.89999997,6824009.10000312],[759650.79999997,6824011.40000313],[759667.59999997,6824008.60000312],[759685.09999997,6824002.60000312],[759700.89999997,6823995.80000312],[759728.39999997,6823989.90000313],[759757.89999997,6823981.60000312],[759792.79999997,6823969.40000312],[759841.69999997,6823951.90000312],[759857.19999997,6823945.20000312],[759871.49999997,6823936.20000312],[759894.39999997,6823925.00000312],[759916.19999997,6823917.50000312],[759933.69999997,6823914.90000313],[759946.29999997,6823916.80000313],[759954.99999997,6823920.20000313],[759960.59999997,6823929.20000312],[759964.49999997,6823937.50000312],[759965.59999997,6823945.40000312],[759967.39999997,6823956.40000312],[759971.79999997,6823966.80000313],[759979.99999997,6823972.60000312]]]},"geometry_name":"geom","properties":{"cleabs":null,"dep":"010","type":"I-D","bcae":"1","origine1":"AUTRES","origine2":null,"millesim":"2026","comment":"Photogrammétrie","layer":"BCAE_lineaire","path":"D:\\BCAE/2026/resultats/diffusion_France/086/BCAE_lineaire.shp","f_table_catalog":null,"f_table_schema":null,"f_table_name":null,"f_geometry_column":null,"stylename":null,"styleqml":null,"stylesld":null,"useasdefault":null,"description":null,"owner":null,"ui":null,"update_time":null}},{"type":"Feature","id":"bcae_cours_eau.184575","geometry":{"type":"MultiLineString","coordinates":[[[758981.29999997,6825624.30000311],[758963.59999997,6825619.80000311],[758936.99999997,6825611.00000311],[758920.29999997,6825604.40000311],[758904.99999997,6825601.30000311]]]},"geometry_name":"geom","properties":{"cleabs":null,"dep":"010","type":"I-D","bcae":"1","origine1":"BDTOPO","origine2":null,"millesim":"2026","comment":null,"layer":"BCAE_lineaire","path":"D:\\BCAE/2026/resultats/diffusion_France/086/BCAE_lineaire.shp","f_table_catalog":null,"f_table_schema":null,"f_table_name":null,"f_geometry_column":null,"stylename":null,"styleqml":null,"stylesld":null,"useasdefault":null,"description":null,"owner":null,"ui":null,"update_time":null}},{"type":"Feature","id":"bcae_cours_eau.184775","geometry":{"type":"MultiLineString","coordinates":[[[758697.39999997,6825008.20000311],[758698.99999997,6825004.00000311],[758706.69999997,6824994.50000311],[758720.39999997,6824985.30000312],[758732.09999997,6824974.70000311],[758739.89999997,6824964.00000311],[758755.79999997,6824945.70000312],[758770.69999997,6824931.50000312],[758782.89999997,6824912.50000311],[758788.29999997,6824874.70000312],[758794.39999997,6824861.30000311],[758805.69999997,6824849.40000312],[758821.09999997,6824829.60000312],[758824.19999997,6824819.30000311],[758828.29999997,6824808.60000312],[758829.49999997,6824805.60000312],[758832.09999997,6824789.40000311],[758830.59999997,6824775.60000311],[758830.29999997,6824763.00000311],[758831.59999997,6824744.50000312],[758838.09999997,6824739.10000312],[758842.69999997,6824739.10000312]]]},"geometry_name":"geom","properties":{"cleabs":null,"dep":"010","type":"I-D","bcae":"1","origine1":"BDTOPO","origine2":null,"millesim":"2026","comment":null,"layer":"BCAE_lineaire","path":"D:\\BCAE/2026/resultats/diffusion_France/086/BCAE_lineaire.shp","f_table_catalog":null,"f_table_schema":null,"f_table_name":null,"f_geometry_column":null,"stylename":null,"styleqml":null,"stylesld":null,"useasdefault":null,"description":null,"owner":null,"ui":null,"update_time":null}},{"type":"Feature","id":"bcae_cours_eau.184776","geometry":{"type":"MultiLineString","coordinates":[[[758842.69999997,6824739.10000312],[758839.69999997,6824695.80000312],[758841.79999997,6824683.80000312],[758840.39999997,6824666.10000311],[758834.89999997,6824654.40000312],[758829.39999997,6824645.00000312],[758816.79999997,6824626.60000312],[758805.99999997,6824620.30000312],[758779.99999997,6824624.90000312],[758742.99999997,6824644.00000312],[758731.19999997,6824648.70000312]]]},"geometry_name":"geom","properties":{"cleabs":null,"dep":"010","type":"I-D","bcae":"1","origine1":"BDTOPO","origine2":null,"millesim":"2026","comment":null,"layer":"BCAE_lineaire","path":"D:\\BCAE/2026/resultats/diffusion_France/086/BCAE_lineaire.shp","f_table_catalog":null,"f_table_schema":null,"f_table_name":null,"f_geometry_column":null,"stylename":null,"styleqml":null,"stylesld":null,"useasdefault":null,"description":null,"owner":null,"ui":null,"update_time":null}},{"type":"Feature","id":"bcae_cours_eau.184777","geometry":{"type":"MultiLineString","coordinates":[[[759931.99999997,6824084.00000312],[759928.59999997,6824091.70000312],[759919.19999997,6824099.10000312],[759913.89999997,6824107.70000312],[759926.19999997,6824124.80000312],[759919.29999997,6824133.70000312],[759905.69999997,6824135.70000312],[759891.39999997,6824134.30000312],[759885.19999997,6824140.30000312],[759885.39999997,6824158.10000312],[759884.29999997,6824163.40000312],[759879.19999997,6824166.50000312],[759867.39999997,6824171.40000312],[759856.49999997,6824177.30000312],[759840.09999997,6824189.10000312],[759817.69999997,6824217.70000312],[759804.99999997,6824227.40000312],[759788.19999997,6824228.80000312],[759776.49999997,6824233.50000312],[759765.89999997,6824244.50000312],[759756.49999997,6824256.80000312],[759744.49999997,6824260.90000312],[759740.19999997,6824250.50000312],[759731.19999997,6824243.20000312],[759709.99999997,6824241.80000312],[759698.19999997,6824242.00000312],[759685.39999997,6824248.70000312],[759678.59999997,6824251.10000312],[759668.09999997,6824256.60000312],[759638.09999997,6824276.30000312],[759620.69999997,6824282.20000312],[759604.59999997,6824285.80000312],[759569.19999997,6824288.30000312],[759552.69999997,6824292.20000312],[759530.39999997,6824300.50000312],[759503.89999997,6824313.30000312],[759498.69999997,6824315.50000312],[759484.69999997,6824314.70000312],[759471.79999997,6824305.70000312],[759453.29999997,6824303.60000312],[759448.19999997,6824303.10000312],[759430.69999997,6824307.40000312],[759418.59999997,6824322.50000312],[759409.09999997,6824343.40000312],[759399.49999997,6824350.70000312],[759393.99999997,6824361.20000312],[759386.59999997,6824367.40000312],[759341.79999997,6824382.80000312],[759340.99999997,6824383.00000312],[759340.79999997,6824385.10000312],[759334.49999997,6824394.30000312],[759317.59999997,6824403.60000312],[759284.59999997,6824419.10000312],[759274.49999997,6824419.90000312],[759272.79999997,6824420.10000312],[759266.29999997,6824417.20000312],[759261.19999997,6824414.80000312],[759244.59999997,6824420.10000312],[759239.89999997,6824431.60000312],[759237.59999997,6824444.90000312],[759230.99999997,6824456.70000312],[759228.29999997,6824472.50000312],[759229.49999997,6824487.00000312],[759219.29999997,6824491.10000312],[759202.79999997,6824487.20000312],[759191.09999997,6824493.30000312],[759180.39999997,6824505.50000312],[759175.69999997,6824516.80000312],[759164.99999997,6824523.60000312],[759156.69999997,6824530.30000312],[759144.19999997,6824538.50000312],[759131.39999997,6824545.10000312],[759112.29999997,6824579.00000312],[759108.39999997,6824584.90000312],[759095.09999997,6824595.70000312],[759060.39999997,6824608.30000312],[759044.59999997,6824612.90000312],[759030.29999997,6824620.60000312],[759024.19999997,6824632.20000312],[759014.19999997,6824658.20000312],[759015.39999997,6824669.30000312],[759008.49999997,6824678.10000312],[758992.19999997,6824685.60000312],[758975.29999997,6824687.40000312],[758971.69999997,6824687.00000311],[758965.59999997,6824686.60000312],[758955.29999997,6824695.90000312],[758942.89999997,6824705.00000311],[758927.39999997,6824710.10000312],[758916.89999997,6824718.40000312],[758885.79999997,6824732.20000312],[758867.89999997,6824738.00000311],[758842.69999997,6824739.10000312]]]},"geometry_name":"geom","properties":{"cleabs":null,"dep":"010","type":"I-D","bcae":"1","origine1":"BDTOPO","origine2":null,"millesim":"2026","comment":null,"layer":"BCAE_lineaire","path":"D:\\BCAE/2026/resultats/diffusion_France/086/BCAE_lineaire.shp","f_table_catalog":null,"f_table_schema":null,"f_table_name":null,"f_geometry_column":null,"stylename":null,"styleqml":null,"stylesld":null,"useasdefault":null,"description":null,"owner":null,"ui":null,"update_time":null}},{"type":"Feature","id":"bcae_cours_eau.184778","geometry":{"type":"MultiLineString","coordinates":[[[759979.99999997,6823972.60000312],[759978.29999997,6823976.70000312],[759977.49999997,6823979.00000312],[759976.79999997,6823983.70000312],[759976.89999997,6823987.50000312],[759977.19999997,6823995.00000313],[759975.89999997,6824000.20000312],[759973.99999997,6824004.20000313],[759971.59999997,6824007.30000312],[759969.09999997,6824009.60000312],[759969.69999997,6824014.40000313],[759970.49999997,6824019.30000312],[759971.49999997,6824028.60000312],[759970.49999997,6824032.80000312],[759963.99999997,6824043.40000312],[759961.49999997,6824047.30000312],[759959.09999997,6824050.30000312],[759959.29999997,6824053.60000312],[759959.99999997,6824056.40000313],[759961.49999997,6824060.00000312],[759962.39999997,6824066.60000312],[759961.69999997,6824070.10000312],[759956.59999997,6824072.30000312],[759949.79999997,6824073.40000312],[759941.79999997,6824075.40000312],[759931.99999997,6824084.00000312]]]},"geometry_name":"geom","properties":{"cleabs":null,"dep":"010","type":"I-D","bcae":"1","origine1":"AUTRES","origine2":null,"millesim":"2026","comment":"Photogrammétrie","layer":"BCAE_lineaire","path":"D:\\BCAE/2026/resultats/diffusion_France/086/BCAE_lineaire.shp","f_table_catalog":null,"f_table_schema":null,"f_table_name":null,"f_geometry_column":null,"stylename":null,"styleqml":null,"stylesld":null,"useasdefault":null,"description":null,"owner":null,"ui":null,"update_time":null}},{"type":"Feature","id":"bcae_cours_eau.184836","geometry":{"type":"MultiLineString","coordinates":[[[760076.49999997,6824595.50000312],[760068.69999997,6824606.60000312],[760061.49999997,6824617.70000312],[760055.39999997,6824625.50000312],[760040.49999997,6824648.70000312],[760029.49999997,6824661.70000312],[760025.19999997,6824664.90000312],[760004.79999997,6824679.40000312],[759985.09999997,6824691.40000312],[759963.09999997,6824702.90000312],[759953.79999997,6824709.10000312],[759948.29999997,6824714.00000312],[759906.89999997,6824735.60000312]]]},"geometry_name":"geom","properties":{"cleabs":null,"dep":"010","type":"I-D","bcae":"1","origine1":"BDTOPO","origine2":null,"millesim":"2026","comment":null,"layer":"BCAE_lineaire","path":"D:\\BCAE/2026/resultats/diffusion_France/086/BCAE_lineaire.shp","f_table_catalog":null,"f_table_schema":null,"f_table_name":null,"f_geometry_column":null,"stylename":null,"styleqml":null,"stylesld":null,"useasdefault":null,"description":null,"owner":null,"ui":null,"update_time":null}},{"type":"Feature","id":"bcae_cours_eau.184837","geometry":{"type":"MultiLineString","coordinates":[[[759906.89999997,6824735.60000312],[759814.59999997,6824786.50000312]]]},"geometry_name":"geom","properties":{"cleabs":null,"dep":"010","type":"I-D","bcae":"1","origine1":"BDTOPO","origine2":null,"millesim":"2026","comment":null,"layer":"BCAE_lineaire","path":"D:\\BCAE/2026/resultats/diffusion_France/086/BCAE_lineaire.shp","f_table_catalog":null,"f_table_schema":null,"f_table_name":null,"f_geometry_column":null,"stylename":null,"styleqml":null,"stylesld":null,"useasdefault":null,"description":null,"owner":null,"ui":null,"update_time":null}},{"type":"Feature","id":"bcae_cours_eau.184838","geometry":{"type":"MultiLineString","coordinates":[[[759814.59999997,6824786.50000312],[759748.89999997,6824822.40000312],[759697.89999997,6824849.50000312],[759632.89999997,6824883.90000312],[759603.89999997,6824810.20000312],[759598.99999997,6824797.70000312],[759571.79999997,6824808.50000312],[759528.69999997,6824824.80000311],[759479.49999997,6824843.70000312],[759384.99999997,6824881.30000311],[759332.19999997,6824901.40000312],[759234.29999997,6824935.30000311],[759196.59999997,6824946.00000312],[759120.89999997,6824969.40000311],[759015.79999997,6824995.20000312],[759010.59999997,6824998.30000311],[758998.29999997,6825008.80000312],[758992.89999997,6825011.30000311],[758977.89999997,6825012.30000311],[758961.59999997,6825018.40000312],[758950.09999997,6825026.00000311],[758947.19999997,6825028.10000311],[758935.69999997,6825032.20000311],[758926.09999997,6825040.20000311],[758917.09999997,6825053.20000312]]]},"geometry_name":"geom","properties":{"cleabs":null,"dep":"010","type":"I-D","bcae":"1","origine1":"BDTOPO","origine2":null,"millesim":"2026","comment":null,"layer":"BCAE_lineaire","path":"D:\\BCAE/2026/resultats/diffusion_France/086/BCAE_lineaire.shp","f_table_catalog":null,"f_table_schema":null,"f_table_name":null,"f_geometry_column":null,"stylename":null,"styleqml":null,"stylesld":null,"useasdefault":null,"description":null,"owner":null,"ui":null,"update_time":null}},{"type":"Feature","id":"bcae_cours_eau.185217","geometry":{"type":"MultiLineString","coordinates":[[[756553.49999997,6825475.40000311],[756568.09999997,6825474.50000311],[756577.89999997,6825480.70000311],[756592.49999997,6825495.10000311],[756604.09999997,6825515.60000311]]]},"geometry_name":"geom","properties":{"cleabs":null,"dep":"010","type":"I-D","bcae":"1","origine1":"AUTRES","origine2":null,"millesim":"2026","comment":"DDT","layer":"BCAE_lineaire","path":"D:\\BCAE/2026/resultats/diffusion_France/086/BCAE_lineaire.shp","f_table_catalog":null,"f_table_schema":null,"f_table_name":null,"f_geometry_column":null,"stylename":null,"styleqml":null,"stylesld":null,"useasdefault":null,"description":null,"owner":null,"ui":null,"update_time":null}},{"type":"Feature","id":"bcae_cours_eau.185346","geometry":{"type":"MultiLineString","coordinates":[[[758835.79999997,6825202.70000311],[758799.79999997,6825181.20000312],[758764.89999997,6825143.20000311],[758755.39999997,6825104.50000311],[758739.19999997,6825051.80000311],[758727.99999997,6825024.50000311],[758739.49999997,6825012.30000312],[758748.49999997,6825004.90000312],[758763.69999997,6825000.60000312],[758776.39999997,6825002.30000311],[758787.39999997,6825008.90000311],[758788.09999997,6825019.80000311],[758784.69999997,6825044.10000311],[758784.69999997,6825049.60000311],[758790.89999997,6825060.40000312],[758799.49999997,6825075.50000312],[758800.19999997,6825087.70000311],[758799.69999997,6825103.50000311],[758794.39999997,6825113.80000311],[758782.29999997,6825118.20000311],[758762.19999997,6825120.80000311]]]},"geometry_name":"geom","properties":{"cleabs":null,"dep":"010","type":"I-D","bcae":"1","origine1":"AUTRES","origine2":null,"millesim":"2026","comment":"DDT","layer":"BCAE_lineaire","path":"D:\\BCAE/2026/resultats/diffusion_France/086/BCAE_lineaire.shp","f_table_catalog":null,"f_table_schema":null,"f_table_name":null,"f_geometry_column":null,"stylename":null,"styleqml":null,"stylesld":null,"useasdefault":null,"description":null,"owner":null,"ui":null,"update_time":null}},{"type":"Feature","id":"bcae_cours_eau.185538","geometry":{"type":"MultiLineString","coordinates":[[[756584.89999997,6825781.90000311],[756585.39999997,6825769.10000311],[756589.69999997,6825759.00000311],[756597.09999997,6825750.60000311],[756603.39999997,6825744.90000311],[756607.29999997,6825737.70000311],[756607.09999997,6825726.70000311],[756602.79999997,6825716.20000311],[756589.69999997,6825687.90000311],[756580.79999997,6825675.00000311],[756576.79999997,6825667.70000311],[756572.39999997,6825659.90000311],[756567.89999997,6825643.30000311],[756567.29999997,6825627.50000311],[756564.89999997,6825595.40000311],[756566.09999997,6825578.40000311],[756578.99999997,6825533.60000311]]]},"geometry_name":"geom","properties":{"cleabs":null,"dep":"010","type":"I-D","bcae":"1","origine1":"BDTOPO","origine2":null,"millesim":"2026","comment":null,"layer":"BCAE_lineaire","path":"D:\\BCAE/2026/resultats/diffusion_France/086/BCAE_lineaire.shp","f_table_catalog":null,"f_table_schema":null,"f_table_name":null,"f_geometry_column":null,"stylename":null,"styleqml":null,"stylesld":null,"useasdefault":null,"description":null,"owner":null,"ui":null,"update_time":null}},{"type":"Feature","id":"bcae_cours_eau.185575","geometry":{"type":"MultiLineString","coordinates":[[[757451.29999997,6825771.10000311],[757429.39999997,6825782.40000311],[757398.29999997,6825790.20000311],[757386.29999997,6825792.60000311],[757372.89999997,6825786.70000311],[757364.39999997,6825780.30000311],[757354.49999997,6825757.40000311],[757342.19999997,6825748.20000311],[757326.99999997,6825747.20000311],[757318.49999997,6825756.70000311],[757309.39999997,6825778.90000311],[757298.09999997,6825793.30000311],[757283.19999997,6825796.80000311],[757255.69999997,6825795.00000311],[757216.29999997,6825793.80000311],[757198.49999997,6825791.50000311],[757173.49999997,6825795.40000311],[757156.49999997,6825805.60000311],[757146.59999997,6825807.70000311],[757137.39999997,6825803.10000311]]]},"geometry_name":"geom","properties":{"cleabs":null,"dep":"010","type":"I-D","bcae":"1","origine1":"BDTOPO","origine2":null,"millesim":"2026","comment":null,"layer":"BCAE_lineaire","path":"D:\\BCAE/2026/resultats/diffusion_France/086/BCAE_lineaire.shp","f_table_catalog":null,"f_table_schema":null,"f_table_name":null,"f_geometry_column":null,"stylename":null,"styleqml":null,"stylesld":null,"useasdefault":null,"description":null,"owner":null,"ui":null,"update_time":null}},{"type":"Feature","id":"bcae_cours_eau.185582","geometry":{"type":"MultiLineString","coordinates":[[[757137.39999997,6825803.10000311],[757123.99999997,6825820.90000311],[757117.59999997,6825823.30000311],[757109.09999997,6825824.00000311],[757092.49999997,6825822.70000311],[757066.19999997,6825826.70000311],[757062.19999997,6825824.10000311],[757047.09999997,6825809.80000311],[757034.39999997,6825803.70000311],[757007.19999997,6825802.60000311],[756991.89999997,6825803.50000311],[756977.09999997,6825806.60000311],[756959.69999997,6825809.20000311],[756930.49999997,6825805.50000311],[756915.89999997,6825805.80000311],[756900.49999997,6825805.20000311],[756886.09999997,6825798.30000311],[756881.49999997,6825795.10000311],[756860.29999997,6825781.90000311],[756848.19999997,6825772.60000311],[756836.89999997,6825765.50000311],[756825.69999997,6825762.60000311],[756817.09999997,6825763.70000311],[756808.39999997,6825769.40000311],[756804.09999997,6825779.90000311],[756803.39999997,6825780.40000311],[756792.79999997,6825788.00000311],[756777.99999997,6825789.10000311],[756748.39999997,6825788.90000311],[756728.79999997,6825790.50000311],[756714.69999997,6825795.3000031],[756702.49999997,6825803.80000311],[756690.39999997,6825813.80000311],[756679.69999997,6825825.60000311],[756664.99999997,6825831.00000311],[756647.19999997,6825831.50000311],[756612.19999997,6825830.80000311],[756599.79999997,6825821.90000311],[756593.49999997,6825809.60000311],[756591.09999997,6825802.60000311],[756584.89999997,6825781.90000311]]]},"geometry_name":"geom","properties":{"cleabs":null,"dep":"010","type":"I-D","bcae":"1","origine1":"BDTOPO","origine2":null,"millesim":"2026","comment":null,"layer":"BCAE_lineaire","path":"D:\\BCAE/2026/resultats/diffusion_France/086/BCAE_lineaire.shp","f_table_catalog":null,"f_table_schema":null,"f_table_name":null,"f_geometry_column":null,"stylename":null,"styleqml":null,"stylesld":null,"useasdefault":null,"description":null,"owner":null,"ui":null,"update_time":null}},{"type":"Feature","id":"bcae_cours_eau.185585","geometry":{"type":"MultiLineString","coordinates":[[[757196.69999997,6826106.00000311],[757197.29999997,6826099.7000031],[757194.09999997,6826097.1000031],[757186.09999997,6826080.00000311],[757183.69999997,6826075.10000311],[757176.09999997,6826052.3000031],[757169.79999997,6826045.20000311],[757171.09999997,6826036.80000311],[757190.59999997,6826024.20000311],[757193.09999997,6826013.20000311],[757186.39999997,6826004.6000031],[757173.79999997,6826003.50000311],[757167.19999997,6825998.60000311],[757172.09999997,6825987.3000031],[757183.59999997,6825977.50000311],[757206.79999997,6825960.1000031],[757214.39999997,6825949.80000311],[757212.49999997,6825939.40000311],[757207.39999997,6825930.50000311],[757208.09999997,6825920.30000311],[757213.39999997,6825914.8000031],[757215.99999997,6825912.20000311],[757227.39999997,6825904.70000311],[757241.49999997,6825900.30000311],[757251.49999997,6825898.80000311],[757257.09999997,6825898.0000031],[757270.19999997,6825893.90000311],[757295.89999997,6825875.10000311],[757321.29999997,6825861.50000311],[757332.69999997,6825853.40000311],[757345.19999997,6825846.60000311],[757352.79999997,6825838.10000311],[757358.09999997,6825828.70000311],[757362.29999997,6825822.20000311],[757376.39999997,6825822.90000311],[757383.79999997,6825821.5000031],[757389.49999997,6825817.00000311],[757397.19999997,6825811.30000311],[757407.09999997,6825808.90000311],[757420.19999997,6825805.70000311],[757436.79999997,6825791.20000311],[757451.29999997,6825771.10000311]]]},"geometry_name":"geom","properties":{"cleabs":null,"dep":"010","type":"I-D","bcae":"1","origine1":"BDTOPO","origine2":null,"millesim":"2026","comment":null,"layer":"BCAE_lineaire","path":"D:\\BCAE/2026/resultats/diffusion_France/086/BCAE_lineaire.shp","f_table_catalog":null,"f_table_schema":null,"f_table_name":null,"f_geometry_column":null,"stylename":null,"styleqml":null,"stylesld":null,"useasdefault":null,"description":null,"owner":null,"ui":null,"update_time":null}},{"type":"Feature","id":"bcae_cours_eau.185592","geometry":{"type":"MultiLineString","coordinates":[[[759410.69999997,6825211.00000311],[759397.99999997,6825219.00000311],[759352.89999997,6825220.10000311],[759345.49999997,6825221.50000311],[759337.69999997,6825227.80000312],[759332.39999997,6825247.20000311],[759328.89999997,6825266.00000312]]]},"geometry_name":"geom","properties":{"cleabs":null,"dep":"010","type":"I-D","bcae":"1","origine1":"BDTOPO","origine2":null,"millesim":"2026","comment":null,"layer":"BCAE_lineaire","path":"D:\\BCAE/2026/resultats/diffusion_France/086/BCAE_lineaire.shp","f_table_catalog":null,"f_table_schema":null,"f_table_name":null,"f_geometry_column":null,"stylename":null,"styleqml":null,"stylesld":null,"useasdefault":null,"description":null,"owner":null,"ui":null,"update_time":null}},{"type":"Feature","id":"bcae_cours_eau.185597","geometry":{"type":"MultiLineString","coordinates":[[[759410.69999997,6825211.00000311],[759404.09999997,6825202.80000311],[759400.79999997,6825195.70000311],[759399.89999997,6825189.60000312],[759400.09999997,6825179.60000311],[759401.79999997,6825173.30000311],[759405.49999997,6825167.10000311],[759417.49999997,6825159.00000311],[759423.59999997,6825158.10000311],[759432.49999997,6825158.80000311],[759441.59999997,6825160.30000311],[759449.59999997,6825162.10000311],[759459.69999997,6825163.80000312],[759467.89999997,6825163.60000311],[759473.29999997,6825161.10000312],[759479.09999997,6825158.20000312],[759480.09999997,6825157.30000311],[759485.09999997,6825153.30000311],[759492.29999997,6825146.60000311],[759498.19999997,6825141.10000311]]]},"geometry_name":"geom","properties":{"cleabs":null,"dep":"010","type":"I-D","bcae":"1","origine1":"BDTOPO","origine2":null,"millesim":"2026","comment":null,"layer":"BCAE_lineaire","path":"D:\\BCAE/2026/resultats/diffusion_France/086/BCAE_lineaire.shp","f_table_catalog":null,"f_table_schema":null,"f_table_name":null,"f_geometry_column":null,"stylename":null,"styleqml":null,"stylesld":null,"useasdefault":null,"description":null,"owner":null,"ui":null,"update_time":null}},{"type":"Feature","id":"bcae_cours_eau.185601","geometry":{"type":"MultiLineString","coordinates":[[[759328.89999997,6825266.00000312],[759313.09999997,6825287.90000311],[759302.69999997,6825296.00000311],[759283.09999997,6825305.40000311],[759270.59999997,6825310.20000311],[759259.19999997,6825311.80000311],[759248.29999997,6825312.00000312],[759218.69999997,6825319.40000311],[759193.89999997,6825322.30000311]]]},"geometry_name":"geom","properties":{"cleabs":null,"dep":"010","type":"I-D","bcae":"1","origine1":"BDTOPO","origine2":null,"millesim":"2026","comment":null,"layer":"BCAE_lineaire","path":"D:\\BCAE/2026/resultats/diffusion_France/086/BCAE_lineaire.shp","f_table_catalog":null,"f_table_schema":null,"f_table_name":null,"f_geometry_column":null,"stylename":null,"styleqml":null,"stylesld":null,"useasdefault":null,"description":null,"owner":null,"ui":null,"update_time":null}},{"type":"Feature","id":"bcae_cours_eau.185611","geometry":{"type":"MultiLineString","coordinates":[[[756444.79999997,6825774.00000311],[756444.39999997,6825773.80000311],[756429.39999997,6825763.00000311],[756418.59999997,6825754.00000311],[756406.89999997,6825742.90000311],[756395.99999997,6825731.30000311],[756385.39999997,6825717.90000311],[756375.69999997,6825703.50000311],[756367.19999997,6825687.60000311],[756360.59999997,6825670.40000311],[756355.29999997,6825652.50000311],[756349.99999997,6825631.20000311]]]},"geometry_name":"geom","properties":{"cleabs":null,"dep":"010","type":"I-D","bcae":"1","origine1":"BDTOPO","origine2":null,"millesim":"2026","comment":null,"layer":"BCAE_lineaire","path":"D:\\BCAE/2026/resultats/diffusion_France/086/BCAE_lineaire.shp","f_table_catalog":null,"f_table_schema":null,"f_table_name":null,"f_geometry_column":null,"stylename":null,"styleqml":null,"stylesld":null,"useasdefault":null,"description":null,"owner":null,"ui":null,"update_time":null}},{"type":"Feature","id":"bcae_cours_eau.185612","geometry":{"type":"MultiLineString","coordinates":[[[759234.79999997,6825207.50000311],[759252.19999997,6825210.20000311],[759299.59999997,6825228.30000311],[759317.89999997,6825240.20000311],[759326.49999997,6825252.90000311],[759328.79999997,6825265.80000311],[759328.89999997,6825266.00000312]]]},"geometry_name":"geom","properties":{"cleabs":null,"dep":"010","type":"I-D","bcae":"1","origine1":"BDTOPO","origine2":null,"millesim":"2026","comment":null,"layer":"BCAE_lineaire","path":"D:\\BCAE/2026/resultats/diffusion_France/086/BCAE_lineaire.shp","f_table_catalog":null,"f_table_schema":null,"f_table_name":null,"f_geometry_column":null,"stylename":null,"styleqml":null,"stylesld":null,"useasdefault":null,"description":null,"owner":null,"ui":null,"update_time":null}},{"type":"Feature","id":"bcae_cours_eau.185615","geometry":{"type":"MultiLineString","coordinates":[[[759571.19999997,6825110.70000312],[759563.29999997,6825146.30000311]]]},"geometry_name":"geom","properties":{"cleabs":null,"dep":"010","type":"I-D","bcae":"1","origine1":"BDTOPO","origine2":null,"millesim":"2026","comment":null,"layer":"BCAE_lineaire","path":"D:\\BCAE/2026/resultats/diffusion_France/086/BCAE_lineaire.shp","f_table_catalog":null,"f_table_schema":null,"f_table_name":null,"f_geometry_column":null,"stylename":null,"styleqml":null,"stylesld":null,"useasdefault":null,"description":null,"owner":null,"ui":null,"update_time":null}},{"type":"Feature","id":"bcae_cours_eau.185642","geometry":{"type":"MultiLineString","coordinates":[[[762764.79999997,6825137.40000312],[762685.19999997,6825226.50000311],[762565.49999997,6825365.70000311],[762458.09999997,6825485.70000311],[762329.69999997,6825630.90000311],[762210.89999997,6825764.40000311],[762081.79999997,6825909.1000031],[762012.29999997,6825988.80000311],[761895.19999997,6826119.60000311],[761793.09999997,6826238.3000031],[761697.59999997,6826346.7000031],[761634.49999997,6826411.4000031],[761555.59999997,6826484.8000031],[761427.79999997,6826599.4000031],[761278.29999997,6826729.6000031],[761137.49999997,6826851.7000031],[761005.09999997,6826966.4000031],[760877.99999997,6827077.0000031],[760845.49999997,6827104.8000031],[760783.39999997,6827158.4000031],[760656.79999997,6827268.6000031],[760545.49999997,6827363.80000309],[760218.99999997,6827646.50000309],[759981.89999997,6827860.20000309],[759758.69999997,6828045.40000309],[759526.79999997,6828246.80000309],[759434.49999997,6828325.80000309]]]},"geometry_name":"geom","properties":{"cleabs":null,"dep":"010","type":"I-D","bcae":"1","origine1":"BDTOPO","origine2":null,"millesim":"2026","comment":null,"layer":"BCAE_lineaire","path":"D:\\BCAE/2026/resultats/diffusion_France/086/BCAE_lineaire.shp","f_table_catalog":null,"f_table_schema":null,"f_table_name":null,"f_geometry_column":null,"stylename":null,"styleqml":null,"stylesld":null,"useasdefault":null,"description":null,"owner":null,"ui":null,"update_time":null}},{"type":"Feature","id":"bcae_cours_eau.185730","geometry":{"type":"MultiLineString","coordinates":[[[759571.19999997,6825110.70000312],[759572.69999997,6825107.70000311],[759583.19999997,6825097.00000311],[759589.59999997,6825094.20000312],[759595.69999997,6825092.80000311],[759602.19999997,6825093.40000312],[759615.19999997,6825098.00000311],[759623.29999997,6825103.70000311],[759628.49999997,6825108.80000311],[759629.59999997,6825109.50000311],[759630.39999997,6825117.70000311],[759628.39999997,6825131.70000311],[759629.89999997,6825144.20000312],[759634.89999997,6825156.50000311],[759640.39999997,6825165.20000311],[759648.59999997,6825176.00000311],[759653.99999997,6825185.70000312],[759658.79999997,6825193.00000311],[759668.39999997,6825198.90000312],[759679.19999997,6825205.40000311],[759692.39999997,6825209.40000311],[759704.39999997,6825212.70000312],[759720.99999997,6825228.70000311],[759739.19999997,6825236.20000311],[759755.49999997,6825227.00000311],[759758.59999997,6825211.20000312],[759758.19999997,6825193.20000312],[759759.99999997,6825175.70000311],[759766.89999997,6825161.00000311],[759776.19999997,6825149.70000312],[759783.39999997,6825145.20000312],[759790.79999997,6825142.10000311],[759803.09999997,6825137.30000311],[759808.89999997,6825136.30000311],[759825.99999997,6825135.90000311],[759833.49999997,6825136.10000312],[759845.29999997,6825136.20000312],[759864.49999997,6825136.70000311],[759879.29999997,6825136.50000311],[759896.39999997,6825134.00000312],[759909.19999997,6825138.10000311],[759917.39999997,6825151.90000311],[759917.89999997,6825165.80000311],[759916.39999997,6825174.80000311],[759913.59999997,6825187.10000311],[759909.39999997,6825196.40000311],[759904.69999997,6825209.40000311],[759901.99999997,6825218.50000311],[759900.09999997,6825231.20000311],[759901.19999997,6825250.60000311],[759908.79999997,6825268.50000311],[759913.49999997,6825276.50000311],[759921.29999997,6825284.90000311],[759929.09999997,6825293.40000311],[759939.19999997,6825301.00000311],[759955.99999997,6825310.20000312],[759968.79999997,6825318.40000312],[759981.09999997,6825323.20000311],[759989.39999997,6825325.70000311],[760002.89999997,6825327.10000311],[760012.19999997,6825327.90000311],[760030.79999997,6825325.50000311],[760051.49999997,6825317.70000311],[760056.99999997,6825307.10000311],[760070.19999997,6825202.90000311],[760070.49999997,6825194.20000311],[760070.49999997,6825183.70000312],[760069.69999997,6825175.90000312],[760066.59999997,6825165.10000311],[760063.39999997,6825156.80000311],[760058.59999997,6825146.90000312],[760048.29999997,6825132.00000311],[760044.39999997,6825118.80000311],[760049.19999997,6825100.90000311],[760056.59999997,6825095.00000311],[760064.19999997,6825089.70000311],[760074.59999997,6825086.40000311],[760086.69999997,6825084.90000311],[760099.79999997,6825082.50000311],[760117.89999997,6825078.90000311],[760153.89999997,6825069.00000311],[760167.09999997,6825060.40000311],[760171.39999997,6825053.20000311],[760172.79999997,6825047.40000311],[760170.39999997,6825032.70000312],[760168.19999997,6825023.80000312],[760164.59999997,6825014.80000311],[760155.09999997,6824998.20000312],[760150.69999997,6824993.80000312],[760136.29999997,6824984.50000312],[760115.09999997,6824980.40000312],[760092.49999997,6824983.70000311],[760082.09999997,6824985.80000312],[760066.79999997,6824986.60000311],[760055.09999997,6824987.10000312],[760039.89999997,6824985.20000312],[760024.49999997,6824980.00000311],[760005.09999997,6824968.80000311],[759970.59999997,6824944.80000311],[759942.49999997,6824922.30000311],[759933.29999997,6824914.30000312],[759931.69999997,6824912.90000312],[759923.29999997,6824904.00000311],[759918.09999997,6824896.00000311],[759916.89999997,6824892.40000312],[759914.09999997,6824881.70000312],[759914.89999997,6824873.40000311],[759917.89999997,6824864.90000312],[759929.39999997,6824849.30000312],[759936.49999997,6824842.10000312],[759946.09999997,6824836.50000311],[759967.09999997,6824829.00000312],[759981.49999997,6824826.60000312],[759989.69999997,6824826.20000312],[760000.29999997,6824828.10000311],[760012.19999997,6824834.10000311],[760024.59999997,6824841.60000312],[760039.79999997,6824853.10000312],[760052.89999997,6824863.40000312],[760063.09999997,6824870.70000312],[760075.29999997,6824881.10000311],[760091.79999997,6824890.10000311],[760106.29999997,6824895.20000312],[760131.89999997,6824902.00000312],[760142.89999997,6824903.70000312],[760154.09999997,6824904.30000311],[760166.29999997,6824904.60000312],[760177.29999997,6824904.20000312],[760189.89999997,6824902.10000312],[760197.39999997,6824898.50000312],[760209.99999997,6824893.60000312],[760222.79999997,6824883.40000312],[760237.89999997,6824871.60000312],[760245.89999997,6824864.80000312],[760252.59999997,6824860.10000312],[760269.29999997,6824852.80000312],[760277.19999997,6824851.40000312],[760285.39999997,6824851.10000312],[760294.49999997,6824852.60000312],[760301.89999997,6824856.70000311],[760310.69999997,6824862.20000311],[760319.39999997,6824870.50000311],[760328.19999997,6824880.90000312],[760337.09999997,6824892.60000312],[760346.29999997,6824909.60000311],[760354.59999997,6824931.00000311],[760362.79999997,6824945.40000312],[760372.29999997,6824954.70000312],[760389.29999997,6824961.50000312],[760402.49999997,6824955.70000312],[760409.59999997,6824947.30000312],[760412.69999997,6824938.40000311],[760413.19999997,6824930.70000312],[760416.29999997,6824920.00000312],[760417.19999997,6824908.30000311],[760415.09999997,6824895.60000312],[760405.39999997,6824880.00000311],[760399.69999997,6824870.10000311]]]},"geometry_name":"geom","properties":{"cleabs":null,"dep":"010","type":"I-D","bcae":"1","origine1":"BDTOPO","origine2":null,"millesim":"2026","comment":null,"layer":"BCAE_lineaire","path":"D:\\BCAE/2026/resultats/diffusion_France/086/BCAE_lineaire.shp","f_table_catalog":null,"f_table_schema":null,"f_table_name":null,"f_geometry_column":null,"stylename":null,"styleqml":null,"stylesld":null,"useasdefault":null,"description":null,"owner":null,"ui":null,"update_time":null}},{"type":"Feature","id":"bcae_cours_eau.960185","geometry":{"type":"MultiLineString","coordinates":[[[760553.09999997,6825385.30000311],[760548.79999997,6825385.80000311]]]},"geometry_name":"geom","properties":{"cleabs":null,"dep":"051","type":"I-D","bcae":"1","origine1":"BDTOPO","origine2":"terrain","millesim":"2026","comment":null,"layer":"BCAE_lineaire","path":"D:\\BCAE/2026/resultats/diffusion_France/086/BCAE_lineaire.shp","f_table_catalog":null,"f_table_schema":null,"f_table_name":null,"f_geometry_column":null,"stylename":null,"styleqml":null,"stylesld":null,"useasdefault":null,"description":null,"owner":null,"ui":null,"update_time":null}},{"type":"Feature","id":"bcae_cours_eau.960228","geometry":{"type":"MultiLineString","coordinates":[[[756870.19999997,6825612.20000311],[756851.79999997,6825597.60000311],[756837.49999997,6825588.10000311],[756813.99999997,6825580.00000311],[756794.59999997,6825576.20000311],[756771.29999997,6825572.50000311],[756744.99999997,6825570.80000311],[756721.09999997,6825571.70000311],[756671.79999997,6825569.40000311],[756647.59999997,6825567.10000311],[756632.79999997,6825564.00000311],[756616.19999997,6825557.10000311],[756601.89999997,6825551.70000311],[756587.49999997,6825543.30000311],[756578.99999997,6825533.60000311]]]},"geometry_name":"geom","properties":{"cleabs":null,"dep":"051","type":"I-D","bcae":"1","origine1":"BDTOPO","origine2":"terrain","millesim":"2026","comment":null,"layer":"BCAE_lineaire","path":"D:\\BCAE/2026/resultats/diffusion_France/086/BCAE_lineaire.shp","f_table_catalog":null,"f_table_schema":null,"f_table_name":null,"f_geometry_column":null,"stylename":null,"styleqml":null,"stylesld":null,"useasdefault":null,"description":null,"owner":null,"ui":null,"update_time":null}},{"type":"Feature","id":"bcae_cours_eau.960243","geometry":{"type":"MultiLineString","coordinates":[[[759875.99999997,6825622.60000311],[759856.19999997,6825636.80000311],[759823.59999997,6825671.40000311],[759810.49999997,6825688.00000311],[759798.49999997,6825709.10000311],[759782.59999997,6825733.90000311],[759766.79999997,6825753.60000311],[759747.09999997,6825771.20000311],[759729.39999997,6825784.10000311],[759713.69999997,6825792.20000311],[759699.59999997,6825795.50000311],[759679.39999997,6825789.20000311],[759675.69999997,6825783.70000311],[759672.79999997,6825772.20000311],[759671.49999997,6825758.00000311],[759672.59999997,6825746.70000311],[759672.49999997,6825734.30000311],[759669.89999997,6825728.90000311],[759663.39999997,6825719.80000311],[759656.59999997,6825712.90000311],[759647.59999997,6825710.60000311],[759629.99999997,6825714.40000311],[759619.49999997,6825725.20000311],[759616.39999997,6825731.60000311],[759615.89999997,6825739.30000311],[759619.29999997,6825752.70000311],[759622.39999997,6825758.80000311],[759625.49999997,6825768.20000311],[759626.59999997,6825777.80000311],[759625.79999997,6825785.60000311],[759612.89999997,6825797.30000311],[759603.19999997,6825800.60000311],[759590.29999997,6825802.10000311],[759578.09999997,6825801.00000311],[759568.99999997,6825798.20000311],[759539.29999997,6825787.40000311],[759531.89999997,6825793.30000311],[759527.79999997,6825800.00000311],[759527.29999997,6825808.70000311],[759527.29999997,6825817.60000311],[759525.79999997,6825838.00000311],[759522.29999997,6825842.90000311],[759514.19999997,6825847.40000311],[759498.19999997,6825846.80000311],[759489.19999997,6825837.90000311],[759477.99999997,6825778.00000311],[759470.09999997,6825770.10000311],[759465.89999997,6825765.30000311],[759447.79999997,6825759.10000311],[759435.89999997,6825762.50000311],[759425.39999997,6825774.70000311],[759421.49999997,6825794.70000311],[759423.59999997,6825818.00000311],[759425.99999997,6825831.30000311],[759426.59999997,6825837.10000311],[759424.69999997,6825854.30000311],[759420.49999997,6825860.30000311],[759413.79999997,6825864.40000311],[759396.39999997,6825864.60000311],[759385.59999997,6825862.70000311],[759373.49999997,6825856.00000311],[759360.99999997,6825839.70000311],[759355.49999997,6825822.60000311],[759349.49999997,6825802.70000311],[759335.09999997,6825792.50000311],[759325.09999997,6825793.30000311],[759309.69999997,6825804.60000311],[759300.39999997,6825823.10000311],[759294.69999997,6825834.70000311],[759285.89999997,6825850.30000311],[759270.39999997,6825874.6000031],[759260.59999997,6825883.90000311],[759253.49999997,6825887.00000311],[759237.29999997,6825882.20000311],[759230.19999997,6825874.90000311],[759227.59999997,6825868.40000311],[759223.79999997,6825858.00000311],[759220.79999997,6825847.80000311],[759212.19999997,6825838.00000311],[759205.29999997,6825834.30000311],[759180.09999997,6825832.00000311],[759162.39999997,6825842.20000311],[759148.59999997,6825857.60000311],[759124.39999997,6825860.40000311],[759109.29999997,6825859.60000311],[759095.49999997,6825859.90000311],[759051.59999997,6825868.80000311],[759001.99999997,6825877.60000311],[758946.99999997,6825885.10000311],[758888.69999997,6825896.40000311],[758842.09999997,6825901.60000311],[758800.39999997,6825910.60000311],[758775.19999997,6825923.9000031],[758746.09999997,6825932.80000311],[758725.19999997,6825943.20000311],[758717.99999997,6825953.40000311],[758715.59999997,6825961.90000311],[758711.29999997,6825976.70000311],[758701.49999997,6825991.40000311],[758691.79999997,6825999.80000311],[758679.59999997,6826008.5000031],[758665.89999997,6826019.5000031],[758654.09999997,6826028.40000311],[758646.69999997,6826038.20000311],[758644.89999997,6826049.8000031],[758646.39999997,6826057.10000311],[758650.89999997,6826068.20000311],[758655.09999997,6826071.90000311],[758661.39999997,6826081.90000311],[758659.69999997,6826101.20000311],[758656.49999997,6826107.60000311],[758645.39999997,6826120.70000311],[758639.49999997,6826131.0000031],[758634.69999997,6826136.90000311],[758612.49999997,6826139.70000311],[758593.59999997,6826141.90000311],[758562.49999997,6826161.80000311],[758544.79999997,6826177.00000311],[758539.89999997,6826180.80000311],[758528.09999997,6826187.30000311],[758519.69999997,6826188.1000031]]]},"geometry_name":"geom","properties":{"cleabs":null,"dep":"051","type":"I-D","bcae":"1","origine1":"BDTOPO","origine2":"terrain","millesim":"2026","comment":null,"layer":"BCAE_lineaire","path":"D:\\BCAE/2026/resultats/diffusion_France/086/BCAE_lineaire.shp","f_table_catalog":null,"f_table_schema":null,"f_table_name":null,"f_geometry_column":null,"stylename":null,"styleqml":null,"stylesld":null,"useasdefault":null,"description":null,"owner":null,"ui":null,"update_time":null}},{"type":"Feature","id":"bcae_cours_eau.960244","geometry":{"type":"MultiLineString","coordinates":[[[760935.19999997,6825073.70000312],[760927.49999997,6825068.70000311],[760904.79999997,6825054.30000311],[760877.49999997,6825031.70000311],[760849.19999997,6825005.40000312],[760826.89999997,6824987.00000311],[760806.39999997,6824970.30000311],[760793.69999997,6824956.10000311],[760789.59999997,6824946.10000311],[760782.59999997,6824929.50000312],[760777.19999997,6824918.20000312],[760776.69999997,6824911.60000312],[760778.79999997,6824900.60000312],[760778.49999997,6824895.60000311],[760773.09999997,6824888.70000312],[760714.39999997,6824859.90000312],[760703.89999997,6824859.80000312],[760693.59999997,6824865.60000311],[760688.09999997,6824863.90000312],[760685.49999997,6824859.40000312],[760687.59999997,6824840.50000312],[760689.69999997,6824823.60000312],[760689.69999997,6824812.30000312],[760687.19999997,6824804.10000312],[760682.59999997,6824795.80000312],[760678.59999997,6824789.60000312],[760674.79999997,6824786.20000312],[760670.69999997,6824784.90000312],[760665.39999997,6824784.80000312],[760659.79999997,6824785.30000312],[760634.29999997,6824793.20000312],[760620.89999997,6824801.30000312],[760614.19999997,6824807.70000312],[760609.39999997,6824813.10000311],[760604.69999997,6824817.20000312],[760599.59999997,6824820.10000312],[760593.29999997,6824823.20000312],[760587.89999997,6824824.10000312],[760582.29999997,6824823.70000312],[760576.89999997,6824821.70000312],[760566.79999997,6824813.70000312],[760561.39999997,6824809.10000312],[760558.09999997,6824806.80000311],[760550.29999997,6824803.70000312],[760521.29999997,6824796.70000312],[760511.99999997,6824794.10000312],[760507.49999997,6824792.10000312],[760503.99999997,6824789.70000312],[760500.89999997,6824785.50000312],[760493.09999997,6824775.20000312],[760487.59999997,6824766.40000312],[760484.49999997,6824759.90000312],[760482.09999997,6824754.50000312],[760479.39999997,6824750.40000312],[760474.09999997,6824746.10000312],[760468.59999997,6824744.60000312],[760462.59999997,6824745.40000312],[760457.89999997,6824747.30000312],[760453.99999997,6824750.90000312],[760448.99999997,6824760.60000312],[760449.19999997,6824765.70000312],[760450.89999997,6824770.50000312],[760454.39999997,6824776.80000312],[760457.59999997,6824780.40000312],[760461.69999997,6824784.60000312],[760465.49999997,6824787.40000312],[760472.59999997,6824794.70000312],[760478.09999997,6824802.90000312],[760479.29999997,6824808.10000312],[760479.19999997,6824811.90000311],[760476.09999997,6824816.10000311],[760471.89999997,6824820.10000312],[760468.49999997,6824823.30000311],[760464.69999997,6824825.70000312],[760458.59999997,6824829.00000312],[760451.79999997,6824833.20000312],[760446.29999997,6824835.70000312],[760435.49999997,6824841.60000312],[760428.99999997,6824845.80000312],[760419.89999997,6824852.10000312],[760413.89999997,6824857.10000311],[760407.69999997,6824862.80000312],[760399.69999997,6824870.10000311]]]},"geometry_name":"geom","properties":{"cleabs":null,"dep":"051","type":"I-D","bcae":"1","origine1":"BDTOPO","origine2":"terrain","millesim":"2026","comment":null,"layer":"BCAE_lineaire","path":"D:\\BCAE/2026/resultats/diffusion_France/086/BCAE_lineaire.shp","f_table_catalog":null,"f_table_schema":null,"f_table_name":null,"f_geometry_column":null,"stylename":null,"styleqml":null,"stylesld":null,"useasdefault":null,"description":null,"owner":null,"ui":null,"update_time":null}},{"type":"Feature","id":"bcae_cours_eau.960270","geometry":{"type":"MultiLineString","coordinates":[[[759914.89999997,6824873.40000311],[759914.09999997,6824881.70000312]]]},"geometry_name":"geom","properties":{"cleabs":null,"dep":"051","type":"I-D","bcae":"1","origine1":"BDTOPO","origine2":"terrain","millesim":"2026","comment":null,"layer":"BCAE_lineaire","path":"D:\\BCAE/2026/resultats/diffusion_France/086/BCAE_lineaire.shp","f_table_catalog":null,"f_table_schema":null,"f_table_name":null,"f_geometry_column":null,"stylename":null,"styleqml":null,"stylesld":null,"useasdefault":null,"description":null,"owner":null,"ui":null,"update_time":null}},{"type":"Feature","id":"bcae_cours_eau.960354","geometry":{"type":"MultiLineString","coordinates":[[[761949.39999997,6825007.50000312],[761934.29999997,6825004.10000312],[761851.29999997,6824986.00000312],[761776.29999997,6824976.00000311],[761733.69999997,6824975.60000311],[761612.19999997,6824998.70000312],[761505.29999997,6825023.90000312],[761425.39999997,6825040.00000311],[761366.49999997,6825046.60000311]]]},"geometry_name":"geom","properties":{"cleabs":null,"dep":"051","type":"I-D","bcae":"1","origine1":"BDTOPO","origine2":"terrain","millesim":"2026","comment":null,"layer":"BCAE_lineaire","path":"D:\\BCAE/2026/resultats/diffusion_France/086/BCAE_lineaire.shp","f_table_catalog":null,"f_table_schema":null,"f_table_name":null,"f_geometry_column":null,"stylename":null,"styleqml":null,"stylesld":null,"useasdefault":null,"description":null,"owner":null,"ui":null,"update_time":null}},{"type":"Feature","id":"bcae_cours_eau.960371","geometry":{"type":"MultiLineString","coordinates":[[[759946.09999997,6824836.50000311],[759936.49999997,6824842.10000312],[759929.39999997,6824849.30000312],[759917.89999997,6824864.90000312],[759914.89999997,6824873.40000311]]]},"geometry_name":"geom","properties":{"cleabs":null,"dep":"051","type":"I-D","bcae":"1","origine1":"BDTOPO","origine2":"terrain","millesim":"2026","comment":null,"layer":"BCAE_lineaire","path":"D:\\BCAE/2026/resultats/diffusion_France/086/BCAE_lineaire.shp","f_table_catalog":null,"f_table_schema":null,"f_table_name":null,"f_geometry_column":null,"stylename":null,"styleqml":null,"stylesld":null,"useasdefault":null,"description":null,"owner":null,"ui":null,"update_time":null}},{"type":"Feature","id":"bcae_cours_eau.960397","geometry":{"type":"MultiLineString","coordinates":[[[761366.49999997,6825046.60000311],[761268.19999997,6825057.50000312],[761253.29999997,6825058.80000311]]]},"geometry_name":"geom","properties":{"cleabs":null,"dep":"051","type":"I-D","bcae":"1","origine1":"BDTOPO","origine2":"terrain","millesim":"2026","comment":null,"layer":"BCAE_lineaire","path":"D:\\BCAE/2026/resultats/diffusion_France/086/BCAE_lineaire.shp","f_table_catalog":null,"f_table_schema":null,"f_table_name":null,"f_geometry_column":null,"stylename":null,"styleqml":null,"stylesld":null,"useasdefault":null,"description":null,"owner":null,"ui":null,"update_time":null}},{"type":"Feature","id":"bcae_cours_eau.960435","geometry":{"type":"MultiLineString","coordinates":[[[759914.09999997,6824881.70000312],[759916.89999997,6824892.40000312],[759918.09999997,6824896.00000311],[759923.29999997,6824904.00000311],[759931.69999997,6824912.90000312],[759942.49999997,6824922.30000311],[759970.59999997,6824944.80000311],[760005.09999997,6824968.80000311],[760024.49999997,6824980.00000311],[760039.89999997,6824985.20000312],[760055.09999997,6824987.10000312],[760066.79999997,6824986.60000311],[760082.09999997,6824985.80000312],[760092.49999997,6824983.70000311],[760115.09999997,6824980.40000312],[760136.29999997,6824984.50000312],[760150.69999997,6824993.80000312],[760155.09999997,6824998.20000312],[760164.59999997,6825014.80000311],[760168.19999997,6825023.80000312],[760170.39999997,6825032.70000312],[760172.79999997,6825047.40000311],[760171.39999997,6825053.20000311],[760167.09999997,6825060.40000311],[760153.89999997,6825069.00000311],[760117.89999997,6825078.90000311],[760099.79999997,6825082.50000311],[760086.69999997,6825084.90000311],[760074.59999997,6825086.40000311],[760064.19999997,6825089.70000311],[760056.59999997,6825095.00000311],[760049.19999997,6825100.90000311],[760044.39999997,6825118.80000311],[760048.29999997,6825132.00000311],[760058.59999997,6825146.90000312],[760063.39999997,6825156.80000311],[760066.59999997,6825165.10000311],[760069.69999997,6825175.90000312],[760070.49999997,6825183.70000312],[760070.49999997,6825194.20000311],[760070.19999997,6825202.90000311],[760056.99999997,6825307.10000311],[760051.49999997,6825317.70000311],[760030.79999997,6825325.50000311],[760012.19999997,6825327.90000311],[760002.89999997,6825327.10000311],[759989.39999997,6825325.70000311],[759981.09999997,6825323.20000311],[759968.79999997,6825318.40000312],[759955.99999997,6825310.20000312],[759939.19999997,6825301.00000311],[759929.09999997,6825293.40000311],[759921.29999997,6825284.90000311],[759913.49999997,6825276.50000311],[759908.79999997,6825268.50000311],[759901.19999997,6825250.60000311],[759900.09999997,6825231.20000311],[759901.99999997,6825218.50000311],[759904.69999997,6825209.40000311],[759909.39999997,6825196.40000311],[759913.59999997,6825187.10000311],[759916.39999997,6825174.80000311],[759917.89999997,6825165.80000311],[759917.39999997,6825151.90000311],[759909.19999997,6825138.10000311],[759896.39999997,6825134.00000312],[759879.29999997,6825136.50000311],[759864.49999997,6825136.70000311],[759845.29999997,6825136.20000312],[759833.49999997,6825136.10000312],[759825.99999997,6825135.90000311],[759808.89999997,6825136.30000311],[759803.09999997,6825137.30000311],[759790.79999997,6825142.10000311],[759786.39999997,6825147.10000311],[759782.89999997,6825155.60000311],[759779.19999997,6825163.40000312],[759776.29999997,6825171.80000311],[759773.39999997,6825182.50000312],[759770.29999997,6825190.80000311],[759764.79999997,6825202.50000311],[759758.59999997,6825211.20000312],[759751.89999997,6825213.90000311],[759740.39999997,6825215.30000312],[759720.99999997,6825215.30000311],[759704.39999997,6825212.70000312],[759692.39999997,6825209.40000311],[759679.19999997,6825205.40000311],[759668.39999997,6825198.90000312],[759658.79999997,6825193.00000311],[759653.99999997,6825185.70000312],[759650.49999997,6825174.70000312],[759648.09999997,6825167.70000311],[759645.79999997,6825157.90000311],[759642.69999997,6825146.70000311],[759639.89999997,6825138.60000311],[759634.39999997,6825117.50000311],[759629.59999997,6825109.50000311],[759628.49999997,6825108.80000311],[759623.29999997,6825103.70000311],[759615.19999997,6825098.00000311],[759602.19999997,6825093.40000312],[759595.69999997,6825092.80000311],[759589.59999997,6825094.20000312],[759583.19999997,6825097.00000311],[759572.69999997,6825107.70000311],[759569.39999997,6825114.40000311],[759567.19999997,6825118.80000311],[759556.89999997,6825130.80000312],[759546.89999997,6825136.40000311],[759539.29999997,6825140.20000312],[759530.69999997,6825142.60000311],[759521.89999997,6825144.00000311],[759515.69999997,6825144.10000311],[759507.99999997,6825143.30000311],[759501.99999997,6825141.90000312],[759498.19999997,6825141.10000311]]]},"geometry_name":"geom","properties":{"cleabs":null,"dep":"051","type":"I-D","bcae":"1","origine1":"BDTOPO","origine2":"terrain","millesim":"2026","comment":null,"layer":"BCAE_lineaire","path":"D:\\BCAE/2026/resultats/diffusion_France/086/BCAE_lineaire.shp","f_table_catalog":null,"f_table_schema":null,"f_table_name":null,"f_geometry_column":null,"stylename":null,"styleqml":null,"stylesld":null,"useasdefault":null,"description":null,"owner":null,"ui":null,"update_time":null}},{"type":"Feature","id":"bcae_cours_eau.960452","geometry":{"type":"MultiLineString","coordinates":[[[760637.99999997,6825359.60000311],[760609.59999997,6825372.00000311],[760553.09999997,6825385.30000311]]]},"geometry_name":"geom","properties":{"cleabs":null,"dep":"051","type":"I-D","bcae":"1","origine1":"BDTOPO","origine2":"terrain","millesim":"2026","comment":null,"layer":"BCAE_lineaire","path":"D:\\BCAE/2026/resultats/diffusion_France/086/BCAE_lineaire.shp","f_table_catalog":null,"f_table_schema":null,"f_table_name":null,"f_geometry_column":null,"stylename":null,"styleqml":null,"stylesld":null,"useasdefault":null,"description":null,"owner":null,"ui":null,"update_time":null}},{"type":"Feature","id":"bcae_cours_eau.960460","geometry":{"type":"MultiLineString","coordinates":[[[761186.69999997,6824676.10000311],[761181.79999997,6824669.90000312],[761169.19999997,6824648.10000312],[761155.79999997,6824631.40000312],[761138.79999997,6824621.80000312],[761127.09999997,6824616.90000312],[761107.29999997,6824614.00000312],[761079.29999997,6824615.50000312],[761054.39999997,6824620.50000312],[761026.59999997,6824625.50000312],[761003.99999997,6824636.50000312],[760912.19999997,6824699.60000312],[760853.49999997,6824739.60000312],[760837.49999997,6824745.50000312],[760834.09999997,6824746.20000312],[760822.89999997,6824748.90000312],[760806.09999997,6824750.10000312],[760793.69999997,6824748.10000312],[760774.19999997,6824739.20000311],[760762.89999997,6824733.90000312],[760751.29999997,6824729.30000312],[760742.59999997,6824726.40000312],[760727.89999997,6824715.20000312],[760717.79999997,6824701.20000312],[760714.09999997,6824692.40000312],[760711.29999997,6824675.50000312],[760698.69999997,6824659.00000312],[760684.99999997,6824650.90000312],[760666.69999997,6824644.60000312],[760654.29999997,6824642.60000312],[760641.39999997,6824641.40000312],[760630.69999997,6824637.70000312],[760618.49999997,6824630.00000312],[760598.69999997,6824614.30000312],[760557.29999997,6824594.80000312],[760550.49999997,6824592.90000312],[760534.49999997,6824591.20000312],[760520.39999997,6824591.30000312],[760503.59999997,6824593.20000312],[760488.59999997,6824597.80000311],[760477.09999997,6824604.00000312],[760468.89999997,6824611.90000312],[760463.29999997,6824620.50000312],[760461.49999997,6824630.00000312],[760461.79999997,6824640.30000312],[760461.89999997,6824655.30000312],[760461.79999997,6824668.40000312],[760461.69999997,6824681.80000312],[760460.99999997,6824691.70000312],[760459.29999997,6824702.40000312],[760455.69999997,6824710.60000312],[760450.49999997,6824718.80000311],[760445.29999997,6824726.70000312],[760437.49999997,6824736.50000312],[760425.19999997,6824749.90000312],[760414.89999997,6824761.50000312],[760407.49999997,6824769.40000312],[760401.59999997,6824780.20000312],[760397.69999997,6824788.60000312],[760394.49999997,6824799.00000311],[760392.49999997,6824810.40000312],[760391.29999997,6824820.60000312],[760390.89999997,6824833.90000312],[760391.39999997,6824843.30000312],[760392.69999997,6824852.60000312],[760396.29999997,6824864.30000311],[760399.69999997,6824870.10000311]]]},"geometry_name":"geom","properties":{"cleabs":null,"dep":"051","type":"I-D","bcae":"1","origine1":"BDTOPO","origine2":"terrain","millesim":"2026","comment":null,"layer":"BCAE_lineaire","path":"D:\\BCAE/2026/resultats/diffusion_France/086/BCAE_lineaire.shp","f_table_catalog":null,"f_table_schema":null,"f_table_name":null,"f_geometry_column":null,"stylename":null,"styleqml":null,"stylesld":null,"useasdefault":null,"description":null,"owner":null,"ui":null,"update_time":null}},{"type":"Feature","id":"bcae_cours_eau.960476","geometry":{"type":"MultiLineString","coordinates":[[[760548.79999997,6825385.80000311],[760538.59999997,6825387.00000311],[760494.19999997,6825385.90000311],[760460.99999997,6825392.50000311],[760422.69999997,6825400.20000311],[760381.49999997,6825410.60000311],[760340.79999997,6825417.90000311],[760238.79999997,6825439.90000311],[760168.49999997,6825449.30000311],[760128.49999997,6825452.90000311],[760109.29999997,6825456.80000311],[760091.49999997,6825467.50000311],[760080.89999997,6825477.50000311],[760007.79999997,6825531.10000311],[759961.29999997,6825570.00000311],[759932.29999997,6825592.40000311],[759907.79999997,6825606.90000311],[759875.99999997,6825622.60000311]]]},"geometry_name":"geom","properties":{"cleabs":null,"dep":"051","type":"I-D","bcae":"1","origine1":"BDTOPO","origine2":"terrain","millesim":"2026","comment":null,"layer":"BCAE_lineaire","path":"D:\\BCAE/2026/resultats/diffusion_France/086/BCAE_lineaire.shp","f_table_catalog":null,"f_table_schema":null,"f_table_name":null,"f_geometry_column":null,"stylename":null,"styleqml":null,"stylesld":null,"useasdefault":null,"description":null,"owner":null,"ui":null,"update_time":null}},{"type":"Feature","id":"bcae_cours_eau.960532","geometry":{"type":"MultiLineString","coordinates":[[[758519.69999997,6826188.1000031],[758512.09999997,6826184.4000031],[758507.69999997,6826176.4000031],[758504.19999997,6826165.70000311],[758503.99999997,6826155.20000311],[758505.99999997,6826141.90000311],[758507.09999997,6826122.20000311],[758497.39999997,6826108.3000031],[758482.09999997,6826107.6000031],[758466.29999997,6826115.1000031],[758453.79999997,6826127.80000311],[758449.19999997,6826138.0000031],[758444.69999997,6826153.70000311],[758433.49999997,6826176.6000031],[758424.59999997,6826186.60000311],[758416.99999997,6826192.0000031],[758409.89999997,6826192.8000031],[758399.99999997,6826189.80000311],[758392.49999997,6826184.0000031],[758387.79999997,6826176.8000031],[758385.89999997,6826167.4000031],[758385.09999997,6826159.5000031],[758384.69999997,6826153.0000031],[758383.49999997,6826148.80000311],[758380.39999997,6826145.80000311],[758374.99999997,6826143.0000031],[758369.89999997,6826139.90000311],[758363.29999997,6826140.5000031],[758359.59999997,6826142.40000311],[758355.49999997,6826146.70000311],[758353.09999997,6826153.60000311],[758352.09999997,6826160.40000311],[758351.79999997,6826169.2000031],[758349.19999997,6826174.50000311],[758344.39999997,6826180.8000031],[758336.89999997,6826183.3000031],[758324.39999997,6826184.1000031],[758297.09999997,6826182.3000031],[758273.39999997,6826181.8000031],[758265.39999997,6826183.00000311],[758255.79999997,6826186.80000311],[758176.39999997,6826227.6000031],[758132.39999997,6826257.50000311],[758112.89999997,6826278.7000031],[758095.59999997,6826301.5000031],[758076.29999997,6826320.5000031],[758021.89999997,6826366.3000031],[757994.49999997,6826375.4000031],[757978.99999997,6826374.7000031],[757967.69999997,6826372.00000311],[757960.09999997,6826367.8000031],[757952.39999997,6826361.9000031],[757947.09999997,6826355.5000031],[757939.99999997,6826351.2000031],[757933.59999997,6826349.5000031],[757924.19999997,6826347.6000031],[757905.39999997,6826348.20000311],[757896.29999997,6826351.6000031],[757888.89999997,6826357.3000031],[757882.69999997,6826363.3000031],[757875.39999997,6826372.1000031],[757869.79999997,6826378.4000031],[757866.19999997,6826388.4000031],[757863.29999997,6826394.4000031],[757856.39999997,6826399.5000031],[757848.69999997,6826401.8000031],[757839.09999997,6826400.8000031],[757821.59999997,6826396.60000311],[757814.49999997,6826395.9000031],[757808.49999997,6826397.4000031],[757796.29999997,6826404.4000031],[757789.29999997,6826419.7000031],[757784.89999997,6826432.9000031],[757776.99999997,6826442.9000031],[757759.39999997,6826449.2000031],[757692.99999997,6826481.4000031],[757585.69999997,6826535.5000031],[757547.39999997,6826546.1000031],[757481.99999997,6826558.2000031],[757450.99999997,6826565.0000031],[757434.59999997,6826564.5000031],[757417.29999997,6826562.5000031],[757398.39999997,6826560.5000031],[757364.69999997,6826561.0000031],[757351.29999997,6826564.8000031]]]},"geometry_name":"geom","properties":{"cleabs":null,"dep":"051","type":"I-D","bcae":"1","origine1":"BDTOPO","origine2":"terrain","millesim":"2026","comment":null,"layer":"BCAE_lineaire","path":"D:\\BCAE/2026/resultats/diffusion_France/086/BCAE_lineaire.shp","f_table_catalog":null,"f_table_schema":null,"f_table_name":null,"f_geometry_column":null,"stylename":null,"styleqml":null,"stylesld":null,"useasdefault":null,"description":null,"owner":null,"ui":null,"update_time":null}},{"type":"Feature","id":"bcae_cours_eau.960579","geometry":{"type":"MultiLineString","coordinates":[[[760399.69999997,6824870.10000311],[760405.39999997,6824880.00000311],[760415.09999997,6824895.60000312],[760419.29999997,6824910.60000312],[760418.69999997,6824919.70000312],[760416.59999997,6824925.60000312],[760412.69999997,6824933.00000312],[760407.49999997,6824938.00000311],[760399.89999997,6824942.10000311],[760393.19999997,6824944.70000312],[760382.99999997,6824945.40000312],[760377.49999997,6824944.40000312],[760364.59999997,6824935.80000311],[760356.29999997,6824925.50000312],[760346.29999997,6824909.60000311],[760337.09999997,6824892.60000312],[760328.19999997,6824880.90000312],[760319.39999997,6824870.50000311],[760310.69999997,6824862.20000311],[760301.89999997,6824856.70000311],[760294.49999997,6824852.60000312],[760285.39999997,6824851.10000312],[760277.19999997,6824851.40000312],[760269.29999997,6824852.80000312],[760252.59999997,6824860.10000312],[760245.89999997,6824864.80000312],[760237.89999997,6824871.60000312],[760222.79999997,6824883.40000312],[760209.99999997,6824893.60000312],[760197.39999997,6824898.50000312],[760189.89999997,6824902.10000312],[760177.29999997,6824904.20000312],[760166.29999997,6824904.60000312],[760154.09999997,6824904.30000311],[760142.89999997,6824903.70000312],[760131.89999997,6824902.00000312],[760106.29999997,6824895.20000312],[760091.79999997,6824890.10000311],[760075.29999997,6824881.10000311],[760063.09999997,6824870.70000312],[760052.89999997,6824863.40000312],[760039.79999997,6824853.10000312],[760024.59999997,6824841.60000312],[760012.19999997,6824834.10000311],[760000.29999997,6824828.10000311],[759989.69999997,6824826.20000312],[759981.49999997,6824826.60000312],[759967.09999997,6824829.00000312]]]},"geometry_name":"geom","properties":{"cleabs":null,"dep":"051","type":"I-D","bcae":"1","origine1":"BDTOPO","origine2":"terrain","millesim":"2026","comment":null,"layer":"BCAE_lineaire","path":"D:\\BCAE/2026/resultats/diffusion_France/086/BCAE_lineaire.shp","f_table_catalog":null,"f_table_schema":null,"f_table_name":null,"f_geometry_column":null,"stylename":null,"styleqml":null,"stylesld":null,"useasdefault":null,"description":null,"owner":null,"ui":null,"update_time":null}},{"type":"Feature","id":"bcae_cours_eau.960631","geometry":{"type":"MultiLineString","coordinates":[[[761452.69999997,6824774.90000312],[761438.39999997,6824770.70000312],[761421.39999997,6824769.00000312],[761383.89999997,6824768.90000312],[761363.89999997,6824768.10000312],[761349.09999997,6824765.90000312],[761330.49999997,6824759.60000312],[761317.19999997,6824754.50000311],[761298.19999997,6824751.30000312],[761284.19999997,6824749.70000312],[761272.99999997,6824747.90000312],[761255.69999997,6824742.70000312],[761241.09999997,6824736.70000312],[761228.29999997,6824726.10000312],[761207.79999997,6824702.70000312],[761186.69999997,6824676.10000311]]]},"geometry_name":"geom","properties":{"cleabs":null,"dep":"051","type":"I-D","bcae":"1","origine1":"BDTOPO","origine2":"terrain","millesim":"2026","comment":null,"layer":"BCAE_lineaire","path":"D:\\BCAE/2026/resultats/diffusion_France/086/BCAE_lineaire.shp","f_table_catalog":null,"f_table_schema":null,"f_table_name":null,"f_geometry_column":null,"stylename":null,"styleqml":null,"stylesld":null,"useasdefault":null,"description":null,"owner":null,"ui":null,"update_time":null}},{"type":"Feature","id":"bcae_cours_eau.960632","geometry":{"type":"MultiLineString","coordinates":[[[761949.39999997,6825007.50000312],[761952.69999997,6824987.80000312],[761955.79999997,6824965.60000311],[761953.29999997,6824930.10000311],[761950.19999997,6824912.30000312],[761942.49999997,6824894.10000312],[761927.59999997,6824881.30000312],[761906.89999997,6824867.30000312],[761876.09999997,6824859.60000311],[761853.49999997,6824849.90000312],[761837.29999997,6824835.50000312],[761826.69999997,6824817.50000312],[761813.69999997,6824803.90000312],[761794.79999997,6824794.20000312],[761759.89999997,6824783.00000312],[761729.49999997,6824768.00000311],[761712.79999997,6824755.80000312],[761682.59999997,6824737.00000312],[761670.29999997,6824734.60000311],[761657.89999997,6824734.10000312],[761643.99999997,6824737.40000312],[761637.99999997,6824741.90000312],[761615.39999997,6824767.10000312],[761588.59999997,6824793.70000312],[761572.49999997,6824803.70000312],[761557.39999997,6824809.50000311],[761539.69999997,6824810.50000312],[761520.19999997,6824806.00000311],[761487.69999997,6824791.00000312],[761459.49999997,6824776.90000312],[761452.69999997,6824774.90000312]]]},"geometry_name":"geom","properties":{"cleabs":null,"dep":"051","type":"I-D","bcae":"1","origine1":"BDTOPO","origine2":"terrain","millesim":"2026","comment":null,"layer":"BCAE_lineaire","path":"D:\\BCAE/2026/resultats/diffusion_France/086/BCAE_lineaire.shp","f_table_catalog":null,"f_table_schema":null,"f_table_name":null,"f_geometry_column":null,"stylename":null,"styleqml":null,"stylesld":null,"useasdefault":null,"description":null,"owner":null,"ui":null,"update_time":null}},{"type":"Feature","id":"bcae_cours_eau.960651","geometry":{"type":"MultiLineString","coordinates":[[[760935.19999997,6825073.70000312],[760923.89999997,6825084.40000311],[760902.29999997,6825101.60000311],[760865.19999997,6825134.80000311],[760834.39999997,6825173.70000312],[760819.69999997,6825192.50000311],[760774.99999997,6825234.50000311],[760737.39999997,6825284.80000311],[760724.69999997,6825302.50000311],[760702.39999997,6825319.80000311],[760654.49999997,6825352.50000311],[760637.99999997,6825359.60000311]]]},"geometry_name":"geom","properties":{"cleabs":null,"dep":"051","type":"I-D","bcae":"1","origine1":"BDTOPO","origine2":"terrain","millesim":"2026","comment":null,"layer":"BCAE_lineaire","path":"D:\\BCAE/2026/resultats/diffusion_France/086/BCAE_lineaire.shp","f_table_catalog":null,"f_table_schema":null,"f_table_name":null,"f_geometry_column":null,"stylename":null,"styleqml":null,"stylesld":null,"useasdefault":null,"description":null,"owner":null,"ui":null,"update_time":null}},{"type":"Feature","id":"bcae_cours_eau.960712","geometry":{"type":"MultiLineString","coordinates":[[[759967.09999997,6824829.00000312],[759946.09999997,6824836.50000311]]]},"geometry_name":"geom","properties":{"cleabs":null,"dep":"051","type":"I-D","bcae":"1","origine1":"BDTOPO","origine2":"terrain","millesim":"2026","comment":null,"layer":"BCAE_lineaire","path":"D:\\BCAE/2026/resultats/diffusion_France/086/BCAE_lineaire.shp","f_table_catalog":null,"f_table_schema":null,"f_table_name":null,"f_geometry_column":null,"stylename":null,"styleqml":null,"stylesld":null,"useasdefault":null,"description":null,"owner":null,"ui":null,"update_time":null}},{"type":"Feature","id":"bcae_cours_eau.960782","geometry":{"type":"MultiLineString","coordinates":[[[761253.29999997,6825058.80000311],[761194.49999997,6825063.50000311],[761160.69999997,6825062.70000312],[761130.79999997,6825057.40000312],[761015.19999997,6825039.80000312],[760988.09999997,6825038.30000311],[760964.09999997,6825048.00000311],[760945.39999997,6825063.90000312],[760935.19999997,6825073.70000312]]]},"geometry_name":"geom","properties":{"cleabs":null,"dep":"051","type":"I-D","bcae":"1","origine1":"BDTOPO","origine2":"terrain","millesim":"2026","comment":null,"layer":"BCAE_lineaire","path":"D:\\BCAE/2026/resultats/diffusion_France/086/BCAE_lineaire.shp","f_table_catalog":null,"f_table_schema":null,"f_table_name":null,"f_geometry_column":null,"stylename":null,"styleqml":null,"stylesld":null,"useasdefault":null,"description":null,"owner":null,"ui":null,"update_time":null}},{"type":"Feature","id":"bcae_cours_eau.960789","geometry":{"type":"MultiLineString","coordinates":[[[760637.99999997,6825359.60000311],[760624.49999997,6825384.50000311],[760622.09999997,6825388.90000311],[760604.29999997,6825403.80000311],[760591.29999997,6825407.80000311],[760550.69999997,6825415.90000311],[760524.59999997,6825423.60000311],[760505.19999997,6825433.70000311],[760491.19999997,6825442.30000311],[760482.59999997,6825453.00000311],[760471.19999997,6825464.70000311],[760462.79999997,6825470.70000311],[760451.99999997,6825476.80000311],[760432.89999997,6825486.00000311],[760413.39999997,6825493.40000311],[760397.19999997,6825500.50000311],[760383.19999997,6825509.00000311],[760374.69999997,6825519.60000311],[760336.49999997,6825560.00000311],[760324.29999997,6825567.40000311],[760247.69999997,6825596.10000311],[760237.29999997,6825606.20000311],[760230.29999997,6825616.20000311],[760224.19999997,6825626.40000311],[760213.99999997,6825634.80000311],[760202.19999997,6825641.20000311],[760169.89999997,6825657.50000311],[760157.89999997,6825667.50000311],[760146.39999997,6825672.50000311],[760133.19999997,6825673.90000311],[760118.79999997,6825674.50000311],[760099.69999997,6825677.10000311],[760083.79999997,6825682.80000311],[760072.09999997,6825692.20000311],[760066.59999997,6825703.90000311],[760058.89999997,6825714.40000311],[760053.49999997,6825715.10000311],[760048.09999997,6825713.50000311],[760044.19999997,6825708.00000311],[760042.29999997,6825699.20000311],[760041.89999997,6825689.30000311],[760041.39999997,6825680.30000311],[760038.59999997,6825676.60000311],[760032.29999997,6825674.80000311],[760017.69999997,6825674.90000311],[759999.39999997,6825674.70000311],[759994.89999997,6825673.80000311],[759996.39999997,6825666.50000311],[760007.99999997,6825647.70000311],[760016.49999997,6825623.50000311],[760016.39999997,6825612.40000311],[760012.49999997,6825611.60000311],[760009.59999997,6825611.70000311],[759989.49999997,6825622.00000311],[759975.79999997,6825634.40000311],[759968.89999997,6825642.40000311],[759960.29999997,6825644.90000311],[759950.19999997,6825643.50000311],[759937.29999997,6825637.60000311],[759920.99999997,6825635.80000311],[759905.59999997,6825633.50000311],[759895.09999997,6825629.50000311],[759875.99999997,6825622.60000311]]]},"geometry_name":"geom","properties":{"cleabs":null,"dep":"051","type":"I-D","bcae":"1","origine1":"BDTOPO","origine2":"terrain","millesim":"2026","comment":null,"layer":"BCAE_lineaire","path":"D:\\BCAE/2026/resultats/diffusion_France/086/BCAE_lineaire.shp","f_table_catalog":null,"f_table_schema":null,"f_table_name":null,"f_geometry_column":null,"stylename":null,"styleqml":null,"stylesld":null,"useasdefault":null,"description":null,"owner":null,"ui":null,"update_time":null}},{"type":"Feature","id":"bcae_cours_eau.963139","geometry":{"type":"MultiLineString","coordinates":[[[757025.29999997,6825653.70000311],[757020.89999997,6825661.70000311],[757018.59999997,6825666.50000311],[757011.09999997,6825676.40000311],[757007.29999997,6825678.70000311],[756985.19999997,6825692.90000311],[756971.79999997,6825693.10000311],[756957.59999997,6825690.80000311],[756943.39999997,6825684.40000311],[756932.39999997,6825678.00000311],[756916.89999997,6825664.00000311],[756907.39999997,6825654.00000311],[756892.49999997,6825637.10000311],[756883.79999997,6825627.30000311],[756870.19999997,6825612.20000311]]]},"geometry_name":"geom","properties":{"cleabs":null,"dep":"051","type":"I-D","bcae":"1","origine1":"BDTOPO","origine2":"terrain","millesim":"2026","comment":null,"layer":"BCAE_lineaire","path":"D:\\BCAE/2026/resultats/diffusion_France/086/BCAE_lineaire.shp","f_table_catalog":null,"f_table_schema":null,"f_table_name":null,"f_geometry_column":null,"stylename":null,"styleqml":null,"stylesld":null,"useasdefault":null,"description":null,"owner":null,"ui":null,"update_time":null}},{"type":"Feature","id":"bcae_cours_eau.963152","geometry":{"type":"MultiLineString","coordinates":[[[759498.19999997,6825141.10000311],[759487.49999997,6825137.30000311],[759477.59999997,6825133.40000311],[759470.39999997,6825127.60000312],[759467.49999997,6825118.90000312],[759464.99999997,6825109.20000311],[759464.59999997,6825095.30000311],[759464.69999997,6825082.70000311],[759466.19999997,6825069.40000312],[759468.69999997,6825056.60000311],[759471.59999997,6825043.70000312],[759474.59999997,6825033.80000311],[759476.49999997,6825026.00000312],[759477.29999997,6825022.90000311],[759477.99999997,6825019.20000312],[759480.59999997,6825006.00000312],[759475.79999997,6824993.60000311],[759466.79999997,6824987.60000311],[759453.19999997,6824983.70000312],[759447.19999997,6824983.60000311],[759441.69999997,6824983.70000311],[759436.19999997,6824984.90000312],[759430.29999997,6824987.00000311],[759422.49999997,6824994.70000312],[759419.59999997,6825002.30000311],[759418.09999997,6825010.20000312],[759415.79999997,6825016.60000311],[759410.59999997,6825025.20000312],[759404.89999997,6825030.00000311],[759393.99999997,6825038.60000312],[759389.39999997,6825040.90000311],[759379.89999997,6825044.70000312],[759371.99999997,6825047.50000312],[759363.69999997,6825050.00000312],[759351.09999997,6825054.30000311],[759342.49999997,6825059.20000312],[759331.69999997,6825063.70000311],[759331.54046002,6825063.74800628]]]},"geometry_name":"geom","properties":{"cleabs":null,"dep":"051","type":"I-D","bcae":"1","origine1":"BDTOPO","origine2":"terrain","millesim":"2026","comment":null,"layer":"BCAE_lineaire","path":"D:\\BCAE/2026/resultats/diffusion_France/086/BCAE_lineaire.shp","f_table_catalog":null,"f_table_schema":null,"f_table_name":null,"f_geometry_column":null,"stylename":null,"styleqml":null,"stylesld":null,"useasdefault":null,"description":null,"owner":null,"ui":null,"update_time":null}},{"type":"Feature","id":"bcae_cours_eau.964020","geometry":{"type":"MultiLineString","coordinates":[[[761240.61255081,6824787.23842206],[761216.78031595,6824832.64939299],[761220.88697035,6824879.22830426],[761230.04472638,6824909.7130185],[761233.41332423,6824933.4664809],[761215.69999997,6824948.60000311],[761182.39999997,6824956.10000311],[761161.09999997,6824956.60000312],[761129.99999997,6824950.70000312],[761117.59999997,6824943.80000312],[761112.69999997,6824935.30000311],[761111.59999997,6824917.80000312],[761114.39999997,6824904.80000312],[761131.89999997,6824865.50000312],[761142.89999997,6824852.70000312],[761171.39999997,6824826.10000312],[761187.69999997,6824807.50000312],[761192.59999997,6824793.30000311],[761194.79999997,6824775.40000312],[761192.99999997,6824745.50000312],[761188.19999997,6824727.50000312],[761184.69999997,6824709.00000312],[761185.19999997,6824700.30000312],[761186.69999997,6824676.10000311]]]},"geometry_name":"geom","properties":{"cleabs":null,"dep":"051","type":"I-D","bcae":"1","origine1":"BDTOPO","origine2":"terrain","millesim":"2026","comment":null,"layer":"BCAE_lineaire","path":"D:\\BCAE/2026/resultats/diffusion_France/086/BCAE_lineaire.shp","f_table_catalog":null,"f_table_schema":null,"f_table_name":null,"f_geometry_column":null,"stylename":null,"styleqml":null,"stylesld":null,"useasdefault":null,"description":null,"owner":null,"ui":null,"update_time":null}},{"type":"Feature","id":"bcae_cours_eau.964021","geometry":{"type":"MultiLineString","coordinates":[[[759491.69999997,6825301.10000311],[759484.89999997,6825290.50000311],[759473.29999997,6825277.40000311],[759464.69999997,6825263.70000312],[759456.79999997,6825249.20000311],[759425.89999997,6825222.80000312],[759410.69999997,6825211.00000311],[759404.09999997,6825202.80000311],[759400.79999997,6825195.70000311],[759399.89999997,6825189.60000312],[759400.09999997,6825179.60000311],[759401.79999997,6825173.30000311],[759405.49999997,6825167.10000311],[759417.49999997,6825159.00000311],[759423.59999997,6825158.10000311],[759432.49999997,6825158.80000311],[759441.59999997,6825160.30000311],[759449.59999997,6825162.10000311],[759459.69999997,6825163.80000312],[759467.89999997,6825163.60000311],[759473.29999997,6825161.10000312],[759479.09999997,6825158.20000312],[759480.09999997,6825157.30000311],[759485.09999997,6825153.30000311],[759492.29999997,6825146.60000311],[759498.19999997,6825141.10000311]]]},"geometry_name":"geom","properties":{"cleabs":null,"dep":"051","type":"I-D","bcae":"1","origine1":"BDTOPO","origine2":"terrain","millesim":"2026","comment":null,"layer":"BCAE_lineaire","path":"D:\\BCAE/2026/resultats/diffusion_France/086/BCAE_lineaire.shp","f_table_catalog":null,"f_table_schema":null,"f_table_name":null,"f_geometry_column":null,"stylename":null,"styleqml":null,"stylesld":null,"useasdefault":null,"description":null,"owner":null,"ui":null,"update_time":null}},{"type":"Feature","id":"bcae_cours_eau.965054","geometry":{"type":"MultiLineString","coordinates":[[[760353.19999997,6826029.20000311],[760344.39999997,6826042.5000031],[760329.09999997,6826056.20000311],[760319.59999997,6826059.6000031],[760299.69999997,6826067.5000031],[760286.29999997,6826075.40000311],[760273.69999997,6826089.70000311],[760260.39999997,6826099.8000031],[760237.69999997,6826111.90000311]]]},"geometry_name":"geom","properties":{"cleabs":null,"dep":"051","type":"I-D","bcae":"1","origine1":"BDTOPO","origine2":"terrain","millesim":"2026","comment":null,"layer":"BCAE_lineaire","path":"D:\\BCAE/2026/resultats/diffusion_France/086/BCAE_lineaire.shp","f_table_catalog":null,"f_table_schema":null,"f_table_name":null,"f_geometry_column":null,"stylename":null,"styleqml":null,"stylesld":null,"useasdefault":null,"description":null,"owner":null,"ui":null,"update_time":null}},{"type":"Feature","id":"bcae_cours_eau.965109","geometry":{"type":"MultiLineString","coordinates":[[[759450.09999997,6825364.20000311],[759460.59999997,6825350.50000311],[759472.79999997,6825327.60000311],[759488.79999997,6825306.10000311],[759491.69999997,6825301.10000311]]]},"geometry_name":"geom","properties":{"cleabs":null,"dep":"051","type":"I-D","bcae":"1","origine1":"BDTOPO","origine2":"terrain","millesim":"2026","comment":null,"layer":"BCAE_lineaire","path":"D:\\BCAE/2026/resultats/diffusion_France/086/BCAE_lineaire.shp","f_table_catalog":null,"f_table_schema":null,"f_table_name":null,"f_geometry_column":null,"stylename":null,"styleqml":null,"stylesld":null,"useasdefault":null,"description":null,"owner":null,"ui":null,"update_time":null}},{"type":"Feature","id":"bcae_cours_eau.965110","geometry":{"type":"MultiLineString","coordinates":[[[761335.99999997,6825675.10000311],[761337.39999997,6825640.00000311],[761334.39999997,6825625.00000311],[761325.29999997,6825609.50000311],[761316.89999997,6825600.00000311],[761308.39999997,6825609.10000311],[761272.99999997,6825632.10000311],[761257.99999997,6825639.10000311],[761237.19999997,6825645.90000311],[761220.79999997,6825648.90000311],[761203.79999997,6825650.20000311],[761186.39999997,6825649.60000311],[761166.09999997,6825650.50000311],[761143.09999997,6825662.10000311],[761138.49999997,6825663.20000311]]]},"geometry_name":"geom","properties":{"cleabs":null,"dep":"051","type":"I-D","bcae":"1","origine1":"BDTOPO","origine2":"terrain","millesim":"2026","comment":null,"layer":"BCAE_lineaire","path":"D:\\BCAE/2026/resultats/diffusion_France/086/BCAE_lineaire.shp","f_table_catalog":null,"f_table_schema":null,"f_table_name":null,"f_geometry_column":null,"stylename":null,"styleqml":null,"stylesld":null,"useasdefault":null,"description":null,"owner":null,"ui":null,"update_time":null}},{"type":"Feature","id":"bcae_cours_eau.965111","geometry":{"type":"MultiLineString","coordinates":[[[761063.39999997,6826180.2000031],[761077.59999997,6826172.3000031],[761091.09999997,6826170.7000031],[761112.59999997,6826194.60000311],[761128.79999997,6826181.10000311],[761139.99999997,6826170.00000311],[761145.99999997,6826166.0000031],[761151.99999997,6826161.9000031],[761166.09999997,6826147.0000031],[761172.59999997,6826138.40000311],[761183.49999997,6826124.70000311],[761189.49999997,6826104.7000031],[761190.39999997,6826087.80000311],[761188.39999997,6826064.20000311],[761183.29999997,6826052.00000311],[761162.99999997,6826013.0000031],[761152.09999997,6825992.30000311],[761147.79999997,6825986.50000311],[761142.49999997,6825978.90000311],[761168.69999997,6825974.60000311],[761206.69999997,6825971.30000311],[761227.19999997,6825968.50000311],[761245.29999997,6825958.70000311],[761242.69999997,6825935.70000311],[761236.99999997,6825897.80000311],[761236.49999997,6825895.00000311],[761240.99999997,6825862.00000311],[761250.49999997,6825858.30000311],[761262.09999997,6825853.80000311],[761279.39999997,6825849.20000311],[761312.89999997,6825832.30000311],[761356.49999997,6825805.50000311]]]},"geometry_name":"geom","properties":{"cleabs":null,"dep":"051","type":"I-D","bcae":"1","origine1":"BDTOPO","origine2":"terrain","millesim":"2026","comment":null,"layer":"BCAE_lineaire","path":"D:\\BCAE/2026/resultats/diffusion_France/086/BCAE_lineaire.shp","f_table_catalog":null,"f_table_schema":null,"f_table_name":null,"f_geometry_column":null,"stylename":null,"styleqml":null,"stylesld":null,"useasdefault":null,"description":null,"owner":null,"ui":null,"update_time":null}},{"type":"Feature","id":"bcae_cours_eau.965112","geometry":{"type":"MultiLineString","coordinates":[[[761138.49999997,6825663.20000311],[761115.49999997,6825668.90000311],[761096.29999997,6825672.20000311],[761068.89999997,6825673.00000311],[761049.69999997,6825672.80000311],[761034.09999997,6825673.50000311],[761026.59999997,6825676.60000311],[761003.02671818,6825689.0020108]]]},"geometry_name":"geom","properties":{"cleabs":null,"dep":"051","type":"I-D","bcae":"1","origine1":"BDTOPO","origine2":"terrain","millesim":"2026","comment":null,"layer":"BCAE_lineaire","path":"D:\\BCAE/2026/resultats/diffusion_France/086/BCAE_lineaire.shp","f_table_catalog":null,"f_table_schema":null,"f_table_name":null,"f_geometry_column":null,"stylename":null,"styleqml":null,"stylesld":null,"useasdefault":null,"description":null,"owner":null,"ui":null,"update_time":null}},{"type":"Feature","id":"bcae_cours_eau.965113","geometry":{"type":"MultiLineString","coordinates":[[[761335.99999997,6825675.10000311],[761324.19999997,6825687.30000311],[761320.79999997,6825709.90000311],[761324.29999997,6825737.40000311],[761332.59999997,6825758.00000311],[761339.99999997,6825776.10000311],[761343.49999997,6825780.70000311],[761356.49999997,6825805.50000311]]]},"geometry_name":"geom","properties":{"cleabs":null,"dep":"051","type":"I-D","bcae":"1","origine1":"BDTOPO","origine2":"terrain","millesim":"2026","comment":null,"layer":"BCAE_lineaire","path":"D:\\BCAE/2026/resultats/diffusion_France/086/BCAE_lineaire.shp","f_table_catalog":null,"f_table_schema":null,"f_table_name":null,"f_geometry_column":null,"stylename":null,"styleqml":null,"stylesld":null,"useasdefault":null,"description":null,"owner":null,"ui":null,"update_time":null}},{"type":"Feature","id":"bcae_cours_eau.965114","geometry":{"type":"MultiLineString","coordinates":[[[761356.49999997,6825805.50000311],[761368.69999997,6825811.20000311],[761370.69999997,6825811.10000311],[761385.69999997,6825810.50000311],[761400.99999997,6825802.70000311],[761409.89999997,6825793.50000311],[761413.59999997,6825781.00000311],[761413.89999997,6825768.00000311],[761426.69999997,6825739.50000311],[761429.29999997,6825738.80000311],[761462.69999997,6825730.00000311],[761477.19999997,6825725.60000311],[761485.09999997,6825723.40000311]]]},"geometry_name":"geom","properties":{"cleabs":null,"dep":"051","type":"I-D","bcae":"1","origine1":"BDTOPO","origine2":"terrain","millesim":"2026","comment":null,"layer":"BCAE_lineaire","path":"D:\\BCAE/2026/resultats/diffusion_France/086/BCAE_lineaire.shp","f_table_catalog":null,"f_table_schema":null,"f_table_name":null,"f_geometry_column":null,"stylename":null,"styleqml":null,"stylesld":null,"useasdefault":null,"description":null,"owner":null,"ui":null,"update_time":null}},{"type":"Feature","id":"bcae_cours_eau.965115","geometry":{"type":"MultiLineString","coordinates":[[[761485.09999997,6825723.40000311],[761491.59999997,6825728.50000311],[761496.59999997,6825732.50000311],[761500.69999997,6825745.40000311],[761505.49999997,6825755.20000311],[761509.19999997,6825766.70000311],[761538.69999997,6825787.70000311],[761539.19999997,6825803.10000311],[761545.59999997,6825829.80000311],[761548.39999997,6825836.70000311]]]},"geometry_name":"geom","properties":{"cleabs":null,"dep":"051","type":"I-D","bcae":"1","origine1":"BDTOPO","origine2":"terrain","millesim":"2026","comment":null,"layer":"BCAE_lineaire","path":"D:\\BCAE/2026/resultats/diffusion_France/086/BCAE_lineaire.shp","f_table_catalog":null,"f_table_schema":null,"f_table_name":null,"f_geometry_column":null,"stylename":null,"styleqml":null,"stylesld":null,"useasdefault":null,"description":null,"owner":null,"ui":null,"update_time":null}},{"type":"Feature","id":"bcae_cours_eau.965116","geometry":{"type":"MultiLineString","coordinates":[[[762488.09999997,6825017.80000311],[762500.69999997,6825049.90000312],[762524.99999997,6825128.80000312],[762533.99999997,6825165.90000311],[762539.89999997,6825200.50000311],[762545.19999997,6825222.20000311],[762556.09999997,6825255.70000311],[762556.09999997,6825267.90000312],[762519.09999997,6825267.90000311],[762486.79999997,6825273.60000311],[762481.29999997,6825279.40000311],[762476.99999997,6825284.20000311],[762474.09999997,6825302.30000311],[762466.99999997,6825322.10000311],[762460.89999997,6825331.70000311],[762453.79999997,6825341.30000311],[762444.09999997,6825345.40000311],[762432.09999997,6825348.50000311],[762414.89999997,6825366.40000311],[762405.49999997,6825367.10000311],[762393.89999997,6825345.40000311],[762364.39999997,6825351.80000311],[762361.19999997,6825353.10000311],[762338.59999997,6825357.20000311],[762328.19999997,6825354.90000311],[762322.59999997,6825346.10000311],[762307.09999997,6825333.20000311],[762279.29999997,6825352.30000311],[762269.09999997,6825365.10000311],[762253.79999997,6825395.70000311],[762245.79999997,6825414.70000311],[762241.89999997,6825430.60000311],[762241.79999997,6825462.80000311],[762244.09999997,6825479.60000311],[762244.89999997,6825494.20000311],[762231.49999997,6825495.70000311],[762211.89999997,6825499.00000311],[762199.09999997,6825502.20000311],[762166.99999997,6825507.90000311],[762141.59999997,6825509.10000311],[762131.59999997,6825498.60000311],[762123.89999997,6825486.10000311],[762115.39999997,6825474.00000311],[762106.29999997,6825462.90000311],[762097.19999997,6825458.30000311],[762087.89999997,6825461.80000311],[762072.59999997,6825471.10000311],[762061.79999997,6825474.00000311],[762051.19999997,6825471.50000311],[762037.49999997,6825464.00000311],[762031.09999997,6825460.40000311],[762018.49999997,6825460.70000311],[762001.79999997,6825464.30000311],[761990.79999997,6825465.30000311],[761975.29999997,6825467.90000311],[761961.69999997,6825472.40000311],[761934.69999997,6825485.00000311],[761907.59999997,6825500.10000311],[761891.19999997,6825508.30000311],[761874.19999997,6825514.60000311],[761861.69999997,6825518.50000311],[761834.89999997,6825524.70000311],[761814.29999997,6825528.10000311],[761791.39999997,6825531.80000311],[761762.19999997,6825538.20000311],[761701.09999997,6825564.70000311],[761677.79999997,6825573.30000311],[761659.49999997,6825581.60000311],[761621.79999997,6825592.10000311],[761619.59999997,6825595.30000311],[761614.99999997,6825600.10000311],[761607.69999997,6825607.40000311],[761595.19999997,6825612.20000311],[761582.39999997,6825614.90000311],[761539.49999997,6825621.50000311],[761527.99999997,6825632.20000311],[761523.49999997,6825643.20000311],[761512.59999997,6825653.30000311],[761501.19999997,6825670.40000311],[761499.89999997,6825676.10000311],[761499.49999997,6825701.70000311],[761497.59999997,6825718.70000311],[761490.69999997,6825721.20000311],[761485.09999997,6825723.40000311]]]},"geometry_name":"geom","properties":{"cleabs":null,"dep":"051","type":"I-D","bcae":"1","origine1":"BDTOPO","origine2":"terrain","millesim":"2026","comment":null,"layer":"BCAE_lineaire","path":"D:\\BCAE/2026/resultats/diffusion_France/086/BCAE_lineaire.shp","f_table_catalog":null,"f_table_schema":null,"f_table_name":null,"f_geometry_column":null,"stylename":null,"styleqml":null,"stylesld":null,"useasdefault":null,"description":null,"owner":null,"ui":null,"update_time":null}},{"type":"Feature","id":"bcae_cours_eau.965127","geometry":{"type":"MultiLineString","coordinates":[[[760006.19999997,6826240.50000311],[760025.99999997,6826283.4000031],[760027.64663767,6826288.56243483]]]},"geometry_name":"geom","properties":{"cleabs":null,"dep":"051","type":"I-D","bcae":"1","origine1":"BDTOPO","origine2":"terrain","millesim":"2026","comment":null,"layer":"BCAE_lineaire","path":"D:\\BCAE/2026/resultats/diffusion_France/086/BCAE_lineaire.shp","f_table_catalog":null,"f_table_schema":null,"f_table_name":null,"f_geometry_column":null,"stylename":null,"styleqml":null,"stylesld":null,"useasdefault":null,"description":null,"owner":null,"ui":null,"update_time":null}},{"type":"Feature","id":"bcae_cours_eau.965128","geometry":{"type":"MultiLineString","coordinates":[[[760406.69999997,6825925.20000311],[760406.29999997,6825931.90000311],[760393.29999997,6825950.40000311],[760379.99999997,6825965.8000031],[760369.09999997,6825973.90000311],[760368.99999997,6825984.10000311],[760365.89999997,6826004.90000311],[760360.19999997,6826016.90000311],[760353.19999997,6826029.20000311]]]},"geometry_name":"geom","properties":{"cleabs":null,"dep":"051","type":"I-D","bcae":"1","origine1":"BDTOPO","origine2":"terrain","millesim":"2026","comment":null,"layer":"BCAE_lineaire","path":"D:\\BCAE/2026/resultats/diffusion_France/086/BCAE_lineaire.shp","f_table_catalog":null,"f_table_schema":null,"f_table_name":null,"f_geometry_column":null,"stylename":null,"styleqml":null,"stylesld":null,"useasdefault":null,"description":null,"owner":null,"ui":null,"update_time":null}},{"type":"Feature","id":"bcae_cours_eau.965133","geometry":{"type":"MultiLineString","coordinates":[[[760901.49999997,6826149.40000311],[760906.79999997,6826159.80000311],[760915.59999997,6826171.5000031],[760922.89999997,6826183.90000311],[760934.19999997,6826189.2000031],[760941.09999997,6826180.50000311],[760950.19999997,6826172.20000311],[760960.79999997,6826173.20000311],[760969.79999997,6826171.20000311],[760976.49999997,6826156.30000311],[760983.39999997,6826122.5000031],[761035.99999997,6826122.00000311],[761056.50675005,6826183.23056361],[761063.39999997,6826180.2000031]]]},"geometry_name":"geom","properties":{"cleabs":null,"dep":"051","type":"I-D","bcae":"1","origine1":"BDTOPO","origine2":"terrain","millesim":"2026","comment":null,"layer":"BCAE_lineaire","path":"D:\\BCAE/2026/resultats/diffusion_France/086/BCAE_lineaire.shp","f_table_catalog":null,"f_table_schema":null,"f_table_name":null,"f_geometry_column":null,"stylename":null,"styleqml":null,"stylesld":null,"useasdefault":null,"description":null,"owner":null,"ui":null,"update_time":null}},{"type":"Feature","id":"bcae_cours_eau.965135","geometry":{"type":"MultiLineString","coordinates":[[[760295.59999997,6826338.90000311],[760288.39999997,6826346.3000031],[760268.39999997,6826358.3000031],[760228.29999997,6826371.0000031],[760166.89999997,6826371.3000031],[760144.19999997,6826374.5000031],[760134.89999997,6826376.9000031],[760119.09999997,6826384.90000311],[760094.79999997,6826400.7000031],[760079.29999997,6826413.9000031],[760055.69999997,6826428.5000031],[760040.79999997,6826440.4000031],[760023.39999997,6826468.5000031],[760014.69999997,6826498.8000031],[760014.59999997,6826515.8000031],[760018.69999997,6826533.50000311],[760029.99999997,6826554.6000031],[760027.49999997,6826558.7000031]]]},"geometry_name":"geom","properties":{"cleabs":null,"dep":"051","type":"I-D","bcae":"1","origine1":"BDTOPO","origine2":"terrain","millesim":"2026","comment":null,"layer":"BCAE_lineaire","path":"D:\\BCAE/2026/resultats/diffusion_France/086/BCAE_lineaire.shp","f_table_catalog":null,"f_table_schema":null,"f_table_name":null,"f_geometry_column":null,"stylename":null,"styleqml":null,"stylesld":null,"useasdefault":null,"description":null,"owner":null,"ui":null,"update_time":null}},{"type":"Feature","id":"bcae_cours_eau.965136","geometry":{"type":"MultiLineString","coordinates":[[[760120.69999997,6826141.20000311],[760117.79999997,6826140.10000311],[760107.09999997,6826133.60000311],[760094.29999997,6826129.1000031],[760081.69999997,6826129.30000311],[760071.99999997,6826136.80000311],[760068.69999997,6826147.6000031],[760068.39999997,6826160.4000031],[760063.49999997,6826169.7000031],[760050.09999997,6826172.60000311],[760032.59999997,6826184.70000311],[760026.49999997,6826197.40000311],[760011.89999997,6826235.7000031],[760006.19999997,6826240.50000311]]]},"geometry_name":"geom","properties":{"cleabs":null,"dep":"051","type":"I-D","bcae":"1","origine1":"BDTOPO","origine2":"terrain","millesim":"2026","comment":null,"layer":"BCAE_lineaire","path":"D:\\BCAE/2026/resultats/diffusion_France/086/BCAE_lineaire.shp","f_table_catalog":null,"f_table_schema":null,"f_table_name":null,"f_geometry_column":null,"stylename":null,"styleqml":null,"stylesld":null,"useasdefault":null,"description":null,"owner":null,"ui":null,"update_time":null}},{"type":"Feature","id":"bcae_cours_eau.965137","geometry":{"type":"MultiLineString","coordinates":[[[760237.69999997,6826111.90000311],[760232.59999997,6826114.4000031],[760225.59999997,6826121.5000031],[760215.79999997,6826125.00000311],[760205.49999997,6826131.00000311],[760196.49999997,6826139.9000031],[760188.59999997,6826149.1000031],[760178.49999997,6826153.20000311],[760163.09999997,6826150.90000311],[760149.39999997,6826147.10000311],[760129.19999997,6826144.00000311],[760120.69999997,6826141.20000311]]]},"geometry_name":"geom","properties":{"cleabs":null,"dep":"051","type":"I-D","bcae":"1","origine1":"BDTOPO","origine2":"terrain","millesim":"2026","comment":null,"layer":"BCAE_lineaire","path":"D:\\BCAE/2026/resultats/diffusion_France/086/BCAE_lineaire.shp","f_table_catalog":null,"f_table_schema":null,"f_table_name":null,"f_geometry_column":null,"stylename":null,"styleqml":null,"stylesld":null,"useasdefault":null,"description":null,"owner":null,"ui":null,"update_time":null}},{"type":"Feature","id":"bcae_cours_eau.965138","geometry":{"type":"MultiLineString","coordinates":[[[760788.99999997,6826327.0000031],[760835.39999997,6826308.4000031],[760839.19999997,6826305.8000031],[760854.59999997,6826295.5000031],[760840.99999997,6826271.7000031],[760834.49999997,6826261.1000031],[760829.79999997,6826249.1000031],[760831.49999997,6826246.3000031],[760844.19999997,6826225.8000031],[760853.79999997,6826202.7000031],[760864.19999997,6826182.8000031],[760876.39999997,6826162.3000031],[760898.49999997,6826148.10000311],[760900.89999997,6826148.10000311],[760901.49999997,6826149.40000311]]]},"geometry_name":"geom","properties":{"cleabs":null,"dep":"051","type":"I-D","bcae":"1","origine1":"BDTOPO","origine2":"terrain","millesim":"2026","comment":null,"layer":"BCAE_lineaire","path":"D:\\BCAE/2026/resultats/diffusion_France/086/BCAE_lineaire.shp","f_table_catalog":null,"f_table_schema":null,"f_table_name":null,"f_geometry_column":null,"stylename":null,"styleqml":null,"stylesld":null,"useasdefault":null,"description":null,"owner":null,"ui":null,"update_time":null}},{"type":"Feature","id":"bcae_cours_eau.965140","geometry":{"type":"MultiLineString","coordinates":[[[760683.29999997,6826114.30000311],[760673.89999997,6826126.80000311],[760665.79999997,6826133.5000031],[760654.79999997,6826139.0000031],[760638.49999997,6826145.90000311],[760610.99999997,6826155.30000311],[760595.69999997,6826163.7000031],[760577.69999997,6826187.9000031],[760568.19999997,6826197.4000031],[760555.29999997,6826204.50000311],[760551.29999997,6826201.1000031],[760547.99999997,6826198.3000031],[760541.09999997,6826185.6000031],[760530.99999997,6826179.90000311],[760520.99999997,6826192.40000311],[760515.89999997,6826204.2000031],[760507.79999997,6826214.9000031],[760496.69999997,6826224.30000311],[760478.39999997,6826235.60000311],[760474.39999997,6826238.80000311],[760461.29999997,6826249.7000031],[760449.79999997,6826261.0000031],[760432.19999997,6826270.90000311]]]},"geometry_name":"geom","properties":{"cleabs":null,"dep":"051","type":"I-D","bcae":"1","origine1":"BDTOPO","origine2":"terrain","millesim":"2026","comment":null,"layer":"BCAE_lineaire","path":"D:\\BCAE/2026/resultats/diffusion_France/086/BCAE_lineaire.shp","f_table_catalog":null,"f_table_schema":null,"f_table_name":null,"f_geometry_column":null,"stylename":null,"styleqml":null,"stylesld":null,"useasdefault":null,"description":null,"owner":null,"ui":null,"update_time":null}},{"type":"Feature","id":"bcae_cours_eau.965141","geometry":{"type":"MultiLineString","coordinates":[[[760432.19999997,6826270.90000311],[760422.39999997,6826284.4000031],[760415.79999997,6826301.3000031],[760404.29999997,6826315.4000031],[760387.99999997,6826320.2000031],[760372.19999997,6826322.6000031],[760354.59999997,6826328.3000031],[760342.79999997,6826333.8000031],[760327.29999997,6826337.9000031],[760312.79999997,6826339.60000311],[760295.59999997,6826338.90000311]]]},"geometry_name":"geom","properties":{"cleabs":null,"dep":"051","type":"I-D","bcae":"1","origine1":"BDTOPO","origine2":"terrain","millesim":"2026","comment":null,"layer":"BCAE_lineaire","path":"D:\\BCAE/2026/resultats/diffusion_France/086/BCAE_lineaire.shp","f_table_catalog":null,"f_table_schema":null,"f_table_name":null,"f_geometry_column":null,"stylename":null,"styleqml":null,"stylesld":null,"useasdefault":null,"description":null,"owner":null,"ui":null,"update_time":null}},{"type":"Feature","id":"bcae_cours_eau.965142","geometry":{"type":"MultiLineString","coordinates":[[[760762.29999997,6825951.50000311],[760704.99999997,6825952.00000311],[760694.39999997,6825952.50000311],[760688.39999997,6825952.90000311],[760676.69999997,6825960.70000311],[760672.29999997,6825963.6000031],[760665.59999997,6825972.50000311],[760638.59999997,6826003.80000311],[760627.19999997,6826013.90000311],[760623.69999997,6826017.10000311],[760604.29999997,6826031.30000311],[760597.99999997,6826033.90000311],[760582.99999997,6826040.40000311],[760545.59999997,6826043.90000311],[760522.89999997,6826040.1000031],[760498.39999997,6826031.90000311],[760477.89999997,6826015.80000311],[760454.89999997,6825988.70000311],[760433.69999997,6825965.1000031],[760412.79999997,6825935.50000311],[760406.69999997,6825925.20000311]]]},"geometry_name":"geom","properties":{"cleabs":null,"dep":"051","type":"I-D","bcae":"1","origine1":"BDTOPO","origine2":"terrain","millesim":"2026","comment":null,"layer":"BCAE_lineaire","path":"D:\\BCAE/2026/resultats/diffusion_France/086/BCAE_lineaire.shp","f_table_catalog":null,"f_table_schema":null,"f_table_name":null,"f_geometry_column":null,"stylename":null,"styleqml":null,"stylesld":null,"useasdefault":null,"description":null,"owner":null,"ui":null,"update_time":null}},{"type":"Feature","id":"bcae_cours_eau.965802","geometry":{"type":"MultiLineString","coordinates":[[[755639.19999997,6826227.7000031],[755634.79999997,6826240.5000031],[755640.39999997,6826250.4000031],[755649.59999997,6826258.1000031],[755656.29999997,6826265.70000311],[755654.79999997,6826278.2000031],[755651.39999997,6826291.6000031],[755646.39999997,6826304.8000031],[755646.69999997,6826317.0000031],[755662.99999997,6826337.6000031],[755666.39999997,6826350.4000031],[755668.49999997,6826362.40000311],[755669.89999997,6826377.4000031],[755670.09999997,6826386.6000031],[755667.09999997,6826396.2000031],[755664.79999997,6826403.90000311],[755653.49999997,6826409.50000311],[755652.89999997,6826410.4000031],[755645.69999997,6826417.3000031],[755644.29999997,6826431.0000031],[755648.89999997,6826434.5000031],[755663.39999997,6826436.60000311],[755670.79999997,6826441.2000031],[755676.79999997,6826439.8000031],[755692.99999997,6826432.00000311],[755705.39999997,6826429.2000031],[755707.49999997,6826431.0000031],[755713.49999997,6826452.8000031],[755713.49999997,6826471.8000031],[755708.19999997,6826479.6000031],[755698.69999997,6826481.7000031],[755691.59999997,6826482.4000031],[755688.79999997,6826478.5000031],[755680.69999997,6826462.3000031],[755676.09999997,6826459.5000031],[755666.89999997,6826463.0000031],[755661.99999997,6826478.5000031],[755664.39999997,6826482.1000031],[755676.09999997,6826487.7000031],[755677.89999997,6826490.90000311],[755673.99999997,6826500.0000031],[755662.69999997,6826527.5000031],[755648.59999997,6826535.3000031],[755642.89999997,6826541.3000031],[755635.19999997,6826566.6000031],[755625.59999997,6826579.7000031],[755616.39999997,6826590.9000031],[755609.39999997,6826593.8000031],[755593.09999997,6826590.9000031],[755581.89999997,6826611.0000031]]]},"geometry_name":"geom","properties":{"cleabs":null,"dep":"051","type":"I-D","bcae":"1","origine1":"BDTOPO","origine2":"terrain","millesim":"2026","comment":null,"layer":"BCAE_lineaire","path":"D:\\BCAE/2026/resultats/diffusion_France/086/BCAE_lineaire.shp","f_table_catalog":null,"f_table_schema":null,"f_table_name":null,"f_geometry_column":null,"stylename":null,"styleqml":null,"stylesld":null,"useasdefault":null,"description":null,"owner":null,"ui":null,"update_time":null}},{"type":"Feature","id":"bcae_cours_eau.967313","geometry":{"type":"MultiLineString","coordinates":[[[759450.09999997,6825364.20000311],[759430.96519054,6825373.00057473],[759407.78538341,6825363.24065594],[759391.92551537,6825349.8207676],[759379.72561688,6825335.18088941],[759354.71582498,6825326.64096047],[759338.85595694,6825332.74090971],[759333.36600262,6825342.5008285],[759332.14601277,6825363.85065086],[759332.75600769,6825376.05054935],[759340.07594679,6825385.81046814],[759344.95590618,6825394.96039201],[759345.56590111,6825408.99027528],[759342.51592649,6825418.14019914],[759335.19598739,6825443.75998597],[759307.13622086,6825461.44983878],[759298.59629192,6825466.9397931],[759286.39639343,6825478.52969667],[759284.56640866,6825490.72959516],[759290.6663579,6825501.7095038],[759310.79619041,6825517.56937184],[759333.36600262,6825530.37926525],[759353.49583513,6825535.25922465],[759374.23566256,6825532.81924495],[759395.58548492,6825514.51939721],[759404.12541386,6825497.43953933],[759411.44535295,6825479.74968651],[759423.03525652,6825466.32979818],[759429.74520069,6825461.44983878],[759435.23515501,6825455.95988446],[759445.60506873,6825440.10001642],[759453.53500275,6825435.83005196],[759462.68492661,6825422.41016361],[759476.10481495,6825407.1602905],[759498.67462716,6825388.86044276],[759529.17437338,6825372.39057981],[759552.96417544,6825358.36069654],[759562.72409423,6825328.47094524],[759559.67411961,6825321.15100615],[759552.96417544,6825311.39108735],[759537.71430233,6825294.31122947],[759518.19446474,6825282.11133098],[759512.0945155,6825273.57140204],[759512.0945155,6825266.86145786],[759518.80445967,6825251.00158983],[759524.29441399,6825238.80169134],[759536.49431248,6825216.23187913],[759544.4242465,6825203.42198572],[759549.30420589,6825189.39210246],[759554.18416529,6825175.36221919],[759556.62414499,6825162.55232578],[759559.67411961,6825152.79240699],[759556.89999997,6825130.80000312]]]},"geometry_name":"geom","properties":{"cleabs":null,"dep":"051","type":"I-D","bcae":"1","origine1":"BDTOPO","origine2":"terrain","millesim":"2026","comment":null,"layer":"BCAE_lineaire","path":"D:\\BCAE/2026/resultats/diffusion_France/086/BCAE_lineaire.shp","f_table_catalog":null,"f_table_schema":null,"f_table_name":null,"f_geometry_column":null,"stylename":null,"styleqml":null,"stylesld":null,"useasdefault":null,"description":null,"owner":null,"ui":null,"update_time":null}},{"type":"Feature","id":"bcae_cours_eau.967521","geometry":{"type":"MultiLineString","coordinates":[[[760027.64663767,6826288.56243483],[760033.39999997,6826306.6000031],[759957.29999997,6826386.5000031],[759950.59999997,6826395.4000031],[759929.29999997,6826423.5000031],[759923.39999997,6826435.2000031]]]},"geometry_name":"geom","properties":{"cleabs":null,"dep":"051","type":"I-D","bcae":"1","origine1":"BDTOPO","origine2":"terrain","millesim":"2026","comment":null,"layer":"BCAE_lineaire","path":"D:\\BCAE/2026/resultats/diffusion_France/086/BCAE_lineaire.shp","f_table_catalog":null,"f_table_schema":null,"f_table_name":null,"f_geometry_column":null,"stylename":null,"styleqml":null,"stylesld":null,"useasdefault":null,"description":null,"owner":null,"ui":null,"update_time":null}},{"type":"Feature","id":"bcae_cours_eau.967854","geometry":{"type":"MultiLineString","coordinates":[[[761003.02671818,6825689.0020108],[761001.69999997,6825689.70000311],[760981.19999997,6825701.70000311],[760948.39999997,6825717.90000311],[760932.29999997,6825734.50000311],[760922.59999997,6825764.90000311],[760916.99999997,6825777.90000311],[760906.29999997,6825792.80000311],[760880.19999997,6825820.60000311],[760866.89999997,6825836.90000311],[760858.29999997,6825850.1000031],[760856.99999997,6825853.00000311],[760847.39999997,6825874.40000311],[760844.29999997,6825880.40000311],[760832.69999997,6825894.60000311],[760822.99999997,6825909.90000311],[760815.09999997,6825926.10000311],[760790.99999997,6825944.30000311],[760769.09999997,6825951.3000031],[760762.29999997,6825951.50000311]]]},"geometry_name":"geom","properties":{"cleabs":null,"dep":"051","type":"I-D","bcae":"1","origine1":"BDTOPO","origine2":"terrain","millesim":"2026","comment":null,"layer":"BCAE_lineaire","path":"D:\\BCAE/2026/resultats/diffusion_France/086/BCAE_lineaire.shp","f_table_catalog":null,"f_table_schema":null,"f_table_name":null,"f_geometry_column":null,"stylename":null,"styleqml":null,"stylesld":null,"useasdefault":null,"description":null,"owner":null,"ui":null,"update_time":null}}]}