{"type":"FeatureCollection","metadata":{"source":"BD TOPO haie (linéaire, Dispositif national de suivi des bocages)","typename":"BDTOPO_V3:haie","service":"https://data.geopf.fr/wfs/ows","request":"GetFeature BDTOPO_V3:haie BBOX 755390,6819514,761486,6826372 EPSG:2154 (emprise du terrain V1.7)","retrievedAt":"2026-09-25T03:50:16.052Z","license":"Licence Ouverte Etalab 2.0 — © IGN / ASP","crs":"CRS84"},"features":[{"type":"Feature","id":"haie.15926409","geometry":{"type":"LineString","coordinates":[[3.78379479,48.50710508],[3.78418321,48.50709532]]},"geometry_name":"geometrie","properties":{"cleabs":"HAIELINE0000002230051493","date_creation":"2021-05-17T16:15:17.982Z","date_modification":"2024-03-16T00:46:31.884Z","date_d_apparition":null,"date_de_confirmation":null,"hauteur":null,"largeur":null,"sources":"DSB","identifiants_sources":"DSB:HAIELIGN0000000000053529","methode_d_acquisition_planimetrique":"Orthophotographie","precision_planimetrique":3}},{"type":"Feature","id":"haie.14412238","geometry":{"type":"LineString","coordinates":[[3.78379849,48.50698991],[3.78375565,48.50702258],[3.78379479,48.50710508]]},"geometry_name":"geometrie","properties":{"cleabs":"HAIELINE0000002230059717","date_creation":"2021-05-17T16:15:17.982Z","date_modification":"2023-08-24T11:53:22.432Z","date_d_apparition":null,"date_de_confirmation":null,"hauteur":null,"largeur":null,"sources":"DSB","identifiants_sources":"DSB:HAIELIGN0000000000053530","methode_d_acquisition_planimetrique":"Orthophotographie","precision_planimetrique":3}},{"type":"Feature","id":"haie.14412286","geometry":{"type":"LineString","coordinates":[[3.76036195,48.53017696],[3.76045984,48.53020242],[3.76048606,48.53023554],[3.76066057,48.53031449]]},"geometry_name":"geometrie","properties":{"cleabs":"HAIELINE0000002230059767","date_creation":"2021-05-17T16:15:17.982Z","date_modification":"2023-08-24T11:53:22.432Z","date_d_apparition":null,"date_de_confirmation":null,"hauteur":null,"largeur":null,"sources":"DSB","identifiants_sources":"DSB:HAIELIGN0000000000053442","methode_d_acquisition_planimetrique":"Orthophotographie","precision_planimetrique":3}},{"type":"Feature","id":"haie.15707268","geometry":{"type":"LineString","coordinates":[[3.76409666,48.49516031],[3.76400455,48.4951555]]},"geometry_name":"geometrie","properties":{"cleabs":"HAIELINE0000002230059787","date_creation":"2021-05-17T16:15:17.982Z","date_modification":"2024-03-16T00:46:31.884Z","date_d_apparition":null,"date_de_confirmation":null,"hauteur":null,"largeur":null,"sources":"DSB","identifiants_sources":"DSB:HAIELIGN0000000000053670","methode_d_acquisition_planimetrique":"Orthophotographie","precision_planimetrique":3}},{"type":"Feature","id":"haie.14412384","geometry":{"type":"LineString","coordinates":[[3.76065513,48.53068606],[3.76069404,48.53075418],[3.7608488,48.53068482],[3.76103116,48.53055771]]},"geometry_name":"geometrie","properties":{"cleabs":"HAIELINE0000002230059867","date_creation":"2021-05-17T16:15:17.982Z","date_modification":"2023-08-24T11:53:22.432Z","date_d_apparition":null,"date_de_confirmation":null,"hauteur":null,"largeur":null,"sources":"DSB","identifiants_sources":"DSB:HAIELIGN0000000000053403","methode_d_acquisition_planimetrique":"Orthophotographie","precision_planimetrique":3}},{"type":"Feature","id":"haie.15921694","geometry":{"type":"LineString","coordinates":[[3.78906098,48.52139408],[3.78899485,48.52140892],[3.78870426,48.52135687],[3.78867294,48.52134538]]},"geometry_name":"geometrie","properties":{"cleabs":"HAIELINE0000002230059870","date_creation":"2021-05-17T16:15:17.982Z","date_modification":"2024-03-16T00:46:31.884Z","date_d_apparition":null,"date_de_confirmation":null,"hauteur":null,"largeur":null,"sources":"DSB","identifiants_sources":"DSB:HAIELIGN0000000000053407","methode_d_acquisition_planimetrique":"Orthophotographie","precision_planimetrique":3}},{"type":"Feature","id":"haie.14412389","geometry":{"type":"LineString","coordinates":[[3.78877768,48.52065558],[3.78881939,48.52072817],[3.7889197,48.52082466],[3.78898529,48.52095377],[3.78916462,48.52117119],[3.78915186,48.52131341],[3.78906098,48.52139408]]},"geometry_name":"geometrie","properties":{"cleabs":"HAIELINE0000002230059871","date_creation":"2021-05-17T16:15:17.982Z","date_modification":"2023-08-24T11:53:22.432Z","date_d_apparition":null,"date_de_confirmation":null,"hauteur":null,"largeur":null,"sources":"DSB","identifiants_sources":"DSB:HAIELIGN0000000000053408","methode_d_acquisition_planimetrique":"Orthophotographie","precision_planimetrique":3}},{"type":"Feature","id":"haie.14412391","geometry":{"type":"LineString","coordinates":[[3.76017835,48.53031217],[3.7602358,48.53025783],[3.76024475,48.53022089],[3.76036195,48.53017696]]},"geometry_name":"geometrie","properties":{"cleabs":"HAIELINE0000002230059873","date_creation":"2021-05-17T16:15:17.982Z","date_modification":"2023-08-24T11:53:22.432Z","date_d_apparition":null,"date_de_confirmation":null,"hauteur":null,"largeur":null,"sources":"DSB","identifiants_sources":"DSB:HAIELIGN0000000000053443","methode_d_acquisition_planimetrique":"Orthophotographie","precision_planimetrique":3}},{"type":"Feature","id":"haie.15835262","geometry":{"type":"LineString","coordinates":[[3.78943652,48.52106143],[3.78943598,48.52111541],[3.78936741,48.52114825]]},"geometry_name":"geometrie","properties":{"cleabs":"HAIELINE0000002230059876","date_creation":"2021-05-17T16:15:17.982Z","date_modification":"2024-03-16T00:46:31.884Z","date_d_apparition":null,"date_de_confirmation":null,"hauteur":null,"largeur":null,"sources":"DSB","identifiants_sources":"DSB:HAIELIGN0000000000053411","methode_d_acquisition_planimetrique":"Orthophotographie","precision_planimetrique":3}},{"type":"Feature","id":"haie.15641510","geometry":{"type":"LineString","coordinates":[[3.78917291,48.52091204],[3.78943652,48.52106143]]},"geometry_name":"geometrie","properties":{"cleabs":"HAIELINE0000002230059877","date_creation":"2021-05-17T16:15:17.982Z","date_modification":"2024-03-16T00:46:31.884Z","date_d_apparition":null,"date_de_confirmation":null,"hauteur":null,"largeur":null,"sources":"DSB","identifiants_sources":"DSB:HAIELIGN0000000000053412","methode_d_acquisition_planimetrique":"Orthophotographie","precision_planimetrique":3}},{"type":"Feature","id":"haie.15773760","geometry":{"type":"LineString","coordinates":[[3.81325973,48.51412842],[3.81325394,48.5142787],[3.81331006,48.51440517],[3.81325703,48.51456566],[3.81328596,48.51468512]]},"geometry_name":"geometrie","properties":{"cleabs":"HAIELINE0000002230059881","date_creation":"2021-05-17T16:15:17.982Z","date_modification":"2024-03-16T00:46:31.884Z","date_d_apparition":null,"date_de_confirmation":null,"hauteur":null,"largeur":null,"sources":"DSB","identifiants_sources":"DSB:HAIELIGN0000000000053416","methode_d_acquisition_planimetrique":"Orthophotographie","precision_planimetrique":3}},{"type":"Feature","id":"haie.15688208","geometry":{"type":"LineString","coordinates":[[3.81322556,48.51332169],[3.81327654,48.51364071],[3.81325973,48.51412842]]},"geometry_name":"geometrie","properties":{"cleabs":"HAIELINE0000002230059887","date_creation":"2021-05-17T16:15:17.982Z","date_modification":"2024-03-16T00:46:31.884Z","date_d_apparition":null,"date_de_confirmation":null,"hauteur":null,"largeur":null,"sources":"DSB","identifiants_sources":"DSB:HAIELIGN0000000000053422","methode_d_acquisition_planimetrique":"Orthophotographie","precision_planimetrique":3}},{"type":"Feature","id":"haie.15822407","geometry":{"type":"LineString","coordinates":[[3.79410604,48.50147958],[3.79413089,48.50142184],[3.79412163,48.50134633],[3.79408545,48.5012818],[3.79407708,48.5011757],[3.79410581,48.50110624]]},"geometry_name":"geometrie","properties":{"cleabs":"HAIELINE0000002230059892","date_creation":"2021-05-17T16:15:17.982Z","date_modification":"2024-03-16T00:46:31.884Z","date_d_apparition":null,"date_de_confirmation":null,"hauteur":null,"largeur":null,"sources":"DSB","identifiants_sources":"DSB:HAIELIGN0000000000053427","methode_d_acquisition_planimetrique":"Orthophotographie","precision_planimetrique":3}},{"type":"Feature","id":"haie.14412415","geometry":{"type":"LineString","coordinates":[[3.7539859,48.50733665],[3.75409051,48.50726761],[3.75424871,48.50725401],[3.75441319,48.50720529],[3.75451868,48.50719742],[3.75460475,48.50715729]]},"geometry_name":"geometrie","properties":{"cleabs":"HAIELINE0000002230059895","date_creation":"2021-05-17T16:15:17.982Z","date_modification":"2023-08-24T11:53:22.432Z","date_d_apparition":null,"date_de_confirmation":null,"hauteur":null,"largeur":null,"sources":"DSB","identifiants_sources":"DSB:HAIELIGN0000000000053430","methode_d_acquisition_planimetrique":"Orthophotographie","precision_planimetrique":3}},{"type":"Feature","id":"haie.15623526","geometry":{"type":"LineString","coordinates":[[3.76150492,48.50702961],[3.76159373,48.50699216],[3.76190603,48.50696137],[3.76203966,48.50693352],[3.76213184,48.50694192],[3.76216429,48.50693902]]},"geometry_name":"geometrie","properties":{"cleabs":"HAIELINE0000002230059896","date_creation":"2021-05-17T16:15:17.982Z","date_modification":"2024-03-16T00:46:31.884Z","date_d_apparition":null,"date_de_confirmation":null,"hauteur":null,"largeur":null,"sources":"DSB","identifiants_sources":"DSB:HAIELIGN0000000000053431","methode_d_acquisition_planimetrique":"Orthophotographie","precision_planimetrique":3}},{"type":"Feature","id":"haie.14412417","geometry":{"type":"LineString","coordinates":[[3.76150492,48.50702961],[3.76147807,48.50713864],[3.76154373,48.507185],[3.76156626,48.50724513],[3.76174744,48.50732133],[3.76184098,48.50732973],[3.76191037,48.50735358],[3.76198609,48.50744035],[3.76219522,48.50757666],[3.76236402,48.50764035],[3.76248479,48.50765936],[3.76274224,48.50758034],[3.76284438,48.50752841],[3.76292543,48.50751619],[3.76308542,48.5074387]]},"geometry_name":"geometrie","properties":{"cleabs":"HAIELINE0000002230059897","date_creation":"2021-05-17T16:15:17.982Z","date_modification":"2023-08-24T11:53:22.432Z","date_d_apparition":null,"date_de_confirmation":null,"hauteur":null,"largeur":null,"sources":"DSB","identifiants_sources":"DSB:HAIELIGN0000000000053432","methode_d_acquisition_planimetrique":"Orthophotographie","precision_planimetrique":3}},{"type":"Feature","id":"haie.14412418","geometry":{"type":"LineString","coordinates":[[3.76086036,48.50702114],[3.76133782,48.5069902],[3.76150492,48.50702961]]},"geometry_name":"geometrie","properties":{"cleabs":"HAIELINE0000002230059898","date_creation":"2021-05-17T16:15:17.982Z","date_modification":"2023-08-24T11:53:22.432Z","date_d_apparition":null,"date_de_confirmation":null,"hauteur":null,"largeur":null,"sources":"DSB","identifiants_sources":"DSB:HAIELIGN0000000000053433","methode_d_acquisition_planimetrique":"Orthophotographie","precision_planimetrique":3}},{"type":"Feature","id":"haie.14412419","geometry":{"type":"LineString","coordinates":[[3.77029099,48.51621484],[3.77029991,48.516177],[3.77036002,48.51612083],[3.77040568,48.51600268],[3.77049445,48.51586986],[3.77052267,48.51576263],[3.77062928,48.51564588],[3.77068095,48.51556818],[3.77069493,48.51550602],[3.77079514,48.5154145],[3.77085167,48.51529899],[3.7709403,48.51524893],[3.7709324,48.51507985]]},"geometry_name":"geometrie","properties":{"cleabs":"HAIELINE0000002230059899","date_creation":"2021-05-17T16:15:17.982Z","date_modification":"2023-08-24T11:53:22.432Z","date_d_apparition":null,"date_de_confirmation":null,"hauteur":null,"largeur":null,"sources":"DSB","identifiants_sources":"DSB:HAIELIGN0000000000053434","methode_d_acquisition_planimetrique":"Orthophotographie","precision_planimetrique":3}},{"type":"Feature","id":"haie.14412420","geometry":{"type":"LineString","coordinates":[[3.77040769,48.51632384],[3.7703298,48.51627576],[3.77029099,48.51621484]]},"geometry_name":"geometrie","properties":{"cleabs":"HAIELINE0000002230059900","date_creation":"2021-05-17T16:15:17.982Z","date_modification":"2023-08-24T11:53:22.432Z","date_d_apparition":null,"date_de_confirmation":null,"hauteur":null,"largeur":null,"sources":"DSB","identifiants_sources":"DSB:HAIELIGN0000000000053435","methode_d_acquisition_planimetrique":"Orthophotographie","precision_planimetrique":3}},{"type":"Feature","id":"haie.14412425","geometry":{"type":"LineString","coordinates":[[3.76066057,48.53031449],[3.76075027,48.5303355],[3.7608337,48.53039075],[3.76105295,48.53047211]]},"geometry_name":"geometrie","properties":{"cleabs":"HAIELINE0000002230059905","date_creation":"2021-05-17T16:15:17.982Z","date_modification":"2023-08-24T11:53:22.432Z","date_d_apparition":null,"date_de_confirmation":null,"hauteur":null,"largeur":null,"sources":"DSB","identifiants_sources":"DSB:HAIELIGN0000000000053440","methode_d_acquisition_planimetrique":"Orthophotographie","precision_planimetrique":3}},{"type":"Feature","id":"haie.14412426","geometry":{"type":"LineString","coordinates":[[3.76047095,48.53068814],[3.76065765,48.53057989],[3.76069921,48.53045728],[3.76065356,48.530391],[3.76066057,48.53031449]]},"geometry_name":"geometrie","properties":{"cleabs":"HAIELINE0000002230059906","date_creation":"2021-05-17T16:15:17.982Z","date_modification":"2023-08-24T11:53:22.432Z","date_d_apparition":null,"date_de_confirmation":null,"hauteur":null,"largeur":null,"sources":"DSB","identifiants_sources":"DSB:HAIELIGN0000000000053441","methode_d_acquisition_planimetrique":"Orthophotographie","precision_planimetrique":3}},{"type":"Feature","id":"haie.14412428","geometry":{"type":"LineString","coordinates":[[3.80913437,48.50028693],[3.80935813,48.50022513],[3.80947614,48.50024052]]},"geometry_name":"geometrie","properties":{"cleabs":"HAIELINE0000002230059908","date_creation":"2021-05-17T16:15:17.982Z","date_modification":"2023-08-24T11:53:22.432Z","date_d_apparition":null,"date_de_confirmation":null,"hauteur":null,"largeur":null,"sources":"DSB","identifiants_sources":"DSB:HAIELIGN0000000000053445","methode_d_acquisition_planimetrique":"Orthophotographie","precision_planimetrique":3}},{"type":"Feature","id":"haie.14412443","geometry":{"type":"LineString","coordinates":[[3.75932979,48.53092124],[3.75940602,48.53094774],[3.75961427,48.53092392]]},"geometry_name":"geometrie","properties":{"cleabs":"HAIELINE0000002230059922","date_creation":"2021-05-17T16:15:17.982Z","date_modification":"2023-08-24T11:53:22.432Z","date_d_apparition":null,"date_de_confirmation":null,"hauteur":null,"largeur":null,"sources":"DSB","identifiants_sources":"DSB:HAIELIGN0000000000053459","methode_d_acquisition_planimetrique":"Orthophotographie","precision_planimetrique":3}},{"type":"Feature","id":"haie.14412444","geometry":{"type":"LineString","coordinates":[[3.75908404,48.53059984],[3.75924525,48.53078863],[3.75932979,48.53092124]]},"geometry_name":"geometrie","properties":{"cleabs":"HAIELINE0000002230059923","date_creation":"2021-05-17T16:15:17.982Z","date_modification":"2023-08-24T11:53:22.432Z","date_d_apparition":null,"date_de_confirmation":null,"hauteur":null,"largeur":null,"sources":"DSB","identifiants_sources":"DSB:HAIELIGN0000000000053460","methode_d_acquisition_planimetrique":"Orthophotographie","precision_planimetrique":3}},{"type":"Feature","id":"haie.14412445","geometry":{"type":"LineString","coordinates":[[3.78562191,48.51664886],[3.78565196,48.51666576],[3.78561446,48.51678386],[3.78570641,48.51704684],[3.78565257,48.51715875],[3.78571912,48.51735263],[3.78579675,48.51747266],[3.78579154,48.51757705],[3.78583994,48.51764421],[3.7859069,48.51795593],[3.78600736,48.51815319],[3.78604983,48.51836702],[3.78617077,48.51857583],[3.78616923,48.51874407],[3.78627252,48.51885944],[3.78619539,48.51895351]]},"geometry_name":"geometrie","properties":{"cleabs":"HAIELINE0000002230059924","date_creation":"2021-05-17T16:15:17.982Z","date_modification":"2023-08-24T11:53:22.432Z","date_d_apparition":null,"date_de_confirmation":null,"hauteur":null,"largeur":null,"sources":"DSB","identifiants_sources":"DSB:HAIELIGN0000000000053461","methode_d_acquisition_planimetrique":"Orthophotographie","precision_planimetrique":3}},{"type":"Feature","id":"haie.14412446","geometry":{"type":"LineString","coordinates":[[3.78540193,48.516698],[3.78562191,48.51664886]]},"geometry_name":"geometrie","properties":{"cleabs":"HAIELINE0000002230059925","date_creation":"2021-05-17T16:15:17.982Z","date_modification":"2023-08-24T11:53:22.432Z","date_d_apparition":null,"date_de_confirmation":null,"hauteur":null,"largeur":null,"sources":"DSB","identifiants_sources":"DSB:HAIELIGN0000000000053462","methode_d_acquisition_planimetrique":"Orthophotographie","precision_planimetrique":3}},{"type":"Feature","id":"haie.14412448","geometry":{"type":"LineString","coordinates":[[3.79042982,48.50052439],[3.79053515,48.5005075],[3.79062357,48.5005357],[3.79066543,48.50052912],[3.79070758,48.50054144],[3.7907991,48.50059571],[3.79102147,48.50061942]]},"geometry_name":"geometrie","properties":{"cleabs":"HAIELINE0000002230059927","date_creation":"2021-05-17T16:15:17.982Z","date_modification":"2023-08-24T11:53:22.432Z","date_d_apparition":null,"date_de_confirmation":null,"hauteur":null,"largeur":null,"sources":"DSB","identifiants_sources":"DSB:HAIELIGN0000000000053464","methode_d_acquisition_planimetrique":"Orthophotographie","precision_planimetrique":3}},{"type":"Feature","id":"haie.14412449","geometry":{"type":"LineString","coordinates":[[3.83272111,48.51673933],[3.83278006,48.5167848],[3.83283467,48.51689777]]},"geometry_name":"geometrie","properties":{"cleabs":"HAIELINE0000002230059928","date_creation":"2021-05-17T16:15:17.982Z","date_modification":"2023-08-24T11:53:22.432Z","date_d_apparition":null,"date_de_confirmation":null,"hauteur":null,"largeur":null,"sources":"DSB","identifiants_sources":"DSB:HAIELIGN0000000000053465","methode_d_acquisition_planimetrique":"Orthophotographie","precision_planimetrique":3}},{"type":"Feature","id":"haie.14412450","geometry":{"type":"LineString","coordinates":[[3.83174183,48.51663823],[3.83181073,48.51671332],[3.83183922,48.51671672],[3.83199752,48.51670841],[3.83205876,48.51672777],[3.83222646,48.516714],[3.83236096,48.51674185],[3.83243788,48.51672512],[3.83260202,48.51674376],[3.83272111,48.51673933]]},"geometry_name":"geometrie","properties":{"cleabs":"HAIELINE0000002230059929","date_creation":"2021-05-17T16:15:17.982Z","date_modification":"2023-08-24T11:53:22.432Z","date_d_apparition":null,"date_de_confirmation":null,"hauteur":null,"largeur":null,"sources":"DSB","identifiants_sources":"DSB:HAIELIGN0000000000053466","methode_d_acquisition_planimetrique":"Orthophotographie","precision_planimetrique":3}},{"type":"Feature","id":"haie.15619734","geometry":{"type":"LineString","coordinates":[[3.76160767,48.51242941],[3.76168718,48.51240371],[3.76179685,48.51240301],[3.76186798,48.51235937],[3.76212451,48.51230914],[3.76227005,48.51226143]]},"geometry_name":"geometrie","properties":{"cleabs":"HAIELINE0000002230059941","date_creation":"2021-05-17T16:15:17.982Z","date_modification":"2024-03-16T00:46:31.884Z","date_d_apparition":null,"date_de_confirmation":null,"hauteur":null,"largeur":null,"sources":"DSB","identifiants_sources":"DSB:HAIELIGN0000000000053478","methode_d_acquisition_planimetrique":"Orthophotographie","precision_planimetrique":3}},{"type":"Feature","id":"haie.14412469","geometry":{"type":"LineString","coordinates":[[3.75925994,48.53105482],[3.75932218,48.53105083],[3.75937012,48.53118097],[3.75941776,48.53119685],[3.75958974,48.53119396]]},"geometry_name":"geometrie","properties":{"cleabs":"HAIELINE0000002230059948","date_creation":"2021-05-17T16:15:17.982Z","date_modification":"2023-08-24T11:53:22.432Z","date_d_apparition":null,"date_de_confirmation":null,"hauteur":null,"largeur":null,"sources":"DSB","identifiants_sources":"DSB:HAIELIGN0000000000053485","methode_d_acquisition_planimetrique":"Orthophotographie","precision_planimetrique":3}},{"type":"Feature","id":"haie.14412470","geometry":{"type":"LineString","coordinates":[[3.75892795,48.53104525],[3.75905864,48.53109119],[3.75914412,48.53110144],[3.75925994,48.53105482]]},"geometry_name":"geometrie","properties":{"cleabs":"HAIELINE0000002230059949","date_creation":"2021-05-17T16:15:17.982Z","date_modification":"2023-08-24T11:53:22.432Z","date_d_apparition":null,"date_de_confirmation":null,"hauteur":null,"largeur":null,"sources":"DSB","identifiants_sources":"DSB:HAIELIGN0000000000053486","methode_d_acquisition_planimetrique":"Orthophotographie","precision_planimetrique":3}},{"type":"Feature","id":"haie.14412472","geometry":{"type":"LineString","coordinates":[[3.80491159,48.51631018],[3.8051968,48.51627766],[3.80536942,48.51631967],[3.80542491,48.5163175],[3.80553552,48.51637792],[3.80557884,48.51637763],[3.80572064,48.51635238],[3.8057676,48.51632417],[3.80583252,48.51623107]]},"geometry_name":"geometrie","properties":{"cleabs":"HAIELINE0000002230059951","date_creation":"2021-05-17T16:15:17.982Z","date_modification":"2023-08-24T11:53:22.432Z","date_d_apparition":null,"date_de_confirmation":null,"hauteur":null,"largeur":null,"sources":"DSB","identifiants_sources":"DSB:HAIELIGN0000000000053488","methode_d_acquisition_planimetrique":"Orthophotographie","precision_planimetrique":3}},{"type":"Feature","id":"haie.14412473","geometry":{"type":"LineString","coordinates":[[3.78706911,48.52149905],[3.78720889,48.52142796],[3.78746122,48.52136691],[3.78776287,48.52134422],[3.78784373,48.52131759],[3.78794314,48.52135472],[3.7881766,48.52139006],[3.78844552,48.52135139],[3.78879269,48.52156409],[3.78889719,48.52157869],[3.78911611,48.52154755]]},"geometry_name":"geometrie","properties":{"cleabs":"HAIELINE0000002230059952","date_creation":"2021-05-17T16:15:17.982Z","date_modification":"2023-08-24T11:53:22.432Z","date_d_apparition":null,"date_de_confirmation":null,"hauteur":null,"largeur":null,"sources":"DSB","identifiants_sources":"DSB:HAIELIGN0000000000053489","methode_d_acquisition_planimetrique":"Orthophotographie","precision_planimetrique":3}},{"type":"Feature","id":"haie.15799456","geometry":{"type":"LineString","coordinates":[[3.77471046,48.50152217],[3.77537908,48.50142244]]},"geometry_name":"geometrie","properties":{"cleabs":"HAIELINE0000002230059953","date_creation":"2021-05-17T16:15:17.982Z","date_modification":"2024-03-16T00:46:31.884Z","date_d_apparition":null,"date_de_confirmation":null,"hauteur":null,"largeur":null,"sources":"DSB","identifiants_sources":"DSB:HAIELIGN0000000000053490","methode_d_acquisition_planimetrique":"Orthophotographie","precision_planimetrique":3}},{"type":"Feature","id":"haie.15611286","geometry":{"type":"LineString","coordinates":[[3.76215735,48.52808376],[3.76238631,48.52808859],[3.76247006,48.52807275],[3.7626615,48.52810481],[3.76275172,48.52806915],[3.76280988,48.52806338]]},"geometry_name":"geometrie","properties":{"cleabs":"HAIELINE0000002230059954","date_creation":"2021-05-17T16:15:17.982Z","date_modification":"2024-03-16T00:46:31.884Z","date_d_apparition":null,"date_de_confirmation":null,"hauteur":null,"largeur":null,"sources":"DSB","identifiants_sources":"DSB:HAIELIGN0000000000053491","methode_d_acquisition_planimetrique":"Orthophotographie","precision_planimetrique":3}},{"type":"Feature","id":"haie.14412481","geometry":{"type":"LineString","coordinates":[[3.7677662,48.50404483],[3.76779115,48.50408425],[3.76794278,48.50417683],[3.76797599,48.5042261]]},"geometry_name":"geometrie","properties":{"cleabs":"HAIELINE0000002230059960","date_creation":"2021-05-17T16:15:17.982Z","date_modification":"2023-08-24T11:53:22.432Z","date_d_apparition":null,"date_de_confirmation":null,"hauteur":null,"largeur":null,"sources":"DSB","identifiants_sources":"DSB:HAIELIGN0000000000053497","methode_d_acquisition_planimetrique":"Orthophotographie","precision_planimetrique":3}},{"type":"Feature","id":"haie.14412482","geometry":{"type":"LineString","coordinates":[[3.76786173,48.50391197],[3.7677662,48.50404483]]},"geometry_name":"geometrie","properties":{"cleabs":"HAIELINE0000002230059961","date_creation":"2021-05-17T16:15:17.982Z","date_modification":"2023-08-24T11:53:22.432Z","date_d_apparition":null,"date_de_confirmation":null,"hauteur":null,"largeur":null,"sources":"DSB","identifiants_sources":"DSB:HAIELIGN0000000000053498","methode_d_acquisition_planimetrique":"Orthophotographie","precision_planimetrique":3}},{"type":"Feature","id":"haie.14412487","geometry":{"type":"LineString","coordinates":[[3.75737636,48.53109023],[3.7573123,48.53106275],[3.75724359,48.53099482],[3.75702575,48.53072902],[3.75708051,48.53067559],[3.75708111,48.53062341],[3.7572577,48.53056471],[3.75761978,48.53040767]]},"geometry_name":"geometrie","properties":{"cleabs":"HAIELINE0000002230059966","date_creation":"2021-05-17T16:15:17.982Z","date_modification":"2023-08-24T11:53:22.432Z","date_d_apparition":null,"date_de_confirmation":null,"hauteur":null,"largeur":null,"sources":"DSB","identifiants_sources":"DSB:HAIELIGN0000000000053503","methode_d_acquisition_planimetrique":"Orthophotographie","precision_planimetrique":3}},{"type":"Feature","id":"haie.14412493","geometry":{"type":"LineString","coordinates":[[3.75147943,48.5321658],[3.75148325,48.53224314],[3.75151671,48.5323095],[3.75150587,48.53240403],[3.75155179,48.5324892]]},"geometry_name":"geometrie","properties":{"cleabs":"HAIELINE0000002230059972","date_creation":"2021-05-17T16:15:17.982Z","date_modification":"2023-08-24T11:53:22.432Z","date_d_apparition":null,"date_de_confirmation":null,"hauteur":null,"largeur":null,"sources":"DSB","identifiants_sources":"DSB:HAIELIGN0000000000053509","methode_d_acquisition_planimetrique":"Orthophotographie","precision_planimetrique":3}},{"type":"Feature","id":"haie.17851605","geometry":{"type":"LineString","coordinates":[[3.78328631,48.48229458],[3.78463953,48.48202205]]},"geometry_name":"geometrie","properties":{"cleabs":"HAIELINE0000002230059974","date_creation":"2021-05-17T16:15:17.982Z","date_modification":"2024-03-15T10:13:40.305Z","date_d_apparition":null,"date_de_confirmation":null,"hauteur":null,"largeur":null,"sources":"DSB","identifiants_sources":"DSB:HAIELIGN0000000000053511","methode_d_acquisition_planimetrique":"Orthophotographie","precision_planimetrique":3}},{"type":"Feature","id":"haie.14412496","geometry":{"type":"LineString","coordinates":[[3.77883941,48.51730615],[3.77873868,48.51727082],[3.77882272,48.51709395]]},"geometry_name":"geometrie","properties":{"cleabs":"HAIELINE0000002230059975","date_creation":"2021-05-17T16:15:17.982Z","date_modification":"2023-08-24T11:53:22.432Z","date_d_apparition":null,"date_de_confirmation":null,"hauteur":null,"largeur":null,"sources":"DSB","identifiants_sources":"DSB:HAIELIGN0000000000053580","methode_d_acquisition_planimetrique":"Orthophotographie","precision_planimetrique":3}},{"type":"Feature","id":"haie.15638847","geometry":{"type":"LineString","coordinates":[[3.75156224,48.53321782],[3.75166623,48.53319647],[3.75196179,48.53321529],[3.75209377,48.53316228],[3.75225105,48.53317298],[3.7524645,48.53313295],[3.75254909,48.53308113]]},"geometry_name":"geometrie","properties":{"cleabs":"HAIELINE0000002230059976","date_creation":"2021-05-17T16:15:17.982Z","date_modification":"2024-03-16T00:46:31.884Z","date_d_apparition":null,"date_de_confirmation":null,"hauteur":null,"largeur":null,"sources":"DSB","identifiants_sources":"DSB:HAIELIGN0000000000053512","methode_d_acquisition_planimetrique":"Orthophotographie","precision_planimetrique":3}},{"type":"Feature","id":"haie.14412498","geometry":{"type":"LineString","coordinates":[[3.75139597,48.53286352],[3.75146671,48.53297913],[3.7514163,48.53305321],[3.75142254,48.53311075],[3.75156224,48.53321782]]},"geometry_name":"geometrie","properties":{"cleabs":"HAIELINE0000002230059977","date_creation":"2021-05-17T16:15:17.982Z","date_modification":"2023-08-24T11:53:22.432Z","date_d_apparition":null,"date_de_confirmation":null,"hauteur":null,"largeur":null,"sources":"DSB","identifiants_sources":"DSB:HAIELIGN0000000000053513","methode_d_acquisition_planimetrique":"Orthophotographie","precision_planimetrique":3}},{"type":"Feature","id":"haie.14412499","geometry":{"type":"LineString","coordinates":[[3.75020251,48.53152974],[3.75019882,48.53155586],[3.75003913,48.53166032]]},"geometry_name":"geometrie","properties":{"cleabs":"HAIELINE0000002230059978","date_creation":"2021-05-17T16:15:17.982Z","date_modification":"2023-08-24T11:53:22.432Z","date_d_apparition":null,"date_de_confirmation":null,"hauteur":null,"largeur":null,"sources":"DSB","identifiants_sources":"DSB:HAIELIGN0000000000053514","methode_d_acquisition_planimetrique":"Orthophotographie","precision_planimetrique":3}},{"type":"Feature","id":"haie.14412500","geometry":{"type":"LineString","coordinates":[[3.74981046,48.53148814],[3.75004182,48.53146958],[3.75011649,48.53148171],[3.75020251,48.53152974]]},"geometry_name":"geometrie","properties":{"cleabs":"HAIELINE0000002230059979","date_creation":"2021-05-17T16:15:17.982Z","date_modification":"2023-08-24T11:53:22.432Z","date_d_apparition":null,"date_de_confirmation":null,"hauteur":null,"largeur":null,"sources":"DSB","identifiants_sources":"DSB:HAIELIGN0000000000053515","methode_d_acquisition_planimetrique":"Orthophotographie","precision_planimetrique":3}},{"type":"Feature","id":"haie.15575346","geometry":{"type":"LineString","coordinates":[[3.78417198,48.50697845],[3.78379849,48.50698991]]},"geometry_name":"geometrie","properties":{"cleabs":"HAIELINE0000002230059992","date_creation":"2021-05-17T16:15:17.982Z","date_modification":"2024-03-16T00:46:31.884Z","date_d_apparition":null,"date_de_confirmation":null,"hauteur":null,"largeur":null,"sources":"DSB","identifiants_sources":"DSB:HAIELIGN0000000000053528","methode_d_acquisition_planimetrique":"Orthophotographie","precision_planimetrique":3}},{"type":"Feature","id":"haie.15955396","geometry":{"type":"LineString","coordinates":[[3.80624825,48.50336891],[3.80647656,48.50333768],[3.80691899,48.50332118]]},"geometry_name":"geometrie","properties":{"cleabs":"HAIELINE0000002230059993","date_creation":"2021-05-17T16:15:17.982Z","date_modification":"2024-03-16T00:46:31.884Z","date_d_apparition":null,"date_de_confirmation":null,"hauteur":null,"largeur":null,"sources":"DSB","identifiants_sources":"DSB:HAIELIGN0000000000053531","methode_d_acquisition_planimetrique":"Orthophotographie","precision_planimetrique":3}},{"type":"Feature","id":"haie.15918082","geometry":{"type":"LineString","coordinates":[[3.77607845,48.51914504],[3.77643521,48.51927766],[3.77688825,48.51932777],[3.77696814,48.51932725]]},"geometry_name":"geometrie","properties":{"cleabs":"HAIELINE0000002230059998","date_creation":"2021-05-17T16:15:17.982Z","date_modification":"2024-03-16T00:46:31.884Z","date_d_apparition":null,"date_de_confirmation":null,"hauteur":null,"largeur":null,"sources":"DSB","identifiants_sources":"DSB:HAIELIGN0000000000053536","methode_d_acquisition_planimetrique":"Orthophotographie","precision_planimetrique":3}},{"type":"Feature","id":"haie.15959861","geometry":{"type":"LineString","coordinates":[[3.79415119,48.50106365],[3.79416423,48.50112024],[3.7942206,48.50117744],[3.79424554,48.50139409]]},"geometry_name":"geometrie","properties":{"cleabs":"HAIELINE0000002230059999","date_creation":"2021-05-17T16:15:17.982Z","date_modification":"2024-03-16T00:46:31.884Z","date_d_apparition":null,"date_de_confirmation":null,"hauteur":null,"largeur":null,"sources":"DSB","identifiants_sources":"DSB:HAIELIGN0000000000053537","methode_d_acquisition_planimetrique":"Orthophotographie","precision_planimetrique":3}},{"type":"Feature","id":"haie.15688929","geometry":{"type":"LineString","coordinates":[[3.83181074,48.50723478],[3.83302119,48.50689884],[3.83365167,48.50687192],[3.83369781,48.5068788]]},"geometry_name":"geometrie","properties":{"cleabs":"HAIELINE0000002230060004","date_creation":"2021-05-17T16:15:17.982Z","date_modification":"2024-03-16T00:46:31.884Z","date_d_apparition":null,"date_de_confirmation":null,"hauteur":null,"largeur":null,"sources":"DSB","identifiants_sources":"DSB:HAIELIGN0000000000053542","methode_d_acquisition_planimetrique":"Orthophotographie","precision_planimetrique":3}},{"type":"Feature","id":"haie.14412529","geometry":{"type":"LineString","coordinates":[[3.75905815,48.53030854],[3.75893277,48.53025536],[3.75888537,48.53025566],[3.75877025,48.53016284],[3.75869903,48.53001486],[3.75861012,48.52995425],[3.75860555,48.52982563],[3.75854103,48.52976667],[3.75844591,48.52974479],[3.75837891,48.52960757],[3.7582967,48.52954243],[3.75827667,48.52946879]]},"geometry_name":"geometrie","properties":{"cleabs":"HAIELINE0000002230060006","date_creation":"2021-05-17T16:15:17.982Z","date_modification":"2023-08-24T11:53:22.432Z","date_d_apparition":null,"date_de_confirmation":null,"hauteur":null,"largeur":null,"sources":"DSB","identifiants_sources":"DSB:HAIELIGN0000000000053544","methode_d_acquisition_planimetrique":"Orthophotographie","precision_planimetrique":3}},{"type":"Feature","id":"haie.14412531","geometry":{"type":"LineString","coordinates":[[3.75827667,48.52946879],[3.75833831,48.52942251],[3.75849309,48.52935495],[3.7586232,48.52936042],[3.75879443,48.52939981],[3.75906632,48.52928203],[3.75946269,48.52915535],[3.75950786,48.52909479],[3.75960618,48.52905637],[3.75973332,48.52904387],[3.75986273,48.52900166],[3.76003291,48.52896818],[3.76014313,48.52900346],[3.76020658,48.52898956]]},"geometry_name":"geometrie","properties":{"cleabs":"HAIELINE0000002230060008","date_creation":"2021-05-17T16:15:17.982Z","date_modification":"2023-08-24T11:53:22.432Z","date_d_apparition":null,"date_de_confirmation":null,"hauteur":null,"largeur":null,"sources":"DSB","identifiants_sources":"DSB:HAIELIGN0000000000053545","methode_d_acquisition_planimetrique":"Orthophotographie","precision_planimetrique":3}},{"type":"Feature","id":"haie.15650359","geometry":{"type":"LineString","coordinates":[[3.76993988,48.51803345],[3.7699075,48.51831794],[3.76993733,48.51841311],[3.77006736,48.51850763],[3.77049173,48.51854266]]},"geometry_name":"geometrie","properties":{"cleabs":"HAIELINE0000002230060009","date_creation":"2021-05-17T16:15:17.982Z","date_modification":"2024-03-16T00:46:31.884Z","date_d_apparition":null,"date_de_confirmation":null,"hauteur":null,"largeur":null,"sources":"DSB","identifiants_sources":"DSB:HAIELIGN0000000000053546","methode_d_acquisition_planimetrique":"Orthophotographie","precision_planimetrique":3}},{"type":"Feature","id":"haie.14412538","geometry":{"type":"LineString","coordinates":[[3.75856123,48.52919619],[3.75872752,48.5292689]]},"geometry_name":"geometrie","properties":{"cleabs":"HAIELINE0000002230060015","date_creation":"2021-05-17T16:15:17.982Z","date_modification":"2023-08-24T11:53:22.432Z","date_d_apparition":null,"date_de_confirmation":null,"hauteur":null,"largeur":null,"sources":"DSB","identifiants_sources":"DSB:HAIELIGN0000000000053773","methode_d_acquisition_planimetrique":"Orthophotographie","precision_planimetrique":3}},{"type":"Feature","id":"haie.15782019","geometry":{"type":"LineString","coordinates":[[3.78691866,48.50479038],[3.78691709,48.50486596]]},"geometry_name":"geometrie","properties":{"cleabs":"HAIELINE0000002230060019","date_creation":"2021-05-17T16:15:17.982Z","date_modification":"2024-03-16T00:46:31.884Z","date_d_apparition":null,"date_de_confirmation":null,"hauteur":null,"largeur":null,"sources":"DSB","identifiants_sources":"DSB:HAIELIGN0000000000053555","methode_d_acquisition_planimetrique":"Orthophotographie","precision_planimetrique":3}},{"type":"Feature","id":"haie.14412546","geometry":{"type":"LineString","coordinates":[[3.77785718,48.50768478],[3.77792289,48.50764207],[3.7779534,48.50759958],[3.77796124,48.50748978],[3.77799948,48.50742026],[3.77814526,48.50729965],[3.77829977,48.50721947],[3.7784158,48.50719262],[3.77855942,48.50710891],[3.77882492,48.50702711]]},"geometry_name":"geometrie","properties":{"cleabs":"HAIELINE0000002230060023","date_creation":"2021-05-17T16:15:17.982Z","date_modification":"2023-08-24T11:53:22.432Z","date_d_apparition":null,"date_de_confirmation":null,"hauteur":null,"largeur":null,"sources":"DSB","identifiants_sources":"DSB:HAIELIGN0000000000053559","methode_d_acquisition_planimetrique":"Orthophotographie","precision_planimetrique":3}},{"type":"Feature","id":"haie.14412547","geometry":{"type":"LineString","coordinates":[[3.75004075,48.53215239],[3.75004983,48.53212445],[3.75016744,48.53210841],[3.75026669,48.53213388],[3.75035294,48.53210364],[3.75051388,48.53208644]]},"geometry_name":"geometrie","properties":{"cleabs":"HAIELINE0000002230060024","date_creation":"2021-05-17T16:15:17.982Z","date_modification":"2023-08-24T11:53:22.432Z","date_d_apparition":null,"date_de_confirmation":null,"hauteur":null,"largeur":null,"sources":"DSB","identifiants_sources":"DSB:HAIELIGN0000000000053560","methode_d_acquisition_planimetrique":"Orthophotographie","precision_planimetrique":3}},{"type":"Feature","id":"haie.14412548","geometry":{"type":"LineString","coordinates":[[3.75014301,48.53219943],[3.75008212,48.53220431],[3.75004075,48.53215239]]},"geometry_name":"geometrie","properties":{"cleabs":"HAIELINE0000002230060025","date_creation":"2021-05-17T16:15:17.982Z","date_modification":"2023-08-24T11:53:22.432Z","date_d_apparition":null,"date_de_confirmation":null,"hauteur":null,"largeur":null,"sources":"DSB","identifiants_sources":"DSB:HAIELIGN0000000000053561","methode_d_acquisition_planimetrique":"Orthophotographie","precision_planimetrique":3}},{"type":"Feature","id":"haie.15941234","geometry":{"type":"LineString","coordinates":[[3.75048911,48.50555683],[3.75045446,48.50569019],[3.75049837,48.50582576],[3.75070854,48.50613211]]},"geometry_name":"geometrie","properties":{"cleabs":"HAIELINE0000002230060026","date_creation":"2021-05-17T16:15:17.982Z","date_modification":"2024-03-16T00:46:31.884Z","date_d_apparition":null,"date_de_confirmation":null,"hauteur":null,"largeur":null,"sources":"DSB","identifiants_sources":"DSB:HAIELIGN0000000000053562","methode_d_acquisition_planimetrique":"Orthophotographie","precision_planimetrique":3}},{"type":"Feature","id":"haie.15910527","geometry":{"type":"LineString","coordinates":[[3.78538491,48.5070595],[3.78565426,48.50705502]]},"geometry_name":"geometrie","properties":{"cleabs":"HAIELINE0000002230060027","date_creation":"2021-05-17T16:15:17.982Z","date_modification":"2024-03-16T00:46:31.884Z","date_d_apparition":null,"date_de_confirmation":null,"hauteur":null,"largeur":null,"sources":"DSB","identifiants_sources":"DSB:HAIELIGN0000000000053563","methode_d_acquisition_planimetrique":"Orthophotographie","precision_planimetrique":3}},{"type":"Feature","id":"haie.14412566","geometry":{"type":"LineString","coordinates":[[3.77882272,48.51709395],[3.77901816,48.51712415],[3.7793712,48.51728017],[3.77971507,48.51736608]]},"geometry_name":"geometrie","properties":{"cleabs":"HAIELINE0000002230060043","date_creation":"2021-05-17T16:15:17.982Z","date_modification":"2023-08-24T11:53:22.432Z","date_d_apparition":null,"date_de_confirmation":null,"hauteur":null,"largeur":null,"sources":"DSB","identifiants_sources":"DSB:HAIELIGN0000000000053579","methode_d_acquisition_planimetrique":"Orthophotographie","precision_planimetrique":3}},{"type":"Feature","id":"haie.14412579","geometry":{"type":"LineString","coordinates":[[3.80412274,48.50239192],[3.80489785,48.50235338]]},"geometry_name":"geometrie","properties":{"cleabs":"HAIELINE0000002230060056","date_creation":"2021-05-17T16:15:17.982Z","date_modification":"2023-08-24T11:53:22.432Z","date_d_apparition":null,"date_de_confirmation":null,"hauteur":null,"largeur":null,"sources":"DSB","identifiants_sources":"DSB:HAIELIGN0000000000053594","methode_d_acquisition_planimetrique":"Orthophotographie","precision_planimetrique":3}},{"type":"Feature","id":"haie.15631848","geometry":{"type":"LineString","coordinates":[[3.80748105,48.51116576],[3.80750797,48.51124385]]},"geometry_name":"geometrie","properties":{"cleabs":"HAIELINE0000002230060062","date_creation":"2021-05-17T16:15:17.982Z","date_modification":"2024-03-16T00:46:31.884Z","date_d_apparition":null,"date_de_confirmation":null,"hauteur":null,"largeur":null,"sources":"DSB","identifiants_sources":"DSB:HAIELIGN0000000000053601","methode_d_acquisition_planimetrique":"Orthophotographie","precision_planimetrique":3}},{"type":"Feature","id":"haie.15936686","geometry":{"type":"LineString","coordinates":[[3.75168049,48.50914871],[3.75175252,48.50935697]]},"geometry_name":"geometrie","properties":{"cleabs":"HAIELINE0000002230060066","date_creation":"2021-05-17T16:15:17.982Z","date_modification":"2024-03-16T00:46:31.884Z","date_d_apparition":null,"date_de_confirmation":null,"hauteur":null,"largeur":null,"sources":"DSB","identifiants_sources":"DSB:HAIELIGN0000000000053605","methode_d_acquisition_planimetrique":"Orthophotographie","precision_planimetrique":3}},{"type":"Feature","id":"haie.15806752","geometry":{"type":"LineString","coordinates":[[3.765166,48.51994899],[3.76890386,48.51969006]]},"geometry_name":"geometrie","properties":{"cleabs":"HAIELINE0000002230060067","date_creation":"2021-05-17T16:15:17.982Z","date_modification":"2024-03-16T00:46:31.884Z","date_d_apparition":null,"date_de_confirmation":null,"hauteur":null,"largeur":null,"sources":"DSB","identifiants_sources":"DSB:HAIELIGN0000000000053606","methode_d_acquisition_planimetrique":"Orthophotographie","precision_planimetrique":3}},{"type":"Feature","id":"haie.14412593","geometry":{"type":"LineString","coordinates":[[3.77901185,48.51660781],[3.7792188,48.5165012],[3.77930657,48.51648443],[3.77949082,48.51639955],[3.77962697,48.51635818],[3.77972219,48.51629638],[3.77995486,48.51609784],[3.78016378,48.51585087],[3.78023817,48.51575412],[3.78023337,48.51570467],[3.780261,48.51565051],[3.78032404,48.51560961],[3.78036651,48.51555176],[3.78044841,48.51550534],[3.78072842,48.51521292],[3.78083931,48.5152032],[3.78107272,48.51505503],[3.78111673,48.51500976],[3.78117045,48.51498061],[3.78125961,48.51496653]]},"geometry_name":"geometrie","properties":{"cleabs":"HAIELINE0000002230060071","date_creation":"2021-05-17T16:15:17.982Z","date_modification":"2023-08-24T11:53:22.432Z","date_d_apparition":null,"date_de_confirmation":null,"hauteur":null,"largeur":null,"sources":"DSB","identifiants_sources":"DSB:HAIELIGN0000000000053610","methode_d_acquisition_planimetrique":"Orthophotographie","precision_planimetrique":3}},{"type":"Feature","id":"haie.14412595","geometry":{"type":"LineString","coordinates":[[3.79055288,48.49880887],[3.79070588,48.49881145],[3.79086276,48.49889137],[3.79113117,48.49882751],[3.79122644,48.49886106],[3.79129012,48.49886513]]},"geometry_name":"geometrie","properties":{"cleabs":"HAIELINE0000002230060074","date_creation":"2021-05-17T16:15:17.982Z","date_modification":"2023-08-24T11:53:22.432Z","date_d_apparition":null,"date_de_confirmation":null,"hauteur":null,"largeur":null,"sources":"DSB","identifiants_sources":"DSB:HAIELIGN0000000000053613","methode_d_acquisition_planimetrique":"Orthophotographie","precision_planimetrique":3}},{"type":"Feature","id":"haie.17862262","geometry":{"type":"LineString","coordinates":[[3.78154236,48.47441163],[3.7891642,48.47289658]]},"geometry_name":"geometrie","properties":{"cleabs":"HAIELINE0000002230060075","date_creation":"2021-05-17T16:15:17.982Z","date_modification":"2024-03-15T10:13:40.305Z","date_d_apparition":null,"date_de_confirmation":null,"hauteur":null,"largeur":null,"sources":"DSB","identifiants_sources":"DSB:HAIELIGN0000000000053614","methode_d_acquisition_planimetrique":"Orthophotographie","precision_planimetrique":3}},{"type":"Feature","id":"haie.14412598","geometry":{"type":"LineString","coordinates":[[3.74981692,48.53373982],[3.75075361,48.53359896]]},"geometry_name":"geometrie","properties":{"cleabs":"HAIELINE0000002230060077","date_creation":"2021-05-17T16:15:17.982Z","date_modification":"2023-08-24T11:53:22.432Z","date_d_apparition":null,"date_de_confirmation":null,"hauteur":null,"largeur":null,"sources":"DSB","identifiants_sources":"DSB:HAIELIGN0000000000053618","methode_d_acquisition_planimetrique":"Orthophotographie","precision_planimetrique":3}},{"type":"Feature","id":"haie.15671589","geometry":{"type":"LineString","coordinates":[[3.81116268,48.50014175],[3.81119116,48.50014516],[3.8113886,48.50013211],[3.81151219,48.50015826],[3.81160931,48.500136],[3.81172969,48.50012978],[3.81179832,48.50010322],[3.81187853,48.50012517],[3.81195846,48.50012912],[3.81207743,48.50011931]]},"geometry_name":"geometrie","properties":{"cleabs":"HAIELINE0000002230060078","date_creation":"2021-05-17T16:15:17.982Z","date_modification":"2024-03-16T00:46:31.884Z","date_d_apparition":null,"date_de_confirmation":null,"hauteur":null,"largeur":null,"sources":"DSB","identifiants_sources":"DSB:HAIELIGN0000000000053619","methode_d_acquisition_planimetrique":"Orthophotographie","precision_planimetrique":3}},{"type":"Feature","id":"haie.15955044","geometry":{"type":"LineString","coordinates":[[3.78507804,48.50265693],[3.78522823,48.50265144],[3.7853748,48.50267566],[3.78566713,48.50267013]]},"geometry_name":"geometrie","properties":{"cleabs":"HAIELINE0000002230060084","date_creation":"2021-05-17T16:15:17.982Z","date_modification":"2024-03-16T00:46:31.884Z","date_d_apparition":null,"date_de_confirmation":null,"hauteur":null,"largeur":null,"sources":"DSB","identifiants_sources":"DSB:HAIELIGN0000000000053625","methode_d_acquisition_planimetrique":"Orthophotographie","precision_planimetrique":3}},{"type":"Feature","id":"haie.15978661","geometry":{"type":"LineString","coordinates":[[3.80064001,48.48716291],[3.80122165,48.48705463],[3.80182673,48.48697408]]},"geometry_name":"geometrie","properties":{"cleabs":"HAIELINE0000002230060087","date_creation":"2021-05-17T16:15:17.982Z","date_modification":"2024-03-16T00:46:31.884Z","date_d_apparition":null,"date_de_confirmation":null,"hauteur":null,"largeur":null,"sources":"DSB","identifiants_sources":"DSB:HAIELIGN0000000000053628","methode_d_acquisition_planimetrique":"Orthophotographie","precision_planimetrique":3}},{"type":"Feature","id":"haie.15894329","geometry":{"type":"LineString","coordinates":[[3.82869193,48.50144041],[3.82924531,48.50142126]]},"geometry_name":"geometrie","properties":{"cleabs":"HAIELINE0000002230060089","date_creation":"2021-05-17T16:15:17.982Z","date_modification":"2024-03-16T00:46:31.884Z","date_d_apparition":null,"date_de_confirmation":null,"hauteur":null,"largeur":null,"sources":"DSB","identifiants_sources":"DSB:HAIELIGN0000000000053630","methode_d_acquisition_planimetrique":"Orthophotographie","precision_planimetrique":3}},{"type":"Feature","id":"haie.14412620","geometry":{"type":"LineString","coordinates":[[3.81591549,48.4998789],[3.81626871,48.49987287],[3.81651195,48.49984601],[3.81670187,48.4998717],[3.81675699,48.49984703],[3.81689501,48.49984338]]},"geometry_name":"geometrie","properties":{"cleabs":"HAIELINE0000002230060098","date_creation":"2021-05-17T16:15:17.982Z","date_modification":"2023-08-24T11:53:22.432Z","date_d_apparition":null,"date_de_confirmation":null,"hauteur":null,"largeur":null,"sources":"DSB","identifiants_sources":"DSB:HAIELIGN0000000000053638","methode_d_acquisition_planimetrique":"Orthophotographie","precision_planimetrique":3}},{"type":"Feature","id":"haie.15712863","geometry":{"type":"LineString","coordinates":[[3.78524478,48.52429184],[3.78524131,48.52442231],[3.78579848,48.52500068]]},"geometry_name":"geometrie","properties":{"cleabs":"HAIELINE0000002230060109","date_creation":"2021-05-17T16:15:17.982Z","date_modification":"2024-03-16T00:46:31.884Z","date_d_apparition":null,"date_de_confirmation":null,"hauteur":null,"largeur":null,"sources":"DSB","identifiants_sources":"DSB:HAIELIGN0000000000053649","methode_d_acquisition_planimetrique":"Orthophotographie","precision_planimetrique":3}},{"type":"Feature","id":"haie.15784353","geometry":{"type":"LineString","coordinates":[[3.78888428,48.5138771],[3.7889051,48.51391115],[3.78909833,48.51397464]]},"geometry_name":"geometrie","properties":{"cleabs":"HAIELINE0000002230060110","date_creation":"2021-05-17T16:15:17.982Z","date_modification":"2024-03-16T00:46:31.884Z","date_d_apparition":null,"date_de_confirmation":null,"hauteur":null,"largeur":null,"sources":"DSB","identifiants_sources":"DSB:HAIELIGN0000000000053650","methode_d_acquisition_planimetrique":"Orthophotographie","precision_planimetrique":3}},{"type":"Feature","id":"haie.14412633","geometry":{"type":"LineString","coordinates":[[3.78885207,48.51371628],[3.78890747,48.51379868],[3.78888428,48.5138771]]},"geometry_name":"geometrie","properties":{"cleabs":"HAIELINE0000002230060111","date_creation":"2021-05-17T16:15:17.982Z","date_modification":"2023-08-24T11:53:22.432Z","date_d_apparition":null,"date_de_confirmation":null,"hauteur":null,"largeur":null,"sources":"DSB","identifiants_sources":"DSB:HAIELIGN0000000000053651","methode_d_acquisition_planimetrique":"Orthophotographie","precision_planimetrique":3}},{"type":"Feature","id":"haie.14412641","geometry":{"type":"LineString","coordinates":[[3.77766393,48.50734328],[3.77782364,48.50734044],[3.77789566,48.50735796],[3.77794543,48.50733604],[3.77798926,48.50727908],[3.77809861,48.50725767]]},"geometry_name":"geometrie","properties":{"cleabs":"HAIELINE0000002230060119","date_creation":"2021-05-17T16:15:17.982Z","date_modification":"2023-08-24T11:53:22.432Z","date_d_apparition":null,"date_de_confirmation":null,"hauteur":null,"largeur":null,"sources":"DSB","identifiants_sources":"DSB:HAIELIGN0000000000053659","methode_d_acquisition_planimetrique":"Orthophotographie","precision_planimetrique":3}},{"type":"Feature","id":"haie.17852202","geometry":{"type":"LineString","coordinates":[[3.80509368,48.50347031],[3.80563184,48.50342797]]},"geometry_name":"geometrie","properties":{"cleabs":"HAIELINE0000002230060129","date_creation":"2021-05-17T16:15:17.982Z","date_modification":"2024-03-15T10:13:40.305Z","date_d_apparition":null,"date_de_confirmation":null,"hauteur":null,"largeur":null,"sources":"DSB","identifiants_sources":"DSB:HAIELIGN0000000000053669","methode_d_acquisition_planimetrique":"Orthophotographie","precision_planimetrique":3}},{"type":"Feature","id":"haie.15819949","geometry":{"type":"LineString","coordinates":[[3.76326628,48.49539505],[3.76338515,48.49547076],[3.76351707,48.49551399],[3.76367567,48.49553007],[3.76383381,48.49542109],[3.76397706,48.49540578],[3.76410338,48.49534289],[3.76413989,48.49524729],[3.76412943,48.49517989],[3.76409666,48.49516031]]},"geometry_name":"geometrie","properties":{"cleabs":"HAIELINE0000002230060130","date_creation":"2021-05-17T16:15:17.982Z","date_modification":"2024-03-16T00:46:31.884Z","date_d_apparition":null,"date_de_confirmation":null,"hauteur":null,"largeur":null,"sources":"DSB","identifiants_sources":"DSB:HAIELIGN0000000000053671","methode_d_acquisition_planimetrique":"Orthophotographie","precision_planimetrique":3}},{"type":"Feature","id":"haie.17855805","geometry":{"type":"LineString","coordinates":[[3.79074761,48.50912637],[3.79078406,48.50938882]]},"geometry_name":"geometrie","properties":{"cleabs":"HAIELINE0000002230060137","date_creation":"2021-05-17T16:15:17.982Z","date_modification":"2024-03-15T10:13:40.305Z","date_d_apparition":null,"date_de_confirmation":null,"hauteur":null,"largeur":null,"sources":"DSB","identifiants_sources":"DSB:HAIELIGN0000000000053678","methode_d_acquisition_planimetrique":"Orthophotographie","precision_planimetrique":3}},{"type":"Feature","id":"haie.15687281","geometry":{"type":"LineString","coordinates":[[3.78814275,48.5249051],[3.78827696,48.5249141]]},"geometry_name":"geometrie","properties":{"cleabs":"HAIELINE0000002230060143","date_creation":"2021-05-17T16:15:17.982Z","date_modification":"2024-03-16T00:46:31.884Z","date_d_apparition":null,"date_de_confirmation":null,"hauteur":null,"largeur":null,"sources":"DSB","identifiants_sources":"DSB:HAIELIGN0000000000053684","methode_d_acquisition_planimetrique":"Orthophotographie","precision_planimetrique":3}},{"type":"Feature","id":"haie.15642535","geometry":{"type":"LineString","coordinates":[[3.78525097,48.52714809],[3.787697,48.52534437],[3.78773725,48.52531891],[3.78784816,48.52530918],[3.78796529,48.52517256],[3.78800598,48.52508683],[3.78810207,48.52499173],[3.78814275,48.5249051]]},"geometry_name":"geometrie","properties":{"cleabs":"HAIELINE0000002230060144","date_creation":"2021-05-17T16:15:17.982Z","date_modification":"2024-03-16T00:46:31.884Z","date_d_apparition":null,"date_de_confirmation":null,"hauteur":null,"largeur":null,"sources":"DSB","identifiants_sources":"DSB:HAIELIGN0000000000053685","methode_d_acquisition_planimetrique":"Orthophotographie","precision_planimetrique":3}},{"type":"Feature","id":"haie.14412670","geometry":{"type":"LineString","coordinates":[[3.75810632,48.52958412],[3.75816823,48.5296503],[3.75814652,48.5297413],[3.75822085,48.52991715]]},"geometry_name":"geometrie","properties":{"cleabs":"HAIELINE0000002230060148","date_creation":"2021-05-17T16:15:17.982Z","date_modification":"2023-08-24T11:53:22.432Z","date_d_apparition":null,"date_de_confirmation":null,"hauteur":null,"largeur":null,"sources":"DSB","identifiants_sources":"DSB:HAIELIGN0000000000053690","methode_d_acquisition_planimetrique":"Orthophotographie","precision_planimetrique":3}},{"type":"Feature","id":"haie.15866461","geometry":{"type":"LineString","coordinates":[[3.76307811,48.51391785],[3.76321728,48.51399073]]},"geometry_name":"geometrie","properties":{"cleabs":"HAIELINE0000002230060150","date_creation":"2021-05-17T16:15:17.982Z","date_modification":"2024-03-16T00:46:31.884Z","date_d_apparition":null,"date_de_confirmation":null,"hauteur":null,"largeur":null,"sources":"DSB","identifiants_sources":"DSB:HAIELIGN0000000000053692","methode_d_acquisition_planimetrique":"Orthophotographie","precision_planimetrique":3}},{"type":"Feature","id":"haie.15641600","geometry":{"type":"LineString","coordinates":[[3.80532419,48.51346186],[3.80538884,48.51343893],[3.80561872,48.51341938],[3.80570025,48.51343772],[3.80598408,48.51340431],[3.80621691,48.51340003],[3.80631463,48.51341466],[3.80638857,48.51337997],[3.80654479,48.5134131],[3.80691311,48.5134142],[3.80711122,48.5135298],[3.80728418,48.5135943],[3.80753831,48.51365465],[3.80769948,48.51365715]]},"geometry_name":"geometrie","properties":{"cleabs":"HAIELINE0000002230060159","date_creation":"2021-05-17T16:15:17.982Z","date_modification":"2024-03-16T00:46:31.884Z","date_d_apparition":null,"date_de_confirmation":null,"hauteur":null,"largeur":null,"sources":"DSB","identifiants_sources":"DSB:HAIELIGN0000000000053701","methode_d_acquisition_planimetrique":"Orthophotographie","precision_planimetrique":3}},{"type":"Feature","id":"haie.15742064","geometry":{"type":"LineString","coordinates":[[3.79199888,48.49954594],[3.79205581,48.49981995]]},"geometry_name":"geometrie","properties":{"cleabs":"HAIELINE0000002230060160","date_creation":"2021-05-17T16:15:17.982Z","date_modification":"2024-03-16T00:46:31.884Z","date_d_apparition":null,"date_de_confirmation":null,"hauteur":null,"largeur":null,"sources":"DSB","identifiants_sources":"DSB:HAIELIGN0000000000053702","methode_d_acquisition_planimetrique":"Orthophotographie","precision_planimetrique":3}},{"type":"Feature","id":"haie.14412687","geometry":{"type":"LineString","coordinates":[[3.75519399,48.5288128],[3.75530537,48.52892904],[3.7553517,48.52894854],[3.75548367,48.52898908],[3.75557304,48.52898762],[3.75567107,48.52902298],[3.7558408,48.52905249],[3.75595324,48.52905447],[3.75606668,48.52903126],[3.7563443,48.52902859],[3.75647639,48.52898367]]},"geometry_name":"geometrie","properties":{"cleabs":"HAIELINE0000002230060163","date_creation":"2021-05-17T16:15:17.982Z","date_modification":"2023-08-24T11:53:22.432Z","date_d_apparition":null,"date_de_confirmation":null,"hauteur":null,"largeur":null,"sources":"DSB","identifiants_sources":"DSB:HAIELIGN0000000000053705","methode_d_acquisition_planimetrique":"Orthophotographie","precision_planimetrique":3}},{"type":"Feature","id":"haie.14412688","geometry":{"type":"LineString","coordinates":[[3.81209322,48.51548494],[3.81216562,48.5156131],[3.81217472,48.51567601],[3.81211841,48.51571238],[3.81199018,48.51573934]]},"geometry_name":"geometrie","properties":{"cleabs":"HAIELINE0000002230060164","date_creation":"2021-05-17T16:15:17.982Z","date_modification":"2023-08-24T11:53:22.432Z","date_d_apparition":null,"date_de_confirmation":null,"hauteur":null,"largeur":null,"sources":"DSB","identifiants_sources":"DSB:HAIELIGN0000000000053706","methode_d_acquisition_planimetrique":"Orthophotographie","precision_planimetrique":3}},{"type":"Feature","id":"haie.14412689","geometry":{"type":"LineString","coordinates":[[3.81209591,48.51592125],[3.81199594,48.51602359]]},"geometry_name":"geometrie","properties":{"cleabs":"HAIELINE0000002230060165","date_creation":"2021-05-17T16:15:17.982Z","date_modification":"2023-08-24T11:53:22.432Z","date_d_apparition":null,"date_de_confirmation":null,"hauteur":null,"largeur":null,"sources":"DSB","identifiants_sources":"DSB:HAIELIGN0000000000053707","methode_d_acquisition_planimetrique":"Orthophotographie","precision_planimetrique":3}},{"type":"Feature","id":"haie.14412690","geometry":{"type":"LineString","coordinates":[[3.81199018,48.51573934],[3.81200451,48.51587779],[3.81209591,48.51592125]]},"geometry_name":"geometrie","properties":{"cleabs":"HAIELINE0000002230060166","date_creation":"2021-05-17T16:15:17.982Z","date_modification":"2023-08-24T11:53:22.432Z","date_d_apparition":null,"date_de_confirmation":null,"hauteur":null,"largeur":null,"sources":"DSB","identifiants_sources":"DSB:HAIELIGN0000000000053708","methode_d_acquisition_planimetrique":"Orthophotographie","precision_planimetrique":3}},{"type":"Feature","id":"haie.14412693","geometry":{"type":"LineString","coordinates":[[3.78481537,48.52709159],[3.7848655,48.5270022],[3.78489218,48.52688507],[3.78499939,48.5268088]]},"geometry_name":"geometrie","properties":{"cleabs":"HAIELINE0000002230060169","date_creation":"2021-05-17T16:15:17.982Z","date_modification":"2023-08-24T11:53:22.432Z","date_d_apparition":null,"date_de_confirmation":null,"hauteur":null,"largeur":null,"sources":"DSB","identifiants_sources":"DSB:HAIELIGN0000000000053711","methode_d_acquisition_planimetrique":"Orthophotographie","precision_planimetrique":3}},{"type":"Feature","id":"haie.14412694","geometry":{"type":"LineString","coordinates":[[3.76248352,48.53039637],[3.76262237,48.53044406],[3.7626966,48.53042559],[3.76290518,48.53033159],[3.76305608,48.53018398],[3.76316671,48.53015359],[3.76322862,48.53003354],[3.76312636,48.52989386],[3.76312575,48.52966626],[3.76316326,48.52963723],[3.76324283,48.52961423]]},"geometry_name":"geometrie","properties":{"cleabs":"HAIELINE0000002230060170","date_creation":"2021-05-17T16:15:17.982Z","date_modification":"2023-08-24T11:53:22.432Z","date_d_apparition":null,"date_de_confirmation":null,"hauteur":null,"largeur":null,"sources":"DSB","identifiants_sources":"DSB:HAIELIGN0000000000053712","methode_d_acquisition_planimetrique":"Orthophotographie","precision_planimetrique":3}},{"type":"Feature","id":"haie.14412695","geometry":{"type":"LineString","coordinates":[[3.81031865,48.51315982],[3.81042386,48.51322118],[3.81056893,48.51323368]]},"geometry_name":"geometrie","properties":{"cleabs":"HAIELINE0000002230060172","date_creation":"2021-05-17T16:15:17.982Z","date_modification":"2023-08-24T11:53:22.432Z","date_d_apparition":null,"date_de_confirmation":null,"hauteur":null,"largeur":null,"sources":"DSB","identifiants_sources":"DSB:HAIELIGN0000000000053714","methode_d_acquisition_planimetrique":"Orthophotographie","precision_planimetrique":3}},{"type":"Feature","id":"haie.14412696","geometry":{"type":"LineString","coordinates":[[3.80939024,48.51336497],[3.80951401,48.51331284],[3.80968987,48.51330265],[3.80994172,48.51321457],[3.81015453,48.51322931],[3.81031865,48.51315982]]},"geometry_name":"geometrie","properties":{"cleabs":"HAIELINE0000002230060173","date_creation":"2021-05-17T16:15:17.982Z","date_modification":"2023-08-24T11:53:22.432Z","date_d_apparition":null,"date_de_confirmation":null,"hauteur":null,"largeur":null,"sources":"DSB","identifiants_sources":"DSB:HAIELIGN0000000000053715","methode_d_acquisition_planimetrique":"Orthophotographie","precision_planimetrique":3}},{"type":"Feature","id":"haie.14412697","geometry":{"type":"LineString","coordinates":[[3.80869982,48.51381318],[3.80884864,48.51380497],[3.80896784,48.5137205],[3.80918676,48.51369202],[3.8092614,48.51361504],[3.80939592,48.51355745],[3.80946383,48.51348322],[3.80939024,48.51336497]]},"geometry_name":"geometrie","properties":{"cleabs":"HAIELINE0000002230060174","date_creation":"2021-05-17T16:15:17.982Z","date_modification":"2023-08-24T11:53:22.432Z","date_d_apparition":null,"date_de_confirmation":null,"hauteur":null,"largeur":null,"sources":"DSB","identifiants_sources":"DSB:HAIELIGN0000000000053716","methode_d_acquisition_planimetrique":"Orthophotographie","precision_planimetrique":3}},{"type":"Feature","id":"haie.15672312","geometry":{"type":"LineString","coordinates":[[3.8085096,48.51359497],[3.80849175,48.5135789],[3.80856119,48.51351635],[3.80888919,48.51344934],[3.80902771,48.51338813],[3.80939024,48.51336497]]},"geometry_name":"geometrie","properties":{"cleabs":"HAIELINE0000002230060175","date_creation":"2021-05-17T16:15:17.982Z","date_modification":"2024-03-16T00:46:31.884Z","date_d_apparition":null,"date_de_confirmation":null,"hauteur":null,"largeur":null,"sources":"DSB","identifiants_sources":"DSB:HAIELIGN0000000000053717","methode_d_acquisition_planimetrique":"Orthophotographie","precision_planimetrique":3}},{"type":"Feature","id":"haie.14412704","geometry":{"type":"LineString","coordinates":[[3.77050543,48.51320601],[3.7705567,48.51319398],[3.77061289,48.51314773],[3.77077947,48.51315025],[3.7708601,48.51310835],[3.77096941,48.51308335],[3.77203932,48.51300713],[3.77212382,48.51304437],[3.77222565,48.5130635],[3.77231475,48.51313759],[3.77249152,48.51318772],[3.772579,48.51324382]]},"geometry_name":"geometrie","properties":{"cleabs":"HAIELINE0000002230060180","date_creation":"2021-05-17T16:15:17.982Z","date_modification":"2023-08-24T11:53:22.432Z","date_d_apparition":null,"date_de_confirmation":null,"hauteur":null,"largeur":null,"sources":"DSB","identifiants_sources":"DSB:HAIELIGN0000000000053722","methode_d_acquisition_planimetrique":"Orthophotographie","precision_planimetrique":3}},{"type":"Feature","id":"haie.14412705","geometry":{"type":"LineString","coordinates":[[3.82945437,48.5081383],[3.82974788,48.50794912],[3.82982761,48.50793957],[3.82993456,48.50785336],[3.83017825,48.50776709],[3.83030308,48.50769874],[3.83045814,48.50765808],[3.83058138,48.50757535],[3.83101111,48.5074383]]},"geometry_name":"geometrie","properties":{"cleabs":"HAIELINE0000002230060181","date_creation":"2021-05-17T16:15:17.982Z","date_modification":"2023-08-24T11:53:22.432Z","date_d_apparition":null,"date_de_confirmation":null,"hauteur":null,"largeur":null,"sources":"DSB","identifiants_sources":"DSB:HAIELIGN0000000000053723","methode_d_acquisition_planimetrique":"Orthophotographie","precision_planimetrique":3}},{"type":"Feature","id":"haie.14412722","geometry":{"type":"LineString","coordinates":[[3.83138433,48.5150142],[3.83145271,48.51497144],[3.83147608,48.5149083],[3.83162608,48.51480379],[3.83172934,48.51465463],[3.83176816,48.51462647],[3.83172165,48.51451164]]},"geometry_name":"geometrie","properties":{"cleabs":"HAIELINE0000002230060198","date_creation":"2021-05-17T16:15:17.982Z","date_modification":"2023-08-24T11:53:22.432Z","date_d_apparition":null,"date_de_confirmation":null,"hauteur":null,"largeur":null,"sources":"DSB","identifiants_sources":"DSB:HAIELIGN0000000000053742","methode_d_acquisition_planimetrique":"Orthophotographie","precision_planimetrique":3}},{"type":"Feature","id":"haie.14412723","geometry":{"type":"LineString","coordinates":[[3.79258158,48.52925222],[3.79267934,48.52926776],[3.79273601,48.52925389],[3.79288128,48.52927631],[3.79298548,48.52927022],[3.79318072,48.52919425]]},"geometry_name":"geometrie","properties":{"cleabs":"HAIELINE0000002230060199","date_creation":"2021-05-17T16:15:17.982Z","date_modification":"2023-08-24T11:53:22.432Z","date_d_apparition":null,"date_de_confirmation":null,"hauteur":null,"largeur":null,"sources":"DSB","identifiants_sources":"DSB:HAIELIGN0000000000053743","methode_d_acquisition_planimetrique":"Orthophotographie","precision_planimetrique":3}},{"type":"Feature","id":"haie.15938922","geometry":{"type":"LineString","coordinates":[[3.77601933,48.47230847],[3.77627138,48.47297617]]},"geometry_name":"geometrie","properties":{"cleabs":"HAIELINE0000002230060213","date_creation":"2021-05-17T16:15:17.982Z","date_modification":"2024-03-16T00:46:31.884Z","date_d_apparition":null,"date_de_confirmation":null,"hauteur":null,"largeur":null,"sources":"DSB","identifiants_sources":"DSB:HAIELIGN0000000000053757","methode_d_acquisition_planimetrique":"Orthophotographie","precision_planimetrique":3}},{"type":"Feature","id":"haie.15959901","geometry":{"type":"LineString","coordinates":[[3.78560899,48.51632868],[3.78626988,48.51615338],[3.7871735,48.51609163],[3.78772005,48.51587749],[3.7881069,48.51584974],[3.78833991,48.51585629]]},"geometry_name":"geometrie","properties":{"cleabs":"HAIELINE0000002230060214","date_creation":"2021-05-17T16:15:17.982Z","date_modification":"2024-03-16T00:46:31.884Z","date_d_apparition":null,"date_de_confirmation":null,"hauteur":null,"largeur":null,"sources":"DSB","identifiants_sources":"DSB:HAIELIGN0000000000053758","methode_d_acquisition_planimetrique":"Orthophotographie","precision_planimetrique":3}},{"type":"Feature","id":"haie.14412745","geometry":{"type":"LineString","coordinates":[[3.75105579,48.5314317],[3.75107686,48.53129482],[3.75119525,48.53114384],[3.75118343,48.53107554],[3.75125064,48.53094468]]},"geometry_name":"geometrie","properties":{"cleabs":"HAIELINE0000002230060224","date_creation":"2021-05-17T16:15:17.982Z","date_modification":"2023-08-24T11:53:22.432Z","date_d_apparition":null,"date_de_confirmation":null,"hauteur":null,"largeur":null,"sources":"DSB","identifiants_sources":"DSB:HAIELIGN0000000000053768","methode_d_acquisition_planimetrique":"Orthophotographie","precision_planimetrique":3}},{"type":"Feature","id":"haie.14412747","geometry":{"type":"LineString","coordinates":[[3.75105579,48.5314317],[3.75123227,48.53145937],[3.75131205,48.53154433],[3.75140466,48.53176864]]},"geometry_name":"geometrie","properties":{"cleabs":"HAIELINE0000002230060225","date_creation":"2021-05-17T16:15:17.982Z","date_modification":"2023-08-24T11:53:22.432Z","date_d_apparition":null,"date_de_confirmation":null,"hauteur":null,"largeur":null,"sources":"DSB","identifiants_sources":"DSB:HAIELIGN0000000000053769","methode_d_acquisition_planimetrique":"Orthophotographie","precision_planimetrique":3}},{"type":"Feature","id":"haie.14412750","geometry":{"type":"LineString","coordinates":[[3.74928759,48.53195923],[3.74940277,48.531963],[3.74956337,48.53192151],[3.74969332,48.53191619],[3.74977398,48.5318734],[3.75009459,48.53184439],[3.75033972,48.53174748],[3.75050766,48.53165196],[3.75064799,48.53161419],[3.75093835,48.53145943],[3.75105579,48.5314317]]},"geometry_name":"geometrie","properties":{"cleabs":"HAIELINE0000002230060227","date_creation":"2021-05-17T16:15:17.982Z","date_modification":"2023-08-24T11:53:22.432Z","date_d_apparition":null,"date_de_confirmation":null,"hauteur":null,"largeur":null,"sources":"DSB","identifiants_sources":"DSB:HAIELIGN0000000000053771","methode_d_acquisition_planimetrique":"Orthophotographie","precision_planimetrique":3}},{"type":"Feature","id":"haie.14412751","geometry":{"type":"LineString","coordinates":[[3.75872752,48.5292689],[3.7587586,48.5292642],[3.75924448,48.52905149],[3.76007493,48.52887705]]},"geometry_name":"geometrie","properties":{"cleabs":"HAIELINE0000002230060228","date_creation":"2021-05-17T16:15:17.982Z","date_modification":"2023-08-24T11:53:22.432Z","date_d_apparition":null,"date_de_confirmation":null,"hauteur":null,"largeur":null,"sources":"DSB","identifiants_sources":"DSB:HAIELIGN0000000000053772","methode_d_acquisition_planimetrique":"Orthophotographie","precision_planimetrique":3}},{"type":"Feature","id":"haie.14412752","geometry":{"type":"LineString","coordinates":[[3.74943886,48.53211841],[3.74950286,48.53214229],[3.74960555,48.53221901],[3.74972983,48.53219574]]},"geometry_name":"geometrie","properties":{"cleabs":"HAIELINE0000002230060229","date_creation":"2021-05-17T16:15:17.982Z","date_modification":"2023-08-24T11:53:22.432Z","date_d_apparition":null,"date_de_confirmation":null,"hauteur":null,"largeur":null,"sources":"DSB","identifiants_sources":"DSB:HAIELIGN0000000000053774","methode_d_acquisition_planimetrique":"Orthophotographie","precision_planimetrique":3}},{"type":"Feature","id":"haie.14412755","geometry":{"type":"LineString","coordinates":[[3.80918156,48.50308358],[3.80953956,48.50303526],[3.80974256,48.50303118],[3.809949,48.50298659]]},"geometry_name":"geometrie","properties":{"cleabs":"HAIELINE0000002230060232","date_creation":"2021-05-17T16:15:17.982Z","date_modification":"2023-08-24T11:53:22.432Z","date_d_apparition":null,"date_de_confirmation":null,"hauteur":null,"largeur":null,"sources":"DSB","identifiants_sources":"DSB:HAIELIGN0000000000053777","methode_d_acquisition_planimetrique":"Orthophotographie","precision_planimetrique":3}},{"type":"Feature","id":"haie.14412775","geometry":{"type":"LineString","coordinates":[[3.7513563,48.53321462],[3.75135158,48.53307431],[3.75128024,48.53301089],[3.75121546,48.53283858]]},"geometry_name":"geometrie","properties":{"cleabs":"HAIELINE0000002230060253","date_creation":"2021-05-17T16:15:17.982Z","date_modification":"2023-08-24T11:53:22.432Z","date_d_apparition":null,"date_de_confirmation":null,"hauteur":null,"largeur":null,"sources":"DSB","identifiants_sources":"DSB:HAIELIGN0000000000053798","methode_d_acquisition_planimetrique":"Orthophotographie","precision_planimetrique":3}},{"type":"Feature","id":"haie.14412779","geometry":{"type":"LineString","coordinates":[[3.77813455,48.50502545],[3.77825425,48.50497249],[3.77851677,48.50496447],[3.77859562,48.50498645],[3.77867688,48.50498861],[3.77879791,48.50502471]]},"geometry_name":"geometrie","properties":{"cleabs":"HAIELINE0000002230060257","date_creation":"2021-05-17T16:15:17.982Z","date_modification":"2023-08-24T11:53:22.432Z","date_d_apparition":null,"date_de_confirmation":null,"hauteur":null,"largeur":null,"sources":"DSB","identifiants_sources":"DSB:HAIELIGN0000000000053802","methode_d_acquisition_planimetrique":"Orthophotographie","precision_planimetrique":3}},{"type":"Feature","id":"haie.15748766","geometry":{"type":"LineString","coordinates":[[3.80440893,48.51108224],[3.80448404,48.51130034]]},"geometry_name":"geometrie","properties":{"cleabs":"HAIELINE0000002230060269","date_creation":"2021-05-17T16:15:17.982Z","date_modification":"2024-03-16T00:46:31.884Z","date_d_apparition":null,"date_de_confirmation":null,"hauteur":null,"largeur":null,"sources":"DSB","identifiants_sources":"DSB:HAIELIGN0000000000053814","methode_d_acquisition_planimetrique":"Orthophotographie","precision_planimetrique":3}},{"type":"Feature","id":"haie.14412795","geometry":{"type":"LineString","coordinates":[[3.76092597,48.50818484],[3.7610021,48.50829951],[3.7610265,48.50839471],[3.76108814,48.5084438],[3.76116281,48.50855127]]},"geometry_name":"geometrie","properties":{"cleabs":"HAIELINE0000002230060273","date_creation":"2021-05-17T16:15:17.982Z","date_modification":"2023-08-24T11:53:22.432Z","date_d_apparition":null,"date_de_confirmation":null,"hauteur":null,"largeur":null,"sources":"DSB","identifiants_sources":"DSB:HAIELIGN0000000000053818","methode_d_acquisition_planimetrique":"Orthophotographie","precision_planimetrique":3}},{"type":"Feature","id":"haie.15931495","geometry":{"type":"LineString","coordinates":[[3.76163122,48.51237258],[3.76176226,48.51235195],[3.76183069,48.51230923],[3.76202134,48.51229091],[3.76223987,48.51223464]]},"geometry_name":"geometrie","properties":{"cleabs":"HAIELINE0000002230060275","date_creation":"2021-05-17T16:15:17.982Z","date_modification":"2024-03-16T00:46:31.884Z","date_d_apparition":null,"date_de_confirmation":null,"hauteur":null,"largeur":null,"sources":"DSB","identifiants_sources":"DSB:HAIELIGN0000000000053820","methode_d_acquisition_planimetrique":"Orthophotographie","precision_planimetrique":3}},{"type":"Feature","id":"haie.15953963","geometry":{"type":"LineString","coordinates":[[3.77316052,48.47276975],[3.77322689,48.47286648],[3.77330625,48.47311067]]},"geometry_name":"geometrie","properties":{"cleabs":"HAIELINE0000002230060278","date_creation":"2021-05-17T16:15:17.982Z","date_modification":"2024-03-16T00:46:31.884Z","date_d_apparition":null,"date_de_confirmation":null,"hauteur":null,"largeur":null,"sources":"DSB","identifiants_sources":"DSB:HAIELIGN0000000000053823","methode_d_acquisition_planimetrique":"Orthophotographie","precision_planimetrique":3}},{"type":"Feature","id":"haie.15654094","geometry":{"type":"LineString","coordinates":[[3.7525897,48.50910517],[3.75267299,48.50934304]]},"geometry_name":"geometrie","properties":{"cleabs":"HAIELINE0000002230060303","date_creation":"2021-05-17T16:15:17.982Z","date_modification":"2024-03-16T00:46:31.884Z","date_d_apparition":null,"date_de_confirmation":null,"hauteur":null,"largeur":null,"sources":"DSB","identifiants_sources":"DSB:HAIELIGN0000000000053849","methode_d_acquisition_planimetrique":"Orthophotographie","precision_planimetrique":3}},{"type":"Feature","id":"haie.14412828","geometry":{"type":"LineString","coordinates":[[3.76785612,48.50389851],[3.76794043,48.50392405],[3.76800165,48.50403701],[3.76800255,48.50409818],[3.76803981,48.50414652],[3.76815263,48.50417818],[3.76818051,48.50423287]]},"geometry_name":"geometrie","properties":{"cleabs":"HAIELINE0000002230060307","date_creation":"2021-05-17T16:15:17.982Z","date_modification":"2023-08-24T11:53:22.432Z","date_d_apparition":null,"date_de_confirmation":null,"hauteur":null,"largeur":null,"sources":"DSB","identifiants_sources":"DSB:HAIELIGN0000000000053853","methode_d_acquisition_planimetrique":"Orthophotographie","precision_planimetrique":3}},{"type":"Feature","id":"haie.14412829","geometry":{"type":"LineString","coordinates":[[3.75139216,48.53184159],[3.75147519,48.5317754],[3.75160301,48.5315263]]},"geometry_name":"geometrie","properties":{"cleabs":"HAIELINE0000002230060308","date_creation":"2021-05-17T16:15:17.982Z","date_modification":"2023-08-24T11:53:22.432Z","date_d_apparition":null,"date_de_confirmation":null,"hauteur":null,"largeur":null,"sources":"DSB","identifiants_sources":"DSB:HAIELIGN0000000000053854","methode_d_acquisition_planimetrique":"Orthophotographie","precision_planimetrique":3}},{"type":"Feature","id":"haie.15847922","geometry":{"type":"LineString","coordinates":[[3.78545861,48.51641424],[3.78541264,48.51632818],[3.78544641,48.51614174],[3.78544469,48.51593663],[3.78548964,48.51586347]]},"geometry_name":"geometrie","properties":{"cleabs":"HAIELINE0000002230060310","date_creation":"2021-05-17T16:15:17.982Z","date_modification":"2024-03-16T00:46:31.884Z","date_d_apparition":null,"date_de_confirmation":null,"hauteur":null,"largeur":null,"sources":"DSB","identifiants_sources":"DSB:HAIELIGN0000000000053856","methode_d_acquisition_planimetrique":"Orthophotographie","precision_planimetrique":3}},{"type":"Feature","id":"haie.14412832","geometry":{"type":"LineString","coordinates":[[3.81621227,48.48031764],[3.81639876,48.48056287],[3.81641204,48.48063385],[3.81649282,48.48069447],[3.81648924,48.48081235],[3.81666147,48.48092272],[3.81660954,48.48097706],[3.81666593,48.48103605],[3.81670738,48.48117791],[3.81675297,48.48123787],[3.81693381,48.4812933],[3.81722549,48.48125351]]},"geometry_name":"geometrie","properties":{"cleabs":"HAIELINE0000002230060311","date_creation":"2021-05-17T16:15:17.982Z","date_modification":"2023-08-24T11:53:22.432Z","date_d_apparition":null,"date_de_confirmation":null,"hauteur":null,"largeur":null,"sources":"DSB","identifiants_sources":"DSB:HAIELIGN0000000000053857","methode_d_acquisition_planimetrique":"Orthophotographie","precision_planimetrique":3}},{"type":"Feature","id":"haie.15681603","geometry":{"type":"LineString","coordinates":[[3.79905025,48.51688411],[3.79913426,48.51688804],[3.79925161,48.51694663],[3.799383,48.51694934],[3.79943972,48.51693906],[3.79953109,48.51689257],[3.79965652,48.51685934],[3.79974309,48.51685336],[3.79978472,48.51683059],[3.80001049,48.51680658],[3.80005099,48.51679821]]},"geometry_name":"geometrie","properties":{"cleabs":"HAIELINE0000002230060319","date_creation":"2021-05-17T16:15:17.982Z","date_modification":"2024-03-16T00:46:31.884Z","date_d_apparition":null,"date_de_confirmation":null,"hauteur":null,"largeur":null,"sources":"DSB","identifiants_sources":"DSB:HAIELIGN0000000000053865","methode_d_acquisition_planimetrique":"Orthophotographie","precision_planimetrique":3}},{"type":"Feature","id":"haie.15652860","geometry":{"type":"LineString","coordinates":[[3.78515299,48.52376977],[3.78516994,48.52381644],[3.78520572,48.52385399],[3.7853377,48.5238954],[3.78541586,48.52395965],[3.78550995,48.52400221],[3.78574398,48.52407533],[3.78582319,48.52402893],[3.78593285,48.52402641]]},"geometry_name":"geometrie","properties":{"cleabs":"HAIELINE0000002230060322","date_creation":"2021-05-17T16:15:17.982Z","date_modification":"2024-03-16T00:46:31.884Z","date_d_apparition":null,"date_de_confirmation":null,"hauteur":null,"largeur":null,"sources":"DSB","identifiants_sources":"DSB:HAIELIGN0000000000053868","methode_d_acquisition_planimetrique":"Orthophotographie","precision_planimetrique":3}},{"type":"Feature","id":"haie.14412846","geometry":{"type":"LineString","coordinates":[[3.76077926,48.53121334],[3.76104961,48.53108206],[3.76115268,48.53090418],[3.76131991,48.53085453],[3.76142558,48.53085565],[3.76158049,48.53079709],[3.76169244,48.53067132],[3.76170066,48.53058401],[3.76167931,48.53051308],[3.76183634,48.53041401],[3.76189353,48.53034168],[3.76221385,48.53029374]]},"geometry_name":"geometrie","properties":{"cleabs":"HAIELINE0000002230060325","date_creation":"2021-05-17T16:15:17.982Z","date_modification":"2023-08-24T11:53:22.432Z","date_d_apparition":null,"date_de_confirmation":null,"hauteur":null,"largeur":null,"sources":"DSB","identifiants_sources":"DSB:HAIELIGN0000000000053871","methode_d_acquisition_planimetrique":"Orthophotographie","precision_planimetrique":3}},{"type":"Feature","id":"haie.15613715","geometry":{"type":"LineString","coordinates":[[3.80469158,48.51194307],[3.80478061,48.51227443]]},"geometry_name":"geometrie","properties":{"cleabs":"HAIELINE0000002230060328","date_creation":"2021-05-17T16:15:17.982Z","date_modification":"2024-03-16T00:46:31.884Z","date_d_apparition":null,"date_de_confirmation":null,"hauteur":null,"largeur":null,"sources":"DSB","identifiants_sources":"DSB:HAIELIGN0000000000053874","methode_d_acquisition_planimetrique":"Orthophotographie","precision_planimetrique":3}},{"type":"Feature","id":"haie.14412850","geometry":{"type":"LineString","coordinates":[[3.75656408,48.52895972],[3.7566814,48.52892389],[3.75680225,48.52885115],[3.75690753,48.52882619],[3.75692415,48.52875772],[3.75704344,48.52867059],[3.75705254,48.52864445],[3.75713469,48.52861154],[3.75727512,48.52858186]]},"geometry_name":"geometrie","properties":{"cleabs":"HAIELINE0000002230060329","date_creation":"2021-05-17T16:15:17.982Z","date_modification":"2023-08-24T11:53:22.432Z","date_d_apparition":null,"date_de_confirmation":null,"hauteur":null,"largeur":null,"sources":"DSB","identifiants_sources":"DSB:HAIELIGN0000000000053875","methode_d_acquisition_planimetrique":"Orthophotographie","precision_planimetrique":3}},{"type":"Feature","id":"haie.15946154","geometry":{"type":"LineString","coordinates":[[3.81021184,48.51518651],[3.81028848,48.51515181],[3.81037668,48.51507564],[3.81045475,48.51504542],[3.81055254,48.51497728],[3.81079955,48.51492611]]},"geometry_name":"geometrie","properties":{"cleabs":"HAIELINE0000002230060331","date_creation":"2021-05-17T16:15:17.982Z","date_modification":"2024-03-16T00:46:31.884Z","date_d_apparition":null,"date_de_confirmation":null,"hauteur":null,"largeur":null,"sources":"DSB","identifiants_sources":"DSB:HAIELIGN0000000000053877","methode_d_acquisition_planimetrique":"Orthophotographie","precision_planimetrique":3}},{"type":"Feature","id":"haie.15939135","geometry":{"type":"LineString","coordinates":[[3.79007347,48.51596713],[3.79258026,48.51500403]]},"geometry_name":"geometrie","properties":{"cleabs":"HAIELINE0000002230060334","date_creation":"2021-05-17T16:15:17.982Z","date_modification":"2024-03-16T00:46:31.884Z","date_d_apparition":null,"date_de_confirmation":null,"hauteur":null,"largeur":null,"sources":"DSB","identifiants_sources":"DSB:HAIELIGN0000000000053880","methode_d_acquisition_planimetrique":"Orthophotographie","precision_planimetrique":3}},{"type":"Feature","id":"haie.14412856","geometry":{"type":"LineString","coordinates":[[3.78365191,48.52328219],[3.78374428,48.52330047],[3.78381464,48.52329641],[3.78392786,48.52326058],[3.78405107,48.52325796],[3.78415628,48.52332024],[3.78424742,48.52334753]]},"geometry_name":"geometrie","properties":{"cleabs":"HAIELINE0000002230060335","date_creation":"2021-05-17T16:15:17.982Z","date_modification":"2023-08-24T11:53:22.432Z","date_d_apparition":null,"date_de_confirmation":null,"hauteur":null,"largeur":null,"sources":"DSB","identifiants_sources":"DSB:HAIELIGN0000000000053881","methode_d_acquisition_planimetrique":"Orthophotographie","precision_planimetrique":3}},{"type":"Feature","id":"haie.14412858","geometry":{"type":"LineString","coordinates":[[3.78572937,48.52183448],[3.78595321,48.52177002],[3.78619365,48.52154803],[3.78628505,48.52141158],[3.78635954,48.52141199],[3.78643089,48.52138363],[3.78662671,48.52116642],[3.78682565,48.52115791]]},"geometry_name":"geometrie","properties":{"cleabs":"HAIELINE0000002230060337","date_creation":"2021-05-17T16:15:17.982Z","date_modification":"2023-08-24T11:53:22.432Z","date_d_apparition":null,"date_de_confirmation":null,"hauteur":null,"largeur":null,"sources":"DSB","identifiants_sources":"DSB:HAIELIGN0000000000053883","methode_d_acquisition_planimetrique":"Orthophotographie","precision_planimetrique":3}},{"type":"Feature","id":"haie.14412859","geometry":{"type":"LineString","coordinates":[[3.79144166,48.50002736],[3.79153756,48.50010319]]},"geometry_name":"geometrie","properties":{"cleabs":"HAIELINE0000002230060338","date_creation":"2021-05-17T16:15:17.982Z","date_modification":"2023-08-24T11:53:22.432Z","date_d_apparition":null,"date_de_confirmation":null,"hauteur":null,"largeur":null,"sources":"DSB","identifiants_sources":"DSB:HAIELIGN0000000000053884","methode_d_acquisition_planimetrique":"Orthophotographie","precision_planimetrique":3}},{"type":"Feature","id":"haie.14412860","geometry":{"type":"LineString","coordinates":[[3.79071549,48.50016804],[3.79086245,48.50012837],[3.79096961,48.50014295],[3.79107915,48.50013593],[3.79129052,48.50005895],[3.79144166,48.50002736]]},"geometry_name":"geometrie","properties":{"cleabs":"HAIELINE0000002230060339","date_creation":"2021-05-17T16:15:17.982Z","date_modification":"2023-08-24T11:53:22.432Z","date_d_apparition":null,"date_de_confirmation":null,"hauteur":null,"largeur":null,"sources":"DSB","identifiants_sources":"DSB:HAIELIGN0000000000053885","methode_d_acquisition_planimetrique":"Orthophotographie","precision_planimetrique":3}},{"type":"Feature","id":"haie.14412862","geometry":{"type":"LineString","coordinates":[[3.78387663,48.50868609],[3.78395349,48.50857493]]},"geometry_name":"geometrie","properties":{"cleabs":"HAIELINE0000002230060341","date_creation":"2021-05-17T16:15:17.982Z","date_modification":"2023-08-24T11:53:22.432Z","date_d_apparition":null,"date_de_confirmation":null,"hauteur":null,"largeur":null,"sources":"DSB","identifiants_sources":"DSB:HAIELIGN0000000000053887","methode_d_acquisition_planimetrique":"Orthophotographie","precision_planimetrique":3}},{"type":"Feature","id":"haie.15750348","geometry":{"type":"LineString","coordinates":[[3.78390734,48.50874797],[3.78387663,48.50868609]]},"geometry_name":"geometrie","properties":{"cleabs":"HAIELINE0000002230060342","date_creation":"2021-05-17T16:15:17.982Z","date_modification":"2024-03-16T00:46:31.884Z","date_d_apparition":null,"date_de_confirmation":null,"hauteur":null,"largeur":null,"sources":"DSB","identifiants_sources":"DSB:HAIELIGN0000000000053888","methode_d_acquisition_planimetrique":"Orthophotographie","precision_planimetrique":3}},{"type":"Feature","id":"haie.14412864","geometry":{"type":"LineString","coordinates":[[3.7842107,48.50857234],[3.78425099,48.50864134],[3.78424821,48.50872683]]},"geometry_name":"geometrie","properties":{"cleabs":"HAIELINE0000002230060343","date_creation":"2021-05-17T16:15:17.982Z","date_modification":"2023-08-24T11:53:22.432Z","date_d_apparition":null,"date_de_confirmation":null,"hauteur":null,"largeur":null,"sources":"DSB","identifiants_sources":"DSB:HAIELIGN0000000000053889","methode_d_acquisition_planimetrique":"Orthophotographie","precision_planimetrique":3}},{"type":"Feature","id":"haie.14412865","geometry":{"type":"LineString","coordinates":[[3.78395349,48.50857493],[3.78400345,48.50856561],[3.7842107,48.50857234]]},"geometry_name":"geometrie","properties":{"cleabs":"HAIELINE0000002230060344","date_creation":"2021-05-17T16:15:17.982Z","date_modification":"2023-08-24T11:53:22.432Z","date_d_apparition":null,"date_de_confirmation":null,"hauteur":null,"largeur":null,"sources":"DSB","identifiants_sources":"DSB:HAIELIGN0000000000053890","methode_d_acquisition_planimetrique":"Orthophotographie","precision_planimetrique":3}},{"type":"Feature","id":"haie.14412866","geometry":{"type":"LineString","coordinates":[[3.80406056,48.49259166],[3.80418969,48.49262767],[3.80438122,48.49258409],[3.80462724,48.49256353],[3.80473381,48.49254032],[3.80493397,48.49252997]]},"geometry_name":"geometrie","properties":{"cleabs":"HAIELINE0000002230060345","date_creation":"2021-05-17T16:15:17.982Z","date_modification":"2023-08-24T11:53:22.432Z","date_d_apparition":null,"date_de_confirmation":null,"hauteur":null,"largeur":null,"sources":"DSB","identifiants_sources":"DSB:HAIELIGN0000000000053891","methode_d_acquisition_planimetrique":"Orthophotographie","precision_planimetrique":3}},{"type":"Feature","id":"haie.15933597","geometry":{"type":"LineString","coordinates":[[3.78667544,48.51403208],[3.78691651,48.51403498],[3.78696364,48.51401758],[3.78701803,48.51394255],[3.78706826,48.51377039]]},"geometry_name":"geometrie","properties":{"cleabs":"HAIELINE0000002230060346","date_creation":"2021-05-17T16:15:17.982Z","date_modification":"2024-03-16T00:46:31.884Z","date_d_apparition":null,"date_de_confirmation":null,"hauteur":null,"largeur":null,"sources":"DSB","identifiants_sources":"DSB:HAIELIGN0000000000053892","methode_d_acquisition_planimetrique":"Orthophotographie","precision_planimetrique":3}},{"type":"Feature","id":"haie.15716294","geometry":{"type":"LineString","coordinates":[[3.80844953,48.51532086],[3.80837399,48.51498762],[3.80840328,48.51460418],[3.80845384,48.51445809]]},"geometry_name":"geometrie","properties":{"cleabs":"HAIELINE0000002230060347","date_creation":"2021-05-17T16:15:17.982Z","date_modification":"2024-03-16T00:46:31.884Z","date_d_apparition":null,"date_de_confirmation":null,"hauteur":null,"largeur":null,"sources":"DSB","identifiants_sources":"DSB:HAIELIGN0000000000053893","methode_d_acquisition_planimetrique":"Orthophotographie","precision_planimetrique":3}},{"type":"Feature","id":"haie.15756327","geometry":{"type":"LineString","coordinates":[[3.79123026,48.47675945],[3.79428018,48.47613722],[3.80030348,48.47494432]]},"geometry_name":"geometrie","properties":{"cleabs":"HAIELINE0000002230060353","date_creation":"2021-05-17T16:15:17.982Z","date_modification":"2024-03-16T00:46:31.884Z","date_d_apparition":null,"date_de_confirmation":null,"hauteur":null,"largeur":null,"sources":"DSB","identifiants_sources":"DSB:HAIELIGN0000000000053899","methode_d_acquisition_planimetrique":"Orthophotographie","precision_planimetrique":3}},{"type":"Feature","id":"haie.15962243","geometry":{"type":"LineString","coordinates":[[3.78108386,48.52389734],[3.78114756,48.52399138],[3.78111051,48.5240501],[3.78110875,48.52411398],[3.78116317,48.52422158],[3.78132824,48.52430146],[3.78141643,48.52431257]]},"geometry_name":"geometrie","properties":{"cleabs":"HAIELINE0000002230060354","date_creation":"2021-05-17T16:15:17.982Z","date_modification":"2024-03-16T00:46:31.884Z","date_d_apparition":null,"date_de_confirmation":null,"hauteur":null,"largeur":null,"sources":"DSB","identifiants_sources":"DSB:HAIELIGN0000000000053900","methode_d_acquisition_planimetrique":"Orthophotographie","precision_planimetrique":3}},{"type":"Feature","id":"haie.15915801","geometry":{"type":"LineString","coordinates":[[3.75672732,48.51746249],[3.75671306,48.51750666],[3.75674272,48.51759193],[3.75679984,48.51760866],[3.75702279,48.51776288],[3.7573693,48.51831483],[3.7575892,48.51844568]]},"geometry_name":"geometrie","properties":{"cleabs":"HAIELINE0000002230060355","date_creation":"2021-05-17T16:15:17.982Z","date_modification":"2024-03-16T00:46:31.884Z","date_d_apparition":null,"date_de_confirmation":null,"hauteur":null,"largeur":null,"sources":"DSB","identifiants_sources":"DSB:HAIELIGN0000000000053902","methode_d_acquisition_planimetrique":"Orthophotographie","precision_planimetrique":3}},{"type":"Feature","id":"haie.14412877","geometry":{"type":"LineString","coordinates":[[3.75672732,48.51746249],[3.75689563,48.5174902],[3.75705743,48.51753595]]},"geometry_name":"geometrie","properties":{"cleabs":"HAIELINE0000002230060356","date_creation":"2021-05-17T16:15:17.982Z","date_modification":"2023-08-24T11:53:22.432Z","date_d_apparition":null,"date_de_confirmation":null,"hauteur":null,"largeur":null,"sources":"DSB","identifiants_sources":"DSB:HAIELIGN0000000000053903","methode_d_acquisition_planimetrique":"Orthophotographie","precision_planimetrique":3}},{"type":"Feature","id":"haie.14412878","geometry":{"type":"LineString","coordinates":[[3.75603507,48.51669142],[3.75612428,48.51686808],[3.75624794,48.51689788],[3.75638049,48.51707516],[3.75639524,48.51715873],[3.75648699,48.51723011],[3.75658646,48.51736712],[3.75672732,48.51746249]]},"geometry_name":"geometrie","properties":{"cleabs":"HAIELINE0000002230060357","date_creation":"2021-05-17T16:15:17.982Z","date_modification":"2023-08-24T11:53:22.432Z","date_d_apparition":null,"date_de_confirmation":null,"hauteur":null,"largeur":null,"sources":"DSB","identifiants_sources":"DSB:HAIELIGN0000000000053904","methode_d_acquisition_planimetrique":"Orthophotographie","precision_planimetrique":3}},{"type":"Feature","id":"haie.15834240","geometry":{"type":"LineString","coordinates":[[3.79204871,48.50939389],[3.79221948,48.51048131]]},"geometry_name":"geometrie","properties":{"cleabs":"HAIELINE0000002230060379","date_creation":"2021-05-17T16:15:17.982Z","date_modification":"2024-03-16T00:46:31.884Z","date_d_apparition":null,"date_de_confirmation":null,"hauteur":null,"largeur":null,"sources":"DSB","identifiants_sources":"DSB:HAIELIGN0000000000053927","methode_d_acquisition_planimetrique":"Orthophotographie","precision_planimetrique":3}},{"type":"Feature","id":"haie.15617676","geometry":{"type":"LineString","coordinates":[[3.7845337,48.50708491],[3.78482194,48.50707581]]},"geometry_name":"geometrie","properties":{"cleabs":"HAIELINE0000002230060380","date_creation":"2021-05-17T16:15:17.982Z","date_modification":"2024-03-16T00:46:31.884Z","date_d_apparition":null,"date_de_confirmation":null,"hauteur":null,"largeur":null,"sources":"DSB","identifiants_sources":"DSB:HAIELIGN0000000000053928","methode_d_acquisition_planimetrique":"Orthophotographie","precision_planimetrique":3}},{"type":"Feature","id":"haie.14412907","geometry":{"type":"LineString","coordinates":[[3.79034525,48.5121662],[3.79038606,48.51217852],[3.79038246,48.51220913],[3.79034129,48.51226248],[3.7902551,48.51229364],[3.79023071,48.51229291],[3.79016466,48.51222227]]},"geometry_name":"geometrie","properties":{"cleabs":"HAIELINE0000002230060389","date_creation":"2021-05-17T16:15:17.982Z","date_modification":"2023-08-24T11:53:22.432Z","date_d_apparition":null,"date_de_confirmation":null,"hauteur":null,"largeur":null,"sources":"DSB","identifiants_sources":"DSB:HAIELIGN0000000000053937","methode_d_acquisition_planimetrique":"Orthophotographie","precision_planimetrique":3}},{"type":"Feature","id":"haie.14412908","geometry":{"type":"LineString","coordinates":[[3.78946956,48.51200918],[3.78959112,48.51198948],[3.78963872,48.51200356],[3.78980522,48.51200066],[3.78985179,48.51203633],[3.78997849,48.51208767],[3.79007319,48.51208254],[3.7901426,48.51210637],[3.79024137,48.51210121],[3.79033164,48.51216179],[3.79033438,48.51216357]]},"geometry_name":"geometrie","properties":{"cleabs":"HAIELINE0000002230060390","date_creation":"2021-05-17T16:15:17.982Z","date_modification":"2023-08-24T11:53:22.432Z","date_d_apparition":null,"date_de_confirmation":null,"hauteur":null,"largeur":null,"sources":"DSB","identifiants_sources":"DSB:HAIELIGN0000000000053938","methode_d_acquisition_planimetrique":"Orthophotographie","precision_planimetrique":3}},{"type":"Feature","id":"haie.14412911","geometry":{"type":"LineString","coordinates":[[3.76236583,48.53031346],[3.76247005,48.53030829],[3.76255423,48.53032215],[3.76262985,48.53030637],[3.76289091,48.53018864],[3.76294712,48.5301424],[3.76301738,48.53013026],[3.76307058,48.53006334]]},"geometry_name":"geometrie","properties":{"cleabs":"HAIELINE0000002230060393","date_creation":"2021-05-17T16:15:17.982Z","date_modification":"2023-08-24T11:53:22.432Z","date_d_apparition":null,"date_de_confirmation":null,"hauteur":null,"largeur":null,"sources":"DSB","identifiants_sources":"DSB:HAIELIGN0000000000053941","methode_d_acquisition_planimetrique":"Orthophotographie","precision_planimetrique":3}},{"type":"Feature","id":"haie.15981935","geometry":{"type":"LineString","coordinates":[[3.7977715,48.51222453],[3.79780216,48.51210378]]},"geometry_name":"geometrie","properties":{"cleabs":"HAIELINE0000002230060403","date_creation":"2021-05-17T16:15:17.982Z","date_modification":"2024-03-16T00:46:31.884Z","date_d_apparition":null,"date_de_confirmation":null,"hauteur":null,"largeur":null,"sources":"DSB","identifiants_sources":"DSB:HAIELIGN0000000000053950","methode_d_acquisition_planimetrique":"Orthophotographie","precision_planimetrique":3}},{"type":"Feature","id":"haie.15814792","geometry":{"type":"LineString","coordinates":[[3.7819657,48.49974644],[3.7820501,48.49977827],[3.78207459,48.49987707],[3.78213742,48.49991444],[3.78218711,48.49997889],[3.78225951,48.50029508],[3.78223185,48.50034654],[3.78230055,48.50068705]]},"geometry_name":"geometrie","properties":{"cleabs":"HAIELINE0000002230060406","date_creation":"2021-05-17T16:15:17.982Z","date_modification":"2024-03-16T00:46:31.884Z","date_d_apparition":null,"date_de_confirmation":null,"hauteur":null,"largeur":null,"sources":"DSB","identifiants_sources":"DSB:HAIELIGN0000000000053953","methode_d_acquisition_planimetrique":"Orthophotographie","precision_planimetrique":3}},{"type":"Feature","id":"haie.15972327","geometry":{"type":"LineString","coordinates":[[3.78151887,48.49982945],[3.78172224,48.49975974],[3.7819657,48.49974644]]},"geometry_name":"geometrie","properties":{"cleabs":"HAIELINE0000002230060407","date_creation":"2021-05-17T16:15:17.982Z","date_modification":"2024-03-16T00:46:31.884Z","date_d_apparition":null,"date_de_confirmation":null,"hauteur":null,"largeur":null,"sources":"DSB","identifiants_sources":"DSB:HAIELIGN0000000000053954","methode_d_acquisition_planimetrique":"Orthophotographie","precision_planimetrique":3}},{"type":"Feature","id":"haie.14412927","geometry":{"type":"LineString","coordinates":[[3.7816386,48.50005177],[3.78169169,48.50007211],[3.78165023,48.50019653],[3.78167236,48.50022788],[3.78175803,48.5002543],[3.78183336,48.50031318],[3.78192402,48.50031079],[3.78202663,48.50038298]]},"geometry_name":"geometrie","properties":{"cleabs":"HAIELINE0000002230060408","date_creation":"2021-05-17T16:15:17.982Z","date_modification":"2023-08-24T11:53:22.432Z","date_d_apparition":null,"date_de_confirmation":null,"hauteur":null,"largeur":null,"sources":"DSB","identifiants_sources":"DSB:HAIELIGN0000000000053955","methode_d_acquisition_planimetrique":"Orthophotographie","precision_planimetrique":3}},{"type":"Feature","id":"haie.15820068","geometry":{"type":"LineString","coordinates":[[3.78160747,48.50005197],[3.7816386,48.50005177]]},"geometry_name":"geometrie","properties":{"cleabs":"HAIELINE0000002230060409","date_creation":"2021-05-17T16:15:17.982Z","date_modification":"2024-03-16T00:46:31.884Z","date_d_apparition":null,"date_de_confirmation":null,"hauteur":null,"largeur":null,"sources":"DSB","identifiants_sources":"DSB:HAIELIGN0000000000053956","methode_d_acquisition_planimetrique":"Orthophotographie","precision_planimetrique":3}},{"type":"Feature","id":"haie.15642733","geometry":{"type":"LineString","coordinates":[[3.7810262,48.49983449],[3.78115519,48.49986063]]},"geometry_name":"geometrie","properties":{"cleabs":"HAIELINE0000002230060410","date_creation":"2021-05-17T16:15:17.982Z","date_modification":"2024-03-16T00:46:31.884Z","date_d_apparition":null,"date_de_confirmation":null,"hauteur":null,"largeur":null,"sources":"DSB","identifiants_sources":"DSB:HAIELIGN0000000000053957","methode_d_acquisition_planimetrique":"Orthophotographie","precision_planimetrique":3}},{"type":"Feature","id":"haie.14412935","geometry":{"type":"LineString","coordinates":[[3.77665043,48.4997894],[3.77669405,48.49980981],[3.77662908,48.49990199],[3.7765608,48.49995282],[3.77662897,48.49998566],[3.77673196,48.49999308]]},"geometry_name":"geometrie","properties":{"cleabs":"HAIELINE0000002230060416","date_creation":"2021-05-17T16:15:17.982Z","date_modification":"2023-08-24T11:53:22.432Z","date_d_apparition":null,"date_de_confirmation":null,"hauteur":null,"largeur":null,"sources":"DSB","identifiants_sources":"DSB:HAIELIGN0000000000053963","methode_d_acquisition_planimetrique":"Orthophotographie","precision_planimetrique":3}},{"type":"Feature","id":"haie.14412936","geometry":{"type":"LineString","coordinates":[[3.77641607,48.4998692],[3.77647881,48.49980941],[3.77652054,48.49979385],[3.77665043,48.4997894]]},"geometry_name":"geometrie","properties":{"cleabs":"HAIELINE0000002230060417","date_creation":"2021-05-17T16:15:17.982Z","date_modification":"2023-08-24T11:53:22.432Z","date_d_apparition":null,"date_de_confirmation":null,"hauteur":null,"largeur":null,"sources":"DSB","identifiants_sources":"DSB:HAIELIGN0000000000053964","methode_d_acquisition_planimetrique":"Orthophotographie","precision_planimetrique":3}},{"type":"Feature","id":"haie.15891871","geometry":{"type":"LineString","coordinates":[[3.80880871,48.51446467],[3.80890389,48.51457828],[3.80894869,48.5147615],[3.80900248,48.51482501],[3.8090994,48.51505105],[3.80916577,48.51514056],[3.80916172,48.51522875],[3.80918162,48.51528979],[3.8092023,48.51531394],[3.80934231,48.51534897]]},"geometry_name":"geometrie","properties":{"cleabs":"HAIELINE0000002230060418","date_creation":"2021-05-17T16:15:17.982Z","date_modification":"2024-03-16T00:46:31.884Z","date_d_apparition":null,"date_de_confirmation":null,"hauteur":null,"largeur":null,"sources":"DSB","identifiants_sources":"DSB:HAIELIGN0000000000053965","methode_d_acquisition_planimetrique":"Orthophotographie","precision_planimetrique":3}},{"type":"Feature","id":"haie.14412789","geometry":{"type":"LineString","coordinates":[[3.780007,48.49984298],[3.78032463,48.49981031],[3.78079954,48.49979459]]},"geometry_name":"geometrie","properties":{"cleabs":"HAIELINE0000002230060432","date_creation":"2021-05-17T16:15:17.982Z","date_modification":"2023-08-24T11:53:22.432Z","date_d_apparition":null,"date_de_confirmation":null,"hauteur":null,"largeur":null,"sources":"DSB","identifiants_sources":"DSB:HAIELIGN0000000000053980","methode_d_acquisition_planimetrique":"Orthophotographie","precision_planimetrique":3}},{"type":"Feature","id":"haie.14412952","geometry":{"type":"LineString","coordinates":[[3.7775835,48.50456575],[3.77768787,48.50457406],[3.77800811,48.50453328]]},"geometry_name":"geometrie","properties":{"cleabs":"HAIELINE0000002230060434","date_creation":"2021-05-17T16:15:17.982Z","date_modification":"2023-08-24T11:53:22.432Z","date_d_apparition":null,"date_de_confirmation":null,"hauteur":null,"largeur":null,"sources":"DSB","identifiants_sources":"DSB:HAIELIGN0000000000053982","methode_d_acquisition_planimetrique":"Orthophotographie","precision_planimetrique":3}},{"type":"Feature","id":"haie.15872439","geometry":{"type":"LineString","coordinates":[[3.78637537,48.51632541],[3.78705898,48.51631099],[3.78722506,48.51627931],[3.78737441,48.51621534],[3.78746152,48.51615539],[3.78791256,48.51598327],[3.78873583,48.51598141]]},"geometry_name":"geometrie","properties":{"cleabs":"HAIELINE0000002230060437","date_creation":"2021-05-17T16:15:17.982Z","date_modification":"2024-03-16T00:46:31.884Z","date_d_apparition":null,"date_de_confirmation":null,"hauteur":null,"largeur":null,"sources":"DSB","identifiants_sources":"DSB:HAIELIGN0000000000053985","methode_d_acquisition_planimetrique":"Orthophotographie","precision_planimetrique":3}},{"type":"Feature","id":"haie.15795731","geometry":{"type":"LineString","coordinates":[[3.78797381,48.50347352],[3.78806874,48.5039353]]},"geometry_name":"geometrie","properties":{"cleabs":"HAIELINE0000002230060438","date_creation":"2021-05-17T16:15:17.982Z","date_modification":"2024-03-16T00:46:31.884Z","date_d_apparition":null,"date_de_confirmation":null,"hauteur":null,"largeur":null,"sources":"DSB","identifiants_sources":"DSB:HAIELIGN0000000000053986","methode_d_acquisition_planimetrique":"Orthophotographie","precision_planimetrique":3}},{"type":"Feature","id":"haie.14412960","geometry":{"type":"LineString","coordinates":[[3.80977679,48.51674044],[3.80983527,48.51666897],[3.8098851,48.51665154],[3.81002981,48.51663975],[3.81009495,48.51664921],[3.81023136,48.51662579],[3.81031958,48.51663868],[3.81044917,48.5166126],[3.81058912,48.51655587],[3.81073888,48.51652067]]},"geometry_name":"geometrie","properties":{"cleabs":"HAIELINE0000002230060442","date_creation":"2021-05-17T16:15:17.982Z","date_modification":"2023-08-24T11:53:22.432Z","date_d_apparition":null,"date_de_confirmation":null,"hauteur":null,"largeur":null,"sources":"DSB","identifiants_sources":"DSB:HAIELIGN0000000000053990","methode_d_acquisition_planimetrique":"Orthophotographie","precision_planimetrique":3}},{"type":"Feature","id":"haie.14412962","geometry":{"type":"LineString","coordinates":[[3.80369459,48.51951478],[3.80377162,48.5194162]]},"geometry_name":"geometrie","properties":{"cleabs":"HAIELINE0000002230060444","date_creation":"2021-05-17T16:15:17.982Z","date_modification":"2023-08-24T11:53:22.432Z","date_d_apparition":null,"date_de_confirmation":null,"hauteur":null,"largeur":null,"sources":"DSB","identifiants_sources":"DSB:HAIELIGN0000000000053992","methode_d_acquisition_planimetrique":"Orthophotographie","precision_planimetrique":3}},{"type":"Feature","id":"haie.14412963","geometry":{"type":"LineString","coordinates":[[3.80415943,48.5193614],[3.80427555,48.51942719]]},"geometry_name":"geometrie","properties":{"cleabs":"HAIELINE0000002230060445","date_creation":"2021-05-17T16:15:17.982Z","date_modification":"2023-08-24T11:53:22.432Z","date_d_apparition":null,"date_de_confirmation":null,"hauteur":null,"largeur":null,"sources":"DSB","identifiants_sources":"DSB:HAIELIGN0000000000053993","methode_d_acquisition_planimetrique":"Orthophotographie","precision_planimetrique":3}},{"type":"Feature","id":"haie.14412964","geometry":{"type":"LineString","coordinates":[[3.80377162,48.5194162],[3.80403313,48.51942613],[3.80415943,48.5193614]]},"geometry_name":"geometrie","properties":{"cleabs":"HAIELINE0000002230060446","date_creation":"2021-05-17T16:15:17.982Z","date_modification":"2023-08-24T11:53:22.432Z","date_d_apparition":null,"date_de_confirmation":null,"hauteur":null,"largeur":null,"sources":"DSB","identifiants_sources":"DSB:HAIELIGN0000000000053994","methode_d_acquisition_planimetrique":"Orthophotographie","precision_planimetrique":3}},{"type":"Feature","id":"haie.15893805","geometry":{"type":"LineString","coordinates":[[3.79376674,48.50070636],[3.79377746,48.5006991],[3.79376055,48.50065513],[3.79381126,48.50060621],[3.79377516,48.50054707],[3.79381089,48.50049286]]},"geometry_name":"geometrie","properties":{"cleabs":"HAIELINE0000002230060450","date_creation":"2021-05-17T16:15:17.982Z","date_modification":"2024-03-16T00:46:31.884Z","date_d_apparition":null,"date_de_confirmation":null,"hauteur":null,"largeur":null,"sources":"DSB","identifiants_sources":"DSB:HAIELIGN0000000000053998","methode_d_acquisition_planimetrique":"Orthophotographie","precision_planimetrique":3}},{"type":"Feature","id":"haie.14412975","geometry":{"type":"LineString","coordinates":[[3.78452443,48.51687742],[3.78472895,48.51678971],[3.78485723,48.51676547],[3.78502417,48.51679136]]},"geometry_name":"geometrie","properties":{"cleabs":"HAIELINE0000002230060457","date_creation":"2021-05-17T16:15:17.982Z","date_modification":"2023-08-24T11:53:22.432Z","date_d_apparition":null,"date_de_confirmation":null,"hauteur":null,"largeur":null,"sources":"DSB","identifiants_sources":"DSB:HAIELIGN0000000000054005","methode_d_acquisition_planimetrique":"Orthophotographie","precision_planimetrique":3}},{"type":"Feature","id":"haie.14412976","geometry":{"type":"LineString","coordinates":[[3.78542925,48.517709],[3.7851911,48.51781133]]},"geometry_name":"geometrie","properties":{"cleabs":"HAIELINE0000002230060458","date_creation":"2021-05-17T16:15:17.982Z","date_modification":"2023-08-24T11:53:22.432Z","date_d_apparition":null,"date_de_confirmation":null,"hauteur":null,"largeur":null,"sources":"DSB","identifiants_sources":"DSB:HAIELIGN0000000000054006","methode_d_acquisition_planimetrique":"Orthophotographie","precision_planimetrique":3}},{"type":"Feature","id":"haie.14412977","geometry":{"type":"LineString","coordinates":[[3.78502417,48.51679136],[3.78504626,48.51682],[3.78512937,48.51703446],[3.78520322,48.51708345],[3.78524788,48.51717222],[3.78530285,48.5173158],[3.78529711,48.5173851],[3.78536928,48.51750248],[3.78542925,48.517709]]},"geometry_name":"geometrie","properties":{"cleabs":"HAIELINE0000002230060459","date_creation":"2021-05-17T16:15:17.982Z","date_modification":"2023-08-24T11:53:22.432Z","date_d_apparition":null,"date_de_confirmation":null,"hauteur":null,"largeur":null,"sources":"DSB","identifiants_sources":"DSB:HAIELIGN0000000000054007","methode_d_acquisition_planimetrique":"Orthophotographie","precision_planimetrique":3}},{"type":"Feature","id":"haie.14412978","geometry":{"type":"LineString","coordinates":[[3.83041025,48.51387128],[3.8304015,48.51383176],[3.83044933,48.51377385],[3.83055817,48.51372091]]},"geometry_name":"geometrie","properties":{"cleabs":"HAIELINE0000002230060460","date_creation":"2021-05-17T16:15:17.982Z","date_modification":"2023-08-24T11:53:22.432Z","date_d_apparition":null,"date_de_confirmation":null,"hauteur":null,"largeur":null,"sources":"DSB","identifiants_sources":"DSB:HAIELIGN0000000000054008","methode_d_acquisition_planimetrique":"Orthophotographie","precision_planimetrique":3}},{"type":"Feature","id":"haie.14412979","geometry":{"type":"LineString","coordinates":[[3.82998015,48.5140731],[3.83004071,48.51396383],[3.83011624,48.51394531],[3.83021157,48.51389426],[3.83041025,48.51387128]]},"geometry_name":"geometrie","properties":{"cleabs":"HAIELINE0000002230060461","date_creation":"2021-05-17T16:15:17.982Z","date_modification":"2023-08-24T11:53:22.432Z","date_d_apparition":null,"date_de_confirmation":null,"hauteur":null,"largeur":null,"sources":"DSB","identifiants_sources":"DSB:HAIELIGN0000000000054009","methode_d_acquisition_planimetrique":"Orthophotographie","precision_planimetrique":3}},{"type":"Feature","id":"haie.15760177","geometry":{"type":"LineString","coordinates":[[3.81694415,48.49900008],[3.81717967,48.49934662],[3.81724028,48.49950094]]},"geometry_name":"geometrie","properties":{"cleabs":"HAIELINE0000002230060477","date_creation":"2021-05-17T16:15:17.982Z","date_modification":"2024-03-16T00:46:31.884Z","date_d_apparition":null,"date_de_confirmation":null,"hauteur":null,"largeur":null,"sources":"DSB","identifiants_sources":"DSB:HAIELIGN0000000000054024","methode_d_acquisition_planimetrique":"Orthophotographie","precision_planimetrique":3}},{"type":"Feature","id":"haie.15640530","geometry":{"type":"LineString","coordinates":[[3.79927847,48.51515439],[3.79939988,48.51512479],[3.79949739,48.51512593],[3.79959284,48.51508031],[3.79972951,48.51498582],[3.79991508,48.51481185],[3.80005511,48.51475963],[3.80027953,48.51464746],[3.80038342,48.51462337],[3.80060685,48.51462367],[3.80073504,48.51459491],[3.80089927,48.5146199],[3.80106435,48.51461249],[3.80111401,48.51458336],[3.80116172,48.51451557],[3.80133529,48.51444333],[3.80172358,48.51433365],[3.80183221,48.51426455],[3.80209465,48.51424838],[3.80222234,48.51418635],[3.80232228,48.51416948],[3.80245831,48.51412178],[3.80257771,48.51413807],[3.80268242,48.51407888],[3.80283757,48.51404185],[3.80289125,48.51401],[3.80317206,48.51395593],[3.80334309,48.5138945],[3.8034519,48.51383798],[3.80355879,48.51383276],[3.80365183,48.51380694],[3.80371966,48.51372732]]},"geometry_name":"geometrie","properties":{"cleabs":"HAIELINE0000002230060482","date_creation":"2021-05-17T16:15:17.982Z","date_modification":"2024-03-16T00:46:31.884Z","date_d_apparition":null,"date_de_confirmation":null,"hauteur":null,"largeur":null,"sources":"DSB","identifiants_sources":"DSB:HAIELIGN0000000000054027","methode_d_acquisition_planimetrique":"Orthophotographie","precision_planimetrique":3}},{"type":"Feature","id":"haie.14413004","geometry":{"type":"LineString","coordinates":[[3.78494871,48.51401111],[3.78498199,48.51406307],[3.78505923,48.51406706],[3.78510866,48.51411261],[3.78503445,48.51422106],[3.78509237,48.51429085],[3.78511251,48.51436988]]},"geometry_name":"geometrie","properties":{"cleabs":"HAIELINE0000002230060487","date_creation":"2021-05-17T16:15:17.982Z","date_modification":"2023-08-24T11:53:22.432Z","date_d_apparition":null,"date_de_confirmation":null,"hauteur":null,"largeur":null,"sources":"DSB","identifiants_sources":"DSB:HAIELIGN0000000000054032","methode_d_acquisition_planimetrique":"Orthophotographie","precision_planimetrique":3}},{"type":"Feature","id":"haie.14413005","geometry":{"type":"LineString","coordinates":[[3.78497936,48.51388766],[3.78494871,48.51401111]]},"geometry_name":"geometrie","properties":{"cleabs":"HAIELINE0000002230060488","date_creation":"2021-05-17T16:15:17.982Z","date_modification":"2023-08-24T11:53:22.432Z","date_d_apparition":null,"date_de_confirmation":null,"hauteur":null,"largeur":null,"sources":"DSB","identifiants_sources":"DSB:HAIELIGN0000000000054033","methode_d_acquisition_planimetrique":"Orthophotographie","precision_planimetrique":3}},{"type":"Feature","id":"haie.14413015","geometry":{"type":"LineString","coordinates":[[3.78072078,48.52643664],[3.78079498,48.52641726],[3.78098322,48.52641603],[3.78111807,48.52646732],[3.78118429,48.52645789],[3.78132968,48.52648932],[3.78138377,48.52648356],[3.78143158,48.52642028],[3.78162249,48.52641632]]},"geometry_name":"geometrie","properties":{"cleabs":"HAIELINE0000002230060498","date_creation":"2021-05-17T16:15:17.982Z","date_modification":"2023-08-24T11:53:22.432Z","date_d_apparition":null,"date_de_confirmation":null,"hauteur":null,"largeur":null,"sources":"DSB","identifiants_sources":"DSB:HAIELIGN0000000000054043","methode_d_acquisition_planimetrique":"Orthophotographie","precision_planimetrique":3}},{"type":"Feature","id":"haie.14413016","geometry":{"type":"LineString","coordinates":[[3.75128619,48.53229207],[3.75130658,48.53229733],[3.75136494,48.53239952]]},"geometry_name":"geometrie","properties":{"cleabs":"HAIELINE0000002230060499","date_creation":"2021-05-17T16:15:17.982Z","date_modification":"2023-08-24T11:53:22.432Z","date_d_apparition":null,"date_de_confirmation":null,"hauteur":null,"largeur":null,"sources":"DSB","identifiants_sources":"DSB:HAIELIGN0000000000054044","methode_d_acquisition_planimetrique":"Orthophotographie","precision_planimetrique":3}},{"type":"Feature","id":"haie.14413017","geometry":{"type":"LineString","coordinates":[[3.7509975,48.53237396],[3.75117966,48.53232513],[3.751232,48.53229151],[3.75128619,48.53229207]]},"geometry_name":"geometrie","properties":{"cleabs":"HAIELINE0000002230060500","date_creation":"2021-05-17T16:15:17.982Z","date_modification":"2023-08-24T11:53:22.432Z","date_d_apparition":null,"date_de_confirmation":null,"hauteur":null,"largeur":null,"sources":"DSB","identifiants_sources":"DSB:HAIELIGN0000000000054045","methode_d_acquisition_planimetrique":"Orthophotographie","precision_planimetrique":3}},{"type":"Feature","id":"haie.14413022","geometry":{"type":"LineString","coordinates":[[3.78658309,48.5214186],[3.78677668,48.52132376],[3.78685118,48.52114424]]},"geometry_name":"geometrie","properties":{"cleabs":"HAIELINE0000002230060506","date_creation":"2021-05-17T16:15:17.982Z","date_modification":"2023-08-24T11:53:22.432Z","date_d_apparition":null,"date_de_confirmation":null,"hauteur":null,"largeur":null,"sources":"DSB","identifiants_sources":"DSB:HAIELIGN0000000000054050","methode_d_acquisition_planimetrique":"Orthophotographie","precision_planimetrique":3}},{"type":"Feature","id":"haie.15802114","geometry":{"type":"LineString","coordinates":[[3.7617637,48.51011997],[3.7617779,48.5100722],[3.76187256,48.51006439],[3.76194505,48.51002165],[3.76223403,48.50996852],[3.76294079,48.50987582],[3.76303359,48.50983294],[3.76316447,48.50970885],[3.7636523,48.50964454],[3.76387747,48.50958012],[3.76393026,48.50948622],[3.763806,48.50932059]]},"geometry_name":"geometrie","properties":{"cleabs":"HAIELINE0000002230060507","date_creation":"2021-05-17T16:15:17.982Z","date_modification":"2024-03-16T00:46:31.884Z","date_d_apparition":null,"date_de_confirmation":null,"hauteur":null,"largeur":null,"sources":"DSB","identifiants_sources":"DSB:HAIELIGN0000000000054051","methode_d_acquisition_planimetrique":"Orthophotographie","precision_planimetrique":3}},{"type":"Feature","id":"haie.14413026","geometry":{"type":"LineString","coordinates":[[3.78500996,48.52461906],[3.78501884,48.52466938],[3.7850519,48.52470694],[3.78505173,48.52478611],[3.785108,48.52483522],[3.78515467,48.52505801],[3.78528311,48.52513363],[3.7854286,48.52517225]]},"geometry_name":"geometrie","properties":{"cleabs":"HAIELINE0000002230060510","date_creation":"2021-05-17T16:15:17.982Z","date_modification":"2023-08-24T11:53:22.432Z","date_d_apparition":null,"date_de_confirmation":null,"hauteur":null,"largeur":null,"sources":"DSB","identifiants_sources":"DSB:HAIELIGN0000000000054054","methode_d_acquisition_planimetrique":"Orthophotographie","precision_planimetrique":3}},{"type":"Feature","id":"haie.14413029","geometry":{"type":"LineString","coordinates":[[3.8174392,48.49975687],[3.81785485,48.49976121],[3.81794362,48.49972461]]},"geometry_name":"geometrie","properties":{"cleabs":"HAIELINE0000002230060513","date_creation":"2021-05-17T16:15:17.982Z","date_modification":"2023-08-24T11:53:22.432Z","date_d_apparition":null,"date_de_confirmation":null,"hauteur":null,"largeur":null,"sources":"DSB","identifiants_sources":"DSB:HAIELIGN0000000000054057","methode_d_acquisition_planimetrique":"Orthophotographie","precision_planimetrique":3}},{"type":"Feature","id":"haie.15720589","geometry":{"type":"LineString","coordinates":[[3.7708565,48.5187607],[3.77220881,48.51854231]]},"geometry_name":"geometrie","properties":{"cleabs":"HAIELINE0000002230060521","date_creation":"2021-05-17T16:15:17.982Z","date_modification":"2024-03-16T00:46:31.884Z","date_d_apparition":null,"date_de_confirmation":null,"hauteur":null,"largeur":null,"sources":"DSB","identifiants_sources":"DSB:HAIELIGN0000000000054067","methode_d_acquisition_planimetrique":"Orthophotographie","precision_planimetrique":3}},{"type":"Feature","id":"haie.14413048","geometry":{"type":"LineString","coordinates":[[3.80836087,48.50033988],[3.80837371,48.50029481],[3.80855619,48.50027737],[3.80861992,48.50028413],[3.80866802,48.50024332]]},"geometry_name":"geometrie","properties":{"cleabs":"HAIELINE0000002230060531","date_creation":"2021-05-17T16:15:17.982Z","date_modification":"2023-08-24T11:53:22.432Z","date_d_apparition":null,"date_de_confirmation":null,"hauteur":null,"largeur":null,"sources":"DSB","identifiants_sources":"DSB:HAIELIGN0000000000054077","methode_d_acquisition_planimetrique":"Orthophotographie","precision_planimetrique":3}},{"type":"Feature","id":"haie.14413058","geometry":{"type":"LineString","coordinates":[[3.77784811,48.50497245],[3.77790015,48.50501259],[3.77795756,48.50514087]]},"geometry_name":"geometrie","properties":{"cleabs":"HAIELINE0000002230060541","date_creation":"2021-05-17T16:15:17.982Z","date_modification":"2023-08-24T11:53:22.432Z","date_d_apparition":null,"date_de_confirmation":null,"hauteur":null,"largeur":null,"sources":"DSB","identifiants_sources":"DSB:HAIELIGN0000000000054087","methode_d_acquisition_planimetrique":"Orthophotographie","precision_planimetrique":3}},{"type":"Feature","id":"haie.14413059","geometry":{"type":"LineString","coordinates":[[3.77755855,48.50489158],[3.77761246,48.5049668],[3.77784811,48.50497245]]},"geometry_name":"geometrie","properties":{"cleabs":"HAIELINE0000002230060542","date_creation":"2021-05-17T16:15:17.982Z","date_modification":"2023-08-24T11:53:22.432Z","date_d_apparition":null,"date_de_confirmation":null,"hauteur":null,"largeur":null,"sources":"DSB","identifiants_sources":"DSB:HAIELIGN0000000000054088","methode_d_acquisition_planimetrique":"Orthophotographie","precision_planimetrique":3}},{"type":"Feature","id":"haie.14413060","geometry":{"type":"LineString","coordinates":[[3.77779724,48.50519409],[3.77789698,48.50525551],[3.77794178,48.50526422]]},"geometry_name":"geometrie","properties":{"cleabs":"HAIELINE0000002230060543","date_creation":"2021-05-17T16:15:17.982Z","date_modification":"2023-08-24T11:53:22.432Z","date_d_apparition":null,"date_de_confirmation":null,"hauteur":null,"largeur":null,"sources":"DSB","identifiants_sources":"DSB:HAIELIGN0000000000054089","methode_d_acquisition_planimetrique":"Orthophotographie","precision_planimetrique":3}},{"type":"Feature","id":"haie.14413061","geometry":{"type":"LineString","coordinates":[[3.77795756,48.50514087],[3.77779724,48.50519409]]},"geometry_name":"geometrie","properties":{"cleabs":"HAIELINE0000002230060544","date_creation":"2021-05-17T16:15:17.982Z","date_modification":"2023-08-24T11:53:22.432Z","date_d_apparition":null,"date_de_confirmation":null,"hauteur":null,"largeur":null,"sources":"DSB","identifiants_sources":"DSB:HAIELIGN0000000000054090","methode_d_acquisition_planimetrique":"Orthophotographie","precision_planimetrique":3}},{"type":"Feature","id":"haie.14413081","geometry":{"type":"LineString","coordinates":[[3.75081788,48.53099239],[3.75087852,48.53087596],[3.75122936,48.5304995],[3.75136726,48.53038708],[3.7517036,48.53022842],[3.75170525,48.53015464],[3.75179801,48.53001102]]},"geometry_name":"geometrie","properties":{"cleabs":"HAIELINE0000002230060564","date_creation":"2021-05-17T16:15:17.982Z","date_modification":"2023-08-24T11:53:22.432Z","date_d_apparition":null,"date_de_confirmation":null,"hauteur":null,"largeur":null,"sources":"DSB","identifiants_sources":"DSB:HAIELIGN0000000000054110","methode_d_acquisition_planimetrique":"Orthophotographie","precision_planimetrique":3}},{"type":"Feature","id":"haie.15898457","geometry":{"type":"LineString","coordinates":[[3.77550208,48.47237213],[3.77559514,48.47262702],[3.77568224,48.4727533],[3.77570827,48.47286649],[3.77577363,48.47298662],[3.77582596,48.47304835],[3.77590468,48.47306493]]},"geometry_name":"geometrie","properties":{"cleabs":"HAIELINE0000002230060566","date_creation":"2021-05-17T16:15:17.982Z","date_modification":"2024-03-16T00:46:31.884Z","date_d_apparition":null,"date_de_confirmation":null,"hauteur":null,"largeur":null,"sources":"DSB","identifiants_sources":"DSB:HAIELIGN0000000000054112","methode_d_acquisition_planimetrique":"Orthophotographie","precision_planimetrique":3}},{"type":"Feature","id":"haie.15905895","geometry":{"type":"LineString","coordinates":[[3.7890937,48.51600692],[3.78973461,48.51603505]]},"geometry_name":"geometrie","properties":{"cleabs":"HAIELINE0000002230060577","date_creation":"2021-05-17T16:15:17.982Z","date_modification":"2024-03-16T00:46:31.884Z","date_d_apparition":null,"date_de_confirmation":null,"hauteur":null,"largeur":null,"sources":"DSB","identifiants_sources":"DSB:HAIELIGN0000000000054122","methode_d_acquisition_planimetrique":"Orthophotographie","precision_planimetrique":3}},{"type":"Feature","id":"haie.14413099","geometry":{"type":"LineString","coordinates":[[3.82269646,48.50205875],[3.82288765,48.50199175],[3.82308795,48.50198856],[3.82320129,48.50196439],[3.82476329,48.50186449],[3.82637856,48.50170843],[3.82698471,48.50168801],[3.82728192,48.50164906],[3.8277935,48.5016401],[3.8284083,48.50156744],[3.82924287,48.50152383]]},"geometry_name":"geometrie","properties":{"cleabs":"HAIELINE0000002230060583","date_creation":"2021-05-17T16:15:17.982Z","date_modification":"2023-08-24T11:53:22.432Z","date_d_apparition":null,"date_de_confirmation":null,"hauteur":null,"largeur":null,"sources":"DSB","identifiants_sources":"DSB:HAIELIGN0000000000054128","methode_d_acquisition_planimetrique":"Orthophotographie","precision_planimetrique":3}},{"type":"Feature","id":"haie.14413109","geometry":{"type":"LineString","coordinates":[[3.80839161,48.51331958],[3.80851198,48.51331067],[3.80864638,48.51333315],[3.80876257,48.51331616],[3.80882287,48.51327527],[3.80894913,48.5132969],[3.80916388,48.51326215],[3.80926143,48.51326598],[3.80931784,48.51323591],[3.80934683,48.51318444],[3.809501,48.51317169],[3.80978669,48.51308338],[3.80991642,48.5130672],[3.81003233,48.51303223],[3.81015965,48.51303496]]},"geometry_name":"geometrie","properties":{"cleabs":"HAIELINE0000002230060595","date_creation":"2021-05-17T16:15:17.982Z","date_modification":"2023-08-24T11:53:22.432Z","date_d_apparition":null,"date_de_confirmation":null,"hauteur":null,"largeur":null,"sources":"DSB","identifiants_sources":"DSB:HAIELIGN0000000000054140","methode_d_acquisition_planimetrique":"Orthophotographie","precision_planimetrique":3}},{"type":"Feature","id":"haie.14413110","geometry":{"type":"LineString","coordinates":[[3.80825127,48.51282304],[3.80832244,48.5129602],[3.80830953,48.51300167],[3.80832903,48.51303663],[3.80830421,48.51309527],[3.80832058,48.51319142],[3.80839161,48.51331958]]},"geometry_name":"geometrie","properties":{"cleabs":"HAIELINE0000002230060596","date_creation":"2021-05-17T16:15:17.982Z","date_modification":"2023-08-24T11:53:22.432Z","date_d_apparition":null,"date_de_confirmation":null,"hauteur":null,"largeur":null,"sources":"DSB","identifiants_sources":"DSB:HAIELIGN0000000000054141","methode_d_acquisition_planimetrique":"Orthophotographie","precision_planimetrique":3}},{"type":"Feature","id":"haie.14413111","geometry":{"type":"LineString","coordinates":[[3.80816963,48.51341286],[3.80822227,48.5134017],[3.80839161,48.51331958]]},"geometry_name":"geometrie","properties":{"cleabs":"HAIELINE0000002230060597","date_creation":"2021-05-17T16:15:17.982Z","date_modification":"2023-08-24T11:53:22.432Z","date_d_apparition":null,"date_de_confirmation":null,"hauteur":null,"largeur":null,"sources":"DSB","identifiants_sources":"DSB:HAIELIGN0000000000054142","methode_d_acquisition_planimetrique":"Orthophotographie","precision_planimetrique":3}},{"type":"Feature","id":"haie.14413112","geometry":{"type":"LineString","coordinates":[[3.80806107,48.51330924],[3.80810397,48.51336922],[3.80816963,48.51341286]]},"geometry_name":"geometrie","properties":{"cleabs":"HAIELINE0000002230060598","date_creation":"2021-05-17T16:15:17.982Z","date_modification":"2023-08-24T11:53:22.432Z","date_d_apparition":null,"date_de_confirmation":null,"hauteur":null,"largeur":null,"sources":"DSB","identifiants_sources":"DSB:HAIELIGN0000000000054143","methode_d_acquisition_planimetrique":"Orthophotographie","precision_planimetrique":3}},{"type":"Feature","id":"haie.14413128","geometry":{"type":"LineString","coordinates":[[3.82007261,48.50221363],[3.82036173,48.50217655],[3.82052173,48.50219254],[3.82084775,48.50217769]]},"geometry_name":"geometrie","properties":{"cleabs":"HAIELINE0000002230060614","date_creation":"2021-05-17T16:15:17.982Z","date_modification":"2023-08-24T11:53:22.432Z","date_d_apparition":null,"date_de_confirmation":null,"hauteur":null,"largeur":null,"sources":"DSB","identifiants_sources":"DSB:HAIELIGN0000000000054158","methode_d_acquisition_planimetrique":"Orthophotographie","precision_planimetrique":3}},{"type":"Feature","id":"haie.15696348","geometry":{"type":"LineString","coordinates":[[3.77022171,48.50199757],[3.77026393,48.50201439],[3.77093286,48.50267218]]},"geometry_name":"geometrie","properties":{"cleabs":"HAIELINE0000002230060632","date_creation":"2021-05-17T16:15:17.982Z","date_modification":"2024-03-16T00:46:31.884Z","date_d_apparition":null,"date_de_confirmation":null,"hauteur":null,"largeur":null,"sources":"DSB","identifiants_sources":"DSB:HAIELIGN0000000000054176","methode_d_acquisition_planimetrique":"Orthophotographie","precision_planimetrique":3}},{"type":"Feature","id":"haie.14413148","geometry":{"type":"LineString","coordinates":[[3.78698571,48.52081409],[3.78703512,48.52085785],[3.78729198,48.52082826],[3.787393,48.52088247],[3.78750573,48.52090421],[3.78772914,48.52099179],[3.78781623,48.52110996],[3.7878914,48.52115535],[3.78798086,48.52116105],[3.78821704,48.52128723],[3.78839581,48.52128784],[3.78849103,48.521316]]},"geometry_name":"geometrie","properties":{"cleabs":"HAIELINE0000002230060634","date_creation":"2021-05-17T16:15:17.982Z","date_modification":"2023-08-24T11:53:22.432Z","date_d_apparition":null,"date_de_confirmation":null,"hauteur":null,"largeur":null,"sources":"DSB","identifiants_sources":"DSB:HAIELIGN0000000000054178","methode_d_acquisition_planimetrique":"Orthophotographie","precision_planimetrique":3}},{"type":"Feature","id":"haie.14413149","geometry":{"type":"LineString","coordinates":[[3.78693872,48.52057061],[3.78691552,48.52064903],[3.7869286,48.52070832],[3.78698571,48.52081409]]},"geometry_name":"geometrie","properties":{"cleabs":"HAIELINE0000002230060635","date_creation":"2021-05-17T16:15:17.982Z","date_modification":"2023-08-24T11:53:22.432Z","date_d_apparition":null,"date_de_confirmation":null,"hauteur":null,"largeur":null,"sources":"DSB","identifiants_sources":"DSB:HAIELIGN0000000000054179","methode_d_acquisition_planimetrique":"Orthophotographie","precision_planimetrique":3}},{"type":"Feature","id":"haie.14413150","geometry":{"type":"LineString","coordinates":[[3.78714804,48.52053144],[3.78693872,48.52057061]]},"geometry_name":"geometrie","properties":{"cleabs":"HAIELINE0000002230060636","date_creation":"2021-05-17T16:15:17.982Z","date_modification":"2023-08-24T11:53:22.432Z","date_d_apparition":null,"date_de_confirmation":null,"hauteur":null,"largeur":null,"sources":"DSB","identifiants_sources":"DSB:HAIELIGN0000000000054180","methode_d_acquisition_planimetrique":"Orthophotographie","precision_planimetrique":3}},{"type":"Feature","id":"haie.14413151","geometry":{"type":"LineString","coordinates":[[3.78652078,48.5190692],[3.78668158,48.51913651],[3.78677691,48.51944355],[3.78686952,48.51965885],[3.78687386,48.51976767],[3.78696713,48.51993708],[3.78696013,48.5200118],[3.78709324,48.52021873],[3.78709066,48.52031771],[3.78716184,48.52045848],[3.78714804,48.52053144]]},"geometry_name":"geometrie","properties":{"cleabs":"HAIELINE0000002230060637","date_creation":"2021-05-17T16:15:17.982Z","date_modification":"2023-08-24T11:53:22.432Z","date_d_apparition":null,"date_de_confirmation":null,"hauteur":null,"largeur":null,"sources":"DSB","identifiants_sources":"DSB:HAIELIGN0000000000054181","methode_d_acquisition_planimetrique":"Orthophotographie","precision_planimetrique":3}},{"type":"Feature","id":"haie.14413152","geometry":{"type":"LineString","coordinates":[[3.7863629,48.51901627],[3.78637577,48.51906207],[3.78635917,48.51912875],[3.78641398,48.51917157],[3.7866081,48.51974514],[3.78671155,48.51996127],[3.78673968,48.52012121],[3.78679809,48.52022338],[3.78679614,48.52027378],[3.78693872,48.52057061]]},"geometry_name":"geometrie","properties":{"cleabs":"HAIELINE0000002230060638","date_creation":"2021-05-17T16:15:17.982Z","date_modification":"2023-08-24T11:53:22.432Z","date_d_apparition":null,"date_de_confirmation":null,"hauteur":null,"largeur":null,"sources":"DSB","identifiants_sources":"DSB:HAIELIGN0000000000054182","methode_d_acquisition_planimetrique":"Orthophotographie","precision_planimetrique":3}},{"type":"Feature","id":"haie.14413153","geometry":{"type":"LineString","coordinates":[[3.79454792,48.50044385],[3.79468862,48.50043841],[3.79475598,48.50041637]]},"geometry_name":"geometrie","properties":{"cleabs":"HAIELINE0000002230060639","date_creation":"2021-05-17T16:15:17.982Z","date_modification":"2023-08-24T11:53:22.432Z","date_d_apparition":null,"date_de_confirmation":null,"hauteur":null,"largeur":null,"sources":"DSB","identifiants_sources":"DSB:HAIELIGN0000000000054183","methode_d_acquisition_planimetrique":"Orthophotographie","precision_planimetrique":3}},{"type":"Feature","id":"haie.14413154","geometry":{"type":"LineString","coordinates":[[3.79461462,48.50028956],[3.79452467,48.50033874],[3.79451886,48.50040176],[3.79454792,48.50044385]]},"geometry_name":"geometrie","properties":{"cleabs":"HAIELINE0000002230060640","date_creation":"2021-05-17T16:15:17.982Z","date_modification":"2023-08-24T11:53:22.432Z","date_d_apparition":null,"date_de_confirmation":null,"hauteur":null,"largeur":null,"sources":"DSB","identifiants_sources":"DSB:HAIELIGN0000000000054184","methode_d_acquisition_planimetrique":"Orthophotographie","precision_planimetrique":3}},{"type":"Feature","id":"haie.15715741","geometry":{"type":"LineString","coordinates":[[3.78917421,48.51586785],[3.78973885,48.51586679],[3.79016738,48.51581896],[3.79218013,48.51504898]]},"geometry_name":"geometrie","properties":{"cleabs":"HAIELINE0000002230060642","date_creation":"2021-05-17T16:15:17.982Z","date_modification":"2024-03-16T00:46:31.884Z","date_d_apparition":null,"date_de_confirmation":null,"hauteur":null,"largeur":null,"sources":"DSB","identifiants_sources":"DSB:HAIELIGN0000000000054186","methode_d_acquisition_planimetrique":"Orthophotographie","precision_planimetrique":3}},{"type":"Feature","id":"haie.15843284","geometry":{"type":"LineString","coordinates":[[3.80160124,48.49294565],[3.80344267,48.49272359],[3.80372807,48.4926227]]},"geometry_name":"geometrie","properties":{"cleabs":"HAIELINE0000002230060649","date_creation":"2021-05-17T16:15:17.982Z","date_modification":"2024-03-16T00:46:31.884Z","date_d_apparition":null,"date_de_confirmation":null,"hauteur":null,"largeur":null,"sources":"DSB","identifiants_sources":"DSB:HAIELIGN0000000000054192","methode_d_acquisition_planimetrique":"Orthophotographie","precision_planimetrique":3}},{"type":"Feature","id":"haie.17858102","geometry":{"type":"LineString","coordinates":[[3.78341558,48.5002056],[3.7838157,48.50016697]]},"geometry_name":"geometrie","properties":{"cleabs":"HAIELINE0000002230060657","date_creation":"2021-05-17T16:15:17.982Z","date_modification":"2024-03-15T10:13:40.305Z","date_d_apparition":null,"date_de_confirmation":null,"hauteur":null,"largeur":null,"sources":"DSB","identifiants_sources":"DSB:HAIELIGN0000000000054200","methode_d_acquisition_planimetrique":"Orthophotographie","precision_planimetrique":3}},{"type":"Feature","id":"haie.14413176","geometry":{"type":"LineString","coordinates":[[3.80354185,48.5135225],[3.80348228,48.51343474]]},"geometry_name":"geometrie","properties":{"cleabs":"HAIELINE0000002230060661","date_creation":"2021-05-17T16:15:17.982Z","date_modification":"2023-08-24T11:53:22.432Z","date_d_apparition":null,"date_de_confirmation":null,"hauteur":null,"largeur":null,"sources":"DSB","identifiants_sources":"DSB:HAIELIGN0000000000054204","methode_d_acquisition_planimetrique":"Orthophotographie","precision_planimetrique":3}},{"type":"Feature","id":"haie.14413177","geometry":{"type":"LineString","coordinates":[[3.80384994,48.51330451],[3.80389106,48.51333662],[3.80390154,48.51340222]]},"geometry_name":"geometrie","properties":{"cleabs":"HAIELINE0000002230060662","date_creation":"2021-05-17T16:15:17.982Z","date_modification":"2023-08-24T11:53:22.432Z","date_d_apparition":null,"date_de_confirmation":null,"hauteur":null,"largeur":null,"sources":"DSB","identifiants_sources":"DSB:HAIELIGN0000000000054205","methode_d_acquisition_planimetrique":"Orthophotographie","precision_planimetrique":3}},{"type":"Feature","id":"haie.14413178","geometry":{"type":"LineString","coordinates":[[3.80348228,48.51343474],[3.80362021,48.51333395],[3.80384994,48.51330451]]},"geometry_name":"geometrie","properties":{"cleabs":"HAIELINE0000002230060663","date_creation":"2021-05-17T16:15:17.982Z","date_modification":"2023-08-24T11:53:22.432Z","date_d_apparition":null,"date_de_confirmation":null,"hauteur":null,"largeur":null,"sources":"DSB","identifiants_sources":"DSB:HAIELIGN0000000000054206","methode_d_acquisition_planimetrique":"Orthophotographie","precision_planimetrique":3}},{"type":"Feature","id":"haie.14413179","geometry":{"type":"LineString","coordinates":[[3.80354185,48.5135225],[3.80369434,48.51357725],[3.80390113,48.51355246],[3.80400134,48.51355268],[3.80405984,48.51357118]]},"geometry_name":"geometrie","properties":{"cleabs":"HAIELINE0000002230060664","date_creation":"2021-05-17T16:15:17.982Z","date_modification":"2023-08-24T11:53:22.432Z","date_d_apparition":null,"date_de_confirmation":null,"hauteur":null,"largeur":null,"sources":"DSB","identifiants_sources":"DSB:HAIELIGN0000000000054207","methode_d_acquisition_planimetrique":"Orthophotographie","precision_planimetrique":3}},{"type":"Feature","id":"haie.15781441","geometry":{"type":"LineString","coordinates":[[3.80405984,48.51357118],[3.80415188,48.51348059],[3.80478475,48.51342683],[3.80487965,48.51343428],[3.80506187,48.51339706],[3.80519327,48.51340067],[3.80550708,48.51329149]]},"geometry_name":"geometrie","properties":{"cleabs":"HAIELINE0000002230060665","date_creation":"2021-05-17T16:15:17.982Z","date_modification":"2024-03-16T00:46:31.884Z","date_d_apparition":null,"date_de_confirmation":null,"hauteur":null,"largeur":null,"sources":"DSB","identifiants_sources":"DSB:HAIELIGN0000000000054208","methode_d_acquisition_planimetrique":"Orthophotographie","precision_planimetrique":3}},{"type":"Feature","id":"haie.14413181","geometry":{"type":"LineString","coordinates":[[3.80352065,48.51372956],[3.80350054,48.51356597],[3.80354185,48.5135225]]},"geometry_name":"geometrie","properties":{"cleabs":"HAIELINE0000002230060666","date_creation":"2021-05-17T16:15:17.982Z","date_modification":"2023-08-24T11:53:22.432Z","date_d_apparition":null,"date_de_confirmation":null,"hauteur":null,"largeur":null,"sources":"DSB","identifiants_sources":"DSB:HAIELIGN0000000000054209","methode_d_acquisition_planimetrique":"Orthophotographie","precision_planimetrique":3}},{"type":"Feature","id":"haie.14413182","geometry":{"type":"LineString","coordinates":[[3.7908019,48.50087098],[3.79093406,48.50083771],[3.79126164,48.50083643],[3.79149033,48.50074134]]},"geometry_name":"geometrie","properties":{"cleabs":"HAIELINE0000002230060667","date_creation":"2021-05-17T16:15:17.982Z","date_modification":"2023-08-24T11:53:22.432Z","date_d_apparition":null,"date_de_confirmation":null,"hauteur":null,"largeur":null,"sources":"DSB","identifiants_sources":"DSB:HAIELIGN0000000000054210","methode_d_acquisition_planimetrique":"Orthophotographie","precision_planimetrique":3}},{"type":"Feature","id":"haie.14413183","geometry":{"type":"LineString","coordinates":[[3.79153121,48.50057914],[3.79148284,48.50051378],[3.79150218,48.50044978],[3.79147103,48.50035913],[3.79157487,48.50024328]]},"geometry_name":"geometrie","properties":{"cleabs":"HAIELINE0000002230060668","date_creation":"2021-05-17T16:15:17.982Z","date_modification":"2023-08-24T11:53:22.432Z","date_d_apparition":null,"date_de_confirmation":null,"hauteur":null,"largeur":null,"sources":"DSB","identifiants_sources":"DSB:HAIELIGN0000000000054211","methode_d_acquisition_planimetrique":"Orthophotographie","precision_planimetrique":3}},{"type":"Feature","id":"haie.14413184","geometry":{"type":"LineString","coordinates":[[3.79149033,48.50074134],[3.79145449,48.5006984],[3.79145646,48.50064981],[3.79153121,48.50057914]]},"geometry_name":"geometrie","properties":{"cleabs":"HAIELINE0000002230060669","date_creation":"2021-05-17T16:15:17.982Z","date_modification":"2023-08-24T11:53:22.432Z","date_d_apparition":null,"date_de_confirmation":null,"hauteur":null,"largeur":null,"sources":"DSB","identifiants_sources":"DSB:HAIELIGN0000000000054212","methode_d_acquisition_planimetrique":"Orthophotographie","precision_planimetrique":3}},{"type":"Feature","id":"haie.15654711","geometry":{"type":"LineString","coordinates":[[3.77693274,48.49956534],[3.77751876,48.49946615]]},"geometry_name":"geometrie","properties":{"cleabs":"HAIELINE0000002230060674","date_creation":"2021-05-17T16:15:17.982Z","date_modification":"2024-03-16T00:46:31.884Z","date_d_apparition":null,"date_de_confirmation":null,"hauteur":null,"largeur":null,"sources":"DSB","identifiants_sources":"DSB:HAIELIGN0000000000054217","methode_d_acquisition_planimetrique":"Orthophotographie","precision_planimetrique":3}},{"type":"Feature","id":"haie.15781066","geometry":{"type":"LineString","coordinates":[[3.76045824,48.52084463],[3.7605117,48.52088927],[3.76079699,48.52095132],[3.76095507,48.52101958],[3.76109759,48.52113562],[3.76122286,48.52118249],[3.76146748,48.5212412],[3.76162292,48.52131397],[3.76181164,48.52134695],[3.76184262,48.52133596]]},"geometry_name":"geometrie","properties":{"cleabs":"HAIELINE0000002230060684","date_creation":"2021-05-17T16:15:17.982Z","date_modification":"2024-03-16T00:46:31.884Z","date_d_apparition":null,"date_de_confirmation":null,"hauteur":null,"largeur":null,"sources":"DSB","identifiants_sources":"DSB:HAIELIGN0000000000054227","methode_d_acquisition_planimetrique":"Orthophotographie","precision_planimetrique":3}},{"type":"Feature","id":"haie.15843201","geometry":{"type":"LineString","coordinates":[[3.82891951,48.50839123],[3.82942848,48.50812768],[3.82965245,48.50799297],[3.82973799,48.5079231],[3.82973971,48.50786012],[3.82981738,48.50780649],[3.83017653,48.50765824],[3.83054468,48.50748024],[3.8309353,48.50735336],[3.83101507,48.50726104]]},"geometry_name":"geometrie","properties":{"cleabs":"HAIELINE0000002230060692","date_creation":"2021-05-17T16:15:17.982Z","date_modification":"2024-03-16T00:46:31.884Z","date_d_apparition":null,"date_de_confirmation":null,"hauteur":null,"largeur":null,"sources":"DSB","identifiants_sources":"DSB:HAIELIGN0000000000054234","methode_d_acquisition_planimetrique":"Orthophotographie","precision_planimetrique":3}},{"type":"Feature","id":"haie.15845889","geometry":{"type":"LineString","coordinates":[[3.81060926,48.5127764],[3.81072533,48.51275221],[3.81082962,48.5127542],[3.81108746,48.51270386],[3.81145706,48.51261318]]},"geometry_name":"geometrie","properties":{"cleabs":"HAIELINE0000002230071700","date_creation":"2021-05-17T16:15:17.982Z","date_modification":"2024-03-16T00:46:31.884Z","date_d_apparition":null,"date_de_confirmation":null,"hauteur":null,"largeur":null,"sources":"DSB","identifiants_sources":"DSB:HAIELIGN0000000000065390","methode_d_acquisition_planimetrique":"Orthophotographie","precision_planimetrique":3}},{"type":"Feature","id":"haie.15630675","geometry":{"type":"LineString","coordinates":[[3.80575143,48.51333212],[3.8058691,48.51332322],[3.80594842,48.5132867],[3.8060649,48.51328861],[3.80615122,48.51326643],[3.80628782,48.51325651],[3.80656287,48.51326814],[3.80669108,48.51324028],[3.80681204,48.51327004],[3.80693648,48.5132611],[3.80706,48.51328095],[3.80713171,48.51327777]]},"geometry_name":"geometrie","properties":{"cleabs":"HAIELINE0000002230071704","date_creation":"2021-05-17T16:15:17.982Z","date_modification":"2024-03-16T00:46:31.884Z","date_d_apparition":null,"date_de_confirmation":null,"hauteur":null,"largeur":null,"sources":"DSB","identifiants_sources":"DSB:HAIELIGN0000000000065394","methode_d_acquisition_planimetrique":"Orthophotographie","precision_planimetrique":3}},{"type":"Feature","id":"haie.15710092","geometry":{"type":"LineString","coordinates":[[3.78536744,48.50127947],[3.7853747,48.50149354]]},"geometry_name":"geometrie","properties":{"cleabs":"HAIELINE0000002230071715","date_creation":"2021-05-17T16:15:17.982Z","date_modification":"2024-03-16T00:46:31.884Z","date_d_apparition":null,"date_de_confirmation":null,"hauteur":null,"largeur":null,"sources":"DSB","identifiants_sources":"DSB:HAIELIGN0000000000065405","methode_d_acquisition_planimetrique":"Orthophotographie","precision_planimetrique":3}},{"type":"Feature","id":"haie.202983","geometry":{"type":"LineString","coordinates":[[3.82011265,48.53457114],[3.82052755,48.53442344],[3.82063958,48.53439748]]},"geometry_name":"geometrie","properties":{"cleabs":"HAIELINE0000002237985379","date_creation":"2021-05-17T16:15:17.982Z","date_modification":"2023-08-25T08:47:56.091Z","date_d_apparition":null,"date_de_confirmation":null,"hauteur":null,"largeur":null,"sources":"DSB","identifiants_sources":"DSB:HAIELIGN0000000000071965","methode_d_acquisition_planimetrique":"Orthophotographie","precision_planimetrique":3}},{"type":"Feature","id":"haie.4377961","geometry":{"type":"LineString","coordinates":[[3.83195317,48.53133032],[3.83187857,48.53123818]]},"geometry_name":"geometrie","properties":{"cleabs":"HAIELINE0000002237985392","date_creation":"2021-05-17T16:15:17.982Z","date_modification":"2023-08-25T08:47:56.091Z","date_d_apparition":null,"date_de_confirmation":null,"hauteur":null,"largeur":null,"sources":"DSB","identifiants_sources":"DSB:HAIELIGN0000000000072879","methode_d_acquisition_planimetrique":"Orthophotographie","precision_planimetrique":3}},{"type":"Feature","id":"haie.14446154","geometry":{"type":"LineString","coordinates":[[3.76270373,48.5140588],[3.76279458,48.51406721],[3.76293088,48.51403575],[3.76307811,48.51391785]]},"geometry_name":"geometrie","properties":{"cleabs":"HAIELINE0000002238077176","date_creation":"2021-05-17T16:15:17.982Z","date_modification":"2023-08-24T11:53:22.432Z","date_d_apparition":null,"date_de_confirmation":null,"hauteur":null,"largeur":null,"sources":"DSB","identifiants_sources":"DSB:HAIELIGN0000000000053693","methode_d_acquisition_planimetrique":"Orthophotographie","precision_planimetrique":3}},{"type":"Feature","id":"haie.34603","geometry":{"type":"LineString","coordinates":[[3.7497014,48.53447103],[3.74972946,48.5343494]]},"geometry_name":"geometrie","properties":{"cleabs":"HAIELINE0000002239112164","date_creation":"2021-05-17T16:15:17.982Z","date_modification":"2023-08-25T08:47:56.091Z","date_d_apparition":null,"date_de_confirmation":null,"hauteur":null,"largeur":null,"sources":"DSB","identifiants_sources":"DSB:HAIELIGN0000000000039102","methode_d_acquisition_planimetrique":"Orthophotographie","precision_planimetrique":3}},{"type":"Feature","id":"haie.2295922","geometry":{"type":"LineString","coordinates":[[3.74934805,48.53457941],[3.74954183,48.53449002],[3.7497014,48.53447103]]},"geometry_name":"geometrie","properties":{"cleabs":"HAIELINE0000002239112165","date_creation":"2021-05-17T16:15:17.982Z","date_modification":"2023-08-25T08:47:56.091Z","date_d_apparition":null,"date_de_confirmation":null,"hauteur":null,"largeur":null,"sources":"DSB","identifiants_sources":"DSB:HAIELIGN0000000000039103","methode_d_acquisition_planimetrique":"Orthophotographie","precision_planimetrique":3}},{"type":"Feature","id":"haie.4382016","geometry":{"type":"LineString","coordinates":[[3.74930905,48.5346939],[3.74933699,48.5347531],[3.74942619,48.53473904],[3.74964301,48.53474487],[3.74971184,48.53472735],[3.74981909,48.53474376]]},"geometry_name":"geometrie","properties":{"cleabs":"HAIELINE0000002239112166","date_creation":"2021-05-17T16:15:17.982Z","date_modification":"2023-08-25T08:47:56.091Z","date_d_apparition":null,"date_de_confirmation":null,"hauteur":null,"largeur":null,"sources":"DSB","identifiants_sources":"DSB:HAIELIGN0000000000039104","methode_d_acquisition_planimetrique":"Orthophotographie","precision_planimetrique":3}},{"type":"Feature","id":"haie.1487244","geometry":{"type":"LineString","coordinates":[[3.76665085,48.53018515],[3.76680676,48.53019494],[3.76756089,48.53017388],[3.76800141,48.52991824],[3.76812393,48.52986797],[3.76834696,48.52983684]]},"geometry_name":"geometrie","properties":{"cleabs":"HAIELINE0000002239143926","date_creation":"2021-05-17T16:15:17.982Z","date_modification":"2023-08-25T08:47:56.091Z","date_d_apparition":null,"date_de_confirmation":null,"hauteur":null,"largeur":null,"sources":"DSB","identifiants_sources":"DSB:HAIELIGN0000000000071236","methode_d_acquisition_planimetrique":"Orthophotographie","precision_planimetrique":3}},{"type":"Feature","id":"haie.19224446","geometry":{"type":"LineString","coordinates":[[3.775655,48.53464909],[3.77588492,48.53489948]]},"geometry_name":"geometrie","properties":{"cleabs":"HAIELINE0000002239143950","date_creation":"2021-05-17T16:15:17.982Z","date_modification":"2024-03-15T13:26:01.595Z","date_d_apparition":null,"date_de_confirmation":null,"hauteur":null,"largeur":null,"sources":"DSB","identifiants_sources":"DSB:HAIELIGN0000000000071263","methode_d_acquisition_planimetrique":"Orthophotographie","precision_planimetrique":3}},{"type":"Feature","id":"haie.36713","geometry":{"type":"LineString","coordinates":[[3.77575481,48.53452879],[3.775655,48.53464909]]},"geometry_name":"geometrie","properties":{"cleabs":"HAIELINE0000002239143951","date_creation":"2021-05-17T16:15:17.982Z","date_modification":"2023-08-25T08:47:56.091Z","date_d_apparition":null,"date_de_confirmation":null,"hauteur":null,"largeur":null,"sources":"DSB","identifiants_sources":"DSB:HAIELIGN0000000000071264","methode_d_acquisition_planimetrique":"Orthophotographie","precision_planimetrique":3}},{"type":"Feature","id":"haie.4383978","geometry":{"type":"LineString","coordinates":[[3.80404132,48.53038525],[3.80434622,48.53048305],[3.80454959,48.53049606]]},"geometry_name":"geometrie","properties":{"cleabs":"HAIELINE0000002239143974","date_creation":"2021-05-17T16:15:17.982Z","date_modification":"2023-08-25T08:47:56.091Z","date_d_apparition":null,"date_de_confirmation":null,"hauteur":null,"largeur":null,"sources":"DSB","identifiants_sources":"DSB:HAIELIGN0000000000071287","methode_d_acquisition_planimetrique":"Orthophotographie","precision_planimetrique":3}},{"type":"Feature","id":"haie.18944728","geometry":{"type":"LineString","coordinates":[[3.80401712,48.53039711],[3.80404132,48.53038525]]},"geometry_name":"geometrie","properties":{"cleabs":"HAIELINE0000002239143975","date_creation":"2021-05-17T16:15:17.982Z","date_modification":"2024-03-15T13:26:01.595Z","date_d_apparition":null,"date_de_confirmation":null,"hauteur":null,"largeur":null,"sources":"DSB","identifiants_sources":"DSB:HAIELIGN0000000000071288","methode_d_acquisition_planimetrique":"Orthophotographie","precision_planimetrique":3}},{"type":"Feature","id":"haie.19117619","geometry":{"type":"LineString","coordinates":[[3.81389081,48.53019318],[3.81606648,48.52908613]]},"geometry_name":"geometrie","properties":{"cleabs":"HAIELINE0000002239143979","date_creation":"2021-05-17T16:15:17.982Z","date_modification":"2024-03-15T13:26:01.595Z","date_d_apparition":null,"date_de_confirmation":null,"hauteur":null,"largeur":null,"sources":"DSB","identifiants_sources":"DSB:HAIELIGN0000000000071292","methode_d_acquisition_planimetrique":"Orthophotographie","precision_planimetrique":3}},{"type":"Feature","id":"haie.19309789","geometry":{"type":"LineString","coordinates":[[3.83196767,48.5289993],[3.83202259,48.52896113],[3.8322819,48.52891434],[3.83237176,48.52885793],[3.8324707,48.52886264],[3.83270069,48.52884573]]},"geometry_name":"geometrie","properties":{"cleabs":"HAIELINE0000002239143994","date_creation":"2021-05-17T16:15:17.982Z","date_modification":"2024-03-15T13:26:01.595Z","date_d_apparition":null,"date_de_confirmation":null,"hauteur":null,"largeur":null,"sources":"DSB","identifiants_sources":"DSB:HAIELIGN0000000000071306","methode_d_acquisition_planimetrique":"Orthophotographie","precision_planimetrique":3}},{"type":"Feature","id":"haie.19029300","geometry":{"type":"LineString","coordinates":[[3.83196767,48.5289993],[3.83202854,48.52907984]]},"geometry_name":"geometrie","properties":{"cleabs":"HAIELINE0000002239143995","date_creation":"2021-05-17T16:15:17.982Z","date_modification":"2024-03-15T13:26:01.595Z","date_d_apparition":null,"date_de_confirmation":null,"hauteur":null,"largeur":null,"sources":"DSB","identifiants_sources":"DSB:HAIELIGN0000000000071307","methode_d_acquisition_planimetrique":"Orthophotographie","precision_planimetrique":3}},{"type":"Feature","id":"haie.19249348","geometry":{"type":"LineString","coordinates":[[3.81758721,48.53462632],[3.8177264,48.5347792]]},"geometry_name":"geometrie","properties":{"cleabs":"HAIELINE0000002239144006","date_creation":"2021-05-17T16:15:17.982Z","date_modification":"2024-03-15T13:26:01.595Z","date_d_apparition":null,"date_de_confirmation":null,"hauteur":null,"largeur":null,"sources":"DSB","identifiants_sources":"DSB:HAIELIGN0000000000071320","methode_d_acquisition_planimetrique":"Orthophotographie","precision_planimetrique":3}},{"type":"Feature","id":"haie.19022656","geometry":{"type":"LineString","coordinates":[[3.83108325,48.53002746],[3.8313905,48.5305264]]},"geometry_name":"geometrie","properties":{"cleabs":"HAIELINE0000002239144016","date_creation":"2021-05-17T16:15:17.982Z","date_modification":"2024-03-15T13:26:01.595Z","date_d_apparition":null,"date_de_confirmation":null,"hauteur":null,"largeur":null,"sources":"DSB","identifiants_sources":"DSB:HAIELIGN0000000000071330","methode_d_acquisition_planimetrique":"Orthophotographie","precision_planimetrique":3}},{"type":"Feature","id":"haie.19175925","geometry":{"type":"LineString","coordinates":[[3.78047778,48.53013026],[3.78105408,48.52971895]]},"geometry_name":"geometrie","properties":{"cleabs":"HAIELINE0000002239144020","date_creation":"2021-05-17T16:15:17.982Z","date_modification":"2024-03-15T13:26:01.595Z","date_d_apparition":null,"date_de_confirmation":null,"hauteur":null,"largeur":null,"sources":"DSB","identifiants_sources":"DSB:HAIELIGN0000000000071334","methode_d_acquisition_planimetrique":"Orthophotographie","precision_planimetrique":3}},{"type":"Feature","id":"haie.18966830","geometry":{"type":"LineString","coordinates":[[3.82099623,48.53511471],[3.82104444,48.5348202],[3.82093339,48.53447552],[3.82097401,48.53438797],[3.82109674,48.53435384],[3.82121884,48.53436559],[3.8213061,48.53448824],[3.82157334,48.53477247]]},"geometry_name":"geometrie","properties":{"cleabs":"HAIELINE0000002239144026","date_creation":"2021-05-17T16:15:17.982Z","date_modification":"2024-03-15T13:26:01.595Z","date_d_apparition":null,"date_de_confirmation":null,"hauteur":null,"largeur":null,"sources":"DSB","identifiants_sources":"DSB:HAIELIGN0000000000071341","methode_d_acquisition_planimetrique":"Orthophotographie","precision_planimetrique":3}},{"type":"Feature","id":"haie.4903471","geometry":{"type":"LineString","coordinates":[[3.76589046,48.53395132],[3.76581798,48.53399677],[3.765828,48.53403359],[3.76602693,48.53429859],[3.76617419,48.53455043],[3.7662897,48.53466844],[3.76636472,48.53488926],[3.7663648,48.53498731],[3.76651605,48.53514107],[3.7665883,48.53535741],[3.76668689,48.5355223],[3.76666714,48.53556111],[3.76669171,48.53566711]]},"geometry_name":"geometrie","properties":{"cleabs":"HAIELINE0000002239144027","date_creation":"2021-05-17T16:15:17.982Z","date_modification":"2023-08-25T08:47:56.091Z","date_d_apparition":null,"date_de_confirmation":null,"hauteur":null,"largeur":null,"sources":"DSB","identifiants_sources":"DSB:HAIELIGN0000000000071342","methode_d_acquisition_planimetrique":"Orthophotographie","precision_planimetrique":3}},{"type":"Feature","id":"haie.19161581","geometry":{"type":"LineString","coordinates":[[3.77979831,48.53089039],[3.78063943,48.53025245],[3.78079114,48.53016239]]},"geometry_name":"geometrie","properties":{"cleabs":"HAIELINE0000002239144080","date_creation":"2021-05-17T16:15:17.982Z","date_modification":"2024-03-15T13:26:01.595Z","date_d_apparition":null,"date_de_confirmation":null,"hauteur":null,"largeur":null,"sources":"DSB","identifiants_sources":"DSB:HAIELIGN0000000000071394","methode_d_acquisition_planimetrique":"Orthophotographie","precision_planimetrique":3}},{"type":"Feature","id":"haie.610992","geometry":{"type":"LineString","coordinates":[[3.76817792,48.5282834],[3.76820359,48.52827874],[3.76825418,48.52821904],[3.76841522,48.5282099]]},"geometry_name":"geometrie","properties":{"cleabs":"HAIELINE0000002239144122","date_creation":"2021-05-17T16:15:17.982Z","date_modification":"2023-08-25T08:47:56.091Z","date_d_apparition":null,"date_de_confirmation":null,"hauteur":null,"largeur":null,"sources":"DSB","identifiants_sources":"DSB:HAIELIGN0000000000071436","methode_d_acquisition_planimetrique":"Orthophotographie","precision_planimetrique":3}},{"type":"Feature","id":"haie.2297977","geometry":{"type":"LineString","coordinates":[[3.767958,48.52824884],[3.76802684,48.5282331],[3.76817792,48.5282834]]},"geometry_name":"geometrie","properties":{"cleabs":"HAIELINE0000002239144123","date_creation":"2021-05-17T16:15:17.982Z","date_modification":"2023-08-25T08:47:56.091Z","date_d_apparition":null,"date_de_confirmation":null,"hauteur":null,"largeur":null,"sources":"DSB","identifiants_sources":"DSB:HAIELIGN0000000000071437","methode_d_acquisition_planimetrique":"Orthophotographie","precision_planimetrique":3}},{"type":"Feature","id":"haie.19288591","geometry":{"type":"LineString","coordinates":[[3.79447427,48.53170094],[3.79444891,48.53163633],[3.79449105,48.53155689],[3.79455309,48.53153938],[3.79462237,48.53146335],[3.79475263,48.53138871],[3.79486054,48.5313592],[3.79510503,48.53122532],[3.79510599,48.53119923],[3.79519919,48.53109245],[3.79521654,48.53098618],[3.79528391,48.53096324],[3.79535352,48.53090879],[3.79548143,48.53085846],[3.79586108,48.53079474],[3.795933,48.53080326],[3.7959958,48.53083612],[3.79614819,48.53079192],[3.79620722,48.53066558],[3.79626109,48.53064543],[3.79628097,48.53061651],[3.7964339,48.53060829],[3.79651533,48.53061854],[3.79668942,48.53057689]]},"geometry_name":"geometrie","properties":{"cleabs":"HAIELINE0000002239144138","date_creation":"2021-05-17T16:15:17.982Z","date_modification":"2024-03-15T13:26:01.595Z","date_d_apparition":null,"date_de_confirmation":null,"hauteur":null,"largeur":null,"sources":"DSB","identifiants_sources":"DSB:HAIELIGN0000000000071451","methode_d_acquisition_planimetrique":"Orthophotographie","precision_planimetrique":3}},{"type":"Feature","id":"haie.209114","geometry":{"type":"LineString","coordinates":[[3.76317308,48.53366293],[3.76319756,48.53366997],[3.76325421,48.53374607],[3.76338112,48.53371737]]},"geometry_name":"geometrie","properties":{"cleabs":"HAIELINE0000002239144187","date_creation":"2021-05-17T16:15:17.982Z","date_modification":"2023-08-25T08:47:56.091Z","date_d_apparition":null,"date_de_confirmation":null,"hauteur":null,"largeur":null,"sources":"DSB","identifiants_sources":"DSB:HAIELIGN0000000000071502","methode_d_acquisition_planimetrique":"Orthophotographie","precision_planimetrique":3}},{"type":"Feature","id":"haie.4729945","geometry":{"type":"LineString","coordinates":[[3.76173587,48.53328801],[3.7618906,48.53340307],[3.76199695,48.53345097],[3.7620882,48.53348457],[3.76215326,48.53348775],[3.76221476,48.53352514],[3.76232476,48.53354422],[3.76241196,48.53357965],[3.76252711,48.53358071],[3.76259654,48.53360455],[3.76289217,48.53362785],[3.762956,48.53363913],[3.76296849,48.53365974],[3.76301336,48.53367115],[3.76317308,48.53366293]]},"geometry_name":"geometrie","properties":{"cleabs":"HAIELINE0000002239144188","date_creation":"2021-05-17T16:15:17.982Z","date_modification":"2023-08-25T08:47:56.091Z","date_d_apparition":null,"date_de_confirmation":null,"hauteur":null,"largeur":null,"sources":"DSB","identifiants_sources":"DSB:HAIELIGN0000000000071503","methode_d_acquisition_planimetrique":"Orthophotographie","precision_planimetrique":3}},{"type":"Feature","id":"haie.1903729","geometry":{"type":"LineString","coordinates":[[3.8261994,48.52738603],[3.82638096,48.5273047],[3.82666339,48.52726405],[3.82687059,48.52717625],[3.82704128,48.52717866],[3.82718267,48.52712639],[3.82732466,48.52711281],[3.82745398,48.52706783],[3.82752931,48.52694946]]},"geometry_name":"geometrie","properties":{"cleabs":"HAIELINE0000002239144211","date_creation":"2021-05-17T16:15:17.982Z","date_modification":"2023-08-25T08:47:56.091Z","date_d_apparition":null,"date_de_confirmation":null,"hauteur":null,"largeur":null,"sources":"DSB","identifiants_sources":"DSB:HAIELIGN0000000000071524","methode_d_acquisition_planimetrique":"Orthophotographie","precision_planimetrique":3}},{"type":"Feature","id":"haie.19027986","geometry":{"type":"LineString","coordinates":[[3.77633825,48.53331321],[3.77728812,48.5326044],[3.77819467,48.53199033]]},"geometry_name":"geometrie","properties":{"cleabs":"HAIELINE0000002239144212","date_creation":"2021-05-17T16:15:17.982Z","date_modification":"2024-03-15T13:26:01.595Z","date_d_apparition":null,"date_de_confirmation":null,"hauteur":null,"largeur":null,"sources":"DSB","identifiants_sources":"DSB:HAIELIGN0000000000071525","methode_d_acquisition_planimetrique":"Orthophotographie","precision_planimetrique":3}},{"type":"Feature","id":"haie.611002","geometry":{"type":"LineString","coordinates":[[3.82584681,48.52770154],[3.82593049,48.52768297],[3.82603096,48.52769847],[3.82611455,48.52767449],[3.82621738,48.52766748],[3.82628837,48.52761751],[3.82641666,48.52759323],[3.82647021,48.52755327],[3.82659347,48.52755422],[3.82686255,48.52752536],[3.8269446,48.5274897],[3.82699001,48.5274489],[3.82705742,48.52742954],[3.82711317,48.52735718],[3.82726055,48.52734176],[3.82739485,48.52735522],[3.8275045,48.52743722]]},"geometry_name":"geometrie","properties":{"cleabs":"HAIELINE0000002239144220","date_creation":"2021-05-17T16:15:17.982Z","date_modification":"2023-08-25T08:47:56.091Z","date_d_apparition":null,"date_de_confirmation":null,"hauteur":null,"largeur":null,"sources":"DSB","identifiants_sources":"DSB:HAIELIGN0000000000071533","methode_d_acquisition_planimetrique":"Orthophotographie","precision_planimetrique":3}},{"type":"Feature","id":"haie.4208722","geometry":{"type":"LineString","coordinates":[[3.7663644,48.53310623],[3.76636631,48.53305134],[3.76643336,48.53300503],[3.76648459,48.53298851],[3.76664574,48.53298567],[3.76675442,48.53300746]]},"geometry_name":"geometrie","properties":{"cleabs":"HAIELINE0000002239144266","date_creation":"2021-05-17T16:15:17.982Z","date_modification":"2023-08-25T08:47:56.091Z","date_d_apparition":null,"date_de_confirmation":null,"hauteur":null,"largeur":null,"sources":"DSB","identifiants_sources":"DSB:HAIELIGN0000000000071583","methode_d_acquisition_planimetrique":"Orthophotographie","precision_planimetrique":3}},{"type":"Feature","id":"haie.209119","geometry":{"type":"LineString","coordinates":[[3.7664736,48.5331631],[3.7663644,48.53310623]]},"geometry_name":"geometrie","properties":{"cleabs":"HAIELINE0000002239144267","date_creation":"2021-05-17T16:15:17.982Z","date_modification":"2023-08-25T08:47:56.091Z","date_d_apparition":null,"date_de_confirmation":null,"hauteur":null,"largeur":null,"sources":"DSB","identifiants_sources":"DSB:HAIELIGN0000000000071584","methode_d_acquisition_planimetrique":"Orthophotographie","precision_planimetrique":3}},{"type":"Feature","id":"haie.383853","geometry":{"type":"LineString","coordinates":[[3.75091417,48.53412242],[3.75104288,48.53412431],[3.75105546,48.53405676],[3.75101497,48.53397245]]},"geometry_name":"geometrie","properties":{"cleabs":"HAIELINE0000002239144271","date_creation":"2021-05-17T16:15:17.982Z","date_modification":"2023-08-25T08:47:56.091Z","date_d_apparition":null,"date_de_confirmation":null,"hauteur":null,"largeur":null,"sources":"DSB","identifiants_sources":"DSB:HAIELIGN0000000000071588","methode_d_acquisition_planimetrique":"Orthophotographie","precision_planimetrique":3}},{"type":"Feature","id":"haie.611007","geometry":{"type":"LineString","coordinates":[[3.74989254,48.53410188],[3.75010129,48.53411226],[3.75029704,48.53406604],[3.75052971,48.53404388],[3.75064298,48.53400808],[3.75070805,48.53401217],[3.7507738,48.53396858],[3.75101497,48.53397245]]},"geometry_name":"geometrie","properties":{"cleabs":"HAIELINE0000002239144272","date_creation":"2021-05-17T16:15:17.982Z","date_modification":"2023-08-25T08:47:56.091Z","date_d_apparition":null,"date_de_confirmation":null,"hauteur":null,"largeur":null,"sources":"DSB","identifiants_sources":"DSB:HAIELIGN0000000000071589","methode_d_acquisition_planimetrique":"Orthophotographie","precision_planimetrique":3}},{"type":"Feature","id":"haie.4208701","geometry":{"type":"LineString","coordinates":[[3.74994887,48.53434712],[3.74989125,48.5342962],[3.74986396,48.53418752],[3.74986309,48.53412636],[3.74989254,48.53410188]]},"geometry_name":"geometrie","properties":{"cleabs":"HAIELINE0000002239144273","date_creation":"2021-05-17T16:15:17.982Z","date_modification":"2023-08-25T08:47:56.091Z","date_d_apparition":null,"date_de_confirmation":null,"hauteur":null,"largeur":null,"sources":"DSB","identifiants_sources":"DSB:HAIELIGN0000000000071590","methode_d_acquisition_planimetrique":"Orthophotographie","precision_planimetrique":3}},{"type":"Feature","id":"haie.4035354","geometry":{"type":"LineString","coordinates":[[3.74988488,48.53385094],[3.74995996,48.53379649],[3.75003408,48.53376993],[3.75055437,48.53368478],[3.75064665,48.5336968],[3.75070969,48.53365322],[3.75087582,48.53361978],[3.75095178,48.5336274],[3.75102394,48.53365303],[3.75121798,48.53358164]]},"geometry_name":"geometrie","properties":{"cleabs":"HAIELINE0000002239144274","date_creation":"2021-05-17T16:15:17.982Z","date_modification":"2023-08-25T08:47:56.091Z","date_d_apparition":null,"date_de_confirmation":null,"hauteur":null,"largeur":null,"sources":"DSB","identifiants_sources":"DSB:HAIELIGN0000000000071591","methode_d_acquisition_planimetrique":"Orthophotographie","precision_planimetrique":3}},{"type":"Feature","id":"haie.2126213","geometry":{"type":"LineString","coordinates":[[3.74978501,48.5337814],[3.74988488,48.53385094]]},"geometry_name":"geometrie","properties":{"cleabs":"HAIELINE0000002239144275","date_creation":"2021-05-17T16:15:17.982Z","date_modification":"2023-08-25T08:47:56.091Z","date_d_apparition":null,"date_de_confirmation":null,"hauteur":null,"largeur":null,"sources":"DSB","identifiants_sources":"DSB:HAIELIGN0000000000071592","methode_d_acquisition_planimetrique":"Orthophotographie","precision_planimetrique":3}},{"type":"Feature","id":"haie.1329720","geometry":{"type":"LineString","coordinates":[[3.75150779,48.53386138],[3.75132967,48.53390839],[3.75122802,48.53390453],[3.75108469,48.53392253],[3.75101497,48.53397245]]},"geometry_name":"geometrie","properties":{"cleabs":"HAIELINE0000002239144276","date_creation":"2021-05-17T16:15:17.982Z","date_modification":"2023-08-25T08:47:56.091Z","date_d_apparition":null,"date_de_confirmation":null,"hauteur":null,"largeur":null,"sources":"DSB","identifiants_sources":"DSB:HAIELIGN0000000000071593","methode_d_acquisition_planimetrique":"Orthophotographie","precision_planimetrique":3}},{"type":"Feature","id":"haie.383854","geometry":{"type":"LineString","coordinates":[[3.75121798,48.53358164],[3.75132504,48.53358546],[3.75136954,48.53366614],[3.75143218,48.53368914],[3.75152013,48.53377674],[3.75150779,48.53386138]]},"geometry_name":"geometrie","properties":{"cleabs":"HAIELINE0000002239144277","date_creation":"2021-05-17T16:15:17.982Z","date_modification":"2023-08-25T08:47:56.091Z","date_d_apparition":null,"date_de_confirmation":null,"hauteur":null,"largeur":null,"sources":"DSB","identifiants_sources":"DSB:HAIELIGN0000000000071594","methode_d_acquisition_planimetrique":"Orthophotographie","precision_planimetrique":3}},{"type":"Feature","id":"haie.1903730","geometry":{"type":"LineString","coordinates":[[3.76212587,48.53039146],[3.76217409,48.53035427],[3.76230169,48.53037324],[3.7623747,48.53036468],[3.76249404,48.53037471]]},"geometry_name":"geometrie","properties":{"cleabs":"HAIELINE0000002239144282","date_creation":"2021-05-17T16:15:17.982Z","date_modification":"2023-08-25T08:47:56.091Z","date_d_apparition":null,"date_de_confirmation":null,"hauteur":null,"largeur":null,"sources":"DSB","identifiants_sources":"DSB:HAIELIGN0000000000071599","methode_d_acquisition_planimetrique":"Orthophotographie","precision_planimetrique":3}},{"type":"Feature","id":"haie.383855","geometry":{"type":"LineString","coordinates":[[3.76190692,48.53061057],[3.76199774,48.53052183],[3.76209449,48.53046903],[3.76212587,48.53039146]]},"geometry_name":"geometrie","properties":{"cleabs":"HAIELINE0000002239144283","date_creation":"2021-05-17T16:15:17.982Z","date_modification":"2023-08-25T08:47:56.091Z","date_d_apparition":null,"date_de_confirmation":null,"hauteur":null,"largeur":null,"sources":"DSB","identifiants_sources":"DSB:HAIELIGN0000000000071600","methode_d_acquisition_planimetrique":"Orthophotographie","precision_planimetrique":3}},{"type":"Feature","id":"haie.19126325","geometry":{"type":"LineString","coordinates":[[3.82664277,48.53265831],[3.8267459,48.53267019],[3.82683165,48.53261022]]},"geometry_name":"geometrie","properties":{"cleabs":"HAIELINE0000002239144284","date_creation":"2021-05-17T16:15:17.982Z","date_modification":"2024-03-15T13:26:01.595Z","date_d_apparition":null,"date_de_confirmation":null,"hauteur":null,"largeur":null,"sources":"DSB","identifiants_sources":"DSB:HAIELIGN0000000000071601","methode_d_acquisition_planimetrique":"Orthophotographie","precision_planimetrique":3}},{"type":"Feature","id":"haie.4035355","geometry":{"type":"LineString","coordinates":[[3.7957268,48.53453174],[3.79567635,48.53459955],[3.79562399,48.53463049]]},"geometry_name":"geometrie","properties":{"cleabs":"HAIELINE0000002239144298","date_creation":"2021-05-17T16:15:17.982Z","date_modification":"2023-08-25T08:47:56.091Z","date_d_apparition":null,"date_de_confirmation":null,"hauteur":null,"largeur":null,"sources":"DSB","identifiants_sources":"DSB:HAIELIGN0000000000071615","methode_d_acquisition_planimetrique":"Orthophotographie","precision_planimetrique":3}},{"type":"Feature","id":"haie.2126215","geometry":{"type":"LineString","coordinates":[[3.79549258,48.53436148],[3.79558211,48.53436988],[3.7957268,48.53453174]]},"geometry_name":"geometrie","properties":{"cleabs":"HAIELINE0000002239144299","date_creation":"2021-05-17T16:15:17.982Z","date_modification":"2023-08-25T08:47:56.091Z","date_d_apparition":null,"date_de_confirmation":null,"hauteur":null,"largeur":null,"sources":"DSB","identifiants_sources":"DSB:HAIELIGN0000000000071616","methode_d_acquisition_planimetrique":"Orthophotographie","precision_planimetrique":3}},{"type":"Feature","id":"haie.611011","geometry":{"type":"LineString","coordinates":[[3.78493969,48.52861112],[3.78496892,48.52848318],[3.78517382,48.52814627],[3.78517125,48.52806532],[3.78507669,48.52790132],[3.78508238,48.52782841],[3.78513533,48.5277471],[3.78523325,48.52768348],[3.7853949,48.52762483],[3.78547263,48.52756944]]},"geometry_name":"geometrie","properties":{"cleabs":"HAIELINE0000002239144309","date_creation":"2021-05-17T16:15:17.982Z","date_modification":"2023-08-25T08:47:56.091Z","date_d_apparition":null,"date_de_confirmation":null,"hauteur":null,"largeur":null,"sources":"DSB","identifiants_sources":"DSB:HAIELIGN0000000000071626","methode_d_acquisition_planimetrique":"Orthophotographie","precision_planimetrique":3}},{"type":"Feature","id":"haie.1903731","geometry":{"type":"LineString","coordinates":[[3.81546646,48.5317864],[3.81551129,48.53170783],[3.81583974,48.53148877],[3.81641014,48.53106383],[3.81660445,48.53092935],[3.81672319,48.53089975]]},"geometry_name":"geometrie","properties":{"cleabs":"HAIELINE0000002239144327","date_creation":"2021-05-17T16:15:17.982Z","date_modification":"2023-08-25T08:47:56.091Z","date_d_apparition":null,"date_de_confirmation":null,"hauteur":null,"largeur":null,"sources":"DSB","identifiants_sources":"DSB:HAIELIGN0000000000071644","methode_d_acquisition_planimetrique":"Orthophotographie","precision_planimetrique":3}},{"type":"Feature","id":"haie.19263358","geometry":{"type":"LineString","coordinates":[[3.81582209,48.53340147],[3.81663627,48.5328858]]},"geometry_name":"geometrie","properties":{"cleabs":"HAIELINE0000002239144328","date_creation":"2021-05-17T16:15:17.982Z","date_modification":"2024-03-15T13:26:01.595Z","date_d_apparition":null,"date_de_confirmation":null,"hauteur":null,"largeur":null,"sources":"DSB","identifiants_sources":"DSB:HAIELIGN0000000000071645","methode_d_acquisition_planimetrique":"Orthophotographie","precision_planimetrique":3}},{"type":"Feature","id":"haie.4208736","geometry":{"type":"LineString","coordinates":[[3.82273124,48.53458184],[3.82287643,48.53459793],[3.82302079,48.53456094]]},"geometry_name":"geometrie","properties":{"cleabs":"HAIELINE0000002239144456","date_creation":"2021-05-17T16:15:17.982Z","date_modification":"2023-08-25T08:47:56.091Z","date_d_apparition":null,"date_de_confirmation":null,"hauteur":null,"largeur":null,"sources":"DSB","identifiants_sources":"DSB:HAIELIGN0000000000071773","methode_d_acquisition_planimetrique":"Orthophotographie","precision_planimetrique":3}},{"type":"Feature","id":"haie.383871","geometry":{"type":"LineString","coordinates":[[3.82271325,48.53447131],[3.82273124,48.53458184]]},"geometry_name":"geometrie","properties":{"cleabs":"HAIELINE0000002239144457","date_creation":"2021-05-17T16:15:17.982Z","date_modification":"2023-08-25T08:47:56.091Z","date_d_apparition":null,"date_de_confirmation":null,"hauteur":null,"largeur":null,"sources":"DSB","identifiants_sources":"DSB:HAIELIGN0000000000071774","methode_d_acquisition_planimetrique":"Orthophotographie","precision_planimetrique":3}},{"type":"Feature","id":"haie.4555703","geometry":{"type":"LineString","coordinates":[[3.82342527,48.53504393],[3.82355791,48.53503672],[3.82362179,48.53496431]]},"geometry_name":"geometrie","properties":{"cleabs":"HAIELINE0000002239144458","date_creation":"2021-05-17T16:15:17.982Z","date_modification":"2023-08-25T08:47:56.091Z","date_d_apparition":null,"date_de_confirmation":null,"hauteur":null,"largeur":null,"sources":"DSB","identifiants_sources":"DSB:HAIELIGN0000000000071775","methode_d_acquisition_planimetrique":"Orthophotographie","precision_planimetrique":3}},{"type":"Feature","id":"haie.4208737","geometry":{"type":"LineString","coordinates":[[3.82302079,48.53456094],[3.82310468,48.53464133],[3.8231907,48.53485664],[3.8233069,48.5349242],[3.82342527,48.53504393]]},"geometry_name":"geometrie","properties":{"cleabs":"HAIELINE0000002239144459","date_creation":"2021-05-17T16:15:17.982Z","date_modification":"2023-08-25T08:47:56.091Z","date_d_apparition":null,"date_de_confirmation":null,"hauteur":null,"largeur":null,"sources":"DSB","identifiants_sources":"DSB:HAIELIGN0000000000071776","methode_d_acquisition_planimetrique":"Orthophotographie","precision_planimetrique":3}},{"type":"Feature","id":"haie.733249","geometry":{"type":"LineString","coordinates":[[3.82044212,48.53337868],[3.82054802,48.53356687],[3.82153018,48.53426538],[3.82175668,48.5345427],[3.82177011,48.53462177]]},"geometry_name":"geometrie","properties":{"cleabs":"HAIELINE0000002239144467","date_creation":"2021-05-17T16:15:17.982Z","date_modification":"2023-08-25T08:47:56.091Z","date_d_apparition":null,"date_de_confirmation":null,"hauteur":null,"largeur":null,"sources":"DSB","identifiants_sources":"DSB:HAIELIGN0000000000071784","methode_d_acquisition_planimetrique":"Orthophotographie","precision_planimetrique":3}},{"type":"Feature","id":"haie.36750","geometry":{"type":"LineString","coordinates":[[3.80917388,48.53146775],[3.80939963,48.53143833],[3.80954378,48.53147513],[3.80981618,48.53139681],[3.8098575,48.53135334],[3.81000439,48.53130466],[3.8101601,48.5313009]]},"geometry_name":"geometrie","properties":{"cleabs":"HAIELINE0000002239144513","date_creation":"2021-05-17T16:15:17.982Z","date_modification":"2023-08-25T08:47:56.091Z","date_d_apparition":null,"date_de_confirmation":null,"hauteur":null,"largeur":null,"sources":"DSB","identifiants_sources":"DSB:HAIELIGN0000000000071835","methode_d_acquisition_planimetrique":"Orthophotographie","precision_planimetrique":3}},{"type":"Feature","id":"haie.36751","geometry":{"type":"LineString","coordinates":[[3.83052028,48.52638073],[3.83079174,48.52633205],[3.83081893,48.52633816],[3.83082677,48.52640557]]},"geometry_name":"geometrie","properties":{"cleabs":"HAIELINE0000002239144514","date_creation":"2021-05-17T16:15:17.982Z","date_modification":"2023-08-25T08:47:56.091Z","date_d_apparition":null,"date_de_confirmation":null,"hauteur":null,"largeur":null,"sources":"DSB","identifiants_sources":"DSB:HAIELIGN0000000000071836","methode_d_acquisition_planimetrique":"Orthophotographie","precision_planimetrique":3}},{"type":"Feature","id":"haie.19212777","geometry":{"type":"LineString","coordinates":[[3.83052028,48.52638073],[3.83056362,48.52646589]]},"geometry_name":"geometrie","properties":{"cleabs":"HAIELINE0000002239144515","date_creation":"2021-05-17T16:15:17.982Z","date_modification":"2024-03-15T13:26:01.595Z","date_d_apparition":null,"date_de_confirmation":null,"hauteur":null,"largeur":null,"sources":"DSB","identifiants_sources":"DSB:HAIELIGN0000000000071837","methode_d_acquisition_planimetrique":"Orthophotographie","precision_planimetrique":3}},{"type":"Feature","id":"haie.19278562","geometry":{"type":"LineString","coordinates":[[3.83058346,48.52686338],[3.8306159,48.52685956],[3.83066224,48.52679266],[3.83062949,48.52669123]]},"geometry_name":"geometrie","properties":{"cleabs":"HAIELINE0000002239144516","date_creation":"2021-05-17T16:15:17.982Z","date_modification":"2024-03-15T13:26:01.595Z","date_d_apparition":null,"date_de_confirmation":null,"hauteur":null,"largeur":null,"sources":"DSB","identifiants_sources":"DSB:HAIELIGN0000000000071838","methode_d_acquisition_planimetrique":"Orthophotographie","precision_planimetrique":3}},{"type":"Feature","id":"haie.4384015","geometry":{"type":"LineString","coordinates":[[3.83020145,48.52643153],[3.83026683,48.526369],[3.8304306,48.52636246],[3.83052028,48.52638073]]},"geometry_name":"geometrie","properties":{"cleabs":"HAIELINE0000002239144517","date_creation":"2021-05-17T16:15:17.982Z","date_modification":"2023-08-25T08:47:56.091Z","date_d_apparition":null,"date_de_confirmation":null,"hauteur":null,"largeur":null,"sources":"DSB","identifiants_sources":"DSB:HAIELIGN0000000000071839","methode_d_acquisition_planimetrique":"Orthophotographie","precision_planimetrique":3}},{"type":"Feature","id":"haie.4555709","geometry":{"type":"LineString","coordinates":[[3.83003519,48.52679434],[3.8300905,48.52678046],[3.83014071,48.52678641],[3.83056585,48.52669258],[3.83062949,48.52669123]]},"geometry_name":"geometrie","properties":{"cleabs":"HAIELINE0000002239144518","date_creation":"2021-05-17T16:15:17.982Z","date_modification":"2023-08-25T08:47:56.091Z","date_d_apparition":null,"date_de_confirmation":null,"hauteur":null,"largeur":null,"sources":"DSB","identifiants_sources":"DSB:HAIELIGN0000000000071840","methode_d_acquisition_planimetrique":"Orthophotographie","precision_planimetrique":3}},{"type":"Feature","id":"haie.383873","geometry":{"type":"LineString","coordinates":[[3.82933877,48.52960422],[3.82922974,48.52964726],[3.829247,48.52971102],[3.82919843,48.52980852],[3.82923231,48.52989554],[3.82943366,48.52995171],[3.82952865,48.52996275]]},"geometry_name":"geometrie","properties":{"cleabs":"HAIELINE0000002239144528","date_creation":"2021-05-17T16:15:17.982Z","date_modification":"2023-08-25T08:47:56.091Z","date_d_apparition":null,"date_de_confirmation":null,"hauteur":null,"largeur":null,"sources":"DSB","identifiants_sources":"DSB:HAIELIGN0000000000071850","methode_d_acquisition_planimetrique":"Orthophotographie","precision_planimetrique":3}},{"type":"Feature","id":"haie.2126224","geometry":{"type":"LineString","coordinates":[[3.78177926,48.53484378],[3.78190655,48.53475028]]},"geometry_name":"geometrie","properties":{"cleabs":"HAIELINE0000002239144531","date_creation":"2021-05-17T16:15:17.982Z","date_modification":"2023-08-25T08:47:56.091Z","date_d_apparition":null,"date_de_confirmation":null,"hauteur":null,"largeur":null,"sources":"DSB","identifiants_sources":"DSB:HAIELIGN0000000000071853","methode_d_acquisition_planimetrique":"Orthophotographie","precision_planimetrique":3}},{"type":"Feature","id":"haie.2126225","geometry":{"type":"LineString","coordinates":[[3.78023726,48.53535769],[3.7803406,48.53529314],[3.78044312,48.53526458],[3.78060703,48.53517354],[3.78066934,48.53508227],[3.78085192,48.53497222],[3.78095435,48.53493736],[3.78103427,48.53493683],[3.78115012,48.53489379],[3.78122871,48.53480421],[3.7813862,48.53473751],[3.78145196,48.53478745],[3.78177926,48.53484378]]},"geometry_name":"geometrie","properties":{"cleabs":"HAIELINE0000002239144532","date_creation":"2021-05-17T16:15:17.982Z","date_modification":"2023-08-25T08:47:56.091Z","date_d_apparition":null,"date_de_confirmation":null,"hauteur":null,"largeur":null,"sources":"DSB","identifiants_sources":"DSB:HAIELIGN0000000000071854","methode_d_acquisition_planimetrique":"Orthophotographie","precision_planimetrique":3}},{"type":"Feature","id":"haie.36753","geometry":{"type":"LineString","coordinates":[[3.79210766,48.52917172],[3.79224691,48.5291546],[3.79232022,48.5291658],[3.79240931,48.52923538],[3.79251544,48.52926706],[3.79258394,48.52931878],[3.79269631,48.52931533],[3.79282252,48.52933158],[3.7929021,48.52930946],[3.79307712,48.52932898]]},"geometry_name":"geometrie","properties":{"cleabs":"HAIELINE0000002239144538","date_creation":"2021-05-17T16:15:17.982Z","date_modification":"2023-08-25T08:47:56.091Z","date_d_apparition":null,"date_de_confirmation":null,"hauteur":null,"largeur":null,"sources":"DSB","identifiants_sources":"DSB:HAIELIGN0000000000071860","methode_d_acquisition_planimetrique":"Orthophotographie","precision_planimetrique":3}},{"type":"Feature","id":"haie.19278743","geometry":{"type":"LineString","coordinates":[[3.82637957,48.5303967],[3.82629101,48.5304495],[3.82642874,48.53059428],[3.82645481,48.53070205]]},"geometry_name":"geometrie","properties":{"cleabs":"HAIELINE0000002239144539","date_creation":"2021-05-17T16:15:17.982Z","date_modification":"2024-03-15T13:26:01.595Z","date_d_apparition":null,"date_de_confirmation":null,"hauteur":null,"largeur":null,"sources":"DSB","identifiants_sources":"DSB:HAIELIGN0000000000071862","methode_d_acquisition_planimetrique":"Orthophotographie","precision_planimetrique":3}},{"type":"Feature","id":"haie.19308692","geometry":{"type":"LineString","coordinates":[[3.77534958,48.53396468],[3.77544865,48.53406929],[3.7755596,48.53415223]]},"geometry_name":"geometrie","properties":{"cleabs":"HAIELINE0000002239144576","date_creation":"2021-05-17T16:15:17.982Z","date_modification":"2024-03-15T13:26:01.595Z","date_d_apparition":null,"date_de_confirmation":null,"hauteur":null,"largeur":null,"sources":"DSB","identifiants_sources":"DSB:HAIELIGN0000000000071900","methode_d_acquisition_planimetrique":"Orthophotographie","precision_planimetrique":3}},{"type":"Feature","id":"haie.2298004","geometry":{"type":"LineString","coordinates":[[3.77506935,48.53415902],[3.77513314,48.53407584],[3.77534958,48.53396468]]},"geometry_name":"geometrie","properties":{"cleabs":"HAIELINE0000002239144577","date_creation":"2021-05-17T16:15:17.982Z","date_modification":"2023-08-25T08:47:56.091Z","date_d_apparition":null,"date_de_confirmation":null,"hauteur":null,"largeur":null,"sources":"DSB","identifiants_sources":"DSB:HAIELIGN0000000000071901","methode_d_acquisition_planimetrique":"Orthophotographie","precision_planimetrique":3}},{"type":"Feature","id":"haie.19091772","geometry":{"type":"LineString","coordinates":[[3.81992809,48.53446266],[3.81999627,48.53449188],[3.82002263,48.53453128],[3.82011265,48.53457114]]},"geometry_name":"geometrie","properties":{"cleabs":"HAIELINE0000002239144641","date_creation":"2021-05-17T16:15:17.982Z","date_modification":"2024-03-15T13:26:01.595Z","date_d_apparition":null,"date_de_confirmation":null,"hauteur":null,"largeur":null,"sources":"DSB","identifiants_sources":"DSB:HAIELIGN0000000000071966","methode_d_acquisition_planimetrique":"Orthophotographie","precision_planimetrique":3}},{"type":"Feature","id":"haie.19225139","geometry":{"type":"LineString","coordinates":[[3.78255146,48.52903979],[3.78282826,48.52925477],[3.78297921,48.52929516],[3.78304414,48.5293802],[3.7831601,48.52943611],[3.78321674,48.5295104],[3.78338176,48.52958578],[3.7834362,48.52969428],[3.78350872,48.52974328],[3.78351376,48.52980892],[3.78357509,48.52992457]]},"geometry_name":"geometrie","properties":{"cleabs":"HAIELINE0000002239144643","date_creation":"2021-05-17T16:15:17.982Z","date_modification":"2024-03-15T13:26:01.595Z","date_d_apparition":null,"date_de_confirmation":null,"hauteur":null,"largeur":null,"sources":"DSB","identifiants_sources":"DSB:HAIELIGN0000000000071968","methode_d_acquisition_planimetrique":"Orthophotographie","precision_planimetrique":3}},{"type":"Feature","id":"haie.733259","geometry":{"type":"LineString","coordinates":[[3.78173254,48.52943831],[3.78210231,48.52934771],[3.78229528,48.5292088],[3.78237644,48.52911111],[3.78255146,48.52903979]]},"geometry_name":"geometrie","properties":{"cleabs":"HAIELINE0000002239144644","date_creation":"2021-05-17T16:15:17.982Z","date_modification":"2023-08-25T08:47:56.091Z","date_d_apparition":null,"date_de_confirmation":null,"hauteur":null,"largeur":null,"sources":"DSB","identifiants_sources":"DSB:HAIELIGN0000000000071969","methode_d_acquisition_planimetrique":"Orthophotographie","precision_planimetrique":3}},{"type":"Feature","id":"haie.4729971","geometry":{"type":"LineString","coordinates":[[3.76603288,48.5297915],[3.76614966,48.52981144],[3.76629678,48.52986897],[3.76632181,48.52991379],[3.76632139,48.52997766],[3.76639638,48.53010402],[3.76646588,48.53013326],[3.76652352,48.53018417],[3.7667276,48.53024672]]},"geometry_name":"geometrie","properties":{"cleabs":"HAIELINE0000002239144651","date_creation":"2021-05-17T16:15:17.982Z","date_modification":"2023-08-25T08:47:56.091Z","date_d_apparition":null,"date_de_confirmation":null,"hauteur":null,"largeur":null,"sources":"DSB","identifiants_sources":"DSB:HAIELIGN0000000000071976","methode_d_acquisition_planimetrique":"Orthophotographie","precision_planimetrique":3}},{"type":"Feature","id":"haie.1903754","geometry":{"type":"LineString","coordinates":[[3.77560483,48.53079908],[3.77580548,48.5307204],[3.77587978,48.53070732],[3.77603026,48.53062448],[3.7762365,48.53055746],[3.77657151,48.53040503],[3.77671706,48.5303555],[3.77680954,48.53028923],[3.77685841,48.53020524],[3.77692861,48.53018949]]},"geometry_name":"geometrie","properties":{"cleabs":"HAIELINE0000002239144657","date_creation":"2021-05-17T16:15:17.982Z","date_modification":"2023-08-25T08:47:56.091Z","date_d_apparition":null,"date_de_confirmation":null,"hauteur":null,"largeur":null,"sources":"DSB","identifiants_sources":"DSB:HAIELIGN0000000000071982","methode_d_acquisition_planimetrique":"Orthophotographie","precision_planimetrique":3}},{"type":"Feature","id":"haie.2126235","geometry":{"type":"LineString","coordinates":[[3.81802849,48.52948287],[3.81810409,48.52946706],[3.81813682,48.52948123],[3.81826471,48.52960449],[3.81834537,48.52965252],[3.81839372,48.52971336],[3.81852328,48.52977004],[3.81856798,48.529857],[3.81858631,48.52999002]]},"geometry_name":"geometrie","properties":{"cleabs":"HAIELINE0000002239144695","date_creation":"2021-05-17T16:15:17.982Z","date_modification":"2023-08-25T08:47:56.091Z","date_d_apparition":null,"date_de_confirmation":null,"hauteur":null,"largeur":null,"sources":"DSB","identifiants_sources":"DSB:HAIELIGN0000000000072020","methode_d_acquisition_planimetrique":"Orthophotographie","precision_planimetrique":3}},{"type":"Feature","id":"haie.36761","geometry":{"type":"LineString","coordinates":[[3.81814388,48.5303682],[3.81810882,48.53011745],[3.81795408,48.53000966],[3.81795532,48.52991519],[3.81790679,48.52975629],[3.81790482,48.52963036],[3.81802849,48.52948287]]},"geometry_name":"geometrie","properties":{"cleabs":"HAIELINE0000002239144696","date_creation":"2021-05-17T16:15:17.982Z","date_modification":"2023-08-25T08:47:56.091Z","date_d_apparition":null,"date_de_confirmation":null,"hauteur":null,"largeur":null,"sources":"DSB","identifiants_sources":"DSB:HAIELIGN0000000000072021","methode_d_acquisition_planimetrique":"Orthophotographie","precision_planimetrique":3}},{"type":"Feature","id":"haie.733265","geometry":{"type":"LineString","coordinates":[[3.76913183,48.52969592],[3.76931302,48.52967496],[3.76943663,48.52960669],[3.76962038,48.52957581],[3.76987824,48.52961103],[3.7700061,48.52964798],[3.77024068,48.52975802],[3.77042783,48.5297739]]},"geometry_name":"geometrie","properties":{"cleabs":"HAIELINE0000002239144721","date_creation":"2021-05-17T16:15:17.982Z","date_modification":"2023-08-25T08:47:56.091Z","date_d_apparition":null,"date_de_confirmation":null,"hauteur":null,"largeur":null,"sources":"DSB","identifiants_sources":"DSB:HAIELIGN0000000000072047","methode_d_acquisition_planimetrique":"Orthophotographie","precision_planimetrique":3}},{"type":"Feature","id":"haie.383893","geometry":{"type":"LineString","coordinates":[[3.76911325,48.52805965],[3.76926589,48.52812433],[3.7693975,48.52813967],[3.76947106,48.52816888]]},"geometry_name":"geometrie","properties":{"cleabs":"HAIELINE0000002239144792","date_creation":"2021-05-17T16:15:17.982Z","date_modification":"2023-08-25T08:47:56.091Z","date_d_apparition":null,"date_de_confirmation":null,"hauteur":null,"largeur":null,"sources":"DSB","identifiants_sources":"DSB:HAIELIGN0000000000072120","methode_d_acquisition_planimetrique":"Orthophotographie","precision_planimetrique":3}},{"type":"Feature","id":"haie.4729983","geometry":{"type":"LineString","coordinates":[[3.83117891,48.53221736],[3.83128018,48.5321114],[3.83127882,48.53202594],[3.8313147,48.53198251],[3.83131992,48.53188441],[3.83128978,48.53177757]]},"geometry_name":"geometrie","properties":{"cleabs":"HAIELINE0000002239144795","date_creation":"2021-05-17T16:15:17.982Z","date_modification":"2023-08-25T08:47:56.091Z","date_d_apparition":null,"date_de_confirmation":null,"hauteur":null,"largeur":null,"sources":"DSB","identifiants_sources":"DSB:HAIELIGN0000000000072123","methode_d_acquisition_planimetrique":"Orthophotographie","precision_planimetrique":3}},{"type":"Feature","id":"haie.4555727","geometry":{"type":"LineString","coordinates":[[3.83117891,48.53221736],[3.83126764,48.53226082],[3.8313315,48.53227297],[3.83140841,48.5323399],[3.83141658,48.53242801],[3.83147137,48.53246631],[3.83143063,48.53254486],[3.83145685,48.53257526]]},"geometry_name":"geometrie","properties":{"cleabs":"HAIELINE0000002239144796","date_creation":"2021-05-17T16:15:17.982Z","date_modification":"2023-08-25T08:47:56.091Z","date_d_apparition":null,"date_de_confirmation":null,"hauteur":null,"largeur":null,"sources":"DSB","identifiants_sources":"DSB:HAIELIGN0000000000072124","methode_d_acquisition_planimetrique":"Orthophotographie","precision_planimetrique":3}},{"type":"Feature","id":"haie.4384038","geometry":{"type":"LineString","coordinates":[[3.77536239,48.53061714],[3.77558832,48.53059857],[3.77571208,48.53063285],[3.77617505,48.53043191],[3.77649569,48.53031557],[3.77667041,48.53022357],[3.77678919,48.53001318]]},"geometry_name":"geometrie","properties":{"cleabs":"HAIELINE0000002239144812","date_creation":"2021-05-17T16:15:17.982Z","date_modification":"2023-08-25T08:47:56.091Z","date_d_apparition":null,"date_de_confirmation":null,"hauteur":null,"largeur":null,"sources":"DSB","identifiants_sources":"DSB:HAIELIGN0000000000072141","methode_d_acquisition_planimetrique":"Orthophotographie","precision_planimetrique":3}},{"type":"Feature","id":"haie.383898","geometry":{"type":"LineString","coordinates":[[3.76758051,48.52818291],[3.76763557,48.52824372],[3.76769007,48.52826586],[3.76774782,48.52832486],[3.7678711,48.52832677],[3.76803204,48.52840309],[3.76826079,48.52848528],[3.76849013,48.52851528]]},"geometry_name":"geometrie","properties":{"cleabs":"HAIELINE0000002239144876","date_creation":"2021-05-17T16:15:17.982Z","date_modification":"2023-08-25T08:47:56.091Z","date_d_apparition":null,"date_de_confirmation":null,"hauteur":null,"largeur":null,"sources":"DSB","identifiants_sources":"DSB:HAIELIGN0000000000072205","methode_d_acquisition_planimetrique":"Orthophotographie","precision_planimetrique":3}},{"type":"Feature","id":"haie.36777","geometry":{"type":"LineString","coordinates":[[3.75014855,48.53485953],[3.75022705,48.53485454],[3.75032614,48.53477475],[3.75040153,48.53474189],[3.7504664,48.53473158]]},"geometry_name":"geometrie","properties":{"cleabs":"HAIELINE0000002239144930","date_creation":"2021-05-17T16:15:17.982Z","date_modification":"2023-08-25T08:47:56.091Z","date_d_apparition":null,"date_de_confirmation":null,"hauteur":null,"largeur":null,"sources":"DSB","identifiants_sources":"DSB:HAIELIGN0000000000072257","methode_d_acquisition_planimetrique":"Orthophotographie","precision_planimetrique":3}},{"type":"Feature","id":"haie.1487313","geometry":{"type":"LineString","coordinates":[[3.74996699,48.53476172],[3.75014855,48.53485953]]},"geometry_name":"geometrie","properties":{"cleabs":"HAIELINE0000002239144931","date_creation":"2021-05-17T16:15:17.982Z","date_modification":"2023-08-25T08:47:56.091Z","date_d_apparition":null,"date_de_confirmation":null,"hauteur":null,"largeur":null,"sources":"DSB","identifiants_sources":"DSB:HAIELIGN0000000000072258","methode_d_acquisition_planimetrique":"Orthophotographie","precision_planimetrique":3}},{"type":"Feature","id":"haie.4555735","geometry":{"type":"LineString","coordinates":[[3.82226578,48.52649479],[3.82257918,48.52687406]]},"geometry_name":"geometrie","properties":{"cleabs":"HAIELINE0000002239144934","date_creation":"2021-05-17T16:15:17.982Z","date_modification":"2023-08-25T08:47:56.091Z","date_d_apparition":null,"date_de_confirmation":null,"hauteur":null,"largeur":null,"sources":"DSB","identifiants_sources":"DSB:HAIELIGN0000000000072261","methode_d_acquisition_planimetrique":"Orthophotographie","precision_planimetrique":3}},{"type":"Feature","id":"haie.19304520","geometry":{"type":"LineString","coordinates":[[3.77291085,48.53429722],[3.77295028,48.53430776],[3.77331642,48.53461035]]},"geometry_name":"geometrie","properties":{"cleabs":"HAIELINE0000002239144948","date_creation":"2021-05-17T16:15:17.982Z","date_modification":"2024-03-15T13:26:01.595Z","date_d_apparition":null,"date_de_confirmation":null,"hauteur":null,"largeur":null,"sources":"DSB","identifiants_sources":"DSB:HAIELIGN0000000000072276","methode_d_acquisition_planimetrique":"Orthophotographie","precision_planimetrique":3}},{"type":"Feature","id":"haie.611057","geometry":{"type":"LineString","coordinates":[[3.77128624,48.53490961],[3.77179313,48.53474439],[3.77291085,48.53429722]]},"geometry_name":"geometrie","properties":{"cleabs":"HAIELINE0000002239144949","date_creation":"2021-05-17T16:15:17.982Z","date_modification":"2023-08-25T08:47:56.091Z","date_d_apparition":null,"date_de_confirmation":null,"hauteur":null,"largeur":null,"sources":"DSB","identifiants_sources":"DSB:HAIELIGN0000000000072277","methode_d_acquisition_planimetrique":"Orthophotographie","precision_planimetrique":3}},{"type":"Feature","id":"haie.19310428","geometry":{"type":"LineString","coordinates":[[3.79006967,48.53342696],[3.79016483,48.53335976],[3.79043878,48.53329136],[3.79058294,48.53324003],[3.7907558,48.53329555],[3.79087501,48.53338562]]},"geometry_name":"geometrie","properties":{"cleabs":"HAIELINE0000002239144963","date_creation":"2021-05-17T16:15:17.982Z","date_modification":"2024-03-15T13:26:01.595Z","date_d_apparition":null,"date_de_confirmation":null,"hauteur":null,"largeur":null,"sources":"DSB","identifiants_sources":"DSB:HAIELIGN0000000000072291","methode_d_acquisition_planimetrique":"Orthophotographie","precision_planimetrique":3}},{"type":"Feature","id":"haie.19169763","geometry":{"type":"LineString","coordinates":[[3.82474439,48.53347666],[3.82490478,48.53342606],[3.82520011,48.53325579],[3.82528122,48.53324533],[3.82542399,48.53319396]]},"geometry_name":"geometrie","properties":{"cleabs":"HAIELINE0000002239144980","date_creation":"2021-05-17T16:15:17.982Z","date_modification":"2024-03-15T13:26:01.595Z","date_d_apparition":null,"date_de_confirmation":null,"hauteur":null,"largeur":null,"sources":"DSB","identifiants_sources":"DSB:HAIELIGN0000000000072309","methode_d_acquisition_planimetrique":"Orthophotographie","precision_planimetrique":3}},{"type":"Feature","id":"haie.611060","geometry":{"type":"LineString","coordinates":[[3.76819058,48.53312413],[3.76831117,48.53294163],[3.76862095,48.53282088],[3.76873459,48.53281115],[3.76884511,48.53277355],[3.76895789,48.53270535],[3.76905118,48.53269395],[3.7691368,48.53271319],[3.76921795,48.53279723]]},"geometry_name":"geometrie","properties":{"cleabs":"HAIELINE0000002239144986","date_creation":"2021-05-17T16:15:17.982Z","date_modification":"2023-08-25T08:47:56.091Z","date_d_apparition":null,"date_de_confirmation":null,"hauteur":null,"largeur":null,"sources":"DSB","identifiants_sources":"DSB:HAIELIGN0000000000072315","methode_d_acquisition_planimetrique":"Orthophotographie","precision_planimetrique":3}},{"type":"Feature","id":"haie.19197525","geometry":{"type":"LineString","coordinates":[[3.77768991,48.53366691],[3.77777109,48.53356923],[3.77786529,48.53352723],[3.77791311,48.53346394],[3.77798313,48.5334356],[3.77810745,48.53332413],[3.77811649,48.53329438]]},"geometry_name":"geometrie","properties":{"cleabs":"HAIELINE0000002239145035","date_creation":"2021-05-17T16:15:17.982Z","date_modification":"2024-03-15T13:26:01.595Z","date_d_apparition":null,"date_de_confirmation":null,"hauteur":null,"largeur":null,"sources":"DSB","identifiants_sources":"DSB:HAIELIGN0000000000072362","methode_d_acquisition_planimetrique":"Orthophotographie","precision_planimetrique":3}},{"type":"Feature","id":"haie.209164","geometry":{"type":"LineString","coordinates":[[3.82294418,48.53218199],[3.82316869,48.532247],[3.8233248,48.53226841],[3.82340393,48.53230475],[3.82343422,48.53233603],[3.82341763,48.53240091],[3.8234716,48.53247341],[3.82346644,48.532576]]},"geometry_name":"geometrie","properties":{"cleabs":"HAIELINE0000002239145036","date_creation":"2021-05-17T16:15:17.982Z","date_modification":"2023-08-25T08:47:56.091Z","date_d_apparition":null,"date_de_confirmation":null,"hauteur":null,"largeur":null,"sources":"DSB","identifiants_sources":"DSB:HAIELIGN0000000000072363","methode_d_acquisition_planimetrique":"Orthophotographie","precision_planimetrique":3}},{"type":"Feature","id":"haie.19013957","geometry":{"type":"LineString","coordinates":[[3.76114038,48.53117684],[3.76126575,48.53113556],[3.7613407,48.5310739],[3.76141493,48.53105544],[3.7614994,48.53099552],[3.76158568,48.53096798],[3.76187741,48.53081677],[3.76216213,48.53064942],[3.76232531,48.53050714],[3.7624704,48.53042524]]},"geometry_name":"geometrie","properties":{"cleabs":"HAIELINE0000002239145043","date_creation":"2021-05-17T16:15:17.982Z","date_modification":"2024-03-15T13:26:01.595Z","date_d_apparition":null,"date_de_confirmation":null,"hauteur":null,"largeur":null,"sources":"DSB","identifiants_sources":"DSB:HAIELIGN0000000000072370","methode_d_acquisition_planimetrique":"Orthophotographie","precision_planimetrique":3}},{"type":"Feature","id":"haie.4555746","geometry":{"type":"LineString","coordinates":[[3.75039705,48.5343344],[3.75027179,48.53428931]]},"geometry_name":"geometrie","properties":{"cleabs":"HAIELINE0000002239145056","date_creation":"2021-05-17T16:15:17.982Z","date_modification":"2023-08-25T08:47:56.091Z","date_d_apparition":null,"date_de_confirmation":null,"hauteur":null,"largeur":null,"sources":"DSB","identifiants_sources":"DSB:HAIELIGN0000000000072384","methode_d_acquisition_planimetrique":"Orthophotographie","precision_planimetrique":3}},{"type":"Feature","id":"haie.4208788","geometry":{"type":"LineString","coordinates":[[3.75028668,48.53419385],[3.75035552,48.53417723],[3.75056131,48.53416963],[3.75070823,48.53421368]]},"geometry_name":"geometrie","properties":{"cleabs":"HAIELINE0000002239145057","date_creation":"2021-05-17T16:15:17.982Z","date_modification":"2023-08-25T08:47:56.091Z","date_d_apparition":null,"date_de_confirmation":null,"hauteur":null,"largeur":null,"sources":"DSB","identifiants_sources":"DSB:HAIELIGN0000000000072385","methode_d_acquisition_planimetrique":"Orthophotographie","precision_planimetrique":3}},{"type":"Feature","id":"haie.209166","geometry":{"type":"LineString","coordinates":[[3.75027179,48.53428931],[3.75026192,48.53426238],[3.75028668,48.53419385]]},"geometry_name":"geometrie","properties":{"cleabs":"HAIELINE0000002239145058","date_creation":"2021-05-17T16:15:17.982Z","date_modification":"2023-08-25T08:47:56.091Z","date_d_apparition":null,"date_de_confirmation":null,"hauteur":null,"largeur":null,"sources":"DSB","identifiants_sources":"DSB:HAIELIGN0000000000072386","methode_d_acquisition_planimetrique":"Orthophotographie","precision_planimetrique":3}},{"type":"Feature","id":"haie.19071533","geometry":{"type":"LineString","coordinates":[[3.78929679,48.5336444],[3.78978174,48.5338256],[3.79018081,48.53406045],[3.79046854,48.53427714]]},"geometry_name":"geometrie","properties":{"cleabs":"HAIELINE0000002239145098","date_creation":"2021-05-17T16:15:17.982Z","date_modification":"2024-03-15T13:26:01.595Z","date_d_apparition":null,"date_de_confirmation":null,"hauteur":null,"largeur":null,"sources":"DSB","identifiants_sources":"DSB:HAIELIGN0000000000072427","methode_d_acquisition_planimetrique":"Orthophotographie","precision_planimetrique":3}},{"type":"Feature","id":"haie.19116882","geometry":{"type":"LineString","coordinates":[[3.81401826,48.53055036],[3.81410408,48.53049489],[3.81420925,48.53046359],[3.81424495,48.53040756],[3.81433926,48.53037543],[3.81460519,48.53022967],[3.81481541,48.53016076],[3.8152286,48.52990423],[3.81549653,48.52980074],[3.81555918,48.52973554],[3.81557801,48.52972731]]},"geometry_name":"geometrie","properties":{"cleabs":"HAIELINE0000002239145103","date_creation":"2021-05-17T16:15:17.982Z","date_modification":"2024-03-15T13:26:01.595Z","date_d_apparition":null,"date_de_confirmation":null,"hauteur":null,"largeur":null,"sources":"DSB","identifiants_sources":"DSB:HAIELIGN0000000000072432","methode_d_acquisition_planimetrique":"Orthophotographie","precision_planimetrique":3}},{"type":"Feature","id":"haie.4035409","geometry":{"type":"LineString","coordinates":[[3.8226862,48.53430147],[3.82273254,48.53431914],[3.82284072,48.5343076],[3.82292017,48.53427736]]},"geometry_name":"geometrie","properties":{"cleabs":"HAIELINE0000002239145111","date_creation":"2021-05-17T16:15:17.982Z","date_modification":"2023-08-25T08:47:56.091Z","date_d_apparition":null,"date_de_confirmation":null,"hauteur":null,"largeur":null,"sources":"DSB","identifiants_sources":"DSB:HAIELIGN0000000000072440","methode_d_acquisition_planimetrique":"Orthophotographie","precision_planimetrique":3}},{"type":"Feature","id":"haie.1487326","geometry":{"type":"LineString","coordinates":[[3.8217031,48.53302541],[3.82176351,48.53316354],[3.82175348,48.53321489],[3.82193151,48.53342507],[3.82193107,48.53348354],[3.82197764,48.53351651],[3.82198011,48.53358756],[3.8220245,48.53365382],[3.82217226,48.53374726],[3.82222097,48.53383059],[3.82241154,48.53397591],[3.82245239,48.53407638],[3.82251446,48.53414702],[3.82261958,48.53419937],[3.8226862,48.53430147]]},"geometry_name":"geometrie","properties":{"cleabs":"HAIELINE0000002239145112","date_creation":"2021-05-17T16:15:17.982Z","date_modification":"2023-08-25T08:47:56.091Z","date_d_apparition":null,"date_de_confirmation":null,"hauteur":null,"largeur":null,"sources":"DSB","identifiants_sources":"DSB:HAIELIGN0000000000072441","methode_d_acquisition_planimetrique":"Orthophotographie","precision_planimetrique":3}},{"type":"Feature","id":"haie.2298046","geometry":{"type":"LineString","coordinates":[[3.8003762,48.53003664],[3.80044852,48.5301603]]},"geometry_name":"geometrie","properties":{"cleabs":"HAIELINE0000002239145147","date_creation":"2021-05-17T16:15:17.982Z","date_modification":"2023-08-25T08:47:56.091Z","date_d_apparition":null,"date_de_confirmation":null,"hauteur":null,"largeur":null,"sources":"DSB","identifiants_sources":"DSB:HAIELIGN0000000000072478","methode_d_acquisition_planimetrique":"Orthophotographie","precision_planimetrique":3}},{"type":"Feature","id":"haie.4208791","geometry":{"type":"LineString","coordinates":[[3.80106635,48.53017233],[3.80112146,48.53014497],[3.80115599,48.53009976],[3.80110363,48.53004164]]},"geometry_name":"geometrie","properties":{"cleabs":"HAIELINE0000002239145148","date_creation":"2021-05-17T16:15:17.982Z","date_modification":"2023-08-25T08:47:56.091Z","date_d_apparition":null,"date_de_confirmation":null,"hauteur":null,"largeur":null,"sources":"DSB","identifiants_sources":"DSB:HAIELIGN0000000000072479","methode_d_acquisition_planimetrique":"Orthophotographie","precision_planimetrique":3}},{"type":"Feature","id":"haie.2126260","geometry":{"type":"LineString","coordinates":[[3.80044852,48.5301603],[3.80050296,48.53017703],[3.80062423,48.53013573],[3.80078702,48.53015263],[3.80086733,48.53017817],[3.8009456,48.53015965],[3.80099732,48.5301755],[3.80106635,48.53017233]]},"geometry_name":"geometrie","properties":{"cleabs":"HAIELINE0000002239145149","date_creation":"2021-05-17T16:15:17.982Z","date_modification":"2023-08-25T08:47:56.091Z","date_d_apparition":null,"date_de_confirmation":null,"hauteur":null,"largeur":null,"sources":"DSB","identifiants_sources":"DSB:HAIELIGN0000000000072480","methode_d_acquisition_planimetrique":"Orthophotographie","precision_planimetrique":3}},{"type":"Feature","id":"haie.4555755","geometry":{"type":"LineString","coordinates":[[3.78062239,48.53265632],[3.78052968,48.53270731],[3.78052605,48.53273612],[3.78054081,48.53281789],[3.78062944,48.53294775],[3.78059065,48.53307215],[3.78059199,48.53316211]]},"geometry_name":"geometrie","properties":{"cleabs":"HAIELINE0000002239145154","date_creation":"2021-05-17T16:15:17.982Z","date_modification":"2023-08-25T08:47:56.091Z","date_d_apparition":null,"date_de_confirmation":null,"hauteur":null,"largeur":null,"sources":"DSB","identifiants_sources":"DSB:HAIELIGN0000000000072484","methode_d_acquisition_planimetrique":"Orthophotographie","precision_planimetrique":3}},{"type":"Feature","id":"haie.36790","geometry":{"type":"LineString","coordinates":[[3.76882076,48.52824866],[3.76895884,48.52824417],[3.76903523,48.52828056],[3.7691558,48.52828248],[3.76923498,48.52832515],[3.76930143,48.52833101],[3.76936319,48.52838639],[3.76940551,48.52850127]]},"geometry_name":"geometrie","properties":{"cleabs":"HAIELINE0000002239145161","date_creation":"2021-05-17T16:15:17.982Z","date_modification":"2023-08-25T08:47:56.091Z","date_d_apparition":null,"date_de_confirmation":null,"hauteur":null,"largeur":null,"sources":"DSB","identifiants_sources":"DSB:HAIELIGN0000000000072491","methode_d_acquisition_planimetrique":"Orthophotographie","precision_planimetrique":3}},{"type":"Feature","id":"haie.19118119","geometry":{"type":"LineString","coordinates":[[3.78642628,48.53236708],[3.78650452,48.53234497],[3.78666833,48.53224943],[3.7866994,48.53215297],[3.78678353,48.53207324],[3.78680656,48.53198313]]},"geometry_name":"geometrie","properties":{"cleabs":"HAIELINE0000002239145179","date_creation":"2021-05-17T16:15:17.982Z","date_modification":"2024-03-15T13:26:01.595Z","date_d_apparition":null,"date_de_confirmation":null,"hauteur":null,"largeur":null,"sources":"DSB","identifiants_sources":"DSB:HAIELIGN0000000000072509","methode_d_acquisition_planimetrique":"Orthophotographie","precision_planimetrique":3}},{"type":"Feature","id":"haie.1329787","geometry":{"type":"LineString","coordinates":[[3.78989012,48.5288806],[3.78992158,48.52881112],[3.78996963,48.52876402],[3.78998214,48.52869557],[3.79011787,48.5286245],[3.79047007,48.52853759],[3.7905809,48.5284325]]},"geometry_name":"geometrie","properties":{"cleabs":"HAIELINE0000002239145185","date_creation":"2021-05-17T16:15:17.982Z","date_modification":"2023-08-25T08:47:56.091Z","date_d_apparition":null,"date_de_confirmation":null,"hauteur":null,"largeur":null,"sources":"DSB","identifiants_sources":"DSB:HAIELIGN0000000000072516","methode_d_acquisition_planimetrique":"Orthophotographie","precision_planimetrique":3}},{"type":"Feature","id":"haie.36792","geometry":{"type":"LineString","coordinates":[[3.7742202,48.53242741],[3.77433102,48.53259401],[3.77440212,48.53263853],[3.77442393,48.53274004],[3.77449774,48.5328763]]},"geometry_name":"geometrie","properties":{"cleabs":"HAIELINE0000002239145186","date_creation":"2021-05-17T16:15:17.982Z","date_modification":"2023-08-25T08:47:56.091Z","date_d_apparition":null,"date_de_confirmation":null,"hauteur":null,"largeur":null,"sources":"DSB","identifiants_sources":"DSB:HAIELIGN0000000000072517","methode_d_acquisition_planimetrique":"Orthophotographie","precision_planimetrique":3}},{"type":"Feature","id":"haie.36793","geometry":{"type":"LineString","coordinates":[[3.7743433,48.53296637],[3.77430034,48.53280922]]},"geometry_name":"geometrie","properties":{"cleabs":"HAIELINE0000002239145187","date_creation":"2021-05-17T16:15:17.982Z","date_modification":"2023-08-25T08:47:56.091Z","date_d_apparition":null,"date_de_confirmation":null,"hauteur":null,"largeur":null,"sources":"DSB","identifiants_sources":"DSB:HAIELIGN0000000000072518","methode_d_acquisition_planimetrique":"Orthophotographie","precision_planimetrique":3}},{"type":"Feature","id":"haie.4730003","geometry":{"type":"LineString","coordinates":[[3.77449774,48.5328763],[3.7744485,48.532936],[3.7743433,48.53296637]]},"geometry_name":"geometrie","properties":{"cleabs":"HAIELINE0000002239145188","date_creation":"2021-05-17T16:15:17.982Z","date_modification":"2023-08-25T08:47:56.091Z","date_d_apparition":null,"date_de_confirmation":null,"hauteur":null,"largeur":null,"sources":"DSB","identifiants_sources":"DSB:HAIELIGN0000000000072519","methode_d_acquisition_planimetrique":"Orthophotographie","precision_planimetrique":3}},{"type":"Feature","id":"haie.4555756","geometry":{"type":"LineString","coordinates":[[3.80983965,48.53072373],[3.80990441,48.53088252],[3.80993445,48.53089851],[3.80998172,48.53097736],[3.81013197,48.5310582],[3.81022152,48.53106838],[3.81039568,48.53111937],[3.81048644,48.53111966]]},"geometry_name":"geometrie","properties":{"cleabs":"HAIELINE0000002239145194","date_creation":"2021-05-17T16:15:17.982Z","date_modification":"2023-08-25T08:47:56.091Z","date_d_apparition":null,"date_de_confirmation":null,"hauteur":null,"largeur":null,"sources":"DSB","identifiants_sources":"DSB:HAIELIGN0000000000072525","methode_d_acquisition_planimetrique":"Orthophotographie","precision_planimetrique":3}},{"type":"Feature","id":"haie.1903786","geometry":{"type":"LineString","coordinates":[[3.76818752,48.52995572],[3.76826855,48.5299399],[3.76837246,48.5300058]]},"geometry_name":"geometrie","properties":{"cleabs":"HAIELINE0000002239145212","date_creation":"2021-05-17T16:15:17.982Z","date_modification":"2023-08-25T08:47:56.091Z","date_d_apparition":null,"date_de_confirmation":null,"hauteur":null,"largeur":null,"sources":"DSB","identifiants_sources":"DSB:HAIELIGN0000000000072544","methode_d_acquisition_planimetrique":"Orthophotographie","precision_planimetrique":3}},{"type":"Feature","id":"haie.2126267","geometry":{"type":"LineString","coordinates":[[3.76676857,48.53026985],[3.76684595,48.53028195],[3.76692974,48.53026881],[3.76706423,48.53029583],[3.76716699,48.53028347],[3.76749284,48.53033715],[3.76764836,48.53031995],[3.76777107,48.53028317],[3.76782138,48.53020368],[3.76789888,48.53013121],[3.76818752,48.52995572]]},"geometry_name":"geometrie","properties":{"cleabs":"HAIELINE0000002239145213","date_creation":"2021-05-17T16:15:17.982Z","date_modification":"2023-08-25T08:47:56.091Z","date_d_apparition":null,"date_de_confirmation":null,"hauteur":null,"largeur":null,"sources":"DSB","identifiants_sources":"DSB:HAIELIGN0000000000072545","methode_d_acquisition_planimetrique":"Orthophotographie","precision_planimetrique":3}},{"type":"Feature","id":"haie.4555762","geometry":{"type":"LineString","coordinates":[[3.81981393,48.5350455],[3.82004093,48.53526884],[3.82012017,48.53531147],[3.82015087,48.53536884],[3.82025362,48.5354428]]},"geometry_name":"geometrie","properties":{"cleabs":"HAIELINE0000002239145229","date_creation":"2021-05-17T16:15:17.982Z","date_modification":"2023-08-25T08:47:56.091Z","date_d_apparition":null,"date_de_confirmation":null,"hauteur":null,"largeur":null,"sources":"DSB","identifiants_sources":"DSB:HAIELIGN0000000000072560","methode_d_acquisition_planimetrique":"Orthophotographie","precision_planimetrique":3}},{"type":"Feature","id":"haie.2126271","geometry":{"type":"LineString","coordinates":[[3.76524282,48.53329068],[3.76530445,48.53342972],[3.76529038,48.53348649],[3.76525161,48.53352182],[3.76528503,48.53358368],[3.76527729,48.53361072],[3.76538947,48.53377912],[3.7654763,48.53378846]]},"geometry_name":"geometrie","properties":{"cleabs":"HAIELINE0000002239145261","date_creation":"2021-05-17T16:15:17.982Z","date_modification":"2023-08-25T08:47:56.091Z","date_d_apparition":null,"date_de_confirmation":null,"hauteur":null,"largeur":null,"sources":"DSB","identifiants_sources":"DSB:HAIELIGN0000000000072592","methode_d_acquisition_planimetrique":"Orthophotographie","precision_planimetrique":3}},{"type":"Feature","id":"haie.19164146","geometry":{"type":"LineString","coordinates":[[3.81982789,48.53437879],[3.81980382,48.53431238],[3.81987355,48.53426692],[3.81993553,48.5342458]]},"geometry_name":"geometrie","properties":{"cleabs":"HAIELINE0000002239145290","date_creation":"2021-05-17T16:15:17.982Z","date_modification":"2024-03-15T13:26:01.595Z","date_d_apparition":null,"date_de_confirmation":null,"hauteur":null,"largeur":null,"sources":"DSB","identifiants_sources":"DSB:HAIELIGN0000000000072620","methode_d_acquisition_planimetrique":"Orthophotographie","precision_planimetrique":3}},{"type":"Feature","id":"haie.1903793","geometry":{"type":"LineString","coordinates":[[3.80937174,48.52243422],[3.81024794,48.52304719]]},"geometry_name":"geometrie","properties":{"cleabs":"HAIELINE0000002239145304","date_creation":"2021-05-17T16:15:17.982Z","date_modification":"2023-08-25T08:47:56.091Z","date_d_apparition":null,"date_de_confirmation":null,"hauteur":null,"largeur":null,"sources":"DSB","identifiants_sources":"DSB:HAIELIGN0000000000072633","methode_d_acquisition_planimetrique":"Orthophotographie","precision_planimetrique":3}},{"type":"Feature","id":"haie.2298058","geometry":{"type":"LineString","coordinates":[[3.77077991,48.5328096],[3.77096394,48.53279672],[3.77127863,48.5327344],[3.77164126,48.53270866],[3.77200044,48.53281608],[3.77226578,48.53298978],[3.77249664,48.53302966],[3.77259387,48.5331019],[3.77270641,48.53310926],[3.77295544,48.53309505]]},"geometry_name":"geometrie","properties":{"cleabs":"HAIELINE0000002239145324","date_creation":"2021-05-17T16:15:17.982Z","date_modification":"2023-08-25T08:47:56.091Z","date_d_apparition":null,"date_de_confirmation":null,"hauteur":null,"largeur":null,"sources":"DSB","identifiants_sources":"DSB:HAIELIGN0000000000072654","methode_d_acquisition_planimetrique":"Orthophotographie","precision_planimetrique":3}},{"type":"Feature","id":"haie.733318","geometry":{"type":"LineString","coordinates":[[3.79546249,48.53344948],[3.79549601,48.53351582],[3.7957493,48.53351503],[3.79600725,48.53355378],[3.79612093,48.53354672]]},"geometry_name":"geometrie","properties":{"cleabs":"HAIELINE0000002239145361","date_creation":"2021-05-17T16:15:17.982Z","date_modification":"2023-08-25T08:47:56.091Z","date_d_apparition":null,"date_de_confirmation":null,"hauteur":null,"largeur":null,"sources":"DSB","identifiants_sources":"DSB:HAIELIGN0000000000072693","methode_d_acquisition_planimetrique":"Orthophotographie","precision_planimetrique":3}},{"type":"Feature","id":"haie.18960899","geometry":{"type":"LineString","coordinates":[[3.79086668,48.5347198],[3.7911242,48.53499877]]},"geometry_name":"geometrie","properties":{"cleabs":"HAIELINE0000002239145363","date_creation":"2021-05-17T16:15:17.982Z","date_modification":"2024-03-15T13:26:01.595Z","date_d_apparition":null,"date_de_confirmation":null,"hauteur":null,"largeur":null,"sources":"DSB","identifiants_sources":"DSB:HAIELIGN0000000000072695","methode_d_acquisition_planimetrique":"Orthophotographie","precision_planimetrique":3}},{"type":"Feature","id":"haie.4035422","geometry":{"type":"LineString","coordinates":[[3.76571341,48.53444185],[3.76585959,48.53471259],[3.76590936,48.53478154],[3.76595025,48.53479837],[3.76603413,48.53497685],[3.76608746,48.53501159],[3.76616497,48.53512444],[3.76623605,48.53516807],[3.76636956,48.5354056],[3.76632298,48.53546258],[3.76632774,48.53551023],[3.76649776,48.53565037],[3.76714697,48.53678598],[3.76715588,48.536839],[3.7672107,48.53688273],[3.76728783,48.53687684]]},"geometry_name":"geometrie","properties":{"cleabs":"HAIELINE0000002239145395","date_creation":"2021-05-17T16:15:17.982Z","date_modification":"2023-08-25T08:47:56.091Z","date_d_apparition":null,"date_de_confirmation":null,"hauteur":null,"largeur":null,"sources":"DSB","identifiants_sources":"DSB:HAIELIGN0000000000072728","methode_d_acquisition_planimetrique":"Orthophotographie","precision_planimetrique":3}},{"type":"Feature","id":"haie.19312030","geometry":{"type":"LineString","coordinates":[[3.81330247,48.53024849],[3.81571721,48.52909752]]},"geometry_name":"geometrie","properties":{"cleabs":"HAIELINE0000002239145396","date_creation":"2021-05-17T16:15:17.982Z","date_modification":"2024-03-15T13:26:01.595Z","date_d_apparition":null,"date_de_confirmation":null,"hauteur":null,"largeur":null,"sources":"DSB","identifiants_sources":"DSB:HAIELIGN0000000000072729","methode_d_acquisition_planimetrique":"Orthophotographie","precision_planimetrique":3}},{"type":"Feature","id":"haie.383932","geometry":{"type":"LineString","coordinates":[[3.78419986,48.52795659],[3.78419491,48.52789724],[3.78413859,48.52784454]]},"geometry_name":"geometrie","properties":{"cleabs":"HAIELINE0000002239145463","date_creation":"2021-05-17T16:15:17.982Z","date_modification":"2023-08-25T08:47:56.091Z","date_d_apparition":null,"date_de_confirmation":null,"hauteur":null,"largeur":null,"sources":"DSB","identifiants_sources":"DSB:HAIELIGN0000000000072800","methode_d_acquisition_planimetrique":"Orthophotographie","precision_planimetrique":3}},{"type":"Feature","id":"haie.733328","geometry":{"type":"LineString","coordinates":[[3.78503364,48.5271963],[3.78515155,48.52720182],[3.78527561,48.52725588],[3.78534165,48.52732471],[3.78538803,48.5273469],[3.7854962,48.52751531]]},"geometry_name":"geometrie","properties":{"cleabs":"HAIELINE0000002239145464","date_creation":"2021-05-17T16:15:17.982Z","date_modification":"2023-08-25T08:47:56.091Z","date_d_apparition":null,"date_de_confirmation":null,"hauteur":null,"largeur":null,"sources":"DSB","identifiants_sources":"DSB:HAIELIGN0000000000072801","methode_d_acquisition_planimetrique":"Orthophotographie","precision_planimetrique":3}},{"type":"Feature","id":"haie.2298065","geometry":{"type":"LineString","coordinates":[[3.78413859,48.52784454],[3.78419598,48.52778748],[3.78459435,48.52752756],[3.78468392,48.52744871],[3.78479951,48.52738947],[3.78484751,48.52733877],[3.7849336,48.52729952],[3.78503364,48.5271963]]},"geometry_name":"geometrie","properties":{"cleabs":"HAIELINE0000002239145465","date_creation":"2021-05-17T16:15:17.982Z","date_modification":"2023-08-25T08:47:56.091Z","date_d_apparition":null,"date_de_confirmation":null,"hauteur":null,"largeur":null,"sources":"DSB","identifiants_sources":"DSB:HAIELIGN0000000000072802","methode_d_acquisition_planimetrique":"Orthophotographie","precision_planimetrique":3}},{"type":"Feature","id":"haie.18957650","geometry":{"type":"LineString","coordinates":[[3.77672128,48.53384147],[3.77698245,48.53409796]]},"geometry_name":"geometrie","properties":{"cleabs":"HAIELINE0000002239145472","date_creation":"2021-05-17T16:15:17.982Z","date_modification":"2024-03-15T13:26:01.595Z","date_d_apparition":null,"date_de_confirmation":null,"hauteur":null,"largeur":null,"sources":"DSB","identifiants_sources":"DSB:HAIELIGN0000000000072809","methode_d_acquisition_planimetrique":"Orthophotographie","precision_planimetrique":3}},{"type":"Feature","id":"haie.19162843","geometry":{"type":"LineString","coordinates":[[3.76051993,48.53518677],[3.76064485,48.53548734],[3.76065453,48.53559434],[3.76078234,48.53581392],[3.76083408,48.53611226],[3.76092934,48.5362358],[3.7609395,48.53628251]]},"geometry_name":"geometrie","properties":{"cleabs":"HAIELINE0000002239145479","date_creation":"2021-05-17T16:15:17.982Z","date_modification":"2024-03-15T13:26:01.595Z","date_d_apparition":null,"date_de_confirmation":null,"hauteur":null,"largeur":null,"sources":"DSB","identifiants_sources":"DSB:HAIELIGN0000000000072815","methode_d_acquisition_planimetrique":"Orthophotographie","precision_planimetrique":3}},{"type":"Feature","id":"haie.4903563","geometry":{"type":"LineString","coordinates":[[3.77387758,48.53059623],[3.77385419,48.53066385],[3.7739552,48.53099155],[3.77394261,48.53114817],[3.7739843,48.53121986],[3.77392965,48.53127959],[3.77394748,48.53138653]]},"geometry_name":"geometrie","properties":{"cleabs":"HAIELINE0000002239145486","date_creation":"2021-05-17T16:15:17.982Z","date_modification":"2023-08-25T08:47:56.091Z","date_d_apparition":null,"date_de_confirmation":null,"hauteur":null,"largeur":null,"sources":"DSB","identifiants_sources":"DSB:HAIELIGN0000000000072822","methode_d_acquisition_planimetrique":"Orthophotographie","precision_planimetrique":3}},{"type":"Feature","id":"haie.733330","geometry":{"type":"LineString","coordinates":[[3.82686001,48.52779436],[3.82682534,48.52774242],[3.82674326,48.52769082]]},"geometry_name":"geometrie","properties":{"cleabs":"HAIELINE0000002239145509","date_creation":"2021-05-17T16:15:17.982Z","date_modification":"2023-08-25T08:47:56.091Z","date_d_apparition":null,"date_de_confirmation":null,"hauteur":null,"largeur":null,"sources":"DSB","identifiants_sources":"DSB:HAIELIGN0000000000072845","methode_d_acquisition_planimetrique":"Orthophotographie","precision_planimetrique":3}},{"type":"Feature","id":"haie.2298069","geometry":{"type":"LineString","coordinates":[[3.82622003,48.52783569],[3.82626036,48.52790288],[3.82630967,48.52793763],[3.82664598,48.52787771],[3.82673464,48.52783122],[3.82686001,48.52779436]]},"geometry_name":"geometrie","properties":{"cleabs":"HAIELINE0000002239145510","date_creation":"2021-05-17T16:15:17.982Z","date_modification":"2023-08-25T08:47:56.091Z","date_d_apparition":null,"date_de_confirmation":null,"hauteur":null,"largeur":null,"sources":"DSB","identifiants_sources":"DSB:HAIELIGN0000000000072846","methode_d_acquisition_planimetrique":"Orthophotographie","precision_planimetrique":3}},{"type":"Feature","id":"haie.2298072","geometry":{"type":"LineString","coordinates":[[3.82214948,48.52546912],[3.82314167,48.52457073],[3.82351615,48.52435583]]},"geometry_name":"geometrie","properties":{"cleabs":"HAIELINE0000002239145529","date_creation":"2021-05-17T16:15:17.982Z","date_modification":"2023-08-25T08:47:56.091Z","date_d_apparition":null,"date_de_confirmation":null,"hauteur":null,"largeur":null,"sources":"DSB","identifiants_sources":"DSB:HAIELIGN0000000000072865","methode_d_acquisition_planimetrique":"Orthophotographie","precision_planimetrique":3}},{"type":"Feature","id":"haie.209203","geometry":{"type":"LineString","coordinates":[[3.83187857,48.53123818],[3.83191323,48.53120285],[3.83199825,48.53118336]]},"geometry_name":"geometrie","properties":{"cleabs":"HAIELINE0000002239145542","date_creation":"2021-05-17T16:15:17.982Z","date_modification":"2023-08-25T08:47:56.091Z","date_d_apparition":null,"date_de_confirmation":null,"hauteur":null,"largeur":null,"sources":"DSB","identifiants_sources":"DSB:HAIELIGN0000000000072878","methode_d_acquisition_planimetrique":"Orthophotographie","precision_planimetrique":3}},{"type":"Feature","id":"haie.4903569","geometry":{"type":"LineString","coordinates":[[3.76293302,48.53150091],[3.76280297,48.5315926],[3.76278433,48.53170787],[3.76283553,48.53187577],[3.76295786,48.53209089],[3.76297072,48.53213669],[3.76295098,48.5321764],[3.76297271,48.53227342],[3.76302685,48.53236393],[3.76308307,48.53269013],[3.76318466,48.5328766],[3.76319522,48.5329503],[3.76316757,48.53300535],[3.76323974,48.53312453],[3.76335404,48.53315978],[3.76349487,48.53315708]]},"geometry_name":"geometrie","properties":{"cleabs":"HAIELINE0000002239145556","date_creation":"2021-05-17T16:15:17.982Z","date_modification":"2023-08-25T08:47:56.091Z","date_d_apparition":null,"date_de_confirmation":null,"hauteur":null,"largeur":null,"sources":"DSB","identifiants_sources":"DSB:HAIELIGN0000000000072893","methode_d_acquisition_planimetrique":"Orthophotographie","precision_planimetrique":3}},{"type":"Feature","id":"haie.19217127","geometry":{"type":"LineString","coordinates":[[3.81350598,48.53044501],[3.81372671,48.53035444],[3.81380994,48.53030619]]},"geometry_name":"geometrie","properties":{"cleabs":"HAIELINE0000002239145561","date_creation":"2021-05-17T16:15:17.982Z","date_modification":"2024-03-15T13:26:01.595Z","date_d_apparition":null,"date_de_confirmation":null,"hauteur":null,"largeur":null,"sources":"DSB","identifiants_sources":"DSB:HAIELIGN0000000000072898","methode_d_acquisition_planimetrique":"Orthophotographie","precision_planimetrique":3}},{"type":"Feature","id":"haie.4730030","geometry":{"type":"LineString","coordinates":[[3.76871473,48.52849944],[3.76879135,48.52864468],[3.768839,48.52866146],[3.7690901,48.52869762],[3.76922097,48.52875525]]},"geometry_name":"geometrie","properties":{"cleabs":"HAIELINE0000002239145562","date_creation":"2021-05-17T16:15:17.982Z","date_modification":"2023-08-25T08:47:56.091Z","date_d_apparition":null,"date_de_confirmation":null,"hauteur":null,"largeur":null,"sources":"DSB","identifiants_sources":"DSB:HAIELIGN0000000000072899","methode_d_acquisition_planimetrique":"Orthophotographie","precision_planimetrique":3}},{"type":"Feature","id":"haie.4555780","geometry":{"type":"LineString","coordinates":[[3.76957168,48.52865672],[3.76964534,48.52869223],[3.76968552,48.52875404]]},"geometry_name":"geometrie","properties":{"cleabs":"HAIELINE0000002239145563","date_creation":"2021-05-17T16:15:17.982Z","date_modification":"2023-08-25T08:47:56.091Z","date_d_apparition":null,"date_de_confirmation":null,"hauteur":null,"largeur":null,"sources":"DSB","identifiants_sources":"DSB:HAIELIGN0000000000072900","methode_d_acquisition_planimetrique":"Orthophotographie","precision_planimetrique":3}},{"type":"Feature","id":"haie.209204","geometry":{"type":"LineString","coordinates":[[3.76922097,48.52875525],[3.76938367,48.52867413],[3.7694612,48.52869702],[3.76957168,48.52865672]]},"geometry_name":"geometrie","properties":{"cleabs":"HAIELINE0000002239145564","date_creation":"2021-05-17T16:15:17.982Z","date_modification":"2023-08-25T08:47:56.091Z","date_d_apparition":null,"date_de_confirmation":null,"hauteur":null,"largeur":null,"sources":"DSB","identifiants_sources":"DSB:HAIELIGN0000000000072901","methode_d_acquisition_planimetrique":"Orthophotographie","precision_planimetrique":3}},{"type":"Feature","id":"haie.19307481","geometry":{"type":"LineString","coordinates":[[3.82899673,48.51961899],[3.82914491,48.5197412],[3.82939497,48.5198825],[3.8296373,48.51996357],[3.82999706,48.52002044],[3.83042536,48.52004353],[3.83069624,48.5201316],[3.83082256,48.52015501],[3.83105851,48.52017495],[3.83174482,48.52015756],[3.83200091,48.52016656],[3.83219374,48.52020029],[3.83251204,48.52028893],[3.83312862,48.52048522],[3.83342589,48.52052902],[3.83355983,48.52052089],[3.83391121,48.52039067],[3.83405179,48.52028893],[3.83413139,48.52027038],[3.8344743,48.52003317]]},"geometry_name":"geometrie","properties":{"cleabs":"HAIELINE0000002239145567","date_creation":"2021-05-17T16:15:17.982Z","date_modification":"2024-03-15T13:26:01.595Z","date_d_apparition":null,"date_de_confirmation":null,"hauteur":null,"largeur":null,"sources":"DSB","identifiants_sources":"DSB:HAIELIGN0000000000072904","methode_d_acquisition_planimetrique":"Orthophotographie","precision_planimetrique":3}},{"type":"Feature","id":"haie.4730031","geometry":{"type":"LineString","coordinates":[[3.83137457,48.5314864],[3.83146204,48.53153617],[3.83159343,48.53153615],[3.83166601,48.53158602],[3.8317285,48.53159728]]},"geometry_name":"geometrie","properties":{"cleabs":"HAIELINE0000002239145576","date_creation":"2021-05-17T16:15:17.982Z","date_modification":"2023-08-25T08:47:56.091Z","date_d_apparition":null,"date_de_confirmation":null,"hauteur":null,"largeur":null,"sources":"DSB","identifiants_sources":"DSB:HAIELIGN0000000000072913","methode_d_acquisition_planimetrique":"Orthophotographie","precision_planimetrique":3}},{"type":"Feature","id":"haie.19064898","geometry":{"type":"LineString","coordinates":[[3.83165536,48.53117047],[3.83154886,48.5312027],[3.83144673,48.53133926],[3.83139152,48.53135944],[3.83137457,48.5314864]]},"geometry_name":"geometrie","properties":{"cleabs":"HAIELINE0000002239145577","date_creation":"2021-05-17T16:15:17.982Z","date_modification":"2024-03-15T13:26:01.595Z","date_d_apparition":null,"date_de_confirmation":null,"hauteur":null,"largeur":null,"sources":"DSB","identifiants_sources":"DSB:HAIELIGN0000000000072914","methode_d_acquisition_planimetrique":"Orthophotographie","precision_planimetrique":3}},{"type":"Feature","id":"haie.19025105","geometry":{"type":"LineString","coordinates":[[3.83209031,48.53135095],[3.83218027,48.5313863],[3.83219814,48.53140327]]},"geometry_name":"geometrie","properties":{"cleabs":"HAIELINE0000002239145578","date_creation":"2021-05-17T16:15:17.982Z","date_modification":"2024-03-15T13:26:01.595Z","date_d_apparition":null,"date_de_confirmation":null,"hauteur":null,"largeur":null,"sources":"DSB","identifiants_sources":"DSB:HAIELIGN0000000000072915","methode_d_acquisition_planimetrique":"Orthophotographie","precision_planimetrique":3}},{"type":"Feature","id":"haie.18961383","geometry":{"type":"LineString","coordinates":[[3.83177627,48.53153487],[3.8317603,48.53146751],[3.83181363,48.53141406],[3.83193809,48.53140419],[3.83200387,48.53136685],[3.83209031,48.53135095]]},"geometry_name":"geometrie","properties":{"cleabs":"HAIELINE0000002239145579","date_creation":"2021-05-17T16:15:17.982Z","date_modification":"2024-03-15T13:26:01.595Z","date_d_apparition":null,"date_de_confirmation":null,"hauteur":null,"largeur":null,"sources":"DSB","identifiants_sources":"DSB:HAIELIGN0000000000072916","methode_d_acquisition_planimetrique":"Orthophotographie","precision_planimetrique":3}},{"type":"Feature","id":"haie.1487363","geometry":{"type":"LineString","coordinates":[[3.76465861,48.53159058],[3.7646588,48.53160407],[3.76458018,48.53169274],[3.76465973,48.53185326],[3.76469616,48.53202935],[3.76490352,48.53240945],[3.76495328,48.53257016],[3.76510646,48.53276439],[3.76512313,48.53288573],[3.76524224,48.53297222]]},"geometry_name":"geometrie","properties":{"cleabs":"HAIELINE0000002239145616","date_creation":"2021-05-17T16:15:17.982Z","date_modification":"2023-08-25T08:47:56.091Z","date_d_apparition":null,"date_de_confirmation":null,"hauteur":null,"largeur":null,"sources":"DSB","identifiants_sources":"DSB:HAIELIGN0000000000072952","methode_d_acquisition_planimetrique":"Orthophotographie","precision_planimetrique":3}},{"type":"Feature","id":"haie.611097","geometry":{"type":"LineString","coordinates":[[3.76939925,48.52973648],[3.76951589,48.52965476],[3.76955632,48.529641],[3.76966605,48.52964209],[3.76973145,48.52966865],[3.76979789,48.52967362],[3.76991785,48.52972592],[3.77006039,48.52974749]]},"geometry_name":"geometrie","properties":{"cleabs":"HAIELINE0000002239145672","date_creation":"2021-05-17T16:15:17.982Z","date_modification":"2023-08-25T08:47:56.091Z","date_d_apparition":null,"date_de_confirmation":null,"hauteur":null,"largeur":null,"sources":"DSB","identifiants_sources":"DSB:HAIELIGN0000000000073006","methode_d_acquisition_planimetrique":"Orthophotographie","precision_planimetrique":3}},{"type":"Feature","id":"haie.1329811","geometry":{"type":"LineString","coordinates":[[3.76047086,48.53152298],[3.76051356,48.53147862],[3.76068413,48.53137858],[3.76089424,48.53129627]]},"geometry_name":"geometrie","properties":{"cleabs":"HAIELINE0000002239145685","date_creation":"2021-05-17T16:15:17.982Z","date_modification":"2023-08-25T08:47:56.091Z","date_d_apparition":null,"date_de_confirmation":null,"hauteur":null,"largeur":null,"sources":"DSB","identifiants_sources":"DSB:HAIELIGN0000000000073022","methode_d_acquisition_planimetrique":"Orthophotographie","precision_planimetrique":3}},{"type":"Feature","id":"haie.4384102","geometry":{"type":"LineString","coordinates":[[3.78311786,48.52851248],[3.7831887,48.52844904],[3.78327893,48.52841426],[3.78335112,48.52835082],[3.78340895,48.52832345],[3.78346836,48.5282205]]},"geometry_name":"geometrie","properties":{"cleabs":"HAIELINE0000002239145696","date_creation":"2021-05-17T16:15:17.982Z","date_modification":"2023-08-25T08:47:56.091Z","date_d_apparition":null,"date_de_confirmation":null,"hauteur":null,"largeur":null,"sources":"DSB","identifiants_sources":"DSB:HAIELIGN0000000000073033","methode_d_acquisition_planimetrique":"Orthophotographie","precision_planimetrique":3}},{"type":"Feature","id":"haie.18997121","geometry":{"type":"LineString","coordinates":[[3.77026688,48.52868281],[3.77039171,48.52860553],[3.7705153,48.52862902],[3.77056054,48.52866561],[3.77061766,48.52868143],[3.7706862,48.52873767]]},"geometry_name":"geometrie","properties":{"cleabs":"HAIELINE0000002239145732","date_creation":"2021-05-17T16:15:17.982Z","date_modification":"2024-03-15T13:26:01.595Z","date_d_apparition":null,"date_de_confirmation":null,"hauteur":null,"largeur":null,"sources":"DSB","identifiants_sources":"DSB:HAIELIGN0000000000073068","methode_d_acquisition_planimetrique":"Orthophotographie","precision_planimetrique":3}},{"type":"Feature","id":"haie.19065963","geometry":{"type":"LineString","coordinates":[[3.78485736,48.52709221],[3.7850054,48.5269383],[3.78503651,48.52684543],[3.78514931,48.52678082],[3.78518106,48.52673023],[3.78526817,48.52666848],[3.78532132,48.52659976],[3.78544641,48.52654225],[3.78566713,48.52635817],[3.78578426,48.52631152],[3.78607684,48.52613326],[3.78618887,48.52610823],[3.78628027,48.52606174],[3.78640848,48.52603121]]},"geometry_name":"geometrie","properties":{"cleabs":"HAIELINE0000002239145741","date_creation":"2021-05-17T16:15:17.982Z","date_modification":"2024-03-15T13:26:01.595Z","date_d_apparition":null,"date_de_confirmation":null,"hauteur":null,"largeur":null,"sources":"DSB","identifiants_sources":"DSB:HAIELIGN0000000000073077","methode_d_acquisition_planimetrique":"Orthophotographie","precision_planimetrique":3}},{"type":"Feature","id":"haie.209220","geometry":{"type":"LineString","coordinates":[[3.79554709,48.53116839],[3.79565199,48.53111911],[3.79576667,48.53108955],[3.79579746,48.53106505],[3.79601385,48.53104381]]},"geometry_name":"geometrie","properties":{"cleabs":"HAIELINE0000002239145746","date_creation":"2021-05-17T16:15:17.982Z","date_modification":"2023-08-25T08:47:56.091Z","date_d_apparition":null,"date_de_confirmation":null,"hauteur":null,"largeur":null,"sources":"DSB","identifiants_sources":"DSB:HAIELIGN0000000000073082","methode_d_acquisition_planimetrique":"Orthophotographie","precision_planimetrique":3}},{"type":"Feature","id":"haie.611101","geometry":{"type":"LineString","coordinates":[[3.79537183,48.53149072],[3.79550158,48.5313828],[3.79557685,48.53125545],[3.79553966,48.53121432],[3.79554709,48.53116839]]},"geometry_name":"geometrie","properties":{"cleabs":"HAIELINE0000002239145748","date_creation":"2021-05-17T16:15:17.982Z","date_modification":"2023-08-25T08:47:56.091Z","date_d_apparition":null,"date_de_confirmation":null,"hauteur":null,"largeur":null,"sources":"DSB","identifiants_sources":"DSB:HAIELIGN0000000000073083","methode_d_acquisition_planimetrique":"Orthophotographie","precision_planimetrique":3}},{"type":"Feature","id":"haie.19169438","geometry":{"type":"LineString","coordinates":[[3.81475682,48.53135855],[3.81477363,48.53130716],[3.81494063,48.53124574],[3.81500057,48.53118056],[3.81521627,48.53102794],[3.81530359,48.53098146]]},"geometry_name":"geometrie","properties":{"cleabs":"HAIELINE0000002239145782","date_creation":"2021-05-17T16:15:17.982Z","date_modification":"2024-03-15T13:26:01.595Z","date_d_apparition":null,"date_de_confirmation":null,"hauteur":null,"largeur":null,"sources":"DSB","identifiants_sources":"DSB:HAIELIGN0000000000073117","methode_d_acquisition_planimetrique":"Orthophotographie","precision_planimetrique":3}},{"type":"Feature","id":"haie.19069708","geometry":{"type":"LineString","coordinates":[[3.81479724,48.53143204],[3.81475682,48.53135855]]},"geometry_name":"geometrie","properties":{"cleabs":"HAIELINE0000002239145783","date_creation":"2021-05-17T16:15:17.982Z","date_modification":"2024-03-15T13:26:01.595Z","date_d_apparition":null,"date_de_confirmation":null,"hauteur":null,"largeur":null,"sources":"DSB","identifiants_sources":"DSB:HAIELIGN0000000000073118","methode_d_acquisition_planimetrique":"Orthophotographie","precision_planimetrique":3}},{"type":"Feature","id":"haie.19022349","geometry":{"type":"LineString","coordinates":[[3.78509518,48.531398],[3.78512727,48.53064661]]},"geometry_name":"geometrie","properties":{"cleabs":"HAIELINE0000002239145790","date_creation":"2021-05-17T16:15:17.982Z","date_modification":"2024-03-15T13:26:01.595Z","date_d_apparition":null,"date_de_confirmation":null,"hauteur":null,"largeur":null,"sources":"DSB","identifiants_sources":"DSB:HAIELIGN0000000000073125","methode_d_acquisition_planimetrique":"Orthophotographie","precision_planimetrique":3}},{"type":"Feature","id":"haie.19008140","geometry":{"type":"LineString","coordinates":[[3.83138196,48.52973119],[3.83140425,48.52968515],[3.83146989,48.52963882],[3.83150162,48.52959001],[3.83162365,48.52951269],[3.83169923,48.52941051],[3.83170616,48.52933489],[3.83177929,48.52924891],[3.83176029,48.52916088]]},"geometry_name":"geometrie","properties":{"cleabs":"HAIELINE0000002239145807","date_creation":"2021-05-17T16:15:17.982Z","date_modification":"2024-03-15T13:26:01.595Z","date_d_apparition":null,"date_de_confirmation":null,"hauteur":null,"largeur":null,"sources":"DSB","identifiants_sources":"DSB:HAIELIGN0000000000073142","methode_d_acquisition_planimetrique":"Orthophotographie","precision_planimetrique":3}},{"type":"Feature","id":"haie.4035442","geometry":{"type":"LineString","coordinates":[[3.7699439,48.53316047],[3.76992121,48.53309135],[3.77013075,48.533063]]},"geometry_name":"geometrie","properties":{"cleabs":"HAIELINE0000002239145812","date_creation":"2021-05-17T16:15:17.982Z","date_modification":"2023-08-25T08:47:56.091Z","date_d_apparition":null,"date_de_confirmation":null,"hauteur":null,"largeur":null,"sources":"DSB","identifiants_sources":"DSB:HAIELIGN0000000000073147","methode_d_acquisition_planimetrique":"Orthophotographie","precision_planimetrique":3}},{"type":"Feature","id":"haie.4035443","geometry":{"type":"LineString","coordinates":[[3.76974297,48.53534423],[3.76969729,48.53527795],[3.76972316,48.53519412],[3.76975932,48.535166],[3.76984964,48.53513663],[3.76995833,48.53488133],[3.77001716,48.53482877],[3.77007627,48.53470335],[3.77024364,48.53447826],[3.77028774,48.53434483],[3.77039306,48.5342299],[3.77040718,48.53417673],[3.77049867,48.53404209],[3.77049899,48.53397192],[3.77044313,48.53385803],[3.7699439,48.53316047]]},"geometry_name":"geometrie","properties":{"cleabs":"HAIELINE0000002239145813","date_creation":"2021-05-17T16:15:17.982Z","date_modification":"2023-08-25T08:47:56.091Z","date_d_apparition":null,"date_de_confirmation":null,"hauteur":null,"largeur":null,"sources":"DSB","identifiants_sources":"DSB:HAIELIGN0000000000073148","methode_d_acquisition_planimetrique":"Orthophotographie","precision_planimetrique":3}},{"type":"Feature","id":"haie.15739634","geometry":{"type":"LineString","coordinates":[[3.76820743,48.50616421],[3.76835328,48.50613897]]},"geometry_name":"geometrie","properties":{"cleabs":"HAIELINE0000002241943114","date_creation":"2021-05-17T16:15:17.982Z","date_modification":"2024-03-16T00:46:31.884Z","date_d_apparition":null,"date_de_confirmation":null,"hauteur":null,"largeur":null,"sources":"DSB","identifiants_sources":"DSB:HAIELIGN0000000000053824","methode_d_acquisition_planimetrique":"Orthophotographie","precision_planimetrique":3}},{"type":"Feature","id":"haie.15585906","geometry":{"type":"LineString","coordinates":[[3.78990195,48.48101464],[3.79077065,48.48083163],[3.79120619,48.48072887],[3.79261733,48.48044417],[3.79366819,48.48022753],[3.79559839,48.47981877],[3.7976637,48.47939737]]},"geometry_name":"geometrie","properties":{"cleabs":"HAIELINE0000002343020532","date_creation":"2024-03-15T10:13:40.305Z","date_modification":"2024-03-16T00:46:31.884Z","date_d_apparition":null,"date_de_confirmation":null,"hauteur":null,"largeur":null,"sources":"DSB","identifiants_sources":null,"methode_d_acquisition_planimetrique":"Orthophotographie","precision_planimetrique":3}},{"type":"Feature","id":"haie.15587006","geometry":{"type":"LineString","coordinates":[[3.81139073,48.51996808],[3.8112945,48.51978792]]},"geometry_name":"geometrie","properties":{"cleabs":"HAIELINE0000002343021149","date_creation":"2024-03-15T10:13:40.305Z","date_modification":"2024-03-16T00:46:31.884Z","date_d_apparition":null,"date_de_confirmation":null,"hauteur":null,"largeur":null,"sources":"DSB","identifiants_sources":null,"methode_d_acquisition_planimetrique":"Orthophotographie","precision_planimetrique":3}},{"type":"Feature","id":"haie.15587791","geometry":{"type":"LineString","coordinates":[[3.77750971,48.51932011],[3.77754492,48.51931988],[3.77816485,48.51920967]]},"geometry_name":"geometrie","properties":{"cleabs":"HAIELINE0000002343021533","date_creation":"2024-03-15T10:13:40.305Z","date_modification":"2024-03-16T00:46:31.884Z","date_d_apparition":null,"date_de_confirmation":null,"hauteur":null,"largeur":null,"sources":"DSB","identifiants_sources":null,"methode_d_acquisition_planimetrique":"Orthophotographie","precision_planimetrique":3}},{"type":"Feature","id":"haie.15590297","geometry":{"type":"LineString","coordinates":[[3.80595467,48.51739526],[3.80595021,48.5173692],[3.80596542,48.51730162],[3.8059707,48.51729259],[3.80603582,48.51721208],[3.80612507,48.51711612],[3.80615856,48.5170925],[3.80620921,48.51703998]]},"geometry_name":"geometrie","properties":{"cleabs":"HAIELINE0000002343022858","date_creation":"2024-03-15T10:13:40.305Z","date_modification":"2024-03-16T00:46:31.884Z","date_d_apparition":null,"date_de_confirmation":null,"hauteur":null,"largeur":null,"sources":"DSB","identifiants_sources":null,"methode_d_acquisition_planimetrique":"Orthophotographie","precision_planimetrique":3}},{"type":"Feature","id":"haie.15593748","geometry":{"type":"LineString","coordinates":[[3.81101095,48.51879037],[3.81103243,48.51877853],[3.81146888,48.51845438]]},"geometry_name":"geometrie","properties":{"cleabs":"HAIELINE0000002343024972","date_creation":"2024-03-15T10:13:40.305Z","date_modification":"2024-03-16T00:46:31.884Z","date_d_apparition":null,"date_de_confirmation":null,"hauteur":null,"largeur":null,"sources":"DSB","identifiants_sources":null,"methode_d_acquisition_planimetrique":"Orthophotographie","precision_planimetrique":3}},{"type":"Feature","id":"haie.17846935","geometry":{"type":"LineString","coordinates":[[3.81140185,48.51972421],[3.81115377,48.51935706]]},"geometry_name":"geometrie","properties":{"cleabs":"HAIELINE0000002343025737","date_creation":"2024-03-15T10:13:40.305Z","date_modification":null,"date_d_apparition":null,"date_de_confirmation":null,"hauteur":null,"largeur":null,"sources":"DSB","identifiants_sources":null,"methode_d_acquisition_planimetrique":"Orthophotographie","precision_planimetrique":3}},{"type":"Feature","id":"haie.15595603","geometry":{"type":"LineString","coordinates":[[3.81123077,48.51969479],[3.81075904,48.51896391]]},"geometry_name":"geometrie","properties":{"cleabs":"HAIELINE0000002343026041","date_creation":"2024-03-15T10:13:40.305Z","date_modification":"2024-03-16T00:46:31.884Z","date_d_apparition":null,"date_de_confirmation":null,"hauteur":null,"largeur":null,"sources":"DSB","identifiants_sources":null,"methode_d_acquisition_planimetrique":"Orthophotographie","precision_planimetrique":3}},{"type":"Feature","id":"haie.15596286","geometry":{"type":"LineString","coordinates":[[3.7645915,48.51946239],[3.76963422,48.51907449]]},"geometry_name":"geometrie","properties":{"cleabs":"HAIELINE0000002343026591","date_creation":"2024-03-15T10:13:40.305Z","date_modification":"2024-03-16T00:46:31.884Z","date_d_apparition":null,"date_de_confirmation":null,"hauteur":null,"largeur":null,"sources":"DSB","identifiants_sources":null,"methode_d_acquisition_planimetrique":"Orthophotographie","precision_planimetrique":3}},{"type":"Feature","id":"haie.15596459","geometry":{"type":"LineString","coordinates":[[3.8110499,48.51964565],[3.81061029,48.51897752]]},"geometry_name":"geometrie","properties":{"cleabs":"HAIELINE0000002343026737","date_creation":"2024-03-15T10:13:40.305Z","date_modification":"2024-03-16T00:46:31.884Z","date_d_apparition":null,"date_de_confirmation":null,"hauteur":null,"largeur":null,"sources":"DSB","identifiants_sources":null,"methode_d_acquisition_planimetrique":"Orthophotographie","precision_planimetrique":3}},{"type":"Feature","id":"haie.15596819","geometry":{"type":"LineString","coordinates":[[3.81101252,48.51889201],[3.81102156,48.51895133],[3.81147305,48.51959957]]},"geometry_name":"geometrie","properties":{"cleabs":"HAIELINE0000002343027012","date_creation":"2024-03-15T10:13:40.305Z","date_modification":"2024-03-16T00:46:31.884Z","date_d_apparition":null,"date_de_confirmation":null,"hauteur":null,"largeur":null,"sources":"DSB","identifiants_sources":null,"methode_d_acquisition_planimetrique":"Orthophotographie","precision_planimetrique":3}},{"type":"Feature","id":"haie.15597111","geometry":{"type":"LineString","coordinates":[[3.80786605,48.51937405],[3.8083186,48.51991705],[3.80908491,48.52078447],[3.80910689,48.52080411]]},"geometry_name":"geometrie","properties":{"cleabs":"HAIELINE0000002343027236","date_creation":"2024-03-15T10:13:40.305Z","date_modification":"2024-03-16T00:46:31.884Z","date_d_apparition":null,"date_de_confirmation":null,"hauteur":null,"largeur":null,"sources":"DSB","identifiants_sources":null,"methode_d_acquisition_planimetrique":"Orthophotographie","precision_planimetrique":3}},{"type":"Feature","id":"haie.17846989","geometry":{"type":"LineString","coordinates":[[3.78943324,48.51418472],[3.78951461,48.51419318]]},"geometry_name":"geometrie","properties":{"cleabs":"HAIELINE0000002343029013","date_creation":"2024-03-15T10:13:40.305Z","date_modification":null,"date_d_apparition":null,"date_de_confirmation":null,"hauteur":null,"largeur":null,"sources":"DSB","identifiants_sources":null,"methode_d_acquisition_planimetrique":"Orthophotographie","precision_planimetrique":3}},{"type":"Feature","id":"haie.15601115","geometry":{"type":"LineString","coordinates":[[3.79933251,48.52163402],[3.8011803,48.52122935]]},"geometry_name":"geometrie","properties":{"cleabs":"HAIELINE0000002343030273","date_creation":"2024-03-15T10:13:40.305Z","date_modification":"2024-03-16T00:46:31.884Z","date_d_apparition":null,"date_de_confirmation":null,"hauteur":null,"largeur":null,"sources":"DSB","identifiants_sources":null,"methode_d_acquisition_planimetrique":"Orthophotographie","precision_planimetrique":3}},{"type":"Feature","id":"haie.15601807","geometry":{"type":"LineString","coordinates":[[3.76470624,48.51971624],[3.76974917,48.51934094]]},"geometry_name":"geometrie","properties":{"cleabs":"HAIELINE0000002343030766","date_creation":"2024-03-15T10:13:40.305Z","date_modification":"2024-03-16T00:46:31.884Z","date_d_apparition":null,"date_de_confirmation":null,"hauteur":null,"largeur":null,"sources":"DSB","identifiants_sources":null,"methode_d_acquisition_planimetrique":"Orthophotographie","precision_planimetrique":3}},{"type":"Feature","id":"haie.17847923","geometry":{"type":"LineString","coordinates":[[3.76700027,48.50656694],[3.7671166,48.50655989]]},"geometry_name":"geometrie","properties":{"cleabs":"HAIELINE0000002343032276","date_creation":"2024-03-15T10:13:40.305Z","date_modification":null,"date_d_apparition":null,"date_de_confirmation":null,"hauteur":null,"largeur":null,"sources":"DSB","identifiants_sources":null,"methode_d_acquisition_planimetrique":"Orthophotographie","precision_planimetrique":3}},{"type":"Feature","id":"haie.15606008","geometry":{"type":"LineString","coordinates":[[3.81107212,48.51924336],[3.81096921,48.51906864]]},"geometry_name":"geometrie","properties":{"cleabs":"HAIELINE0000002343034112","date_creation":"2024-03-15T10:13:40.305Z","date_modification":"2024-03-16T00:46:31.884Z","date_d_apparition":null,"date_de_confirmation":null,"hauteur":null,"largeur":null,"sources":"DSB","identifiants_sources":null,"methode_d_acquisition_planimetrique":"Orthophotographie","precision_planimetrique":3}},{"type":"Feature","id":"haie.15606435","geometry":{"type":"LineString","coordinates":[[3.77124687,48.48120742],[3.77461391,48.48104247],[3.77468976,48.48104737],[3.77481268,48.48103217],[3.78034324,48.48076116]]},"geometry_name":"geometrie","properties":{"cleabs":"HAIELINE0000002343034462","date_creation":"2024-03-15T10:13:40.305Z","date_modification":"2024-03-16T00:46:31.884Z","date_d_apparition":null,"date_de_confirmation":null,"hauteur":null,"largeur":null,"sources":"DSB","identifiants_sources":null,"methode_d_acquisition_planimetrique":"Orthophotographie","precision_planimetrique":3}},{"type":"Feature","id":"haie.18905628","geometry":{"type":"LineString","coordinates":[[3.81609796,48.53050011],[3.81614479,48.53046291],[3.81642145,48.53031077],[3.81646935,48.53025557],[3.81654208,48.53022898],[3.81658762,48.53019628]]},"geometry_name":"geometrie","properties":{"cleabs":"HAIELINE0000002343648787","date_creation":"2024-03-15T13:26:01.595Z","date_modification":null,"date_d_apparition":null,"date_de_confirmation":null,"hauteur":null,"largeur":null,"sources":"DSB","identifiants_sources":null,"methode_d_acquisition_planimetrique":"Orthophotographie","precision_planimetrique":3}},{"type":"Feature","id":"haie.18905860","geometry":{"type":"LineString","coordinates":[[3.8306219,48.52664001],[3.83062949,48.52669123]]},"geometry_name":"geometrie","properties":{"cleabs":"HAIELINE0000002343649024","date_creation":"2024-03-15T13:26:01.595Z","date_modification":null,"date_d_apparition":null,"date_de_confirmation":null,"hauteur":null,"largeur":null,"sources":"DSB","identifiants_sources":null,"methode_d_acquisition_planimetrique":"Orthophotographie","precision_planimetrique":3}},{"type":"Feature","id":"haie.18924973","geometry":{"type":"LineString","coordinates":[[3.81683377,48.53008573],[3.81684182,48.53008118],[3.81694222,48.53009219],[3.81699414,48.53012062],[3.81717907,48.53016703]]},"geometry_name":"geometrie","properties":{"cleabs":"HAIELINE0000002343668603","date_creation":"2024-03-15T13:26:01.595Z","date_modification":null,"date_d_apparition":null,"date_de_confirmation":null,"hauteur":null,"largeur":null,"sources":"DSB","identifiants_sources":null,"methode_d_acquisition_planimetrique":"Orthophotographie","precision_planimetrique":3}}]}