{"type":"FeatureCollection","metadata":{"source":"RPG 2022 (ASP / IGN), historique","typename":"RPG.2022:parcelles_graphiques","service":"https://data.geopf.fr/wfs/ows","request":"GetFeature RPG.2022:parcelles_graphiques BBOX 755390,6819514,761486,6826372 EPSG:2154 (emprise du terrain V1.7)","retrievedAt":"2026-09-25T03:50:15.191Z","license":"Licence Ouverte Etalab 2.0 — © IGN / ASP","crs":"CRS84"},"features":[{"type":"Feature","id":"parcelles_graphiques.34390","geometry":{"type":"MultiPolygon","coordinates":[[[[3.79018756,48.53345816],[3.79018228,48.53345613],[3.79029096,48.53342269],[3.79052082,48.53339449],[3.79058695,48.53339235],[3.79080944,48.53343161],[3.79095128,48.53349062],[3.79097001,48.533496],[3.79113008,48.53352395],[3.79116648,48.53352359],[3.79134912,48.53348778],[3.79154611,48.53343816],[3.79211893,48.53337696],[3.79233743,48.53341594],[3.792477,48.53348225],[3.79249574,48.5334885],[3.79251647,48.53349065],[3.79252264,48.53349201],[3.79252287,48.53350175],[3.792591,48.53350103],[3.79258945,48.53349938],[3.79286124,48.53350562],[3.79280875,48.53344546],[3.7925164,48.53344567],[3.79236685,48.53337462],[3.79212249,48.53333102],[3.79152851,48.53339449],[3.79132994,48.53344464],[3.7911473,48.53348046],[3.79098723,48.5334525],[3.79083672,48.53338989],[3.79059416,48.53334708],[3.79051298,48.53334971],[3.79027026,48.53337949],[3.79007117,48.53344074],[3.79010938,48.53347954],[3.79011019,48.53348036],[3.79011554,48.53348242],[3.79018756,48.53345816]]]]},"geometry_name":"the_geom","properties":{"id_parcel":"1030947","code_cultu":"BTA","code_group":"28","culture_d1":"","culture_d2":"","surf_parc":0.11}},{"type":"Feature","id":"parcelles_graphiques.43708","geometry":{"type":"MultiPolygon","coordinates":[[[[3.82418761,48.49961195],[3.82452397,48.5002414],[3.82452397,48.50024141],[3.82475026,48.50066486],[3.82452398,48.50024142],[3.82468834,48.50052714],[3.82479454,48.50063042],[3.82492587,48.50067062],[3.82521557,48.50058908],[3.82533848,48.50057159],[3.82541753,48.50060648],[3.82572501,48.50083328],[3.82591823,48.5009205],[3.82693159,48.50107693],[3.82718293,48.50114874],[3.82785165,48.50126769],[3.82793721,48.50129789],[3.82806602,48.50139081],[3.82812375,48.50141778],[3.82822002,48.50138973],[3.82819343,48.50129352],[3.82796434,48.50084881],[3.82729885,48.49959382],[3.8251638,48.49960385],[3.82418761,48.49961195]]]]},"geometry_name":"the_geom","properties":{"id_parcel":"1039333","code_cultu":"ORP","code_group":"3","culture_d1":"","culture_d2":"","surf_parc":3.52}},{"type":"Feature","id":"parcelles_graphiques.63768","geometry":{"type":"MultiPolygon","coordinates":[[[[3.82869692,48.49169704],[3.83432881,48.49907837],[3.83494409,48.49903534],[3.83521004,48.49901367],[3.83537345,48.49900107],[3.83537294,48.49900039],[3.83537488,48.49900024],[3.83490062,48.49837874],[3.83459603,48.49797495],[3.8340432,48.49725416],[3.83375323,48.49687336],[3.83299478,48.49586831],[3.83293993,48.49579728],[3.83240682,48.49509585],[3.83172458,48.49419254],[3.83166335,48.49411382],[3.83129344,48.49363895],[3.83092018,48.49314904],[3.83079768,48.49298923],[3.83060797,48.49274235],[3.8297114,48.49156467],[3.82961373,48.49143011],[3.82961382,48.49143006],[3.8296087,48.49142302],[3.82894023,48.49175477],[3.82882324,48.49163503],[3.82869692,48.49169704]]]]},"geometry_name":"the_geom","properties":{"id_parcel":"1057388","code_cultu":"BTH","code_group":"1","culture_d1":"","culture_d2":"","surf_parc":6.8}},{"type":"Feature","id":"parcelles_graphiques.65958","geometry":{"type":"MultiPolygon","coordinates":[[[[3.76755726,48.48964746],[3.7657437,48.48301886],[3.76314263,48.48336736],[3.76391137,48.48615433],[3.7649062,48.48973189],[3.76500484,48.4900866],[3.76765108,48.48995765],[3.76763078,48.48991613],[3.76755726,48.48964746]]]]},"geometry_name":"the_geom","properties":{"id_parcel":"1059359","code_cultu":"BTH","code_group":"1","culture_d1":"","culture_d2":"","surf_parc":15.07}},{"type":"Feature","id":"parcelles_graphiques.71087","geometry":{"type":"MultiPolygon","coordinates":[[[[3.76494119,48.49723292],[3.76522273,48.49802233],[3.76606483,48.50030527],[3.76656656,48.50166626],[3.76685652,48.50242719],[3.77008476,48.50191512],[3.76893604,48.50086377],[3.76494119,48.49723292]]]]},"geometry_name":"the_geom","properties":{"id_parcel":"1063975","code_cultu":"ORP","code_group":"3","culture_d1":"","culture_d2":"","surf_parc":7.33}},{"type":"Feature","id":"parcelles_graphiques.75049","geometry":{"type":"MultiPolygon","coordinates":[[[[3.82591153,48.47135518],[3.82561968,48.47150693],[3.82530386,48.47123165],[3.81660618,48.47557312],[3.81723303,48.47671656],[3.82662319,48.47212747],[3.82661549,48.47211894],[3.82599375,48.47142973],[3.82591153,48.47135518]]]]},"geometry_name":"the_geom","properties":{"id_parcel":"1067540","code_cultu":"PPA","code_group":"24","culture_d1":"","culture_d2":"","surf_parc":11.25}},{"type":"Feature","id":"parcelles_graphiques.112964","geometry":{"type":"MultiPolygon","coordinates":[[[[3.80969662,48.52215448],[3.80953382,48.52216928],[3.8090795,48.52220789],[3.81024411,48.52300545],[3.81053171,48.52283449],[3.8097124,48.52221882],[3.8097417,48.5221882],[3.80969662,48.52215448]]]]},"geometry_name":"the_geom","properties":{"id_parcel":"1101663","code_cultu":"J6S","code_group":"11","culture_d1":"","culture_d2":"","surf_parc":0.35}},{"type":"Feature","id":"parcelles_graphiques.123279","geometry":{"type":"MultiPolygon","coordinates":[[[[3.79919676,48.50546598],[3.79921677,48.50572733],[3.79926303,48.50624573],[3.79926305,48.50624574],[3.79926305,48.50624574],[3.79926305,48.50624574],[3.79926308,48.50624573],[3.80045738,48.50616283],[3.80164706,48.50607388],[3.80217481,48.50603461],[3.80246082,48.50600936],[3.80279714,48.50598328],[3.80306905,48.5059624],[3.80333161,48.50594336],[3.80349842,48.50593094],[3.80366611,48.50591611],[3.80381324,48.505905],[3.80378971,48.50577187],[3.80376552,48.50559589],[3.8037393,48.50543241],[3.80372333,48.50532541],[3.80368996,48.50513402],[3.80359157,48.50514183],[3.80350033,48.50514839],[3.8032749,48.5051642],[3.80294216,48.50518906],[3.80262058,48.50521326],[3.80201367,48.50525722],[3.80146626,48.505299],[3.80079716,48.50534754],[3.79919677,48.50546596],[3.79919676,48.50546597],[3.79919676,48.50546598]]]]},"geometry_name":"the_geom","properties":{"id_parcel":"1110947","code_cultu":"ORH","code_group":"3","culture_d1":"DVS","culture_d2":"DMD","surf_parc":2.92}},{"type":"Feature","id":"parcelles_graphiques.144773","geometry":{"type":"MultiPolygon","coordinates":[[[[3.810562,48.47655455],[3.81065851,48.47701548],[3.81065856,48.47701545],[3.81065857,48.47701548],[3.81066259,48.47701353],[3.81066262,48.47701371],[3.81066106,48.47701446],[3.81068193,48.47713988],[3.81069675,48.4777599],[3.82468407,48.4708186],[3.82426712,48.47042542],[3.8242668,48.47042512],[3.82399618,48.47018098],[3.82309145,48.47061066],[3.82293117,48.47045756],[3.82293064,48.47045705],[3.81055995,48.47654476],[3.810562,48.47655455]]]]},"geometry_name":"the_geom","properties":{"id_parcel":"1130291","code_cultu":"BTN","code_group":"24","culture_d1":"","culture_d2":"","surf_parc":13.84}},{"type":"Feature","id":"parcelles_graphiques.150039","geometry":{"type":"MultiPolygon","coordinates":[[[[3.78777663,48.49615557],[3.78784677,48.49659338],[3.78797011,48.49657907],[3.78790524,48.49613453],[3.78787847,48.49614036],[3.78787749,48.49613472],[3.78777663,48.49615557]]]]},"geometry_name":"the_geom","properties":{"id_parcel":"1135030","code_cultu":"SNE","code_group":"28","culture_d1":"","culture_d2":"","surf_parc":0.05}},{"type":"Feature","id":"parcelles_graphiques.177993","geometry":{"type":"MultiPolygon","coordinates":[[[[3.76436391,48.53073601],[3.76452368,48.53127014],[3.76459989,48.53151629],[3.76460201,48.5315206],[3.76477959,48.53176707],[3.76494588,48.53211114],[3.76513265,48.53237168],[3.76513266,48.5323717],[3.76518643,48.53244141],[3.7652019,48.53253784],[3.76522245,48.53264491],[3.76536944,48.53289388],[3.76551402,48.53296264],[3.76687136,48.53289677],[3.76687146,48.53289677],[3.76687161,48.53289676],[3.76721471,48.53288011],[3.76807432,48.53282884],[3.76877273,48.53266914],[3.76876422,48.53266216],[3.76859522,48.53203423],[3.76845128,48.53140775],[3.76820176,48.5304286],[3.76802651,48.53047909],[3.76749638,48.53049679],[3.7670009,48.53043334],[3.76643292,48.53031323],[3.76617297,48.53018162],[3.76598079,48.52978298],[3.76564486,48.52984703],[3.7656287,48.5298493],[3.76497252,48.5299418],[3.76441546,48.53007868],[3.76422935,48.53013888],[3.76432698,48.53057887],[3.76436391,48.53073601]]]]},"geometry_name":"the_geom","properties":{"id_parcel":"116019","code_cultu":"MIE","code_group":"2","culture_d1":"","culture_d2":"","surf_parc":8.31}},{"type":"Feature","id":"parcelles_graphiques.189613","geometry":{"type":"MultiPolygon","coordinates":[[[[3.79875831,48.47925711],[3.79793702,48.4792964],[3.79790619,48.47929958],[3.79787715,48.47930275],[3.79786242,48.47930523],[3.79784861,48.47930979],[3.79784064,48.4793152],[3.79783579,48.47931969],[3.79783272,48.47932418],[3.79783605,48.47933725],[3.79784202,48.47934732],[3.7978909,48.47942718],[3.80160609,48.48619855],[3.80184244,48.48662487],[3.80204942,48.48704717],[3.80206078,48.48708756],[3.8020934,48.48711352],[3.80212946,48.48712994],[3.80219511,48.4871348],[3.80232527,48.48712916],[3.80289526,48.48709858],[3.80323884,48.48708674],[3.80334056,48.48708425],[3.79917494,48.47923459],[3.79875831,48.47925711]]]]},"geometry_name":"the_geom","properties":{"id_parcel":"1170648","code_cultu":"ORP","code_group":"3","culture_d1":"","culture_d2":"","surf_parc":8.5}},{"type":"Feature","id":"parcelles_graphiques.189675","geometry":{"type":"MultiPolygon","coordinates":[[[[3.79944324,48.53230762],[3.79920768,48.53213664],[3.79900288,48.53198449],[3.79875549,48.53197782],[3.79832364,48.53212454],[3.79784755,48.5322505],[3.79784938,48.53225287],[3.79837406,48.53281823],[3.79877096,48.53264061],[3.79944324,48.53230762]]]]},"geometry_name":"the_geom","properties":{"id_parcel":"1170703","code_cultu":"J6S","code_group":"11","culture_d1":"","culture_d2":"","surf_parc":0.59}},{"type":"Feature","id":"parcelles_graphiques.196460","geometry":{"type":"MultiPolygon","coordinates":[[[[3.78787868,48.49613345],[3.78749559,48.49621461],[3.78605507,48.4965193],[3.78460249,48.49680605],[3.7847316,48.4975877],[3.78479184,48.49791223],[3.78484685,48.49823797],[3.78500502,48.49911525],[3.78509918,48.49966329],[3.78515078,48.49999976],[3.78516807,48.50023594],[3.78516807,48.50023596],[3.78521893,48.50063514],[3.78522962,48.50063703],[3.78523157,48.50064974],[3.78541908,48.50066595],[3.78552756,48.50067535],[3.78560421,48.50068196],[3.78561068,48.50072479],[3.78565595,48.50101933],[3.78567924,48.50101862],[3.78568146,48.50103475],[3.78639734,48.50100383],[3.78775665,48.50096171],[3.78863602,48.50094337],[3.7884382,48.49966647],[3.78835603,48.49913547],[3.78832617,48.49894419],[3.78830425,48.49879676],[3.78828351,48.49866777],[3.78826427,48.49853394],[3.78826427,48.49853393],[3.78826351,48.49852865],[3.78825353,48.49846029],[3.78823532,48.49834412],[3.78821392,48.49820764],[3.78812696,48.49763368],[3.78801585,48.49688313],[3.78799344,48.4967263],[3.78797193,48.4965819],[3.78797191,48.49658177],[3.78795451,48.4964649],[3.78794754,48.49641794],[3.7879386,48.49635938],[3.78792893,48.49628209],[3.78790655,48.49613347],[3.78787951,48.4961389],[3.78787868,48.49613345]],[[3.78777663,48.49615557],[3.78787749,48.49613472],[3.78787847,48.49614036],[3.78790524,48.49613453],[3.78797011,48.49657907],[3.78784677,48.49659338],[3.78777663,48.49615557]]]]},"geometry_name":"the_geom","properties":{"id_parcel":"1176810","code_cultu":"CZH","code_group":"5","culture_d1":"","culture_d2":"","surf_parc":12.33}},{"type":"Feature","id":"parcelles_graphiques.207663","geometry":{"type":"MultiPolygon","coordinates":[[[[3.80317995,48.51257667],[3.80293522,48.51182601],[3.80362929,48.51172413],[3.80322362,48.51040296],[3.80243022,48.51049646],[3.80167189,48.51057143],[3.80234954,48.51271743],[3.80269712,48.51266338],[3.80308743,48.51259291],[3.80317995,48.51257667]]]]},"geometry_name":"the_geom","properties":{"id_parcel":"1186894","code_cultu":"DTY","code_group":"16","culture_d1":"","culture_d2":"","surf_parc":2.31}},{"type":"Feature","id":"parcelles_graphiques.222084","geometry":{"type":"MultiPolygon","coordinates":[[[[3.81050634,48.51673729],[3.81060357,48.51686065],[3.81064036,48.51690732],[3.81064158,48.51690897],[3.81172814,48.51837856],[3.81196611,48.51830065],[3.81199435,48.5182914],[3.81100331,48.51692984],[3.81096218,48.51687307],[3.8109101,48.51680118],[3.81079128,48.51662957],[3.81048836,48.51671448],[3.81050634,48.51673729]]]]},"geometry_name":"the_geom","properties":{"id_parcel":"1199873","code_cultu":"J6S","code_group":"11","culture_d1":"","culture_d2":"","surf_parc":0.47}},{"type":"Feature","id":"parcelles_graphiques.226368","geometry":{"type":"MultiPolygon","coordinates":[[[[3.79517685,48.51213937],[3.79611117,48.51209265],[3.79583911,48.50998079],[3.794916,48.510056],[3.79517685,48.51213937]]]]},"geometry_name":"the_geom","properties":{"id_parcel":"1203727","code_cultu":"ORP","code_group":"3","culture_d1":"","culture_d2":"","surf_parc":1.61}},{"type":"Feature","id":"parcelles_graphiques.249194","geometry":{"type":"MultiPolygon","coordinates":[[[[3.81188725,48.51417268],[3.81184644,48.51419549],[3.81175361,48.51421635],[3.81163215,48.51423861],[3.81156226,48.5142367],[3.81150156,48.51425021],[3.81142299,48.51432394],[3.81138153,48.51436528],[3.81135003,48.5144131],[3.81139582,48.51447825],[3.81144687,48.51453622],[3.81148862,48.51457163],[3.81149831,48.51461917],[3.81150782,48.51465481],[3.81150656,48.51468934],[3.81150002,48.51472984],[3.81148095,48.51477044],[3.81143836,48.51479691],[3.81226769,48.51557755],[3.81230612,48.51561372],[3.81236419,48.51558847],[3.81262775,48.51587064],[3.81280729,48.51580235],[3.81310995,48.51568126],[3.81337516,48.51557174],[3.81365588,48.51542224],[3.81394671,48.51523221],[3.81413491,48.51512381],[3.81450512,48.51493037],[3.81419782,48.51454281],[3.81394267,48.51422102],[3.81382659,48.51424383],[3.81362126,48.51428689],[3.81355197,48.51432426],[3.81340312,48.51448654],[3.81334126,48.51459824],[3.81330642,48.51466156],[3.81323361,48.51470252],[3.81316615,48.51462682],[3.81310766,48.51455105],[3.81307652,48.51413151],[3.81302347,48.51341662],[3.81222045,48.51343214],[3.81216694,48.51349231],[3.81201989,48.51353913],[3.81205704,48.51362457],[3.81206545,48.51370544],[3.81201594,48.51380516],[3.81197377,48.51385781],[3.81195072,48.51387815],[3.81193842,48.51388899],[3.81189682,48.51392082],[3.81194095,48.51405203],[3.81192767,48.51411995],[3.81190682,48.51416175],[3.81188725,48.51417268]]]]},"geometry_name":"the_geom","properties":{"id_parcel":"1224270","code_cultu":"J6S","code_group":"11","culture_d1":"","culture_d2":"","surf_parc":3.35}},{"type":"Feature","id":"parcelles_graphiques.250805","geometry":{"type":"MultiPolygon","coordinates":[[[[3.76112689,48.47465795],[3.75849562,48.46710875],[3.75761635,48.46725837],[3.75897966,48.47112784],[3.76032303,48.47502835],[3.76112718,48.47465877],[3.76112946,48.47466137],[3.76112689,48.47465795]]]]},"geometry_name":"the_geom","properties":{"id_parcel":"1225720","code_cultu":"CHV","code_group":"9","culture_d1":"","culture_d2":"","surf_parc":5.82}},{"type":"Feature","id":"parcelles_graphiques.271114","geometry":{"type":"MultiPolygon","coordinates":[[[[3.80951727,48.47309301],[3.80935512,48.47254967],[3.80918472,48.47201713],[3.80899826,48.47140934],[3.79952759,48.47210565],[3.79975671,48.47269106],[3.79996024,48.47322511],[3.80014986,48.47372552],[3.80951727,48.47309301]]]]},"geometry_name":"the_geom","properties":{"id_parcel":"1244","code_cultu":"ORP","code_group":"3","culture_d1":"","culture_d2":"","surf_parc":13.09}},{"type":"Feature","id":"parcelles_graphiques.275344","geometry":{"type":"MultiPolygon","coordinates":[[[[3.79092981,48.47669886],[3.79058073,48.47586568],[3.78773409,48.47642613],[3.78703625,48.47656286],[3.78687779,48.47659463],[3.78687764,48.47659466],[3.78351864,48.47726809],[3.78258702,48.47745513],[3.78164292,48.47764583],[3.77975342,48.47803137],[3.77967439,48.47803648],[3.77992133,48.47855129],[3.7802241,48.4792317],[3.7803508,48.47950049],[3.79117883,48.4773201],[3.79092981,48.47669886]]]]},"geometry_name":"the_geom","properties":{"id_parcel":"1247806","code_cultu":"SGH","code_group":"4","culture_d1":"","culture_d2":"","surf_parc":14.19}},{"type":"Feature","id":"parcelles_graphiques.313854","geometry":{"type":"MultiPolygon","coordinates":[[[[3.83961059,48.48699816],[3.84058229,48.48667172],[3.84062453,48.48662618],[3.83943363,48.48543062],[3.83891585,48.48564305],[3.83886486,48.48558866],[3.83877187,48.48563335],[3.83868629,48.48565538],[3.8386107,48.48563092],[3.83858119,48.48557638],[3.83858955,48.48553943],[3.83871609,48.48546593],[3.83867232,48.48541625],[3.83920902,48.48520512],[3.83903058,48.48502597],[3.83821533,48.48420099],[3.83740748,48.48338786],[3.83576657,48.48174983],[3.83417247,48.48012099],[3.83376524,48.47972871],[3.83336112,48.47930546],[3.83274248,48.4786765],[3.83263058,48.47861897],[3.83242945,48.47857872],[3.83224882,48.47858951],[3.83202078,48.47870231],[3.83164745,48.47888697],[3.83159329,48.47891376],[3.83959854,48.48700221],[3.83961059,48.48699816]]]]},"geometry_name":"the_geom","properties":{"id_parcel":"1282465","code_cultu":"BTN","code_group":"24","culture_d1":"","culture_d2":"","surf_parc":9.06}},{"type":"Feature","id":"parcelles_graphiques.325423","geometry":{"type":"MultiPolygon","coordinates":[[[[3.7968012,48.52048222],[3.79680879,48.52121766],[3.79688431,48.5212362],[3.79702677,48.52125631],[3.79703649,48.52134705],[3.79704105,48.52141129],[3.79754263,48.52140792],[3.79762934,48.5212193],[3.79895879,48.52122704],[3.79899386,48.52117681],[3.79900373,48.52111962],[3.79895867,48.52098425],[3.79891675,48.52075065],[3.79897795,48.52060328],[3.79904566,48.52057902],[3.7991243,48.52056659],[3.79931411,48.52056055],[3.79931917,48.52042247],[3.7968012,48.52048222]]]]},"geometry_name":"the_geom","properties":{"id_parcel":"1292878","code_cultu":"J6S","code_group":"11","culture_d1":"","culture_d2":"","surf_parc":1.49}},{"type":"Feature","id":"parcelles_graphiques.325689","geometry":{"type":"MultiPolygon","coordinates":[[[[3.77225217,48.48468321],[3.77245339,48.48537006],[3.78232715,48.48483859],[3.78219344,48.48433242],[3.78215704,48.48422696],[3.78211138,48.48409468],[3.78202579,48.48384669],[3.78195333,48.48366403],[3.78175556,48.48318357],[3.77197571,48.48365829],[3.77219939,48.48450304],[3.77223064,48.4846097],[3.77225217,48.48468321]]]]},"geometry_name":"the_geom","properties":{"id_parcel":"1293116","code_cultu":"BTH","code_group":"1","culture_d1":"","culture_d2":"","surf_parc":13.85}},{"type":"Feature","id":"parcelles_graphiques.328145","geometry":{"type":"MultiPolygon","coordinates":[[[[3.79384402,48.53240732],[3.79395603,48.5324926],[3.79419174,48.53226257],[3.7942225,48.53218923],[3.79422228,48.53218321],[3.79421381,48.53195214],[3.7942138,48.53195194],[3.7943381,48.53176449],[3.79433204,48.5317528],[3.79433203,48.53175278],[3.79433122,48.53175072],[3.79429193,48.53165202],[3.79428749,48.53165205],[3.79403715,48.53186603],[3.79402533,48.53210087],[3.79407252,48.53227407],[3.79388666,48.5323825],[3.79384402,48.53240732]]]]},"geometry_name":"the_geom","properties":{"id_parcel":"1295327","code_cultu":"J6S","code_group":"11","culture_d1":"","culture_d2":"","surf_parc":0.11}},{"type":"Feature","id":"parcelles_graphiques.350341","geometry":{"type":"MultiPolygon","coordinates":[[[[3.75320302,48.47865219],[3.75298326,48.47872856],[3.75518951,48.48436627],[3.75521077,48.48436337],[3.75633908,48.48420978],[3.75633921,48.48421009],[3.75709361,48.48410712],[3.75947238,48.48378239],[3.75780238,48.47955412],[3.75774677,48.47954914],[3.75775581,48.47949315],[3.75777899,48.47949491],[3.75675603,48.47690451],[3.75598249,48.47724799],[3.75544255,48.47754182],[3.75514395,48.47774534],[3.75465511,48.47804885],[3.75419682,48.47826182],[3.75394047,48.47836386],[3.75519997,48.48143369],[3.75393968,48.478364],[3.75360076,48.47849792],[3.75320302,48.47865219]]]]},"geometry_name":"the_geom","properties":{"id_parcel":"1315302","code_cultu":"ORP","code_group":"3","culture_d1":"","culture_d2":"","surf_parc":23}},{"type":"Feature","id":"parcelles_graphiques.391387","geometry":{"type":"MultiPolygon","coordinates":[[[[3.79912913,48.50572736],[3.79920515,48.50572642],[3.79917748,48.50545783],[3.80369291,48.50511867],[3.80380407,48.50510981],[3.80380986,48.50503378],[3.8037797,48.50489919],[3.80375156,48.50477906],[3.80321114,48.5048052],[3.79907331,48.50510951],[3.79913693,48.50572677],[3.79912913,48.50572736]]]]},"geometry_name":"the_geom","properties":{"id_parcel":"1352244","code_cultu":"BTH","code_group":"1","culture_d1":"","culture_d2":"","surf_parc":1.37}},{"type":"Feature","id":"parcelles_graphiques.411263","geometry":{"type":"MultiPolygon","coordinates":[[[[3.79080671,48.50936305],[3.79081494,48.50942498],[3.79268927,48.50937124],[3.79268492,48.50928876],[3.79080671,48.50936305]]]]},"geometry_name":"the_geom","properties":{"id_parcel":"1370132","code_cultu":"SNE","code_group":"28","culture_d1":"","culture_d2":"","surf_parc":0.11}},{"type":"Feature","id":"parcelles_graphiques.416002","geometry":{"type":"MultiPolygon","coordinates":[[[[3.78193346,48.53784748],[3.78189792,48.53798164],[3.78185729,48.53814138],[3.78246217,48.53870797],[3.78313152,48.53913024],[3.78333527,48.53918609],[3.78410837,48.53911196],[3.78597273,48.53890686],[3.78666358,48.53860714],[3.78675824,48.53846608],[3.78689587,48.53832236],[3.78750985,48.53791604],[3.78780416,48.53770463],[3.78815451,48.53745156],[3.78896473,48.5369424],[3.78919231,48.53682188],[3.79179517,48.53639756],[3.79191783,48.53621346],[3.79190356,48.5359803],[3.79137859,48.53539349],[3.79120259,48.53513046],[3.7908455,48.53474248],[3.79053279,48.53444465],[3.79019166,48.53416367],[3.7896386,48.53385077],[3.78885942,48.53351557],[3.7888028,48.53356355],[3.78847998,48.5340227],[3.78846195,48.5342537],[3.78845389,48.53441366],[3.78850782,48.53444401],[3.78856018,48.53411281],[3.78877212,48.53390671],[3.78903003,48.53365983],[3.78956399,48.53389431],[3.7898458,48.53404477],[3.79018611,48.53427102],[3.79062195,48.53465371],[3.79086164,48.53486158],[3.79104434,48.53509363],[3.79119113,48.53532115],[3.79139548,48.53556258],[3.79159216,48.53577073],[3.79164399,48.53588374],[3.79172452,48.53599508],[3.79176921,48.53610665],[3.79175614,48.53619004],[3.79172496,48.53626166],[3.79170776,48.53630938],[3.79161896,48.53636233],[3.79152005,48.53639152],[3.79148693,48.5364013],[3.79135118,48.53643076],[3.79069334,48.53653987],[3.78992821,48.53666397],[3.78919547,48.53679736],[3.7889247,48.53690547],[3.7886582,48.53705958],[3.78825021,48.53733839],[3.78778532,48.53764306],[3.78745195,48.5378832],[3.787193,48.53806343],[3.78679579,48.53834454],[3.78664052,48.53850743],[3.78640577,48.53862799],[3.78598684,48.53881642],[3.78592971,48.53883107],[3.78582607,48.5388508],[3.78573661,48.53886091],[3.78479205,48.53897426],[3.78416109,48.53904586],[3.78352758,48.53910717],[3.78338043,48.53909385],[3.78321857,48.53905684],[3.78309964,48.5390124],[3.78292983,48.53892306],[3.78273938,48.53876653],[3.78263918,48.53866077],[3.78252971,48.53853059],[3.78251836,48.5385009],[3.78249614,48.53844274],[3.78232199,48.53822173],[3.78194214,48.53781473],[3.78193346,48.53784748]]]]},"geometry_name":"the_geom","properties":{"id_parcel":"1374399","code_cultu":"J6S","code_group":"11","culture_d1":"","culture_d2":"","surf_parc":1.11}},{"type":"Feature","id":"parcelles_graphiques.416262","geometry":{"type":"MultiPolygon","coordinates":[[[[3.83167602,48.52671586],[3.83167602,48.52671586],[3.83173588,48.52677121],[3.83181239,48.52684196],[3.83562443,48.52473219],[3.83562443,48.52473219],[3.83562443,48.52473219],[3.83563027,48.5247279],[3.83564704,48.5247291],[3.83614341,48.52462838],[3.83696926,48.52439644],[3.83660567,48.52384205],[3.83649229,48.52387127],[3.83640087,48.52389412],[3.83587329,48.52404642],[3.8353939,48.52418768],[3.8344713,48.52446222],[3.83419213,48.52456821],[3.83385754,48.52474347],[3.83343823,48.52493065],[3.83299949,48.52506373],[3.83244635,48.52520121],[3.8320224,48.52532885],[3.83184516,48.52537992],[3.83097645,48.52566526],[3.8311309,48.5257277],[3.83190355,48.52620667],[3.83188185,48.52622216],[3.83187281,48.5262286],[3.83187281,48.5262286],[3.83187274,48.52622865],[3.83187274,48.52622865],[3.83162834,48.52640298],[3.83162806,48.52640319],[3.83162806,48.52640319],[3.83162806,48.52640319],[3.83162806,48.52640319],[3.83162806,48.52640319],[3.83160672,48.52652652],[3.83167602,48.52671586]]]]},"geometry_name":"the_geom","properties":{"id_parcel":"1374632","code_cultu":"ORP","code_group":"3","culture_d1":"","culture_d2":"","surf_parc":4.11}},{"type":"Feature","id":"parcelles_graphiques.447837","geometry":{"type":"MultiPolygon","coordinates":[[[[3.79053595,48.49558722],[3.79051465,48.49565937],[3.7905414,48.49577106],[3.79134587,48.49867876],[3.79135172,48.49868753],[3.79139471,48.4986854],[3.79139537,48.49868639],[3.79142173,48.49868742],[3.79198871,48.49863142],[3.79200445,48.49863192],[3.79201871,48.49863636],[3.79202936,48.49864408],[3.79203479,48.49865391],[3.79207995,48.49884427],[3.79209399,48.49888324],[3.79209354,48.49888354],[3.7920998,48.49891071],[3.79212845,48.49890982],[3.79397785,48.49874563],[3.79432913,48.49870216],[3.79280082,48.49511762],[3.79053595,48.49558722]]]]},"geometry_name":"the_geom","properties":{"id_parcel":"1403049","code_cultu":"CHV","code_group":"9","culture_d1":"","culture_d2":"","surf_parc":7.68}},{"type":"Feature","id":"parcelles_graphiques.453402","geometry":{"type":"MultiPolygon","coordinates":[[[[3.77403271,48.47349723],[3.77371621,48.47266626],[3.77329673,48.4727404],[3.77362207,48.47356536],[3.77403271,48.47349723]]]]},"geometry_name":"the_geom","properties":{"id_parcel":"1408058","code_cultu":"ORH","code_group":"3","culture_d1":"","culture_d2":"","surf_parc":0.3}},{"type":"Feature","id":"parcelles_graphiques.462834","geometry":{"type":"MultiPolygon","coordinates":[[[[3.78018038,48.47981661],[3.7791797,48.47748815],[3.77029064,48.47791502],[3.77013435,48.47791643],[3.77028918,48.47814264],[3.77036501,48.47837719],[3.77044592,48.47884341],[3.77060185,48.47912952],[3.77071267,48.47935612],[3.77073127,48.47952584],[3.77071307,48.47972478],[3.77069951,48.47983344],[3.77074234,48.47999881],[3.77073202,48.48009298],[3.77079776,48.48025743],[3.77634022,48.47997888],[3.78018038,48.47981661]]]]},"geometry_name":"the_geom","properties":{"id_parcel":"1416547","code_cultu":"BTH","code_group":"1","culture_d1":"","culture_d2":"","surf_parc":17.73}},{"type":"Feature","id":"parcelles_graphiques.469478","geometry":{"type":"MultiPolygon","coordinates":[[[[3.80986482,48.47388631],[3.81016637,48.47486853],[3.81016648,48.47486847],[3.8101665,48.47486853],[3.81164934,48.47412949],[3.8146265,48.47264571],[3.81685728,48.47153185],[3.81762799,48.47114676],[3.81798031,48.47097129],[3.81855268,48.47068579],[3.81910041,48.47041311],[3.81918497,48.47037045],[3.82231134,48.46881328],[3.82241969,48.46875962],[3.82241947,48.46875942],[3.82242026,48.46875903],[3.82224463,48.4685923],[3.82215506,48.46851041],[3.82162085,48.46803438],[3.82130406,48.46819101],[3.82025506,48.46871028],[3.8201796,48.46874756],[3.81869974,48.46948098],[3.81798091,48.46983856],[3.81762566,48.47001511],[3.81722564,48.4702139],[3.8168731,48.4703898],[3.81649612,48.47057687],[3.81618639,48.47073103],[3.81574791,48.47094885],[3.81562781,48.47100891],[3.81549662,48.47107439],[3.81501976,48.47131247],[3.81484702,48.47139871],[3.81463326,48.47150547],[3.81420916,48.47171757],[3.81355979,48.4720416],[3.81317244,48.47223404],[3.81316395,48.4722383],[3.81316394,48.47223831],[3.81309418,48.47227329],[3.81300694,48.47231645],[3.81291301,48.4723635],[3.81280821,48.47241539],[3.81263059,48.47250349],[3.81245207,48.47259219],[3.8120722,48.47278047],[3.81171428,48.47295817],[3.81169932,48.47296562],[3.81158215,48.47302392],[3.81143084,48.4730994],[3.81134615,48.47314159],[3.81126057,48.47318458],[3.81099024,48.47332015],[3.81061374,48.47350944],[3.81052489,48.47355423],[3.81042478,48.47360461],[3.80986482,48.47388631]]]]},"geometry_name":"the_geom","properties":{"id_parcel":"1422526","code_cultu":"BTH","code_group":"1","culture_d1":"","culture_d2":"","surf_parc":11.18}},{"type":"Feature","id":"parcelles_graphiques.483233","geometry":{"type":"MultiPolygon","coordinates":[[[[3.78851087,48.53442474],[3.78850782,48.53444401],[3.78850031,48.53450506],[3.78857145,48.53446888],[3.7888737,48.53430978],[3.78956453,48.53476309],[3.78989516,48.5350608],[3.79087657,48.53488054],[3.79086164,48.53486158],[3.79062195,48.53465371],[3.79018611,48.53427102],[3.7898458,48.53404477],[3.78956399,48.53389431],[3.78903003,48.53365983],[3.78877212,48.53390671],[3.78856018,48.53411281],[3.78851087,48.53442474]]]]},"geometry_name":"the_geom","properties":{"id_parcel":"1434906","code_cultu":"J6S","code_group":"11","culture_d1":"","culture_d2":"","surf_parc":1.22}},{"type":"Feature","id":"parcelles_graphiques.487074","geometry":{"type":"MultiPolygon","coordinates":[[[[3.77647965,48.49921064],[3.77629172,48.49908722],[3.77609322,48.49899532],[3.77577149,48.49889048],[3.77577431,48.49889741],[3.77578246,48.49890955],[3.77618303,48.49990055],[3.77630193,48.50018934],[3.77647141,48.5001546],[3.77632799,48.49979411],[3.776328,48.4997941],[3.77693931,48.49965979],[3.77647964,48.49921064],[3.77647964,48.49921063],[3.77647965,48.49921064]]]]},"geometry_name":"the_geom","properties":{"id_parcel":"1438363","code_cultu":"J6S","code_group":"11","culture_d1":"","culture_d2":"","surf_parc":0.47}},{"type":"Feature","id":"parcelles_graphiques.510646","geometry":{"type":"MultiPolygon","coordinates":[[[[3.804768,48.495917],[3.80409901,48.494261],[3.80383,48.493634],[3.80352109,48.49288857],[3.80310913,48.49297193],[3.80272472,48.49305324],[3.80196137,48.49321588],[3.80135841,48.49334482],[3.8007597,48.49346421],[3.80068444,48.4935147],[3.80067706,48.49357335],[3.80092224,48.49415102],[3.80117513,48.49475314],[3.80214319,48.4971081],[3.80255458,48.49812354],[3.80296835,48.49912761],[3.80325396,48.49977335],[3.80334447,48.49995891],[3.80339847,48.5000684],[3.80347699,48.50017687],[3.80353569,48.50021395],[3.80362991,48.50024809],[3.80494421,48.50018278],[3.80648385,48.50010431],[3.805378,48.497407],[3.805214,48.497006],[3.805015,48.496523],[3.80489499,48.496227],[3.804768,48.495917]]]]},"geometry_name":"the_geom","properties":{"id_parcel":"1459579","code_cultu":"LUD","code_group":"16","culture_d1":"","culture_d2":"","surf_parc":17.88}},{"type":"Feature","id":"parcelles_graphiques.511640","geometry":{"type":"MultiPolygon","coordinates":[[[[3.78716092,48.52975977],[3.78716096,48.52975981],[3.78716094,48.52975978],[3.78716094,48.52975978],[3.78747954,48.53009564],[3.7876316,48.53006775],[3.78763161,48.53006775],[3.78789297,48.53005174],[3.78789298,48.53005174],[3.78844199,48.53009876],[3.7886609,48.53011873],[3.7886609,48.53011873],[3.78890144,48.53014807],[3.78910153,48.53010866],[3.78919713,48.53003187],[3.78922444,48.52994124],[3.78923666,48.52980073],[3.78915037,48.52954423],[3.78911506,48.5294719],[3.78897524,48.52946807],[3.78861134,48.52945739],[3.78800634,48.52948689],[3.78716095,48.52975977],[3.78716095,48.52975977],[3.78716099,48.52975975],[3.78716092,48.52975977]]]]},"geometry_name":"the_geom","properties":{"id_parcel":"1460472","code_cultu":"PPH","code_group":"18","culture_d1":"","culture_d2":"","surf_parc":0.89}},{"type":"Feature","id":"parcelles_graphiques.560413","geometry":{"type":"MultiPolygon","coordinates":[[[[3.758595,48.48734679],[3.760046,48.49251069],[3.7622432,48.49298457],[3.76340341,48.49322468],[3.76308438,48.49209608],[3.76263306,48.49036374],[3.76170605,48.48694086],[3.75969318,48.48719462],[3.75871638,48.48733013],[3.75862086,48.48734324],[3.758595,48.48734679]]]]},"geometry_name":"the_geom","properties":{"id_parcel":"1504368","code_cultu":"BTH","code_group":"1","culture_d1":"DTR","culture_d2":"DMD","surf_parc":15.02}},{"type":"Feature","id":"parcelles_graphiques.582192","geometry":{"type":"MultiPolygon","coordinates":[[[[3.76923218,48.50325148],[3.7692322,48.50325152],[3.76993778,48.5045724],[3.77003019,48.50452858],[3.76936417,48.50322645],[3.76923218,48.50325148]]]]},"geometry_name":"the_geom","properties":{"id_parcel":"152397","code_cultu":"J5M","code_group":"11","culture_d1":"","culture_d2":"","surf_parc":0.14}},{"type":"Feature","id":"parcelles_graphiques.584260","geometry":{"type":"MultiPolygon","coordinates":[[[[3.80786481,48.52443664],[3.80769351,48.52448064],[3.80834858,48.52588525],[3.80942643,48.52578522],[3.8084621,48.52459691],[3.80828988,48.52453182],[3.80809354,48.52449753],[3.80786481,48.52443664]]]]},"geometry_name":"the_geom","properties":{"id_parcel":"1525830","code_cultu":"J5M","code_group":"11","culture_d1":"","culture_d2":"","surf_parc":1}},{"type":"Feature","id":"parcelles_graphiques.591218","geometry":{"type":"MultiPolygon","coordinates":[[[[3.77478772,48.50149956],[3.77541381,48.50140891],[3.7752861,48.50108357],[3.77540039,48.50104616],[3.77506248,48.5001141],[3.77499617,48.50011096],[3.7744284,48.50046933],[3.77464436,48.5010261],[3.77469745,48.5012257],[3.77478772,48.50149956]]]]},"geometry_name":"the_geom","properties":{"id_parcel":"1532092","code_cultu":"ORP","code_group":"3","culture_d1":"DTR","culture_d2":"DMD","surf_parc":0.7}},{"type":"Feature","id":"parcelles_graphiques.593848","geometry":{"type":"MultiPolygon","coordinates":[[[[3.79190023,48.50148387],[3.79397127,48.50132026],[3.79396135,48.50113498],[3.791886,48.50132879],[3.79190023,48.50148387]]]]},"geometry_name":"the_geom","properties":{"id_parcel":"153446","code_cultu":"J6S","code_group":"11","culture_d1":"","culture_d2":"","surf_parc":0.29}},{"type":"Feature","id":"parcelles_graphiques.630730","geometry":{"type":"MultiPolygon","coordinates":[[[[3.83275167,48.48968867],[3.83899087,48.49800353],[3.83911915,48.49798352],[3.83913394,48.49798121],[3.83918882,48.49797264],[3.83952998,48.4979194],[3.83986333,48.49838358],[3.84040765,48.49828807],[3.83363305,48.48927533],[3.83361952,48.48925734],[3.8327664,48.48968135],[3.83275862,48.48968521],[3.83275167,48.48968867]]]]},"geometry_name":"the_geom","properties":{"id_parcel":"1567654","code_cultu":"BTH","code_group":"1","culture_d1":"","culture_d2":"","surf_parc":8.53}},{"type":"Feature","id":"parcelles_graphiques.634344","geometry":{"type":"MultiPolygon","coordinates":[[[[3.7517722,48.47131855],[3.75421835,48.47806026],[3.75464206,48.4778362],[3.75464275,48.47783576],[3.75465018,48.47783185],[3.75469682,48.47780093],[3.75470458,48.47779594],[3.75473136,48.47777804],[3.75486628,48.47768862],[3.75498615,48.47760941],[3.75560037,48.47724953],[3.75658953,48.47678569],[3.75451417,48.47083992],[3.7517722,48.47131855]]]]},"geometry_name":"the_geom","properties":{"id_parcel":"1570906","code_cultu":"CZH","code_group":"5","culture_d1":"","culture_d2":"","surf_parc":14.89}},{"type":"Feature","id":"parcelles_graphiques.662668","geometry":{"type":"MultiPolygon","coordinates":[[[[3.79480172,48.5029114],[3.79212197,48.50311706],[3.79215536,48.50343103],[3.79218877,48.50374231],[3.79487198,48.5035298],[3.79483727,48.50337028],[3.79482067,48.50322043],[3.79481115,48.50306458],[3.79480172,48.5029114]]]]},"geometry_name":"the_geom","properties":{"id_parcel":"1596399","code_cultu":"ORH","code_group":"3","culture_d1":"","culture_d2":"","surf_parc":1.38}},{"type":"Feature","id":"parcelles_graphiques.668394","geometry":{"type":"MultiPolygon","coordinates":[[[[3.76564982,48.49291976],[3.76518442,48.49124428],[3.76486491,48.49003965],[3.76454389,48.48868747],[3.76425318,48.48765866],[3.76405285,48.48693396],[3.76395192,48.48664183],[3.76173257,48.48693696],[3.76219027,48.48861928],[3.7624138,48.48946285],[3.76252737,48.48988582],[3.76264098,48.49031116],[3.76283807,48.49105969],[3.76305341,48.49183191],[3.76369329,48.49175401],[3.76388376,48.49253828],[3.76399332,48.49293033],[3.76407079,48.4933321],[3.76513078,48.49357521],[3.76585359,48.49378002],[3.7658529,48.49373242],[3.76584115,48.49366346],[3.76576526,48.49337118],[3.76564982,48.49291976]]]]},"geometry_name":"the_geom","properties":{"id_parcel":"1601550","code_cultu":"BTH","code_group":"1","culture_d1":"","culture_d2":"","surf_parc":11.9}},{"type":"Feature","id":"parcelles_graphiques.668491","geometry":{"type":"MultiPolygon","coordinates":[[[[3.78318999,48.49967676],[3.78218204,48.49973136],[3.7824315,48.50060805],[3.7828443,48.50054939],[3.78275024,48.50024652],[3.78334668,48.50018573],[3.78318999,48.49967676]]]]},"geometry_name":"the_geom","properties":{"id_parcel":"1601638","code_cultu":"ORP","code_group":"3","culture_d1":"","culture_d2":"","surf_parc":0.56}},{"type":"Feature","id":"parcelles_graphiques.688880","geometry":{"type":"MultiPolygon","coordinates":[[[[3.75347002,48.53067827],[3.75395596,48.5305562],[3.75426903,48.53051089],[3.75367889,48.52969846],[3.75284833,48.53007391],[3.75286985,48.53009708],[3.75287055,48.53009757],[3.75344651,48.53065532],[3.75344679,48.53065605],[3.75347002,48.53067827]]]]},"geometry_name":"the_geom","properties":{"id_parcel":"161999","code_cultu":"PTR","code_group":"19","culture_d1":"","culture_d2":"","surf_parc":0.6}},{"type":"Feature","id":"parcelles_graphiques.693938","geometry":{"type":"MultiPolygon","coordinates":[[[[3.81546984,48.52513547],[3.81630726,48.52628045],[3.81685174,48.52614392],[3.81602653,48.52495639],[3.81546984,48.52513547]]]]},"geometry_name":"the_geom","properties":{"id_parcel":"1624540","code_cultu":"MIE","code_group":"2","culture_d1":"","culture_d2":"","surf_parc":0.63}},{"type":"Feature","id":"parcelles_graphiques.697209","geometry":{"type":"MultiPolygon","coordinates":[[[[3.7551091,48.5154405],[3.75510875,48.51544002],[3.75534216,48.51537335],[3.75578436,48.51532851],[3.75579073,48.51532766],[3.75614855,48.51526758],[3.75667324,48.515211],[3.75668535,48.51520891],[3.75706968,48.51511685],[3.75742442,48.51513814],[3.75770156,48.51523059],[3.75790935,48.51529978],[3.75814305,48.51540105],[3.75814313,48.51540109],[3.75825033,48.51544739],[3.75834357,48.51548783],[3.75834376,48.51548792],[3.75843294,48.5155263],[3.75855632,48.51557962],[3.75865303,48.51562158],[3.7590164,48.51587464],[3.75929118,48.51607231],[3.75962109,48.51640065],[3.75978721,48.51665531],[3.75978753,48.51665579],[3.76016727,48.51721987],[3.76035722,48.51750306],[3.76035729,48.51750317],[3.76045613,48.51764949],[3.76050416,48.51772091],[3.76050334,48.51772122],[3.76050324,48.51772128],[3.76053408,48.51776298],[3.7605382,48.5177614],[3.76053733,48.51776012],[3.76059082,48.5177395],[3.76051792,48.51763111],[3.76041906,48.51748476],[3.7602291,48.51720153],[3.75984933,48.51663742],[3.75968078,48.51637905],[3.75934454,48.5160444],[3.75906576,48.51584385],[3.75869661,48.51558676],[3.75859328,48.51554194],[3.7584698,48.51548858],[3.75838058,48.51545017],[3.75828729,48.5154097],[3.75818003,48.51536338],[3.75794311,48.51526072],[3.75773194,48.5151904],[3.75744331,48.51509411],[3.75706083,48.51507116],[3.75666239,48.5151666],[3.75613481,48.5152235],[3.75577414,48.51528405],[3.75532338,48.51532976],[3.75501654,48.5154174],[3.75504687,48.51545835],[3.7551091,48.5154405]]]]},"geometry_name":"the_geom","properties":{"id_parcel":"1627485","code_cultu":"BTA","code_group":"28","culture_d1":"","culture_d2":"","surf_parc":0.28}},{"type":"Feature","id":"parcelles_graphiques.702984","geometry":{"type":"MultiPolygon","coordinates":[[[[3.83908944,48.48717323],[3.83959854,48.48700221],[3.83159329,48.47891376],[3.83116721,48.47912451],[3.83113175,48.47914205],[3.83110433,48.47915561],[3.83908621,48.48717432],[3.83908944,48.48717323]]]]},"geometry_name":"the_geom","properties":{"id_parcel":"1632682","code_cultu":"BTH","code_group":"1","culture_d1":"","culture_d2":"","surf_parc":4.67}},{"type":"Feature","id":"parcelles_graphiques.703615","geometry":{"type":"MultiPolygon","coordinates":[[[[3.80097449,48.49091539],[3.80121721,48.49178096],[3.812405,48.49128199],[3.81192966,48.49041642],[3.8119117,48.49041724],[3.80776696,48.49060488],[3.80099317,48.49091453],[3.80097449,48.49091539]]]]},"geometry_name":"the_geom","properties":{"id_parcel":"163325","code_cultu":"ORP","code_group":"3","culture_d1":"","culture_d2":"","surf_parc":8.02}},{"type":"Feature","id":"parcelles_graphiques.721235","geometry":{"type":"MultiPolygon","coordinates":[[[[3.79007373,48.4817681],[3.79011401,48.48194636],[3.79013332,48.48204026],[3.7901545,48.4821389],[3.79017575,48.4822423],[3.79019871,48.48234046],[3.79021793,48.48242841],[3.79023913,48.48252824],[3.79027122,48.48251969],[3.79030115,48.48251547],[3.79034756,48.48250683],[3.79043638,48.48249047],[3.79059121,48.48245938],[3.79087543,48.48240096],[3.79143136,48.48228657],[3.79198597,48.48217397],[3.79254677,48.48205657],[3.79360423,48.48184183],[3.79471692,48.48161064],[3.79669963,48.48120222],[3.79718683,48.48110255],[3.79765701,48.4810012],[3.79814687,48.48089972],[3.79853765,48.48081676],[3.79834591,48.48046537],[3.79814355,48.4801073],[3.79811828,48.48005884],[3.79005915,48.48170143],[3.79007373,48.4817681]]]]},"geometry_name":"the_geom","properties":{"id_parcel":"1649108","code_cultu":"BTH","code_group":"1","culture_d1":"","culture_d2":"","surf_parc":5.77}},{"type":"Feature","id":"parcelles_graphiques.730738","geometry":{"type":"MultiPolygon","coordinates":[[[[3.7757668,48.4731649],[3.77593042,48.47313201],[3.77585672,48.47296023],[3.77573684,48.47263826],[3.77563003,48.47235728],[3.77559243,48.4722748],[3.77538889,48.4723207],[3.77543403,48.47244214],[3.7754837,48.4725837],[3.77562445,48.47288071],[3.7757668,48.4731649]]]]},"geometry_name":"the_geom","properties":{"id_parcel":"1657661","code_cultu":"SNE","code_group":"28","culture_d1":"","culture_d2":"","surf_parc":0.15}},{"type":"Feature","id":"parcelles_graphiques.730739","geometry":{"type":"MultiPolygon","coordinates":[[[[3.7757668,48.4731649],[3.77562445,48.47288071],[3.7754837,48.4725837],[3.77543403,48.47244214],[3.77538889,48.4723207],[3.77559243,48.4722748],[3.77563003,48.47235728],[3.77573684,48.47263826],[3.77585672,48.47296023],[3.77593042,48.47313201],[3.775945,48.47312908],[3.77610596,48.47309673],[3.77576589,48.4722352],[3.7755957,48.47226748],[3.77537681,48.472309],[3.77525006,48.47233304],[3.77559337,48.47319976],[3.77575895,48.47316648],[3.7757668,48.4731649]]]]},"geometry_name":"the_geom","properties":{"id_parcel":"1657662","code_cultu":"J6S","code_group":"11","culture_d1":"","culture_d2":"","surf_parc":0.24}},{"type":"Feature","id":"parcelles_graphiques.746708","geometry":{"type":"MultiPolygon","coordinates":[[[[3.79320395,48.49263109],[3.79621968,48.49200153],[3.80089313,48.49103483],[3.8007955,48.49068735],[3.80069879,48.49026249],[3.79222818,48.49200981],[3.79240126,48.49280011],[3.79320395,48.49263109]]]]},"geometry_name":"the_geom","properties":{"id_parcel":"1672033","code_cultu":"ORP","code_group":"3","culture_d1":"","culture_d2":"","surf_parc":5.69}},{"type":"Feature","id":"parcelles_graphiques.751265","geometry":{"type":"MultiPolygon","coordinates":[[[[3.775479,48.513724],[3.77466699,48.513628],[3.774457,48.514117],[3.775239,48.51425502],[3.77565327,48.5143736],[3.7755725,48.513433],[3.775479,48.513724]]]]},"geometry_name":"the_geom","properties":{"id_parcel":"1676135","code_cultu":"J6S","code_group":"11","culture_d1":"","culture_d2":"","surf_parc":0.5}},{"type":"Feature","id":"parcelles_graphiques.752675","geometry":{"type":"MultiPolygon","coordinates":[[[[3.79989733,48.52811758],[3.7996662,48.52817427],[3.79955448,48.52826521],[3.79950849,48.52835963],[3.7995945,48.52847621],[3.79966083,48.5286673],[3.79978028,48.52883237],[3.79978736,48.5289712],[3.79983382,48.52905239],[3.80028022,48.52896445],[3.8003293,48.5289531],[3.80037977,48.52894089],[3.79994297,48.52810936],[3.79989733,48.52811758]]]]},"geometry_name":"the_geom","properties":{"id_parcel":"1677404","code_cultu":"MOT","code_group":"24","culture_d1":"","culture_d2":"","surf_parc":0.37}},{"type":"Feature","id":"parcelles_graphiques.753539","geometry":{"type":"MultiPolygon","coordinates":[[[[3.73829096,48.49028676],[3.7403982,48.49057869],[3.7475315,48.49158253],[3.74982795,48.49190771],[3.75219851,48.49224332],[3.75236322,48.49223019],[3.74752386,48.49154926],[3.74015192,48.49050881],[3.7382481,48.49025368],[3.73824455,48.49028033],[3.73829096,48.49028676]]]]},"geometry_name":"the_geom","properties":{"id_parcel":"1678182","code_cultu":"J5M","code_group":"11","culture_d1":"","culture_d2":"","surf_parc":0.39}},{"type":"Feature","id":"parcelles_graphiques.775329","geometry":{"type":"MultiPolygon","coordinates":[[[[3.81862494,48.52918619],[3.81808021,48.52942828],[3.81808021,48.52942828],[3.81807941,48.52942885],[3.81807702,48.52943055],[3.81807702,48.52943056],[3.818776,48.52998799],[3.81877602,48.52998799],[3.81903225,48.5295953],[3.81878111,48.52997795],[3.81903719,48.52958772],[3.81903721,48.52958772],[3.81903722,48.52958773],[3.81904244,48.52957973],[3.81863577,48.52918137],[3.81862494,48.52918619]]]]},"geometry_name":"the_geom","properties":{"id_parcel":"1697794","code_cultu":"J6P","code_group":"11","culture_d1":"","culture_d2":"","surf_parc":0.31}},{"type":"Feature","id":"parcelles_graphiques.775462","geometry":{"type":"MultiPolygon","coordinates":[[[[3.83742981,48.50603562],[3.83681045,48.50502723],[3.83527143,48.50536874],[3.83370936,48.50571009],[3.83175952,48.50605807],[3.83106406,48.50618231],[3.83038116,48.50631395],[3.83004238,48.50638177],[3.82969928,48.50645391],[3.82901538,48.50658532],[3.82842257,48.5067177],[3.82845161,48.50681508],[3.82898517,48.5080509],[3.82903421,48.508094],[3.8290437,48.50811526],[3.8295035,48.50789658],[3.82989075,48.50769393],[3.83020026,48.50755847],[3.83047059,48.50743757],[3.83128644,48.50715575],[3.83192426,48.50694182],[3.83274375,48.50666473],[3.83301143,48.50660334],[3.8332795,48.50656576],[3.83365215,48.50657267],[3.83399599,48.50657026],[3.83484334,48.50646909],[3.83523333,48.50644017],[3.83559474,48.50641621],[3.83578412,48.50638631],[3.83638364,48.50624403],[3.8366836,48.5061848],[3.83703727,48.50612518],[3.83732289,48.50606604],[3.83742981,48.50603562]]]]},"geometry_name":"the_geom","properties":{"id_parcel":"1697913","code_cultu":"BTN","code_group":"24","culture_d1":"","culture_d2":"","surf_parc":7.36}},{"type":"Feature","id":"parcelles_graphiques.805105","geometry":{"type":"MultiPolygon","coordinates":[[[[3.83140106,48.48498084],[3.83116057,48.4847358],[3.83116036,48.48473591],[3.83104544,48.48461896],[3.8214135,48.4893943],[3.82149156,48.48949642],[3.82149131,48.48949655],[3.82184217,48.48995584],[3.82184203,48.4899559],[3.82231433,48.49057463],[3.8223818,48.49066301],[3.83215989,48.485753],[3.83140106,48.48498084]]]]},"geometry_name":"the_geom","properties":{"id_parcel":"1724591","code_cultu":"BTH","code_group":"1","culture_d1":"","culture_d2":"","surf_parc":13.72}},{"type":"Feature","id":"parcelles_graphiques.825773","geometry":{"type":"MultiPolygon","coordinates":[[[[3.81662535,48.48588069],[3.81605943,48.48484946],[3.81575652,48.48482654],[3.81557098,48.48467762],[3.81530973,48.48445566],[3.81528895,48.48438559],[3.81530947,48.48432356],[3.81572935,48.4842695],[3.81425344,48.48157465],[3.81424713,48.48156313],[3.81422505,48.4814308],[3.81397227,48.48086961],[3.81391938,48.48077329],[3.81224254,48.47771891],[3.81224317,48.47771839],[3.81222289,48.47769469],[3.81093402,48.4783498],[3.81083279,48.47840167],[3.81166671,48.47992618],[3.81515502,48.48630216],[3.81517037,48.48629776],[3.81537165,48.48624006],[3.81662535,48.48588069]]]]},"geometry_name":"the_geom","properties":{"id_parcel":"1743192","code_cultu":"BTH","code_group":"1","culture_d1":"","culture_d2":"","surf_parc":11.24}},{"type":"Feature","id":"parcelles_graphiques.843959","geometry":{"type":"MultiPolygon","coordinates":[[[[3.77044714,48.51097568],[3.77085472,48.51108052],[3.77125185,48.51115291],[3.77122398,48.51089549],[3.77112105,48.51068236],[3.77104044,48.51058342],[3.77085965,48.51041379],[3.77032248,48.51029364],[3.77010183,48.51039236],[3.77010183,48.51039236],[3.77012418,48.51044247],[3.77021064,48.51043414],[3.77021065,48.51043415],[3.77042103,48.51094117],[3.77044714,48.51097567],[3.77044714,48.51097568]]]]},"geometry_name":"the_geom","properties":{"id_parcel":"1759560","code_cultu":"PTR","code_group":"19","culture_d1":"","culture_d2":"","surf_parc":0.46}},{"type":"Feature","id":"parcelles_graphiques.854998","geometry":{"type":"MultiPolygon","coordinates":[[[[3.75390082,48.48814264],[3.75080934,48.48857235],[3.75080693,48.48860152],[3.75342257,48.4901173],[3.75464948,48.49081216],[3.75390082,48.48814264]]]]},"geometry_name":"the_geom","properties":{"id_parcel":"1769496","code_cultu":"CZH","code_group":"5","culture_d1":"","culture_d2":"","surf_parc":3.59}},{"type":"Feature","id":"parcelles_graphiques.868938","geometry":{"type":"MultiPolygon","coordinates":[[[[3.75504687,48.51545835],[3.75504926,48.51546157],[3.75590805,48.5166209],[3.75604707,48.51681996],[3.75618981,48.51678096],[3.75643099,48.5171079],[3.75669305,48.51739187],[3.75694602,48.51754259],[3.75717791,48.51772201],[3.75750682,48.51826146],[3.75751226,48.51827038],[3.75758284,48.51838654],[3.7576587,48.51851055],[3.75765916,48.51851131],[3.7576755,48.51853828],[3.75769431,48.51856911],[3.75773468,48.5186355],[3.75774656,48.51865178],[3.75777316,48.51869506],[3.75778325,48.51871135],[3.75781401,48.51876323],[3.75781908,48.51877361],[3.7578231,48.51878017],[3.75782744,48.51878729],[3.75783147,48.51879406],[3.75783628,48.51880179],[3.75818301,48.51866804],[3.75853263,48.51853281],[3.75923099,48.51826385],[3.76053408,48.51776298],[3.76050324,48.51772128],[3.76050334,48.51772122],[3.76050416,48.51772091],[3.76045613,48.51764949],[3.76035729,48.51750317],[3.76035722,48.51750306],[3.76016727,48.51721987],[3.75978753,48.51665579],[3.75978721,48.51665531],[3.75962109,48.51640065],[3.75929118,48.51607231],[3.7590164,48.51587464],[3.75865303,48.51562158],[3.75855632,48.51557962],[3.75843294,48.5155263],[3.75834376,48.51548792],[3.75834357,48.51548783],[3.75825033,48.51544739],[3.75814313,48.51540109],[3.75814305,48.51540105],[3.75790935,48.51529978],[3.75770156,48.51523059],[3.75742442,48.51513814],[3.75706968,48.51511685],[3.75668535,48.51520891],[3.75667324,48.515211],[3.75614855,48.51526758],[3.75579073,48.51532766],[3.75578436,48.51532851],[3.75534216,48.51537335],[3.75510875,48.51544002],[3.7551091,48.5154405],[3.75504687,48.51545835]]]]},"geometry_name":"the_geom","properties":{"id_parcel":"1782040","code_cultu":"ORP","code_group":"3","culture_d1":"","culture_d2":"","surf_parc":8.84}},{"type":"Feature","id":"parcelles_graphiques.877478","geometry":{"type":"MultiPolygon","coordinates":[[[[3.7917497,48.52578371],[3.79229296,48.52910135],[3.79256445,48.52921543],[3.79309911,48.52927471],[3.79266946,48.5276948],[3.79215487,48.52587321],[3.7917497,48.52578371]]]]},"geometry_name":"the_geom","properties":{"id_parcel":"1789728","code_cultu":"J6S","code_group":"11","culture_d1":"","culture_d2":"","surf_parc":1.62}},{"type":"Feature","id":"parcelles_graphiques.882990","geometry":{"type":"MultiPolygon","coordinates":[[[[3.78949117,48.5032027],[3.7900557,48.50315575],[3.78981864,48.50115612],[3.78921023,48.50118112],[3.78921204,48.50119243],[3.78941607,48.50266666],[3.78949117,48.5032027]]]]},"geometry_name":"the_geom","properties":{"id_parcel":"1794689","code_cultu":"ORP","code_group":"3","culture_d1":"","culture_d2":"","surf_parc":0.98}},{"type":"Feature","id":"parcelles_graphiques.888007","geometry":{"type":"MultiPolygon","coordinates":[[[[3.80422382,48.51765101],[3.80417834,48.51758359],[3.80412378,48.5175027],[3.80399819,48.5173165],[3.80384742,48.51717037],[3.80372811,48.51709976],[3.80363154,48.51704522],[3.80360094,48.51702793],[3.80263027,48.51735354],[3.80264569,48.51737535],[3.80297975,48.51784774],[3.8031358,48.51780477],[3.8033198,48.51775771],[3.80379332,48.51849516],[3.80382861,48.51855013],[3.80397758,48.51878212],[3.8043091,48.51930509],[3.80430911,48.51930508],[3.80438623,48.51931322],[3.80534778,48.51919322],[3.80422381,48.51765102],[3.80422381,48.517651],[3.80422382,48.51765101]]]]},"geometry_name":"the_geom","properties":{"id_parcel":"1799203","code_cultu":"J6S","code_group":"11","culture_d1":"","culture_d2":"","surf_parc":1.96}},{"type":"Feature","id":"parcelles_graphiques.914117","geometry":{"type":"MultiPolygon","coordinates":[[[[3.81391111,48.49325414],[3.8141919,48.49380921],[3.81488572,48.49513266],[3.81578211,48.49658326],[3.81736037,48.49907897],[3.81754369,48.49935145],[3.81769973,48.49948129],[3.8181802,48.49943534],[3.8186483,48.49936546],[3.81890858,48.49928988],[3.81910883,48.49926946],[3.8192529,48.49931006],[3.81930669,48.49932522],[3.81953722,48.49940932],[3.82020798,48.49938629],[3.82164248,48.49931264],[3.81675326,48.49298879],[3.81468862,48.49318156],[3.81391111,48.49325414]]]]},"geometry_name":"the_geom","properties":{"id_parcel":"1822701","code_cultu":"BTH","code_group":"1","culture_d1":"","culture_d2":"","surf_parc":18.78}},{"type":"Feature","id":"parcelles_graphiques.952720","geometry":{"type":"MultiPolygon","coordinates":[[[[3.79209399,48.49888324],[3.79207995,48.49884427],[3.79203479,48.49865391],[3.79202936,48.49864408],[3.79201871,48.49863636],[3.79200445,48.49863192],[3.79198871,48.49863142],[3.79142173,48.49868742],[3.79139537,48.49868639],[3.79139471,48.4986854],[3.79135172,48.49868753],[3.79136828,48.49871237],[3.79142355,48.49871452],[3.79199468,48.49865811],[3.79204009,48.49884952],[3.79206253,48.49891185],[3.7920998,48.49891071],[3.79209354,48.49888354],[3.79209399,48.49888324]]]]},"geometry_name":"the_geom","properties":{"id_parcel":"1857445","code_cultu":"BOR","code_group":"28","culture_d1":"","culture_d2":"","surf_parc":0.02}},{"type":"Feature","id":"parcelles_graphiques.970569","geometry":{"type":"MultiPolygon","coordinates":[[[[3.8037936,48.51384554],[3.80271864,48.51415589],[3.80379201,48.513846],[3.80375761,48.51380231],[3.80371759,48.51379127],[3.80106223,48.51455714],[3.80112033,48.51463221],[3.8011349,48.51465105],[3.80381944,48.51387537],[3.8037936,48.51384554]]]]},"geometry_name":"the_geom","properties":{"id_parcel":"1873509","code_cultu":"BTA","code_group":"28","culture_d1":"","culture_d2":"","surf_parc":0.25}},{"type":"Feature","id":"parcelles_graphiques.979510","geometry":{"type":"MultiPolygon","coordinates":[[[[3.80976657,48.47358205],[3.82136157,48.46778516],[3.82021052,48.46676205],[3.82011072,48.4667894],[3.81989755,48.46689084],[3.81988108,48.46689913],[3.81832836,48.46768011],[3.8170346,48.46832636],[3.81396204,48.46985542],[3.81257397,48.47054392],[3.81187768,48.47088848],[3.81118503,48.47123658],[3.80930514,48.47215165],[3.80976657,48.47358205]]]]},"geometry_name":"the_geom","properties":{"id_parcel":"1881556","code_cultu":"PTC","code_group":"25","culture_d1":"","culture_d2":"","surf_parc":15.06}},{"type":"Feature","id":"parcelles_graphiques.998949","geometry":{"type":"MultiPolygon","coordinates":[[[[3.77631613,48.519223],[3.77698196,48.51928645],[3.77752255,48.51925674],[3.77799274,48.51919139],[3.77792959,48.51664178],[3.77734962,48.51655036],[3.7766014,48.51646837],[3.77633266,48.51646656],[3.77624036,48.51650667],[3.77631613,48.519223]]]]},"geometry_name":"the_geom","properties":{"id_parcel":"1899051","code_cultu":"ORP","code_group":"3","culture_d1":"","culture_d2":"","surf_parc":3.76}},{"type":"Feature","id":"parcelles_graphiques.1035125","geometry":{"type":"MultiPolygon","coordinates":[[[[3.78487623,48.50720636],[3.78477407,48.50709763],[3.78375513,48.5071264],[3.78372698,48.50686344],[3.78366498,48.50572702],[3.78261677,48.50605646],[3.7820061,48.50615412],[3.78199114,48.50615629],[3.78199064,48.50616277],[3.78213214,48.5077997],[3.78213701,48.50779956],[3.78433495,48.50772892],[3.78436122,48.50771055],[3.78490145,48.50769554],[3.78487644,48.5072244],[3.78487623,48.50720636]]]]},"geometry_name":"the_geom","properties":{"id_parcel":"1931609","code_cultu":"ORP","code_group":"3","culture_d1":"","culture_d2":"","surf_parc":3.04}},{"type":"Feature","id":"parcelles_graphiques.1036071","geometry":{"type":"MultiPolygon","coordinates":[[[[3.77201415,48.50276733],[3.77105922,48.50293545],[3.77156332,48.50390489],[3.77178284,48.50382805],[3.77245126,48.50355926],[3.77201415,48.50276733]]]]},"geometry_name":"the_geom","properties":{"id_parcel":"1932460","code_cultu":"ORP","code_group":"3","culture_d1":"","culture_d2":"","surf_parc":0.77}},{"type":"Feature","id":"parcelles_graphiques.1036519","geometry":{"type":"MultiPolygon","coordinates":[[[[3.77342248,48.48896739],[3.77353085,48.4894252],[3.78284587,48.48898541],[3.78297186,48.48848844],[3.78140509,48.48856707],[3.77342248,48.48896739]]]]},"geometry_name":"the_geom","properties":{"id_parcel":"1932864","code_cultu":"BTH","code_group":"1","culture_d1":"","culture_d2":"","surf_parc":3.7}},{"type":"Feature","id":"parcelles_graphiques.1057838","geometry":{"type":"MultiPolygon","coordinates":[[[[3.81235854,48.51597304],[3.81239619,48.51601419],[3.81324762,48.51694479],[3.81341148,48.51679491],[3.81366051,48.51668133],[3.81450915,48.51641964],[3.81449451,48.51628407],[3.81408516,48.51587866],[3.81405206,48.51582414],[3.81413348,48.5157605],[3.81492216,48.51545632],[3.81492142,48.5154554],[3.81454245,48.51497745],[3.81450512,48.51493037],[3.81413491,48.51512381],[3.81394671,48.51523221],[3.81365588,48.51542224],[3.81337516,48.51557174],[3.81310995,48.51568126],[3.81280729,48.51580235],[3.81262775,48.51587064],[3.81236419,48.51558847],[3.81230612,48.51561372],[3.81230638,48.51561396],[3.81221756,48.51566218],[3.81218395,48.51568978],[3.81217187,48.51571961],[3.81217416,48.51575173],[3.8121854,48.51578379],[3.81235854,48.51597304]]]]},"geometry_name":"the_geom","properties":{"id_parcel":"1952050","code_cultu":"J6S","code_group":"11","culture_d1":"","culture_d2":"","surf_parc":1.93}},{"type":"Feature","id":"parcelles_graphiques.1058214","geometry":{"type":"MultiPolygon","coordinates":[[[[3.81996415,48.53451591],[3.8210918,48.53407945],[3.82087239,48.5338906],[3.81975313,48.53435069],[3.81995181,48.53452328],[3.81996415,48.53451591]]]]},"geometry_name":"the_geom","properties":{"id_parcel":"195239","code_cultu":"J6S","code_group":"11","culture_d1":"","culture_d2":"","surf_parc":0.24}},{"type":"Feature","id":"parcelles_graphiques.1070646","geometry":{"type":"MultiPolygon","coordinates":[[[[3.78396343,48.4998878],[3.78403005,48.50016185],[3.78463978,48.50008971],[3.78466571,48.50026901],[3.7844503,48.50034734],[3.78462557,48.500989],[3.78467437,48.50105045],[3.78475007,48.50108327],[3.78487184,48.50108247],[3.78497563,48.50107702],[3.78502002,48.50105174],[3.78502669,48.50101837],[3.785015,48.50097323],[3.7848444,48.50006138],[3.78501992,48.50003045],[3.78501971,48.49996489],[3.78502306,48.49990571],[3.7849883,48.49984061],[3.78486486,48.49979006],[3.78469708,48.49977823],[3.78479033,48.49975704],[3.78490117,48.49976565],[3.78501666,48.49981004],[3.78506411,48.49987686],[3.78507325,48.50002104],[3.78512845,48.50001132],[3.78507893,48.49972267],[3.78502708,48.49972777],[3.78485892,48.49973959],[3.78396343,48.4998878]]]]},"geometry_name":"the_geom","properties":{"id_parcel":"1963579","code_cultu":"J6S","code_group":"11","culture_d1":"","culture_d2":"","surf_parc":0.56}},{"type":"Feature","id":"parcelles_graphiques.1086697","geometry":{"type":"MultiPolygon","coordinates":[[[[3.82459993,48.51137212],[3.82456759,48.51129776],[3.82422476,48.51128176],[3.82400721,48.51133844],[3.82403523,48.51140444],[3.82421375,48.51136176],[3.82459993,48.51137212]]]]},"geometry_name":"the_geom","properties":{"id_parcel":"1978024","code_cultu":"BFS","code_group":"28","culture_d1":"","culture_d2":"","surf_parc":0.04}},{"type":"Feature","id":"parcelles_graphiques.1114511","geometry":{"type":"MultiPolygon","coordinates":[[[[3.81393796,48.48673524],[3.81299484,48.48701801],[3.81287364,48.48705335],[3.81282303,48.48706913],[3.81279168,48.48707891],[3.81268111,48.48710704],[3.81117282,48.48751962],[3.81092262,48.48758613],[3.81059708,48.48768541],[3.81056158,48.48770589],[3.81055477,48.48772855],[3.81061713,48.4878493],[3.81069176,48.48798512],[3.81221249,48.49078189],[3.81228231,48.49089686],[3.81242532,48.4909404],[3.812533,48.49093095],[3.81322088,48.49076692],[3.81334755,48.49098837],[3.81244288,48.49120639],[3.81250901,48.49131424],[3.81256796,48.49142095],[3.81348869,48.49300589],[3.8135936,48.49318965],[3.81361359,48.49320855],[3.81364778,48.49321963],[3.81367378,48.49322183],[3.81371494,48.49322036],[3.81395449,48.49319551],[3.8153453,48.4930491],[3.81705911,48.49288975],[3.81717709,48.49287703],[3.81719315,48.49287521],[3.81726646,48.4928669],[3.81769916,48.49282702],[3.81790832,48.49280535],[3.81720087,48.49187101],[3.81755421,48.49176126],[3.81794121,48.49225911],[3.81769645,48.49239072],[3.81787565,48.49263358],[3.8179879,48.49271422],[3.81813733,48.49276778],[3.81822479,48.4927758],[3.81832494,48.49276797],[3.81850064,48.4927519],[3.81887387,48.49271777],[3.81427707,48.48663357],[3.81393796,48.48673524]]]]},"geometry_name":"the_geom","properties":{"id_parcel":"2003055","code_cultu":"BTH","code_group":"1","culture_d1":"","culture_d2":"","surf_parc":23.57}},{"type":"Feature","id":"parcelles_graphiques.1141623","geometry":{"type":"MultiPolygon","coordinates":[[[[3.77368085,48.48989908],[3.77403452,48.49127585],[3.78229352,48.49086947],[3.78272348,48.4894274],[3.78285155,48.48899784],[3.77355869,48.48942351],[3.77368085,48.48989908]]]]},"geometry_name":"the_geom","properties":{"id_parcel":"2027457","code_cultu":"BTH","code_group":"1","culture_d1":"","culture_d2":"","surf_parc":13.41}},{"type":"Feature","id":"parcelles_graphiques.1164270","geometry":{"type":"MultiPolygon","coordinates":[[[[3.77700675,48.51467856],[3.77760243,48.51485878],[3.77726929,48.51282789],[3.77719397,48.51283737],[3.77704052,48.51284222],[3.77691717,48.51283738],[3.77680207,48.51283084],[3.77700675,48.51467856]]]]},"geometry_name":"the_geom","properties":{"id_parcel":"204784","code_cultu":"ORP","code_group":"3","culture_d1":"","culture_d2":"","surf_parc":0.82}},{"type":"Feature","id":"parcelles_graphiques.1202269","geometry":{"type":"MultiPolygon","coordinates":[[[[3.76478289,48.51729881],[3.76391072,48.51701787],[3.7638311,48.51702447],[3.76448203,48.51912632],[3.76448372,48.51913177],[3.76524674,48.51908069],[3.76737917,48.51893662],[3.76844493,48.51886427],[3.76897826,48.5188281],[3.76951069,48.51879252],[3.76951136,48.51871594],[3.76945279,48.5186952],[3.76936598,48.51867337],[3.76934495,48.51866803],[3.76889902,48.51853664],[3.76743599,48.51810554],[3.76665866,48.51787134],[3.76590037,48.51764615],[3.76582642,48.51762316],[3.76506263,48.51738892],[3.76478289,48.51729881]]]]},"geometry_name":"the_geom","properties":{"id_parcel":"2082038","code_cultu":"ORP","code_group":"3","culture_d1":"","culture_d2":"","surf_parc":4.62}},{"type":"Feature","id":"parcelles_graphiques.1211073","geometry":{"type":"MultiPolygon","coordinates":[[[[3.84044776,48.47304036],[3.8395493,48.47214],[3.838603,48.47150161],[3.83675016,48.47279531],[3.8363951,48.47304321],[3.83101372,48.47680007],[3.83266787,48.47847825],[3.83291609,48.47873007],[3.84073015,48.47332334],[3.84044776,48.47304036]]]]},"geometry_name":"the_geom","properties":{"id_parcel":"2089963","code_cultu":"BTN","code_group":"24","culture_d1":"","culture_d2":"","surf_parc":20.88}},{"type":"Feature","id":"parcelles_graphiques.1219396","geometry":{"type":"MultiPolygon","coordinates":[[[[3.77226201,48.513756],[3.772308,48.514439],[3.772389,48.515041],[3.77186799,48.5152],[3.771827,48.516117],[3.772344,48.516223],[3.77331101,48.516268],[3.77318,48.515166],[3.773033,48.514075],[3.77283101,48.513794],[3.77253901,48.513714],[3.772385,48.51369],[3.77226201,48.513756]]]]},"geometry_name":"the_geom","properties":{"id_parcel":"2097453","code_cultu":"ORP","code_group":"3","culture_d1":"","culture_d2":"","surf_parc":2.1}},{"type":"Feature","id":"parcelles_graphiques.1271877","geometry":{"type":"MultiPolygon","coordinates":[[[[3.76320163,48.51378107],[3.76314584,48.5137587],[3.76298593,48.51374952],[3.76284946,48.51376775],[3.76270547,48.51379725],[3.76270181,48.51378281],[3.76272688,48.51390725],[3.76288032,48.51386633],[3.76302396,48.51382822],[3.76316092,48.51379193],[3.76320163,48.51378107]]]]},"geometry_name":"the_geom","properties":{"id_parcel":"2144686","code_cultu":"SNE","code_group":"28","culture_d1":"","culture_d2":"","surf_parc":0.03}},{"type":"Feature","id":"parcelles_graphiques.1277202","geometry":{"type":"MultiPolygon","coordinates":[[[[3.79260574,48.49425467],[3.78322995,48.49619779],[3.78337229,48.49694764],[3.78341823,48.49696667],[3.78347109,48.4969687],[3.79269588,48.49506516],[3.79275199,48.49504574],[3.79279195,48.49502346],[3.79260574,48.49425467]]]]},"geometry_name":"the_geom","properties":{"id_parcel":"2149479","code_cultu":"BTH","code_group":"1","culture_d1":"","culture_d2":"","surf_parc":6.36}},{"type":"Feature","id":"parcelles_graphiques.1285862","geometry":{"type":"MultiPolygon","coordinates":[[[[3.78440095,48.51429851],[3.78396516,48.5143847],[3.78416361,48.51519744],[3.78457857,48.5151073],[3.78440095,48.51429851]]]]},"geometry_name":"the_geom","properties":{"id_parcel":"2157272","code_cultu":"J6S","code_group":"11","culture_d1":"","culture_d2":"","surf_parc":0.3}},{"type":"Feature","id":"parcelles_graphiques.1289055","geometry":{"type":"MultiPolygon","coordinates":[[[[3.8127678,48.50307845],[3.81120294,48.50320343],[3.81311148,48.50966504],[3.81356241,48.51080602],[3.81428893,48.51065884],[3.81504012,48.51050866],[3.8127678,48.50307845]]]]},"geometry_name":"the_geom","properties":{"id_parcel":"2160145","code_cultu":"CZH","code_group":"5","culture_d1":"","culture_d2":"","surf_parc":10.09}},{"type":"Feature","id":"parcelles_graphiques.1306271","geometry":{"type":"MultiPolygon","coordinates":[[[[3.76695302,48.48279213],[3.76736993,48.48273164],[3.76740393,48.48272671],[3.76561797,48.47821201],[3.76382915,48.47369849],[3.76379682,48.47371182],[3.76354588,48.47381525],[3.76301071,48.47406268],[3.76208387,48.47447615],[3.76543983,48.48300362],[3.76695302,48.48279213]]]]},"geometry_name":"the_geom","properties":{"id_parcel":"2175640","code_cultu":"BTH","code_group":"1","culture_d1":"","culture_d2":"","surf_parc":14.89}},{"type":"Feature","id":"parcelles_graphiques.1306404","geometry":{"type":"MultiPolygon","coordinates":[[[[3.82960837,48.49132654],[3.83073656,48.49076428],[3.83124384,48.49051146],[3.83124508,48.4905131],[3.83124593,48.49051104],[3.83129885,48.49048407],[3.83126791,48.49044325],[3.83069596,48.49072829],[3.82952159,48.49131356],[3.82955304,48.49135481],[3.82960797,48.49132662],[3.82960837,48.49132654]]]]},"geometry_name":"the_geom","properties":{"id_parcel":"2175760","code_cultu":"SNE","code_group":"28","culture_d1":"","culture_d2":"","surf_parc":0.08}},{"type":"Feature","id":"parcelles_graphiques.1312300","geometry":{"type":"MultiPolygon","coordinates":[[[[3.78281174,48.48660293],[3.77878414,48.48679876],[3.77293603,48.48708287],[3.77303379,48.48748841],[3.782907,48.486985],[3.78281174,48.48660293]]]]},"geometry_name":"the_geom","properties":{"id_parcel":"2181066","code_cultu":"ORH","code_group":"3","culture_d1":"","culture_d2":"","surf_parc":3.23}},{"type":"Feature","id":"parcelles_graphiques.1339951","geometry":{"type":"MultiPolygon","coordinates":[[[[3.75841994,48.49515301],[3.75841995,48.495153],[3.75834481,48.49503437],[3.75834481,48.49503436],[3.75700239,48.49364569],[3.75564112,48.49227886],[3.75564111,48.49227886],[3.75412896,48.49226851],[3.75412895,48.49226853],[3.75637326,48.49463014],[3.75637327,48.49463014],[3.75637374,48.49463035],[3.75637375,48.49463036],[3.75637471,48.49463038],[3.75637471,48.49463038],[3.75771539,48.49439459],[3.75771539,48.49439459],[3.75771571,48.49439467],[3.75771571,48.49439468],[3.75841384,48.4951542],[3.75841384,48.4951542],[3.75841418,48.49515445],[3.75841418,48.49515445],[3.75841463,48.4951546],[3.75841464,48.4951546],[3.75841514,48.49515463],[3.75841515,48.49515463],[3.75841562,48.49515453],[3.75841562,48.49515453],[3.75841994,48.49515301]]]]},"geometry_name":"the_geom","properties":{"id_parcel":"2205952","code_cultu":"PPH","code_group":"18","culture_d1":"","culture_d2":"","surf_parc":2.86}},{"type":"Feature","id":"parcelles_graphiques.1341119","geometry":{"type":"MultiPolygon","coordinates":[[[[3.80268625,48.51796098],[3.80319013,48.51894727],[3.80320536,48.51897708],[3.80345821,48.51947199],[3.8041401,48.51931148],[3.8042445,48.51928518],[3.80378535,48.51853352],[3.80331562,48.51776452],[3.80268625,48.51796098]]]]},"geometry_name":"the_geom","properties":{"id_parcel":"2207002","code_cultu":"J6S","code_group":"11","culture_d1":"","culture_d2":"","surf_parc":1.02}},{"type":"Feature","id":"parcelles_graphiques.1354019","geometry":{"type":"MultiPolygon","coordinates":[[[[3.74987562,48.47882852],[3.74937726,48.47739491],[3.74807167,48.47769609],[3.74901611,48.47975518],[3.75008719,48.47932486],[3.74987562,48.47882852]]]]},"geometry_name":"the_geom","properties":{"id_parcel":"2218613","code_cultu":"CHV","code_group":"9","culture_d1":"","culture_d2":"","surf_parc":2.17}},{"type":"Feature","id":"parcelles_graphiques.1356079","geometry":{"type":"MultiPolygon","coordinates":[[[[3.81701205,48.48576983],[3.81691589,48.48576871],[3.8169151,48.4857686],[3.81676255,48.4857484],[3.81664932,48.48570929],[3.81654035,48.48561307],[3.81543414,48.48358784],[3.81432004,48.48155652],[3.81433598,48.48139717],[3.81433551,48.48139671],[3.81437898,48.48129786],[3.8144667,48.48123009],[3.8145538,48.4811854],[3.81430804,48.48078286],[3.81424688,48.4807006],[3.81391938,48.48077329],[3.81397227,48.48086961],[3.81422505,48.4814308],[3.81424713,48.48156313],[3.81425344,48.48157465],[3.81572935,48.4842695],[3.81530947,48.48432356],[3.81528895,48.48438559],[3.81530973,48.48445566],[3.81557098,48.48467762],[3.81575652,48.48482654],[3.81605943,48.48484946],[3.81662535,48.48588069],[3.81662904,48.48587963],[3.81701205,48.48576983]]]]},"geometry_name":"the_geom","properties":{"id_parcel":"2220467","code_cultu":"SNE","code_group":"28","culture_d1":"","culture_d2":"","surf_parc":0.68}},{"type":"Feature","id":"parcelles_graphiques.1356508","geometry":{"type":"MultiPolygon","coordinates":[[[[3.81601448,48.50281818],[3.81571508,48.50284234],[3.81785167,48.51002388],[3.81819833,48.50997374],[3.81858092,48.50991841],[3.81869124,48.50990114],[3.81652173,48.50277735],[3.81601448,48.50281818]]]]},"geometry_name":"the_geom","properties":{"id_parcel":"2220853","code_cultu":"DTY","code_group":"16","culture_d1":"","culture_d2":"","surf_parc":5}},{"type":"Feature","id":"parcelles_graphiques.1360425","geometry":{"type":"MultiPolygon","coordinates":[[[[3.80477881,48.51502115],[3.80470389,48.51526573],[3.80473401,48.51548739],[3.80476278,48.51584483],[3.80479316,48.5159565],[3.80484421,48.51600504],[3.80486018,48.51611205],[3.80488438,48.51628802],[3.80517872,48.51628725],[3.80528294,48.51629729],[3.80531864,48.51630098],[3.80540507,48.51631653],[3.80549033,48.51632786],[3.80562782,48.51641559],[3.80574082,48.51642435],[3.80578278,48.51641573],[3.8058597,48.51635035],[3.80592698,48.51629871],[3.80608751,48.51619527],[3.80621278,48.51615928],[3.80636575,48.51611603],[3.8065763,48.51606223],[3.80671989,48.5160803],[3.80707248,48.51606005],[3.80716361,48.51604515],[3.8074386,48.51594265],[3.80755557,48.51590563],[3.80797175,48.51571119],[3.80814924,48.51572069],[3.80819567,48.51571085],[3.80845596,48.51574598],[3.80874143,48.51567144],[3.80880574,48.51566029],[3.80885539,48.51568771],[3.80893131,48.51572965],[3.80899551,48.51582681],[3.8091543,48.51578526],[3.80929216,48.51566412],[3.80941269,48.51558118],[3.80956068,48.51553613],[3.80980047,48.51552022],[3.80996226,48.51544057],[3.810056,48.51536257],[3.81009607,48.5152897],[3.81010786,48.51519663],[3.81014743,48.51516613],[3.81032129,48.51505664],[3.81037144,48.5150563],[3.81043323,48.51499756],[3.81047085,48.51499731],[3.81070817,48.51493737],[3.81086375,48.51494766],[3.81094623,48.51489801],[3.81096247,48.51475871],[3.81096863,48.51475231],[3.81102414,48.51469509],[3.81122141,48.5147081],[3.81134123,48.51466642],[3.81143026,48.51457989],[3.81139589,48.51451747],[3.81129876,48.51448056],[3.81129877,48.51448056],[3.81129876,48.51448056],[3.81129874,48.51448056],[3.81119728,48.51419192],[3.81112072,48.51419203],[3.81112039,48.51419203],[3.81095825,48.51419075],[3.8109572,48.51419073],[3.81095719,48.51419073],[3.81063564,48.51417865],[3.8103799,48.51417149],[3.8100108,48.51416866],[3.80982582,48.51417227],[3.80966296,48.51419086],[3.80935921,48.51425847],[3.80911909,48.51432299],[3.80895502,48.51436754],[3.80895502,48.51436754],[3.80895345,48.51436792],[3.80895345,48.51436792],[3.80886062,48.51438819],[3.80886015,48.51438829],[3.80872979,48.51441477],[3.8087287,48.51441497],[3.8087287,48.51441497],[3.80865902,48.51442675],[3.80865632,48.51442709],[3.80865632,48.51442709],[3.80858387,48.51443354],[3.80858345,48.51443357],[3.80849863,48.51444009],[3.808125,48.51447236],[3.80773964,48.5145077],[3.80748577,48.51453143],[3.80694769,48.51458505],[3.80653751,48.51463006],[3.80620719,48.5146674],[3.80607886,48.51468191],[3.80599973,48.51469281],[3.80599908,48.51469289],[3.80589269,48.51470551],[3.80589269,48.51470551],[3.80589134,48.51470565],[3.80580546,48.51471248],[3.80580415,48.51471256],[3.80572046,48.5147161],[3.80572046,48.5147161],[3.80571907,48.51471613],[3.80563533,48.5147164],[3.80563419,48.51471639],[3.80563419,48.51471639],[3.80548343,48.51471206],[3.80530248,48.51470913],[3.80514105,48.51470874],[3.80514102,48.51470874],[3.80505428,48.51470844],[3.80498063,48.51471066],[3.80494065,48.51471712],[3.80489936,48.51472913],[3.80488012,48.51473754],[3.80477882,48.51502115],[3.80477881,48.51502116],[3.80477881,48.51502115]]]]},"geometry_name":"the_geom","properties":{"id_parcel":"2224379","code_cultu":"PPH","code_group":"18","culture_d1":"","culture_d2":"","surf_parc":6.96}},{"type":"Feature","id":"parcelles_graphiques.1372476","geometry":{"type":"MultiPolygon","coordinates":[[[[3.79117883,48.4773201],[3.7803508,48.47950049],[3.780772,48.480394],[3.78111783,48.48121398],[3.78114907,48.48120781],[3.78117897,48.48120226],[3.78146951,48.48114739],[3.78176224,48.48108952],[3.78205051,48.48103288],[3.78233788,48.48097624],[3.78419416,48.48060784],[3.7857631,48.48030023],[3.7886285,48.47972186],[3.78954809,48.47953752],[3.79046497,48.47935446],[3.79116141,48.47920841],[3.79185647,48.47906324],[3.79156592,48.47828587],[3.79125716,48.47751551],[3.79117883,48.4773201]]]]},"geometry_name":"the_geom","properties":{"id_parcel":"2235224","code_cultu":"BTH","code_group":"1","culture_d1":"","culture_d2":"","surf_parc":16.68}},{"type":"Feature","id":"parcelles_graphiques.1385275","geometry":{"type":"MultiPolygon","coordinates":[[[[3.76120569,48.53354617],[3.76120302,48.53353838],[3.76098731,48.53349216],[3.76078573,48.53343156],[3.76051259,48.53337856],[3.76028992,48.53334666],[3.76003507,48.53331973],[3.75962582,48.53330271],[3.75953128,48.53333307],[3.75950701,48.53334688],[3.76003127,48.5333666],[3.76028609,48.53339115],[3.76049442,48.53342314],[3.76076763,48.5334809],[3.76097248,48.53352005],[3.76120569,48.53354617]]]]},"geometry_name":"the_geom","properties":{"id_parcel":"2246744","code_cultu":"SNE","code_group":"28","culture_d1":"","culture_d2":"","surf_parc":0.06}},{"type":"Feature","id":"parcelles_graphiques.1408831","geometry":{"type":"MultiPolygon","coordinates":[[[[3.77898754,48.49782549],[3.77935036,48.49780785],[3.77923018,48.49727759],[3.7788696,48.49729456],[3.7757427,48.49744166],[3.77569766,48.4974957],[3.7758211,48.49797937],[3.77898754,48.49782549]]]]},"geometry_name":"the_geom","properties":{"id_parcel":"2267945","code_cultu":"BTN","code_group":"24","culture_d1":"","culture_d2":"","surf_parc":1.56}},{"type":"Feature","id":"parcelles_graphiques.1426520","geometry":{"type":"MultiPolygon","coordinates":[[[[3.81881776,48.51000178],[3.81964584,48.51221568],[3.82030813,48.51218612],[3.82044358,48.51214234],[3.82058561,48.51199198],[3.82081629,48.51193773],[3.81990398,48.50982172],[3.81935922,48.50992069],[3.81881776,48.51000178]]]]},"geometry_name":"the_geom","properties":{"id_parcel":"2283865","code_cultu":"BTH","code_group":"1","culture_d1":"","culture_d2":"","surf_parc":2.22}},{"type":"Feature","id":"parcelles_graphiques.1443797","geometry":{"type":"MultiPolygon","coordinates":[[[[3.81280731,48.49202469],[3.81245512,48.49138372],[3.81239319,48.49128394],[3.80990873,48.49139816],[3.8077081,48.49149689],[3.80118665,48.491793],[3.80143336,48.49283235],[3.80187239,48.4927978],[3.80249305,48.49273043],[3.80339654,48.49263499],[3.80521477,48.49243653],[3.80557024,48.49239771],[3.80599788,48.49237815],[3.80599862,48.49237812],[3.80713073,48.4923407],[3.80713136,48.49234067],[3.8127942,48.49207083],[3.81280731,48.49202469]]]]},"geometry_name":"the_geom","properties":{"id_parcel":"2299414","code_cultu":"ORH","code_group":"3","culture_d1":"","culture_d2":"","surf_parc":7.97}},{"type":"Feature","id":"parcelles_graphiques.1444322","geometry":{"type":"MultiPolygon","coordinates":[[[[3.80035938,48.48412196],[3.79577552,48.48508151],[3.79098866,48.4860711],[3.79122106,48.4872359],[3.79750729,48.48595134],[3.80098104,48.48523478],[3.80035938,48.48412196]]]]},"geometry_name":"the_geom","properties":{"id_parcel":"2299888","code_cultu":"BTH","code_group":"1","culture_d1":"","culture_d2":"","surf_parc":9.63}},{"type":"Feature","id":"parcelles_graphiques.1461361","geometry":{"type":"MultiPolygon","coordinates":[[[[3.81082298,48.53191196],[3.81087217,48.5323115],[3.81203485,48.53194652],[3.81251996,48.53177109],[3.81252004,48.53177118],[3.81318953,48.53152923],[3.81271576,48.53101223],[3.81244145,48.5311253],[3.81233268,48.53104422],[3.81219858,48.53093187],[3.81202224,48.53100002],[3.8119581,48.53102396],[3.81150656,48.53125674],[3.81111638,48.53151766],[3.81098668,48.53170539],[3.81082298,48.53191196]]]]},"geometry_name":"the_geom","properties":{"id_parcel":"2315220","code_cultu":"ORP","code_group":"3","culture_d1":"","culture_d2":"","surf_parc":1.35}},{"type":"Feature","id":"parcelles_graphiques.1469394","geometry":{"type":"MultiPolygon","coordinates":[[[[3.78690047,48.50402771],[3.78689884,48.50402781],[3.78677114,48.50257196],[3.78676474,48.50255532],[3.78674942,48.50254149],[3.78672743,48.50253248],[3.78670195,48.50252961],[3.78588614,48.5025426],[3.78553617,48.50156288],[3.78553464,48.50155926],[3.78552007,48.50152972],[3.78549489,48.50132638],[3.78549517,48.50132637],[3.78549112,48.50128147],[3.78542165,48.50128342],[3.78545327,48.50153869],[3.78547032,48.50157326],[3.78583295,48.50258844],[3.78670357,48.50257458],[3.78683534,48.50407686],[3.78690597,48.50407255],[3.78690047,48.50402771]]]]},"geometry_name":"the_geom","properties":{"id_parcel":"2322450","code_cultu":"J5M","code_group":"11","culture_d1":"","culture_d2":"","surf_parc":0.19}},{"type":"Feature","id":"parcelles_graphiques.1469855","geometry":{"type":"MultiPolygon","coordinates":[[[[3.79949986,48.50977295],[3.79949663,48.50976673],[3.79949207,48.5097614],[3.79948391,48.50975491],[3.79946363,48.50974642],[3.79943134,48.50974306],[3.79937938,48.50974222],[3.79929347,48.50974637],[3.79798718,48.50982894],[3.7973412,48.50987017],[3.7960332,48.50995868],[3.79602448,48.50997421],[3.79600668,48.50998147],[3.79585454,48.50998844],[3.79587074,48.5101121],[3.79611394,48.51209265],[3.79667712,48.51208144],[3.79723586,48.51207293],[3.79777125,48.51206101],[3.79782683,48.5120642],[3.79788431,48.51207453],[3.79797236,48.51209298],[3.79815621,48.51213875],[3.79826741,48.51217788],[3.79833035,48.51219412],[3.79839503,48.51220677],[3.79827512,48.5118309],[3.7983212,48.51182791],[3.79829414,48.51163886],[3.79975653,48.5115121],[3.79963106,48.51068342],[3.79949986,48.50977295]]]]},"geometry_name":"the_geom","properties":{"id_parcel":"2322866","code_cultu":"BTH","code_group":"1","culture_d1":"","culture_d2":"","surf_parc":6.17}},{"type":"Feature","id":"parcelles_graphiques.1486416","geometry":{"type":"MultiPolygon","coordinates":[[[[3.7753147,48.498762],[3.77507008,48.49868861],[3.77462727,48.4985344],[3.77455512,48.49849916],[3.77451407,48.49850896],[3.7745039,48.49854711],[3.7745584,48.4987217],[3.77480256,48.49936993],[3.77504667,48.50001339],[3.77538662,48.50096211],[3.77605518,48.50087972],[3.77581705,48.50027787],[3.7753147,48.498762]]]]},"geometry_name":"the_geom","properties":{"id_parcel":"2337771","code_cultu":"ORP","code_group":"3","culture_d1":"DTR","culture_d2":"DMD","surf_parc":1.32}},{"type":"Feature","id":"parcelles_graphiques.1494530","geometry":{"type":"MultiPolygon","coordinates":[[[[3.8003956,48.52896761],[3.80098138,48.53008894],[3.80106301,48.53006921],[3.80112126,48.53001503],[3.80125836,48.52993104],[3.80146752,48.52988292],[3.80096483,48.52882824],[3.80071289,48.52889194],[3.8003956,48.52896761]]]]},"geometry_name":"the_geom","properties":{"id_parcel":"2345073","code_cultu":"J6S","code_group":"11","culture_d1":"","culture_d2":"","surf_parc":0.54}},{"type":"Feature","id":"parcelles_graphiques.1497290","geometry":{"type":"MultiPolygon","coordinates":[[[[3.79374701,48.50014459],[3.79383064,48.50013838],[3.79382326,48.5000944],[3.79374141,48.5001],[3.79374701,48.50014459]]]]},"geometry_name":"the_geom","properties":{"id_parcel":"2347558","code_cultu":"SNE","code_group":"28","culture_d1":"","culture_d2":"","surf_parc":0}},{"type":"Feature","id":"parcelles_graphiques.1499949","geometry":{"type":"MultiPolygon","coordinates":[[[[3.78342341,48.50323502],[3.7834693,48.50354862],[3.78331144,48.50355981],[3.78356984,48.50449201],[3.78387573,48.50445635],[3.78370872,48.50340461],[3.78342341,48.50323502]]]]},"geometry_name":"the_geom","properties":{"id_parcel":"2349951","code_cultu":"J6S","code_group":"11","culture_d1":"","culture_d2":"","surf_parc":0.33}},{"type":"Feature","id":"parcelles_graphiques.1534869","geometry":{"type":"MultiPolygon","coordinates":[[[[3.78785673,48.50295862],[3.78769696,48.50217822],[3.7875288,48.5012241],[3.78549112,48.50128147],[3.78549517,48.50132637],[3.78549489,48.50132638],[3.78552007,48.50152972],[3.78553464,48.50155926],[3.78553617,48.50156288],[3.78588614,48.5025426],[3.78670195,48.50252961],[3.78672743,48.50253248],[3.78674942,48.50254149],[3.78676474,48.50255532],[3.78677114,48.50257196],[3.78689884,48.50402781],[3.78690047,48.50402771],[3.78690597,48.50407255],[3.78799975,48.50400583],[3.78799025,48.50396125],[3.78799321,48.50396107],[3.78778982,48.50296542],[3.78785673,48.50295862]]]]},"geometry_name":"the_geom","properties":{"id_parcel":"2381379","code_cultu":"ORH","code_group":"3","culture_d1":"","culture_d2":"","surf_parc":3.38}},{"type":"Feature","id":"parcelles_graphiques.1552133","geometry":{"type":"MultiPolygon","coordinates":[[[[3.79910788,48.49380504],[3.80182226,48.50030675],[3.80196058,48.50029968],[3.8020795,48.50029361],[3.80249469,48.50018924],[3.80319646,48.49986181],[3.80227297,48.497674],[3.80143187,48.4955993],[3.80056957,48.493539],[3.80044666,48.49352194],[3.7992718,48.49377038],[3.79910788,48.49380504]]]]},"geometry_name":"the_geom","properties":{"id_parcel":"2396917","code_cultu":"CZH","code_group":"5","culture_d1":"","culture_d2":"","surf_parc":8.32}},{"type":"Feature","id":"parcelles_graphiques.1561921","geometry":{"type":"MultiPolygon","coordinates":[[[[3.74719462,48.4858031],[3.74734022,48.4859871],[3.74773338,48.4864747],[3.75324955,48.48574011],[3.7633478,48.4843946],[3.76334781,48.48439459],[3.7631495,48.48361648],[3.76314948,48.48361648],[3.76314879,48.48361657],[3.76313757,48.48361811],[3.75811048,48.4843066],[3.753084,48.4849943],[3.75307551,48.48499546],[3.7530755,48.48499547],[3.75307581,48.4849968],[3.75307581,48.4849968],[3.74765597,48.48573986],[3.74719463,48.48580309],[3.74719462,48.4858031]]]]},"geometry_name":"the_geom","properties":{"id_parcel":"2405725","code_cultu":"BTH","code_group":"1","culture_d1":"","culture_d2":"","surf_parc":10.05}},{"type":"Feature","id":"parcelles_graphiques.1629872","geometry":{"type":"MultiPolygon","coordinates":[[[[3.79283772,48.49510997],[3.79280082,48.49511762],[3.79432913,48.49870216],[3.79397785,48.49874563],[3.79475927,48.50067311],[3.79652536,48.5005756],[3.79413287,48.4948414],[3.7931987,48.49503511],[3.79288231,48.49510072],[3.79283772,48.49510997]]]]},"geometry_name":"the_geom","properties":{"id_parcel":"2466882","code_cultu":"BTH","code_group":"1","culture_d1":"DPH","culture_d2":"DVS","surf_parc":7.2}},{"type":"Feature","id":"parcelles_graphiques.1640329","geometry":{"type":"MultiPolygon","coordinates":[[[[3.76835796,48.53104978],[3.76843281,48.53134592],[3.76876422,48.53266216],[3.76906904,48.53263645],[3.76914416,48.53262644],[3.76923373,48.53262468],[3.76930176,48.53262066],[3.76937136,48.53263162],[3.76944178,48.53263523],[3.76900916,48.53098151],[3.76891002,48.53060251],[3.76879002,48.53059348],[3.76861227,48.52994414],[3.76812903,48.53001633],[3.76810021,48.53003008],[3.76835796,48.53104978]]]]},"geometry_name":"the_geom","properties":{"id_parcel":"2476293","code_cultu":"BTH","code_group":"1","culture_d1":"","culture_d2":"","surf_parc":1.4}},{"type":"Feature","id":"parcelles_graphiques.1643901","geometry":{"type":"MultiPolygon","coordinates":[[[[3.78292768,48.48944444],[3.78246558,48.4908497],[3.78564447,48.49019319],[3.79151321,48.48896974],[3.79137126,48.48834229],[3.791226,48.4877327],[3.78292768,48.48944444]]]]},"geometry_name":"the_geom","properties":{"id_parcel":"2479508","code_cultu":"BTH","code_group":"1","culture_d1":"","culture_d2":"","surf_parc":9.3}},{"type":"Feature","id":"parcelles_graphiques.1661378","geometry":{"type":"MultiPolygon","coordinates":[[[[3.81070564,48.47803839],[3.8107072,48.47819658],[3.81071291,48.4783346],[3.81072933,48.47835472],[3.81075979,48.4783569],[3.81083393,48.47834687],[3.81437784,48.47658586],[3.81614871,48.47569893],[3.81792882,48.47483452],[3.81856638,48.47451116],[3.82042955,48.47358305],[3.82229449,48.47265848],[3.82517184,48.47124006],[3.82492435,48.47102875],[3.82481278,48.47092756],[3.82470912,48.47083938],[3.81069715,48.47779363],[3.81070564,48.47803839]]]]},"geometry_name":"the_geom","properties":{"id_parcel":"2495237","code_cultu":"LIP","code_group":"7","culture_d1":"","culture_d2":"","surf_parc":7.26}},{"type":"Feature","id":"parcelles_graphiques.1692305","geometry":{"type":"MultiPolygon","coordinates":[[[[3.77051294,48.50302009],[3.77108954,48.50408631],[3.77131696,48.50400144],[3.7707531,48.50298455],[3.77051294,48.50302009]]]]},"geometry_name":"the_geom","properties":{"id_parcel":"2523070","code_cultu":"ORP","code_group":"3","culture_d1":"","culture_d2":"","surf_parc":0.23}},{"type":"Feature","id":"parcelles_graphiques.1705196","geometry":{"type":"MultiPolygon","coordinates":[[[[3.76188862,48.53090907],[3.76192548,48.53097905],[3.76195735,48.53107643],[3.76201281,48.53128493],[3.76266417,48.53359732],[3.7628238,48.533607],[3.76297643,48.53362864],[3.76312934,48.53366931],[3.76328001,48.53367905],[3.7632287,48.53347825],[3.76315738,48.53325616],[3.76310339,48.53307566],[3.76305567,48.53291644],[3.76294074,48.53253039],[3.76286992,48.53234281],[3.76280976,48.53214921],[3.76270025,48.5317655],[3.76264122,48.5314029],[3.76257653,48.53114387],[3.76249404,48.53089328],[3.76239075,48.53067368],[3.76188862,48.53090907]]]]},"geometry_name":"the_geom","properties":{"id_parcel":"2534673","code_cultu":"MOT","code_group":"24","culture_d1":"","culture_d2":"","surf_parc":1.35}},{"type":"Feature","id":"parcelles_graphiques.1716167","geometry":{"type":"MultiPolygon","coordinates":[[[[3.76340066,48.51372949],[3.76275019,48.51390383],[3.76280416,48.51428869],[3.7635092,48.51416404],[3.76340066,48.51372949]]]]},"geometry_name":"the_geom","properties":{"id_parcel":"2544547","code_cultu":"SNE","code_group":"28","culture_d1":"","culture_d2":"","surf_parc":0.24}},{"type":"Feature","id":"parcelles_graphiques.1718276","geometry":{"type":"MultiPolygon","coordinates":[[[[3.77595798,48.530763],[3.77617304,48.5309693],[3.77633929,48.53106342],[3.77649914,48.53120995],[3.776797,48.53147935],[3.77687774,48.53160735],[3.77700844,48.53172075],[3.77756735,48.53219314],[3.77881697,48.53133274],[3.77821631,48.53076314],[3.7775553,48.53011773],[3.77747648,48.53014341],[3.77595798,48.530763]]]]},"geometry_name":"the_geom","properties":{"id_parcel":"2546445","code_cultu":"PTR","code_group":"19","culture_d1":"","culture_d2":"","surf_parc":2.43}},{"type":"Feature","id":"parcelles_graphiques.1728429","geometry":{"type":"MultiPolygon","coordinates":[[[[3.77015846,48.49616874],[3.77048583,48.49751784],[3.77074433,48.49846181],[3.77080854,48.49870228],[3.77101458,48.49950674],[3.77128848,48.50064669],[3.7715618,48.50167238],[3.77235408,48.50153811],[3.77262713,48.50147325],[3.77283732,48.50139691],[3.77302393,48.50129929],[3.77332047,48.50112717],[3.77362567,48.50093595],[3.7742748,48.50050685],[3.77467401,48.50025432],[3.77502913,48.50003845],[3.77466833,48.49907203],[3.77445416,48.49846279],[3.77333054,48.49786195],[3.77198945,48.49714349],[3.77015846,48.49616874]]]]},"geometry_name":"the_geom","properties":{"id_parcel":"2555583","code_cultu":"ORP","code_group":"3","culture_d1":"DTR","culture_d2":"DMD","surf_parc":11.54}},{"type":"Feature","id":"parcelles_graphiques.1733861","geometry":{"type":"MultiPolygon","coordinates":[[[[3.81792091,48.52432808],[3.81714844,48.52457791],[3.81797578,48.5258452],[3.81882107,48.52562569],[3.81792091,48.52432808]]]]},"geometry_name":"the_geom","properties":{"id_parcel":"2560471","code_cultu":"ORP","code_group":"3","culture_d1":"","culture_d2":"","surf_parc":1.02}},{"type":"Feature","id":"parcelles_graphiques.1755947","geometry":{"type":"MultiPolygon","coordinates":[[[[3.80091214,48.51450986],[3.8003421,48.5146381],[3.8000423,48.51470944],[3.79990288,48.51479582],[3.79981441,48.5149198],[3.79953806,48.5150695],[3.79934549,48.51517079],[3.79908691,48.5153512],[3.79886747,48.51554237],[3.79860314,48.51573518],[3.79825531,48.51593729],[3.79806139,48.51599121],[3.79766722,48.51603213],[3.7974922,48.5160404],[3.79728961,48.51600999],[3.79732068,48.51611602],[3.79742927,48.51626273],[3.79790746,48.51669571],[3.79819512,48.5166561],[3.79853014,48.51689307],[3.79858425,48.5169177],[3.79863088,48.51692096],[3.79865771,48.51691839],[3.79867553,48.51691232],[3.7987275,48.51690291],[3.79870389,48.5168919],[3.7986842,48.51689322],[3.79861794,48.51689486],[3.79855317,48.51687625],[3.79821092,48.51663457],[3.79818761,48.51663354],[3.79816787,48.51663129],[3.79793711,48.51665307],[3.79748665,48.5162455],[3.7974353,48.51617568],[3.79743604,48.51617566],[3.79735288,48.51610185],[3.79735952,48.51606669],[3.79759969,48.5160752],[3.79786538,48.51605378],[3.79799608,48.51604873],[3.79813171,48.51601509],[3.79827396,48.51600461],[3.79843014,48.51590835],[3.79860616,48.51582148],[3.79883433,48.51568844],[3.79927621,48.5153564],[3.79933596,48.51528042],[3.79952132,48.51521907],[3.79965532,48.51513724],[3.79980941,48.51502195],[3.79999995,48.51483025],[3.80010267,48.51475279],[3.80010942,48.51472537],[3.80019778,48.51470514],[3.8005776,48.51465022],[3.80070582,48.51465947],[3.80082023,48.51464442],[3.8009028,48.51459626],[3.80091289,48.51455335],[3.80092139,48.51452353],[3.80091214,48.51450986]]]]},"geometry_name":"the_geom","properties":{"id_parcel":"2580349","code_cultu":"SNE","code_group":"28","culture_d1":"","culture_d2":"","surf_parc":0.3}},{"type":"Feature","id":"parcelles_graphiques.1789203","geometry":{"type":"MultiPolygon","coordinates":[[[[3.78820756,48.52503822],[3.7880214,48.52528819],[3.78780451,48.52552051],[3.7869639,48.52609734],[3.78638591,48.52650462],[3.78583292,48.52690696],[3.78546088,48.5271891],[3.78546005,48.52725337],[3.78547339,48.52730684],[3.78561288,48.52740827],[3.7856597,48.52754363],[3.78565875,48.52759957],[3.78541115,48.52805584],[3.7852504,48.52832944],[3.78515253,48.52849432],[3.78565712,48.52856715],[3.78601139,48.52865288],[3.78637783,48.52883373],[3.78648582,48.52874614],[3.78626759,48.52865118],[3.78596494,48.5285425],[3.78576628,48.52831889],[3.78565579,48.52811968],[3.78565369,48.52797926],[3.78575189,48.52783698],[3.78611396,48.52772629],[3.78637057,48.52775196],[3.78661709,48.52782174],[3.78756988,48.52779282],[3.78852295,48.52778293],[3.7890865,48.52772564],[3.78948001,48.52529993],[3.78820756,48.52503822]]]]},"geometry_name":"the_geom","properties":{"id_parcel":"2610279","code_cultu":"MIS","code_group":"2","culture_d1":"","culture_d2":"","surf_parc":6.17}},{"type":"Feature","id":"parcelles_graphiques.1795295","geometry":{"type":"MultiPolygon","coordinates":[[[[3.76754155,48.47251948],[3.76513424,48.46577008],[3.76292208,48.46625205],[3.76529744,48.47303859],[3.76638941,48.47280185],[3.76754155,48.47251948]]]]},"geometry_name":"the_geom","properties":{"id_parcel":"2615762","code_cultu":"BTN","code_group":"24","culture_d1":"","culture_d2":"","surf_parc":13.39}},{"type":"Feature","id":"parcelles_graphiques.1818458","geometry":{"type":"MultiPolygon","coordinates":[[[[3.78304474,48.49613201],[3.77542204,48.49646285],[3.77568675,48.49736687],[3.78316264,48.49700924],[3.78320748,48.49689469],[3.78304474,48.49613201]]]]},"geometry_name":"the_geom","properties":{"id_parcel":"2636609","code_cultu":"BTN","code_group":"24","culture_d1":"","culture_d2":"","surf_parc":5.6}},{"type":"Feature","id":"parcelles_graphiques.1838971","geometry":{"type":"MultiPolygon","coordinates":[[[[3.77831357,48.47746287],[3.77918358,48.4774167],[3.77924524,48.47734964],[3.77892509,48.47640259],[3.77884262,48.47591159],[3.77868437,48.47537943],[3.77854038,48.47496382],[3.7784486,48.47468949],[3.77837022,48.47447339],[3.77768975,48.47281834],[3.77718639,48.47291209],[3.77666892,48.47302021],[3.77615577,48.47312537],[3.77610502,48.47313577],[3.77553757,48.47325374],[3.77617846,48.47501606],[3.77651222,48.47588865],[3.77655459,48.47600025],[3.77659786,48.47611214],[3.77668346,48.47633265],[3.77685469,48.47677487],[3.77688356,48.47685115],[3.77691478,48.47693425],[3.77697713,48.47709571],[3.77709804,48.47740347],[3.77712456,48.47747173],[3.77716471,48.47752383],[3.77780404,48.47748991],[3.77800543,48.47747922],[3.77831357,48.47746287]]]]},"geometry_name":"the_geom","properties":{"id_parcel":"2655070","code_cultu":"BTH","code_group":"1","culture_d1":"DMD","culture_d2":"DVS","surf_parc":8.42}},{"type":"Feature","id":"parcelles_graphiques.1841571","geometry":{"type":"MultiPolygon","coordinates":[[[[3.79207256,48.53083052],[3.7925541,48.53086077],[3.79327065,48.53072865],[3.79562097,48.53009765],[3.79631094,48.52993222],[3.7962859,48.52991614],[3.7959547,48.5299788],[3.7957994,48.53000981],[3.79563865,48.53004968],[3.7955299,48.53007388],[3.79552902,48.53007371],[3.79553042,48.53009291],[3.79326565,48.53069358],[3.79325215,48.53065508],[3.79260459,48.53080563],[3.7920543,48.5308127],[3.79207256,48.53083052]]]]},"geometry_name":"the_geom","properties":{"id_parcel":"2657410","code_cultu":"SNE","code_group":"28","culture_d1":"","culture_d2":"","surf_parc":0.13}},{"type":"Feature","id":"parcelles_graphiques.1848793","geometry":{"type":"MultiPolygon","coordinates":[[[[3.74281722,48.48927536],[3.75285686,48.49066507],[3.75289067,48.49033859],[3.75289356,48.49033898],[3.75292123,48.49005037],[3.75217732,48.48960742],[3.75136136,48.48912693],[3.751109,48.48898256],[3.75110361,48.48898181],[3.74963728,48.48812997],[3.74324491,48.48723832],[3.7387526,48.48661147],[3.73867244,48.48724669],[3.73853143,48.48833568],[3.73852961,48.48833569],[3.73848569,48.48867643],[3.73849218,48.48867639],[3.73850542,48.48867822],[3.74281722,48.48927536]]]]},"geometry_name":"the_geom","properties":{"id_parcel":"2663910","code_cultu":"ORP","code_group":"3","culture_d1":"","culture_d2":"","surf_parc":22.62}},{"type":"Feature","id":"parcelles_graphiques.1886971","geometry":{"type":"MultiPolygon","coordinates":[[[[3.76962215,48.51226581],[3.770072,48.512685],[3.77039899,48.512527],[3.770642,48.512501],[3.770681,48.51252929],[3.77174935,48.51248063],[3.77176,48.51223347],[3.77171011,48.51208103],[3.77160029,48.51182292],[3.77137009,48.51152769],[3.77103559,48.51165286],[3.77035227,48.51192871],[3.769569,48.512229],[3.76958534,48.51225792],[3.76962215,48.51226581]]]]},"geometry_name":"the_geom","properties":{"id_parcel":"2698271","code_cultu":"J6S","code_group":"11","culture_d1":"","culture_d2":"","surf_parc":1.15}},{"type":"Feature","id":"parcelles_graphiques.1965693","geometry":{"type":"MultiPolygon","coordinates":[[[[3.77626784,48.47305978],[3.77593794,48.47220113],[3.7757777,48.47222806],[3.7759625,48.47270394],[3.77611581,48.47309137],[3.77626784,48.47305978]]]]},"geometry_name":"the_geom","properties":{"id_parcel":"2769120","code_cultu":"PPR","code_group":"8","culture_d1":"","culture_d2":"","surf_parc":0.12}},{"type":"Feature","id":"parcelles_graphiques.2000178","geometry":{"type":"MultiPolygon","coordinates":[[[[3.80996666,48.48688142],[3.80981141,48.48681974],[3.80875375,48.48686101],[3.80845132,48.48687021],[3.80819015,48.48688508],[3.80758375,48.48692015],[3.80650498,48.48697389],[3.80600235,48.48700468],[3.8058324,48.48701297],[3.80567676,48.48702117],[3.80553358,48.48702452],[3.8054155,48.48703008],[3.80499853,48.48704243],[3.80456747,48.48707034],[3.80429025,48.48708888],[3.80408459,48.48710456],[3.80396836,48.48711367],[3.80388248,48.48711783],[3.8036517,48.48712982],[3.80340659,48.4871408],[3.80314706,48.48714612],[3.80290911,48.48715654],[3.80264788,48.48716783],[3.80244034,48.48717756],[3.80222209,48.48718856],[3.80198766,48.48719609],[3.80180875,48.48720444],[3.80166739,48.48721016],[3.80155465,48.4872133],[3.80135972,48.4872277],[3.80115214,48.48723506],[3.80088737,48.48724874],[3.80070665,48.48725591],[3.80049007,48.48725975],[3.80032883,48.48725251],[3.80019644,48.48725935],[3.80008773,48.48729222],[3.80004224,48.48734437],[3.800317,48.488283],[3.80815101,48.487941],[3.81048901,48.48783],[3.81046581,48.48778544],[3.80996666,48.48688142]]]]},"geometry_name":"the_geom","properties":{"id_parcel":"2800156","code_cultu":"BTH","code_group":"1","culture_d1":"","culture_d2":"","surf_parc":8.48}},{"type":"Feature","id":"parcelles_graphiques.2026051","geometry":{"type":"MultiPolygon","coordinates":[[[[3.78382978,48.5302026],[3.78251762,48.52920678],[3.78204321,48.5295955],[3.78270205,48.53003865],[3.78342462,48.53042901],[3.78382978,48.5302026]]]]},"geometry_name":"the_geom","properties":{"id_parcel":"2823442","code_cultu":"J5M","code_group":"11","culture_d1":"","culture_d2":"","surf_parc":0.7}},{"type":"Feature","id":"parcelles_graphiques.2056931","geometry":{"type":"MultiPolygon","coordinates":[[[[3.80307661,48.51038061],[3.80413798,48.51026989],[3.80521573,48.51014715],[3.80523629,48.51014492],[3.80525595,48.51014241],[3.80527023,48.51013874],[3.80528802,48.51013089],[3.80529685,48.5101225],[3.80529844,48.51010999],[3.8042378,48.50696657],[3.80423551,48.50696331],[3.804231,48.50696096],[3.80422427,48.50696012],[3.80421576,48.50696017],[3.80420099,48.50696087],[3.80418445,48.50696247],[3.80414913,48.50696598],[3.80240055,48.50710872],[3.80307661,48.51038061]]]]},"geometry_name":"the_geom","properties":{"id_parcel":"2851234","code_cultu":"BTH","code_group":"1","culture_d1":"","culture_d2":"","surf_parc":5.53}},{"type":"Feature","id":"parcelles_graphiques.2066868","geometry":{"type":"MultiPolygon","coordinates":[[[[3.76592516,48.51282115],[3.76592032,48.51269971],[3.76588705,48.51263051],[3.76575732,48.5125844],[3.76565454,48.51259424],[3.76540327,48.51264078],[3.76518607,48.51270648],[3.76499821,48.5127822],[3.76464076,48.5129223],[3.76441043,48.51303504],[3.76419421,48.5131681],[3.76394405,48.51329118],[3.76385861,48.51333154],[3.76379949,48.51317472],[3.76376267,48.51307289],[3.76369184,48.51295699],[3.76359812,48.51285041],[3.76350355,48.51279181],[3.76335249,48.51275706],[3.76313418,48.51274622],[3.76273642,48.51275591],[3.76264013,48.51279021],[3.76259016,48.51283953],[3.76256026,48.51291016],[3.76270181,48.51378281],[3.76270547,48.51379725],[3.76284946,48.51376775],[3.76298593,48.51374952],[3.76314584,48.5137587],[3.76320163,48.51378107],[3.76359185,48.51367699],[3.76446541,48.5134441],[3.76494042,48.5133211],[3.76542271,48.51319779],[3.76549232,48.51318038],[3.76553773,48.51316288],[3.76555199,48.51315739],[3.7655983,48.51314519],[3.76568642,48.51309419],[3.76581081,48.51298622],[3.76592516,48.51282115]]]]},"geometry_name":"the_geom","properties":{"id_parcel":"2860178","code_cultu":"PTR","code_group":"19","culture_d1":"","culture_d2":"","surf_parc":1.68}},{"type":"Feature","id":"parcelles_graphiques.2095416","geometry":{"type":"MultiPolygon","coordinates":[[[[3.75755164,48.48748999],[3.75660623,48.48762803],[3.7539139,48.48815573],[3.75464342,48.49070398],[3.7546703,48.49082966],[3.75519377,48.49112298],[3.75580841,48.4914059],[3.75631796,48.49160727],[3.75686498,48.49178954],[3.75723175,48.49189313],[3.75779771,48.49202877],[3.75963334,48.49242169],[3.76002259,48.49250565],[3.760046,48.49251069],[3.758595,48.48734679],[3.75755164,48.48748999]]]]},"geometry_name":"the_geom","properties":{"id_parcel":"2885872","code_cultu":"BTH","code_group":"1","culture_d1":"","culture_d2":"","surf_parc":16.64}},{"type":"Feature","id":"parcelles_graphiques.2121655","geometry":{"type":"MultiPolygon","coordinates":[[[[3.7696039,48.51227243],[3.76931054,48.51241004],[3.76973547,48.51288639],[3.77004825,48.51269769],[3.7696039,48.51227243]]]]},"geometry_name":"the_geom","properties":{"id_parcel":"2909487","code_cultu":"PTR","code_group":"19","culture_d1":"","culture_d2":"","surf_parc":0.17}},{"type":"Feature","id":"parcelles_graphiques.2148369","geometry":{"type":"MultiPolygon","coordinates":[[[[3.77143651,48.48173399],[3.77158388,48.48202606],[3.77159095,48.4820615],[3.77159381,48.48207449],[3.77160263,48.48211451],[3.77163994,48.48227762],[3.77164124,48.48228326],[3.77167626,48.48243448],[3.78121433,48.48196867],[3.78094333,48.4813357],[3.78094332,48.48133566],[3.78094331,48.48133566],[3.78094331,48.48133566],[3.78049353,48.48039922],[3.78021536,48.47982006],[3.78021535,48.47982006],[3.78020717,48.47982044],[3.78019728,48.4798209],[3.78019052,48.47982122],[3.78018236,48.4798216],[3.77653436,48.47999216],[3.77426692,48.48009802],[3.77083344,48.48026474],[3.77082372,48.48026521],[3.77082371,48.48026522],[3.77096228,48.48063591],[3.77096228,48.48063591],[3.77096228,48.48063591],[3.77097624,48.48067324],[3.77097624,48.48067324],[3.77097624,48.48067325],[3.77097624,48.48067325],[3.77097624,48.48067325],[3.77105094,48.48087308],[3.77108528,48.48096493],[3.77111984,48.48105737],[3.77113857,48.48110747],[3.7711464,48.48112842],[3.77115079,48.48114015],[3.77115079,48.48114015],[3.77115079,48.48114015],[3.7711867,48.48123621],[3.7711867,48.48123621],[3.77143651,48.48173398],[3.77143651,48.48173398],[3.77143651,48.48173399],[3.77143651,48.48173399]],[[3.77126056,48.48124442],[3.77123046,48.48116971],[3.78032736,48.48072587],[3.78036091,48.48079659],[3.77126056,48.48124442]]]]},"geometry_name":"the_geom","properties":{"id_parcel":"2933529","code_cultu":"ORP","code_group":"3","culture_d1":"DFV","culture_d2":"DPH","surf_parc":16.59}},{"type":"Feature","id":"parcelles_graphiques.2157494","geometry":{"type":"MultiPolygon","coordinates":[[[[3.82933521,48.47514146],[3.81913387,48.48018349],[3.8191797,48.48026708],[3.81991317,48.48160471],[3.82067341,48.4829911],[3.82071244,48.48306226],[3.82121721,48.48398272],[3.83237863,48.47846534],[3.83245702,48.47836193],[3.83172155,48.47763543],[3.83167341,48.47758789],[3.83099788,48.47692058],[3.83050483,48.47639301],[3.82945216,48.4752666],[3.82933521,48.47514146]]]]},"geometry_name":"the_geom","properties":{"id_parcel":"2941741","code_cultu":"BTH","code_group":"1","culture_d1":"DMD","culture_d2":"DPH","surf_parc":42.53}},{"type":"Feature","id":"parcelles_graphiques.2162192","geometry":{"type":"MultiPolygon","coordinates":[[[[3.79219879,48.50021093],[3.79251425,48.50018585],[3.79249423,48.50006407],[3.79258633,48.49995903],[3.79280546,48.49981211],[3.79259609,48.49886432],[3.79212917,48.4988957],[3.79222309,48.49932898],[3.79197415,48.49935263],[3.7921256,48.49988953],[3.79219879,48.50021093]]]]},"geometry_name":"the_geom","properties":{"id_parcel":"2945970","code_cultu":"J6S","code_group":"11","culture_d1":"","culture_d2":"","surf_parc":0.6}},{"type":"Feature","id":"parcelles_graphiques.2222927","geometry":{"type":"MultiPolygon","coordinates":[[[[3.81362162,48.51324351],[3.81345301,48.51324228],[3.81337692,48.51334618],[3.8135333,48.51378003],[3.81340363,48.51390834],[3.81345633,48.51426416],[3.81380673,48.51422643],[3.8139615,48.51413554],[3.81362162,48.51324351]]]]},"geometry_name":"the_geom","properties":{"id_parcel":"300063","code_cultu":"PPH","code_group":"18","culture_d1":"","culture_d2":"","surf_parc":0.29}},{"type":"Feature","id":"parcelles_graphiques.2237224","geometry":{"type":"MultiPolygon","coordinates":[[[[3.79369915,48.52967802],[3.79373632,48.52965252],[3.79359155,48.52955828],[3.79343225,48.52945163],[3.79321652,48.52933644],[3.79314347,48.52931313],[3.79264533,48.52931236],[3.79239696,48.52924015],[3.79205429,48.52909248],[3.79162142,48.52890495],[3.79111538,48.52861793],[3.79076372,48.52858694],[3.79044474,48.5285843],[3.79025877,48.52860934],[3.79009821,48.52865563],[3.78998057,48.52869688],[3.78986698,48.52876904],[3.78981467,48.5288646],[3.78968126,48.52904876],[3.78965077,48.5291656],[3.78980432,48.5293669],[3.78996395,48.52949675],[3.79007636,48.52958407],[3.79034515,48.52982269],[3.79040263,48.53006985],[3.79042364,48.53014105],[3.79066045,48.53029426],[3.79093806,48.53040428],[3.79108978,48.5304842],[3.79136047,48.53061093],[3.79163084,48.53071624],[3.79192296,48.53060005],[3.79214002,48.53051547],[3.79267423,48.53027609],[3.79295218,48.53017793],[3.79299494,48.53016651],[3.79314814,48.53005603],[3.79367694,48.52969326],[3.79355897,48.52965506],[3.79336806,48.52982771],[3.79306958,48.52999632],[3.79272057,48.53014146],[3.79246372,48.53021934],[3.79222236,48.53037328],[3.79189492,48.53052304],[3.79147265,48.53056393],[3.79133519,48.53047916],[3.79099584,48.5303148],[3.79074307,48.53018795],[3.79062711,48.53010304],[3.79048757,48.52988022],[3.79037018,48.5297001],[3.79009448,48.52947819],[3.78991201,48.52926042],[3.78991638,48.52907474],[3.78999256,48.52889809],[3.79016993,48.5287779],[3.7904194,48.52868579],[3.79076332,48.52867875],[3.79103651,48.52873405],[3.79162883,48.52903954],[3.79211222,48.52925054],[3.79256595,48.5293951],[3.79298211,48.52942564],[3.79321926,48.52946691],[3.79354435,48.52963611],[3.79369915,48.52967802]]]]},"geometry_name":"the_geom","properties":{"id_parcel":"3013498","code_cultu":"PPH","code_group":"18","culture_d1":"","culture_d2":"","surf_parc":0.88}},{"type":"Feature","id":"parcelles_graphiques.2242436","geometry":{"type":"MultiPolygon","coordinates":[[[[3.80788284,48.49237001],[3.80719129,48.49240268],[3.809945,48.49906189],[3.81029115,48.49990781],[3.81166004,48.49983776],[3.81181572,48.49982956],[3.81234002,48.49980336],[3.81260124,48.4997873],[3.812739,48.49977921],[3.81283944,48.49977052],[3.80810451,48.49235985],[3.80788284,48.49237001]]]]},"geometry_name":"the_geom","properties":{"id_parcel":"3018189","code_cultu":"ORH","code_group":"3","culture_d1":"","culture_d2":"","surf_parc":10.89}},{"type":"Feature","id":"parcelles_graphiques.2256685","geometry":{"type":"MultiPolygon","coordinates":[[[[3.80099256,48.47585447],[3.8009977,48.47586842],[3.80099833,48.47587],[3.80120203,48.47638476],[3.80141026,48.47689683],[3.80150595,48.47713154],[3.80160128,48.47736535],[3.80161209,48.47739097],[3.80178162,48.47737914],[3.80195585,48.47736603],[3.80225537,48.47734527],[3.80225539,48.47734675],[3.802457,48.4773323],[3.80265861,48.47731844],[3.80306649,48.4772907],[3.80413581,48.47721681],[3.80627263,48.47706784],[3.80833971,48.47692406],[3.80948678,48.47684364],[3.81055414,48.47676834],[3.81055231,48.47676853],[3.81055482,48.47676829],[3.81034806,48.47579933],[3.81032569,48.47567404],[3.8102893,48.47547016],[3.81028929,48.47547016],[3.81028928,48.47547006],[3.8102094,48.47520907],[3.81017073,48.4752117],[3.80559646,48.47553471],[3.80102652,48.47585126],[3.80099256,48.47585447]]]]},"geometry_name":"the_geom","properties":{"id_parcel":"3031011","code_cultu":"LUD","code_group":"16","culture_d1":"","culture_d2":"","surf_parc":11.81}},{"type":"Feature","id":"parcelles_graphiques.2271324","geometry":{"type":"MultiPolygon","coordinates":[[[[3.83188001,48.52685885],[3.83189552,48.52686272],[3.83189552,48.52686272],[3.83189552,48.52686272],[3.83189552,48.52686272],[3.83189552,48.52686272],[3.83189552,48.52686271],[3.83189553,48.52686271],[3.83189553,48.52686271],[3.83513447,48.52508247],[3.83513447,48.52508247],[3.8351345,48.52508245],[3.8351345,48.52508245],[3.8351345,48.52508245],[3.83543077,48.52491549],[3.83543077,48.52491549],[3.83543079,48.52491547],[3.83543079,48.52491547],[3.83543079,48.52491547],[3.83555766,48.52478128],[3.83555766,48.52478128],[3.8356243,48.52473228],[3.8356243,48.52473228],[3.8356243,48.52473228],[3.83562429,48.52473227],[3.83562429,48.52473227],[3.83562429,48.52473227],[3.83562429,48.52473227],[3.83426554,48.5254843],[3.8318124,48.52684196],[3.83181241,48.52684196],[3.83181241,48.52684196],[3.83188001,48.52685885]]]]},"geometry_name":"the_geom","properties":{"id_parcel":"3044188","code_cultu":"SNE","code_group":"28","culture_d1":"","culture_d2":"","surf_parc":0.22}},{"type":"Feature","id":"parcelles_graphiques.2363126","geometry":{"type":"MultiPolygon","coordinates":[[[[3.76377655,48.4859704],[3.76355187,48.48519219],[3.76355185,48.48519218],[3.76355147,48.48519223],[3.75602544,48.48620718],[3.75227065,48.48671559],[3.74851265,48.48722096],[3.74851265,48.48722098],[3.74951115,48.48786604],[3.75067008,48.48852996],[3.75067009,48.48852997],[3.75365959,48.48811577],[3.75462163,48.48794293],[3.75568919,48.48773589],[3.75656197,48.48756102],[3.76391746,48.48657573],[3.76391747,48.48657572],[3.76386236,48.4862698],[3.76377655,48.4859704]]]]},"geometry_name":"the_geom","properties":{"id_parcel":"312681","code_cultu":"OEI","code_group":"7","culture_d1":"","culture_d2":"","surf_parc":17.41}},{"type":"Feature","id":"parcelles_graphiques.2369981","geometry":{"type":"MultiPolygon","coordinates":[[[[3.81595933,48.52949808],[3.8159153,48.52943174],[3.81400917,48.53038024],[3.81406742,48.53043935],[3.81595933,48.52949808]]]]},"geometry_name":"the_geom","properties":{"id_parcel":"313298","code_cultu":"J6S","code_group":"11","culture_d1":"","culture_d2":"","surf_parc":0.14}},{"type":"Feature","id":"parcelles_graphiques.2379098","geometry":{"type":"MultiPolygon","coordinates":[[[[3.76924166,48.48246006],[3.76932297,48.48244826],[3.76854847,48.48051942],[3.76851231,48.4805167],[3.76852324,48.48046783],[3.76852786,48.4804681],[3.7655927,48.47315695],[3.76449185,48.47344617],[3.7640841,48.4735934],[3.76382915,48.47369849],[3.76561797,48.47821201],[3.76740393,48.48272671],[3.76901717,48.48249263],[3.76924166,48.48246006]]]]},"geometry_name":"the_geom","properties":{"id_parcel":"3141184","code_cultu":"ORP","code_group":"3","culture_d1":"","culture_d2":"","surf_parc":15.12}},{"type":"Feature","id":"parcelles_graphiques.2384306","geometry":{"type":"MultiPolygon","coordinates":[[[[3.79395781,48.49877525],[3.79332096,48.49881997],[3.79371559,48.50075727],[3.79420934,48.50072267],[3.79395781,48.49877525]],[[3.79360603,48.49894579],[3.79374255,48.49894369],[3.79374247,48.49899784],[3.7936064,48.49899964],[3.79360603,48.49894579]],[[3.79365259,48.4991379],[3.79378863,48.49913402],[3.79379393,48.49918813],[3.79365609,48.49919143],[3.79365259,48.4991379]],[[3.79376721,48.49964447],[3.79376149,48.49959215],[3.79389656,48.49958321],[3.79390453,48.49963671],[3.79376721,48.49964447]],[[3.79376328,48.5002435],[3.79375901,48.50019831],[3.79375946,48.5001983],[3.79383908,48.50019361],[3.79384559,48.50023938],[3.79376328,48.5002435]],[[3.79374701,48.50014459],[3.79374141,48.5001],[3.79382326,48.5000944],[3.79383064,48.50013838],[3.79374701,48.50014459]]]]},"geometry_name":"the_geom","properties":{"id_parcel":"3145872","code_cultu":"PPH","code_group":"18","culture_d1":"","culture_d2":"","surf_parc":0.89}},{"type":"Feature","id":"parcelles_graphiques.2390020","geometry":{"type":"MultiPolygon","coordinates":[[[[3.80106223,48.51455714],[3.80371759,48.51379127],[3.80375761,48.51380231],[3.80379201,48.513846],[3.8037936,48.51384554],[3.80403958,48.51412945],[3.80455085,48.51471952],[3.80459888,48.51481441],[3.80455026,48.51491471],[3.80438335,48.51501105],[3.80420208,48.51510511],[3.803739,48.51527962],[3.80326145,48.51544471],[3.80279453,48.51560258],[3.80236065,48.51581259],[3.80220795,48.51590169],[3.80218245,48.51593756],[3.80280202,48.51562395],[3.80348991,48.51539079],[3.80400665,48.51521116],[3.80428425,48.51509027],[3.80447609,48.51498424],[3.80459325,48.51491442],[3.80463832,48.51481652],[3.80461515,48.51470718],[3.80372923,48.51370632],[3.80238839,48.51411289],[3.80101502,48.51449615],[3.80106223,48.51455714]]]]},"geometry_name":"the_geom","properties":{"id_parcel":"3151013","code_cultu":"SNE","code_group":"28","culture_d1":"","culture_d2":"","surf_parc":0.27}},{"type":"Feature","id":"parcelles_graphiques.2403223","geometry":{"type":"MultiPolygon","coordinates":[[[[3.78974828,48.49720638],[3.78976559,48.4973494],[3.79085496,48.49729431],[3.79082577,48.49714149],[3.79076558,48.49689616],[3.7907359,48.49677883],[3.79071996,48.49672111],[3.79070535,48.49666289],[3.7905869,48.49621446],[3.79042876,48.49566689],[3.79041413,48.49564077],[3.79038786,48.49562071],[3.79032699,48.49562171],[3.79026171,48.49562691],[3.79016526,48.49564302],[3.7900751,48.49566088],[3.78989929,48.49569894],[3.78972259,48.49573731],[3.78951909,48.49577972],[3.7895879,48.49618749],[3.78962509,48.49639789],[3.78965835,48.49658512],[3.78970143,48.49688951],[3.78972233,48.49702922],[3.78974333,48.49717487],[3.78974828,48.49720638]]]]},"geometry_name":"the_geom","properties":{"id_parcel":"3162898","code_cultu":"PPR","code_group":"8","culture_d1":"","culture_d2":"","surf_parc":1.37}},{"type":"Feature","id":"parcelles_graphiques.2460984","geometry":{"type":"MultiPolygon","coordinates":[[[[3.77899622,48.51903715],[3.78034421,48.51876399],[3.7802518,48.51830467],[3.77994756,48.51794979],[3.77966996,48.5174479],[3.77890365,48.51717405],[3.7789493,48.51811477],[3.77890998,48.51815726],[3.77899622,48.51903715]]]]},"geometry_name":"the_geom","properties":{"id_parcel":"3214882","code_cultu":"ORP","code_group":"3","culture_d1":"","culture_d2":"","surf_parc":1.45}},{"type":"Feature","id":"parcelles_graphiques.2493047","geometry":{"type":"MultiPolygon","coordinates":[[[[3.80177134,48.47778027],[3.80177147,48.47778059],[3.80177147,48.47778061],[3.80203251,48.47841695],[3.8022547,48.47895915],[3.81062071,48.47837509],[3.81064146,48.47832794],[3.81062955,48.47723195],[3.81055496,48.47676913],[3.81055482,48.47676829],[3.80948678,48.47684364],[3.80833971,48.47692406],[3.80729723,48.47699661],[3.80627263,48.47706784],[3.80413581,48.47721681],[3.80306649,48.4772907],[3.80225531,48.4773469],[3.80160951,48.47739259],[3.80165798,48.47750521],[3.80177134,48.47778027]]]]},"geometry_name":"the_geom","properties":{"id_parcel":"3243739","code_cultu":"BTH","code_group":"1","culture_d1":"","culture_d2":"","surf_parc":11.5}},{"type":"Feature","id":"parcelles_graphiques.2504852","geometry":{"type":"MultiPolygon","coordinates":[[[[3.78777103,48.50443989],[3.78776042,48.50444969],[3.78755599,48.50455221],[3.78728485,48.50462422],[3.78696497,48.50467157],[3.78696131,48.50479232],[3.78698027,48.50484875],[3.79221821,48.50445337],[3.79214692,48.50412061],[3.79202988,48.50313],[3.79199901,48.50310164],[3.79194854,48.50308056],[3.78929001,48.50326606],[3.78897543,48.50330742],[3.7888187,48.50336559],[3.78863092,48.50358876],[3.78868798,48.50389162],[3.78829919,48.50395221],[3.78796453,48.50426122],[3.78803173,48.50426077],[3.78783744,48.50444017],[3.78777103,48.50443989]]]]},"geometry_name":"the_geom","properties":{"id_parcel":"3254363","code_cultu":"CZH","code_group":"5","culture_d1":"","culture_d2":"","surf_parc":4.57}},{"type":"Feature","id":"parcelles_graphiques.2530337","geometry":{"type":"MultiPolygon","coordinates":[[[[3.76696175,48.47287989],[3.77068231,48.48224171],[3.77138756,48.48213517],[3.77126674,48.48170988],[3.77098371,48.48096667],[3.77067462,48.48015461],[3.77031581,48.47936905],[3.76973296,48.47778961],[3.76945297,48.47717046],[3.76894676,48.47590368],[3.76839741,48.47449768],[3.76825137,48.47451712],[3.76754833,48.47276012],[3.76696175,48.47287989]]]]},"geometry_name":"the_geom","properties":{"id_parcel":"327730","code_cultu":"BTN","code_group":"24","culture_d1":"","culture_d2":"","surf_parc":5.9}},{"type":"Feature","id":"parcelles_graphiques.2542143","geometry":{"type":"MultiPolygon","coordinates":[[[[3.81028168,48.49990468],[3.80942041,48.49781679],[3.80793485,48.49426385],[3.80717339,48.49239794],[3.80590502,48.49244101],[3.80746119,48.49620573],[3.80809953,48.49778089],[3.80901157,48.49997863],[3.81028168,48.49990468]]]]},"geometry_name":"the_geom","properties":{"id_parcel":"3287926","code_cultu":"BTN","code_group":"24","culture_d1":"","culture_d2":"","surf_parc":7.97}},{"type":"Feature","id":"parcelles_graphiques.2588099","geometry":{"type":"MultiPolygon","coordinates":[[[[3.812476,48.52558501],[3.811579,48.52567],[3.812424,48.526561],[3.812424,48.526561],[3.812424,48.526561],[3.81299601,48.526212],[3.81247601,48.52558501],[3.812476,48.52558501]]]]},"geometry_name":"the_geom","properties":{"id_parcel":"3329286","code_cultu":"J6P","code_group":"11","culture_d1":"","culture_d2":"","surf_parc":0.58}},{"type":"Feature","id":"parcelles_graphiques.2615879","geometry":{"type":"MultiPolygon","coordinates":[[[[3.81806303,48.52701279],[3.818043,48.527075],[3.81804704,48.52717337],[3.81801008,48.52721349],[3.81804807,48.52726774],[3.81812333,48.52719115],[3.81831873,48.52708269],[3.81846822,48.5270174],[3.81899207,48.52683051],[3.81933353,48.5266663],[3.81949335,48.52657475],[3.81962138,48.52651198],[3.81991325,48.52638619],[3.82031602,48.52626268],[3.82031706,48.52624967],[3.82025,48.52613901],[3.819553,48.526373],[3.81935201,48.526447],[3.81927201,48.526475],[3.81923544,48.52660314],[3.8191,48.526666],[3.81888401,48.526623],[3.81808263,48.52695187],[3.81806303,48.52701279]]]]},"geometry_name":"the_geom","properties":{"id_parcel":"3354288","code_cultu":"BTA","code_group":"28","culture_d1":"","culture_d2":"","surf_parc":0.35}},{"type":"Feature","id":"parcelles_graphiques.2623454","geometry":{"type":"MultiPolygon","coordinates":[[[[3.80231448,48.5170025],[3.80215434,48.51683935],[3.80195176,48.51671218],[3.80164814,48.51659655],[3.80151088,48.51652368],[3.80141705,48.51642063],[3.80130643,48.5165084],[3.80121467,48.51659947],[3.80085486,48.51696846],[3.8003341,48.51688627],[3.7999688,48.51689587],[3.79962575,48.51695531],[3.79915911,48.51707375],[3.79787894,48.51747271],[3.79796605,48.51778156],[3.79814011,48.51838974],[3.79817485,48.51884785],[3.79831422,48.5192944],[3.798461,48.519541],[3.79865472,48.51965614],[3.79865456,48.51965604],[3.79879264,48.51962769],[3.79879271,48.5196272],[3.79879403,48.51962737],[3.79889593,48.51961538],[3.79893731,48.51954999],[3.7989901,48.51946096],[3.79907409,48.51932948],[3.79919676,48.51914038],[3.79921122,48.51912628],[3.79934602,48.5190373],[3.79936582,48.51902823],[3.79938915,48.51902433],[3.79957027,48.51901617],[3.79969667,48.5189976],[3.79979448,48.51897368],[3.7999552,48.51893841],[3.80009478,48.51888286],[3.80021568,48.51883618],[3.80030355,48.51875954],[3.80040321,48.51864031],[3.80055097,48.5184632],[3.80056775,48.51844995],[3.80068503,48.51838728],[3.80069368,48.51838335],[3.80085954,48.51831989],[3.80106508,48.51820563],[3.80124021,48.51804248],[3.80124651,48.51803744],[3.80142378,48.51791485],[3.80144929,48.51790378],[3.80171387,48.51783932],[3.80183194,48.51778994],[3.80195619,48.51764089],[3.80202604,48.51754338],[3.80204849,48.51748334],[3.80207718,48.51740826],[3.80207261,48.51732669],[3.80207581,48.51731127],[3.80208672,48.51729749],[3.80210405,48.51728701],[3.80217502,48.51725716],[3.80237981,48.51714334],[3.80237932,48.51714288],[3.8024335,48.51711586],[3.80231448,48.5170025]]]]},"geometry_name":"the_geom","properties":{"id_parcel":"3361104","code_cultu":"CHV","code_group":"9","culture_d1":"","culture_d2":"","surf_parc":5.91}},{"type":"Feature","id":"parcelles_graphiques.2625076","geometry":{"type":"MultiPolygon","coordinates":[[[[3.81527614,48.51198846],[3.81474215,48.5106889],[3.81473587,48.51067699],[3.81443068,48.51073075],[3.81410798,48.51078759],[3.81410821,48.51078812],[3.81462917,48.5119824],[3.81488521,48.51191773],[3.81524521,48.51198622],[3.81527614,48.51198846]]]]},"geometry_name":"the_geom","properties":{"id_parcel":"3362565","code_cultu":"PTR","code_group":"19","culture_d1":"","culture_d2":"","surf_parc":0.66}},{"type":"Feature","id":"parcelles_graphiques.2642442","geometry":{"type":"MultiPolygon","coordinates":[[[[3.80632042,48.48692436],[3.80667543,48.48690873],[3.80719243,48.48688141],[3.80743507,48.48686959],[3.80774224,48.48685585],[3.80772862,48.48675686],[3.80787083,48.48674875],[3.80792968,48.48684952],[3.80796413,48.48684899],[3.80802452,48.48684619],[3.80806913,48.48684404],[3.80826498,48.4868317],[3.80882909,48.48679964],[3.80903238,48.4867878],[3.80979874,48.48674837],[3.80982646,48.4867464],[3.80985572,48.48674351],[3.80987665,48.48673652],[3.80988244,48.48671924],[3.80988262,48.48668828],[3.80952068,48.48600151],[3.80914416,48.48531313],[3.80875952,48.48463379],[3.80838734,48.4839496],[3.80559187,48.47884909],[3.80556,48.4788135],[3.80552391,48.47879471],[3.80548435,48.47878307],[3.80541929,48.47878723],[3.80500622,48.47881622],[3.80480047,48.47882356],[3.80458773,48.47884167],[3.80438925,48.4788561],[3.80418003,48.47887061],[3.80407632,48.47887845],[3.80396905,48.47888751],[3.80377061,48.47890433],[3.80362395,48.47891246],[3.80354528,48.47891894],[3.80335392,48.47893095],[3.80308929,48.47895059],[3.80283895,48.47896895],[3.80274056,48.47897318],[3.80263506,48.47898104],[3.80257629,48.478986],[3.80258647,48.47904891],[3.80252746,48.47905347],[3.80250654,48.47899298],[3.80241704,48.47900512],[3.80223453,48.47902535],[3.80193775,48.47904997],[3.80174362,48.47906297],[3.80524889,48.48547398],[3.80543138,48.48543912],[3.80558728,48.48570264],[3.80572278,48.4859579],[3.80576922,48.4860453],[3.80581722,48.48614019],[3.80590759,48.48631215],[3.80601515,48.48648852],[3.80598632,48.48649407],[3.80621606,48.48693056],[3.80632042,48.48692436]]]]},"geometry_name":"the_geom","properties":{"id_parcel":"3378195","code_cultu":"ORH","code_group":"3","culture_d1":"","culture_d2":"","surf_parc":25.61}},{"type":"Feature","id":"parcelles_graphiques.2650561","geometry":{"type":"MultiPolygon","coordinates":[[[[3.78990941,48.48104957],[3.7900587,48.48170089],[3.79811827,48.48005839],[3.79808295,48.4799936],[3.79803699,48.47991042],[3.79795936,48.47976696],[3.79787087,48.47959855],[3.79782124,48.4795132],[3.79773184,48.47935797],[3.79616314,48.47967556],[3.795625,48.47978033],[3.79504241,48.47990503],[3.79462225,48.47999889],[3.79366765,48.48020522],[3.7933464,48.48026986],[3.79296986,48.48034854],[3.79255941,48.4804334],[3.79156787,48.48062509],[3.79138049,48.48066442],[3.79123865,48.48069571],[3.79109283,48.48073061],[3.79075744,48.48080782],[3.7898936,48.48098019],[3.78990941,48.48104957]]]]},"geometry_name":"the_geom","properties":{"id_parcel":"3385501","code_cultu":"BTH","code_group":"1","culture_d1":"","culture_d2":"","surf_parc":5.02}},{"type":"Feature","id":"parcelles_graphiques.2667048","geometry":{"type":"MultiPolygon","coordinates":[[[[3.82404286,48.51142587],[3.82402655,48.51138749],[3.82385781,48.51141852],[3.82379451,48.51143682],[3.82362959,48.51151472],[3.82349739,48.51156563],[3.82242998,48.5118039],[3.82135441,48.51203687],[3.8212761,48.51201546],[3.82127483,48.51201719],[3.82126476,48.51203214],[3.821253,48.51205334],[3.82124974,48.5120736],[3.82125619,48.51208546],[3.82127511,48.51209247],[3.82129665,48.51209529],[3.82131995,48.51209632],[3.82133512,48.51209265],[3.82134799,48.51208512],[3.82136436,48.51207221],[3.82138705,48.51206313],[3.82143354,48.51205775],[3.82150677,48.51204415],[3.82157821,48.51203057],[3.8219192,48.51195799],[3.82226365,48.51187825],[3.82350242,48.5116007],[3.82363971,48.51156047],[3.82377124,48.51149529],[3.82384773,48.51146144],[3.82389731,48.51145336],[3.82394643,48.51144469],[3.82399464,48.51143483],[3.82404286,48.51142587]]]]},"geometry_name":"the_geom","properties":{"id_parcel":"3400339","code_cultu":"BTA","code_group":"28","culture_d1":"","culture_d2":"","surf_parc":0.09}},{"type":"Feature","id":"parcelles_graphiques.2692793","geometry":{"type":"MultiPolygon","coordinates":[[[[3.76277,48.51894021],[3.76202367,48.51904923],[3.76166946,48.51921082],[3.76077106,48.51952125],[3.76027177,48.51968154],[3.75992295,48.51984086],[3.75980424,48.52005584],[3.75984262,48.52023174],[3.75998366,48.52056883],[3.76040339,48.52085178],[3.76060175,48.52089985],[3.76082351,48.52094006],[3.76128023,48.52115957],[3.76210868,48.52130019],[3.76259619,48.52134234],[3.76292078,48.52148783],[3.76331461,48.52146626],[3.76395165,48.52141456],[3.76460399,48.52142941],[3.7642768,48.5189757],[3.76380044,48.51894749],[3.76321442,48.51893041],[3.76277,48.51894021]]]]},"geometry_name":"the_geom","properties":{"id_parcel":"342351","code_cultu":"PPH","code_group":"18","culture_d1":"","culture_d2":"","surf_parc":7.56}},{"type":"Feature","id":"parcelles_graphiques.2701409","geometry":{"type":"MultiPolygon","coordinates":[[[[3.76422347,48.53013847],[3.76441546,48.53007868],[3.76497252,48.5299418],[3.76564486,48.52984703],[3.76598079,48.52978298],[3.76617297,48.53018162],[3.76643292,48.53031323],[3.7670009,48.53043334],[3.76749638,48.53049679],[3.76802651,48.53047909],[3.76820176,48.5304286],[3.76813194,48.5301546],[3.76810021,48.53003008],[3.76782178,48.53019611],[3.76776898,48.53042204],[3.76764634,48.53044754],[3.76756957,48.53042743],[3.76726012,48.53033426],[3.7671856,48.53038472],[3.7670849,48.53036038],[3.76674699,48.53031654],[3.76673939,48.53031537],[3.76671962,48.53031076],[3.76626762,48.53016243],[3.76609479,48.52974583],[3.76595159,48.5296779],[3.7655651,48.52980136],[3.76509542,48.52987802],[3.76472713,48.52988833],[3.76420806,48.53007287],[3.76422347,48.53013847]]]]},"geometry_name":"the_geom","properties":{"id_parcel":"3431264","code_cultu":"J6S","code_group":"11","culture_d1":"","culture_d2":"","surf_parc":0.37}},{"type":"Feature","id":"parcelles_graphiques.2715021","geometry":{"type":"MultiPolygon","coordinates":[[[[3.7640257,48.51700354],[3.76504232,48.51736455],[3.76567056,48.51756882],[3.7656693,48.51754841],[3.7656877,48.51744656],[3.76564195,48.51637336],[3.76561824,48.51602599],[3.76555347,48.51486311],[3.76555319,48.51485818],[3.76654315,48.51482881],[3.76658978,48.51531419],[3.76661508,48.51532358],[3.76727831,48.51529791],[3.76742283,48.5180981],[3.76584285,48.51762484],[3.765911,48.517647],[3.768145,48.518314],[3.769377,48.518676],[3.76945279,48.5186952],[3.76965654,48.51859637],[3.769727,48.51813],[3.76983933,48.51795852],[3.76996772,48.51728628],[3.77002823,48.51696887],[3.77012675,48.51651994],[3.77012761,48.5162923],[3.77028108,48.51586396],[3.77040571,48.51565039],[3.76943417,48.51536391],[3.76940994,48.51540864],[3.769172,48.515824],[3.769142,48.515824],[3.768056,48.515858],[3.76745638,48.51588064],[3.767438,48.515485],[3.76743835,48.51534588],[3.767373,48.51504163],[3.76732091,48.51504238],[3.76667,48.515118],[3.76653492,48.51466762],[3.76623949,48.51467222],[3.76549261,48.51468386],[3.76543877,48.51476883],[3.76543658,48.51477229],[3.76549501,48.515726],[3.76497941,48.51616533],[3.76518541,48.516845],[3.76419039,48.51697586],[3.76400035,48.51696518],[3.76400078,48.51699469],[3.7640257,48.51700354]]]]},"geometry_name":"the_geom","properties":{"id_parcel":"3443515","code_cultu":"J6S","code_group":"11","culture_d1":"","culture_d2":"","surf_parc":7.3}},{"type":"Feature","id":"parcelles_graphiques.2725159","geometry":{"type":"MultiPolygon","coordinates":[[[[3.83405195,48.46848296],[3.82751564,48.47301805],[3.82828544,48.47386571],[3.83504942,48.46913002],[3.83405195,48.46848296]]]]},"geometry_name":"the_geom","properties":{"id_parcel":"345264","code_cultu":"ORP","code_group":"3","culture_d1":"DVS","culture_d2":"DRD","surf_parc":7.45}},{"type":"Feature","id":"parcelles_graphiques.2777509","geometry":{"type":"MultiPolygon","coordinates":[[[[3.76543983,48.48300362],[3.76208387,48.47447615],[3.76193978,48.47454043],[3.76189,48.47456264],[3.76123095,48.47485664],[3.76323405,48.47998371],[3.76323407,48.47998336],[3.76330313,48.47999244],[3.76330141,48.4800591],[3.76326096,48.48005257],[3.76446722,48.48313955],[3.76524797,48.48303044],[3.76530233,48.48302284],[3.76543983,48.48300362]]]]},"geometry_name":"the_geom","properties":{"id_parcel":"3499756","code_cultu":"ORP","code_group":"3","culture_d1":"","culture_d2":"","surf_parc":7}},{"type":"Feature","id":"parcelles_graphiques.2807969","geometry":{"type":"MultiPolygon","coordinates":[[[[3.8097417,48.5221882],[3.8097124,48.52221882],[3.81053171,48.52283449],[3.81024411,48.52300545],[3.8090795,48.52220789],[3.8090467,48.52221068],[3.80905904,48.52221932],[3.81024385,48.52304902],[3.81061691,48.52284297],[3.80974793,48.52219286],[3.8097417,48.5221882]]]]},"geometry_name":"the_geom","properties":{"id_parcel":"3527169","code_cultu":"SNE","code_group":"28","culture_d1":"","culture_d2":"","surf_parc":0.08}},{"type":"Feature","id":"parcelles_graphiques.2825731","geometry":{"type":"MultiPolygon","coordinates":[[[[3.77865012,48.51762016],[3.77864144,48.51697305],[3.77835121,48.51685058],[3.7779321,48.51667421],[3.7779625,48.51793912],[3.77799274,48.51919139],[3.7780074,48.51918911],[3.77850658,48.5191114],[3.77899308,48.51902848],[3.77890998,48.51815726],[3.77872294,48.51818143],[3.77865012,48.51762016]]]]},"geometry_name":"the_geom","properties":{"id_parcel":"3543154","code_cultu":"ORP","code_group":"3","culture_d1":"","culture_d2":"","surf_parc":1.54}},{"type":"Feature","id":"parcelles_graphiques.2832204","geometry":{"type":"MultiPolygon","coordinates":[[[[3.75893881,48.53357992],[3.75896511,48.53358143],[3.75900663,48.53360259],[3.75907459,48.53359382],[3.75914713,48.53352909],[3.75913869,48.53351082],[3.75902091,48.53325589],[3.75887769,48.53311309],[3.75872571,48.53287664],[3.75845771,48.53281943],[3.7580944,48.53272654],[3.75781082,48.53269502],[3.75780178,48.53281409],[3.75787621,48.53300403],[3.757731,48.53312397],[3.75808932,48.53336685],[3.758466,48.53360821],[3.75858665,48.53355393],[3.75877307,48.5335704],[3.75893881,48.53357992]]]]},"geometry_name":"the_geom","properties":{"id_parcel":"3548981","code_cultu":"J6S","code_group":"11","culture_d1":"","culture_d2":"","surf_parc":0.64}},{"type":"Feature","id":"parcelles_graphiques.2841018","geometry":{"type":"MultiPolygon","coordinates":[[[[3.76184618,48.50090607],[3.76165745,48.50078002],[3.76123808,48.50051135],[3.76106095,48.50043846],[3.7611722,48.50052511],[3.76153319,48.50084295],[3.76171155,48.50095461],[3.76171573,48.50095722],[3.76171572,48.50095721],[3.76171573,48.50095721],[3.76173261,48.50096821],[3.76184125,48.50092225],[3.76184618,48.50090607]]]]},"geometry_name":"the_geom","properties":{"id_parcel":"3556913","code_cultu":"SNE","code_group":"28","culture_d1":"","culture_d2":"","surf_parc":0.06}},{"type":"Feature","id":"parcelles_graphiques.2843314","geometry":{"type":"MultiPolygon","coordinates":[[[[3.80081438,48.4754301],[3.80081976,48.47544376],[3.80097807,48.47584559],[3.80615034,48.47548429],[3.80715877,48.47541079],[3.80816014,48.47533977],[3.81016796,48.47518753],[3.81004004,48.47478315],[3.81003547,48.47476871],[3.80979389,48.47400497],[3.80516419,48.47433513],[3.80051441,48.47466867],[3.80081438,48.4754301]]]]},"geometry_name":"the_geom","properties":{"id_parcel":"3558980","code_cultu":"ORP","code_group":"3","culture_d1":"","culture_d2":"","surf_parc":9.22}},{"type":"Feature","id":"parcelles_graphiques.2869167","geometry":{"type":"MultiPolygon","coordinates":[[[[3.80876872,48.478565],[3.8097249,48.48030279],[3.81052226,48.4800964],[3.81065729,48.48034706],[3.80998707,48.48053373],[3.80987129,48.48057141],[3.80991949,48.4806782],[3.81036364,48.48150234],[3.81093642,48.48253982],[3.81141358,48.48341252],[3.8117508,48.48403387],[3.81207865,48.48462671],[3.81236996,48.48517219],[3.81250438,48.48541288],[3.81268672,48.48574249],[3.81288393,48.48610652],[3.8130903,48.48648477],[3.8131711,48.48661514],[3.8132763,48.48670249],[3.81336002,48.48676365],[3.81358733,48.48678605],[3.81371557,48.48674342],[3.81381179,48.4867142],[3.8146187,48.48646439],[3.81462662,48.48646193],[3.81020513,48.47845012],[3.81018732,48.47845086],[3.80986047,48.47848413],[3.80920602,48.47853144],[3.80876872,48.478565]]]]},"geometry_name":"the_geom","properties":{"id_parcel":"3582247","code_cultu":"LUD","code_group":"16","culture_d1":"","culture_d2":"","surf_parc":10}},{"type":"Feature","id":"parcelles_graphiques.2878843","geometry":{"type":"MultiPolygon","coordinates":[[[[3.77770775,48.47274605],[3.77762829,48.47241218],[3.7775493,48.47239603],[3.77741876,48.47189461],[3.776301,48.4721316],[3.77601838,48.47219152],[3.77632394,48.47304912],[3.77661928,48.47298444],[3.77770775,48.47274605]]]]},"geometry_name":"the_geom","properties":{"id_parcel":"3590956","code_cultu":"ORP","code_group":"3","culture_d1":"","culture_d2":"","surf_parc":1.05}},{"type":"Feature","id":"parcelles_graphiques.2884335","geometry":{"type":"MultiPolygon","coordinates":[[[[3.77068231,48.48224171],[3.76696175,48.47287989],[3.76670832,48.47293046],[3.77044919,48.48227711],[3.77060358,48.48225376],[3.77060352,48.48225362],[3.77068231,48.48224171]]]]},"geometry_name":"the_geom","properties":{"id_parcel":"35959","code_cultu":"CZH","code_group":"5","culture_d1":"","culture_d2":"","surf_parc":2}},{"type":"Feature","id":"parcelles_graphiques.2919416","geometry":{"type":"MultiPolygon","coordinates":[[[[3.82112762,48.48402345],[3.81650954,48.47560432],[3.81582991,48.47592836],[3.82049116,48.48434721],[3.82112762,48.48402345]]]]},"geometry_name":"the_geom","properties":{"id_parcel":"3627471","code_cultu":"BTH","code_group":"1","culture_d1":"","culture_d2":"","surf_parc":5.79}},{"type":"Feature","id":"parcelles_graphiques.2942178","geometry":{"type":"MultiPolygon","coordinates":[[[[3.76969315,48.5141102],[3.76971507,48.51400177],[3.76907348,48.51384366],[3.76886947,48.51377194],[3.7687811,48.5140388],[3.76868267,48.51429345],[3.76867975,48.51458193],[3.76878114,48.51477483],[3.76890884,48.5149037],[3.76947212,48.51487838],[3.76953376,48.51473732],[3.7695993,48.51447288],[3.76961746,48.51439956],[3.76969315,48.5141102]]]]},"geometry_name":"the_geom","properties":{"id_parcel":"3647958","code_cultu":"J6S","code_group":"11","culture_d1":"","culture_d2":"","surf_parc":0.72}},{"type":"Feature","id":"parcelles_graphiques.2951770","geometry":{"type":"MultiPolygon","coordinates":[[[[3.7829528,48.48717112],[3.78291393,48.48699147],[3.7784742,48.48722212],[3.77302412,48.48749621],[3.77305648,48.48769016],[3.77311993,48.48794483],[3.78300555,48.48748543],[3.7829528,48.48717112]]]]},"geometry_name":"the_geom","properties":{"id_parcel":"3656590","code_cultu":"LUD","code_group":"16","culture_d1":"","culture_d2":"","surf_parc":3.85}},{"type":"Feature","id":"parcelles_graphiques.2965824","geometry":{"type":"MultiPolygon","coordinates":[[[[3.79058936,48.48477446],[3.79057034,48.48461896],[3.79052562,48.48441931],[3.79044858,48.48402332],[3.79028319,48.48322729],[3.79013404,48.48254101],[3.78997123,48.4818517],[3.78988255,48.48150504],[3.789787,48.481155],[3.7897504,48.48101754],[3.78780099,48.4814057],[3.78616175,48.48173771],[3.78451063,48.48206943],[3.78271572,48.48245572],[3.78170986,48.48265486],[3.781866,48.48304414],[3.7820342,48.48342752],[3.78223739,48.48390318],[3.78243487,48.48454749],[3.78257791,48.48509036],[3.78273114,48.48563132],[3.78293106,48.48632906],[3.79058936,48.48477446]]]]},"geometry_name":"the_geom","properties":{"id_parcel":"3669239","code_cultu":"BTH","code_group":"1","culture_d1":"","culture_d2":"","surf_parc":25.27}},{"type":"Feature","id":"parcelles_graphiques.2972811","geometry":{"type":"MultiPolygon","coordinates":[[[[3.80373619,48.5120344],[3.80404457,48.51198178],[3.80404287,48.51197662],[3.80404203,48.51197407],[3.80436011,48.51192431],[3.80436475,48.51193735],[3.80450644,48.5123355],[3.80450799,48.51233986],[3.80476481,48.51229857],[3.80417468,48.51031728],[3.80413023,48.51032275],[3.80411195,48.510325],[3.80471597,48.51228171],[3.80452999,48.51230201],[3.80439483,48.51189828],[3.80372808,48.51200891],[3.80373619,48.5120344]]]]},"geometry_name":"the_geom","properties":{"id_parcel":"3675527","code_cultu":"LUZ","code_group":"16","culture_d1":"","culture_d2":"","surf_parc":0.12}},{"type":"Feature","id":"parcelles_graphiques.2999583","geometry":{"type":"MultiPolygon","coordinates":[[[[3.82341167,48.52675271],[3.8227937,48.52689753],[3.82334511,48.52740752],[3.82351387,48.52719439],[3.82360894,48.52715662],[3.82404627,48.52703385],[3.82400824,48.52690477],[3.82406053,48.5268607],[3.82392981,48.52668439],[3.82341167,48.52675271]]]]},"geometry_name":"the_geom","properties":{"id_parcel":"3699622","code_cultu":"PTR","code_group":"19","culture_d1":"","culture_d2":"","surf_parc":0.39}},{"type":"Feature","id":"parcelles_graphiques.3004837","geometry":{"type":"MultiPolygon","coordinates":[[[[3.7522685,48.50821402],[3.75224695,48.50814111],[3.75933289,48.50750333],[3.75925732,48.50716134],[3.75674279,48.50736208],[3.75558172,48.5074439],[3.75521135,48.50746982],[3.75493645,48.50750044],[3.75479584,48.50752779],[3.75469249,48.50755136],[3.75462557,48.50756322],[3.75308773,48.50767391],[3.7524511,48.50770006],[3.7522122,48.50771429],[3.74968663,48.50790953],[3.74966442,48.50793289],[3.75007666,48.50929364],[3.75041016,48.51037181],[3.75052399,48.51053201],[3.75058846,48.51051634],[3.75096397,48.51041639],[3.75145365,48.51028309],[3.7519498,48.51015528],[3.75148943,48.50870214],[3.75195925,48.50862438],[3.75186345,48.50830416],[3.75185522,48.50827662],[3.7522685,48.50821402]]]]},"geometry_name":"the_geom","properties":{"id_parcel":"370435","code_cultu":"PPR","code_group":"8","culture_d1":"","culture_d2":"","surf_parc":6.03}},{"type":"Feature","id":"parcelles_graphiques.3007427","geometry":{"type":"MultiPolygon","coordinates":[[[[3.77337745,48.5011556],[3.77375557,48.50165894],[3.77455247,48.50153474],[3.77452297,48.50135641],[3.7742522,48.50060481],[3.77337745,48.5011556]]]]},"geometry_name":"the_geom","properties":{"id_parcel":"3706681","code_cultu":"ORP","code_group":"3","culture_d1":"DTR","culture_d2":"DMD","surf_parc":0.6}},{"type":"Feature","id":"parcelles_graphiques.3010596","geometry":{"type":"MultiPolygon","coordinates":[[[[3.78172642,48.50618346],[3.78172498,48.50618362],[3.781423,48.50623543],[3.78109519,48.50630286],[3.78077773,48.50638753],[3.78014657,48.50658521],[3.77964636,48.50677209],[3.77957126,48.50680016],[3.77973994,48.50817056],[3.77974254,48.50819068],[3.7797544,48.50828798],[3.77977244,48.50843459],[3.77978579,48.50854029],[3.77979306,48.50860216],[3.77980649,48.50871113],[3.77981989,48.50881588],[3.77983059,48.50890359],[3.77983648,48.50895482],[3.7798637,48.50917275],[3.77990076,48.50917017],[3.7817997,48.50903804],[3.78291701,48.50895421],[3.78291662,48.50894006],[3.78288218,48.50778344],[3.78288198,48.50777621],[3.78213689,48.50779987],[3.78213103,48.50780006],[3.7819892,48.50615533],[3.78195497,48.50615949],[3.78172642,48.50618346]]]]},"geometry_name":"the_geom","properties":{"id_parcel":"3709533","code_cultu":"CHV","code_group":"9","culture_d1":"","culture_d2":"","surf_parc":6.05}},{"type":"Feature","id":"parcelles_graphiques.3021924","geometry":{"type":"MultiPolygon","coordinates":[[[[3.79325812,48.53065369],[3.79325215,48.53065508],[3.79326565,48.53069358],[3.79553042,48.53009291],[3.79552902,48.53007371],[3.79545593,48.53006009],[3.79541876,48.53004094],[3.79495941,48.52964572],[3.7938843,48.52946475],[3.79368368,48.52961724],[3.79373842,48.52965287],[3.79314814,48.53005603],[3.79300172,48.53016162],[3.79299494,48.53016651],[3.79296669,48.53017965],[3.79297162,48.53018669],[3.79304984,48.53029836],[3.79322309,48.53054569],[3.79325812,48.53065369]]]]},"geometry_name":"the_geom","properties":{"id_parcel":"3719729","code_cultu":"ORP","code_group":"3","culture_d1":"","culture_d2":"","surf_parc":1.39}},{"type":"Feature","id":"parcelles_graphiques.3034936","geometry":{"type":"MultiPolygon","coordinates":[[[[3.83508837,48.50128729],[3.83040695,48.50164489],[3.83281682,48.50569569],[3.83450538,48.50535714],[3.83719314,48.50477474],[3.83716852,48.50473396],[3.83508837,48.50128729]]]]},"geometry_name":"the_geom","properties":{"id_parcel":"3731439","code_cultu":"ORP","code_group":"3","culture_d1":"DMD","culture_d2":"DPH","surf_parc":15.23}},{"type":"Feature","id":"parcelles_graphiques.3052575","geometry":{"type":"MultiPolygon","coordinates":[[[[3.79112989,48.48234982],[3.79030262,48.48251869],[3.79027446,48.48253812],[3.79059009,48.48423903],[3.79167265,48.48400657],[3.79445102,48.48340991],[3.79937368,48.48235257],[3.79909671,48.48183862],[3.79901775,48.48169226],[3.79855905,48.48083301],[3.79378119,48.48180857],[3.79112989,48.48234982]]]]},"geometry_name":"the_geom","properties":{"id_parcel":"3747314","code_cultu":"BTN","code_group":"24","culture_d1":"","culture_d2":"","surf_parc":12.17}},{"type":"Feature","id":"parcelles_graphiques.3065057","geometry":{"type":"MultiPolygon","coordinates":[[[[3.82765378,48.49221531],[3.82739141,48.49234538],[3.82736139,48.49236026],[3.82736057,48.49235918],[3.82670243,48.49268692],[3.82626255,48.4928982],[3.82598041,48.49303955],[3.82586541,48.49309677],[3.82586563,48.49309706],[3.82586533,48.49309721],[3.82649425,48.4939142],[3.82663451,48.4940965],[3.82678661,48.49429478],[3.82699977,48.49457639],[3.82716439,48.49479565],[3.82766605,48.49546609],[3.82805293,48.4959826],[3.82891082,48.49712541],[3.83046676,48.49915313],[3.83051575,48.49921746],[3.83051612,48.49921745],[3.83051614,48.49921748],[3.83079324,48.4992114],[3.83125994,48.49920705],[3.83126678,48.49920687],[3.8312731,48.4992068],[3.83138892,48.49920358],[3.83249607,48.49917381],[3.8325519,48.49917171],[3.8325834,48.49917085],[3.83258316,48.49917054],[3.83258333,48.49917053],[3.83258339,48.49917062],[3.83262744,48.49916888],[3.83300499,48.49915472],[3.83322942,48.49914425],[3.827936,48.49207535],[3.82765378,48.49221531]]]]},"geometry_name":"the_geom","properties":{"id_parcel":"3758549","code_cultu":"BTH","code_group":"1","culture_d1":"","culture_d2":"","surf_parc":15.22}},{"type":"Feature","id":"parcelles_graphiques.3077576","geometry":{"type":"MultiPolygon","coordinates":[[[[3.80494748,48.51468358],[3.8049475,48.51468359],[3.80497166,48.51467969],[3.80497166,48.51467969],[3.80497166,48.51467969],[3.80497619,48.51467926],[3.80497619,48.51467926],[3.80505273,48.51467695],[3.80505393,48.51467694],[3.80514124,48.51467724],[3.8053029,48.51467763],[3.80530339,48.51467764],[3.80548481,48.51468057],[3.80548525,48.51468058],[3.80548525,48.51468058],[3.80563567,48.5146849],[3.80563567,48.5146849],[3.80571814,48.51468463],[3.80571814,48.51468463],[3.80580048,48.51468115],[3.80598765,48.51466098],[3.80598766,48.51466098],[3.80598766,48.51466098],[3.80598768,48.51466098],[3.80602985,48.51463982],[3.80602986,48.51463982],[3.80639601,48.5146136],[3.80639601,48.5146136],[3.80658544,48.51457485],[3.80658544,48.51457485],[3.80658545,48.51457485],[3.80699688,48.51454764],[3.80699688,48.51454764],[3.80742579,48.51449162],[3.80742579,48.51449162],[3.80772671,48.51448079],[3.80772672,48.51448079],[3.80802239,48.51443812],[3.8083634,48.51441458],[3.80836341,48.51441458],[3.80873116,48.51436595],[3.80898547,48.51432942],[3.80898547,48.51432941],[3.80925034,48.51424378],[3.80948701,48.51419871],[3.80948701,48.51419871],[3.80948702,48.5141987],[3.80948702,48.5141987],[3.80964962,48.51416061],[3.80964962,48.51416061],[3.80964963,48.51416061],[3.80965314,48.51416002],[3.80981944,48.51414104],[3.80981944,48.51414104],[3.80981944,48.51414104],[3.80982275,48.51414082],[3.80982276,48.51414082],[3.80985314,48.51414022],[3.80985315,48.51414022],[3.80985315,48.51414023],[3.80985316,48.51414023],[3.80990761,48.51413286],[3.80990761,48.51413286],[3.80993452,48.51413864],[3.80993453,48.51413863],[3.80993454,48.51413863],[3.80993454,48.51413863],[3.81000989,48.51413716],[3.81001086,48.51413715],[3.81059,48.51414835],[3.81059001,48.51414835],[3.81077003,48.51415332],[3.81077003,48.51415332],[3.81077004,48.51415333],[3.81077005,48.51415333],[3.81112024,48.5141563],[3.81112026,48.51415629],[3.81095769,48.51371048],[3.81077781,48.51317137],[3.81077779,48.51317137],[3.80957833,48.51342733],[3.80957833,48.51342734],[3.80911069,48.51379531],[3.80911069,48.51379531],[3.80871999,48.51384089],[3.80862707,48.5138558],[3.80826191,48.51387257],[3.80817593,48.51387315],[3.80804683,48.51386451],[3.80804682,48.5138645],[3.80804675,48.51385975],[3.80804675,48.51385974],[3.80782151,48.51365658],[3.80782149,48.51365658],[3.8076604,48.51373808],[3.8076604,48.51373808],[3.80705484,48.51358876],[3.80705484,48.51358876],[3.80703903,48.51343403],[3.80703901,48.51343402],[3.8066603,48.51340601],[3.80612395,48.51338955],[3.80612395,48.51338955],[3.80562483,48.51341996],[3.80562482,48.51341997],[3.80555528,48.51352438],[3.80555528,48.51352438],[3.80562886,48.51387639],[3.80562886,48.5138764],[3.80577934,48.51411793],[3.80577934,48.51411793],[3.80494879,48.51414643],[3.80494877,48.51414644],[3.8050031,48.51432164],[3.80500312,48.51432165],[3.80577497,48.51427937],[3.80577497,48.51427938],[3.80584492,48.51455685],[3.80584491,48.51455686],[3.80493443,48.51457659],[3.80493442,48.5145766],[3.80494748,48.51468358]]]]},"geometry_name":"the_geom","properties":{"id_parcel":"3769816","code_cultu":"PPH","code_group":"18","culture_d1":"","culture_d2":"","surf_parc":3.85}},{"type":"Feature","id":"parcelles_graphiques.3111809","geometry":{"type":"MultiPolygon","coordinates":[[[[3.75675665,48.47690423],[3.75949473,48.48382407],[3.76201673,48.48348241],[3.75902583,48.47584823],[3.75675331,48.4768958],[3.75675665,48.47690423]]]]},"geometry_name":"the_geom","properties":{"id_parcel":"3800624","code_cultu":"CZH","code_group":"5","culture_d1":"","culture_d2":"","surf_parc":15.97}},{"type":"Feature","id":"parcelles_graphiques.3123442","geometry":{"type":"MultiPolygon","coordinates":[[[[3.75991599,48.52164671],[3.76089318,48.52330662],[3.76247717,48.52270498],[3.76186832,48.52136762],[3.76124265,48.52120573],[3.76086857,48.52100724],[3.76045942,48.52101216],[3.76060237,48.52149174],[3.75991599,48.52164671]]]]},"geometry_name":"the_geom","properties":{"id_parcel":"3811094","code_cultu":"PPH","code_group":"18","culture_d1":"","culture_d2":"","surf_parc":2.8}},{"type":"Feature","id":"parcelles_graphiques.3139876","geometry":{"type":"MultiPolygon","coordinates":[[[[3.76194392,48.5074183],[3.76194392,48.5074183],[3.76215762,48.50757033],[3.76215764,48.50757034],[3.76312234,48.50743749],[3.76312234,48.50743749],[3.76312237,48.50743747],[3.76312238,48.50743747],[3.76318784,48.50742356],[3.76318785,48.50742357],[3.76327325,48.50760106],[3.76327326,48.50760107],[3.76478962,48.50749134],[3.76811307,48.50723208],[3.76811308,48.50723207],[3.76807243,48.50714666],[3.76807243,48.50714665],[3.76785763,48.50687225],[3.76785763,48.50687224],[3.76772288,48.50651458],[3.76772287,48.50651457],[3.76147482,48.50702143],[3.76147481,48.50702145],[3.76160675,48.50715019],[3.7617481,48.50726353],[3.76194392,48.5074183]]]]},"geometry_name":"the_geom","properties":{"id_parcel":"3825886","code_cultu":"ORP","code_group":"3","culture_d1":"","culture_d2":"","surf_parc":3.52}},{"type":"Feature","id":"parcelles_graphiques.3141511","geometry":{"type":"MultiPolygon","coordinates":[[[[3.78061693,48.53288982],[3.78062307,48.53294895],[3.78082445,48.53303681],[3.7821567,48.53249297],[3.78266428,48.53216354],[3.78352785,48.53167466],[3.78346927,48.53162455],[3.78116617,48.53057502],[3.78067362,48.53032662],[3.78043668,48.53048271],[3.78025373,48.53051177],[3.77616315,48.53332058],[3.77737855,48.53445624],[3.77756228,48.53436875],[3.77764053,48.53436979],[3.77772457,48.53432848],[3.77772909,48.53428932],[3.77783364,48.53423954],[3.77786655,48.53419825],[3.77795109,48.53419067],[3.77803211,48.5342309],[3.77813659,48.53428362],[3.77815897,48.53433971],[3.77838687,48.53446025],[3.78008179,48.5333219],[3.7799091,48.53245775],[3.7804594,48.53234941],[3.78051401,48.53234671],[3.78056247,48.53236531],[3.78059144,48.5326443],[3.7805639,48.53271322],[3.7805648,48.53277365],[3.78058494,48.53284661],[3.78061693,48.53288982]]]]},"geometry_name":"the_geom","properties":{"id_parcel":"3827357","code_cultu":"PPH","code_group":"18","culture_d1":"","culture_d2":"","surf_parc":10.8}},{"type":"Feature","id":"parcelles_graphiques.3166675","geometry":{"type":"MultiPolygon","coordinates":[[[[3.77780071,48.50765998],[3.7778454,48.50736695],[3.77674273,48.50736754],[3.77676869,48.50749531],[3.77676869,48.50749531],[3.77675448,48.50765505],[3.77780071,48.50765997],[3.77780071,48.50765997],[3.77780071,48.50765998]]]]},"geometry_name":"the_geom","properties":{"id_parcel":"3850003","code_cultu":"J6S","code_group":"11","culture_d1":"","culture_d2":"","surf_parc":0.25}},{"type":"Feature","id":"parcelles_graphiques.3215754","geometry":{"type":"MultiPolygon","coordinates":[[[[3.79605931,48.49444961],[3.79853943,48.50047442],[3.80182226,48.50030675],[3.79910788,48.49380504],[3.79605931,48.49444961]]]]},"geometry_name":"the_geom","properties":{"id_parcel":"3894176","code_cultu":"BTN","code_group":"24","culture_d1":"","culture_d2":"","surf_parc":17.15}},{"type":"Feature","id":"parcelles_graphiques.3230268","geometry":{"type":"MultiPolygon","coordinates":[[[[3.76515883,48.49663835],[3.76507973,48.49634356],[3.76480111,48.49541094],[3.76431387,48.49355134],[3.76388935,48.49345927],[3.76475015,48.49667611],[3.76515883,48.49663835]]]]},"geometry_name":"the_geom","properties":{"id_parcel":"3907238","code_cultu":"BTH","code_group":"1","culture_d1":"","culture_d2":"","surf_parc":1.04}},{"type":"Feature","id":"parcelles_graphiques.3251125","geometry":{"type":"MultiPolygon","coordinates":[[[[3.820661,48.53357061],[3.82149414,48.53421242],[3.8218328,48.53460094],[3.82179274,48.53461758],[3.82198881,48.5348364],[3.8225171,48.5345849],[3.82261125,48.53438586],[3.82266594,48.53434781],[3.82158635,48.53316795],[3.82153153,48.53317985],[3.82096984,48.53344647],[3.82095658,48.5334518],[3.820661,48.53357061]]]]},"geometry_name":"the_geom","properties":{"id_parcel":"3926009","code_cultu":"ORP","code_group":"3","culture_d1":"","culture_d2":"","surf_parc":1.19}},{"type":"Feature","id":"parcelles_graphiques.3274803","geometry":{"type":"MultiPolygon","coordinates":[[[[3.81675326,48.49298879],[3.82164248,48.49931264],[3.82274038,48.49925627],[3.81788762,48.49288287],[3.81675326,48.49298879]]]]},"geometry_name":"the_geom","properties":{"id_parcel":"394732","code_cultu":"ORP","code_group":"3","culture_d1":"","culture_d2":"","surf_parc":6.14}},{"type":"Feature","id":"parcelles_graphiques.3355493","geometry":{"type":"MultiPolygon","coordinates":[[[[3.82527995,48.49924434],[3.82027234,48.49265218],[3.8202591,48.49265352],[3.81976722,48.49270746],[3.81968664,48.49271629],[3.81967995,48.49271702],[3.81879316,48.49280288],[3.81789199,48.49288526],[3.82275438,48.49925621],[3.82373516,48.49924792],[3.82471042,48.49924469],[3.82472005,48.49924466],[3.82473299,48.49924465],[3.82527995,48.49924434]]]]},"geometry_name":"the_geom","properties":{"id_parcel":"4019940","code_cultu":"PTC","code_group":"25","culture_d1":"","culture_d2":"","surf_parc":13.54}},{"type":"Feature","id":"parcelles_graphiques.3369155","geometry":{"type":"MultiPolygon","coordinates":[[[[3.80878799,48.49232784],[3.81351484,48.49963654],[3.81369955,48.49959114],[3.8138042,48.49956231],[3.81398308,48.49951303],[3.81412042,48.49947757],[3.81421148,48.49946029],[3.8142302,48.49946062],[3.81425985,48.49946115],[3.81430458,48.49945846],[3.81437079,48.49945562],[3.81443895,48.4994623],[3.81451432,48.49947249],[3.81457897,48.49948395],[3.81465801,48.49950007],[3.81473362,48.49952574],[3.81480206,48.49955026],[3.81484522,48.49956187],[3.81489914,48.49957459],[3.81499448,48.4996025],[3.81504486,48.49961762],[3.81509153,48.49962444],[3.81513101,48.49963012],[3.81516334,48.49963585],[3.81529592,48.4996397],[3.8154239,48.49963585],[3.81548385,48.49963306],[3.8155116,48.49963227],[3.81553575,48.49963062],[3.81082342,48.4922262],[3.81048699,48.4922392],[3.81014617,48.492257],[3.81003613,48.49226251],[3.80993952,48.49226793],[3.80988655,48.49227069],[3.8091789,48.4923075],[3.80878799,48.49232784]]]]},"geometry_name":"the_geom","properties":{"id_parcel":"4032235","code_cultu":"LUD","code_group":"16","culture_d1":"","culture_d2":"","surf_parc":12.33}},{"type":"Feature","id":"parcelles_graphiques.3371133","geometry":{"type":"MultiPolygon","coordinates":[[[[3.80306133,48.51038422],[3.80235567,48.50710896],[3.80087108,48.50724037],[3.79935767,48.50736311],[3.79948717,48.50904204],[3.79970261,48.51072245],[3.80133731,48.5105601],[3.80306133,48.51038422]]]]},"geometry_name":"the_geom","properties":{"id_parcel":"4034015","code_cultu":"BTH","code_group":"1","culture_d1":"DVS","culture_d2":"DMD","surf_parc":8.84}},{"type":"Feature","id":"parcelles_graphiques.3371772","geometry":{"type":"MultiPolygon","coordinates":[[[[3.83807486,48.48751379],[3.83018071,48.47961058],[3.82964178,48.47987344],[3.83748221,48.48771253],[3.83807486,48.48751379]]]]},"geometry_name":"the_geom","properties":{"id_parcel":"4034591","code_cultu":"OEI","code_group":"7","culture_d1":"","culture_d2":"","surf_parc":5.15}},{"type":"Feature","id":"parcelles_graphiques.3387387","geometry":{"type":"MultiPolygon","coordinates":[[[[3.79016507,48.47283735],[3.78949732,48.47297062],[3.79023419,48.47483548],[3.79057522,48.47565739],[3.79095886,48.47668995],[3.79100274,48.47679909],[3.79185314,48.47662937],[3.79272044,48.47646107],[3.79440097,48.47611788],[3.79736205,48.47553384],[3.79879551,48.47525458],[3.80028997,48.474944],[3.80054474,48.47491657],[3.80007969,48.47379505],[3.80004286,48.47370512],[3.79981477,48.47314819],[3.79953634,48.47249547],[3.79918253,48.47159332],[3.79897829,48.4710791],[3.79895053,48.47108209],[3.79892064,48.47108531],[3.7970722,48.47146945],[3.79568023,48.47174062],[3.79268219,48.47233196],[3.7910142,48.47267258],[3.79016507,48.47283735]]]]},"geometry_name":"the_geom","properties":{"id_parcel":"4048645","code_cultu":"BTH","code_group":"1","culture_d1":"DMD","culture_d2":"DVS","surf_parc":32.21}},{"type":"Feature","id":"parcelles_graphiques.3394447","geometry":{"type":"MultiPolygon","coordinates":[[[[3.77126056,48.48124442],[3.78036091,48.48079659],[3.78032736,48.48072587],[3.77123046,48.48116971],[3.77126056,48.48124442]]]]},"geometry_name":"the_geom","properties":{"id_parcel":"4055","code_cultu":"J6S","code_group":"11","culture_d1":"","culture_d2":"","surf_parc":0.56}},{"type":"Feature","id":"parcelles_graphiques.3397371","geometry":{"type":"MultiPolygon","coordinates":[[[[3.77457825,48.47248137],[3.7739634,48.47259909],[3.77427502,48.47345237],[3.7748685,48.47334318],[3.77457825,48.47248137]]]]},"geometry_name":"the_geom","properties":{"id_parcel":"4057630","code_cultu":"J6S","code_group":"11","culture_d1":"","culture_d2":"","surf_parc":0.45}},{"type":"Feature","id":"parcelles_graphiques.3417152","geometry":{"type":"MultiPolygon","coordinates":[[[[3.78992074,48.49796867],[3.79103643,48.49790451],[3.790979,48.49767854],[3.78988348,48.49774767],[3.78989487,48.49782171],[3.78992837,48.49796552],[3.78992074,48.49796867]]]]},"geometry_name":"the_geom","properties":{"id_parcel":"4075433","code_cultu":"J6S","code_group":"11","culture_d1":"","culture_d2":"","surf_parc":0.21}},{"type":"Feature","id":"parcelles_graphiques.3440197","geometry":{"type":"MultiPolygon","coordinates":[[[[3.7571146,48.52855707],[3.75707701,48.52882478],[3.75695765,48.52899692],[3.75624361,48.52918236],[3.75551268,48.52919177],[3.75500625,48.52904611],[3.75488159,48.52905685],[3.75394598,48.52962648],[3.75451016,48.53048097],[3.75458445,48.53041386],[3.75493162,48.53037043],[3.7555017,48.53016878],[3.75604501,48.52990874],[3.75639113,48.52981872],[3.75667027,48.52975839],[3.75758491,48.52953904],[3.75845085,48.5291805],[3.75920903,48.52890014],[3.7599004,48.52884062],[3.76008651,48.52880154],[3.76009802,48.5285225],[3.75913381,48.52847982],[3.75897363,48.52851779],[3.75860628,48.52813654],[3.75785901,48.52823372],[3.75711852,48.52854867],[3.7571146,48.52855707]]]]},"geometry_name":"the_geom","properties":{"id_parcel":"4096174","code_cultu":"PTR","code_group":"19","culture_d1":"","culture_d2":"","surf_parc":4.19}},{"type":"Feature","id":"parcelles_graphiques.3454188","geometry":{"type":"MultiPolygon","coordinates":[[[[3.80986472,48.4738863],[3.81059824,48.47351591],[3.81132779,48.47314941],[3.81169191,48.4729672],[3.81205693,48.47278618],[3.81279766,48.47242049],[3.81298415,48.47232698],[3.81317244,48.47223404],[3.81353921,48.47205062],[3.81427896,48.47168136],[3.81574511,48.47094886],[3.81611545,48.47076541],[3.81648487,48.47058137],[3.81721748,48.4702157],[3.81868805,48.46948492],[3.82157412,48.46805577],[3.82163315,48.46802654],[3.82136157,48.46778516],[3.80976657,48.47358205],[3.80986472,48.4738863]]]]},"geometry_name":"the_geom","properties":{"id_parcel":"4108766","code_cultu":"CHV","code_group":"9","culture_d1":"","culture_d2":"","surf_parc":3.44}},{"type":"Feature","id":"parcelles_graphiques.3462839","geometry":{"type":"MultiPolygon","coordinates":[[[[3.75637271,48.49953748],[3.75638229,48.49950824],[3.75587457,48.49807675],[3.755426,48.49681823],[3.75530189,48.49682775],[3.75293362,48.49700951],[3.75006939,48.49722927],[3.74879091,48.49723495],[3.74879091,48.49723495],[3.74879091,48.49723495],[3.7487909,48.49723495],[3.7487909,48.49723495],[3.7487909,48.49723496],[3.74879089,48.49723496],[3.74879089,48.49723496],[3.74879089,48.49723496],[3.74843464,48.49761804],[3.74843464,48.49761804],[3.74843464,48.49761804],[3.74843464,48.49761804],[3.74843464,48.49761804],[3.74843464,48.49761804],[3.74843464,48.49761805],[3.74843464,48.49761805],[3.74843464,48.49761805],[3.74843464,48.49761805],[3.74870296,48.49784961],[3.74870296,48.49784961],[3.74870296,48.49784962],[3.74870296,48.49784962],[3.74870296,48.49784962],[3.74870296,48.49784962],[3.74870296,48.49784962],[3.74870296,48.49784962],[3.74870296,48.49784962],[3.74755314,48.49848018],[3.74755314,48.49848019],[3.74755314,48.49848019],[3.74744633,48.49851116],[3.74744633,48.49851116],[3.74744633,48.49851116],[3.74744633,48.49851116],[3.74744633,48.49851116],[3.74734907,48.49847131],[3.74734906,48.49847131],[3.74734906,48.49847131],[3.74734906,48.49847131],[3.74734905,48.49847131],[3.74703969,48.49850039],[3.74703968,48.49850039],[3.74703968,48.49850039],[3.74703968,48.49850039],[3.74703967,48.49850039],[3.74703967,48.49850039],[3.74703967,48.49850039],[3.74635981,48.49904736],[3.74635981,48.49904736],[3.74635981,48.49904736],[3.74635981,48.49904736],[3.74635981,48.49904736],[3.74635981,48.49904737],[3.74635981,48.49904737],[3.74635981,48.49904737],[3.7463598,48.49904737],[3.7463598,48.49904737],[3.7463598,48.49904737],[3.74670733,48.50032488],[3.75637271,48.49953748]]]]},"geometry_name":"the_geom","properties":{"id_parcel":"4116551","code_cultu":"ORH","code_group":"3","culture_d1":"","culture_d2":"","surf_parc":20.11}},{"type":"Feature","id":"parcelles_graphiques.3502427","geometry":{"type":"MultiPolygon","coordinates":[[[[3.79258945,48.53349938],[3.79356904,48.53454639],[3.79369947,48.53446611],[3.79286124,48.53350562],[3.79258945,48.53349938]]]]},"geometry_name":"the_geom","properties":{"id_parcel":"4152180","code_cultu":"SNE","code_group":"28","culture_d1":"","culture_d2":"","surf_parc":0.19}},{"type":"Feature","id":"parcelles_graphiques.3528459","geometry":{"type":"MultiPolygon","coordinates":[[[[3.78728684,48.52068433],[3.78721382,48.52046638],[3.78671508,48.51898679],[3.78635974,48.51900461],[3.78579556,48.51715948],[3.78577002,48.51700969],[3.78578403,48.51680846],[3.7858123,48.51672259],[3.78584935,48.51668426],[3.78587929,48.51665014],[3.78588477,48.51659774],[3.78587022,48.51652345],[3.78586507,48.51647826],[3.78586137,48.51644396],[3.78579197,48.51647057],[3.78578633,48.51649667],[3.78575497,48.51664179],[3.78566941,48.51675036],[3.78567015,48.51691936],[3.78569974,48.5170114],[3.78574714,48.51716772],[3.78632521,48.51904708],[3.7866524,48.51902271],[3.78716938,48.52051135],[3.78726087,48.52081716],[3.78747656,48.52093562],[3.78768543,48.52104526],[3.78798113,48.52114987],[3.78836792,48.52122269],[3.78881188,48.52127314],[3.78905944,48.52129481],[3.78867808,48.52037701],[3.78858485,48.51995577],[3.78856541,48.5195518],[3.78867729,48.5194356],[3.789004,48.51938014],[3.78957968,48.51943404],[3.78984035,48.51943231],[3.79004527,48.51927996],[3.79073244,48.51919103],[3.79132643,48.51912935],[3.79162548,48.51823343],[3.79184326,48.51723227],[3.7920838,48.5170505],[3.79245634,48.51693256],[3.79280247,48.51683699],[3.79306307,48.51674875],[3.79306304,48.51668623],[3.79203917,48.51701806],[3.79188642,48.51710477],[3.79176976,48.51720909],[3.79173423,48.51746639],[3.79169318,48.5175952],[3.79164661,48.51771452],[3.79154858,48.51822217],[3.79126707,48.51909641],[3.79069241,48.51918235],[3.7903911,48.51921446],[3.79039112,48.51921446],[3.79014905,48.51924025],[3.79002526,48.51925344],[3.7897976,48.51936325],[3.78958166,48.51941824],[3.78899685,48.51936619],[3.78865916,48.51942556],[3.78859191,48.51948075],[3.78853371,48.51954183],[3.78850639,48.51975029],[3.78852557,48.51995367],[3.78862689,48.52037787],[3.78900224,48.52127274],[3.78881391,48.52125852],[3.78837075,48.52121504],[3.78799163,48.52114139],[3.7876979,48.52102789],[3.78732541,48.52079948],[3.78728684,48.52068433]]]]},"geometry_name":"the_geom","properties":{"id_parcel":"417561","code_cultu":"SNE","code_group":"28","culture_d1":"","culture_d2":"","surf_parc":0.59}},{"type":"Feature","id":"parcelles_graphiques.3553896","geometry":{"type":"MultiPolygon","coordinates":[[[[3.78424861,48.51245567],[3.78431314,48.51214314],[3.78436996,48.51194549],[3.78602513,48.51207023],[3.78609169,48.51190972],[3.78552971,48.51186655],[3.78528664,48.51184351],[3.78512948,48.51182861],[3.78507912,48.51181466],[3.78502171,48.51180908],[3.78493736,48.51179774],[3.78485669,48.51179351],[3.78479223,48.51179513],[3.78470729,48.51180462],[3.78461511,48.51180939],[3.784531,48.51181471],[3.78441458,48.51181547],[3.78430716,48.51181856],[3.7839992,48.51182774],[3.78392758,48.5118294],[3.78387927,48.51183329],[3.78382751,48.51184553],[3.78377945,48.51186608],[3.78373691,48.51189611],[3.78370696,48.51192963],[3.78362534,48.51204145],[3.7835886,48.51210001],[3.78355702,48.51214425],[3.78353595,48.51217296],[3.78351854,48.51220639],[3.78372293,48.51221933],[3.78418822,48.51225018],[3.78415518,48.51243606],[3.78338054,48.51238166],[3.78335583,48.5124189],[3.78424444,48.51248415],[3.78424861,48.51245567]]]]},"geometry_name":"the_geom","properties":{"id_parcel":"4198503","code_cultu":"J5M","code_group":"11","culture_d1":"","culture_d2":"","surf_parc":0.51}},{"type":"Feature","id":"parcelles_graphiques.3561223","geometry":{"type":"MultiPolygon","coordinates":[[[[3.75999345,48.53221055],[3.75977746,48.53284567],[3.76020555,48.53296116],[3.76044694,48.53299865],[3.76071659,48.5330398],[3.76082442,48.53305341],[3.76103975,48.53305918],[3.76132017,48.53310027],[3.76149328,48.53316349],[3.76203467,48.53338875],[3.7622081,48.53347341],[3.76234862,48.5335154],[3.76245654,48.53353615],[3.76266958,48.53361345],[3.76250695,48.53303688],[3.76203845,48.53307882],[3.7618133,48.53312192],[3.76158717,48.53309838],[3.76136813,48.53306913],[3.7606858,48.53297353],[3.76002756,48.53280845],[3.75991419,48.53277585],[3.76017857,48.53210085],[3.76027016,48.53199078],[3.76039898,48.53190491],[3.76038885,48.531908],[3.76038886,48.531908],[3.76018337,48.53197072],[3.76008145,48.53210942],[3.75999345,48.53221055]]]]},"geometry_name":"the_geom","properties":{"id_parcel":"4205097","code_cultu":"J6S","code_group":"11","culture_d1":"","culture_d2":"","surf_parc":0.46}},{"type":"Feature","id":"parcelles_graphiques.3578242","geometry":{"type":"MultiPolygon","coordinates":[[[[3.75261537,48.510924],[3.75276961,48.51087967],[3.75339821,48.51074329],[3.75392197,48.51069466],[3.75431283,48.51068659],[3.75464976,48.51070931],[3.75505769,48.51071963],[3.75507313,48.51068024],[3.75504614,48.5104016],[3.75509048,48.51014208],[3.75516412,48.50997262],[3.7552029,48.50978837],[3.75508635,48.50946173],[3.75476782,48.50957508],[3.75470222,48.50960404],[3.75435958,48.50970851],[3.75384778,48.50981156],[3.75409598,48.51025599],[3.75383665,48.5103158],[3.75361178,48.50988037],[3.75214001,48.51021703],[3.75261537,48.510924]]]]},"geometry_name":"the_geom","properties":{"id_parcel":"4220413","code_cultu":"BTH","code_group":"1","culture_d1":"","culture_d2":"","surf_parc":1.98}},{"type":"Feature","id":"parcelles_graphiques.3609413","geometry":{"type":"MultiPolygon","coordinates":[[[[3.79201943,48.51509557],[3.79203327,48.51434875],[3.79208901,48.51399227],[3.78944879,48.51389822],[3.7894505,48.51400205],[3.78946115,48.51436229],[3.78906343,48.51435898],[3.78905526,48.51405436],[3.78894613,48.51406342],[3.78911803,48.5158451],[3.78987908,48.51582695],[3.79022744,48.51576334],[3.79070086,48.515604],[3.79201943,48.51509557]]]]},"geometry_name":"the_geom","properties":{"id_parcel":"4248469","code_cultu":"BTH","code_group":"1","culture_d1":"","culture_d2":"","surf_parc":3.92}},{"type":"Feature","id":"parcelles_graphiques.3623023","geometry":{"type":"MultiPolygon","coordinates":[[[[3.8350961,48.52578988],[3.83508185,48.5256453],[3.8350676,48.52550073],[3.8350676,48.52550073],[3.83505591,48.5252665],[3.83505591,48.5252665],[3.83505591,48.5252665],[3.83513449,48.52508248],[3.8351345,48.52508245],[3.83189552,48.52686272],[3.83226958,48.52722703],[3.83237066,48.52738699],[3.83237347,48.52739667],[3.83240857,48.52751763],[3.83240857,48.52751763],[3.83240858,48.52751764],[3.83240858,48.52751764],[3.83240858,48.52751764],[3.83240858,48.52751764],[3.8325226,48.52753409],[3.83252261,48.52753409],[3.83252262,48.52753409],[3.83313496,48.52728107],[3.83541182,48.52628856],[3.83541182,48.52628856],[3.83541182,48.52628856],[3.83541182,48.52628856],[3.83541182,48.52628856],[3.83532699,48.5262118],[3.83529872,48.52618622],[3.83524572,48.52610858],[3.83519272,48.52603094],[3.83519272,48.52603093],[3.8350961,48.52578988]]]]},"geometry_name":"the_geom","properties":{"id_parcel":"4260717","code_cultu":"ORP","code_group":"3","culture_d1":"","culture_d2":"","surf_parc":2.8}},{"type":"Feature","id":"parcelles_graphiques.3624161","geometry":{"type":"MultiPolygon","coordinates":[[[[3.81374151,48.51339614],[3.81400298,48.51412469],[3.81401946,48.51414838],[3.81412248,48.51414946],[3.81418341,48.51415083],[3.81423101,48.51415943],[3.81588865,48.51385707],[3.81573514,48.51353871],[3.81543543,48.51291707],[3.81494279,48.51298941],[3.81449251,48.51306152],[3.81423548,48.51312041],[3.81409644,48.51316421],[3.81371812,48.51333096],[3.81374151,48.51339614]]]]},"geometry_name":"the_geom","properties":{"id_parcel":"4261741","code_cultu":"J6S","code_group":"11","culture_d1":"","culture_d2":"","surf_parc":1.51}},{"type":"Feature","id":"parcelles_graphiques.3656696","geometry":{"type":"MultiPolygon","coordinates":[[[[3.74774502,48.49412094],[3.74798812,48.49391726],[3.74811289,48.49382044],[3.74822026,48.49373711],[3.7485028,48.49357355],[3.74898238,48.49339106],[3.75017346,48.49293779],[3.75018728,48.49293253],[3.750248,48.49290942],[3.74030222,48.49151712],[3.73812762,48.49122256],[3.73812694,48.49122891],[3.73812429,48.4912537],[3.73812387,48.49125717],[3.7380502,48.49186924],[3.73799236,48.49234977],[3.73796745,48.49234793],[3.73773746,48.49233095],[3.73680266,48.4921867],[3.73676311,48.49219955],[3.73660817,48.49264748],[3.74769157,48.49419347],[3.74774502,48.49412094]]]]},"geometry_name":"the_geom","properties":{"id_parcel":"4291022","code_cultu":"BTN","code_group":"24","culture_d1":"","culture_d2":"","surf_parc":15.02}},{"type":"Feature","id":"parcelles_graphiques.3658805","geometry":{"type":"MultiPolygon","coordinates":[[[[3.80049452,48.48943061],[3.80044955,48.48928238],[3.79201193,48.49103682],[3.79203667,48.49116347],[3.79637666,48.49029229],[3.80049941,48.4894467],[3.80049452,48.48943061]]]]},"geometry_name":"the_geom","properties":{"id_parcel":"4292921","code_cultu":"LUZ","code_group":"16","culture_d1":"","culture_d2":"","surf_parc":1.09}},{"type":"Feature","id":"parcelles_graphiques.3687556","geometry":{"type":"MultiPolygon","coordinates":[[[[3.80096099,48.5145715],[3.80092177,48.51451847],[3.80091289,48.51455335],[3.8009028,48.51459626],[3.80082113,48.51464441],[3.80070313,48.51465949],[3.80057895,48.51465051],[3.80019779,48.51470544],[3.80010943,48.51472567],[3.80010313,48.51475309],[3.79999907,48.51483085],[3.79980942,48.51502225],[3.79965489,48.51513784],[3.79952311,48.51521846],[3.7993373,48.51527982],[3.79927622,48.51535669],[3.79883434,48.51568874],[3.79860484,48.51582268],[3.79843237,48.51590774],[3.79827442,48.51600491],[3.79813171,48.51601509],[3.79799653,48.51604873],[3.79786538,48.51605378],[3.79759969,48.5160752],[3.79735952,48.51606669],[3.79735288,48.51610185],[3.79743604,48.51617566],[3.79753382,48.51617325],[3.79780652,48.51615694],[3.79802841,48.51614117],[3.79827704,48.51611689],[3.79844619,48.5160491],[3.79876042,48.51586252],[3.79887743,48.515782],[3.79924597,48.51551531],[3.79944049,48.51534976],[3.79957186,48.51527152],[3.79976232,48.51519169],[3.79989799,48.51516102],[3.79996911,48.51512603],[3.80000229,48.51506987],[3.80006883,48.51496945],[3.8001998,48.51486503],[3.80032416,48.51479754],[3.80051518,48.5147546],[3.80071875,48.51471277],[3.80090937,48.51464365],[3.80099363,48.5146127],[3.80096099,48.5145715]]]]},"geometry_name":"the_geom","properties":{"id_parcel":"4318798","code_cultu":"BTA","code_group":"28","culture_d1":"","culture_d2":"","surf_parc":0.36}},{"type":"Feature","id":"parcelles_graphiques.3690156","geometry":{"type":"MultiPolygon","coordinates":[[[[3.7569736,48.52885929],[3.75640655,48.52909021],[3.75570724,48.52913943],[3.75517913,48.52903121],[3.75500625,48.52904611],[3.75551268,48.52919177],[3.75624361,48.52918236],[3.75695765,48.52899692],[3.75707701,48.52882478],[3.7571146,48.52855707],[3.7569736,48.52885929]]]]},"geometry_name":"the_geom","properties":{"id_parcel":"4321136","code_cultu":"J6P","code_group":"11","culture_d1":"","culture_d2":"","surf_parc":0.13}},{"type":"Feature","id":"parcelles_graphiques.3691886","geometry":{"type":"MultiPolygon","coordinates":[[[[3.77638796,48.50974821],[3.77635882,48.50973682],[3.77623832,48.5098031],[3.7760256,48.50995008],[3.77593332,48.51019567],[3.77584504,48.51058695],[3.77564716,48.51085262],[3.77642108,48.51146377],[3.77703262,48.51190828],[3.77741014,48.51192184],[3.77751286,48.51191739],[3.77784428,48.51187771],[3.77816463,48.51179943],[3.77831578,48.51167963],[3.7783474,48.51151637],[3.77834587,48.51148962],[3.77832554,48.51147122],[3.77826653,48.51141778],[3.77809276,48.51127416],[3.77638796,48.50974821]]]]},"geometry_name":"the_geom","properties":{"id_parcel":"4322694","code_cultu":"BTH","code_group":"1","culture_d1":"","culture_d2":"","surf_parc":2.49}},{"type":"Feature","id":"parcelles_graphiques.3711281","geometry":{"type":"MultiPolygon","coordinates":[[[[3.76395336,48.50870011],[3.76395336,48.50870011],[3.76397023,48.5087663],[3.76395336,48.50870011]]],[[[3.76397023,48.5087663],[3.76410485,48.50929456],[3.76416383,48.50940137],[3.76425621,48.50967233],[3.7642903,48.50979946],[3.76693506,48.50956869],[3.76724373,48.5091805],[3.76764879,48.50870897],[3.76783673,48.50845544],[3.76795284,48.50825058],[3.76804114,48.50804301],[3.76803977,48.50799431],[3.7676971,48.50800915],[3.76592826,48.5081465],[3.76444369,48.50828571],[3.76447275,48.50862054],[3.76394126,48.50865261],[3.76395336,48.50870011],[3.76398249,48.50869507],[3.76411916,48.5092878],[3.76410326,48.50928832],[3.76397023,48.5087663]]]]},"geometry_name":"the_geom","properties":{"id_parcel":"4340149","code_cultu":"PPR","code_group":"8","culture_d1":"","culture_d2":"","surf_parc":4.16}},{"type":"Feature","id":"parcelles_graphiques.3728165","geometry":{"type":"MultiPolygon","coordinates":[[[[3.77623447,48.51642771],[3.77600621,48.51643694],[3.77590061,48.51644299],[3.7757915,48.51645441],[3.77570115,48.51646214],[3.7756027,48.51646754],[3.77550228,48.51646046],[3.77534976,48.51641631],[3.77521608,48.51634101],[3.77504325,48.51628263],[3.77495681,48.51625225],[3.77487073,48.51624567],[3.77467696,48.51622551],[3.77453734,48.51619806],[3.77453099,48.51604497],[3.77454576,48.51579112],[3.77456404,48.51555092],[3.7746291,48.51518899],[3.77448259,48.51484835],[3.77437157,48.51430581],[3.7742148,48.51428385],[3.77401031,48.51430738],[3.77387784,48.51425487],[3.77375244,48.51414544],[3.77356888,48.51409716],[3.77335523,48.51405856],[3.77315427,48.51403607],[3.77316009,48.51418777],[3.77329327,48.51538418],[3.77334188,48.51582659],[3.77343165,48.51626516],[3.7738522,48.51787565],[3.7751726,48.51785179],[3.77490174,48.51879643],[3.77523776,48.51889905],[3.77554971,48.51900227],[3.7758358,48.51908609],[3.77590246,48.51911184],[3.77600163,48.51915463],[3.77602466,48.51913722],[3.77605704,48.51914653],[3.77616774,48.51918151],[3.77631479,48.51922221],[3.77623447,48.51642771]]]]},"geometry_name":"the_geom","properties":{"id_parcel":"4355345","code_cultu":"VES","code_group":"16","culture_d1":"","culture_d2":"","surf_parc":6.62}},{"type":"Feature","id":"parcelles_graphiques.3739599","geometry":{"type":"MultiPolygon","coordinates":[[[[3.7920243,48.49103114],[3.79998714,48.48937279],[3.80044322,48.48927956],[3.80044938,48.48927741],[3.800362,48.48896115],[3.79195667,48.49069954],[3.7920243,48.49103114]]]]},"geometry_name":"the_geom","properties":{"id_parcel":"4365636","code_cultu":"ORP","code_group":"3","culture_d1":"","culture_d2":"","surf_parc":2.35}},{"type":"Feature","id":"parcelles_graphiques.3771942","geometry":{"type":"MultiPolygon","coordinates":[[[[3.79231043,48.48029903],[3.79211957,48.47975983],[3.78144483,48.48191215],[3.78165322,48.48243706],[3.78166209,48.48245974],[3.78626455,48.48161281],[3.78899672,48.48106745],[3.79152189,48.48053325],[3.79228239,48.48039285],[3.79232498,48.4803485],[3.79231043,48.48029903]]]]},"geometry_name":"the_geom","properties":{"id_parcel":"4394745","code_cultu":"BTH","code_group":"1","culture_d1":"","culture_d2":"","surf_parc":5.72}},{"type":"Feature","id":"parcelles_graphiques.3788740","geometry":{"type":"MultiPolygon","coordinates":[[[[3.75227343,48.50821328],[3.75227777,48.50824022],[3.75240141,48.50855775],[3.75289296,48.50994479],[3.75292246,48.50994559],[3.75395066,48.50970524],[3.75424923,48.50963756],[3.75458005,48.50954667],[3.75482135,48.50945713],[3.75514724,48.5093189],[3.75534082,48.5092656],[3.75556436,48.50921556],[3.75594234,48.50914193],[3.75601574,48.50913203],[3.75651787,48.50909348],[3.75696767,48.50904933],[3.75760749,48.50892703],[3.75776994,48.50889943],[3.75864396,48.50873581],[3.7603569,48.50840962],[3.76075022,48.50831607],[3.76079098,48.50827301],[3.7607803,48.50823744],[3.76064444,48.50800704],[3.76047749,48.507739],[3.76035032,48.5075381],[3.76029858,48.50748617],[3.76026618,48.50746545],[3.75935526,48.50760455],[3.75933289,48.50750333],[3.75224695,48.50814111],[3.7522685,48.50821402],[3.75227343,48.50821328]]]]},"geometry_name":"the_geom","properties":{"id_parcel":"4409863","code_cultu":"BTN","code_group":"24","culture_d1":"","culture_d2":"","surf_parc":9}},{"type":"Feature","id":"parcelles_graphiques.3793302","geometry":{"type":"MultiPolygon","coordinates":[[[[3.82704481,48.5019195],[3.82626772,48.501977],[3.82626771,48.501977],[3.82626771,48.50197701],[3.82626771,48.50197701],[3.826268,48.5019775],[3.82759502,48.50420792],[3.82890834,48.50643708],[3.82890836,48.50643711],[3.82890836,48.50643711],[3.82890836,48.50643712],[3.82890837,48.50643712],[3.82890838,48.50643712],[3.82890838,48.50643712],[3.82954453,48.50630642],[3.83019594,48.50617857],[3.83146214,48.50593003],[3.83146214,48.50593003],[3.83146215,48.50593002],[3.83146215,48.50593002],[3.83146215,48.50593002],[3.83146215,48.50593001],[3.83141973,48.50585236],[3.83141277,48.50583962],[3.83137731,48.50577471],[3.83137732,48.50577471],[3.83163976,48.50572241],[3.83174333,48.50570264],[3.83189334,48.50567541],[3.83206473,48.50564088],[3.83216472,48.50562114],[3.83227186,48.50560135],[3.83237539,48.5055792],[3.83265042,48.50552967],[3.83036773,48.50169659],[3.83036686,48.50169514],[3.83036685,48.50169514],[3.83036686,48.50169513],[3.83036685,48.50169513],[3.83036685,48.50169513],[3.83031275,48.50166327],[3.8302984,48.50165482],[3.83029839,48.50165482],[3.83029839,48.50165482],[3.83029839,48.50165482],[3.83029839,48.50165482],[3.82946321,48.50172849],[3.82836149,48.50182187],[3.82780749,48.50186306],[3.827807,48.50186309],[3.82780656,48.50186313],[3.82704481,48.5019195]]]]},"geometry_name":"the_geom","properties":{"id_parcel":"4413969","code_cultu":"ORH","code_group":"3","culture_d1":"","culture_d2":"","surf_parc":14.67}},{"type":"Feature","id":"parcelles_graphiques.3835109","geometry":{"type":"MultiPolygon","coordinates":[[[[3.76178335,48.53138346],[3.76178093,48.53138772],[3.7614678,48.53154206],[3.76109016,48.53169681],[3.76106486,48.53169479],[3.7609719,48.53173003],[3.76092383,48.53174471],[3.7610156,48.53174412],[3.76128372,48.53169867],[3.76162741,48.53155068],[3.76186365,48.53140754],[3.76199675,48.53126644],[3.76199148,48.53126037],[3.76180532,48.53137242],[3.76178335,48.53138346]]]]},"geometry_name":"the_geom","properties":{"id_parcel":"4451595","code_cultu":"J6S","code_group":"11","culture_d1":"","culture_d2":"","surf_parc":0.05}},{"type":"Feature","id":"parcelles_graphiques.3835218","geometry":{"type":"MultiPolygon","coordinates":[[[[3.79376721,48.49964447],[3.79390453,48.49963671],[3.79389656,48.49958321],[3.79376149,48.49959215],[3.79376721,48.49964447]]]]},"geometry_name":"the_geom","properties":{"id_parcel":"4451693","code_cultu":"SNE","code_group":"28","culture_d1":"","culture_d2":"","surf_parc":0.01}},{"type":"Feature","id":"parcelles_graphiques.3846954","geometry":{"type":"MultiPolygon","coordinates":[[[[3.818563,48.52728401],[3.81902195,48.52782374],[3.81949162,48.52760695],[3.82018887,48.52728848],[3.82071557,48.52684347],[3.82028859,48.52660784],[3.82031602,48.52626268],[3.81991325,48.52638619],[3.81962138,48.52651198],[3.81949335,48.52657475],[3.81933353,48.5266663],[3.81899207,48.52683051],[3.81846822,48.5270174],[3.81831873,48.52708269],[3.81812333,48.52719115],[3.81804807,48.52726774],[3.81815925,48.52742655],[3.818563,48.52728401]]]]},"geometry_name":"the_geom","properties":{"id_parcel":"4462255","code_cultu":"MIE","code_group":"2","culture_d1":"","culture_d2":"","surf_parc":1.52}},{"type":"Feature","id":"parcelles_graphiques.3863821","geometry":{"type":"MultiPolygon","coordinates":[[[[3.78365874,48.51184878],[3.78352057,48.51182288],[3.78286523,48.51174027],[3.78269496,48.51173346],[3.78268551,48.51205148],[3.78351767,48.51205297],[3.78365838,48.51184931],[3.78365874,48.51184878]]]]},"geometry_name":"the_geom","properties":{"id_parcel":"4477436","code_cultu":"J6S","code_group":"11","culture_d1":"","culture_d2":"","surf_parc":0.2}},{"type":"Feature","id":"parcelles_graphiques.3878302","geometry":{"type":"MultiPolygon","coordinates":[[[[3.76565055,48.49968781],[3.76316925,48.49989534],[3.76525628,48.50219578],[3.76570444,48.50214152],[3.76582879,48.50213777],[3.76594873,48.50214092],[3.76606212,48.50215198],[3.76619435,48.50219339],[3.76627796,48.50222927],[3.7664197,48.50220868],[3.76652094,48.5020711],[3.76565055,48.49968781]]]]},"geometry_name":"the_geom","properties":{"id_parcel":"4490469","code_cultu":"ORP","code_group":"3","culture_d1":"","culture_d2":"","surf_parc":3.84}},{"type":"Feature","id":"parcelles_graphiques.3882226","geometry":{"type":"MultiPolygon","coordinates":[[[[3.77003055,48.50452926],[3.77037024,48.50436733],[3.76972743,48.50315757],[3.76936417,48.50322645],[3.77003019,48.50452858],[3.77003055,48.50452926]]]]},"geometry_name":"the_geom","properties":{"id_parcel":"449400","code_cultu":"J6S","code_group":"11","culture_d1":"","culture_d2":"","surf_parc":0.42}},{"type":"Feature","id":"parcelles_graphiques.3890906","geometry":{"type":"MultiPolygon","coordinates":[[[[3.77213862,48.50167085],[3.77219473,48.50186318],[3.77220455,48.50189168],[3.77220458,48.50195487],[3.7722287,48.50204207],[3.77230164,48.50203892],[3.77232508,48.50204978],[3.77254599,48.50203267],[3.77266571,48.50243923],[3.77279532,48.5024238],[3.77285914,48.50238025],[3.77262611,48.50157544],[3.77223053,48.50164942],[3.77213862,48.50167085]]]]},"geometry_name":"the_geom","properties":{"id_parcel":"4501811","code_cultu":"ORP","code_group":"3","culture_d1":"DTR","culture_d2":"DMD","surf_parc":0.24}},{"type":"Feature","id":"parcelles_graphiques.3903395","geometry":{"type":"MultiPolygon","coordinates":[[[[3.810496,48.487842],[3.80935298,48.48788873],[3.80820967,48.48793817],[3.80794129,48.48795011],[3.8076908,48.48796104],[3.80719787,48.48798254],[3.8062053,48.48802588],[3.80424029,48.4881115],[3.80029727,48.48828363],[3.80046232,48.4888828],[3.80469559,48.48868095],[3.80599319,48.48861905],[3.80641096,48.48859857],[3.80696558,48.48857189],[3.80798982,48.48852217],[3.80829892,48.48850808],[3.80881823,48.48848431],[3.80983851,48.48843779],[3.81079704,48.48839474],[3.81073045,48.48824034],[3.81064113,48.4880868],[3.81050951,48.48784141],[3.810496,48.487842]]]]},"geometry_name":"the_geom","properties":{"id_parcel":"4513051","code_cultu":"ORP","code_group":"3","culture_d1":"","culture_d2":"","surf_parc":4.95}},{"type":"Feature","id":"parcelles_graphiques.3985812","geometry":{"type":"MultiPolygon","coordinates":[[[[3.78657696,48.51590136],[3.78657371,48.51595467],[3.78753867,48.51586314],[3.78764413,48.51584816],[3.78791763,48.51580945],[3.78851975,48.5158245],[3.78908347,48.51584385],[3.78905045,48.51531076],[3.78894493,48.51407933],[3.78893988,48.51398177],[3.78877804,48.51394],[3.78854118,48.51391301],[3.78825914,48.51395892],[3.78780191,48.51406787],[3.78761978,48.51410716],[3.78751941,48.51410306],[3.78751761,48.51398287],[3.78755724,48.51373082],[3.78731981,48.51373373],[3.78710767,48.51373071],[3.78706201,48.51406206],[3.78660909,48.51405201],[3.7864701,48.51460749],[3.78644093,48.51481238],[3.78680559,48.51469368],[3.7868513,48.51469516],[3.78688645,48.5147104],[3.78696149,48.51544247],[3.78653647,48.51546482],[3.78655494,48.5155846],[3.78656938,48.51579198],[3.78657696,48.51590136]]]]},"geometry_name":"the_geom","properties":{"id_parcel":"4587228","code_cultu":"CHV","code_group":"9","culture_d1":"","culture_d2":"","surf_parc":3.64}},{"type":"Feature","id":"parcelles_graphiques.3998212","geometry":{"type":"MultiPolygon","coordinates":[[[[3.78415858,48.52794592],[3.78416939,48.52795729],[3.78417685,48.52821668],[3.78399685,48.52840115],[3.78417825,48.52854991],[3.78433124,48.52871551],[3.7845362,48.52891623],[3.78461514,48.52876838],[3.78482472,48.5284052],[3.78489439,48.52827145],[3.78492716,48.52806653],[3.78491657,48.5278381],[3.7849226,48.52776189],[3.78534823,48.52746869],[3.78513763,48.52728443],[3.78509435,48.52726567],[3.78495273,48.52738086],[3.7847469,48.52751551],[3.78454143,48.52767396],[3.78415858,48.52794592]]]]},"geometry_name":"the_geom","properties":{"id_parcel":"4598389","code_cultu":"PTR","code_group":"19","culture_d1":"","culture_d2":"","surf_parc":0.72}},{"type":"Feature","id":"parcelles_graphiques.3998404","geometry":{"type":"MultiPolygon","coordinates":[[[[3.77236475,48.51299481],[3.77230832,48.51291763],[3.77222881,48.51283955],[3.77214054,48.51279113],[3.77201545,48.51274703],[3.77191817,48.51271296],[3.77188545,48.51268255],[3.77184178,48.51263792],[3.77180863,48.51257791],[3.77179041,48.51248821],[3.77179029,48.51247997],[3.77081848,48.51252418],[3.77069543,48.51252978],[3.77051383,48.51310403],[3.77236475,48.51299481]]]]},"geometry_name":"the_geom","properties":{"id_parcel":"4598561","code_cultu":"PTR","code_group":"19","culture_d1":"","culture_d2":"","surf_parc":0.65}},{"type":"Feature","id":"parcelles_graphiques.4006200","geometry":{"type":"MultiPolygon","coordinates":[[[[3.78283927,48.49516906],[3.77515493,48.4955506],[3.77542204,48.49646285],[3.78304474,48.49613201],[3.78283927,48.49516906]]]]},"geometry_name":"the_geom","properties":{"id_parcel":"4605577","code_cultu":"CZH","code_group":"5","culture_d1":"","culture_d2":"","surf_parc":5.96}},{"type":"Feature","id":"parcelles_graphiques.4009512","geometry":{"type":"MultiPolygon","coordinates":[[[[3.7755725,48.513433],[3.77565327,48.5143736],[3.775784,48.51441102],[3.7762026,48.51450185],[3.77700111,48.51467471],[3.77697133,48.51443231],[3.77694609,48.51420717],[3.77689717,48.51375085],[3.77679773,48.51284242],[3.77644307,48.51280538],[3.77619778,48.51280331],[3.77593635,48.51282882],[3.7755881,48.51290789],[3.77561066,48.51331424],[3.7755725,48.513433]]]]},"geometry_name":"the_geom","properties":{"id_parcel":"4608558","code_cultu":"ORP","code_group":"3","culture_d1":"","culture_d2":"","surf_parc":1.78}},{"type":"Feature","id":"parcelles_graphiques.4021306","geometry":{"type":"MultiPolygon","coordinates":[[[[3.80619517,48.51102298],[3.80618744,48.51073406],[3.80663481,48.51070663],[3.80677016,48.51122563],[3.80681259,48.5112188],[3.80692245,48.51119901],[3.80724412,48.51115041],[3.8074747,48.51111909],[3.80751974,48.51125208],[3.8086141,48.51110212],[3.80861538,48.51110656],[3.80937045,48.51099954],[3.80950893,48.51142495],[3.8102978,48.51130339],[3.80791763,48.50347477],[3.80692009,48.50353854],[3.80417821,48.50371377],[3.80413172,48.50371825],[3.80409506,48.50372207],[3.80406117,48.50373122],[3.80403274,48.50374569],[3.80401327,48.5037607],[3.80399473,48.50377809],[3.80398425,48.50379541],[3.80397557,48.50381333],[3.80397108,48.50387108],[3.80397784,48.50396148],[3.80410953,48.50495853],[3.80411334,48.50497338],[3.80411801,48.50498584],[3.80411829,48.50500369],[3.80411759,48.50501679],[3.80411066,48.50503231],[3.80409921,48.50504429],[3.80408691,48.50505984],[3.80407819,48.50507537],[3.80406683,48.5050939],[3.8040555,48.50511421],[3.80404789,48.50514342],[3.80404824,48.50516603],[3.80411938,48.50560114],[3.8041374,48.50572479],[3.80421603,48.50618127],[3.80429902,48.50657108],[3.80439448,48.50695604],[3.80449651,48.50730287],[3.80460732,48.50763774],[3.80487127,48.50838098],[3.80500831,48.50879065],[3.80514167,48.5091944],[3.8054066,48.51000071],[3.80544213,48.51015637],[3.80546307,48.51023716],[3.80552201,48.51051763],[3.80556755,48.51080058],[3.80557932,48.51086715],[3.80558762,48.51088316],[3.80560305,48.51089614],[3.8056212,48.51091209],[3.80565184,48.51092438],[3.80566717,48.51093082],[3.80568872,48.51093424],[3.80573269,48.51094049],[3.80582147,48.51094762],[3.80594806,48.51096759],[3.80607024,48.51099235],[3.80619517,48.51102298]]]]},"geometry_name":"the_geom","properties":{"id_parcel":"4619172","code_cultu":"BTH","code_group":"1","culture_d1":"","culture_d2":"","surf_parc":27.46}},{"type":"Feature","id":"parcelles_graphiques.4031872","geometry":{"type":"MultiPolygon","coordinates":[[[[3.83366665,48.48728839],[3.83364588,48.48726724],[3.83336395,48.48698014],[3.83292297,48.48653106],[3.83258482,48.48618671],[3.82270688,48.49109384],[3.82298546,48.49145085],[3.82316644,48.49168276],[3.82335315,48.49192801],[3.82358946,48.49223841],[3.82360688,48.49226128],[3.83328793,48.48746278],[3.83366665,48.48728839]]]]},"geometry_name":"the_geom","properties":{"id_parcel":"4628682","code_cultu":"LIF","code_group":"9","culture_d1":"","culture_d2":"","surf_parc":13.25}},{"type":"Feature","id":"parcelles_graphiques.4085611","geometry":{"type":"MultiPolygon","coordinates":[[[[3.813844,48.53069114],[3.81410693,48.53089734],[3.81434909,48.53110353],[3.81643861,48.5298939],[3.81626563,48.52945404],[3.813844,48.53069114]]]]},"geometry_name":"the_geom","properties":{"id_parcel":"4677047","code_cultu":"MIE","code_group":"2","culture_d1":"","culture_d2":"","surf_parc":1.13}},{"type":"Feature","id":"parcelles_graphiques.4153224","geometry":{"type":"MultiPolygon","coordinates":[[[[3.77272586,48.48975521],[3.77514389,48.49862841],[3.77582123,48.49883075],[3.77610134,48.49889637],[3.77616394,48.49887612],[3.77590595,48.49838389],[3.77570603,48.49787286],[3.7755266,48.49712186],[3.77529128,48.49628434],[3.77439671,48.49299941],[3.77349853,48.48971506],[3.77272586,48.48975521]]]]},"geometry_name":"the_geom","properties":{"id_parcel":"47379","code_cultu":"LEC","code_group":"15","culture_d1":"","culture_d2":"","surf_parc":5.87}},{"type":"Feature","id":"parcelles_graphiques.4157843","geometry":{"type":"MultiPolygon","coordinates":[[[[3.79360603,48.49894579],[3.7936064,48.49899964],[3.79374247,48.49899784],[3.79374255,48.49894369],[3.79360603,48.49894579]]]]},"geometry_name":"the_geom","properties":{"id_parcel":"4742055","code_cultu":"SNE","code_group":"28","culture_d1":"","culture_d2":"","surf_parc":0.01}},{"type":"Feature","id":"parcelles_graphiques.4197147","geometry":{"type":"MultiPolygon","coordinates":[[[[3.78987215,48.51250132],[3.78980792,48.51267702],[3.79091932,48.5129463],[3.79096548,48.51285305],[3.79009298,48.51255146],[3.78987215,48.51250132]]]]},"geometry_name":"the_geom","properties":{"id_parcel":"477743","code_cultu":"J6S","code_group":"11","culture_d1":"","culture_d2":"","surf_parc":0.15}},{"type":"Feature","id":"parcelles_graphiques.4204777","geometry":{"type":"MultiPolygon","coordinates":[[[[3.77713935,48.47751649],[3.77630592,48.47535673],[3.77552659,48.47328051],[3.77291721,48.47378788],[3.77445611,48.47764113],[3.77713935,48.47751649]]]]},"geometry_name":"the_geom","properties":{"id_parcel":"4784297","code_cultu":"LUD","code_group":"16","culture_d1":"","culture_d2":"","surf_parc":9.18}},{"type":"Feature","id":"parcelles_graphiques.4218676","geometry":{"type":"MultiPolygon","coordinates":[[[[3.7910056,48.47680621],[3.79100929,48.47681538],[3.79225552,48.47657152],[3.80055142,48.4749327],[3.80054537,48.4749181],[3.80054474,48.47491657],[3.80028997,48.474944],[3.79879551,48.47525458],[3.79736205,48.47553384],[3.79440097,48.47611788],[3.79272044,48.47646107],[3.79185314,48.47662937],[3.79100274,48.47679909],[3.7910056,48.47680621]]]]},"geometry_name":"the_geom","properties":{"id_parcel":"4796806","code_cultu":"BTH","code_group":"1","culture_d1":"","culture_d2":"","surf_parc":0.21}},{"type":"Feature","id":"parcelles_graphiques.4255043","geometry":{"type":"MultiPolygon","coordinates":[[[[3.82955304,48.49135481],[3.83095515,48.49319411],[3.8316919,48.49414942],[3.83417753,48.4974311],[3.83478098,48.49821713],[3.8350854,48.49861012],[3.83539516,48.49900129],[3.83553466,48.4989896],[3.83644974,48.49887604],[3.83698773,48.49881096],[3.83756847,48.49873129],[3.83530787,48.49576706],[3.83457632,48.49480698],[3.83129885,48.49048407],[3.83124593,48.49051104],[3.83124508,48.4905131],[3.83124384,48.49051146],[3.82960837,48.49132654],[3.82960797,48.49132662],[3.82955304,48.49135481]]]]},"geometry_name":"the_geom","properties":{"id_parcel":"4829536","code_cultu":"PTC","code_group":"25","culture_d1":"","culture_d2":"","surf_parc":15.64}},{"type":"Feature","id":"parcelles_graphiques.4280593","geometry":{"type":"MultiPolygon","coordinates":[[[[3.78974201,48.49719818],[3.78973989,48.49717618],[3.78969218,48.4968617],[3.78963105,48.4964884],[3.78951482,48.4957858],[3.78803907,48.49609789],[3.78796267,48.49611491],[3.787878,48.49613377],[3.78787986,48.49613852],[3.78790708,48.49613298],[3.78790999,48.49614784],[3.787918,48.49620402],[3.78799344,48.4967263],[3.7880866,48.49732551],[3.78826754,48.49852279],[3.78834757,48.49905128],[3.78845283,48.49973824],[3.78863539,48.50092574],[3.79032771,48.50086332],[3.79000686,48.49879241],[3.789891,48.49799578],[3.78985584,48.49780083],[3.78981432,48.49760057],[3.78974845,48.49728838],[3.78973044,48.49720302],[3.78974201,48.49719818]]]]},"geometry_name":"the_geom","properties":{"id_parcel":"4852530","code_cultu":"ORH","code_group":"3","culture_d1":"","culture_d2":"","surf_parc":6.86}},{"type":"Feature","id":"parcelles_graphiques.4294209","geometry":{"type":"MultiPolygon","coordinates":[[[[3.82882324,48.49163503],[3.82894023,48.49175477],[3.8296087,48.49142302],[3.8295157,48.49129507],[3.82882324,48.49163503]]]]},"geometry_name":"the_geom","properties":{"id_parcel":"4864786","code_cultu":"SNE","code_group":"28","culture_d1":"","culture_d2":"","surf_parc":0.1}},{"type":"Feature","id":"parcelles_graphiques.4328657","geometry":{"type":"MultiPolygon","coordinates":[[[[3.81244595,48.5109719],[3.81244596,48.51097189],[3.81244597,48.51097189],[3.8135624,48.51080602],[3.81356241,48.51080601],[3.81308688,48.50968932],[3.81118725,48.50315774],[3.81118723,48.50315773],[3.81033565,48.50323293],[3.81033564,48.50323294],[3.81033564,48.50323294],[3.81033562,48.50323294],[3.8097118,48.50328802],[3.80943452,48.5033125],[3.80882566,48.50331665],[3.80882566,48.50331665],[3.80839698,48.50339097],[3.80793176,48.50341794],[3.80793175,48.50341795],[3.80826603,48.50459694],[3.81032143,48.51128751],[3.81032145,48.51128752],[3.81131654,48.51113969],[3.81184673,48.51106092],[3.81232692,48.51098958],[3.81016405,48.50358481],[3.8103466,48.50357643],[3.81251045,48.51077214],[3.81237994,48.51078791],[3.81243895,48.51097294],[3.81244595,48.5109719]]]]},"geometry_name":"the_geom","properties":{"id_parcel":"489579","code_cultu":"ORH","code_group":"3","culture_d1":"","culture_d2":"","surf_parc":19.79}},{"type":"Feature","id":"parcelles_graphiques.4341809","geometry":{"type":"MultiPolygon","coordinates":[[[[3.79142139,48.52284461],[3.79156667,48.52285494],[3.79216292,48.52283194],[3.79348859,48.52282369],[3.79404355,48.52279472],[3.79482636,48.5227871],[3.79493384,48.52260671],[3.79503753,48.52252011],[3.79522159,48.5224353],[3.79530364,48.52236168],[3.79567491,48.5220343],[3.79598563,48.52184894],[3.7961421,48.52143637],[3.79670465,48.52082715],[3.79472011,48.52010234],[3.79360885,48.51964107],[3.79319275,48.51996551],[3.79250013,48.52012961],[3.79197613,48.52030925],[3.79172156,48.52053469],[3.79162513,48.5207924],[3.79168618,48.52103953],[3.79185309,48.52117766],[3.79208562,48.52136018],[3.79212828,48.52169313],[3.79223851,48.52175548],[3.79256086,48.52180629],[3.79259728,48.52190423],[3.79249795,48.52197094],[3.79243154,48.52196305],[3.79216369,48.52208187],[3.79216451,48.52220954],[3.79215325,48.52236414],[3.791785,48.52260151],[3.79123981,48.5228027],[3.79142139,48.52284461]]]]},"geometry_name":"the_geom","properties":{"id_parcel":"4907625","code_cultu":"PRL","code_group":"18","culture_d1":"","culture_d2":"","surf_parc":8.85}},{"type":"Feature","id":"parcelles_graphiques.4360076","geometry":{"type":"MultiPolygon","coordinates":[[[[3.78251836,48.5385009],[3.78252971,48.53853059],[3.78263918,48.53866077],[3.78273938,48.53876653],[3.78292983,48.53892306],[3.78309964,48.5390124],[3.78321857,48.53905684],[3.78338043,48.53909385],[3.78352758,48.53910717],[3.78416109,48.53904586],[3.78479205,48.53897426],[3.78573661,48.53886091],[3.78582607,48.5388508],[3.78592971,48.53883107],[3.78598684,48.53881642],[3.78640577,48.53862799],[3.78664052,48.53850743],[3.78679579,48.53834454],[3.787193,48.53806343],[3.78745195,48.5378832],[3.78778532,48.53764306],[3.78825021,48.53733839],[3.7886582,48.53705958],[3.7889247,48.53690547],[3.78919547,48.53679736],[3.78992821,48.53666397],[3.79069334,48.53653987],[3.79135118,48.53643076],[3.79148693,48.5364013],[3.79152005,48.53639152],[3.79161896,48.53636233],[3.79170776,48.53630938],[3.79172496,48.53626166],[3.79175614,48.53619004],[3.79176921,48.53610665],[3.79172452,48.53599508],[3.79164399,48.53588374],[3.79159216,48.53577073],[3.79139548,48.53556258],[3.79119113,48.53532115],[3.79104434,48.53509363],[3.79087657,48.53488054],[3.78989516,48.5350608],[3.78956453,48.53476309],[3.7888737,48.53430978],[3.78857145,48.53446888],[3.78850031,48.53450506],[3.78850782,48.53444401],[3.78845389,48.53441366],[3.78845367,48.53441799],[3.78817952,48.53453882],[3.78757813,48.53482605],[3.78727581,48.53498039],[3.78703556,48.53497246],[3.78680141,48.53489715],[3.78652793,48.53506319],[3.78626953,48.53527912],[3.78609685,48.53547544],[3.78588575,48.5357346],[3.78570662,48.53597856],[3.78560426,48.53608397],[3.78533045,48.53622859],[3.7847523,48.53639427],[3.78431363,48.53653997],[3.78407927,48.53668671],[3.78376901,48.53679111],[3.78330089,48.53693532],[3.78212927,48.53771549],[3.78194214,48.53781473],[3.78232199,48.53822173],[3.78249614,48.53844274],[3.78251836,48.5385009]]]]},"geometry_name":"the_geom","properties":{"id_parcel":"4924065","code_cultu":"BTH","code_group":"1","culture_d1":"","culture_d2":"","surf_parc":17.98}},{"type":"Feature","id":"parcelles_graphiques.4378028","geometry":{"type":"MultiPolygon","coordinates":[[[[3.79365259,48.4991379],[3.79365609,48.49919143],[3.79379393,48.49918813],[3.79378863,48.49913402],[3.79365259,48.4991379]]]]},"geometry_name":"the_geom","properties":{"id_parcel":"4940221","code_cultu":"SNE","code_group":"28","culture_d1":"","culture_d2":"","surf_parc":0.01}},{"type":"Feature","id":"parcelles_graphiques.4393677","geometry":{"type":"MultiPolygon","coordinates":[[[[3.81446018,48.48657431],[3.81447083,48.48659294],[3.81493462,48.48648264],[3.81490097,48.48644295],[3.81446018,48.48657431]]]]},"geometry_name":"the_geom","properties":{"id_parcel":"4954306","code_cultu":"BTH","code_group":"1","culture_d1":"","culture_d2":"","surf_parc":0.01}},{"type":"Feature","id":"parcelles_graphiques.4429233","geometry":{"type":"MultiPolygon","coordinates":[[[[3.81084364,48.51886125],[3.81169364,48.51984207],[3.81179423,48.51985923],[3.81194386,48.51980346],[3.81258057,48.5195131],[3.81272094,48.51943205],[3.81284144,48.51936158],[3.8117509,48.51844803],[3.81127558,48.51875833],[3.81109261,48.51882296],[3.81101347,48.51881981],[3.81091956,48.51884242],[3.81084364,48.51886125]]]]},"geometry_name":"the_geom","properties":{"id_parcel":"4986307","code_cultu":"J6S","code_group":"11","culture_d1":"","culture_d2":"","surf_parc":1.16}},{"type":"Feature","id":"parcelles_graphiques.4437783","geometry":{"type":"MultiPolygon","coordinates":[[[[3.76513464,48.49697901],[3.76524919,48.49697508],[3.76515883,48.49663835],[3.76475015,48.49667611],[3.76483395,48.49698924],[3.76513464,48.49697901]]]]},"geometry_name":"the_geom","properties":{"id_parcel":"4994001","code_cultu":"BTH","code_group":"1","culture_d1":"","culture_d2":"","surf_parc":0.11}},{"type":"Feature","id":"parcelles_graphiques.4481449","geometry":{"type":"MultiPolygon","coordinates":[[[[3.79087047,48.4867113],[3.78985392,48.48692176],[3.78854188,48.48719338],[3.78315224,48.48830705],[3.78315223,48.48830706],[3.78289025,48.48945458],[3.78289026,48.4894546],[3.78896095,48.48818408],[3.79020986,48.48792287],[3.79109938,48.48773681],[3.79123164,48.48770914],[3.79100873,48.48668268],[3.79087047,48.4867113]]]]},"geometry_name":"the_geom","properties":{"id_parcel":"503330","code_cultu":"BTH","code_group":"1","culture_d1":"","culture_d2":"","surf_parc":7.2}},{"type":"Feature","id":"parcelles_graphiques.4529632","geometry":{"type":"MultiPolygon","coordinates":[[[[3.7937475,48.51202579],[3.79370533,48.51152125],[3.7931172,48.51151186],[3.79312274,48.51155853],[3.79361797,48.51157046],[3.79365995,48.51202148],[3.7937475,48.51202579]]]]},"geometry_name":"the_geom","properties":{"id_parcel":"5076666","code_cultu":"LUZ","code_group":"16","culture_d1":"","culture_d2":"","surf_parc":0.06}},{"type":"Feature","id":"parcelles_graphiques.4540901","geometry":{"type":"MultiPolygon","coordinates":[[[[3.79252118,48.48036999],[3.79295158,48.48027795],[3.79472132,48.47989946],[3.79769218,48.47925946],[3.79988133,48.47913167],[3.80205419,48.47899205],[3.80214498,48.4789593],[3.80213992,48.47894701],[3.80182689,48.4781879],[3.80121838,48.47668782],[3.80064643,48.4751618],[3.80055142,48.4749327],[3.79225552,48.47657152],[3.79100929,48.47681538],[3.79160189,48.47828917],[3.79242516,48.48035532],[3.79252118,48.48036999]]]]},"geometry_name":"the_geom","properties":{"id_parcel":"5086808","code_cultu":"BTN","code_group":"24","culture_d1":"","culture_d2":"","surf_parc":30.69}},{"type":"Feature","id":"parcelles_graphiques.4575639","geometry":{"type":"MultiPolygon","coordinates":[[[[3.79084465,48.49730077],[3.78977267,48.49735011],[3.7897664,48.4973504],[3.78980027,48.49745967],[3.7908919,48.49741195],[3.7908544,48.49730032],[3.79084465,48.49730077]]]]},"geometry_name":"the_geom","properties":{"id_parcel":"5118071","code_cultu":"CHV","code_group":"9","culture_d1":"","culture_d2":"","surf_parc":0.1}},{"type":"Feature","id":"parcelles_graphiques.4583909","geometry":{"type":"MultiPolygon","coordinates":[[[[3.7701582,48.50203186],[3.76729192,48.50270746],[3.76736181,48.50290238],[3.76684672,48.50297203],[3.76688678,48.50312096],[3.76696062,48.50332713],[3.76704812,48.50345786],[3.76848592,48.50321853],[3.77093323,48.50279301],[3.77089183,48.50275371],[3.77089363,48.5027534],[3.77019636,48.50207059],[3.77019205,48.50207161],[3.7701582,48.50203186]]]]},"geometry_name":"the_geom","properties":{"id_parcel":"5125514","code_cultu":"ORP","code_group":"3","culture_d1":"","culture_d2":"","surf_parc":2.33}},{"type":"Feature","id":"parcelles_graphiques.4613774","geometry":{"type":"MultiPolygon","coordinates":[[[[3.77244164,48.48537146],[3.77291188,48.48708218],[3.77804434,48.48683472],[3.77878414,48.48679876],[3.78280424,48.48660329],[3.78235654,48.48483764],[3.78172641,48.48487184],[3.78110747,48.48490537],[3.77987135,48.48497181],[3.77758969,48.48509424],[3.7724425,48.48537141],[3.77244164,48.48537146]]]]},"geometry_name":"the_geom","properties":{"id_parcel":"5152393","code_cultu":"BTH","code_group":"1","culture_d1":"","culture_d2":"","surf_parc":14.33}},{"type":"Feature","id":"parcelles_graphiques.4640654","geometry":{"type":"MultiPolygon","coordinates":[[[[3.79337844,48.53434267],[3.79255692,48.53489177],[3.79260109,48.53492383],[3.79265788,48.53501377],[3.7925734,48.53515924],[3.79356904,48.53454639],[3.79337844,48.53434267]]]]},"geometry_name":"the_geom","properties":{"id_parcel":"5176586","code_cultu":"PPH","code_group":"18","culture_d1":"","culture_d2":"","surf_parc":0.21}},{"type":"Feature","id":"parcelles_graphiques.4645700","geometry":{"type":"MultiPolygon","coordinates":[[[[3.79760043,48.51209045],[3.79676091,48.51210482],[3.79678836,48.51287425],[3.79694773,48.5128708],[3.79705151,48.51286296],[3.79720355,48.51284885],[3.79734836,48.51283002],[3.79773098,48.51278342],[3.79760043,48.51209045]]]]},"geometry_name":"the_geom","properties":{"id_parcel":"5181126","code_cultu":"BTH","code_group":"1","culture_d1":"","culture_d2":"","surf_parc":0.55}},{"type":"Feature","id":"parcelles_graphiques.4681020","geometry":{"type":"MultiPolygon","coordinates":[[[[3.76278968,48.51761574],[3.76170911,48.51444232],[3.76000502,48.51458252],[3.75933156,48.51460933],[3.7595454,48.51501838],[3.76013456,48.51608731],[3.76086041,48.5172899],[3.76127378,48.51797079],[3.76278968,48.51761574]]]]},"geometry_name":"the_geom","properties":{"id_parcel":"5212914","code_cultu":"MIS","code_group":"2","culture_d1":"","culture_d2":"","surf_parc":5.6}},{"type":"Feature","id":"parcelles_graphiques.4683334","geometry":{"type":"MultiPolygon","coordinates":[[[[3.76855253,48.48263724],[3.76796871,48.48271727],[3.76774305,48.4827482],[3.76768207,48.48275656],[3.76956802,48.48983559],[3.76964183,48.48983132],[3.76995628,48.48981313],[3.77125755,48.48973785],[3.76931612,48.48253029],[3.76855253,48.48263724]]]]},"geometry_name":"the_geom","properties":{"id_parcel":"5214998","code_cultu":"BTH","code_group":"1","culture_d1":"","culture_d2":"","surf_parc":10}},{"type":"Feature","id":"parcelles_graphiques.4687410","geometry":{"type":"MultiPolygon","coordinates":[[[[3.78664348,48.53124016],[3.78655716,48.53121932],[3.78652785,48.53069824],[3.78652966,48.53034119],[3.78684743,48.53026292],[3.78728633,48.53013624],[3.78744865,48.53006984],[3.78717709,48.52978231],[3.78702344,48.52981189],[3.78668341,48.52984032],[3.7865759,48.52981883],[3.78648948,48.52981304],[3.78616732,48.52959857],[3.78581516,48.52944153],[3.78552127,48.52939181],[3.78517785,48.52943216],[3.78496392,48.52940659],[3.78457183,48.5290688],[3.78406986,48.52852863],[3.78396066,48.52845873],[3.78375757,48.52845098],[3.78343804,48.52849788],[3.7832635,48.52856806],[3.78313915,48.52864028],[3.78304035,48.52874328],[3.78294963,48.52896324],[3.78295332,48.52908761],[3.78369477,48.52961014],[3.78443977,48.5301238],[3.78470896,48.52985099],[3.78509432,48.52973896],[3.78528529,48.53004713],[3.78524011,48.53038066],[3.78515452,48.53064781],[3.7851499,48.53105722],[3.78514991,48.53105723],[3.78514992,48.53105724],[3.78514992,48.53105724],[3.78513987,48.53115842],[3.78664347,48.53124016],[3.78664348,48.53124016]]]]},"geometry_name":"the_geom","properties":{"id_parcel":"5218666","code_cultu":"PTR","code_group":"19","culture_d1":"","culture_d2":"","surf_parc":3.73}},{"type":"Feature","id":"parcelles_graphiques.4691157","geometry":{"type":"MultiPolygon","coordinates":[[[[3.8367252,48.47025768],[3.83601934,48.46977842],[3.82901336,48.47466723],[3.82958474,48.47527843],[3.82987392,48.47558775],[3.83707534,48.47049541],[3.8367252,48.47025768]]]]},"geometry_name":"the_geom","properties":{"id_parcel":"5222037","code_cultu":"BTH","code_group":"1","culture_d1":"DPH","culture_d2":"DVS","surf_parc":8.71}},{"type":"Feature","id":"parcelles_graphiques.4691271","geometry":{"type":"MultiPolygon","coordinates":[[[[3.76374883,48.51083835],[3.76474648,48.51071292],[3.76489825,48.51067981],[3.76500293,48.51064165],[3.76523151,48.51044083],[3.76531522,48.51040816],[3.765891,48.51034137],[3.7663302,48.51024333],[3.76647243,48.51017101],[3.76668711,48.50990779],[3.76692128,48.50956947],[3.7642903,48.50979946],[3.76425621,48.50967233],[3.76310828,48.5098011],[3.76299845,48.50986191],[3.76234535,48.51000581],[3.76221377,48.51007211],[3.76221336,48.51016732],[3.76222787,48.51030291],[3.7623014,48.51043216],[3.7624942,48.51063443],[3.76268666,48.51081291],[3.76278822,48.51089914],[3.76291399,48.5109257],[3.76300705,48.51092034],[3.76374883,48.51083835]]]]},"geometry_name":"the_geom","properties":{"id_parcel":"522214","code_cultu":"PPR","code_group":"8","culture_d1":"","culture_d2":"","surf_parc":3.15}},{"type":"Feature","id":"parcelles_graphiques.4694933","geometry":{"type":"MultiPolygon","coordinates":[[[[3.7907066,48.50110956],[3.79067943,48.50111116],[3.79079779,48.50196913],[3.79081312,48.50208024],[3.79082509,48.50219067],[3.79092234,48.50308756],[3.79094782,48.5030861],[3.79151998,48.50305349],[3.79148298,48.50273716],[3.79170208,48.50272415],[3.79197325,48.50270805],[3.79197264,48.50270349],[3.79188995,48.5020879],[3.7917503,48.50104809],[3.79172606,48.50104952],[3.7907066,48.50110956]]]]},"geometry_name":"the_geom","properties":{"id_parcel":"5225436","code_cultu":"CHV","code_group":"9","culture_d1":"","culture_d2":"","surf_parc":1.63}},{"type":"Feature","id":"parcelles_graphiques.4734162","geometry":{"type":"MultiPolygon","coordinates":[[[[3.7845362,48.52891623],[3.78461855,48.52899687],[3.78475435,48.52873176],[3.7849917,48.5283089],[3.78519164,48.52801957],[3.78504355,48.527942],[3.78504177,48.527823],[3.7851578,48.52767465],[3.78538893,48.52755412],[3.78547052,48.52749883],[3.78510073,48.52721326],[3.78409293,48.52787686],[3.78415858,48.52794592],[3.78454143,48.52767396],[3.7847469,48.52751551],[3.78495273,48.52738086],[3.78509435,48.52726567],[3.78513763,48.52728443],[3.78534823,48.52746869],[3.7849226,48.52776189],[3.78491657,48.5278381],[3.78492716,48.52806653],[3.78489439,48.52827145],[3.78482472,48.5284052],[3.78461514,48.52876838],[3.7845362,48.52891623]]]]},"geometry_name":"the_geom","properties":{"id_parcel":"5260742","code_cultu":"PPH","code_group":"18","culture_d1":"","culture_d2":"","surf_parc":0.25}},{"type":"Feature","id":"parcelles_graphiques.4744652","geometry":{"type":"MultiPolygon","coordinates":[[[[3.81582775,48.5330393],[3.81584476,48.53309631],[3.81571078,48.5333531],[3.81579562,48.53339299],[3.8165201,48.53292433],[3.81656906,48.53289173],[3.81659887,48.53286835],[3.81628883,48.53272908],[3.81606818,48.53259898],[3.81603235,48.53259923],[3.81549867,48.53284995],[3.81572988,48.53296856],[3.81582775,48.5330393]]]]},"geometry_name":"the_geom","properties":{"id_parcel":"5270183","code_cultu":"J6S","code_group":"11","culture_d1":"","culture_d2":"","surf_parc":0.32}},{"type":"Feature","id":"parcelles_graphiques.4747080","geometry":{"type":"MultiPolygon","coordinates":[[[[3.7942555,48.50214233],[3.79336074,48.50220596],[3.79215903,48.5023045],[3.79202664,48.5023146],[3.79205061,48.50247868],[3.79206256,48.50255834],[3.79207184,48.50263921],[3.79208436,48.50269744],[3.79208934,48.50273133],[3.79290183,48.50266254],[3.79353875,48.50262005],[3.79390811,48.50259699],[3.79419907,48.50257857],[3.79472231,48.50254564],[3.79468932,48.50211146],[3.7942555,48.50214233]]]]},"geometry_name":"the_geom","properties":{"id_parcel":"5272369","code_cultu":"CHV","code_group":"9","culture_d1":"","culture_d2":"","surf_parc":0.93}},{"type":"Feature","id":"parcelles_graphiques.4780302","geometry":{"type":"MultiPolygon","coordinates":[[[[3.77338368,48.47363243],[3.77352309,48.4736016],[3.77321071,48.47276811],[3.77306797,48.4727985],[3.77338368,48.47363243]]]]},"geometry_name":"the_geom","properties":{"id_parcel":"5302268","code_cultu":"PPH","code_group":"18","culture_d1":"","culture_d2":"","surf_parc":0.1}},{"type":"Feature","id":"parcelles_graphiques.4780303","geometry":{"type":"MultiPolygon","coordinates":[[[[3.77338368,48.47363243],[3.77322856,48.47322666],[3.77306885,48.47279851],[3.77270831,48.47287054],[3.77302083,48.47370646],[3.77338368,48.47363243]]]]},"geometry_name":"the_geom","properties":{"id_parcel":"5302269","code_cultu":"ORP","code_group":"3","culture_d1":"","culture_d2":"","surf_parc":0.27}},{"type":"Feature","id":"parcelles_graphiques.4799460","geometry":{"type":"MultiPolygon","coordinates":[[[[3.81487138,48.50291044],[3.81672169,48.50902699],[3.8170627,48.51010618],[3.81706459,48.51011302],[3.81706783,48.51011954],[3.81707463,48.51012485],[3.81708364,48.51012865],[3.81710381,48.5101297],[3.81711903,48.5101293],[3.81714451,48.51012615],[3.81785167,48.51002388],[3.81571508,48.50284234],[3.81487138,48.50291044]]]]},"geometry_name":"the_geom","properties":{"id_parcel":"5319510","code_cultu":"DTY","code_group":"16","culture_d1":"","culture_d2":"","surf_parc":5}},{"type":"Feature","id":"parcelles_graphiques.4801155","geometry":{"type":"MultiPolygon","coordinates":[[[[3.83139145,48.49038283],[3.83139073,48.49038189],[3.83274435,48.48970916],[3.83274492,48.48970991],[3.83276165,48.48970252],[3.83276191,48.48970233],[3.83275167,48.48968867],[3.83136494,48.49037786],[3.83137457,48.49039054],[3.83139107,48.49038277],[3.83139145,48.49038283]]]]},"geometry_name":"the_geom","properties":{"id_parcel":"5321035","code_cultu":"BOR","code_group":"28","culture_d1":"","culture_d2":"","surf_parc":0.02}},{"type":"Feature","id":"parcelles_graphiques.4815806","geometry":{"type":"MultiPolygon","coordinates":[[[[3.79543359,48.53644687],[3.79483407,48.53576616],[3.79411554,48.53494288],[3.79272167,48.53564833],[3.79278424,48.53570445],[3.79242805,48.53600544],[3.79211804,48.53622432],[3.79208599,48.53627643],[3.79208069,48.53631611],[3.79208889,48.53635896],[3.79218683,48.53639954],[3.79243245,48.53644136],[3.7925098,48.53650605],[3.79245649,48.53719095],[3.79350824,48.53642135],[3.79370656,48.53642556],[3.7936658,48.53654262],[3.79471075,48.53765412],[3.79470641,48.53765574],[3.79478297,48.53772572],[3.79480649,48.53778568],[3.79478848,48.53784093],[3.79465417,48.53794204],[3.79585897,48.53922522],[3.79581202,48.53922822],[3.79589621,48.53931749],[3.79625421,48.53968508],[3.79636839,48.53980021],[3.79647239,48.53979729],[3.79663266,48.53974272],[3.79665703,48.53969019],[3.79651329,48.53928662],[3.79655043,48.53919052],[3.79681631,48.53900763],[3.79687301,48.53898157],[3.79546522,48.53731889],[3.79601236,48.53713214],[3.79543359,48.53644687]]]]},"geometry_name":"the_geom","properties":{"id_parcel":"5334221","code_cultu":"PPH","code_group":"18","culture_d1":"","culture_d2":"","surf_parc":5.95}},{"type":"Feature","id":"parcelles_graphiques.4827655","geometry":{"type":"MultiPolygon","coordinates":[[[[3.79278776,48.51318727],[3.79267297,48.51317732],[3.79255541,48.51316204],[3.79240721,48.51313387],[3.79200933,48.51306035],[3.79162497,48.5129921],[3.79137802,48.51294912],[3.7911565,48.51290292],[3.79107245,48.51287945],[3.79096632,48.51284951],[3.79085805,48.51306445],[3.79278078,48.51330958],[3.79278692,48.51326478],[3.79278661,48.51326452],[3.79278766,48.51326466],[3.79278924,48.5132544],[3.79278975,48.51323223],[3.79278913,48.51323223],[3.79279399,48.51318718],[3.79278776,48.51318727]]]]},"geometry_name":"the_geom","properties":{"id_parcel":"5344887","code_cultu":"CZH","code_group":"5","culture_d1":"","culture_d2":"","surf_parc":0.25}},{"type":"Feature","id":"parcelles_graphiques.4830127","geometry":{"type":"MultiPolygon","coordinates":[[[[3.76893073,48.53067053],[3.76942783,48.5325816],[3.7694314,48.53259535],[3.76950014,48.53259538],[3.76957296,48.53260237],[3.76980182,48.5326219],[3.76994932,48.53262317],[3.77010588,48.53260499],[3.77011255,48.53260444],[3.77025222,48.53259759],[3.770269,48.53259815],[3.77043235,48.53261732],[3.77044642,48.53262005],[3.77057776,48.53265609],[3.77057889,48.53265641],[3.7706945,48.53268977],[3.77078331,48.53271239],[3.77086111,48.5327114],[3.77096052,48.53269868],[3.77101599,48.53268246],[3.77101688,48.53268221],[3.77110789,48.53265663],[3.77112178,48.53265384],[3.77120062,48.532644],[3.77130463,48.53262744],[3.77152634,48.53257558],[3.7715339,48.53257413],[3.77161257,48.53256231],[3.77164096,48.5325621],[3.77172534,48.53257345],[3.77174093,48.5325769],[3.77180754,48.53259789],[3.77180859,48.53259823],[3.77192203,48.53263557],[3.77192851,48.53263801],[3.7720331,48.53268256],[3.77203759,48.53268465],[3.77221149,48.53277267],[3.77239453,48.53283474],[3.77253811,48.53285543],[3.77260265,48.53285703],[3.77259014,48.53280266],[3.77258936,48.53279631],[3.77258771,48.53268445],[3.77259424,48.53266474],[3.77261307,48.53264891],[3.77264043,48.53264014],[3.77278883,48.53261776],[3.77279661,48.5326169],[3.77299782,48.53260257],[3.77323762,48.53258037],[3.77322607,48.53253503],[3.77322524,48.53253016],[3.77322094,48.53248139],[3.77322465,48.53246386],[3.77323826,48.53244863],[3.77325966,48.53243808],[3.77337025,48.53240344],[3.77340167,48.53239918],[3.77366697,48.53240578],[3.77366883,48.53240584],[3.77393085,48.53241715],[3.77406431,48.53241883],[3.77410797,48.53239982],[3.77410327,48.53235537],[3.7740963,48.53228942],[3.77406959,48.53214875],[3.77398871,48.53186161],[3.77396262,48.53177358],[3.77394236,48.53171683],[3.77394164,48.53171457],[3.77391703,48.53162547],[3.77391679,48.53162453],[3.77385956,48.53138926],[3.77385955,48.53138921],[3.7738009,48.53114632],[3.77379657,48.53112839],[3.77379586,48.53112429],[3.77379147,48.53108106],[3.77375078,48.53068061],[3.77361223,48.5303682],[3.77335301,48.53043753],[3.77335082,48.53043808],[3.77317453,48.53048059],[3.77319202,48.53072529],[3.77323947,48.53081584],[3.77337113,48.53091038],[3.77338778,48.53093195],[3.77341978,48.53103648],[3.77341896,48.53105675],[3.77340482,48.53107473],[3.77338022,48.53108675],[3.77326959,48.53111841],[3.77324773,48.53112196],[3.77314222,48.53112709],[3.77299628,48.53113506],[3.77297662,48.53113423],[3.77288285,48.53112096],[3.7728592,48.53111431],[3.77284098,48.53110229],[3.77278644,48.53104909],[3.77277594,48.53103235],[3.77271933,48.53083872],[3.7727192,48.53083829],[3.7726704,48.53066209],[3.7725728,48.53059881],[3.77179514,48.53040758],[3.77129698,48.53033013],[3.77091518,48.53027589],[3.77053806,48.53023448],[3.77051904,48.53023041],[3.770402,48.53019189],[3.77038534,48.53018414],[3.77037289,48.53017346],[3.77027835,48.53006061],[3.77012956,48.52999161],[3.76995723,48.52995319],[3.76993558,48.52994519],[3.76983081,48.52988756],[3.76982061,48.52988059],[3.76969616,48.52977465],[3.76963629,48.52976945],[3.76957381,48.52980069],[3.76956229,48.52988351],[3.76956364,48.53005169],[3.76961206,48.53027719],[3.7696438,48.53038535],[3.76964417,48.53038672],[3.76967275,48.53050317],[3.76967183,48.53052071],[3.76966087,48.53053669],[3.76964153,48.53054866],[3.76961676,48.5305548],[3.76926513,48.5305927],[3.76898817,48.53062713],[3.76891845,48.53062332],[3.76892474,48.53064751],[3.76893073,48.53067053]]]]},"geometry_name":"the_geom","properties":{"id_parcel":"5347110","code_cultu":"BTH","code_group":"1","culture_d1":"","culture_d2":"","surf_parc":8.47}},{"type":"Feature","id":"parcelles_graphiques.4834523","geometry":{"type":"MultiPolygon","coordinates":[[[[3.79481137,48.53109613],[3.79495911,48.53104556],[3.79513252,48.53100883],[3.79530405,48.53090335],[3.79551563,48.53079546],[3.79579411,48.53076591],[3.79603385,48.5308042],[3.79606486,48.53080915],[3.79613946,48.53082107],[3.79613961,48.53082109],[3.79617302,48.53080298],[3.79618749,48.53079515],[3.79618715,48.53079483],[3.79601985,48.53064266],[3.79601897,48.53064186],[3.79587807,48.53069522],[3.79563569,48.53072491],[3.79535109,48.53077149],[3.79515602,48.53088643],[3.79481137,48.53109613]]]]},"geometry_name":"the_geom","properties":{"id_parcel":"5351067","code_cultu":"J6S","code_group":"11","culture_d1":"","culture_d2":"","surf_parc":0.09}},{"type":"Feature","id":"parcelles_graphiques.4839741","geometry":{"type":"MultiPolygon","coordinates":[[[[3.77870751,48.50927467],[3.77873497,48.50957104],[3.77895242,48.51071514],[3.77884448,48.51075288],[3.77885254,48.51083994],[3.77916734,48.51080931],[3.77921039,48.51081379],[3.7793175,48.51078929],[3.77944645,48.51078844],[3.77930176,48.50924697],[3.77870751,48.50927467]]]]},"geometry_name":"the_geom","properties":{"id_parcel":"5355764","code_cultu":"BTH","code_group":"1","culture_d1":"","culture_d2":"","surf_parc":0.71}},{"type":"Feature","id":"parcelles_graphiques.4860978","geometry":{"type":"MultiPolygon","coordinates":[[[[3.8087417,48.49233024],[3.80858959,48.49233604],[3.80841603,48.49234377],[3.80823355,48.49235394],[3.80810451,48.49235985],[3.81283944,48.49977052],[3.81286598,48.49976823],[3.8129214,48.4997619],[3.81297857,48.49975318],[3.8130643,48.49973831],[3.81314288,48.49972468],[3.8132125,48.49970992],[3.81327851,48.499694],[3.81334096,48.49967929],[3.81351484,48.49963654],[3.80878799,48.49232784],[3.8087417,48.49233024]]]]},"geometry_name":"the_geom","properties":{"id_parcel":"5374878","code_cultu":"ORH","code_group":"3","culture_d1":"","culture_d2":"","surf_parc":4.43}},{"type":"Feature","id":"parcelles_graphiques.4874460","geometry":{"type":"MultiPolygon","coordinates":[[[[3.79185652,48.47907454],[3.78624017,48.48020631],[3.78114615,48.48121189],[3.78144341,48.48190662],[3.79211514,48.4797619],[3.79185652,48.47907454]]]]},"geometry_name":"the_geom","properties":{"id_parcel":"5387010","code_cultu":"LUD","code_group":"16","culture_d1":"","culture_d2":"","surf_parc":6.51}},{"type":"Feature","id":"parcelles_graphiques.4901312","geometry":{"type":"MultiPolygon","coordinates":[[[[3.75957905,48.50945319],[3.75957897,48.50944745],[3.75961667,48.50939117],[3.75961667,48.50939116],[3.75961668,48.50939116],[3.75966177,48.50939576],[3.75969206,48.50939885],[3.75969206,48.50939885],[3.75969206,48.50939885],[3.75970479,48.50941477],[3.7597966,48.50938671],[3.76015638,48.50931729],[3.76015027,48.50930076],[3.76014993,48.50929986],[3.76014993,48.50929985],[3.76014994,48.50929985],[3.7607393,48.5091782],[3.76076417,48.50917763],[3.76045676,48.50846831],[3.76045785,48.50846776],[3.760264,48.50851476],[3.76007471,48.50855406],[3.75962477,48.50865215],[3.75917831,48.50874307],[3.75872829,48.50883639],[3.75827832,48.5089321],[3.7578924,48.50899883],[3.75748867,48.50907281],[3.75693092,48.50914777],[3.75690946,48.50915029],[3.75604722,48.5092248],[3.75605803,48.5092295],[3.75614422,48.50949316],[3.75617002,48.50954298],[3.75618834,48.50957142],[3.75622966,48.50962303],[3.75622967,48.50962303],[3.75715826,48.5095105],[3.75717292,48.50951904],[3.75717292,48.50951904],[3.75717292,48.50951904],[3.75720933,48.50957444],[3.75722059,48.50961008],[3.75720649,48.50961069],[3.75708668,48.50971761],[3.75708668,48.50971761],[3.75708668,48.50971761],[3.75703747,48.50982],[3.75703747,48.50982],[3.75703747,48.50982],[3.75708209,48.50994182],[3.75709676,48.50996553],[3.75732048,48.5103259],[3.7573241,48.51032826],[3.75789977,48.5101738],[3.75820112,48.51009526],[3.75826359,48.50989636],[3.75867311,48.50972713],[3.75927946,48.50954474],[3.75957905,48.50945319]]]]},"geometry_name":"the_geom","properties":{"id_parcel":"5411177","code_cultu":"CZH","code_group":"5","culture_d1":"","culture_d2":"","surf_parc":3}},{"type":"Feature","id":"parcelles_graphiques.4905988","geometry":{"type":"MultiPolygon","coordinates":[[[[3.76855363,48.48051981],[3.76932756,48.48244637],[3.76979343,48.48237588],[3.76610691,48.4730527],[3.76559596,48.47315596],[3.76853298,48.48046841],[3.76858684,48.48047159],[3.76857773,48.48052163],[3.76855363,48.48051981]]]]},"geometry_name":"the_geom","properties":{"id_parcel":"5415386","code_cultu":"CZH","code_group":"5","culture_d1":"","culture_d2":"","surf_parc":4}},{"type":"Feature","id":"parcelles_graphiques.4930928","geometry":{"type":"MultiPolygon","coordinates":[[[[3.79367694,48.52969326],[3.79369915,48.52967802],[3.79354435,48.52963611],[3.79321926,48.52946691],[3.79298211,48.52942564],[3.79256595,48.5293951],[3.79211222,48.52925054],[3.79162883,48.52903954],[3.79103651,48.52873405],[3.79076332,48.52867875],[3.7904194,48.52868579],[3.79016993,48.5287779],[3.78999256,48.52889809],[3.78991638,48.52907474],[3.78991201,48.52926042],[3.79009448,48.52947819],[3.79037018,48.5297001],[3.79048757,48.52988022],[3.79062711,48.53010304],[3.79074307,48.53018795],[3.79099584,48.5303148],[3.79133519,48.53047916],[3.79147265,48.53056393],[3.79189492,48.53052304],[3.79222236,48.53037328],[3.79246372,48.53021934],[3.79272057,48.53014146],[3.79306958,48.52999632],[3.79336806,48.52982771],[3.79355897,48.52965506],[3.79367694,48.52969326]]]]},"geometry_name":"the_geom","properties":{"id_parcel":"5437832","code_cultu":"PTR","code_group":"19","culture_d1":"","culture_d2":"","surf_parc":3.11}},{"type":"Feature","id":"parcelles_graphiques.4944932","geometry":{"type":"MultiPolygon","coordinates":[[[[3.76345313,48.47360441],[3.76371303,48.47350633],[3.76397643,48.47340229],[3.76431834,48.47328226],[3.76468031,48.4731871],[3.76529202,48.47303438],[3.76291995,48.46625913],[3.76102756,48.46667295],[3.76345313,48.47360441]]]]},"geometry_name":"the_geom","properties":{"id_parcel":"5450435","code_cultu":"ORP","code_group":"3","culture_d1":"","culture_d2":"","surf_parc":11.43}},{"type":"Feature","id":"parcelles_graphiques.4956341","geometry":{"type":"MultiPolygon","coordinates":[[[[3.83439357,48.50800045],[3.83433481,48.50790283],[3.83397825,48.50778156],[3.83362029,48.50779835],[3.83330615,48.50786721],[3.83342455,48.5081044],[3.83294465,48.50817907],[3.83245258,48.50825538],[3.83206656,48.50830911],[3.83204114,48.508506],[3.83204104,48.50850684],[3.8320591,48.50853239],[3.83209618,48.50851142],[3.83208364,48.5084486],[3.83208334,48.50842986],[3.83208258,48.50838196],[3.83208907,48.50833907],[3.83214231,48.50830775],[3.83312594,48.50815834],[3.83342524,48.5081131],[3.83439424,48.50800156],[3.83439373,48.50800162],[3.83439307,48.50800051],[3.83439357,48.50800045]]]]},"geometry_name":"the_geom","properties":{"id_parcel":"5460703","code_cultu":"SNE","code_group":"28","culture_d1":"","culture_d2":"","surf_parc":0.21}},{"type":"Feature","id":"parcelles_graphiques.4989936","geometry":{"type":"MultiPolygon","coordinates":[[[[3.78240727,48.50903354],[3.77931721,48.50926259],[3.77945406,48.51070806],[3.77970964,48.51077779],[3.77974667,48.51105935],[3.78090317,48.51095805],[3.78104846,48.51163706],[3.78145244,48.51158441],[3.7817358,48.5115405],[3.78172473,48.51122558],[3.78259017,48.51120263],[3.78251407,48.51036934],[3.78240727,48.50903354]]]]},"geometry_name":"the_geom","properties":{"id_parcel":"549094","code_cultu":"BTH","code_group":"1","culture_d1":"","culture_d2":"","surf_parc":5.18}},{"type":"Feature","id":"parcelles_graphiques.5022603","geometry":{"type":"MultiPolygon","coordinates":[[[[3.80218407,48.53244525],[3.80136623,48.53146025],[3.80094934,48.53161778],[3.80177931,48.53257652],[3.80218407,48.53244525]]]]},"geometry_name":"the_geom","properties":{"id_parcel":"5520339","code_cultu":"PPH","code_group":"18","culture_d1":"","culture_d2":"","surf_parc":0.43}},{"type":"Feature","id":"parcelles_graphiques.5039413","geometry":{"type":"MultiPolygon","coordinates":[[[[3.74123619,48.48695625],[3.74456301,48.4874202],[3.7486305,48.48798703],[3.74952219,48.48811151],[3.74898404,48.4877772],[3.74841159,48.4874049],[3.74804192,48.48707762],[3.74765089,48.48669923],[3.74722263,48.48621855],[3.74685595,48.48581363],[3.74671854,48.48569962],[3.74652383,48.4855856],[3.74635801,48.48551923],[3.74445441,48.48524221],[3.74133318,48.48481724],[3.73970835,48.4845675],[3.73962196,48.48494735],[3.73902282,48.48487737],[3.73894053,48.48553649],[3.73887946,48.48592513],[3.73878326,48.48661272],[3.74123619,48.48695625]]]]},"geometry_name":"the_geom","properties":{"id_parcel":"5535469","code_cultu":"BTH","code_group":"1","culture_d1":"","culture_d2":"","surf_parc":15.6}},{"type":"Feature","id":"parcelles_graphiques.5039843","geometry":{"type":"MultiPolygon","coordinates":[[[[3.75833207,48.49229275],[3.76010733,48.49370958],[3.76116518,48.49306489],[3.76054714,48.49292127],[3.76046753,48.49286465],[3.76048027,48.49275508],[3.76041513,48.49270789],[3.75831761,48.49228332],[3.75831045,48.49228336],[3.75833207,48.49229275]]]]},"geometry_name":"the_geom","properties":{"id_parcel":"5535856","code_cultu":"PPH","code_group":"18","culture_d1":"","culture_d2":"","surf_parc":1.22}},{"type":"Feature","id":"parcelles_graphiques.5056803","geometry":{"type":"MultiPolygon","coordinates":[[[[3.80895898,48.52222751],[3.80891636,48.5221814],[3.80884722,48.52257699],[3.80876207,48.52263232],[3.80794075,48.52141921],[3.80904799,48.52099295],[3.80902061,48.52095327],[3.80786087,48.5213973],[3.80827529,48.52202307],[3.80828304,48.52203477],[3.80831216,48.52207875],[3.80847792,48.52232903],[3.80861964,48.52256941],[3.80873045,48.5226494],[3.80882489,48.52264822],[3.80889171,48.5225938],[3.80891801,48.52249102],[3.80895898,48.52222751]]]]},"geometry_name":"the_geom","properties":{"id_parcel":"5551119","code_cultu":"SNE","code_group":"28","culture_d1":"","culture_d2":"","surf_parc":0.14}},{"type":"Feature","id":"parcelles_graphiques.5060704","geometry":{"type":"MultiPolygon","coordinates":[[[[3.7794809,48.47739086],[3.77948195,48.47739385],[3.77970617,48.47803424],[3.78594308,48.47677735],[3.78759426,48.47645213],[3.7877403,48.47642309],[3.79057174,48.47586439],[3.79032747,48.4752443],[3.79032602,48.47524062],[3.79019766,48.47491475],[3.78479019,48.47598525],[3.78120254,48.47670591],[3.77936782,48.47706789],[3.7794809,48.47739086]]]]},"geometry_name":"the_geom","properties":{"id_parcel":"5554630","code_cultu":"ORH","code_group":"3","culture_d1":"","culture_d2":"","surf_parc":9.13}},{"type":"Feature","id":"parcelles_graphiques.5067361","geometry":{"type":"MultiPolygon","coordinates":[[[[3.78460022,48.49680733],[3.78344647,48.49705495],[3.78338321,48.49709267],[3.78393284,48.49983581],[3.78461633,48.49974373],[3.78509954,48.49967972],[3.78469224,48.49737418],[3.78460022,48.49680733]]]]},"geometry_name":"the_geom","properties":{"id_parcel":"5560621","code_cultu":"BTN","code_group":"24","culture_d1":"","culture_d2":"","surf_parc":2.85}},{"type":"Feature","id":"parcelles_graphiques.5105437","geometry":{"type":"MultiPolygon","coordinates":[[[[3.80034901,48.52897873],[3.8003389,48.52898104],[3.799873,48.52907771],[3.80021214,48.5295842],[3.80026622,48.52978703],[3.80035642,48.52997026],[3.80044344,48.53014412],[3.80070188,48.5300894],[3.800842,48.5301227],[3.80093802,48.53009942],[3.80098138,48.53008894],[3.8003956,48.52896761],[3.80034901,48.52897873]]]]},"geometry_name":"the_geom","properties":{"id_parcel":"5594891","code_cultu":"MOT","code_group":"24","culture_d1":"","culture_d2":"","surf_parc":0.49}},{"type":"Feature","id":"parcelles_graphiques.5125577","geometry":{"type":"MultiPolygon","coordinates":[[[[3.82438593,48.50213518],[3.82258201,48.50225953],[3.822582,48.50225953],[3.822582,48.50225953],[3.822582,48.50225953],[3.82258199,48.50225953],[3.82258198,48.50225954],[3.82258199,48.50225955],[3.82258199,48.50225955],[3.82570552,48.50750782],[3.82570552,48.50750783],[3.82570554,48.50750783],[3.82570554,48.50750783],[3.82570554,48.50750783],[3.82570555,48.50750783],[3.82625535,48.50727789],[3.82677687,48.50707075],[3.82717208,48.50691804],[3.82757634,48.50677121],[3.82770305,48.50673609],[3.82822366,48.50659175],[3.82885541,48.50644691],[3.82890808,48.50643684],[3.82890808,48.50643683],[3.82760908,48.50423192],[3.82626784,48.50197752],[3.8262677,48.5019773],[3.82626769,48.5019773],[3.82617088,48.50198473],[3.82496218,48.50208661],[3.82438593,48.50213518]]]]},"geometry_name":"the_geom","properties":{"id_parcel":"5613015","code_cultu":"CHV","code_group":"9","culture_d1":"","culture_d2":"","surf_parc":15.15}},{"type":"Feature","id":"parcelles_graphiques.5138620","geometry":{"type":"MultiPolygon","coordinates":[[[[3.76948662,48.51488586],[3.77073961,48.51518837],[3.77107914,48.51476605],[3.77064405,48.51471376],[3.77002997,48.51460091],[3.77002236,48.51441486],[3.76988247,48.51417073],[3.76973381,48.51400489],[3.76954713,48.51471853],[3.76948662,48.51488586]]]]},"geometry_name":"the_geom","properties":{"id_parcel":"5624755","code_cultu":"J6S","code_group":"11","culture_d1":"","culture_d2":"","surf_parc":0.6}},{"type":"Feature","id":"parcelles_graphiques.5163818","geometry":{"type":"MultiPolygon","coordinates":[[[[3.76866719,48.50515001],[3.76888686,48.50504651],[3.76810297,48.5034378],[3.7678763,48.50346973],[3.76784125,48.50348333],[3.76785438,48.50351089],[3.76866719,48.50515001]]]]},"geometry_name":"the_geom","properties":{"id_parcel":"5647433","code_cultu":"J6S","code_group":"11","culture_d1":"","culture_d2":"","surf_parc":0.37}},{"type":"Feature","id":"parcelles_graphiques.5196309","geometry":{"type":"MultiPolygon","coordinates":[[[[3.78319078,48.51153784],[3.78319069,48.51153172],[3.78318394,48.51138784],[3.78314351,48.51138886],[3.78314612,48.51152894],[3.78319078,48.51153784]]]]},"geometry_name":"the_geom","properties":{"id_parcel":"5676676","code_cultu":"SNE","code_group":"28","culture_d1":"","culture_d2":"","surf_parc":0.01}},{"type":"Feature","id":"parcelles_graphiques.5201841","geometry":{"type":"MultiPolygon","coordinates":[[[[3.75667324,48.50042655],[3.75638091,48.49953681],[3.74670733,48.50032488],[3.74694375,48.50119394],[3.74694375,48.50119394],[3.74694376,48.50119394],[3.74694376,48.50119395],[3.74694377,48.50119395],[3.74694377,48.50119395],[3.74953565,48.50101932],[3.75235988,48.50077565],[3.75255453,48.50076061],[3.75339225,48.50070159],[3.75339226,48.50070159],[3.75339227,48.50070159],[3.75339227,48.50070158],[3.75339227,48.50070158],[3.75339173,48.50069593],[3.75339173,48.50069592],[3.75339174,48.50069592],[3.75368805,48.50067298],[3.75595396,48.50049749],[3.75599228,48.50049452],[3.75611163,48.50048527],[3.75611163,48.50048527],[3.75611163,48.50048527],[3.75611164,48.50048528],[3.75611165,48.50048528],[3.75667324,48.50042655]]]]},"geometry_name":"the_geom","properties":{"id_parcel":"5681654","code_cultu":"BTH","code_group":"1","culture_d1":"","culture_d2":"","surf_parc":7.29}},{"type":"Feature","id":"parcelles_graphiques.5210668","geometry":{"type":"MultiPolygon","coordinates":[[[[3.76941298,48.50487895],[3.76950362,48.50516056],[3.76978882,48.50603235],[3.77019008,48.5060034],[3.77108645,48.50561759],[3.77172782,48.50532236],[3.77197801,48.50486717],[3.77209668,48.50458446],[3.77227783,48.50423095],[3.77185791,48.50419183],[3.77185153,48.50385657],[3.7707977,48.50425359],[3.77030994,48.50446569],[3.76941298,48.50487895]]]]},"geometry_name":"the_geom","properties":{"id_parcel":"56896","code_cultu":"ORP","code_group":"3","culture_d1":"","culture_d2":"","surf_parc":2.82}},{"type":"Feature","id":"parcelles_graphiques.5234719","geometry":{"type":"MultiPolygon","coordinates":[[[[3.77078873,48.51875612],[3.77228862,48.51849632],[3.77211509,48.51798509],[3.76999979,48.51804482],[3.7700148,48.51832744],[3.77049833,48.51831694],[3.77058025,48.518769],[3.77078873,48.51875612]]]]},"geometry_name":"the_geom","properties":{"id_parcel":"5711243","code_cultu":"J5M","code_group":"11","culture_d1":"","culture_d2":"","surf_parc":1.01}},{"type":"Feature","id":"parcelles_graphiques.5243740","geometry":{"type":"MultiPolygon","coordinates":[[[[3.78778982,48.50296542],[3.78799321,48.50396107],[3.78799025,48.50396125],[3.78799975,48.50400583],[3.78806979,48.50400157],[3.78785673,48.50295862],[3.78778982,48.50296542]]]]},"geometry_name":"the_geom","properties":{"id_parcel":"5719363","code_cultu":"J5M","code_group":"11","culture_d1":"","culture_d2":"","surf_parc":0.06}},{"type":"Feature","id":"parcelles_graphiques.5248899","geometry":{"type":"MultiPolygon","coordinates":[[[[3.76994768,48.50314062],[3.76973338,48.50315378],[3.77037876,48.50436377],[3.77056359,48.50429021],[3.76994768,48.50314062]]]]},"geometry_name":"the_geom","properties":{"id_parcel":"5724005","code_cultu":"J6S","code_group":"11","culture_d1":"","culture_d2":"","surf_parc":0.22}},{"type":"Feature","id":"parcelles_graphiques.5251483","geometry":{"type":"MultiPolygon","coordinates":[[[[3.83113445,48.5257299],[3.83097709,48.52566551],[3.83094562,48.52567599],[3.83180852,48.52620473],[3.831773,48.52623266],[3.83132734,48.52650791],[3.83161508,48.52674867],[3.83165656,48.52678555],[3.83165882,48.52678456],[3.83167309,48.52680025],[3.83190589,48.52700724],[3.83221867,48.52736093],[3.83240295,48.52767022],[3.83249908,48.52764834],[3.83296686,48.52748737],[3.83339877,48.52726744],[3.83568844,48.52629986],[3.83558972,48.52606253],[3.8355713,48.52603142],[3.83543717,48.52590621],[3.83541411,48.52586472],[3.83533637,48.52556803],[3.83543077,48.52491549],[3.8351345,48.52508245],[3.83505591,48.5252665],[3.8350676,48.52550073],[3.8350961,48.52578988],[3.83519272,48.52603093],[3.83529872,48.52618622],[3.83541182,48.52628856],[3.83313496,48.52728107],[3.8325226,48.52753409],[3.83240858,48.52751764],[3.83237066,48.52738699],[3.83226958,48.52722703],[3.83189552,48.52686272],[3.83181241,48.52684196],[3.83176024,48.52687082],[3.83181238,48.52684195],[3.83167601,48.52671585],[3.83160672,48.52652652],[3.83162806,48.52640319],[3.83190287,48.52620634],[3.83113445,48.5257299]]]]},"geometry_name":"the_geom","properties":{"id_parcel":"5726331","code_cultu":"J6S","code_group":"11","culture_d1":"","culture_d2":"","surf_parc":0.83}},{"type":"Feature","id":"parcelles_graphiques.5266873","geometry":{"type":"MultiPolygon","coordinates":[[[[3.81243895,48.51097294],[3.81237994,48.51078791],[3.81251045,48.51077214],[3.8103466,48.50357643],[3.81016405,48.50358481],[3.81232692,48.51098958],[3.81243895,48.51097294]]]]},"geometry_name":"the_geom","properties":{"id_parcel":"5740182","code_cultu":"BVF","code_group":"16","culture_d1":"","culture_d2":"","surf_parc":1.3}},{"type":"Feature","id":"parcelles_graphiques.5280341","geometry":{"type":"MultiPolygon","coordinates":[[[[3.79014905,48.51924025],[3.79039112,48.51921446],[3.79009236,48.51922813],[3.7895664,48.51927685],[3.78929397,48.51926913],[3.78893586,48.51928103],[3.78801358,48.51942283],[3.78866251,48.52111802],[3.78826622,48.52109447],[3.78805029,48.52103163],[3.78786099,48.52095196],[3.78767318,48.52085324],[3.78728684,48.52068433],[3.78732541,48.52079948],[3.7876979,48.52102789],[3.78799163,48.52114139],[3.78837075,48.52121504],[3.78881391,48.52125852],[3.78900224,48.52127274],[3.78862689,48.52037787],[3.78852557,48.51995367],[3.78850639,48.51975029],[3.78853371,48.51954183],[3.78859191,48.51948075],[3.78865916,48.51942556],[3.78899685,48.51936619],[3.78958166,48.51941824],[3.7897976,48.51936325],[3.79002526,48.51925344],[3.79014905,48.51924025]]]]},"geometry_name":"the_geom","properties":{"id_parcel":"5752303","code_cultu":"J6S","code_group":"11","culture_d1":"","culture_d2":"","surf_parc":0.76}},{"type":"Feature","id":"parcelles_graphiques.5291486","geometry":{"type":"MultiPolygon","coordinates":[[[[3.82154635,48.53464602],[3.82154635,48.53464603],[3.82241938,48.53571173],[3.8224194,48.53571173],[3.82266505,48.53564391],[3.82266506,48.5356439],[3.8219897,48.53483765],[3.82175131,48.53457619],[3.82175129,48.53457618],[3.82154635,48.53464602]]]]},"geometry_name":"the_geom","properties":{"id_parcel":"5762334","code_cultu":"ORP","code_group":"3","culture_d1":"","culture_d2":"","surf_parc":0.25}},{"type":"Feature","id":"parcelles_graphiques.5302636","geometry":{"type":"MultiPolygon","coordinates":[[[[3.77937719,48.49747142],[3.77962859,48.49861991],[3.77995622,48.49986275],[3.78294532,48.49967861],[3.78370839,48.49963602],[3.78362687,48.49910872],[3.78361335,48.4990485],[3.78345654,48.49840785],[3.78333293,48.49776719],[3.78326328,48.49742013],[3.78323858,48.4970863],[3.78319598,48.4970669],[3.77969733,48.49724432],[3.77932894,48.49726299],[3.77937719,48.49747142]]]]},"geometry_name":"the_geom","properties":{"id_parcel":"577237","code_cultu":"BTN","code_group":"24","culture_d1":"","culture_d2":"","surf_parc":8.22}},{"type":"Feature","id":"parcelles_graphiques.5308351","geometry":{"type":"MultiPolygon","coordinates":[[[[3.76555347,48.51486311],[3.76561824,48.51602599],[3.76564195,48.51637336],[3.7656877,48.51744656],[3.7656693,48.51754841],[3.76567056,48.51756882],[3.76584285,48.51762484],[3.76742283,48.5180981],[3.76727831,48.51529791],[3.76661508,48.51532358],[3.76658978,48.51531419],[3.76654315,48.51482881],[3.76555319,48.51485818],[3.76555347,48.51486311]]]]},"geometry_name":"the_geom","properties":{"id_parcel":"5777513","code_cultu":"AVP","code_group":"4","culture_d1":"","culture_d2":"","surf_parc":3.91}},{"type":"Feature","id":"parcelles_graphiques.5330165","geometry":{"type":"MultiPolygon","coordinates":[[[[3.803607,48.503457],[3.80347685,48.50252877],[3.80117198,48.50265986],[3.80133001,48.503631],[3.803607,48.503457]]]]},"geometry_name":"the_geom","properties":{"id_parcel":"5797146","code_cultu":"J6P","code_group":"11","culture_d1":"","culture_d2":"","surf_parc":1.8}},{"type":"Feature","id":"parcelles_graphiques.5342277","geometry":{"type":"MultiPolygon","coordinates":[[[[3.80896054,48.52221748],[3.80954184,48.52216772],[3.80973697,48.52215023],[3.80984034,48.52214107],[3.80954167,48.5217083],[3.80951836,48.52167453],[3.80949637,48.52164265],[3.80904799,48.52099295],[3.80794075,48.52141921],[3.80876207,48.52263232],[3.80884722,48.52257699],[3.80891636,48.5221814],[3.80895898,48.52222751],[3.80896054,48.52221748]]]]},"geometry_name":"the_geom","properties":{"id_parcel":"5808046","code_cultu":"J6S","code_group":"11","culture_d1":"","culture_d2":"","surf_parc":1.22}},{"type":"Feature","id":"parcelles_graphiques.5349102","geometry":{"type":"MultiPolygon","coordinates":[[[[3.77092805,48.49644319],[3.76919774,48.48995478],[3.76806106,48.49000586],[3.76806104,48.49000587],[3.76841982,48.49134524],[3.76959342,48.49572592],[3.76959342,48.49572592],[3.77027551,48.4960925],[3.77092803,48.49644317],[3.77092804,48.49644317],[3.77092805,48.49644317],[3.77092805,48.49644318],[3.77092805,48.49644319]]]]},"geometry_name":"the_geom","properties":{"id_parcel":"5814189","code_cultu":"BTH","code_group":"1","culture_d1":"","culture_d2":"","surf_parc":5.75}},{"type":"Feature","id":"parcelles_graphiques.5393909","geometry":{"type":"MultiPolygon","coordinates":[[[[3.82117227,48.49256183],[3.82624824,48.49924379],[3.82663705,48.4992436],[3.82689933,48.49924347],[3.82732244,48.49924326],[3.82867779,48.49923939],[3.82876039,48.49920583],[3.82855376,48.49893388],[3.82854012,48.49891593],[3.82356174,48.49236288],[3.82346821,48.49233616],[3.82177814,48.49250211],[3.82173369,48.49250647],[3.82168975,48.49251079],[3.82153406,48.49252615],[3.82117227,48.49256183]]]]},"geometry_name":"the_geom","properties":{"id_parcel":"5854515","code_cultu":"ORH","code_group":"3","culture_d1":"","culture_d2":"","surf_parc":14.18}},{"type":"Feature","id":"parcelles_graphiques.5401121","geometry":{"type":"MultiPolygon","coordinates":[[[[3.74751325,48.47203214],[3.74987562,48.47882852],[3.75008719,48.47932486],[3.75077278,48.47908651],[3.75116125,48.47896266],[3.75146114,48.47890363],[3.75226436,48.47874144],[3.75287794,48.4785876],[3.75331533,48.47844319],[3.75086106,48.47146027],[3.74751325,48.47203214]]]]},"geometry_name":"the_geom","properties":{"id_parcel":"5861005","code_cultu":"BTN","code_group":"24","culture_d1":"","culture_d2":"","surf_parc":20.85}},{"type":"Feature","id":"parcelles_graphiques.5443368","geometry":{"type":"MultiPolygon","coordinates":[[[[3.81474215,48.5106889],[3.81495467,48.51120571],[3.8150024,48.51132177],[3.81878532,48.51068087],[3.81859185,48.51022043],[3.81516704,48.51079143],[3.81508671,48.51061824],[3.81474215,48.5106889]]]]},"geometry_name":"the_geom","properties":{"id_parcel":"5899029","code_cultu":"ORP","code_group":"3","culture_d1":"","culture_d2":"","surf_parc":1.6}},{"type":"Feature","id":"parcelles_graphiques.5477296","geometry":{"type":"MultiPolygon","coordinates":[[[[3.77610477,48.50832404],[3.77622217,48.50860028],[3.77658306,48.5092644],[3.7766784,48.5093784],[3.77675293,48.50940759],[3.77682476,48.50941995],[3.77692656,48.50941012],[3.77725367,48.50935488],[3.77792239,48.50929557],[3.77848562,48.50923934],[3.77865949,48.50921933],[3.77858013,48.50892379],[3.77835153,48.50831684],[3.77835079,48.50831702],[3.77831988,48.50823523],[3.77816098,48.5082696],[3.77798036,48.50828863],[3.77791433,48.50830454],[3.77786297,48.50834415],[3.77761848,48.50840406],[3.77741902,48.50848154],[3.77724454,48.5084315],[3.77706176,48.50819327],[3.77689327,48.50799865],[3.77664356,48.5078831],[3.77651372,48.50786198],[3.77637577,48.50785007],[3.77617463,48.50784955],[3.77604036,48.50789987],[3.77599765,48.50797686],[3.77610477,48.50832404]]]]},"geometry_name":"the_geom","properties":{"id_parcel":"5929564","code_cultu":"ORP","code_group":"3","culture_d1":"","culture_d2":"","surf_parc":2.1}},{"type":"Feature","id":"parcelles_graphiques.5485705","geometry":{"type":"MultiPolygon","coordinates":[[[[3.78865331,48.50342326],[3.78866062,48.50341923],[3.78874328,48.50331871],[3.78886253,48.50326912],[3.78895974,48.50324289],[3.78908312,48.50323016],[3.78949109,48.50320603],[3.78941607,48.50266666],[3.7892088,48.50116741],[3.78753253,48.50122135],[3.78784938,48.50291924],[3.78790368,48.50291783],[3.78790399,48.50291946],[3.78846616,48.50288361],[3.78848621,48.50288483],[3.7885042,48.50289084],[3.78851765,48.5029008],[3.78852469,48.50291333],[3.78864079,48.50336173],[3.78863975,48.50336873],[3.78865331,48.50342326]]]]},"geometry_name":"the_geom","properties":{"id_parcel":"5937131","code_cultu":"CZH","code_group":"5","culture_d1":"","culture_d2":"","surf_parc":2.57}},{"type":"Feature","id":"parcelles_graphiques.5530130","geometry":{"type":"MultiPolygon","coordinates":[[[[3.76613494,48.49425578],[3.76606624,48.49429975],[3.76666334,48.49646434],[3.76680501,48.49692394],[3.767487,48.499482],[3.76879579,48.50065705],[3.76884168,48.50066583],[3.76928925,48.50061942],[3.76892801,48.499257],[3.76843,48.497403],[3.7679896,48.49583238],[3.76776526,48.49497067],[3.76776233,48.49492353],[3.76643365,48.49419979],[3.76640659,48.49420184],[3.76619398,48.49421799],[3.76613494,48.49425578]]]]},"geometry_name":"the_geom","properties":{"id_parcel":"5977114","code_cultu":"BTH","code_group":"1","culture_d1":"","culture_d2":"","surf_parc":7.14}},{"type":"Feature","id":"parcelles_graphiques.5540623","geometry":{"type":"MultiPolygon","coordinates":[[[[3.7631692,48.50888604],[3.7631554,48.50888684],[3.76293349,48.50890017],[3.76266516,48.50892331],[3.76240034,48.50894167],[3.76197327,48.5089698],[3.76159386,48.50899128],[3.76165992,48.50911955],[3.76166513,48.50912966],[3.76166514,48.50912967],[3.76274607,48.50906799],[3.76274608,48.50906799],[3.76276781,48.50908451],[3.76276781,48.50908451],[3.76281255,48.50920562],[3.76284011,48.50932904],[3.76284011,48.50932904],[3.76292386,48.50946911],[3.76292386,48.50946912],[3.76307252,48.50958093],[3.76307253,48.50958093],[3.76329372,48.50956118],[3.76329372,48.50956118],[3.7636017,48.50952427],[3.76360171,48.50952426],[3.7636102,48.5093695],[3.7636102,48.5093695],[3.76365234,48.509292],[3.76365235,48.50929199],[3.76391676,48.50926517],[3.76391676,48.50926517],[3.76411916,48.5092878],[3.76398249,48.50869507],[3.76388244,48.50871238],[3.76384963,48.50875329],[3.76384022,48.50876501],[3.76384022,48.50876502],[3.76354313,48.50884402],[3.76338447,48.50887347],[3.76338447,48.50887347],[3.76338447,48.50887347],[3.7631692,48.50888604]]]]},"geometry_name":"the_geom","properties":{"id_parcel":"5986559","code_cultu":"MIS","code_group":"2","culture_d1":"","culture_d2":"","surf_parc":0.76}},{"type":"Feature","id":"parcelles_graphiques.5557364","geometry":{"type":"MultiPolygon","coordinates":[[[[3.81690584,48.5124733],[3.81689496,48.51243729],[3.81618652,48.51251785],[3.81549101,48.51259076],[3.81550307,48.51262264],[3.81610324,48.51256248],[3.81690418,48.51247348],[3.81690584,48.5124733]]]]},"geometry_name":"the_geom","properties":{"id_parcel":"6001623","code_cultu":"BTA","code_group":"28","culture_d1":"","culture_d2":"","surf_parc":0.04}},{"type":"Feature","id":"parcelles_graphiques.5562364","geometry":{"type":"MultiPolygon","coordinates":[[[[3.79917494,48.47923459],[3.80334056,48.48708425],[3.8035753,48.48707851],[3.80375355,48.48707071],[3.8039377,48.48705399],[3.80407865,48.48705065],[3.80428836,48.48703733],[3.80464779,48.48700872],[3.80480517,48.48699694],[3.80501807,48.48698716],[3.80517872,48.48698419],[3.80525207,48.48698072],[3.80530306,48.48697799],[3.80532448,48.48697428],[3.80534179,48.48696474],[3.80535203,48.486961],[3.80535949,48.48695152],[3.8053678,48.48693887],[3.80536099,48.48693247],[3.80536567,48.48691628],[3.80535881,48.48688572],[3.80533281,48.4868252],[3.80527448,48.48670547],[3.80523394,48.486587],[3.80522398,48.48658595],[3.80517045,48.4866192],[3.80512891,48.486654],[3.80501073,48.48666963],[3.80487745,48.48667648],[3.80486916,48.48666107],[3.80486174,48.48664445],[3.80484893,48.48662669],[3.8048253,48.48660364],[3.80479777,48.48655919],[3.80473145,48.48643765],[3.80467148,48.48632142],[3.80455093,48.48610609],[3.80432583,48.48565609],[3.80434776,48.48564225],[3.80445134,48.48562488],[3.80458706,48.48560254],[3.80484945,48.48555137],[3.80522788,48.48547799],[3.80524889,48.48547398],[3.80174362,48.47906297],[3.80134427,48.47908973],[3.80072893,48.47912993],[3.80044541,48.47914903],[3.79992802,48.47918973],[3.79973108,48.47920291],[3.7995632,48.47921361],[3.79917494,48.47923459]]]]},"geometry_name":"the_geom","properties":{"id_parcel":"6006123","code_cultu":"BTH","code_group":"1","culture_d1":"","culture_d2":"","surf_parc":16.5}},{"type":"Feature","id":"parcelles_graphiques.5585126","geometry":{"type":"MultiPolygon","coordinates":[[[[3.83416119,48.52015243],[3.83419286,48.52016881],[3.83422306,48.52018443],[3.83465626,48.51990914],[3.83440226,48.5197086],[3.83397734,48.51934979],[3.83334162,48.51880202],[3.83293119,48.51845262],[3.83272061,48.51827795],[3.83241183,48.51823668],[3.83222942,48.518257],[3.83205993,48.51830103],[3.83182021,48.51843541],[3.83168166,48.51862263],[3.83224409,48.51906857],[3.83323972,48.51994348],[3.83360203,48.52008286],[3.83372768,48.52009864],[3.83383131,48.52010893],[3.83396215,48.52011247],[3.83398369,48.52011307],[3.83409119,48.52011603],[3.83416119,48.52015243]]]]},"geometry_name":"the_geom","properties":{"id_parcel":"602661","code_cultu":"PPH","code_group":"18","culture_d1":"","culture_d2":"","surf_parc":2.01}},{"type":"Feature","id":"parcelles_graphiques.5595977","geometry":{"type":"MultiPolygon","coordinates":[[[[3.82222053,48.49240141],[3.82220624,48.49237144],[3.82156263,48.4924354],[3.821574,48.49247008],[3.82222053,48.49240141]]]]},"geometry_name":"the_geom","properties":{"id_parcel":"6036376","code_cultu":"SNE","code_group":"28","culture_d1":"","culture_d2":"","surf_parc":0.02}},{"type":"Feature","id":"parcelles_graphiques.5598987","geometry":{"type":"MultiPolygon","coordinates":[[[[3.793534,48.503003],[3.79414596,48.50295777],[3.79475552,48.50291378],[3.79471891,48.50254783],[3.792963,48.50266],[3.79209982,48.50273367],[3.792131,48.503113],[3.79298568,48.50305085],[3.793534,48.503003]]]]},"geometry_name":"the_geom","properties":{"id_parcel":"6039085","code_cultu":"ORP","code_group":"3","culture_d1":"","culture_d2":"","surf_parc":0.82}},{"type":"Feature","id":"parcelles_graphiques.5612070","geometry":{"type":"MultiPolygon","coordinates":[[[[3.81652173,48.50277735],[3.81869124,48.50990114],[3.81889771,48.50986882],[3.81889789,48.50986939],[3.8194672,48.50978138],[3.81969578,48.50973696],[3.81989581,48.50969988],[3.82001371,48.50968002],[3.82012084,48.50965786],[3.82029923,48.5096114],[3.82051672,48.50954563],[3.82112773,48.50933308],[3.81706464,48.50272583],[3.81674481,48.50275881],[3.81674498,48.50275937],[3.81674438,48.50275942],[3.81652173,48.50277735]]]]},"geometry_name":"the_geom","properties":{"id_parcel":"605086","code_cultu":"VES","code_group":"16","culture_d1":"","culture_d2":"","surf_parc":9.29}},{"type":"Feature","id":"parcelles_graphiques.5631522","geometry":{"type":"MultiPolygon","coordinates":[[[[3.76608044,48.53417681],[3.76610454,48.5342054],[3.7662487,48.53435068],[3.76625478,48.53435832],[3.76632819,48.53447686],[3.76633065,48.53448154],[3.76641515,48.53467668],[3.76656419,48.53493457],[3.76667699,48.5351017],[3.7666829,48.53511894],[3.76668846,48.53526336],[3.76673287,48.53537033],[3.76682341,48.53549314],[3.76682487,48.53549292],[3.76701523,48.53541675],[3.76702278,48.53541415],[3.76725316,48.53534647],[3.76750484,48.53526205],[3.76752295,48.53525798],[3.76776622,48.53522785],[3.76779062,48.53522779],[3.76781346,48.53523348],[3.76783179,48.53524418],[3.76784022,48.53525477],[3.76777863,48.53527206],[3.76777865,48.53527207],[3.76784022,48.53525477],[3.7678406,48.53525521],[3.76784059,48.53525521],[3.76784321,48.53525849],[3.76791679,48.53541284],[3.76791945,48.53551676],[3.76789497,48.53556938],[3.76787567,48.53558948],[3.7677629,48.53565716],[3.76775995,48.53565884],[3.76760241,48.53574304],[3.76748753,48.53581729],[3.76746669,48.53582648],[3.76737567,48.53585206],[3.76736615,48.5358542],[3.76724339,48.53587517],[3.76718057,48.53592774],[3.7671741,48.53600215],[3.76723222,48.53611645],[3.76727644,48.53619384],[3.7673148,48.53621338],[3.76739304,48.53619455],[3.76748356,48.53611418],[3.76762155,48.5359919],[3.76762347,48.53599028],[3.76769786,48.53593029],[3.76772253,48.53591781],[3.76787494,48.53587263],[3.76795111,48.53582105],[3.76796791,48.53581275],[3.76821751,48.53572545],[3.76822141,48.53572419],[3.76836058,48.53568282],[3.76838768,48.5356789],[3.76841488,48.53568252],[3.7684376,48.53569308],[3.76845206,48.5357088],[3.76852575,48.53584638],[3.76852964,48.53586284],[3.76852424,48.5358791],[3.7685103,48.53589295],[3.76846416,48.53592419],[3.76844293,48.53593391],[3.76828625,48.53597939],[3.76811957,48.53608562],[3.76800734,48.53620098],[3.7679917,48.53621224],[3.76797128,48.53621937],[3.76781622,48.53625265],[3.76762886,48.53638389],[3.76758187,48.5364438],[3.76755385,48.53655328],[3.76754876,48.53662956],[3.76757059,48.53666894],[3.76774336,48.53658004],[3.76775024,48.53657693],[3.76801395,48.53647288],[3.76802174,48.53647024],[3.76828554,48.53639476],[3.76837352,48.53633302],[3.76839582,48.53632265],[3.76852281,48.53628618],[3.76860441,48.53624195],[3.76861317,48.53623792],[3.76881158,48.53616124],[3.76906395,48.53598567],[3.76906413,48.53598554],[3.76924508,48.5358606],[3.7692518,48.53585655],[3.76944385,48.53575533],[3.76946973,48.5357469],[3.76965555,48.53571646],[3.76974348,48.53567917],[3.76976213,48.53565248],[3.76975404,48.53560808],[3.769689,48.53551502],[3.76968576,48.53550943],[3.76961915,48.53536705],[3.76961651,48.53535862],[3.76961091,48.53532478],[3.76961092,48.53532478],[3.76960471,48.53528729],[3.76960883,48.53526621],[3.76999172,48.53460597],[3.76999347,48.534604],[3.77032127,48.53403516],[3.77041376,48.5340005],[3.77041918,48.53399108],[3.77041779,48.53389588],[3.77017627,48.53355707],[3.76994941,48.53323959],[3.76989295,48.53317788],[3.76983689,48.53320322],[3.76974537,48.53310315],[3.7696567,48.53303685],[3.76950414,48.53296467],[3.76948966,48.53295537],[3.76939115,48.53286989],[3.76927994,48.53283667],[3.76919417,48.53283722],[3.7689287,48.5328752],[3.76892877,48.53287517],[3.76851607,48.53299682],[3.76819712,48.53310764],[3.76802553,48.53320759],[3.76802084,48.53321009],[3.76773259,48.53335001],[3.76772657,48.53335262],[3.76744279,48.53346177],[3.76728128,48.53360543],[3.76728015,48.53360641],[3.76708897,48.53376712],[3.76708361,48.53377111],[3.76693452,48.53386966],[3.76750646,48.53355228],[3.76693452,48.53386967],[3.76692441,48.53387517],[3.76671788,48.53396695],[3.76671404,48.53396853],[3.76651803,48.53404358],[3.76644271,48.53406651],[3.76651802,48.53404358],[3.76648191,48.53404957],[3.76639945,48.53404772],[3.76637007,48.53404253],[3.76634708,48.53402932],[3.76622271,48.53391641],[3.76593097,48.53399949],[3.76608044,48.53417681],[3.76608044,48.53417681]],[[3.76929143,48.53539731],[3.76873404,48.53557587],[3.76868694,48.53551777],[3.76873404,48.53557587],[3.76929142,48.53539731],[3.76929143,48.53539731]]]]},"geometry_name":"the_geom","properties":{"id_parcel":"6068367","code_cultu":"BTH","code_group":"1","culture_d1":"","culture_d2":"","surf_parc":7.37}},{"type":"Feature","id":"parcelles_graphiques.5635759","geometry":{"type":"MultiPolygon","coordinates":[[[[3.82456759,48.51129776],[3.82359831,48.509069],[3.82341809,48.50865608],[3.82339229,48.50866592],[3.8229473,48.50884164],[3.82400721,48.51133844],[3.82422476,48.51128176],[3.82456759,48.51129776]]]]},"geometry_name":"the_geom","properties":{"id_parcel":"607218","code_cultu":"PTR","code_group":"19","culture_d1":"","culture_d2":"","surf_parc":1.18}},{"type":"Feature","id":"parcelles_graphiques.5649206","geometry":{"type":"MultiPolygon","coordinates":[[[[3.76788246,48.53736609],[3.76788182,48.53736451],[3.76804193,48.5372863],[3.76804216,48.53728619],[3.76825394,48.53718179],[3.76841465,48.53712212],[3.76864669,48.5370863],[3.76866761,48.53708049],[3.76884572,48.53700555],[3.76885614,48.53700015],[3.76901196,48.53690175],[3.76944703,48.53667287],[3.76944837,48.53667214],[3.76976104,48.53649885],[3.77009441,48.53631676],[3.77034782,48.53623346],[3.7703521,48.53623192],[3.77061293,48.53613009],[3.77088635,48.53603231],[3.77089488,48.53602869],[3.77141973,48.53576718],[3.7717515,48.53572406],[3.77177337,48.53571848],[3.77208871,48.53559266],[3.77209494,48.53558985],[3.77239827,48.53543596],[3.77272485,48.53528072],[3.77272754,48.53527937],[3.77301561,48.53512755],[3.77303397,48.53511258],[3.77304119,48.53509388],[3.77303594,48.5350749],[3.77296622,48.53496467],[3.77295307,48.53495124],[3.77284261,48.53487341],[3.77281807,48.53486239],[3.7727888,48.53485938],[3.77276039,48.53486496],[3.77229592,48.53503661],[3.77183756,48.5351524],[3.77135478,48.53525999],[3.77135118,48.53526086],[3.77092245,48.53537469],[3.77092207,48.5353739],[3.77086135,48.53539548],[3.77088008,48.53543438],[3.77137633,48.53530263],[3.77186038,48.53519476],[3.77232457,48.53507749],[3.77279332,48.53490426],[3.77290378,48.53498209],[3.7729735,48.53509232],[3.77268543,48.53524414],[3.77235799,48.53539979],[3.77205383,48.5355541],[3.77173849,48.53567992],[3.7713915,48.53572502],[3.77085424,48.53599271],[3.77057971,48.53609088],[3.77031778,48.53619315],[3.77005739,48.53627874],[3.76971783,48.53646421],[3.76940497,48.53663761],[3.7689675,48.53686775],[3.76880947,48.53696755],[3.76863136,48.53704249],[3.76838997,48.53707976],[3.76821708,48.53714395],[3.76800179,48.53725007],[3.76780428,48.53734655],[3.76781955,48.53738385],[3.76788246,48.53736609]]]]},"geometry_name":"the_geom","properties":{"id_parcel":"6084282","code_cultu":"BFP","code_group":"28","culture_d1":"","culture_d2":"","surf_parc":0.32}},{"type":"Feature","id":"parcelles_graphiques.5698829","geometry":{"type":"MultiPolygon","coordinates":[[[[3.81888423,48.50257636],[3.82268728,48.50879185],[3.82294475,48.50869693],[3.82296156,48.50868996],[3.8232188,48.50858316],[3.82317317,48.50852873],[3.82437023,48.5080536],[3.82496113,48.50781504],[3.82526365,48.50769035],[3.82555909,48.50757048],[3.82570682,48.50751113],[3.82258655,48.50227262],[3.82176383,48.50234228],[3.82110016,48.50239091],[3.82044739,48.50244897],[3.82040642,48.50246354],[3.8203676,48.5024667],[3.81931782,48.50255127],[3.81894563,48.50257169],[3.81888423,48.50257636]]]]},"geometry_name":"the_geom","properties":{"id_parcel":"6128943","code_cultu":"RGA","code_group":"19","culture_d1":"","culture_d2":"","surf_parc":18}},{"type":"Feature","id":"parcelles_graphiques.5743960","geometry":{"type":"MultiPolygon","coordinates":[[[[3.80049941,48.4894467],[3.79637666,48.49029229],[3.79203667,48.49116347],[3.79220209,48.49201029],[3.80071085,48.4902537],[3.80059031,48.48974631],[3.80054617,48.48960082],[3.80049941,48.4894467]]]]},"geometry_name":"the_geom","properties":{"id_parcel":"6169561","code_cultu":"LUD","code_group":"16","culture_d1":"","culture_d2":"","surf_parc":6}},{"type":"Feature","id":"parcelles_graphiques.5753736","geometry":{"type":"MultiPolygon","coordinates":[[[[3.792591,48.53350103],[3.79252287,48.53350175],[3.79252264,48.53349201],[3.79252339,48.53349064],[3.79251647,48.53349065],[3.79249574,48.5334885],[3.792477,48.53348225],[3.79233743,48.53341594],[3.79211893,48.53337696],[3.79154611,48.53343816],[3.79135401,48.53348668],[3.79134912,48.53348778],[3.79116648,48.53352359],[3.79113008,48.53352395],[3.79097001,48.533496],[3.79095128,48.53349062],[3.79080944,48.53343161],[3.79058695,48.53339235],[3.79052082,48.53339449],[3.79029096,48.53342269],[3.79018228,48.53345613],[3.79018756,48.53345816],[3.79011554,48.53348242],[3.79117953,48.53389201],[3.79255692,48.53489177],[3.79337844,48.53434267],[3.792591,48.53350103]]]]},"geometry_name":"the_geom","properties":{"id_parcel":"617836","code_cultu":"ORP","code_group":"3","culture_d1":"","culture_d2":"","surf_parc":1.77}},{"type":"Feature","id":"parcelles_graphiques.5761697","geometry":{"type":"MultiPolygon","coordinates":[[[[3.81028807,48.51230593],[3.81014027,48.51234037],[3.81012039,48.51226977],[3.80993918,48.51229774],[3.80932701,48.51241006],[3.80956504,48.51304531],[3.8096853,48.51305212],[3.80976377,48.51305249],[3.81001809,48.51299609],[3.8102639,48.51299546],[3.81050038,48.51289709],[3.81028807,48.51230593]]]]},"geometry_name":"the_geom","properties":{"id_parcel":"6185524","code_cultu":"PPH","code_group":"18","culture_d1":"","culture_d2":"","surf_parc":0.54}},{"type":"Feature","id":"parcelles_graphiques.5781077","geometry":{"type":"MultiPolygon","coordinates":[[[[3.83154178,48.5078887],[3.83114665,48.5073678],[3.83032431,48.5076925],[3.82993325,48.5078809],[3.82894902,48.50839001],[3.82967141,48.50876581],[3.83015365,48.50845301],[3.83047689,48.50827937],[3.83154178,48.5078887]]]]},"geometry_name":"the_geom","properties":{"id_parcel":"6202966","code_cultu":"J6P","code_group":"11","culture_d1":"","culture_d2":"","surf_parc":1.15}},{"type":"Feature","id":"parcelles_graphiques.5811092","geometry":{"type":"MultiPolygon","coordinates":[[[[3.77019205,48.50207161],[3.77019636,48.50207059],[3.77089363,48.5027534],[3.77089183,48.50275371],[3.77093323,48.50279301],[3.77100342,48.5027808],[3.77022301,48.50201659],[3.7701582,48.50203186],[3.77019205,48.50207161]]]]},"geometry_name":"the_geom","properties":{"id_parcel":"6229980","code_cultu":"BOR","code_group":"28","culture_d1":"","culture_d2":"","surf_parc":0.05}},{"type":"Feature","id":"parcelles_graphiques.5830235","geometry":{"type":"MultiPolygon","coordinates":[[[[3.83328793,48.48746278],[3.82360688,48.49226128],[3.82361801,48.4922759],[3.82388115,48.49261328],[3.82410865,48.49250548],[3.8243069,48.49277055],[3.82444086,48.49294967],[3.82445651,48.4929706],[3.82447278,48.49299235],[3.83410481,48.48821812],[3.8344275,48.48806953],[3.83430691,48.48794529],[3.83422494,48.48786112],[3.83373539,48.48735839],[3.83366665,48.48728839],[3.83328793,48.48746278]]]]},"geometry_name":"the_geom","properties":{"id_parcel":"6247208","code_cultu":"VES","code_group":"16","culture_d1":"","culture_d2":"","surf_parc":9.51}},{"type":"Feature","id":"parcelles_graphiques.5856760","geometry":{"type":"MultiPolygon","coordinates":[[[[3.7624768,48.50144212],[3.7624803,48.50145318],[3.7627397,48.5016695],[3.76356466,48.50248777],[3.76390021,48.50240945],[3.76166734,48.50009111],[3.76130411,48.50012468],[3.76072663,48.50017806],[3.76106095,48.50043846],[3.76123808,48.50051135],[3.76165745,48.50078002],[3.76184618,48.50090607],[3.76188142,48.50079048],[3.76188142,48.50079048],[3.76191747,48.50074502],[3.76191749,48.50074502],[3.76198476,48.50075292],[3.76198477,48.50075292],[3.76201378,48.50077773],[3.76201378,48.50077773],[3.76223381,48.50100721],[3.76248748,48.50127217],[3.76248748,48.50127217],[3.76250414,48.50130955],[3.76250414,48.50130956],[3.76250482,48.50135597],[3.76250482,48.50135597],[3.7625009,48.50139467],[3.7625009,48.50139467],[3.76248885,48.50142808],[3.76248885,48.50142808],[3.7624768,48.50144212]]]]},"geometry_name":"the_geom","properties":{"id_parcel":"6271080","code_cultu":"ORP","code_group":"3","culture_d1":"","culture_d2":"","surf_parc":1.02}},{"type":"Feature","id":"parcelles_graphiques.5871294","geometry":{"type":"MultiPolygon","coordinates":[[[[3.76186707,48.50835748],[3.7621059,48.50893059],[3.76285202,48.50888086],[3.76335637,48.50883001],[3.76374228,48.50876327],[3.76382284,48.50873994],[3.76350182,48.50807612],[3.76318785,48.50742356],[3.76312238,48.50743747],[3.76310413,48.50744915],[3.76305849,48.50747834],[3.76297687,48.50753124],[3.76280056,48.50765544],[3.76261712,48.50775412],[3.76245849,48.50784876],[3.76222614,48.50763602],[3.76216276,48.50758867],[3.76216083,48.50757262],[3.76188966,48.5073797],[3.76178458,48.50732307],[3.76171182,48.50733676],[3.76189534,48.50779093],[3.7619766,48.5079594],[3.76204147,48.50799266],[3.76206298,48.50807042],[3.76207171,48.50810196],[3.76180549,48.5081834],[3.76186707,48.50835748]]]]},"geometry_name":"the_geom","properties":{"id_parcel":"6284161","code_cultu":"MIS","code_group":"2","culture_d1":"","culture_d2":"","surf_parc":1.71}},{"type":"Feature","id":"parcelles_graphiques.5935925","geometry":{"type":"MultiPolygon","coordinates":[[[[3.80372808,48.51200891],[3.80439483,48.51189828],[3.80452999,48.51230201],[3.80471597,48.51228171],[3.80411195,48.510325],[3.80323474,48.51043306],[3.80333613,48.51077315],[3.80343748,48.5110965],[3.80372808,48.51200891]]]]},"geometry_name":"the_geom","properties":{"id_parcel":"6342329","code_cultu":"ORH","code_group":"3","culture_d1":"","culture_d2":"","surf_parc":1.23}},{"type":"Feature","id":"parcelles_graphiques.5967863","geometry":{"type":"MultiPolygon","coordinates":[[[[3.78982238,48.49760834],[3.79091974,48.49752006],[3.79088955,48.4974179],[3.78979985,48.49747514],[3.78982238,48.49760834]]]]},"geometry_name":"the_geom","properties":{"id_parcel":"6371073","code_cultu":"J6S","code_group":"11","culture_d1":"","culture_d2":"","surf_parc":0.11}},{"type":"Feature","id":"parcelles_graphiques.5982992","geometry":{"type":"MultiPolygon","coordinates":[[[[3.76972182,48.48247346],[3.7696178,48.48248803],[3.76958867,48.48249211],[3.76958725,48.48249231],[3.76931612,48.48253029],[3.77125755,48.48973785],[3.77158087,48.48971914],[3.77163933,48.48971576],[3.77164522,48.48971542],[3.77164574,48.48971539],[3.77222181,48.48968205],[3.77028262,48.4823949],[3.76972182,48.48247346]]]]},"geometry_name":"the_geom","properties":{"id_parcel":"6384690","code_cultu":"ORH","code_group":"3","culture_d1":"","culture_d2":"","surf_parc":5.9}},{"type":"Feature","id":"parcelles_graphiques.5995429","geometry":{"type":"MultiPolygon","coordinates":[[[[3.83487355,48.48853491],[3.83477562,48.48842818],[3.83445478,48.48809764],[3.8344275,48.48806953],[3.83410481,48.48821812],[3.82447278,48.49299235],[3.82486998,48.49352343],[3.83461733,48.48869202],[3.83485684,48.48858174],[3.83487355,48.48853491]]]]},"geometry_name":"the_geom","properties":{"id_parcel":"6395884","code_cultu":"BTN","code_group":"24","culture_d1":"","culture_d2":"","surf_parc":5.97}},{"type":"Feature","id":"parcelles_graphiques.5998078","geometry":{"type":"MultiPolygon","coordinates":[[[[3.81535654,48.51275346],[3.81446862,48.51290697],[3.81427947,48.51295349],[3.81404762,48.51301934],[3.8136664,48.51315525],[3.81367288,48.51318448],[3.81399873,48.51308005],[3.81421277,48.51302146],[3.81434658,48.51298722],[3.81448575,48.51295175],[3.81496988,48.5128675],[3.81538051,48.51280317],[3.81535654,48.51275346]]]]},"geometry_name":"the_geom","properties":{"id_parcel":"6398268","code_cultu":"SNE","code_group":"28","culture_d1":"","culture_d2":"","surf_parc":0.06}},{"type":"Feature","id":"parcelles_graphiques.6034028","geometry":{"type":"MultiPolygon","coordinates":[[[[3.7504197,48.47936511],[3.75261197,48.48471708],[3.75472091,48.48443005],[3.75512355,48.48437524],[3.75518951,48.48436627],[3.75298326,48.47872856],[3.75296538,48.47873477],[3.75286815,48.47876856],[3.75283721,48.47877735],[3.75264945,48.47883066],[3.75252848,48.47886502],[3.75150446,48.4790438],[3.75113352,48.47914136],[3.75077675,48.4792293],[3.75048989,48.47933841],[3.7504197,48.47936511]]]]},"geometry_name":"the_geom","properties":{"id_parcel":"6430621","code_cultu":"LUD","code_group":"16","culture_d1":"","culture_d2":"","surf_parc":12.54}},{"type":"Feature","id":"parcelles_graphiques.6039414","geometry":{"type":"MultiPolygon","coordinates":[[[[3.762725,48.51431],[3.76287401,48.514693],[3.7629731,48.51477706],[3.763115,48.514789],[3.76356499,48.51473296],[3.76407191,48.5147214],[3.76444994,48.51475557],[3.76477193,48.5147242],[3.76492703,48.51458772],[3.76507612,48.51441647],[3.76517181,48.514176],[3.76524749,48.51388441],[3.764776,48.513964],[3.76382199,48.514115],[3.762857,48.514287],[3.762725,48.51431]]]]},"geometry_name":"the_geom","properties":{"id_parcel":"643547","code_cultu":"J6S","code_group":"11","culture_d1":"","culture_d2":"","surf_parc":1.2}},{"type":"Feature","id":"parcelles_graphiques.6045460","geometry":{"type":"MultiPolygon","coordinates":[[[[3.77005079,48.50308848],[3.77068731,48.50423641],[3.77108954,48.50408631],[3.77051294,48.50302009],[3.77005079,48.50308848]]]]},"geometry_name":"the_geom","properties":{"id_parcel":"6440910","code_cultu":"ORP","code_group":"3","culture_d1":"","culture_d2":"","surf_parc":0.45}},{"type":"Feature","id":"parcelles_graphiques.6107500","geometry":{"type":"MultiPolygon","coordinates":[[[[3.81877299,48.48518947],[3.81667939,48.48141603],[3.81539012,48.47909007],[3.81410086,48.47676375],[3.81355328,48.4770325],[3.81321145,48.47720026],[3.81275142,48.47742604],[3.8122365,48.47768778],[3.81222289,48.47769469],[3.81224317,48.47771839],[3.81224254,48.47771891],[3.81391938,48.48077329],[3.81424688,48.4807006],[3.81430804,48.48078286],[3.8145538,48.4811854],[3.8144667,48.48123009],[3.81437898,48.48129786],[3.81433598,48.48139717],[3.81432004,48.48155652],[3.81543414,48.48358784],[3.81654035,48.48561307],[3.81664932,48.48570929],[3.81676255,48.4857484],[3.81691589,48.48576871],[3.81701205,48.48576983],[3.81778255,48.48554895],[3.81821472,48.48542506],[3.81832412,48.4853937],[3.81877299,48.48518947]]]]},"geometry_name":"the_geom","properties":{"id_parcel":"6496748","code_cultu":"BTH","code_group":"1","culture_d1":"","culture_d2":"","surf_parc":16.36}},{"type":"Feature","id":"parcelles_graphiques.6111582","geometry":{"type":"MultiPolygon","coordinates":[[[[3.78064974,48.48317117],[3.78169887,48.48311894],[3.78169888,48.48311892],[3.78121433,48.48196867],[3.77167626,48.48243448],[3.77170597,48.48256848],[3.77174822,48.48275498],[3.77194451,48.4835642],[3.77194451,48.4835642],[3.77198635,48.48360915],[3.77198636,48.48360915],[3.77206863,48.48360493],[3.77517572,48.48344526],[3.77620781,48.48339221],[3.77786418,48.4833098],[3.77879154,48.48326366],[3.77992202,48.48320739],[3.78064974,48.48317117]]]]},"geometry_name":"the_geom","properties":{"id_parcel":"650042","code_cultu":"ORP","code_group":"3","culture_d1":"DFV","culture_d2":"DPH","surf_parc":9.35}},{"type":"Feature","id":"parcelles_graphiques.6128917","geometry":{"type":"MultiPolygon","coordinates":[[[[3.80038031,48.4841159],[3.79940987,48.48234552],[3.79830043,48.48258417],[3.79720124,48.48282066],[3.79578451,48.48312482],[3.79060494,48.48423679],[3.79058659,48.48424073],[3.79058532,48.48424101],[3.79098881,48.4860601],[3.80038031,48.4841159]]]]},"geometry_name":"the_geom","properties":{"id_parcel":"6516021","code_cultu":"BTH","code_group":"1","culture_d1":"DMD","culture_d2":"DRD","surf_parc":14.51}},{"type":"Feature","id":"parcelles_graphiques.6143036","geometry":{"type":"MultiPolygon","coordinates":[[[[3.77459061,48.51060608],[3.77438321,48.51055918],[3.77339296,48.51068757],[3.77277985,48.51088563],[3.77209821,48.51090416],[3.77151669,48.5110699],[3.77133615,48.51127089],[3.77142969,48.5114593],[3.77179403,48.5118504],[3.77396208,48.51131112],[3.77396206,48.51131112],[3.77396207,48.51131111],[3.77480993,48.51111076],[3.77483182,48.51094678],[3.77470982,48.51069051],[3.77459061,48.51060609],[3.77459061,48.51060608]],[[3.77363562,48.51065611],[3.77432017,48.51056736],[3.77432016,48.51056737],[3.77405795,48.51063704],[3.77405795,48.51063704],[3.77363564,48.51065611],[3.77363562,48.51065611]]]]},"geometry_name":"the_geom","properties":{"id_parcel":"652873","code_cultu":"ORP","code_group":"3","culture_d1":"","culture_d2":"","surf_parc":1.97}},{"type":"Feature","id":"parcelles_graphiques.6146793","geometry":{"type":"MultiPolygon","coordinates":[[[[3.82913617,48.52377413],[3.82919616,48.52401078],[3.82923945,48.52416228],[3.82927254,48.52450037],[3.82949989,48.52483053],[3.83076702,48.52425545],[3.83088454,48.52454859],[3.83213176,48.52437174],[3.83176044,48.52391289],[3.83125714,48.52403542],[3.83126536,48.52410201],[3.83079377,48.524191],[3.83068595,48.52412608],[3.830374,48.52376105],[3.83029106,48.52358526],[3.83024448,48.523553],[3.83015747,48.5235648],[3.8300897,48.52360279],[3.8300326,48.52362623],[3.82992943,48.52361905],[3.82986131,48.52357213],[3.82978922,48.52352525],[3.82973054,48.52351886],[3.82943991,48.52360777],[3.82920629,48.52367605],[3.82913617,48.52377413]]]]},"geometry_name":"the_geom","properties":{"id_parcel":"653211","code_cultu":"PPH","code_group":"18","culture_d1":"","culture_d2":"","surf_parc":1.52}},{"type":"Feature","id":"parcelles_graphiques.6147229","geometry":{"type":"MultiPolygon","coordinates":[[[[3.78783744,48.50444017],[3.78803173,48.50426077],[3.78796453,48.50426122],[3.78777103,48.50443989],[3.78783744,48.50444017]]]]},"geometry_name":"the_geom","properties":{"id_parcel":"6532502","code_cultu":"J5M","code_group":"11","culture_d1":"","culture_d2":"","surf_parc":0.01}},{"type":"Feature","id":"parcelles_graphiques.6159888","geometry":{"type":"MultiPolygon","coordinates":[[[[3.83748221,48.48771253],[3.82964178,48.47987344],[3.82885784,48.48025579],[3.83652551,48.48803334],[3.83748221,48.48771253]]]]},"geometry_name":"the_geom","properties":{"id_parcel":"6543897","code_cultu":"PPA","code_group":"24","culture_d1":"","culture_d2":"","surf_parc":7.82}},{"type":"Feature","id":"parcelles_graphiques.6204876","geometry":{"type":"MultiPolygon","coordinates":[[[[3.81596936,48.52940116],[3.81591051,48.52933776],[3.81387185,48.53034607],[3.81396135,48.530399],[3.81596936,48.52940116]]]]},"geometry_name":"the_geom","properties":{"id_parcel":"6584386","code_cultu":"J5M","code_group":"11","culture_d1":"","culture_d2":"","surf_parc":0.16}},{"type":"Feature","id":"parcelles_graphiques.6206074","geometry":{"type":"MultiPolygon","coordinates":[[[[3.77072967,48.51525693],[3.77068289,48.51524174],[3.77013686,48.51507894],[3.76984482,48.51499258],[3.76984447,48.51499248],[3.76984355,48.5149923],[3.76956781,48.51493834],[3.7694198,48.51492043],[3.76751357,48.51502277],[3.76737308,48.51503847],[3.76743835,48.51534588],[3.76743802,48.5154769],[3.76743818,48.51547742],[3.76745774,48.5155445],[3.76749879,48.51587834],[3.76749888,48.51587903],[3.769142,48.515824],[3.76914825,48.515824],[3.76917054,48.51582267],[3.76940896,48.51540547],[3.76943992,48.51536507],[3.76969179,48.51543842],[3.77042039,48.5156503],[3.77042206,48.51565034],[3.77071652,48.51527735],[3.77072967,48.51525693]]]]},"geometry_name":"the_geom","properties":{"id_parcel":"6585464","code_cultu":"PTR","code_group":"19","culture_d1":"","culture_d2":"","surf_parc":1.83}},{"type":"Feature","id":"parcelles_graphiques.6265358","geometry":{"type":"MultiPolygon","coordinates":[[[[3.80038592,48.47439363],[3.80037614,48.47439429],[3.80040523,48.47446566],[3.8004834,48.47466151],[3.80567698,48.47429857],[3.80633844,48.47425141],[3.80983827,48.47400002],[3.80975801,48.47376299],[3.80953794,48.47311312],[3.80393823,48.47347953],[3.80382617,48.47348719],[3.80368793,48.47349591],[3.80012424,48.4737291],[3.80038592,48.47439363]]]]},"geometry_name":"the_geom","properties":{"id_parcel":"663882","code_cultu":"BTH","code_group":"1","culture_d1":"","culture_d2":"","surf_parc":7.2}},{"type":"Feature","id":"parcelles_graphiques.6277292","geometry":{"type":"MultiPolygon","coordinates":[[[[3.82817323,48.47385175],[3.8274461,48.47304283],[3.81782445,48.47779529],[3.81831226,48.47868501],[3.81867478,48.47934621],[3.81871692,48.47942307],[3.82873548,48.47447723],[3.82817323,48.47385175]]]]},"geometry_name":"the_geom","properties":{"id_parcel":"6649560","code_cultu":"ORH","code_group":"3","culture_d1":"","culture_d2":"","surf_parc":16.7}},{"type":"Feature","id":"parcelles_graphiques.6306576","geometry":{"type":"MultiPolygon","coordinates":[[[[3.77732641,48.51281027],[3.77745537,48.51389721],[3.77762956,48.5148934],[3.77763578,48.51493809],[3.77763753,48.51494809],[3.77815581,48.5153022],[3.77881559,48.51527868],[3.77886482,48.51522238],[3.77889937,48.51516644],[3.77869467,48.51342292],[3.77857094,48.51229323],[3.77840864,48.51234856],[3.77825831,48.51241798],[3.77807212,48.51254535],[3.77785642,48.51267589],[3.7776043,48.51276621],[3.77742385,48.51279774],[3.77732641,48.51281027]]]]},"geometry_name":"the_geom","properties":{"id_parcel":"6675916","code_cultu":"BTH","code_group":"1","culture_d1":"","culture_d2":"","surf_parc":2.77}},{"type":"Feature","id":"parcelles_graphiques.6328684","geometry":{"type":"MultiPolygon","coordinates":[[[[3.77028262,48.4823949],[3.77222181,48.48968205],[3.77345083,48.48961093],[3.77290283,48.4875475],[3.77222103,48.48506089],[3.77187388,48.48366117],[3.77169765,48.48303576],[3.77149676,48.48222481],[3.77028262,48.4823949]]]]},"geometry_name":"the_geom","properties":{"id_parcel":"6695813","code_cultu":"BTH","code_group":"1","culture_d1":"","culture_d2":"","surf_parc":7.5}},{"type":"Feature","id":"parcelles_graphiques.6337768","geometry":{"type":"MultiPolygon","coordinates":[[[[3.76360787,48.53283529],[3.76332848,48.53186315],[3.7631043,48.53148067],[3.76291893,48.5315485],[3.76293555,48.53170549],[3.76294646,48.53196249],[3.76306954,48.53204738],[3.76313751,48.53228497],[3.76318948,48.53240841],[3.76315648,48.5326038],[3.76324699,48.53291265],[3.76332171,48.53312163],[3.76333632,48.53314058],[3.76361542,48.53311022],[3.76365646,48.53300707],[3.76360787,48.53283529]]]]},"geometry_name":"the_geom","properties":{"id_parcel":"6703989","code_cultu":"J6S","code_group":"11","culture_d1":"","culture_d2":"","surf_parc":0.45}},{"type":"Feature","id":"parcelles_graphiques.6345568","geometry":{"type":"MultiPolygon","coordinates":[[[[3.82071047,48.53518135],[3.82090365,48.53508836],[3.82088601,48.53504493],[3.82095773,48.53493583],[3.82099421,48.53481478],[3.82097305,48.53474179],[3.82092502,48.53456502],[3.82076816,48.53437195],[3.8200949,48.53463898],[3.82071047,48.53518135]]]]},"geometry_name":"the_geom","properties":{"id_parcel":"6711007","code_cultu":"J6S","code_group":"11","culture_d1":"","culture_d2":"","surf_parc":0.33}},{"type":"Feature","id":"parcelles_graphiques.6356189","geometry":{"type":"MultiPolygon","coordinates":[[[[3.73848114,48.48871162],[3.75285321,48.49070046],[3.75285687,48.49066508],[3.73850542,48.48867822],[3.73848568,48.48867643],[3.73848114,48.48871162]]]]},"geometry_name":"the_geom","properties":{"id_parcel":"6720567","code_cultu":"J6S","code_group":"11","culture_d1":"","culture_d2":"","surf_parc":0.43}},{"type":"Feature","id":"parcelles_graphiques.6398439","geometry":{"type":"MultiPolygon","coordinates":[[[[3.828733,48.48228302],[3.82865853,48.48220792],[3.82751499,48.4810539],[3.82485078,48.48236225],[3.82352252,48.48301597],[3.82218368,48.48367696],[3.81951475,48.48501866],[3.81960133,48.48510285],[3.81852384,48.48558728],[3.8193182,48.48663425],[3.81951092,48.48688483],[3.81973092,48.48717087],[3.82919149,48.48274535],[3.828733,48.48228302]]]]},"geometry_name":"the_geom","properties":{"id_parcel":"6758593","code_cultu":"ORH","code_group":"3","culture_d1":"","culture_d2":"","surf_parc":17.99}},{"type":"Feature","id":"parcelles_graphiques.6427162","geometry":{"type":"MultiPolygon","coordinates":[[[[3.82926626,48.47506769],[3.82878531,48.47453266],[3.82873548,48.47447723],[3.81871692,48.47942307],[3.81913387,48.48018349],[3.82933521,48.47514146],[3.82926626,48.47506769]]]]},"geometry_name":"the_geom","properties":{"id_parcel":"6784443","code_cultu":"BTH","code_group":"1","culture_d1":"","culture_d2":"","surf_parc":8}},{"type":"Feature","id":"parcelles_graphiques.6433820","geometry":{"type":"MultiPolygon","coordinates":[[[[3.78938102,48.47299081],[3.78897333,48.47307803],[3.78847009,48.47317837],[3.78749838,48.47337167],[3.78561644,48.47374119],[3.78474915,48.47391593],[3.78379086,48.47411031],[3.78325725,48.47421678],[3.78278874,48.47430734],[3.78192498,48.47447966],[3.78121924,48.47462653],[3.78040012,48.47479318],[3.77965496,48.47493733],[3.77921244,48.47503069],[3.77882879,48.47511116],[3.77904171,48.47585998],[3.77904845,48.47588982],[3.78969322,48.47375533],[3.78968853,48.47374108],[3.7896394,48.47362106],[3.78938102,48.47299081]]]]},"geometry_name":"the_geom","properties":{"id_parcel":"6790435","code_cultu":"BTN","code_group":"24","culture_d1":"DFV","culture_d2":"DPH","surf_parc":7.21}},{"type":"Feature","id":"parcelles_graphiques.6436844","geometry":{"type":"MultiPolygon","coordinates":[[[[3.79437819,48.50178567],[3.79402512,48.50144222],[3.7919311,48.50159794],[3.79197631,48.50193206],[3.79199759,48.50196588],[3.79200624,48.50196773],[3.79437819,48.50178567]]]]},"geometry_name":"the_geom","properties":{"id_parcel":"6793157","code_cultu":"BTH","code_group":"1","culture_d1":"","culture_d2":"","surf_parc":0.69}},{"type":"Feature","id":"parcelles_graphiques.6484021","geometry":{"type":"MultiPolygon","coordinates":[[[[3.76438924,48.51914021],[3.76447345,48.52000132],[3.76455753,48.51999704],[3.76902567,48.51968613],[3.76898932,48.51960087],[3.76931015,48.5194893],[3.76955384,48.51949248],[3.76963322,48.51953005],[3.76991238,48.5195092],[3.76991169,48.5194616],[3.76984552,48.51934778],[3.76975402,48.51897229],[3.769552,48.51887839],[3.76953509,48.51879192],[3.76438924,48.51914021]]]]},"geometry_name":"the_geom","properties":{"id_parcel":"6835616","code_cultu":"J6S","code_group":"11","culture_d1":"","culture_d2":"","surf_parc":3.69}},{"type":"Feature","id":"parcelles_graphiques.6499721","geometry":{"type":"MultiPolygon","coordinates":[[[[3.82744175,48.47303799],[3.82743606,48.47303166],[3.82739476,48.47298571],[3.82737993,48.47296921],[3.82666155,48.47217],[3.82662319,48.47212747],[3.81723303,48.47671656],[3.81723773,48.47672511],[3.81777354,48.47770244],[3.81777354,48.47770244],[3.81777559,48.47770617],[3.81779421,48.47774014],[3.81782445,48.47779529],[3.8274461,48.47304283],[3.82744175,48.47303799]]]]},"geometry_name":"the_geom","properties":{"id_parcel":"6849747","code_cultu":"BTH","code_group":"1","culture_d1":"DMD","culture_d2":"DPH","surf_parc":10.5}},{"type":"Feature","id":"parcelles_graphiques.6504654","geometry":{"type":"MultiPolygon","coordinates":[[[[3.76234091,48.47412901],[3.7623087,48.47403728],[3.76229143,48.473988],[3.7622681,48.47392209],[3.76224661,48.47385975],[3.76220602,48.47374575],[3.76216726,48.47363383],[3.76208747,48.47340851],[3.7620487,48.47329628],[3.76202863,48.47323928],[3.76200857,48.47318258],[3.76185032,48.47273133],[3.76177006,48.47250364],[3.76172852,48.47238607],[3.7616898,48.47227653],[3.76105638,48.47046915],[3.75978742,48.46685202],[3.7584893,48.46708943],[3.76112949,48.47465621],[3.76234091,48.47412901]]]]},"geometry_name":"the_geom","properties":{"id_parcel":"6854186","code_cultu":"BTN","code_group":"24","culture_d1":"","culture_d2":"","surf_parc":8.47}},{"type":"Feature","id":"parcelles_graphiques.6505098","geometry":{"type":"MultiPolygon","coordinates":[[[[3.78268901,48.51184923],[3.78257075,48.51184511],[3.78238182,48.51184635],[3.78238705,48.51172452],[3.78202078,48.5117032],[3.78181087,48.51171332],[3.78170095,48.51171779],[3.78134354,48.51176792],[3.7810512,48.51183262],[3.78081665,48.51189506],[3.78059312,48.51194056],[3.78027039,48.51198128],[3.78043851,48.51348618],[3.78057685,48.51447664],[3.78068974,48.51437109],[3.78085064,48.51430204],[3.78133792,48.51410032],[3.78180755,48.51386182],[3.78245982,48.51345006],[3.78295025,48.51316293],[3.78316659,48.5127568],[3.78329364,48.51238822],[3.78349834,48.51206196],[3.78293033,48.51205591],[3.78270643,48.5120562],[3.78269489,48.51189035],[3.78268901,48.51184923]]]]},"geometry_name":"the_geom","properties":{"id_parcel":"6854586","code_cultu":"BTH","code_group":"1","culture_d1":"","culture_d2":"","surf_parc":4.52}},{"type":"Feature","id":"parcelles_graphiques.6510430","geometry":{"type":"MultiPolygon","coordinates":[[[[3.76367991,48.5170372],[3.7643322,48.51914191],[3.76448372,48.51913177],[3.76448203,48.51912632],[3.7638311,48.51702447],[3.76378853,48.5170281],[3.76367991,48.5170372]]]]},"geometry_name":"the_geom","properties":{"id_parcel":"6859385","code_cultu":"SNE","code_group":"28","culture_d1":"","culture_d2":"","surf_parc":0.27}},{"type":"Feature","id":"parcelles_graphiques.6513552","geometry":{"type":"MultiPolygon","coordinates":[[[[3.79186124,48.49058266],[3.78240492,48.49243197],[3.78240636,48.49244407],[3.78243785,48.49263429],[3.7824554,48.49285078],[3.78250482,48.49304326],[3.78255797,48.49324523],[3.78263894,48.49360342],[3.78270007,48.49387391],[3.78272435,48.49397857],[3.78275423,48.49407747],[3.78280245,48.49427064],[3.79219724,48.49225567],[3.79217785,48.49211331],[3.7921292,48.49185537],[3.7920734,48.49159867],[3.79204552,48.4914721],[3.79201854,48.49134494],[3.79196361,48.49108644],[3.79194032,48.49096699],[3.79191513,48.4908404],[3.79188511,48.4907198],[3.79186303,48.49059141],[3.79186124,48.49058266]]]]},"geometry_name":"the_geom","properties":{"id_parcel":"6862194","code_cultu":"BTN","code_group":"24","culture_d1":"","culture_d2":"","surf_parc":14.21}},{"type":"Feature","id":"parcelles_graphiques.6541665","geometry":{"type":"MultiPolygon","coordinates":[[[[3.76365646,48.53300707],[3.76361542,48.53311022],[3.76333632,48.53314058],[3.76332171,48.53312163],[3.76324699,48.53291265],[3.76315648,48.5326038],[3.76318948,48.53240841],[3.76313751,48.53228497],[3.76306954,48.53204738],[3.76294646,48.53196249],[3.76293555,48.53170549],[3.76291893,48.5315485],[3.7631043,48.53148067],[3.76332848,48.53186315],[3.76292271,48.53041296],[3.76239075,48.53067368],[3.76249404,48.53089328],[3.76257653,48.53114387],[3.76264122,48.5314029],[3.76268883,48.53168274],[3.76275955,48.53192448],[3.76281223,48.53210523],[3.76281223,48.53210525],[3.7632287,48.53347825],[3.76325191,48.53355832],[3.7632899,48.53370737],[3.76383769,48.53364773],[3.76366782,48.53304814],[3.76366514,48.53303774],[3.76365646,48.53300707]]]]},"geometry_name":"the_geom","properties":{"id_parcel":"6887497","code_cultu":"SBO","code_group":"28","culture_d1":"","culture_d2":"","surf_parc":1.03}},{"type":"Feature","id":"parcelles_graphiques.6578390","geometry":{"type":"MultiPolygon","coordinates":[[[[3.76965717,48.51058257],[3.77032092,48.51029317],[3.77009154,48.51008613],[3.76986988,48.51018607],[3.76965993,48.51029344],[3.76959045,48.51033337],[3.76956365,48.51038528],[3.7695585,48.51044992],[3.76957695,48.51048669],[3.76960253,48.51052104],[3.76965717,48.51058257]]]]},"geometry_name":"the_geom","properties":{"id_parcel":"6920548","code_cultu":"SNE","code_group":"28","culture_d1":"","culture_d2":"","surf_parc":0.15}},{"type":"Feature","id":"parcelles_graphiques.6586185","geometry":{"type":"MultiPolygon","coordinates":[[[[3.76593097,48.53399949],[3.76622271,48.53391641],[3.76634708,48.53402932],[3.76637007,48.53404253],[3.76639945,48.53404772],[3.76648191,48.53404957],[3.76651802,48.53404358],[3.76671404,48.53396853],[3.76671788,48.53396695],[3.76692441,48.53387517],[3.76693452,48.53386966],[3.76708361,48.53377111],[3.76708897,48.53376712],[3.76728015,48.53360641],[3.76728128,48.53360543],[3.76744279,48.53346177],[3.76772657,48.53335262],[3.76773259,48.53335001],[3.76802084,48.53321009],[3.76802553,48.53320759],[3.76819712,48.53310764],[3.76851607,48.53299682],[3.76892155,48.5328773],[3.76892877,48.53287517],[3.76919417,48.53283722],[3.76927993,48.53283667],[3.76939115,48.53286989],[3.76948966,48.53295537],[3.76950414,48.53296467],[3.76965669,48.53303685],[3.76974537,48.53310315],[3.7698369,48.53320323],[3.76989296,48.53317788],[3.76989296,48.53317788],[3.76989295,48.53317788],[3.76989295,48.53317788],[3.76980007,48.53307633],[3.76980007,48.53307633],[3.76970223,48.53300317],[3.76970223,48.53300317],[3.76954344,48.53292803],[3.76954344,48.53292803],[3.76943454,48.53283353],[3.76943453,48.53283353],[3.76929415,48.53279159],[3.76929414,48.53279159],[3.76918664,48.53279229],[3.76918664,48.53279229],[3.76890768,48.53283218],[3.76890768,48.53283218],[3.7684866,48.53295629],[3.7684866,48.53295629],[3.76815856,48.53307028],[3.76815855,48.53307028],[3.76798088,48.53317378],[3.76769263,48.53331369],[3.76769263,48.53331369],[3.76739683,48.53342747],[3.76739683,48.53342748],[3.76722701,48.53357852],[3.76703583,48.53373923],[3.76703583,48.53373923],[3.76688675,48.53383778],[3.76688674,48.53383778],[3.76668022,48.53392956],[3.7664842,48.53400462],[3.7664842,48.53400462],[3.76640174,48.53400277],[3.76640174,48.53400276],[3.76624556,48.53386097],[3.76624555,48.53386096],[3.76583512,48.53397785],[3.76583512,48.53397786],[3.76601964,48.53419676],[3.76604664,48.5342288],[3.76604665,48.5342288],[3.76619215,48.53437543],[3.76626556,48.53449397],[3.76635087,48.53469098],[3.76635087,48.53469098],[3.76650163,48.53495183],[3.76650163,48.53495183],[3.76661519,48.53512009],[3.76661519,48.5351201],[3.76662097,48.53527001],[3.76662097,48.53527001],[3.76666926,48.53538633],[3.76666926,48.53538633],[3.76678627,48.53554504],[3.76678628,48.53554505],[3.76685064,48.53553512],[3.76685064,48.53553511],[3.76705018,48.53545528],[3.76728214,48.53538714],[3.76753537,48.53530219],[3.76753537,48.53530219],[3.76777864,48.53527206],[3.76777865,48.53527206],[3.76787478,48.53547376],[3.76787478,48.53547376],[3.76787478,48.53547376],[3.76787478,48.53547376],[3.7678677,48.53548089],[3.7678677,48.53548089],[3.76786243,48.53548693],[3.76786243,48.53548694],[3.76786243,48.53548694],[3.76786243,48.53548694],[3.76783026,48.53555611],[3.76783026,48.53555611],[3.76771749,48.5356238],[3.76771749,48.5356238],[3.76755746,48.53570933],[3.76755746,48.53570933],[3.76744029,48.53578506],[3.76744029,48.53578506],[3.76734927,48.53581064],[3.76734927,48.53581064],[3.76720449,48.53583538],[3.76720448,48.53583538],[3.76711419,48.53591093],[3.76711419,48.53591094],[3.76710572,48.53600827],[3.76710572,48.53600827],[3.76716846,48.53613163],[3.76716846,48.53613163],[3.76721995,48.53622175],[3.76721995,48.53622175],[3.767303,48.53626405],[3.76730301,48.53626406],[3.76743515,48.53623226],[3.76743516,48.53623226],[3.76753776,48.53614115],[3.76767575,48.53601887],[3.76775013,48.53595888],[3.76775014,48.53595888],[3.76791429,48.53591022],[3.76791429,48.53591022],[3.76799946,48.53585254],[3.76799947,48.53585254],[3.76824907,48.53576524],[3.76838824,48.53572388],[3.76838825,48.53572388],[3.76846194,48.53586145],[3.76846194,48.53586146],[3.76841581,48.5358927],[3.76841581,48.5358927],[3.76824807,48.53594139],[3.76824807,48.53594139],[3.76806697,48.53605681],[3.76806697,48.53605681],[3.76795045,48.53617657],[3.76795045,48.53617657],[3.76777895,48.53621338],[3.76777895,48.53621338],[3.76757318,48.53635752],[3.76757318,48.53635752],[3.76751689,48.53642929],[3.76751689,48.53642929],[3.76748637,48.5365485],[3.76748637,48.5365485],[3.7674805,48.5366366],[3.7674805,48.53663661],[3.76753572,48.53673622],[3.76753572,48.53673622],[3.76753936,48.53674095],[3.76753938,48.53674095],[3.76754828,48.53673733],[3.76754828,48.53673733],[3.76778484,48.5366156],[3.76778484,48.5366156],[3.76804854,48.53651155],[3.76832515,48.5364324],[3.76832515,48.5364324],[3.76842271,48.53636394],[3.76842271,48.53636394],[3.76855834,48.53632498],[3.76855834,48.53632498],[3.76864723,48.5362768],[3.76864724,48.5362768],[3.76885394,48.53619691],[3.76885394,48.53619691],[3.76911294,48.53601672],[3.7692939,48.53589178],[3.7692939,48.53589178],[3.76948595,48.53579057],[3.76948595,48.53579057],[3.7696826,48.53575835],[3.7696826,48.53575835],[3.76979658,48.53571001],[3.76979658,48.53571001],[3.76983169,48.5356598],[3.76983169,48.53565979],[3.76981999,48.53559561],[3.76981999,48.53559561],[3.76975043,48.53549609],[3.76968383,48.53535371],[3.76968383,48.53535371],[3.76968383,48.53535371],[3.76967842,48.53532099],[3.76967203,48.53528238],[3.76967203,48.53528238],[3.77005492,48.53462213],[3.77005492,48.53462213],[3.77005571,48.53462182],[3.77005572,48.53462181],[3.77041376,48.5340005],[3.77041377,48.53400047],[3.77032127,48.53403515],[3.76999347,48.534604],[3.76999172,48.53460597],[3.76960883,48.53526621],[3.76960471,48.53528729],[3.76961091,48.53532478],[3.76961651,48.53535862],[3.76961915,48.53536705],[3.76968576,48.53550943],[3.769689,48.53551502],[3.76975404,48.53560808],[3.76976213,48.53565248],[3.76974348,48.53567917],[3.76965555,48.53571646],[3.76946973,48.5357469],[3.76944385,48.53575533],[3.7692518,48.53585655],[3.76924508,48.5358606],[3.76906413,48.53598554],[3.76906395,48.53598567],[3.76881158,48.53616124],[3.76861317,48.53623792],[3.76860441,48.53624195],[3.76852281,48.53628618],[3.76839582,48.53632265],[3.76837352,48.53633302],[3.76828554,48.53639476],[3.76802174,48.53647024],[3.76801395,48.53647288],[3.76775024,48.53657693],[3.76774336,48.53658004],[3.76757059,48.53666894],[3.76754876,48.53662956],[3.76755385,48.53655328],[3.76758187,48.5364438],[3.76762886,48.53638389],[3.76781622,48.53625265],[3.76797128,48.53621937],[3.7679917,48.53621224],[3.76800734,48.53620098],[3.76811957,48.53608562],[3.76828625,48.53597939],[3.76844293,48.53593391],[3.76846416,48.53592419],[3.7685103,48.53589295],[3.76852424,48.5358791],[3.76852964,48.53586284],[3.76852575,48.53584638],[3.76845206,48.5357088],[3.7684376,48.53569308],[3.76841488,48.53568252],[3.76838768,48.5356789],[3.76836058,48.53568282],[3.76822141,48.53572419],[3.76821751,48.53572545],[3.76796791,48.53581275],[3.76795111,48.53582105],[3.76787494,48.53587263],[3.76772253,48.53591781],[3.76769786,48.53593029],[3.76762347,48.53599028],[3.76762155,48.5359919],[3.76748356,48.53611418],[3.76739304,48.53619455],[3.7673148,48.53621338],[3.76727644,48.53619384],[3.76723222,48.53611645],[3.7671741,48.53600215],[3.76718057,48.53592774],[3.76724339,48.53587517],[3.76736615,48.5358542],[3.76737567,48.53585206],[3.76746669,48.53582648],[3.76748753,48.53581729],[3.76760241,48.53574304],[3.76775995,48.53565884],[3.7677629,48.53565716],[3.76787567,48.53558948],[3.76789497,48.53556938],[3.76791945,48.53551676],[3.76791679,48.53541284],[3.76784321,48.53525849],[3.76784024,48.53525477],[3.76783178,48.53524418],[3.76781346,48.53523348],[3.76779062,48.53522779],[3.76776623,48.53522785],[3.76752295,48.53525798],[3.76750483,48.53526205],[3.76725316,48.53534647],[3.76702278,48.53541415],[3.76701523,48.53541675],[3.76682487,48.53549292],[3.76682341,48.53549314],[3.76673287,48.53537033],[3.76668846,48.53526336],[3.76668751,48.53523869],[3.7666829,48.53511894],[3.76667699,48.5351017],[3.76656419,48.53493456],[3.76641515,48.53467668],[3.76633065,48.53448154],[3.76632819,48.53447686],[3.76632559,48.53447267],[3.76625478,48.53435832],[3.7662487,48.53435068],[3.76610454,48.5342054],[3.76607996,48.53417625],[3.76593097,48.53399949]]]]},"geometry_name":"the_geom","properties":{"id_parcel":"6927564","code_cultu":"BFP","code_group":"28","culture_d1":"","culture_d2":"","surf_parc":0.71}},{"type":"Feature","id":"parcelles_graphiques.6588105","geometry":{"type":"MultiPolygon","coordinates":[[[[3.77871179,48.49934669],[3.77819819,48.49942147],[3.77798694,48.49933467],[3.77796682,48.49932972],[3.77794538,48.49933036],[3.77700913,48.4994853],[3.77700492,48.49948771],[3.77694868,48.49949342],[3.77695598,48.499503],[3.77697504,48.49952802],[3.77795846,48.49936527],[3.77818836,48.49945974],[3.77872584,48.49938148],[3.77872608,48.49938068],[3.77871179,48.49934669]]]]},"geometry_name":"the_geom","properties":{"id_parcel":"6929292","code_cultu":"J5M","code_group":"11","culture_d1":"","culture_d2":"","surf_parc":0.05}},{"type":"Feature","id":"parcelles_graphiques.6588271","geometry":{"type":"MultiPolygon","coordinates":[[[[3.82719111,48.53139072],[3.8263824,48.53146778],[3.82649286,48.53171501],[3.82670577,48.53214489],[3.82685115,48.5324416],[3.82707835,48.53286797],[3.82746925,48.53281773],[3.82797597,48.53273893],[3.82794303,48.53252335],[3.82766756,48.53205866],[3.82755204,48.53186835],[3.82719111,48.53139072]]]]},"geometry_name":"the_geom","properties":{"id_parcel":"6929441","code_cultu":"ORP","code_group":"3","culture_d1":"","culture_d2":"","surf_parc":1.11}},{"type":"Feature","id":"parcelles_graphiques.6598082","geometry":{"type":"MultiPolygon","coordinates":[[[[3.75970479,48.50941477],[3.75971295,48.50942497],[3.75971295,48.50942498],[3.75971295,48.50942498],[3.7597519,48.50943866],[3.7597519,48.50943866],[3.7597519,48.50943866],[3.75978649,48.50951698],[3.75978649,48.50951698],[3.75983511,48.50957197],[3.75981134,48.50957323],[3.75993747,48.50971413],[3.76003135,48.50986499],[3.76003135,48.509865],[3.76011987,48.50997323],[3.76011987,48.50997324],[3.76011987,48.50997324],[3.75978796,48.51030622],[3.75969903,48.51034963],[3.75969903,48.51034963],[3.75969902,48.51034962],[3.75945948,48.50988701],[3.75945948,48.50988701],[3.75945948,48.50988701],[3.75942382,48.50972336],[3.75942382,48.50972336],[3.75938782,48.50960577],[3.75939568,48.50960824],[3.75948026,48.50955757],[3.7595729,48.50952366],[3.75958003,48.50952123],[3.75957905,48.50945319],[3.75927946,48.50954474],[3.75867311,48.50972713],[3.75826359,48.50989636],[3.75820112,48.51009526],[3.75845378,48.5100294],[3.75845379,48.5100294],[3.75845379,48.5100294],[3.75845458,48.51003304],[3.75846697,48.51009056],[3.75846697,48.51009056],[3.75836892,48.51021571],[3.75818385,48.51037817],[3.75818385,48.51037817],[3.75800748,48.51050485],[3.75800748,48.51050485],[3.75760174,48.51070545],[3.75752557,48.51074881],[3.75752557,48.51074882],[3.75760799,48.51081872],[3.75760799,48.51081872],[3.75760799,48.51081872],[3.7576327,48.51125339],[3.7576327,48.51125339],[3.75755377,48.51153255],[3.75755377,48.51153255],[3.75755377,48.51153255],[3.75738553,48.51158466],[3.75738553,48.51158466],[3.7569257,48.51165597],[3.75692569,48.51165598],[3.75660931,48.5117747],[3.7566093,48.51177471],[3.75651563,48.51179451],[3.75623787,48.51185324],[3.75623786,48.51185324],[3.75623786,48.51185324],[3.75581349,48.5117393],[3.75552169,48.51166491],[3.75552168,48.51166491],[3.75552168,48.51166491],[3.75551739,48.51157616],[3.75551738,48.51157615],[3.75546521,48.51153857],[3.75544861,48.51152661],[3.75544861,48.51152661],[3.75544861,48.51152661],[3.75542672,48.51135615],[3.75542672,48.51135614],[3.75542672,48.51135614],[3.75539212,48.51108662],[3.75539212,48.51108662],[3.75539212,48.51108662],[3.75541119,48.51108719],[3.75541119,48.51108719],[3.75541119,48.51108719],[3.75558923,48.5110925],[3.75558923,48.5110925],[3.75558923,48.5110925],[3.75581217,48.51114045],[3.75581217,48.51114045],[3.7559955,48.51128321],[3.75605965,48.51136446],[3.75605965,48.51136446],[3.75606743,48.51146157],[3.75606744,48.51146158],[3.7562105,48.51144639],[3.7562105,48.51144639],[3.75621051,48.51144638],[3.7563243,48.51138854],[3.75632431,48.51138854],[3.75632431,48.51138853],[3.75636476,48.51134121],[3.75636476,48.51134121],[3.75636476,48.51134121],[3.75636655,48.51134107],[3.75636656,48.51134106],[3.75636661,48.51133904],[3.75636661,48.51133904],[3.75638772,48.51131435],[3.75638772,48.51131434],[3.75638772,48.51131434],[3.7563724,48.51110627],[3.75637239,48.51110626],[3.75604685,48.51102771],[3.75604684,48.51102771],[3.75597305,48.51097],[3.75597305,48.51097],[3.75597305,48.51097],[3.7559729,48.51090178],[3.7559729,48.51090177],[3.75601097,48.51077564],[3.75601096,48.51077563],[3.75597259,48.51076513],[3.75597259,48.51076513],[3.75597258,48.51076512],[3.75597257,48.51075769],[3.75597255,48.51075768],[3.75594489,48.51075755],[3.75594489,48.51075755],[3.75591746,48.51075004],[3.75591746,48.51075004],[3.75591746,48.51075004],[3.75519375,48.51074512],[3.75519375,48.51074512],[3.75514142,48.51075377],[3.75514141,48.51075378],[3.75514194,48.51087874],[3.75514194,48.51087874],[3.75525307,48.5113604],[3.75528623,48.51163578],[3.75528623,48.51163578],[3.75528623,48.51163578],[3.755098,48.51190033],[3.755098,48.51190033],[3.75500062,48.51196525],[3.75500062,48.51196525],[3.75492752,48.51199327],[3.75492751,48.51199328],[3.75490067,48.5121196],[3.75490067,48.5121196],[3.75497202,48.51234765],[3.75497202,48.51234765],[3.75497202,48.51234765],[3.75502503,48.51237551],[3.75502503,48.51237551],[3.75502503,48.51237551],[3.75503134,48.51239274],[3.75503136,48.51239275],[3.75506254,48.51239522],[3.75506254,48.51239522],[3.75506255,48.51239522],[3.75508392,48.51240645],[3.75508392,48.51240645],[3.75508393,48.51240645],[3.75640021,48.51251233],[3.75640022,48.51251232],[3.75640527,48.51250153],[3.75656129,48.51216764],[3.75656129,48.51216764],[3.7565613,48.51216764],[3.75732946,48.51216989],[3.75732946,48.51216989],[3.7574774,48.51220161],[3.7574774,48.51220161],[3.75861568,48.51230153],[3.75861569,48.51230153],[3.75861569,48.51230153],[3.75831194,48.51283338],[3.75831194,48.51283339],[3.75835585,48.51285466],[3.75862558,48.51298535],[3.75862558,48.51298535],[3.75862558,48.51298535],[3.75867863,48.5132555],[3.75867864,48.5132555],[3.75877211,48.51327555],[3.75877211,48.51327555],[3.75877212,48.51327555],[3.75892453,48.5132621],[3.75892454,48.51326209],[3.75884975,48.51294658],[3.75882565,48.51258496],[3.75882565,48.51258496],[3.75886247,48.51247552],[3.75886247,48.51247552],[3.75886247,48.51247552],[3.75915331,48.51256833],[3.75915331,48.51256834],[3.75915332,48.51256834],[3.75920276,48.51258412],[3.75920276,48.51258412],[3.75937815,48.51265019],[3.75937091,48.51264547],[3.75971249,48.51248381],[3.75971969,48.51248615],[3.75994309,48.51232762],[3.75993231,48.51232531],[3.75995962,48.5122323],[3.75999082,48.51220801],[3.75982674,48.51220935],[3.7598339,48.51220931],[3.75944117,48.51222476],[3.75944116,48.51222476],[3.75901025,48.51215373],[3.75901024,48.51215372],[3.75901024,48.51215372],[3.75893368,48.51213889],[3.75893399,48.51208281],[3.75893399,48.5120828],[3.75893399,48.5120828],[3.75911152,48.51180214],[3.75925218,48.51162034],[3.75938586,48.51145049],[3.7593894,48.51144808],[3.75994952,48.51153495],[3.75995665,48.51153253],[3.76000203,48.51145552],[3.76015974,48.51124848],[3.7602095,48.51118761],[3.7602095,48.51118761],[3.76020951,48.51118761],[3.76038108,48.51115611],[3.76054955,48.51116217],[3.76059959,48.51115471],[3.76073578,48.5111586],[3.76074646,48.51115377],[3.76029795,48.50970015],[3.76015638,48.50931729],[3.7597966,48.50938671],[3.75970479,48.50941477]]]]},"geometry_name":"the_geom","properties":{"id_parcel":"6938271","code_cultu":"MIS","code_group":"2","culture_d1":"","culture_d2":"","surf_parc":6.93}},{"type":"Feature","id":"parcelles_graphiques.6606141","geometry":{"type":"MultiPolygon","coordinates":[[[[3.82352401,48.49226296],[3.8209656,48.48887722],[3.81963679,48.48713864],[3.8183949,48.48549037],[3.818315,48.48545687],[3.81626958,48.48603508],[3.81595563,48.48612865],[3.81595754,48.486128],[3.81544072,48.48628151],[3.81543964,48.4862823],[3.81494556,48.48642966],[3.81490097,48.48644295],[3.81493462,48.48648264],[3.81447083,48.48659294],[3.81446018,48.48657431],[3.81429219,48.48662437],[3.81462878,48.48709116],[3.81502732,48.48762162],[3.81548465,48.48820836],[3.81684059,48.49001091],[3.81819327,48.49178922],[3.81890997,48.4927376],[3.82001115,48.4926217],[3.8211626,48.49251377],[3.821574,48.49247008],[3.82156263,48.4924354],[3.82220624,48.49237144],[3.82222053,48.49240141],[3.82352401,48.49226296]]]]},"geometry_name":"the_geom","properties":{"id_parcel":"6945524","code_cultu":"BTH","code_group":"1","culture_d1":"","culture_d2":"","surf_parc":26.42}},{"type":"Feature","id":"parcelles_graphiques.6622312","geometry":{"type":"MultiPolygon","coordinates":[[[[3.81583381,48.53540207],[3.81593548,48.5353609],[3.81757416,48.53494976],[3.81776666,48.53490771],[3.81765201,48.534776],[3.81748099,48.53446301],[3.81696801,48.534533],[3.81673799,48.53451801],[3.816041,48.534778],[3.815094,48.53480801],[3.814963,48.53495301],[3.814895,48.53538601],[3.81504333,48.53559662],[3.81505162,48.53561084],[3.81505719,48.5356227],[3.81583381,48.53540207]]]]},"geometry_name":"the_geom","properties":{"id_parcel":"6960078","code_cultu":"MIE","code_group":"2","culture_d1":"","culture_d2":"","surf_parc":1.36}},{"type":"Feature","id":"parcelles_graphiques.6630498","geometry":{"type":"MultiPolygon","coordinates":[[[[3.78155536,48.51469406],[3.781409,48.51413293],[3.78063977,48.51445491],[3.78077837,48.51509981],[3.78155521,48.51469414],[3.78155536,48.51469406]]]]},"geometry_name":"the_geom","properties":{"id_parcel":"6967446","code_cultu":"PTR","code_group":"19","culture_d1":"","culture_d2":"","surf_parc":0.43}},{"type":"Feature","id":"parcelles_graphiques.6642447","geometry":{"type":"MultiPolygon","coordinates":[[[[3.75594751,48.50392896],[3.75654376,48.50379543],[3.75695647,48.50372616],[3.75742166,48.50369463],[3.75770795,48.50367614],[3.7577381,48.50365572],[3.75775396,48.50363777],[3.75775885,48.50360441],[3.75774547,48.50354618],[3.75864895,48.50348091],[3.75864256,48.50341073],[3.75861749,48.50328712],[3.75860224,48.50322295],[3.75855986,48.5031411],[3.75848278,48.50301186],[3.75841621,48.50286709],[3.75400201,48.50363964],[3.75401031,48.50366667],[3.75327064,48.50379037],[3.75326326,48.50376892],[3.75323819,48.50377331],[3.75304278,48.50320763],[3.75293655,48.5032236],[3.75290419,48.50313432],[3.75157768,48.50334353],[3.75152651,48.50339741],[3.75172135,48.50395375],[3.75177416,48.5039608],[3.75177536,48.50416906],[3.75198742,48.50471994],[3.75209922,48.50477279],[3.75242445,48.50472194],[3.75285141,48.50464664],[3.75284539,48.50460145],[3.75274297,48.50432837],[3.75274755,48.50427359],[3.75278449,48.50422694],[3.75284301,48.50418611],[3.75290881,48.50415356],[3.75297827,48.50412693],[3.75307233,48.50412931],[3.75312612,48.50413373],[3.75319622,48.50415114],[3.75324505,48.50418415],[3.7532919,48.50420409],[3.75334592,48.50422398],[3.75341787,48.50424613],[3.75388269,48.50418844],[3.75380774,48.50383306],[3.75458328,48.50371269],[3.75507997,48.5036298],[3.75507996,48.5036298],[3.75507997,48.50362979],[3.75507998,48.50362979],[3.75515587,48.50387381],[3.75562363,48.50395603],[3.75594751,48.50392895],[3.75594752,48.50392895],[3.75594751,48.50392896]]]]},"geometry_name":"the_geom","properties":{"id_parcel":"697820","code_cultu":"BTH","code_group":"1","culture_d1":"","culture_d2":"","surf_parc":3.7}},{"type":"Feature","id":"parcelles_graphiques.6668199","geometry":{"type":"MultiPolygon","coordinates":[[[[3.78353839,48.51152545],[3.78319069,48.51153172],[3.78319078,48.51153784],[3.78314612,48.51152894],[3.78314803,48.51163162],[3.78325691,48.51164983],[3.78325757,48.51164994],[3.78348681,48.51164724],[3.78352491,48.51156011],[3.78353839,48.51152545]]]]},"geometry_name":"the_geom","properties":{"id_parcel":"7001375","code_cultu":"J6S","code_group":"11","culture_d1":"","culture_d2":"","surf_parc":0.04}},{"type":"Feature","id":"parcelles_graphiques.6694258","geometry":{"type":"MultiPolygon","coordinates":[[[[3.79019599,48.50113748],[3.79039053,48.50113074],[3.79009275,48.50114275],[3.78982497,48.50115354],[3.78982496,48.50115355],[3.78982527,48.50115639],[3.78988985,48.50174055],[3.78993276,48.50212875],[3.78998054,48.50250766],[3.79006237,48.50315654],[3.79006292,48.50316092],[3.79006293,48.50316093],[3.79092232,48.50308756],[3.79092233,48.50308755],[3.79082786,48.50221619],[3.79081312,48.50208023],[3.79077567,48.50180923],[3.79067981,48.50111534],[3.79067979,48.50111534],[3.79067914,48.50111537],[3.79019762,48.50113741],[3.79019761,48.50113741],[3.79019599,48.50113748]]]]},"geometry_name":"the_geom","properties":{"id_parcel":"7024829","code_cultu":"ORH","code_group":"3","culture_d1":"","culture_d2":"","surf_parc":1.43}},{"type":"Feature","id":"parcelles_graphiques.6716147","geometry":{"type":"MultiPolygon","coordinates":[[[[3.79271691,48.4869374],[3.79234208,48.48701346],[3.79196858,48.48709105],[3.7915951,48.48716816],[3.79140698,48.48720733],[3.79131355,48.48722688],[3.79122294,48.48724557],[3.79130451,48.48767221],[3.79140205,48.48809516],[3.79142299,48.48820489],[3.79144882,48.4883099],[3.79150643,48.48852338],[3.79154829,48.48874191],[3.79160105,48.48895303],[3.79482412,48.48827622],[3.79644742,48.48793834],[3.7980812,48.48760144],[3.79894756,48.4874172],[3.79980377,48.48723611],[3.80088116,48.48702798],[3.80188108,48.48683229],[3.80143545,48.48603176],[3.80098272,48.48523479],[3.79891475,48.48566477],[3.79840163,48.48577233],[3.79788478,48.48587926],[3.79762531,48.48593341],[3.79736837,48.4859859],[3.79685167,48.48609177],[3.79478179,48.48651433],[3.79374977,48.4867252],[3.79322969,48.48683145],[3.79297296,48.48688443],[3.79284389,48.48691047],[3.79271691,48.4869374]]]]},"geometry_name":"the_geom","properties":{"id_parcel":"7044529","code_cultu":"BTN","code_group":"24","culture_d1":"","culture_d2":"","surf_parc":14.58}},{"type":"Feature","id":"parcelles_graphiques.6720963","geometry":{"type":"MultiPolygon","coordinates":[[[[3.7521299,48.51034721],[3.75206304,48.51027768],[3.75200039,48.51024667],[3.75188957,48.51026285],[3.75099048,48.51049723],[3.75112015,48.510681],[3.75125722,48.51087174],[3.75136513,48.51102816],[3.75148024,48.51118572],[3.75171295,48.5115508],[3.75181514,48.51168226],[3.75186028,48.51170697],[3.75192144,48.51172562],[3.75197531,48.5117348],[3.75203459,48.51174633],[3.75209603,48.51178403],[3.7522975,48.51209337],[3.75247075,48.51205895],[3.75239387,48.511944],[3.75245202,48.51187698],[3.75249779,48.51182076],[3.75242713,48.51151534],[3.7524069,48.51147857],[3.75241347,48.51143688],[3.75242862,48.51136895],[3.75238483,48.51131329],[3.75237536,48.51127764],[3.75237473,48.51123361],[3.75240072,48.51107941],[3.75255427,48.51101349],[3.75256652,48.51099318],[3.7524774,48.51084725],[3.7521299,48.51034721]]]]},"geometry_name":"the_geom","properties":{"id_parcel":"7048864","code_cultu":"BTH","code_group":"1","culture_d1":"","culture_d2":"","surf_parc":1.22}},{"type":"Feature","id":"parcelles_graphiques.6734835","geometry":{"type":"MultiPolygon","coordinates":[[[[3.75331403,48.50070243],[3.74953565,48.50101932],[3.74694375,48.50119395],[3.74709453,48.50162682],[3.7472201,48.50189262],[3.74722501,48.50189573],[3.74722737,48.50190075],[3.74743541,48.50202842],[3.74766103,48.50217072],[3.74846966,48.50261312],[3.74909652,48.50296144],[3.7506927,48.5023682],[3.75097154,48.50233073],[3.75090455,48.50215501],[3.75303268,48.50181902],[3.75367725,48.50171321],[3.75331403,48.50070243]]]]},"geometry_name":"the_geom","properties":{"id_parcel":"7061348","code_cultu":"BTH","code_group":"1","culture_d1":"","culture_d2":"","surf_parc":7.04}},{"type":"Feature","id":"parcelles_graphiques.6761613","geometry":{"type":"MultiPolygon","coordinates":[[[[3.76714081,48.53709267],[3.76713406,48.53704394],[3.76710967,48.5369843],[3.76652189,48.53602902],[3.76647114,48.53604196],[3.76640118,48.53606897],[3.7662758,48.53607493],[3.76614692,48.53606874],[3.76610319,48.536061],[3.76607428,48.53605018],[3.76605048,48.536035],[3.76599964,48.53597359],[3.76598663,48.53594404],[3.76598285,48.53590844],[3.76598746,48.53588413],[3.76599769,48.53586842],[3.76613809,48.53574745],[3.76619791,48.53571575],[3.76632105,48.53567224],[3.76569971,48.53452041],[3.76567215,48.53446932],[3.76512162,48.53344871],[3.76489208,48.53352493],[3.76474606,48.53355072],[3.76444256,48.53358279],[3.76399097,48.53362179],[3.76323905,48.53370843],[3.76307684,48.53371764],[3.76298954,48.53371557],[3.76284745,48.53369998],[3.76254099,48.53364224],[3.76241406,48.53361401],[3.76197125,48.53348392],[3.76166979,48.53333399],[3.7615692,48.53328943],[3.76131521,48.53322358],[3.76110602,48.53318988],[3.76211047,48.5361335],[3.7622423,48.53604942],[3.76253515,48.53587641],[3.76257528,48.5358607],[3.76263404,48.53584576],[3.7627131,48.53583276],[3.76278369,48.53580928],[3.76287749,48.53576613],[3.76289842,48.53574783],[3.76292387,48.53566004],[3.76293819,48.53564435],[3.76295694,48.53563699],[3.76307884,48.53563302],[3.76331954,48.53563643],[3.76347639,48.53563365],[3.76349459,48.53563706],[3.76350992,48.53564506],[3.76357022,48.53575442],[3.76361596,48.53591896],[3.76512971,48.53546642],[3.76636236,48.53745475],[3.76657212,48.53736863],[3.76695338,48.53722747],[3.76708411,48.53716844],[3.76713136,48.53712361],[3.76714081,48.53709267]],[[3.76503942,48.5346047],[3.76502011,48.53463219],[3.76485003,48.5346434],[3.76482316,48.53464358],[3.7647703,48.53464392],[3.76471639,48.53463355],[3.76468898,48.53459743],[3.76468735,48.53442428],[3.76473195,48.53441031],[3.76479327,48.53443729],[3.76483984,48.53449768],[3.76489757,48.53452349],[3.76501615,48.53454475],[3.76503942,48.5346047]]]]},"geometry_name":"the_geom","properties":{"id_parcel":"7085449","code_cultu":"J6S","code_group":"11","culture_d1":"","culture_d2":"","surf_parc":8.65}},{"type":"Feature","id":"parcelles_graphiques.6836694","geometry":{"type":"MultiPolygon","coordinates":[[[[3.83205975,48.50853331],[3.83349077,48.51063374],[3.83387618,48.51059653],[3.83426243,48.51055603],[3.83562062,48.51005867],[3.83439424,48.50800156],[3.83342524,48.5081131],[3.83214231,48.50830775],[3.83208907,48.50833907],[3.83208258,48.50838196],[3.83208364,48.5084486],[3.83209618,48.50851142],[3.8320591,48.50853239],[3.83205975,48.50853331]]]]},"geometry_name":"the_geom","properties":{"id_parcel":"7153020","code_cultu":"BTN","code_group":"24","culture_d1":"","culture_d2":"","surf_parc":4.75}},{"type":"Feature","id":"parcelles_graphiques.6849463","geometry":{"type":"MultiPolygon","coordinates":[[[[3.79924724,48.50625851],[3.79934027,48.50730937],[3.80422732,48.50690745],[3.80402572,48.50590672],[3.802836,48.50599272],[3.80163379,48.50608176],[3.79924724,48.50625851]]]]},"geometry_name":"the_geom","properties":{"id_parcel":"7164513","code_cultu":"ORH","code_group":"3","culture_d1":"","culture_d2":"","surf_parc":4.12}},{"type":"Feature","id":"parcelles_graphiques.6890464","geometry":{"type":"MultiPolygon","coordinates":[[[[3.81550307,48.51262264],[3.81527451,48.51201826],[3.8150933,48.51200767],[3.81530021,48.51264297],[3.81545863,48.51262709],[3.81550307,48.51262264]]]]},"geometry_name":"the_geom","properties":{"id_parcel":"7201413","code_cultu":"VRG","code_group":"20","culture_d1":"","culture_d2":"","surf_parc":0.1}},{"type":"Feature","id":"parcelles_graphiques.6898396","geometry":{"type":"MultiPolygon","coordinates":[[[[3.81323243,48.53020872],[3.81549155,48.52914796],[3.8154521,48.52908828],[3.81535783,48.52905718],[3.81513289,48.52903008],[3.81501688,48.52904858],[3.81487543,48.52910628],[3.81436671,48.52934552],[3.81350795,48.52974648],[3.81307088,48.52995989],[3.81303582,48.53001012],[3.81304033,48.53006959],[3.81323243,48.53020872]]]]},"geometry_name":"the_geom","properties":{"id_parcel":"7208553","code_cultu":"ORP","code_group":"3","culture_d1":"","culture_d2":"","surf_parc":0.6}},{"type":"Feature","id":"parcelles_graphiques.6911175","geometry":{"type":"MultiPolygon","coordinates":[[[[3.80237932,48.51714288],[3.80237981,48.51714334],[3.80217502,48.51725716],[3.80210405,48.51728701],[3.80208672,48.51729749],[3.80207581,48.51731127],[3.80207261,48.51732669],[3.80207718,48.51740826],[3.80204857,48.51748312],[3.80204849,48.51748334],[3.80202604,48.51754338],[3.80195619,48.51764089],[3.80183194,48.51778994],[3.80171387,48.51783932],[3.80144929,48.51790378],[3.80142378,48.51791485],[3.80124651,48.51803744],[3.80124021,48.51804248],[3.80106508,48.51820563],[3.80085954,48.51831989],[3.80069368,48.51838335],[3.80068503,48.51838728],[3.80056775,48.51844995],[3.80055097,48.5184632],[3.80040321,48.51864031],[3.80030355,48.51875954],[3.80021568,48.51883618],[3.80009556,48.51888255],[3.80009478,48.51888286],[3.7999552,48.51893841],[3.79979448,48.51897368],[3.7997923,48.51897418],[3.79969667,48.5189976],[3.79957027,48.51901617],[3.79938915,48.51902433],[3.79936582,48.51902823],[3.79934602,48.5190373],[3.79921122,48.51912628],[3.79919676,48.51914038],[3.79907424,48.51932925],[3.79907409,48.51932948],[3.7989901,48.51946096],[3.79898943,48.51946205],[3.79893731,48.51954999],[3.79889593,48.51961538],[3.79879403,48.51962737],[3.79879271,48.5196272],[3.79879264,48.51962769],[3.79865456,48.51965604],[3.79865472,48.51965614],[3.79868151,48.5196594],[3.79867811,48.51966111],[3.79868601,48.51965995],[3.79875258,48.51966805],[3.79879383,48.51967307],[3.79894405,48.5196554],[3.79900003,48.51956695],[3.79905243,48.51947853],[3.79913641,48.51934705],[3.79925894,48.51915819],[3.79939374,48.51906921],[3.79957992,48.51906082],[3.79971577,48.51904086],[3.79981572,48.51901639],[3.79998356,48.51897955],[3.80012957,48.51892144],[3.80026136,48.51887057],[3.80036037,48.51878421],[3.80046241,48.51866213],[3.80061019,48.518485],[3.80072747,48.51842232],[3.80089845,48.5183569],[3.80111517,48.51823643],[3.80129533,48.5180686],[3.8014726,48.51794601],[3.80174389,48.51787991],[3.80188274,48.51782185],[3.80201643,48.51766147],[3.8020901,48.51755862],[3.8021142,48.51749419],[3.8021452,48.51741305],[3.80214027,48.51732502],[3.80221503,48.51729357],[3.80247082,48.5171514],[3.80243969,48.51712175],[3.8024335,48.51711586],[3.80243306,48.51711612],[3.80237932,48.51714288]]]]},"geometry_name":"the_geom","properties":{"id_parcel":"7220053","code_cultu":"BTA","code_group":"28","culture_d1":"","culture_d2":"","surf_parc":0.21}},{"type":"Feature","id":"parcelles_graphiques.6917854","geometry":{"type":"MultiPolygon","coordinates":[[[[3.75469143,48.50286138],[3.75382879,48.50296386],[3.75400855,48.50354786],[3.75403542,48.50363378],[3.75635529,48.5032278],[3.75841621,48.50286709],[3.75840829,48.50284814],[3.7582994,48.50250132],[3.7582994,48.50250132],[3.75808016,48.50207666],[3.75808014,48.50207666],[3.75773859,48.50223474],[3.75773858,48.50223474],[3.75751758,48.50230875],[3.75750744,48.50231095],[3.75741926,48.50233394],[3.75716258,48.50240503],[3.75671251,48.50251373],[3.7567125,48.50251373],[3.7567125,48.50251373],[3.75671249,48.50251373],[3.75671249,48.50251373],[3.75671249,48.50251373],[3.75631255,48.50258289],[3.75556691,48.50271776],[3.7553686,48.50275116],[3.75512738,48.50278959],[3.75469143,48.50286138]]]]},"geometry_name":"the_geom","properties":{"id_parcel":"7226065","code_cultu":"BTH","code_group":"1","culture_d1":"","culture_d2":"","surf_parc":2.44}},{"type":"Feature","id":"parcelles_graphiques.6951094","geometry":{"type":"MultiPolygon","coordinates":[[[[3.8059908,48.47875087],[3.80585044,48.47876162],[3.80572524,48.47876842],[3.80567887,48.47877945],[3.80565655,48.47879826],[3.80779443,48.48271286],[3.80885351,48.48463967],[3.80939282,48.48559646],[3.80952719,48.48583477],[3.80964899,48.48607078],[3.80991074,48.48655815],[3.81018914,48.48707992],[3.81046384,48.48759339],[3.81048194,48.48760636],[3.81049643,48.48761697],[3.81052336,48.48762155],[3.81056274,48.48762128],[3.8106107,48.48761135],[3.81097583,48.48751985],[3.80618531,48.47874111],[3.8059908,48.47875087]]]]},"geometry_name":"the_geom","properties":{"id_parcel":"7255982","code_cultu":"CZH","code_group":"5","culture_d1":"","culture_d2":"","surf_parc":4}},{"type":"Feature","id":"parcelles_graphiques.6953233","geometry":{"type":"MultiPolygon","coordinates":[[[[3.79265059,48.49394613],[3.79288107,48.49502011],[3.79291065,48.4950249],[3.80141465,48.49325104],[3.80143402,48.49322299],[3.80118377,48.49215985],[3.80111262,48.49185756],[3.80091091,48.49103736],[3.79302542,48.49266943],[3.79238954,48.49280462],[3.79258034,48.49361876],[3.79265059,48.49394613]]]]},"geometry_name":"the_geom","properties":{"id_parcel":"7257907","code_cultu":"BTN","code_group":"24","culture_d1":"","culture_d2":"","surf_parc":16.3}},{"type":"Feature","id":"parcelles_graphiques.6990900","geometry":{"type":"MultiPolygon","coordinates":[[[[3.80163411,48.51058739],[3.80128373,48.5106326],[3.80145967,48.51128805],[3.80168699,48.5121723],[3.8017731,48.51218124],[3.80199705,48.51277003],[3.80230395,48.51269179],[3.80163411,48.51058739]]]]},"geometry_name":"the_geom","properties":{"id_parcel":"7291807","code_cultu":"ORH","code_group":"3","culture_d1":"","culture_d2":"","surf_parc":0.68}},{"type":"Feature","id":"parcelles_graphiques.6997030","geometry":{"type":"MultiPolygon","coordinates":[[[[3.76959598,48.51314407],[3.76892324,48.51237706],[3.76892209,48.51237734],[3.76890465,48.51237949],[3.76884524,48.51238662],[3.76872955,48.51240671],[3.76872959,48.51240675],[3.76872915,48.51240682],[3.76886885,48.51257339],[3.76890959,48.51262214],[3.76892586,48.51264136],[3.76892969,48.51264593],[3.7689301,48.51264637],[3.76893739,48.51265499],[3.76908936,48.51281854],[3.76910175,48.5128319],[3.76924275,48.51298428],[3.76924588,48.51298757],[3.76924953,48.51299156],[3.76926559,48.51300824],[3.76936756,48.51311517],[3.76946784,48.51322044],[3.7694679,48.5132204],[3.76946833,48.51322085],[3.76955453,48.51316876],[3.76959598,48.51314407]]]]},"geometry_name":"the_geom","properties":{"id_parcel":"7297324","code_cultu":"SNE","code_group":"28","culture_d1":"","culture_d2":"","surf_parc":0.14}},{"type":"Feature","id":"parcelles_graphiques.6997866","geometry":{"type":"MultiPolygon","coordinates":[[[[3.77313863,48.4879466],[3.77335735,48.48879358],[3.78297662,48.48834816],[3.78301781,48.48801014],[3.78300976,48.48748837],[3.77313863,48.4879466]]]]},"geometry_name":"the_geom","properties":{"id_parcel":"7298077","code_cultu":"PPR","code_group":"8","culture_d1":"","culture_d2":"","surf_parc":6.88}},{"type":"Feature","id":"parcelles_graphiques.7006595","geometry":{"type":"MultiPolygon","coordinates":[[[[3.83215989,48.485753],[3.8223818,48.49066301],[3.8227095,48.49109231],[3.83258531,48.48618588],[3.8321851,48.48577865],[3.83215989,48.485753]]]]},"geometry_name":"the_geom","properties":{"id_parcel":"7305932","code_cultu":"LUD","code_group":"16","culture_d1":"","culture_d2":"","surf_parc":5}},{"type":"Feature","id":"parcelles_graphiques.7018087","geometry":{"type":"MultiPolygon","coordinates":[[[[3.83379818,48.47435438],[3.83096698,48.47636708],[3.83127177,48.47657299],[3.83412996,48.47454087],[3.83633908,48.47297008],[3.83648594,48.47286811],[3.83850507,48.4714661],[3.83821253,48.47126749],[3.83379818,48.47435438]]]]},"geometry_name":"the_geom","properties":{"id_parcel":"7316275","code_cultu":"FLP","code_group":"25","culture_d1":"","culture_d2":"","surf_parc":2.44}},{"type":"Feature","id":"parcelles_graphiques.7043647","geometry":{"type":"MultiPolygon","coordinates":[[[[3.73823929,48.49031974],[3.73817632,48.49079174],[3.73812762,48.49122256],[3.74030222,48.49151712],[3.750248,48.49290942],[3.75188734,48.49228554],[3.75196571,48.49226256],[3.75196886,48.49226163],[3.75211456,48.49225002],[3.75219843,48.49224333],[3.75219845,48.49224332],[3.75219843,48.49224331],[3.75008711,48.4919444],[3.75219851,48.49224332],[3.74982794,48.49190771],[3.7475315,48.49158253],[3.7403982,48.49057869],[3.73829098,48.49028677],[3.73824455,48.49028033],[3.73829096,48.49028676],[3.73824449,48.49028079],[3.7382417,48.49030165],[3.73823929,48.49031974]],[[3.74983023,48.49190803],[3.74983021,48.49190804],[3.74983022,48.49190805],[3.74982795,48.49190771],[3.74983023,48.49190803]]]]},"geometry_name":"the_geom","properties":{"id_parcel":"733928","code_cultu":"LUD","code_group":"16","culture_d1":"","culture_d2":"","surf_parc":10.11}},{"type":"Feature","id":"parcelles_graphiques.7081482","geometry":{"type":"MultiPolygon","coordinates":[[[[3.78948186,48.51241271],[3.78903338,48.51236808],[3.78880005,48.51241287],[3.78896538,48.51284935],[3.79086205,48.51306201],[3.79091534,48.51295435],[3.7898041,48.51266661],[3.78986585,48.51249989],[3.78948186,48.51241271]]]]},"geometry_name":"the_geom","properties":{"id_parcel":"7373330","code_cultu":"J6S","code_group":"11","culture_d1":"","culture_d2":"","surf_parc":0.55}},{"type":"Feature","id":"parcelles_graphiques.7085131","geometry":{"type":"MultiPolygon","coordinates":[[[[3.7612419,48.53637316],[3.7612419,48.53637317],[3.76124191,48.53637318],[3.76126971,48.53637339],[3.76152037,48.5363575],[3.76178515,48.53632724],[3.76186717,48.53629816],[3.76191654,48.53624309],[3.76197525,48.53609038],[3.76205705,48.53601607],[3.76122594,48.53360518],[3.76120569,48.53354617],[3.76097248,48.53352005],[3.76076763,48.5334809],[3.76049442,48.53342314],[3.76028609,48.53339115],[3.76003127,48.5333666],[3.75950701,48.53334688],[3.75932822,48.53344862],[3.75923266,48.5335004],[3.75912634,48.5335832],[3.75910173,48.53364762],[3.7591027,48.53371426],[3.75912827,48.53384025],[3.75917563,48.53401727],[3.75923185,48.5341871],[3.75929482,48.53432832],[3.75938953,48.53446458],[3.75954724,48.53471391],[3.75962422,48.53483243],[3.75968721,48.53491194],[3.75981744,48.5350569],[3.75999028,48.53520575],[3.76010632,48.5353388],[3.76035283,48.53524693],[3.7604001,48.53522931],[3.76062027,48.53515173],[3.7606784,48.5353275],[3.76073455,48.53549257],[3.76080337,48.53566707],[3.7608116,48.53568671],[3.76081162,48.53568671],[3.76081162,48.53568671],[3.76081413,48.53568631],[3.76086102,48.53567881],[3.76101062,48.53565487],[3.76101063,48.53565487],[3.76101064,48.53565487],[3.76101064,48.53565488],[3.7610326,48.53572308],[3.76105456,48.53579129],[3.76105456,48.5357913],[3.76105456,48.53579131],[3.76105794,48.53580181],[3.76123675,48.53635717],[3.76123836,48.53636216],[3.76123836,48.53636217],[3.76123837,48.53636218],[3.76123936,48.53636526],[3.76123936,48.53636528],[3.7612419,48.53637316]]]]},"geometry_name":"the_geom","properties":{"id_parcel":"7376615","code_cultu":"ORP","code_group":"3","culture_d1":"","culture_d2":"","surf_parc":3.98}},{"type":"Feature","id":"parcelles_graphiques.7096504","geometry":{"type":"MultiPolygon","coordinates":[[[[3.78664347,48.53124016],[3.78513987,48.53115842],[3.78513717,48.53118555],[3.78600862,48.53126538],[3.78657175,48.53129736],[3.78657175,48.53129736],[3.78657176,48.53129736],[3.78664084,48.53131155],[3.78664347,48.53124017],[3.78664347,48.53124016]]]]},"geometry_name":"the_geom","properties":{"id_parcel":"7386851","code_cultu":"PPH","code_group":"18","culture_d1":"","culture_d2":"","surf_parc":0.06}},{"type":"Feature","id":"parcelles_graphiques.7098146","geometry":{"type":"MultiPolygon","coordinates":[[[[3.76483711,48.49699138],[3.76486446,48.49706579],[3.76490932,48.49713337],[3.76739582,48.49939473],[3.76746612,48.49946728],[3.767487,48.499482],[3.76680501,48.49692394],[3.76666334,48.49646434],[3.76516136,48.49663802],[3.76524919,48.49697508],[3.76513464,48.49697901],[3.76494609,48.49698499],[3.76483711,48.49699138]]]]},"geometry_name":"the_geom","properties":{"id_parcel":"7388329","code_cultu":"BTH","code_group":"1","culture_d1":"","culture_d2":"","surf_parc":2.68}},{"type":"Feature","id":"parcelles_graphiques.7102736","geometry":{"type":"MultiPolygon","coordinates":[[[[3.81079704,48.48839474],[3.80798982,48.48852217],[3.80599319,48.48861905],[3.80046232,48.4888828],[3.80053365,48.48922281],[3.80062356,48.48955395],[3.80360721,48.48942874],[3.80734319,48.48926535],[3.80813762,48.48923138],[3.81113866,48.48907192],[3.81096441,48.4887266],[3.81096446,48.48872661],[3.81079704,48.48839474]]]]},"geometry_name":"the_geom","properties":{"id_parcel":"739246","code_cultu":"ORH","code_group":"3","culture_d1":"","culture_d2":"","surf_parc":6}},{"type":"Feature","id":"parcelles_graphiques.7112046","geometry":{"type":"MultiPolygon","coordinates":[[[[3.81538051,48.51280317],[3.81496988,48.5128675],[3.81448575,48.51295175],[3.81434658,48.51298722],[3.81421277,48.51302146],[3.81399873,48.51308005],[3.81367288,48.51318448],[3.81367297,48.51318489],[3.8136847,48.51323784],[3.81371812,48.51333096],[3.81409644,48.51316421],[3.81423548,48.51312041],[3.81449251,48.51306152],[3.81494279,48.51298941],[3.81543543,48.51291707],[3.81538082,48.51280382],[3.81538051,48.51280317]]]]},"geometry_name":"the_geom","properties":{"id_parcel":"7400838","code_cultu":"BTA","code_group":"28","culture_d1":"","culture_d2":"","surf_parc":0.17}},{"type":"Feature","id":"parcelles_graphiques.7151651","geometry":{"type":"MultiPolygon","coordinates":[[[[3.77749721,48.50342443],[3.77742537,48.50341062],[3.77737895,48.50342045],[3.77730406,48.50344236],[3.77721484,48.50346437],[3.77710799,48.50350553],[3.77701185,48.50354424],[3.77693341,48.50356856],[3.77694837,48.50361131],[3.77680936,48.50365744],[3.77693368,48.50409166],[3.77705177,48.50408375],[3.77715602,48.50408839],[3.777479,48.50412912],[3.77763269,48.50412755],[3.77753645,48.50367593],[3.77749721,48.50342443]]]]},"geometry_name":"the_geom","properties":{"id_parcel":"7436483","code_cultu":"J6S","code_group":"11","culture_d1":"","culture_d2":"","surf_parc":0.35}},{"type":"Feature","id":"parcelles_graphiques.7211337","geometry":{"type":"MultiPolygon","coordinates":[[[[3.746772,48.48055429],[3.74864243,48.48525267],[3.74959306,48.48512798],[3.74771401,48.48037533],[3.74717794,48.48049521],[3.746772,48.48055429]]]]},"geometry_name":"the_geom","properties":{"id_parcel":"749020","code_cultu":"BTH","code_group":"1","culture_d1":"","culture_d2":"","surf_parc":3.9}},{"type":"Feature","id":"parcelles_graphiques.7226429","geometry":{"type":"MultiPolygon","coordinates":[[[[3.78864079,48.50336173],[3.78852469,48.50291333],[3.78851765,48.5029008],[3.7885042,48.50289084],[3.78848621,48.50288483],[3.78846616,48.50288361],[3.78790399,48.50291946],[3.78790368,48.50291783],[3.78784938,48.50291924],[3.78785673,48.50295862],[3.78847133,48.50291943],[3.78860822,48.50344814],[3.78865331,48.50342326],[3.78863975,48.50336873],[3.78864079,48.50336173]]]]},"geometry_name":"the_geom","properties":{"id_parcel":"7503783","code_cultu":"J5M","code_group":"11","culture_d1":"","culture_d2":"","surf_parc":0.04}},{"type":"Feature","id":"parcelles_graphiques.7250138","geometry":{"type":"MultiPolygon","coordinates":[[[[3.79587807,48.53069522],[3.79608217,48.53061729],[3.79609096,48.53061723],[3.79674979,48.53020843],[3.79641573,48.52999953],[3.79631094,48.52993222],[3.79562097,48.53009765],[3.79327065,48.53072865],[3.7925541,48.53086077],[3.79207256,48.53083052],[3.79210515,48.5308623],[3.7931385,48.53187015],[3.79384402,48.53240732],[3.79388666,48.5323825],[3.79407252,48.53227407],[3.79402533,48.53210087],[3.79403715,48.53186603],[3.79428749,48.53165205],[3.79427613,48.53161232],[3.7942977,48.53151419],[3.79439767,48.53131754],[3.79479858,48.53110051],[3.79481137,48.53109613],[3.79515602,48.53088643],[3.79535109,48.53077149],[3.79563569,48.53072491],[3.79587807,48.53069522]]]]},"geometry_name":"the_geom","properties":{"id_parcel":"7525120","code_cultu":"ORP","code_group":"3","culture_d1":"","culture_d2":"","surf_parc":3.13}},{"type":"Feature","id":"parcelles_graphiques.7272774","geometry":{"type":"MultiPolygon","coordinates":[[[[3.78436842,48.51009834],[3.78465455,48.51007125],[3.78448843,48.50888662],[3.7842128,48.50890691],[3.78339919,48.50896683],[3.78353858,48.51017692],[3.78436842,48.51009834]]]]},"geometry_name":"the_geom","properties":{"id_parcel":"7545494","code_cultu":"ORP","code_group":"3","culture_d1":"","culture_d2":"","surf_parc":1.1}},{"type":"Feature","id":"parcelles_graphiques.7277673","geometry":{"type":"MultiPolygon","coordinates":[[[[3.76350906,48.51416406],[3.76280416,48.51428869],[3.76280439,48.51429033],[3.76350906,48.51416406]]],[[[3.76384016,48.51410474],[3.76479369,48.51395419],[3.76524635,48.51387655],[3.76531591,48.51366416],[3.76542746,48.51344589],[3.76552507,48.51329718],[3.765577,48.51321149],[3.76561847,48.51314086],[3.76555083,48.51315906],[3.76549298,48.5131808],[3.76446541,48.5134441],[3.76340066,48.51372949],[3.7635092,48.51416404],[3.76384016,48.51410474]]],[[[3.76350906,48.51416406],[3.7635092,48.51416404],[3.7635092,48.51416404],[3.76350906,48.51416406]]]]},"geometry_name":"the_geom","properties":{"id_parcel":"7549903","code_cultu":"J6S","code_group":"11","culture_d1":"","culture_d2":"","surf_parc":0.89}},{"type":"Feature","id":"parcelles_graphiques.7302843","geometry":{"type":"MultiPolygon","coordinates":[[[[3.75981983,48.47550522],[3.75983179,48.47553662],[3.76279467,48.48331043],[3.76280695,48.48334266],[3.76446072,48.4831291],[3.76444781,48.48309607],[3.7622331,48.47742527],[3.76124672,48.47489922],[3.76123055,48.47485783],[3.76044391,48.47521883],[3.76043597,48.47522247],[3.75981983,48.47550522]]]]},"geometry_name":"the_geom","properties":{"id_parcel":"7572556","code_cultu":"BTN","code_group":"24","culture_d1":"","culture_d2":"","surf_parc":11.24}},{"type":"Feature","id":"parcelles_graphiques.7312558","geometry":{"type":"MultiPolygon","coordinates":[[[[3.81410186,48.4767635],[3.81411777,48.47679218],[3.81457053,48.47760828],[3.81522524,48.47878979],[3.81588041,48.47997183],[3.81588045,48.47997189],[3.81589099,48.47996969],[3.81589105,48.47996968],[3.8164154,48.47983759],[3.8165559,48.47989375],[3.81681886,48.47999668],[3.81701731,48.48009529],[3.81775271,48.48110663],[3.81676867,48.48137286],[3.81668935,48.4813897],[3.81666998,48.48139497],[3.81876482,48.48517481],[3.8187774,48.48519732],[3.8196332,48.48476921],[3.82047526,48.4843501],[3.81581195,48.47591001],[3.81410186,48.4767635]]]]},"geometry_name":"the_geom","properties":{"id_parcel":"75813","code_cultu":"ORH","code_group":"3","culture_d1":"","culture_d2":"","surf_parc":13.81}},{"type":"Feature","id":"parcelles_graphiques.7338849","geometry":{"type":"MultiPolygon","coordinates":[[[[3.80994731,48.53299918],[3.80974543,48.53303417],[3.80969424,48.53291965],[3.80973047,48.53289242],[3.81080598,48.53266814],[3.81065639,48.53255461],[3.81014518,48.53266669],[3.81023112,48.53219779],[3.80970124,48.53234879],[3.80870016,48.53265053],[3.80859334,48.53274903],[3.8086038,48.53279693],[3.80869999,48.53290511],[3.80876614,48.53302425],[3.80855997,48.53311754],[3.80854261,48.53312328],[3.80854652,48.5331806],[3.80860176,48.53325034],[3.80870373,48.53331302],[3.80876776,48.53338842],[3.8087758,48.53345763],[3.80883664,48.53353009],[3.80889305,48.53353746],[3.81030429,48.5331357],[3.81014575,48.5329648],[3.81010479,48.53294722],[3.80994731,48.53299918]]]]},"geometry_name":"the_geom","properties":{"id_parcel":"7604961","code_cultu":"J6S","code_group":"11","culture_d1":"","culture_d2":"","surf_parc":1.19}},{"type":"Feature","id":"parcelles_graphiques.7343103","geometry":{"type":"MultiPolygon","coordinates":[[[[3.78397859,48.51099418],[3.78397858,48.5109937],[3.78397623,48.51083591],[3.78351159,48.510908],[3.78350923,48.51086993],[3.78341615,48.51087412],[3.78319958,48.51088507],[3.78316753,48.51053776],[3.78299572,48.50898695],[3.78240705,48.50902802],[3.78256354,48.51090384],[3.78274661,48.51089876],[3.78273247,48.51139157],[3.78314351,48.51138886],[3.78318394,48.51138784],[3.78319069,48.51153172],[3.78353839,48.51152545],[3.78356914,48.51144641],[3.78372284,48.5113998],[3.78387186,48.51132758],[3.78397177,48.51125725],[3.78397859,48.51099418]]]]},"geometry_name":"the_geom","properties":{"id_parcel":"7608790","code_cultu":"PTR","code_group":"19","culture_d1":"","culture_d2":"","surf_parc":1.51}},{"type":"Feature","id":"parcelles_graphiques.7355712","geometry":{"type":"MultiPolygon","coordinates":[[[[3.80751581,48.48942963],[3.80067044,48.48975447],[3.80098535,48.49091394],[3.80775589,48.49060388],[3.81189622,48.49041617],[3.81187068,48.4903854],[3.81155395,48.48981867],[3.81123376,48.4892591],[3.80751581,48.48942963]]]]},"geometry_name":"the_geom","properties":{"id_parcel":"7620137","code_cultu":"BTH","code_group":"1","culture_d1":"","culture_d2":"","surf_parc":10.42}},{"type":"Feature","id":"parcelles_graphiques.7374631","geometry":{"type":"MultiPolygon","coordinates":[[[[3.81553417,48.49961818],[3.81689822,48.49954189],[3.81716421,48.49952689],[3.8172012,48.49949788],[3.81688621,48.49893989],[3.8157042,48.49704691],[3.81523565,48.496295],[3.81479822,48.49557591],[3.8144572,48.49498491],[3.81330021,48.49285492],[3.81289419,48.49217492],[3.81278621,48.49214093],[3.81084727,48.49222895],[3.81284232,48.49537558],[3.81478299,48.49841177],[3.81553417,48.49961818]]]]},"geometry_name":"the_geom","properties":{"id_parcel":"7637165","code_cultu":"BTN","code_group":"24","culture_d1":"","culture_d2":"","surf_parc":11.33}},{"type":"Feature","id":"parcelles_graphiques.7383853","geometry":{"type":"MultiPolygon","coordinates":[[[[3.79230727,48.5043347],[3.79236993,48.50432501],[3.79250568,48.50428735],[3.79283173,48.50424773],[3.79331572,48.50421686],[3.7935595,48.50420369],[3.7937955,48.50418596],[3.79423937,48.5041487],[3.79445403,48.50412681],[3.79466718,48.5041014],[3.79480319,48.5040808],[3.79488138,48.50405345],[3.79494253,48.50397972],[3.79491726,48.50375806],[3.79487514,48.50353249],[3.7947953,48.5035376],[3.79449594,48.50356052],[3.79419736,48.50358449],[3.79386415,48.50361047],[3.79352461,48.50363691],[3.79287521,48.50368793],[3.79222502,48.50373999],[3.79223358,48.50388978],[3.79224717,48.50403786],[3.79226227,48.50418895],[3.79227094,48.50427047],[3.79227887,48.50431234],[3.79230727,48.5043347]]]]},"geometry_name":"the_geom","properties":{"id_parcel":"7645465","code_cultu":"ORP","code_group":"3","culture_d1":"","culture_d2":"","surf_parc":1.24}},{"type":"Feature","id":"parcelles_graphiques.7427528","geometry":{"type":"MultiPolygon","coordinates":[[[[3.78501992,48.50003045],[3.7850658,48.50002236],[3.78507325,48.50002104],[3.78506411,48.49987686],[3.78501666,48.49981004],[3.78490117,48.49976565],[3.78479033,48.49975704],[3.78469708,48.49977823],[3.78486486,48.49979006],[3.7849883,48.49984061],[3.78502306,48.49990571],[3.78501971,48.49996489],[3.78501992,48.50003045]]]]},"geometry_name":"the_geom","properties":{"id_parcel":"7684773","code_cultu":"SNE","code_group":"28","culture_d1":"","culture_d2":"","surf_parc":0.02}},{"type":"Feature","id":"parcelles_graphiques.7438280","geometry":{"type":"MultiPolygon","coordinates":[[[[3.75845827,48.46991253],[3.75622597,48.47025585],[3.7562434,48.47037624],[3.75628567,48.47050679],[3.75534571,48.4706677],[3.75450865,48.47081514],[3.75658953,48.47678569],[3.76011553,48.47510128],[3.75946197,48.47329331],[3.75963632,48.47327734],[3.75845827,48.46991253]]]]},"geometry_name":"the_geom","properties":{"id_parcel":"769445","code_cultu":"BTN","code_group":"24","culture_d1":"","culture_d2":"","surf_parc":19.29}},{"type":"Feature","id":"parcelles_graphiques.7438792","geometry":{"type":"MultiPolygon","coordinates":[[[[3.79306274,48.51602712],[3.79087122,48.51625802],[3.78578133,48.51684721],[3.78577002,48.51700969],[3.78579556,48.51715948],[3.78635974,48.51900461],[3.78671508,48.51898679],[3.78721382,48.52046638],[3.78728684,48.52068433],[3.78767318,48.52085324],[3.78786099,48.52095196],[3.78805029,48.52103163],[3.78826622,48.52109447],[3.78866251,48.52111802],[3.78801358,48.51942283],[3.78893586,48.51928103],[3.78929397,48.51926913],[3.7895664,48.51927685],[3.79009236,48.51922813],[3.79039112,48.51921446],[3.79069241,48.51918235],[3.79126707,48.51909641],[3.79154858,48.51822217],[3.79164661,48.51771452],[3.79169318,48.5175952],[3.79173423,48.51746639],[3.79176976,48.51720909],[3.79188642,48.51710477],[3.79203917,48.51701806],[3.79306304,48.51668623],[3.79306274,48.51602712]]]]},"geometry_name":"the_geom","properties":{"id_parcel":"7694910","code_cultu":"FET","code_group":"16","culture_d1":"","culture_d2":"","surf_parc":15}},{"type":"Feature","id":"parcelles_graphiques.7442522","geometry":{"type":"MultiPolygon","coordinates":[[[[3.80621606,48.48693056],[3.80598632,48.48649407],[3.80582626,48.48652488],[3.80576464,48.48654291],[3.80569209,48.48655379],[3.80557984,48.48656625],[3.80546144,48.48657321],[3.80540084,48.48659147],[3.80536105,48.4866152],[3.80535838,48.48667472],[3.8053993,48.48677442],[3.80543642,48.48685986],[3.80550569,48.48694032],[3.80554427,48.48695409],[3.8055812,48.48696123],[3.80572662,48.48695856],[3.80601821,48.4869423],[3.80621606,48.48693056]]]]},"geometry_name":"the_geom","properties":{"id_parcel":"7698268","code_cultu":"J6S","code_group":"11","culture_d1":"","culture_d2":"","surf_parc":0.24}},{"type":"Feature","id":"parcelles_graphiques.7454626","geometry":{"type":"MultiPolygon","coordinates":[[[[3.77016391,48.49619661],[3.76777551,48.49492521],[3.76927268,48.50055753],[3.76929124,48.50062291],[3.77089819,48.50045773],[3.7709131,48.50053843],[3.77099828,48.50052746],[3.77133699,48.50170688],[3.77155664,48.50165909],[3.77128848,48.50064669],[3.77101458,48.49950674],[3.77080854,48.49870228],[3.77077606,48.49858309],[3.77074433,48.49846181],[3.77048583,48.49751784],[3.77016391,48.49619661]]]]},"geometry_name":"the_geom","properties":{"id_parcel":"7709160","code_cultu":"BTH","code_group":"1","culture_d1":"","culture_d2":"","surf_parc":8.52}},{"type":"Feature","id":"parcelles_graphiques.7455708","geometry":{"type":"MultiPolygon","coordinates":[[[[3.79400946,48.52941807],[3.79392613,48.52947163],[3.79495941,48.52964572],[3.79541876,48.53004094],[3.79545593,48.53006009],[3.7955299,48.53007388],[3.79563865,48.53004968],[3.7956198,48.53004465],[3.79557948,48.53003388],[3.79554915,48.53002578],[3.79544516,48.52995809],[3.79535276,48.52985393],[3.79502222,48.52959341],[3.79400946,48.52941807]]]]},"geometry_name":"the_geom","properties":{"id_parcel":"7710133","code_cultu":"J6S","code_group":"11","culture_d1":"","culture_d2":"","surf_parc":0.11}},{"type":"Feature","id":"parcelles_graphiques.7460112","geometry":{"type":"MultiPolygon","coordinates":[[[[3.80700406,48.5207859],[3.80629889,48.520924],[3.80709742,48.52313973],[3.80716535,48.52312975],[3.80722289,48.52314364],[3.80726991,48.52317189],[3.80736804,48.52326167],[3.80740886,48.5232364],[3.80742105,48.5232137],[3.80742953,48.5231827],[3.80698331,48.52201108],[3.80707399,48.52199529],[3.80751208,48.52319166],[3.80761759,48.52317905],[3.80768713,48.52315715],[3.80777079,48.52312207],[3.80787398,48.52299455],[3.80786561,48.52286068],[3.80782031,48.52274175],[3.80700406,48.5207859]]]]},"geometry_name":"the_geom","properties":{"id_parcel":"7714098","code_cultu":"J6S","code_group":"11","culture_d1":"","culture_d2":"","surf_parc":1.46}},{"type":"Feature","id":"parcelles_graphiques.7461354","geometry":{"type":"MultiPolygon","coordinates":[[[[3.77822302,48.47346394],[3.7883063,48.47146319],[3.78766303,48.47059717],[3.78766301,48.47059716],[3.78327146,48.47148069],[3.78327144,48.47148069],[3.77791592,48.4725579],[3.77792187,48.47262572],[3.77792239,48.47263164],[3.77792239,48.47263165],[3.77822302,48.47346394]]]]},"geometry_name":"the_geom","properties":{"id_parcel":"7715215","code_cultu":"BTN","code_group":"24","culture_d1":"","culture_d2":"","surf_parc":8}},{"type":"Feature","id":"parcelles_graphiques.7503721","geometry":{"type":"MultiPolygon","coordinates":[[[[3.79329837,48.49881402],[3.79259633,48.49886515],[3.79283782,48.49991988],[3.79295223,48.49996172],[3.7929841,48.50010555],[3.79292993,48.50038096],[3.79300071,48.50079823],[3.79370481,48.50075841],[3.79329837,48.49881402]]]]},"geometry_name":"the_geom","properties":{"id_parcel":"7753346","code_cultu":"J6S","code_group":"11","culture_d1":"","culture_d2":"","surf_parc":1.09}},{"type":"Feature","id":"parcelles_graphiques.7555475","geometry":{"type":"MultiPolygon","coordinates":[[[[3.79762241,48.5349124],[3.79732327,48.5350938],[3.79719039,48.53531129],[3.79746123,48.53544515],[3.79752493,48.53545067],[3.79757927,48.53543008],[3.79775135,48.53537418],[3.79800175,48.53540106],[3.7981607,48.5354833],[3.79827762,48.53539445],[3.79850857,48.53549763],[3.79863872,48.53538978],[3.79762241,48.5349124]]]]},"geometry_name":"the_geom","properties":{"id_parcel":"7799926","code_cultu":"MIS","code_group":"2","culture_d1":"","culture_d2":"","surf_parc":0.35}},{"type":"Feature","id":"parcelles_graphiques.7557222","geometry":{"type":"MultiPolygon","coordinates":[[[[3.82027234,48.49265218],[3.82527995,48.49924434],[3.82602823,48.4992439],[3.82624824,48.49924379],[3.82117227,48.49256183],[3.82083833,48.49259477],[3.82027234,48.49265218]]]]},"geometry_name":"the_geom","properties":{"id_parcel":"7801497","code_cultu":"BTN","code_group":"24","culture_d1":"","culture_d2":"","surf_parc":5.28}},{"type":"Feature","id":"parcelles_graphiques.7563869","geometry":{"type":"MultiPolygon","coordinates":[[[[3.82162891,48.52568237],[3.82168786,48.52575031],[3.82232851,48.52547215],[3.82252054,48.525378],[3.82297636,48.52496782],[3.82330853,48.52467037],[3.82354623,48.52451876],[3.82380703,48.524406],[3.82380555,48.52440252],[3.82377088,48.52432081],[3.82375101,48.524274],[3.82315093,48.52458659],[3.82274445,48.52501873],[3.82224171,48.52538004],[3.82159601,48.52564301],[3.82162891,48.52568237]]]]},"geometry_name":"the_geom","properties":{"id_parcel":"780748","code_cultu":"BTA","code_group":"28","culture_d1":"","culture_d2":"","surf_parc":0.29}},{"type":"Feature","id":"parcelles_graphiques.7563880","geometry":{"type":"MultiPolygon","coordinates":[[[[3.82162891,48.52568237],[3.82263747,48.526889],[3.82263747,48.526889],[3.82379274,48.52661271],[3.82459283,48.52647908],[3.82426201,48.525804],[3.82434001,48.525662],[3.82380703,48.524406],[3.82354623,48.52451876],[3.82330853,48.52467037],[3.82297636,48.52496782],[3.82252054,48.525378],[3.82232851,48.52547215],[3.82168786,48.52575031],[3.82162891,48.52568237]]]]},"geometry_name":"the_geom","properties":{"id_parcel":"780749","code_cultu":"MIE","code_group":"2","culture_d1":"","culture_d2":"","surf_parc":3.22}},{"type":"Feature","id":"parcelles_graphiques.7564095","geometry":{"type":"MultiPolygon","coordinates":[[[[3.81611897,48.5356003],[3.81612147,48.53561094],[3.81620851,48.53593612],[3.81650857,48.53595907],[3.81650862,48.53595897],[3.81650901,48.535959],[3.8165679,48.5357075],[3.81669686,48.53559332],[3.81680599,48.53549702],[3.8172652,48.53546443],[3.81743102,48.53541122],[3.81791001,48.53525801],[3.818031,48.53521199],[3.81802241,48.5352021],[3.81801721,48.53519561],[3.81611897,48.5356003]]]]},"geometry_name":"the_geom","properties":{"id_parcel":"7807683","code_cultu":"J6P","code_group":"11","culture_d1":"","culture_d2":"","surf_parc":0.22}},{"type":"Feature","id":"parcelles_graphiques.7564096","geometry":{"type":"MultiPolygon","coordinates":[[[[3.81611897,48.5356003],[3.81801722,48.53519561],[3.81776666,48.53490771],[3.81757416,48.53494976],[3.81593548,48.5353609],[3.81583381,48.53540207],[3.81586853,48.53539221],[3.81608801,48.53547002],[3.81611897,48.5356003]]]]},"geometry_name":"the_geom","properties":{"id_parcel":"7807684","code_cultu":"J5M","code_group":"11","culture_d1":"","culture_d2":"","surf_parc":0.48}},{"type":"Feature","id":"parcelles_graphiques.7566623","geometry":{"type":"MultiPolygon","coordinates":[[[[3.77044919,48.48227711],[3.76670832,48.47293046],[3.76666825,48.47293977],[3.76607947,48.47305793],[3.76607947,48.47305794],[3.76610691,48.4730527],[3.76979343,48.48237588],[3.76989575,48.48236079],[3.76989696,48.48236061],[3.76989696,48.48236061],[3.77044919,48.48227711]]]]},"geometry_name":"the_geom","properties":{"id_parcel":"7809959","code_cultu":"ORH","code_group":"3","culture_d1":"","culture_d2":"","surf_parc":5.16}},{"type":"Feature","id":"parcelles_graphiques.7578938","geometry":{"type":"MultiPolygon","coordinates":[[[[3.79425508,48.51205082],[3.79472907,48.51212382],[3.79516638,48.51213994],[3.79492001,48.51006599],[3.79302365,48.51021672],[3.79298883,48.5102836],[3.79298318,48.5103836],[3.7931172,48.51151186],[3.79370533,48.51152125],[3.7937475,48.51202579],[3.79425508,48.51205082]]]]},"geometry_name":"the_geom","properties":{"id_parcel":"7821040","code_cultu":"BTH","code_group":"1","culture_d1":"","culture_d2":"","surf_parc":2.87}},{"type":"Feature","id":"parcelles_graphiques.7581571","geometry":{"type":"MultiPolygon","coordinates":[[[[3.78635458,48.48567938],[3.78293378,48.48638111],[3.78313616,48.48722072],[3.78319408,48.48768963],[3.78320574,48.48800008],[3.7831906,48.48816244],[3.78318019,48.48829474],[3.78352387,48.48822599],[3.78529415,48.487854],[3.78712483,48.48748547],[3.79099584,48.48667247],[3.79069769,48.4852865],[3.79058293,48.48481707],[3.79055031,48.48482355],[3.79050139,48.48483334],[3.79047023,48.48483957],[3.7884409,48.48525376],[3.78635458,48.48567938]]]]},"geometry_name":"the_geom","properties":{"id_parcel":"7823410","code_cultu":"LUD","code_group":"16","culture_d1":"","culture_d2":"","surf_parc":12.34}},{"type":"Feature","id":"parcelles_graphiques.7592665","geometry":{"type":"MultiPolygon","coordinates":[[[[3.80099363,48.5146127],[3.80090937,48.51464365],[3.80071875,48.51471277],[3.80051518,48.5147546],[3.80032416,48.51479754],[3.8001998,48.51486503],[3.80006883,48.51496945],[3.80000229,48.51506987],[3.79996911,48.51512603],[3.79989799,48.51516102],[3.79976232,48.51519169],[3.79957186,48.51527152],[3.79944049,48.51534976],[3.79924597,48.51551531],[3.79887743,48.515782],[3.79876042,48.51586252],[3.79844619,48.5160491],[3.79827704,48.51611689],[3.79802841,48.51614117],[3.79780652,48.51615694],[3.79753382,48.51617325],[3.7974353,48.51617568],[3.79743774,48.51617899],[3.79748665,48.5162455],[3.7979329,48.51664925],[3.79793711,48.51665307],[3.79816787,48.51663129],[3.79818761,48.51663354],[3.79821092,48.51663457],[3.79855317,48.51687625],[3.79861794,48.51689486],[3.7986842,48.51689322],[3.79870389,48.5168919],[3.7987275,48.51690291],[3.80050308,48.51658107],[3.80068938,48.51654236],[3.80071023,48.51653802],[3.80079175,48.5167148],[3.80088071,48.51690939],[3.80099069,48.51677952],[3.80111934,48.51664059],[3.8012173,48.51654532],[3.80133394,48.51644099],[3.8014085,48.51639645],[3.80138707,48.51634244],[3.8013623,48.51630393],[3.80148873,48.51625429],[3.80164508,48.51620212],[3.80180752,48.51613193],[3.80181686,48.51612714],[3.8020848,48.51598963],[3.80105577,48.5146911],[3.80099363,48.5146127]],[[3.79753382,48.51617325],[3.79757064,48.51617234],[3.79753382,48.51617325],[3.79753382,48.51617325]]]]},"geometry_name":"the_geom","properties":{"id_parcel":"7833396","code_cultu":"CHV","code_group":"9","culture_d1":"","culture_d2":"","surf_parc":4.38}},{"type":"Feature","id":"parcelles_graphiques.7596897","geometry":{"type":"MultiPolygon","coordinates":[[[[3.76327784,48.52777592],[3.76325125,48.52756699],[3.76330524,48.52704512],[3.76349389,48.52702532],[3.7635122,48.52667385],[3.76352117,48.5258668],[3.76305198,48.52594491],[3.76281203,48.52596815],[3.76268004,48.52596018],[3.76257772,48.52594362],[3.76247113,48.52591218],[3.762399,48.52583707],[3.76235012,48.52569646],[3.76209106,48.52511588],[3.76195922,48.52480654],[3.76077161,48.5252136],[3.76242765,48.52801775],[3.76279813,48.52806881],[3.7631724,48.52814376],[3.76327784,48.52777592]]]]},"geometry_name":"the_geom","properties":{"id_parcel":"7837204","code_cultu":"MIS","code_group":"2","culture_d1":"","culture_d2":"","surf_parc":3.75}},{"type":"Feature","id":"parcelles_graphiques.7639855","geometry":{"type":"MultiPolygon","coordinates":[[[[3.79306269,48.51591217],[3.79306058,48.51591243],[3.79305098,48.51581661],[3.79296434,48.51581719],[3.79296476,48.51575583],[3.79296068,48.51572309],[3.79276609,48.51564874],[3.79270848,48.51563008],[3.79232224,48.5156755],[3.79229196,48.51556859],[3.79164403,48.51563586],[3.79159804,48.51559412],[3.79159775,48.51559422],[3.79145866,48.51548121],[3.7911787,48.51558711],[3.79032855,48.51589872],[3.78988291,48.51604379],[3.78965621,48.51608082],[3.78940224,48.51608251],[3.78907409,48.51604029],[3.78879966,48.51601546],[3.78790349,48.51598143],[3.78768033,48.51608503],[3.78738605,48.51624243],[3.78717219,48.51631133],[3.78697026,48.51638008],[3.78674164,48.51636053],[3.78633635,48.51637341],[3.78594976,48.51641007],[3.78586137,48.51644396],[3.78586507,48.51647826],[3.78587022,48.51652345],[3.78588477,48.51659774],[3.78587929,48.51665014],[3.78584935,48.51668426],[3.7858123,48.51672259],[3.78578403,48.51680846],[3.78578133,48.51684721],[3.79087122,48.51625802],[3.79306274,48.51602712],[3.79306269,48.51591217]]]]},"geometry_name":"the_geom","properties":{"id_parcel":"7875868","code_cultu":"FET","code_group":"16","culture_d1":"","culture_d2":"","surf_parc":2.74}},{"type":"Feature","id":"parcelles_graphiques.7675175","geometry":{"type":"MultiPolygon","coordinates":[[[[3.76172847,48.51126395],[3.76187976,48.51124673],[3.76193891,48.51119873],[3.76159121,48.50996006],[3.76140244,48.5092948],[3.76117364,48.50932721],[3.76101649,48.50935916],[3.76080209,48.50939623],[3.76066284,48.50942807],[3.76063818,48.50945679],[3.7608669,48.51015988],[3.76106215,48.5107783],[3.7612013,48.51115111],[3.76126434,48.51125742],[3.76148891,48.51127059],[3.76172847,48.51126395]]]]},"geometry_name":"the_geom","properties":{"id_parcel":"7907655","code_cultu":"MIS","code_group":"2","culture_d1":"","culture_d2":"","surf_parc":1.2}},{"type":"Feature","id":"parcelles_graphiques.7689401","geometry":{"type":"MultiPolygon","coordinates":[[[[3.79183693,48.49046365],[3.7918082,48.49033947],[3.7917831,48.49021824],[3.79175262,48.49009705],[3.79152547,48.49014289],[3.79131397,48.49018715],[3.79111762,48.49022773],[3.79092529,48.4902671],[3.79073073,48.49030677],[3.7905375,48.49034644],[3.79034117,48.49038762],[3.79014437,48.49042791],[3.78995383,48.49046726],[3.78976551,48.4905057],[3.78957318,48.49054536],[3.78938398,48.490585],[3.78901538,48.49066065],[3.78864366,48.4907375],[3.78826971,48.49081466],[3.78775072,48.49092135],[3.78722727,48.49102926],[3.78700906,48.49107415],[3.78679129,48.49111903],[3.78649185,48.49118052],[3.78619152,48.49124231],[3.78589252,48.4913035],[3.78549713,48.49138467],[3.78522313,48.49144093],[3.78494645,48.4914981],[3.78468003,48.49155252],[3.78441272,48.49160755],[3.78415835,48.49165981],[3.78390354,48.49171267],[3.78339657,48.49181599],[3.7831489,48.49186731],[3.78289943,48.49191864],[3.78288238,48.49192215],[3.78264729,48.49197059],[3.78239517,48.49202342],[3.78238179,48.49223714],[3.78240492,48.49243197],[3.79186124,48.49058266],[3.79183693,48.49046365]]]]},"geometry_name":"the_geom","properties":{"id_parcel":"7920458","code_cultu":"BTN","code_group":"24","culture_d1":"","culture_d2":"","surf_parc":3.55}},{"type":"Feature","id":"parcelles_graphiques.7699687","geometry":{"type":"MultiPolygon","coordinates":[[[[3.77195959,48.48979501],[3.77178399,48.48980415],[3.77118757,48.48983517],[3.77061986,48.48986469],[3.77063808,48.48989038],[3.77067702,48.49003449],[3.77255142,48.49696998],[3.77266046,48.4973734],[3.77266202,48.49740414],[3.77341212,48.49780346],[3.77406555,48.49815131],[3.7741771,48.4982107],[3.77430426,48.49827595],[3.77430811,48.49827792],[3.77199598,48.48979312],[3.77195959,48.48979501]]]]},"geometry_name":"the_geom","properties":{"id_parcel":"7929716","code_cultu":"CZH","code_group":"5","culture_d1":"","culture_d2":"","surf_parc":9.17}},{"type":"Feature","id":"parcelles_graphiques.7710837","geometry":{"type":"MultiPolygon","coordinates":[[[[3.784964,48.516826],[3.78478099,48.516727],[3.784113,48.517014],[3.78448399,48.518154],[3.785283,48.51789501],[3.784964,48.516826]]]]},"geometry_name":"the_geom","properties":{"id_parcel":"7939751","code_cultu":"J6S","code_group":"11","culture_d1":"","culture_d2":"","surf_parc":0.86}},{"type":"Feature","id":"parcelles_graphiques.7744895","geometry":{"type":"MultiPolygon","coordinates":[[[[3.74978972,48.47960471],[3.74972941,48.47962765],[3.7495803,48.47968436],[3.74956947,48.47968852],[3.74817025,48.48022644],[3.74773406,48.48037034],[3.74959371,48.48512781],[3.75158366,48.48485702],[3.7517868,48.48482938],[3.75185346,48.48482031],[3.75253348,48.48472776],[3.75261197,48.48471708],[3.7504197,48.47936511],[3.74978972,48.47960471]]]]},"geometry_name":"the_geom","properties":{"id_parcel":"7970402","code_cultu":"BTH","code_group":"1","culture_d1":"","culture_d2":"","surf_parc":13}},{"type":"Feature","id":"parcelles_graphiques.7795174","geometry":{"type":"MultiPolygon","coordinates":[[[[3.79278913,48.51323223],[3.7927893,48.51323224],[3.79278975,48.51323223],[3.79278924,48.5132544],[3.79278766,48.51326466],[3.79278661,48.51326452],[3.79278692,48.51326478],[3.79278078,48.51330958],[3.79284751,48.51331808],[3.79285689,48.51325703],[3.7928585,48.5131862],[3.79279399,48.51318718],[3.79278913,48.51323223]]]]},"geometry_name":"the_geom","properties":{"id_parcel":"8015653","code_cultu":"BOR","code_group":"28","culture_d1":"","culture_d2":"","surf_parc":0.01}},{"type":"Feature","id":"parcelles_graphiques.7810395","geometry":{"type":"MultiPolygon","coordinates":[[[[3.79994297,48.52810936],[3.80037977,48.52894089],[3.80089179,48.528817],[3.80050796,48.52800763],[3.79994297,48.52810936]]]]},"geometry_name":"the_geom","properties":{"id_parcel":"8029352","code_cultu":"J6S","code_group":"11","culture_d1":"","culture_d2":"","surf_parc":0.4}},{"type":"Feature","id":"parcelles_graphiques.7819378","geometry":{"type":"MultiPolygon","coordinates":[[[[3.75662506,48.49225783],[3.76306153,48.49888853],[3.76471631,48.49873485],[3.76513012,48.4986943],[3.76513825,48.49862654],[3.76516178,48.49847124],[3.76493836,48.49782435],[3.76468696,48.49710087],[3.76276247,48.49584365],[3.76243139,48.4957339],[3.76223573,48.49557806],[3.7620559,48.49540188],[3.76178655,48.49510369],[3.76141097,48.49480678],[3.76139528,48.49479438],[3.76121442,48.49467057],[3.76093124,48.49440579],[3.76062479,48.49414116],[3.76012559,48.49375779],[3.75923342,48.49302299],[3.75875695,48.49263924],[3.758289,48.49228667],[3.75803011,48.49221453],[3.75771495,48.49215049],[3.75748616,48.49215741],[3.75662506,48.49225783]]]]},"geometry_name":"the_geom","properties":{"id_parcel":"8037437","code_cultu":"ORH","code_group":"3","culture_d1":"","culture_d2":"","surf_parc":13.31}},{"type":"Feature","id":"parcelles_graphiques.7845650","geometry":{"type":"MultiPolygon","coordinates":[[[[3.76922255,48.50325532],[3.76922252,48.50325532],[3.76893638,48.50331338],[3.76928586,48.50404358],[3.76959753,48.5047072],[3.76959755,48.50470721],[3.76993395,48.5045658],[3.76993396,48.50456579],[3.76993393,48.50456574],[3.76922255,48.50325532]]]]},"geometry_name":"the_geom","properties":{"id_parcel":"8061081","code_cultu":"ORP","code_group":"3","culture_d1":"DTR","culture_d2":"DMD","surf_parc":0.4}},{"type":"Feature","id":"parcelles_graphiques.7851928","geometry":{"type":"MultiPolygon","coordinates":[[[[3.79204099,48.50231285],[3.79204788,48.5023123],[3.7920922,48.50230873],[3.79285161,48.50224745],[3.79336074,48.50220596],[3.79403774,48.5021574],[3.79468701,48.5021101],[3.79451484,48.50191186],[3.79201252,48.5020989],[3.79204099,48.50231285]]]]},"geometry_name":"the_geom","properties":{"id_parcel":"8066732","code_cultu":"BTH","code_group":"1","culture_d1":"","culture_d2":"","surf_parc":0.45}},{"type":"Feature","id":"parcelles_graphiques.7893174","geometry":{"type":"MultiPolygon","coordinates":[[[[3.79172725,48.49007276],[3.79165618,48.48973074],[3.79150205,48.48904199],[3.79037035,48.48927089],[3.78914245,48.48953256],[3.7879274,48.48978261],[3.78742846,48.48988231],[3.78716649,48.48993842],[3.78508538,48.49037827],[3.78419819,48.49055908],[3.78343598,48.49071467],[3.78304328,48.4907958],[3.78267521,48.49087857],[3.78255035,48.49090966],[3.78242183,48.49093669],[3.78239338,48.49116011],[3.78236884,48.49155541],[3.78236876,48.49179105],[3.78239134,48.49200008],[3.7823937,48.49202178],[3.78705803,48.49106384],[3.79173285,48.49009969],[3.79172725,48.49007276]]]]},"geometry_name":"the_geom","properties":{"id_parcel":"8103853","code_cultu":"CHV","code_group":"9","culture_d1":"","culture_d2":"","surf_parc":8.34}},{"type":"Feature","id":"parcelles_graphiques.7905131","geometry":{"type":"MultiPolygon","coordinates":[[[[3.77868236,48.50929423],[3.77837349,48.50932372],[3.77786208,48.50937265],[3.77724951,48.50942741],[3.77696251,48.50948108],[3.77657824,48.50963223],[3.77639559,48.50973778],[3.77732035,48.51056863],[3.77823999,48.51139076],[3.77830006,48.51130431],[3.77829009,48.51086411],[3.77873659,48.51078864],[3.77884045,48.51075429],[3.77895242,48.51071514],[3.77868236,48.50929423]]]]},"geometry_name":"the_geom","properties":{"id_parcel":"8114614","code_cultu":"ORP","code_group":"3","culture_d1":"","culture_d2":"","surf_parc":2.42}},{"type":"Feature","id":"parcelles_graphiques.7912360","geometry":{"type":"MultiPolygon","coordinates":[[[[3.79244938,48.5050113],[3.79241553,48.50501153],[3.79250205,48.50623346],[3.79582737,48.50597892],[3.79913693,48.50572677],[3.79907304,48.5051069],[3.80369225,48.50477012],[3.80374696,48.50475122],[3.80367855,48.50424294],[3.80354735,48.50377542],[3.80350939,48.50375307],[3.79869546,48.5041177],[3.79623364,48.50430409],[3.7937819,48.50449375],[3.79383509,48.50482269],[3.79385463,48.50490671],[3.7924621,48.50501122],[3.79244938,48.5050113]]]]},"geometry_name":"the_geom","properties":{"id_parcel":"812112","code_cultu":"PPR","code_group":"8","culture_d1":"","culture_d2":"","surf_parc":12.33}},{"type":"Feature","id":"parcelles_graphiques.7914614","geometry":{"type":"MultiPolygon","coordinates":[[[[3.77822475,48.47346873],[3.77879204,48.47490985],[3.77879206,48.47490985],[3.77892375,48.4748834],[3.78687182,48.47328678],[3.78929867,48.47279915],[3.78929867,48.47279914],[3.78890207,48.47226524],[3.7883063,48.47146319],[3.77822302,48.47346394],[3.77822475,48.47346873]]]]},"geometry_name":"the_geom","properties":{"id_parcel":"8123149","code_cultu":"PTC","code_group":"25","culture_d1":"","culture_d2":"","surf_parc":13.08}},{"type":"Feature","id":"parcelles_graphiques.7923875","geometry":{"type":"MultiPolygon","coordinates":[[[[3.76599251,48.51281616],[3.76586328,48.5125487],[3.76540477,48.51261641],[3.76457813,48.51290236],[3.76390584,48.51327058],[3.76364701,48.5127079],[3.76332227,48.51271923],[3.76277473,48.51272892],[3.76253362,48.51274589],[3.76256026,48.51291016],[3.76259016,48.51283953],[3.76264013,48.51279021],[3.76273642,48.51275591],[3.76313418,48.51274622],[3.76335249,48.51275706],[3.76350355,48.51279181],[3.76359812,48.51285041],[3.76369184,48.51295699],[3.76376267,48.51307289],[3.76379949,48.51317472],[3.76385861,48.51333154],[3.76394405,48.51329118],[3.76419421,48.5131681],[3.76441043,48.51303504],[3.76464076,48.5129223],[3.76499821,48.5127822],[3.76518607,48.51270648],[3.76540327,48.51264078],[3.76565454,48.51259424],[3.76575732,48.5125844],[3.76588705,48.51263051],[3.76592032,48.51269971],[3.76592516,48.51282115],[3.76581081,48.51298622],[3.76568642,48.51309419],[3.7655983,48.51314519],[3.76561801,48.51314],[3.76577578,48.5130937],[3.76578303,48.51309197],[3.76599134,48.51281771],[3.76599201,48.51281682],[3.76599249,48.5128162],[3.76599251,48.51281616]]]]},"geometry_name":"the_geom","properties":{"id_parcel":"8131484","code_cultu":"SNE","code_group":"28","culture_d1":"","culture_d2":"","surf_parc":0.15}},{"type":"Feature","id":"parcelles_graphiques.7984350","geometry":{"type":"MultiPolygon","coordinates":[[[[3.76092383,48.53174471],[3.76038885,48.531908],[3.76027016,48.53199078],[3.76017857,48.53210085],[3.75991419,48.53277585],[3.76002756,48.53280845],[3.7606858,48.53297353],[3.76136813,48.53306913],[3.76158717,48.53309838],[3.76178178,48.53311864],[3.7618133,48.53312192],[3.76203845,48.53307882],[3.76250695,48.53303688],[3.76248358,48.53295401],[3.76201281,48.53128493],[3.76199675,48.53126644],[3.76186365,48.53140754],[3.76162741,48.53155068],[3.76128372,48.53169867],[3.7610156,48.53174412],[3.76092383,48.53174471]]]]},"geometry_name":"the_geom","properties":{"id_parcel":"8185912","code_cultu":"MIE","code_group":"2","culture_d1":"","culture_d2":"","surf_parc":2.42}},{"type":"Feature","id":"parcelles_graphiques.8071594","geometry":{"type":"MultiPolygon","coordinates":[[[[3.74700858,48.50451679],[3.74713036,48.50488563],[3.74722328,48.50487077],[3.74728921,48.50509886],[3.74714649,48.50511735],[3.74712778,48.50511967],[3.74722594,48.50542518],[3.74821018,48.50525254],[3.74828376,48.50538894],[3.74924683,48.50522935],[3.74907221,48.5047901],[3.74949752,48.50472434],[3.74964883,48.50516135],[3.75006876,48.50509444],[3.74958871,48.50371096],[3.74957042,48.50366394],[3.74953443,48.50363555],[3.74949854,48.50361878],[3.74942322,48.50360659],[3.74929851,48.50360458],[3.74759098,48.50382128],[3.74716496,48.50417872],[3.74728678,48.50423658],[3.74736173,48.50446938],[3.74700572,48.50450824],[3.74700858,48.50451679]]]]},"geometry_name":"the_geom","properties":{"id_parcel":"8264431","code_cultu":"BTH","code_group":"1","culture_d1":"","culture_d2":"","surf_parc":3.2}},{"type":"Feature","id":"parcelles_graphiques.8078416","geometry":{"type":"MultiPolygon","coordinates":[[[[3.81055995,48.47654476],[3.82293064,48.47045705],[3.82329734,48.47027211],[3.82365867,48.47008721],[3.8237895,48.47021276],[3.82394783,48.47013626],[3.82380449,48.47000867],[3.82359763,48.46981637],[3.82339901,48.46962878],[3.82318895,48.4694388],[3.82318714,48.46943965],[3.82318699,48.46943952],[3.82318918,48.46943848],[3.82318918,48.46943848],[3.82319005,48.46943807],[3.82310049,48.4693616],[3.82297922,48.46924898],[3.8227087,48.46900329],[3.82243734,48.46875162],[3.81016094,48.47487259],[3.81018658,48.4749645],[3.81018659,48.47496452],[3.81018659,48.47496453],[3.8101866,48.47496456],[3.81018661,48.47496459],[3.81033926,48.47552191],[3.81034099,48.47552109],[3.81050212,48.47626858],[3.81055971,48.47654363],[3.81055995,48.47654476]]]]},"geometry_name":"the_geom","properties":{"id_parcel":"8270571","code_cultu":"BTH","code_group":"1","culture_d1":"","culture_d2":"","surf_parc":20.05}},{"type":"Feature","id":"parcelles_graphiques.8103078","geometry":{"type":"MultiPolygon","coordinates":[[[[3.76212179,48.47350357],[3.76217142,48.47364499],[3.76233737,48.47411789],[3.76310073,48.4737844],[3.76344712,48.47362518],[3.76333739,48.4733119],[3.76328398,48.47315941],[3.7617383,48.46874609],[3.76163131,48.46843214],[3.76100857,48.46666227],[3.75979088,48.46686049],[3.76212179,48.47350357]]]]},"geometry_name":"the_geom","properties":{"id_parcel":"8292768","code_cultu":"BTH","code_group":"1","culture_d1":"","culture_d2":"","surf_parc":7.51}},{"type":"Feature","id":"parcelles_graphiques.8116827","geometry":{"type":"MultiPolygon","coordinates":[[[[3.83769092,48.49870816],[3.8377111,48.49870479],[3.83771114,48.49870483],[3.83875635,48.49855662],[3.83875609,48.49855628],[3.83877637,48.49855309],[3.83843208,48.49809074],[3.83838962,48.49800854],[3.8389293,48.49792149],[3.83276191,48.48970233],[3.83276165,48.48970252],[3.83274492,48.48970991],[3.83274435,48.48970916],[3.83139073,48.49038189],[3.83139145,48.49038283],[3.83139107,48.49038277],[3.83137457,48.49039054],[3.83769092,48.49870816]]]]},"geometry_name":"the_geom","properties":{"id_parcel":"8305140","code_cultu":"PTC","code_group":"25","culture_d1":"","culture_d2":"","surf_parc":12.83}},{"type":"Feature","id":"parcelles_graphiques.8124831","geometry":{"type":"MultiPolygon","coordinates":[[[[3.79534711,48.50606264],[3.79540389,48.50659813],[3.79540851,48.50659772],[3.79568022,48.50657366],[3.79593062,48.50882373],[3.79604843,48.50992553],[3.7973676,48.50983576],[3.79936155,48.50970759],[3.79943581,48.50970233],[3.79947204,48.5096997],[3.79948626,48.50969276],[3.7994892,48.50967965],[3.79934985,48.50843987],[3.79914727,48.50584077],[3.79912535,48.50581236],[3.79910011,48.50580182],[3.79906589,48.50578896],[3.79900047,48.50579319],[3.79541269,48.50605745],[3.79535597,48.50606194],[3.79534711,48.50606264]]]]},"geometry_name":"the_geom","properties":{"id_parcel":"8312344","code_cultu":"BTH","code_group":"1","culture_d1":"","culture_d2":"","surf_parc":11.29}},{"type":"Feature","id":"parcelles_graphiques.8125232","geometry":{"type":"MultiPolygon","coordinates":[[[[3.79437213,48.50179145],[3.79429081,48.50179774],[3.79420855,48.50180535],[3.79412326,48.50181135],[3.79400827,48.5018207],[3.79221837,48.50195336],[3.79214796,48.50195884],[3.79205277,48.50196629],[3.79200624,48.50196773],[3.79201252,48.5020989],[3.79451545,48.50190689],[3.79437972,48.50179089],[3.79437213,48.50179145]]]]},"geometry_name":"the_geom","properties":{"id_parcel":"8312705","code_cultu":"CHV","code_group":"9","culture_d1":"","culture_d2":"","surf_parc":0.25}},{"type":"Feature","id":"parcelles_graphiques.8130991","geometry":{"type":"MultiPolygon","coordinates":[[[[3.7382481,48.49025368],[3.73824812,48.49025369],[3.74015192,48.49050881],[3.74752386,48.49154926],[3.75236322,48.49223019],[3.75236323,48.49223019],[3.75260405,48.49221099],[3.75260406,48.49221098],[3.75268273,48.49215677],[3.75268274,48.49215677],[3.7527165,48.49196222],[3.75271721,48.49195814],[3.75271791,48.49195409],[3.75271855,48.49195043],[3.75271923,48.49194651],[3.7527232,48.49192361],[3.75272709,48.49147016],[3.75275766,48.49147314],[3.75282289,48.49090264],[3.75285321,48.49070046],[3.73848457,48.48871209],[3.73845549,48.48871101],[3.73834413,48.4894496],[3.73837488,48.48945247],[3.73831143,48.48977896],[3.73828853,48.48995068],[3.73828853,48.48995068],[3.7382481,48.49025368]]]]},"geometry_name":"the_geom","properties":{"id_parcel":"831789","code_cultu":"ORP","code_group":"3","culture_d1":"","culture_d2":"","surf_parc":18.7}},{"type":"Feature","id":"parcelles_graphiques.8143808","geometry":{"type":"MultiPolygon","coordinates":[[[[3.82981142,48.4833632],[3.82980629,48.48336574],[3.82982054,48.48338094],[3.82039561,48.4880376],[3.8203935,48.48803471],[3.82038087,48.48804097],[3.82087098,48.48868322],[3.83050374,48.48406638],[3.82981142,48.4833632]]]]},"geometry_name":"the_geom","properties":{"id_parcel":"8329424","code_cultu":"CHV","code_group":"9","culture_d1":"","culture_d2":"","surf_parc":7.42}},{"type":"Feature","id":"parcelles_graphiques.8181501","geometry":{"type":"MultiPolygon","coordinates":[[[[3.75496911,48.53354338],[3.75459285,48.53366045],[3.75457075,48.53370928],[3.75433775,48.53379688],[3.75484447,48.53424374],[3.75468136,48.53432008],[3.75446594,48.53440692],[3.75444999,48.53460079],[3.75461636,48.53530558],[3.75478656,48.53519517],[3.75495203,48.53514651],[3.75503727,48.53499209],[3.75513661,48.53499371],[3.75525366,48.53506162],[3.75548601,48.5349797],[3.75551743,48.53492697],[3.75580223,48.53473712],[3.75606617,48.5345248],[3.75663183,48.53412006],[3.75665322,48.53403988],[3.75663307,48.53396679],[3.75644499,48.53385674],[3.75582526,48.53427235],[3.75533857,48.53378025],[3.75496911,48.53354338]]]]},"geometry_name":"the_geom","properties":{"id_parcel":"8363348","code_cultu":"J6S","code_group":"11","culture_d1":"","culture_d2":"","surf_parc":1.57}},{"type":"Feature","id":"parcelles_graphiques.8198725","geometry":{"type":"MultiPolygon","coordinates":[[[[3.81641165,48.529308],[3.816433,48.52952301],[3.81649123,48.52987249],[3.81669244,48.52998975],[3.81690901,48.530047],[3.81793197,48.53074664],[3.81819401,48.530453],[3.81770693,48.52960637],[3.81807701,48.52943055],[3.81808021,48.52942828],[3.81863577,48.52918137],[3.8182701,48.52882318],[3.81738513,48.52877522],[3.81661278,48.52916416],[3.81641165,48.529308]]]]},"geometry_name":"the_geom","properties":{"id_parcel":"8378850","code_cultu":"MIE","code_group":"2","culture_d1":"","culture_d2":"","surf_parc":1.9}},{"type":"Feature","id":"parcelles_graphiques.8206219","geometry":{"type":"MultiPolygon","coordinates":[[[[3.78656122,48.51579873],[3.78653647,48.51546482],[3.78605903,48.51546183],[3.7860737,48.5155581],[3.78613513,48.51596108],[3.78603711,48.51595299],[3.78563114,48.5159195],[3.78562423,48.51596165],[3.78555594,48.51637839],[3.78622045,48.5161575],[3.78665356,48.51611451],[3.78705401,48.51608997],[3.78730536,48.51600805],[3.78741012,48.51594846],[3.78754218,48.51587334],[3.78710518,48.51591177],[3.78656568,48.51596518],[3.78656468,48.51594765],[3.78656122,48.51579873]]]]},"geometry_name":"the_geom","properties":{"id_parcel":"8385595","code_cultu":"J6S","code_group":"11","culture_d1":"","culture_d2":"","surf_parc":0.51}},{"type":"Feature","id":"parcelles_graphiques.8215723","geometry":{"type":"MultiPolygon","coordinates":[[[[3.74990929,48.51074217],[3.74958122,48.5096151],[3.74929905,48.50966907],[3.74964481,48.51082863],[3.74990929,48.51074217]]]]},"geometry_name":"the_geom","properties":{"id_parcel":"8394148","code_cultu":"BTH","code_group":"1","culture_d1":"","culture_d2":"","surf_parc":0.28}},{"type":"Feature","id":"parcelles_graphiques.8218833","geometry":{"type":"MultiPolygon","coordinates":[[[[3.79234959,48.49294372],[3.79219724,48.49225567],[3.78280245,48.49427064],[3.78294639,48.49497983],[3.78307788,48.49562769],[3.78966484,48.4942754],[3.79251334,48.49368322],[3.79234959,48.49294372]]]]},"geometry_name":"the_geom","properties":{"id_parcel":"8396948","code_cultu":"BTH","code_group":"1","culture_d1":"","culture_d2":"","surf_parc":11.27}},{"type":"Feature","id":"parcelles_graphiques.8248817","geometry":{"type":"MultiPolygon","coordinates":[[[[3.77022241,48.47130266],[3.76871813,48.47221364],[3.76831756,48.47243316],[3.76783427,48.4726767],[3.76873383,48.47493814],[3.76959866,48.47717442],[3.77050703,48.47709871],[3.77077175,48.47781585],[3.77441432,48.47762018],[3.77290103,48.47380365],[3.77132685,48.47411262],[3.77022241,48.47130266]]]]},"geometry_name":"the_geom","properties":{"id_parcel":"8423932","code_cultu":"BTN","code_group":"24","culture_d1":"","culture_d2":"","surf_parc":18.53}},{"type":"Feature","id":"parcelles_graphiques.8273193","geometry":{"type":"MultiPolygon","coordinates":[[[[3.81276827,48.50307842],[3.81504012,48.51050866],[3.81507667,48.51050135],[3.81513001,48.51049068],[3.81518889,48.51047891],[3.81606651,48.51030243],[3.8169562,48.5101535],[3.81586158,48.50649181],[3.81477444,48.50291812],[3.81276827,48.50307842]]]]},"geometry_name":"the_geom","properties":{"id_parcel":"8445871","code_cultu":"BTH","code_group":"1","culture_d1":"","culture_d2":"","surf_parc":12.3}},{"type":"Feature","id":"parcelles_graphiques.8286764","geometry":{"type":"MultiPolygon","coordinates":[[[[3.81242912,48.52661922],[3.81276303,48.5270119],[3.8134102,48.52672737],[3.81300936,48.52627463],[3.81242912,48.52661922]]]]},"geometry_name":"the_geom","properties":{"id_parcel":"8458085","code_cultu":"J6P","code_group":"11","culture_d1":"","culture_d2":"","surf_parc":0.31}},{"type":"Feature","id":"parcelles_graphiques.8324740","geometry":{"type":"MultiPolygon","coordinates":[[[[3.83747507,48.50602274],[3.83732289,48.50606604],[3.83703727,48.50612518],[3.8366836,48.5061848],[3.83638364,48.50624403],[3.83578412,48.50638631],[3.83559474,48.50641621],[3.83523333,48.50644017],[3.83484334,48.50646909],[3.83399599,48.50657026],[3.83365215,48.50657267],[3.8332795,48.50656576],[3.83301143,48.50660334],[3.83274375,48.50666473],[3.83192426,48.50694182],[3.83128644,48.50715575],[3.83047059,48.50743757],[3.83020026,48.50755847],[3.82989075,48.50769393],[3.8295035,48.50789658],[3.8290437,48.50811526],[3.82905737,48.50814592],[3.82930242,48.50804243],[3.82960134,48.50789455],[3.82991114,48.50773244],[3.83023267,48.5075869],[3.83052018,48.50746492],[3.83106172,48.5072788],[3.83166602,48.50707463],[3.83255141,48.50677375],[3.83276672,48.5067075],[3.83297148,48.50665346],[3.83327272,48.50660731],[3.83344766,48.50661561],[3.83374004,48.50662117],[3.83409804,48.50660723],[3.83442695,48.50656684],[3.83481732,48.50651697],[3.83506908,48.50649044],[3.83534679,48.50647421],[3.83558435,48.5064554],[3.8357731,48.50643122],[3.83612238,48.50634284],[3.83649603,48.50625523],[3.8368783,48.5061916],[3.83715555,48.50614681],[3.83750172,48.50606582],[3.83747507,48.50602274]]]]},"geometry_name":"the_geom","properties":{"id_parcel":"8492263","code_cultu":"BTA","code_group":"28","culture_d1":"","culture_d2":"","surf_parc":0.3}},{"type":"Feature","id":"parcelles_graphiques.8362182","geometry":{"type":"MultiPolygon","coordinates":[[[[3.75627698,48.49464757],[3.75719421,48.49558452],[3.75841994,48.49515301],[3.75841384,48.4951542],[3.75771558,48.49439459],[3.75637326,48.49463014],[3.75412894,48.49226851],[3.75400215,48.49226765],[3.75538026,48.49371801],[3.75627698,48.49464757]]]]},"geometry_name":"the_geom","properties":{"id_parcel":"8525961","code_cultu":"PTR","code_group":"19","culture_d1":"","culture_d2":"","surf_parc":1.39}},{"type":"Feature","id":"parcelles_graphiques.8401193","geometry":{"type":"MultiPolygon","coordinates":[[[[3.78991596,48.49798836],[3.79004624,48.49879204],[3.79122364,48.49872945],[3.79102173,48.49792745],[3.78991596,48.49798836]]]]},"geometry_name":"the_geom","properties":{"id_parcel":"8561070","code_cultu":"J6S","code_group":"11","culture_d1":"","culture_d2":"","surf_parc":0.76}},{"type":"Feature","id":"parcelles_graphiques.8441807","geometry":{"type":"MultiPolygon","coordinates":[[[[3.77872584,48.49938148],[3.77872724,48.49938128],[3.77872853,48.49938403],[3.77891412,48.49978094],[3.77899205,48.49982487],[3.77926083,48.49994588],[3.77941701,48.49994746],[3.77918446,48.49932602],[3.77969507,48.49923842],[3.77967898,48.4991603],[3.77953202,48.49861707],[3.779349,48.49781796],[3.77584308,48.49799152],[3.7761507,48.49863884],[3.77651194,48.49857104],[3.77690431,48.49943519],[3.77694868,48.49949342],[3.77700492,48.49948771],[3.77700913,48.4994853],[3.77794538,48.49933036],[3.77796682,48.49932972],[3.77798694,48.49933467],[3.77819819,48.49942147],[3.77871179,48.49934669],[3.77872608,48.49938068],[3.77872584,48.49938148]]]]},"geometry_name":"the_geom","properties":{"id_parcel":"8597624","code_cultu":"ORH","code_group":"3","culture_d1":"","culture_d2":"","surf_parc":4.05}},{"type":"Feature","id":"parcelles_graphiques.8454263","geometry":{"type":"MultiPolygon","coordinates":[[[[3.80172553,48.52200451],[3.79948732,48.52242111],[3.79935161,48.52245058],[3.79923325,48.52244305],[3.7991629,48.52241138],[3.79910137,48.52237133],[3.79904766,48.52225625],[3.79902347,48.52207909],[3.79899407,48.52203726],[3.79899684,48.52207073],[3.79899968,48.52210506],[3.79901629,48.5222549],[3.79905042,48.52237845],[3.79909085,48.52244482],[3.79913786,48.52247307],[3.79917756,48.52249184],[3.79926373,48.52250317],[3.80174329,48.52203422],[3.80172726,48.5220074],[3.80172553,48.52200451]]]]},"geometry_name":"the_geom","properties":{"id_parcel":"8608834","code_cultu":"SNE","code_group":"28","culture_d1":"","culture_d2":"","surf_parc":0.09}},{"type":"Feature","id":"parcelles_graphiques.8455742","geometry":{"type":"MultiPolygon","coordinates":[[[[3.81492216,48.51545632],[3.81413348,48.5157605],[3.81405206,48.51582414],[3.81408516,48.51587866],[3.81449451,48.51628407],[3.81450915,48.51641964],[3.81366051,48.51668133],[3.81341148,48.51679491],[3.81324762,48.51694479],[3.81327237,48.51697185],[3.81343569,48.5168178],[3.81367765,48.51669932],[3.81391458,48.51662695],[3.81455751,48.51643057],[3.81454944,48.51626531],[3.81411302,48.51580914],[3.81493662,48.51547456],[3.81492216,48.51545632]]]]},"geometry_name":"the_geom","properties":{"id_parcel":"8610164","code_cultu":"SNE","code_group":"28","culture_d1":"","culture_d2":"","surf_parc":0.09}},{"type":"Feature","id":"parcelles_graphiques.8514407","geometry":{"type":"MultiPolygon","coordinates":[[[[3.7895361,48.50911],[3.78958474,48.509745],[3.79016339,48.50972445],[3.79010362,48.50910371],[3.7895361,48.50911]]]]},"geometry_name":"the_geom","properties":{"id_parcel":"8662964","code_cultu":"PPH","code_group":"18","culture_d1":"","culture_d2":"","surf_parc":0.3}},{"type":"Feature","id":"parcelles_graphiques.8525928","geometry":{"type":"MultiPolygon","coordinates":[[[[3.77379161,48.53108239],[3.77379586,48.53112429],[3.77379657,48.53112839],[3.77385955,48.53138921],[3.77385956,48.53138926],[3.77391679,48.53162453],[3.77391703,48.53162547],[3.77394164,48.53171457],[3.77394236,48.53171683],[3.77396262,48.53177358],[3.77398871,48.53186161],[3.77406959,48.53214875],[3.7740963,48.53228942],[3.77410327,48.53235537],[3.77410797,48.53239982],[3.77406431,48.53241883],[3.77393085,48.53241715],[3.77366883,48.53240584],[3.77366697,48.53240578],[3.77340167,48.53239918],[3.77337025,48.53240344],[3.77325966,48.53243808],[3.77323826,48.53244863],[3.77322465,48.53246386],[3.77322094,48.53248139],[3.77322524,48.53253016],[3.77322607,48.53253503],[3.77323762,48.53258037],[3.77299782,48.53260257],[3.77279661,48.5326169],[3.77278883,48.53261776],[3.77264043,48.53264014],[3.77261307,48.53264891],[3.77259424,48.53266474],[3.77258771,48.53268445],[3.77258936,48.53279631],[3.77259014,48.53280266],[3.77260265,48.53285703],[3.77253811,48.53285543],[3.77239453,48.53283474],[3.77221149,48.53277267],[3.77203759,48.53268465],[3.7720331,48.53268256],[3.77192851,48.53263801],[3.77192203,48.53263557],[3.77180859,48.53259823],[3.77180754,48.53259789],[3.77174093,48.5325769],[3.77172534,48.53257345],[3.77164096,48.5325621],[3.77161257,48.53256231],[3.7715339,48.53257413],[3.77152634,48.53257558],[3.77130463,48.53262744],[3.77120062,48.532644],[3.77112178,48.53265384],[3.77110789,48.53265663],[3.77101688,48.53268221],[3.77101599,48.53268246],[3.77096052,48.53269868],[3.77086111,48.5327114],[3.77078331,48.53271239],[3.7706945,48.53268977],[3.77057889,48.53265641],[3.77057776,48.53265609],[3.77044642,48.53262005],[3.77043235,48.53261732],[3.770269,48.53259815],[3.77025222,48.53259759],[3.77011255,48.53260444],[3.77010588,48.53260499],[3.76994932,48.53262317],[3.76980182,48.5326219],[3.76957296,48.53260237],[3.76950014,48.53259538],[3.7694314,48.53259535],[3.76944178,48.53263523],[3.7695638,48.53264693],[3.76979704,48.53266684],[3.76995476,48.5326682],[3.77011754,48.5326493],[3.77025721,48.53264244],[3.77042056,48.53266162],[3.7705519,48.53269766],[3.77066887,48.53273141],[3.7707714,48.53275753],[3.77086822,48.53275629],[3.77098083,48.53274189],[3.77104327,48.53272363],[3.77113429,48.53269805],[3.77121478,48.532688],[3.77132383,48.53267064],[3.77154884,48.532618],[3.77162751,48.53260618],[3.7717119,48.53261754],[3.77177851,48.53263853],[3.77189195,48.53267587],[3.77199654,48.53272042],[3.77217527,48.5328109],[3.77237157,48.53287746],[3.7725296,48.53290023],[3.77268197,48.532904],[3.77265708,48.53279587],[3.77265543,48.53268401],[3.77280383,48.53266162],[3.77300611,48.53264721],[3.77331032,48.53261905],[3.77330616,48.5325798],[3.77329285,48.53252753],[3.77328854,48.53247876],[3.77339913,48.53244412],[3.77366444,48.53245073],[3.77392802,48.5324621],[3.77408394,48.53246406],[3.77417831,48.53242299],[3.77417079,48.5323518],[3.77416373,48.53228503],[3.77413653,48.53214179],[3.77405521,48.53185313],[3.77402881,48.53176404],[3.77400825,48.53170645],[3.77398364,48.53161735],[3.77392641,48.53138208],[3.77386343,48.53112126],[3.77385914,48.53107906],[3.77381785,48.53067265],[3.77365612,48.53030798],[3.77332771,48.5303958],[3.77310452,48.53044962],[3.77312484,48.53073393],[3.77318016,48.53083949],[3.77332142,48.53094092],[3.77335342,48.53104544],[3.77324279,48.5310771],[3.77313697,48.53108225],[3.77299073,48.53109024],[3.77289695,48.53107697],[3.77284241,48.53102377],[3.7727858,48.53083015],[3.7727331,48.53063989],[3.7726098,48.53055995],[3.7718147,48.53036443],[3.77131178,48.53028623],[3.7709278,48.53023168],[3.7705491,48.53019011],[3.77043207,48.53015159],[3.77032993,48.53002967],[3.77016035,48.52995103],[3.76997878,48.52991055],[3.769874,48.52985292],[3.76973247,48.52973244],[3.76961765,48.52972247],[3.76950914,48.52977673],[3.76949455,48.52988156],[3.76949595,48.530055],[3.76954526,48.53028468],[3.76957733,48.53039396],[3.76960592,48.53051041],[3.76925348,48.53054839],[3.76891007,48.53059108],[3.76891845,48.53062332],[3.76898817,48.53062713],[3.76926513,48.5305927],[3.76961676,48.5305548],[3.76964153,48.53054866],[3.76966087,48.53053669],[3.76967183,48.53052071],[3.76967275,48.53050317],[3.76964417,48.53038672],[3.7696438,48.53038535],[3.76961206,48.53027719],[3.76956364,48.53005169],[3.76956229,48.52988351],[3.76957381,48.52980069],[3.76963629,48.52976945],[3.76969616,48.52977465],[3.76982061,48.52988059],[3.76983081,48.52988756],[3.76993558,48.52994519],[3.76995723,48.52995319],[3.77012956,48.52999161],[3.77027835,48.53006061],[3.77037289,48.53017346],[3.77038534,48.53018414],[3.770402,48.53019189],[3.77051904,48.53023041],[3.77053806,48.53023448],[3.77091518,48.53027589],[3.77129698,48.53033013],[3.77179514,48.53040758],[3.7725728,48.53059881],[3.7726704,48.53066209],[3.7727192,48.53083829],[3.77271933,48.53083872],[3.77277594,48.53103235],[3.77278644,48.53104909],[3.77284098,48.53110229],[3.7728592,48.53111431],[3.77288285,48.53112096],[3.77297662,48.53113423],[3.77299628,48.53113506],[3.77314222,48.53112709],[3.77324773,48.53112196],[3.77326959,48.53111841],[3.77338022,48.53108675],[3.77340482,48.53107473],[3.77341896,48.53105675],[3.77341978,48.53103648],[3.77338778,48.53093195],[3.77337113,48.53091038],[3.77323947,48.53081584],[3.77319202,48.53072529],[3.77317453,48.53048059],[3.77335082,48.53043808],[3.77335301,48.53043753],[3.77361223,48.5303682],[3.77375078,48.53068061],[3.77379161,48.53108239]]]]},"geometry_name":"the_geom","properties":{"id_parcel":"8673332","code_cultu":"BFP","code_group":"28","culture_d1":"","culture_d2":"","surf_parc":0.62}},{"type":"Feature","id":"parcelles_graphiques.8588962","geometry":{"type":"MultiPolygon","coordinates":[[[[3.81192635,48.5124362],[3.81195302,48.51262149],[3.81185286,48.51263285],[3.81191044,48.5128072],[3.81208532,48.51317797],[3.81239304,48.51320605],[3.81276486,48.51319422],[3.81309075,48.51315203],[3.81374285,48.51296361],[3.81366413,48.51259163],[3.81350179,48.51239233],[3.8134186,48.51212983],[3.81248723,48.51218116],[3.81248905,48.51219541],[3.81248903,48.51219542],[3.81204251,48.51222049],[3.81196719,48.51227217],[3.81193958,48.5123396],[3.81193957,48.5123396],[3.811929,48.51235704],[3.81192636,48.5124362],[3.81192635,48.51243621],[3.81192635,48.5124362]]]]},"geometry_name":"the_geom","properties":{"id_parcel":"8730062","code_cultu":"PPH","code_group":"18","culture_d1":"","culture_d2":"","surf_parc":1.33}},{"type":"Feature","id":"parcelles_graphiques.8636175","geometry":{"type":"MultiPolygon","coordinates":[[[[3.77707712,48.52886834],[3.77728888,48.52924886],[3.7783744,48.52937486],[3.7787219,48.52876747],[3.77879937,48.52863192],[3.77888409,48.52848379],[3.77911456,48.52846237],[3.78014405,48.5290115],[3.78068339,48.52913173],[3.78107173,48.52921963],[3.78128594,48.52916585],[3.7811021,48.52885287],[3.78052943,48.52841867],[3.78046664,48.52805252],[3.78066972,48.52773224],[3.78076243,48.52737304],[3.78121338,48.52718121],[3.78146498,48.52723192],[3.78158049,48.52728829],[3.7819156,48.52813345],[3.78236177,48.52825429],[3.78246146,48.52821079],[3.7825703,48.52781971],[3.78258697,48.52749589],[3.78282721,48.5272658],[3.78328515,48.52721518],[3.78446554,48.5270932],[3.78488045,48.527019],[3.78522704,48.52671204],[3.78634043,48.52592396],[3.78687218,48.52553961],[3.78711363,48.52491438],[3.78727595,48.52458635],[3.78667113,48.52445144],[3.78620832,48.52428247],[3.78496,48.5237147],[3.78445151,48.52368776],[3.78396479,48.52363377],[3.78357537,48.52361434],[3.78350753,48.52339105],[3.78177475,48.52361142],[3.78148408,48.52370428],[3.78123512,48.52382969],[3.78111053,48.52412566],[3.78116942,48.52423],[3.7812994,48.52429579],[3.78195142,48.52428674],[3.78247667,48.5244261],[3.78307769,48.52484107],[3.78342735,48.5252196],[3.7833829,48.52585621],[3.78271883,48.52628551],[3.78195926,48.52649888],[3.78106109,48.52649253],[3.77999173,48.52647992],[3.77960524,48.52651578],[3.77927718,48.52648789],[3.77869148,48.52639776],[3.77758695,48.52621957],[3.77718039,48.52635076],[3.77663134,48.52654001],[3.77632791,48.52686094],[3.77682697,48.52716711],[3.77690996,48.52744744],[3.77687828,48.52772851],[3.77688216,48.52799031],[3.77686391,48.52820941],[3.77678855,48.52858449],[3.77707712,48.52886834]]]]},"geometry_name":"the_geom","properties":{"id_parcel":"8772555","code_cultu":"PPH","code_group":"18","culture_d1":"","culture_d2":"","surf_parc":20.61}},{"type":"Feature","id":"parcelles_graphiques.8686713","geometry":{"type":"MultiPolygon","coordinates":[[[[3.7879634,48.52807525],[3.78798363,48.52873649],[3.78796003,48.52945292],[3.78805157,48.52944603],[3.78834147,48.52941725],[3.78885743,48.52941144],[3.78895077,48.52942273],[3.78909812,48.52945031],[3.78916036,48.52920218],[3.78933182,48.52892731],[3.78950393,48.52869528],[3.78994524,48.52864199],[3.79032434,48.52852395],[3.79076107,48.5283698],[3.7906698,48.52829925],[3.79041686,48.5281605],[3.79019233,48.5280049],[3.79008763,48.52795323],[3.78986529,48.5279428],[3.78959325,48.52796365],[3.78911076,48.52804898],[3.78853861,48.52813013],[3.78813148,48.52810427],[3.7879634,48.52807525]]]]},"geometry_name":"the_geom","properties":{"id_parcel":"8818039","code_cultu":"PTR","code_group":"19","culture_d1":"","culture_d2":"","surf_parc":2.07}},{"type":"Feature","id":"parcelles_graphiques.8703196","geometry":{"type":"MultiPolygon","coordinates":[[[[3.80002046,48.51224458],[3.80053068,48.5121945],[3.80061805,48.5124617],[3.80011471,48.51251172],[3.80013047,48.51255637],[3.80101041,48.51246713],[3.8009856,48.51236732],[3.80096661,48.51229723],[3.80101844,48.51228974],[3.80164046,48.51220224],[3.80120239,48.5106116],[3.79971988,48.51076797],[3.79983398,48.51155508],[3.79987893,48.51180113],[3.79991304,48.51192349],[3.80002046,48.51224458]]]]},"geometry_name":"the_geom","properties":{"id_parcel":"8832874","code_cultu":"DTY","code_group":"16","culture_d1":"","culture_d2":"","surf_parc":2.14}},{"type":"Feature","id":"parcelles_graphiques.8711859","geometry":{"type":"MultiPolygon","coordinates":[[[[3.76696747,48.4828545],[3.7657457,48.48302194],[3.76662286,48.48622919],[3.76736306,48.48891225],[3.7676401,48.48991538],[3.76767938,48.48994483],[3.76897478,48.48986991],[3.76956802,48.48983559],[3.76768207,48.48275656],[3.76696747,48.4828545]]]]},"geometry_name":"the_geom","properties":{"id_parcel":"8840670","code_cultu":"CZH","code_group":"5","culture_d1":"","culture_d2":"","surf_parc":11.39}},{"type":"Feature","id":"parcelles_graphiques.8734041","geometry":{"type":"MultiPolygon","coordinates":[[[[3.83152863,48.51679158],[3.83227393,48.51764228],[3.8334109,48.51716952],[3.83321678,48.51699277],[3.83309034,48.51685941],[3.83283032,48.5167638],[3.83227493,48.51669871],[3.83152863,48.51679158]]]]},"geometry_name":"the_geom","properties":{"id_parcel":"8860634","code_cultu":"J6S","code_group":"11","culture_d1":"","culture_d2":"","surf_parc":0.83}},{"type":"Feature","id":"parcelles_graphiques.8736222","geometry":{"type":"MultiPolygon","coordinates":[[[[3.76858567,48.50629643],[3.76910626,48.50625498],[3.7690825,48.50610041],[3.7697885,48.50603187],[3.76941113,48.5048778],[3.76833332,48.50539177],[3.76833675,48.50556432],[3.76838762,48.50567743],[3.76858567,48.50629643]]]]},"geometry_name":"the_geom","properties":{"id_parcel":"8862598","code_cultu":"ORP","code_group":"3","culture_d1":"","culture_d2":"","surf_parc":1.07}},{"type":"Feature","id":"parcelles_graphiques.8755122","geometry":{"type":"MultiPolygon","coordinates":[[[[3.82842084,48.49183258],[3.82801994,48.49203372],[3.827936,48.49207535],[3.83322942,48.49914425],[3.83353242,48.49913012],[3.83374863,48.49911514],[3.83392909,48.49910353],[3.83421938,48.49908602],[3.83432881,48.49907837],[3.82869692,48.49169704],[3.82842084,48.49183258]]]]},"geometry_name":"the_geom","properties":{"id_parcel":"8879608","code_cultu":"ORP","code_group":"3","culture_d1":"","culture_d2":"","surf_parc":6.52}},{"type":"Feature","id":"parcelles_graphiques.8760016","geometry":{"type":"MultiPolygon","coordinates":[[[[3.77956903,48.50682011],[3.77956082,48.50677633],[3.77920122,48.50692388],[3.77888109,48.50707594],[3.77874194,48.5071798],[3.77861889,48.50727046],[3.7784421,48.50742633],[3.77834184,48.50754952],[3.77830432,48.50762078],[3.77829957,48.50763543],[3.77827869,48.50769989],[3.77826691,48.50780791],[3.77826823,48.50781419],[3.77826916,48.50781864],[3.77829288,48.50793187],[3.77829729,48.50794293],[3.77835892,48.50809746],[3.77843195,48.50827173],[3.77844629,48.50831231],[3.77852243,48.50849449],[3.77861715,48.50872179],[3.7786985,48.50895333],[3.77877253,48.50923491],[3.77882175,48.5092322],[3.77919299,48.50920418],[3.77940943,48.50918491],[3.77957582,48.50917251],[3.7797181,48.50916444],[3.77976463,48.50916175],[3.77982191,48.50915959],[3.77983981,48.50915828],[3.77985593,48.50915877],[3.77983934,48.5089797],[3.77983059,48.50890359],[3.77981989,48.50881588],[3.77979911,48.50865357],[3.77978579,48.50854029],[3.77977107,48.50842376],[3.77975681,48.50830781],[3.77974253,48.50819068],[3.77972785,48.50807682],[3.77971302,48.50795254],[3.77968399,48.5077162],[3.77966975,48.50760204],[3.77965357,48.50747718],[3.77962263,48.5072334],[3.77959694,48.50701095],[3.77957885,48.50687836],[3.77956903,48.50682011]]]]},"geometry_name":"the_geom","properties":{"id_parcel":"8884011","code_cultu":"ORP","code_group":"3","culture_d1":"","culture_d2":"","surf_parc":2.23}},{"type":"Feature","id":"parcelles_graphiques.8784085","geometry":{"type":"MultiPolygon","coordinates":[[[[3.81894357,48.53405619],[3.81942258,48.53447058],[3.82043206,48.53535575],[3.82070849,48.53520334],[3.81970077,48.53430909],[3.82086356,48.53381267],[3.8203956,48.53344216],[3.81926214,48.53396525],[3.81915135,48.53403381],[3.81908093,48.53399636],[3.81902904,48.53405592],[3.81896847,48.53404297],[3.81894357,48.53405619]]]]},"geometry_name":"the_geom","properties":{"id_parcel":"8905674","code_cultu":"J6S","code_group":"11","culture_d1":"","culture_d2":"","surf_parc":1}},{"type":"Feature","id":"parcelles_graphiques.8820769","geometry":{"type":"MultiPolygon","coordinates":[[[[3.80123585,48.52118551],[3.79914667,48.52163992],[3.79917721,48.52176349],[3.79914949,48.52182556],[3.79907075,48.52183085],[3.79901342,48.52183124],[3.7989865,48.52194567],[3.79899407,48.52203726],[3.79902347,48.52207909],[3.79904766,48.52225625],[3.79910137,48.52237133],[3.7991629,48.52241138],[3.79923325,48.52244305],[3.79935161,48.52245058],[3.79948732,48.52242111],[3.80172553,48.52200451],[3.80123585,48.52118551]]]]},"geometry_name":"the_geom","properties":{"id_parcel":"8938690","code_cultu":"J6S","code_group":"11","culture_d1":"","culture_d2":"","surf_parc":1.73}},{"type":"Feature","id":"parcelles_graphiques.8828878","geometry":{"type":"MultiPolygon","coordinates":[[[[3.81361631,48.51089135],[3.81303502,48.51100483],[3.81332346,48.5116651],[3.81393971,48.51155119],[3.81361631,48.51089135]]]]},"geometry_name":"the_geom","properties":{"id_parcel":"8945989","code_cultu":"BTH","code_group":"1","culture_d1":"","culture_d2":"","surf_parc":0.35}},{"type":"Feature","id":"parcelles_graphiques.8871551","geometry":{"type":"MultiPolygon","coordinates":[[[[3.80618531,48.47874111],[3.81097583,48.48751985],[3.81109403,48.48749023],[3.81133963,48.48742677],[3.81134911,48.48742432],[3.81157195,48.48736675],[3.81179381,48.48729876],[3.81187088,48.48727515],[3.81158665,48.48677316],[3.8115668,48.4867381],[3.81210884,48.48659396],[3.81241094,48.48714175],[3.81243835,48.48713326],[3.81248739,48.48712013],[3.81261841,48.48708353],[3.81282162,48.48702531],[3.81293939,48.48699262],[3.81314199,48.48693177],[3.81316814,48.48691523],[3.81322819,48.48686186],[3.81310746,48.48663893],[3.81302067,48.48649715],[3.81281653,48.48611904],[3.8126117,48.48575372],[3.81230391,48.48518455],[3.81200182,48.48463676],[3.81168298,48.48404742],[3.81145291,48.48410374],[3.81128523,48.48414297],[3.81122815,48.48415645],[3.81089798,48.48352028],[3.81134194,48.48341063],[3.810865,48.48255221],[3.81029579,48.48151351],[3.80996066,48.48091],[3.809802,48.48060521],[3.80977089,48.48056109],[3.80976395,48.48054656],[3.80975429,48.48052936],[3.80964857,48.48032255],[3.8097249,48.48030279],[3.80876872,48.478565],[3.80874304,48.47856697],[3.80857938,48.47857567],[3.80841923,48.47858678],[3.80826537,48.47859259],[3.80818861,48.47860059],[3.80819938,48.47864313],[3.8081333,48.4786531],[3.80811402,48.47860827],[3.80774696,48.47863896],[3.80730704,48.47866814],[3.80717116,48.47867858],[3.80661332,48.47872284],[3.80659619,48.47872351],[3.80658595,48.47872391],[3.80631993,48.47873435],[3.80618531,48.47874111]]]]},"geometry_name":"the_geom","properties":{"id_parcel":"8984394","code_cultu":"BTN","code_group":"24","culture_d1":"","culture_d2":"","surf_parc":17.86}},{"type":"Feature","id":"parcelles_graphiques.8902362","geometry":{"type":"MultiPolygon","coordinates":[[[[3.76953509,48.51879192],[3.769552,48.51887839],[3.76975402,48.51897229],[3.76984552,48.51934778],[3.76991169,48.5194616],[3.76991238,48.5195092],[3.76963322,48.51953005],[3.76955384,48.51949248],[3.76931015,48.5194893],[3.76898932,48.51960087],[3.76902567,48.51968613],[3.77014495,48.51960822],[3.76993908,48.51876457],[3.76953509,48.51879192]]]]},"geometry_name":"the_geom","properties":{"id_parcel":"9012121","code_cultu":"SNE","code_group":"28","culture_d1":"","culture_d2":"","surf_parc":0.28}},{"type":"Feature","id":"parcelles_graphiques.8912914","geometry":{"type":"MultiPolygon","coordinates":[[[[3.79376328,48.5002435],[3.79384559,48.50023938],[3.79383908,48.50019361],[3.79375946,48.5001983],[3.79375901,48.50019831],[3.79376328,48.5002435]]]]},"geometry_name":"the_geom","properties":{"id_parcel":"9021619","code_cultu":"SNE","code_group":"28","culture_d1":"","culture_d2":"","surf_parc":0}},{"type":"Feature","id":"parcelles_graphiques.8913366","geometry":{"type":"MultiPolygon","coordinates":[[[[3.77337686,48.48879687],[3.77340299,48.48896757],[3.78295315,48.48848842],[3.7829901,48.48834947],[3.77337686,48.48879687]]]]},"geometry_name":"the_geom","properties":{"id_parcel":"9022025","code_cultu":"BTH","code_group":"1","culture_d1":"","culture_d2":"","surf_parc":1.22}},{"type":"Feature","id":"parcelles_graphiques.8927340","geometry":{"type":"MultiPolygon","coordinates":[[[[3.78906478,48.52074132],[3.78914657,48.52093834],[3.78933577,48.52112988],[3.78939446,48.52121994],[3.78937056,48.52129865],[3.78940366,48.52135555],[3.78958754,48.52121621],[3.78984636,48.52104203],[3.78906478,48.52074132]]]]},"geometry_name":"the_geom","properties":{"id_parcel":"9034602","code_cultu":"SNE","code_group":"28","culture_d1":"","culture_d2":"","surf_parc":0.15}},{"type":"Feature","id":"parcelles_graphiques.8947562","geometry":{"type":"MultiPolygon","coordinates":[[[[3.81295605,48.51101319],[3.81256825,48.51107059],[3.81106577,48.51132483],[3.81128281,48.51192318],[3.81132244,48.51205383],[3.81137575,48.51214153],[3.81151201,48.51215012],[3.81184146,48.51214073],[3.81195959,48.51213516],[3.81212251,48.51212929],[3.81209504,48.51197476],[3.81246202,48.51196035],[3.81248664,48.51216251],[3.81331553,48.51213303],[3.81322888,48.5118587],[3.8132443,48.51169793],[3.81295605,48.51101319]]]]},"geometry_name":"the_geom","properties":{"id_parcel":"9052802","code_cultu":"PPH","code_group":"18","culture_d1":"","culture_d2":"","surf_parc":1.56}},{"type":"Feature","id":"parcelles_graphiques.8956488","geometry":{"type":"MultiPolygon","coordinates":[[[[3.75747691,48.49215736],[3.75701528,48.49221178],[3.75657738,48.49226254],[3.75626772,48.49227367],[3.7556411,48.49227885],[3.75700239,48.49364569],[3.75834481,48.49503436],[3.75897432,48.49570995],[3.75897486,48.49570975],[3.7589784,48.49571354],[3.7589784,48.49571353],[3.7602296,48.49705182],[3.76205105,48.49892793],[3.76204907,48.49892813],[3.76210022,48.49897858],[3.76306184,48.49889013],[3.75662506,48.49225783],[3.75747691,48.49215736]]]]},"geometry_name":"the_geom","properties":{"id_parcel":"9060836","code_cultu":"ORH","code_group":"3","culture_d1":"","culture_d2":"","surf_parc":5.52}},{"type":"Feature","id":"parcelles_graphiques.8967861","geometry":{"type":"MultiPolygon","coordinates":[[[[3.80034417,48.48889658],[3.80017304,48.48821059],[3.80018089,48.48821049],[3.79993108,48.48728123],[3.79698985,48.48789608],[3.79405557,48.48850129],[3.79160702,48.48902702],[3.79195667,48.49069954],[3.800362,48.48896115],[3.80034417,48.48889658]]]]},"geometry_name":"the_geom","properties":{"id_parcel":"9071071","code_cultu":"LUD","code_group":"16","culture_d1":"","culture_d2":"","surf_parc":12.11}},{"type":"Feature","id":"parcelles_graphiques.8982378","geometry":{"type":"MultiPolygon","coordinates":[[[[3.75022587,48.50564968],[3.7501736,48.50550124],[3.75019115,48.50547613],[3.75013705,48.50532533],[3.74935246,48.50544096],[3.74950243,48.50582412],[3.75025906,48.50569911],[3.75022587,48.50564968]]]]},"geometry_name":"the_geom","properties":{"id_parcel":"9084137","code_cultu":"J5M","code_group":"11","culture_d1":"","culture_d2":"","surf_parc":0.25}},{"type":"Feature","id":"parcelles_graphiques.9014906","geometry":{"type":"MultiPolygon","coordinates":[[[[3.77624477,48.50443641],[3.77641005,48.50485145],[3.7767632,48.50475107],[3.77658432,48.50430509],[3.77641077,48.50437115],[3.77624477,48.50443641]]]]},"geometry_name":"the_geom","properties":{"id_parcel":"9113411","code_cultu":"SNE","code_group":"28","culture_d1":"","culture_d2":"","surf_parc":0.14}},{"type":"Feature","id":"parcelles_graphiques.9080008","geometry":{"type":"MultiPolygon","coordinates":[[[[3.79010614,48.47478542],[3.78969322,48.47375533],[3.77904845,48.47588982],[3.77928255,48.47670587],[3.77928682,48.47672191],[3.77929204,48.4767424],[3.77929528,48.47675232],[3.77939913,48.47705632],[3.77982034,48.47697262],[3.78028705,48.4768797],[3.78116963,48.47670549],[3.78170681,48.47659662],[3.782285,48.47647737],[3.78338704,48.47625647],[3.78554026,48.47582688],[3.7901545,48.47491018],[3.79010614,48.47478542]]]]},"geometry_name":"the_geom","properties":{"id_parcel":"9172003","code_cultu":"BTN","code_group":"24","culture_d1":"DFV","culture_d2":"DPH","surf_parc":10.91}},{"type":"Feature","id":"parcelles_graphiques.9106543","geometry":{"type":"MultiPolygon","coordinates":[[[[3.77749236,48.51653564],[3.77765389,48.516556],[3.77769021,48.51646888],[3.77769623,48.51639149],[3.77768063,48.5163059],[3.77764471,48.51622884],[3.77755362,48.51607584],[3.77744273,48.51596708],[3.77736862,48.51592234],[3.7772802,48.51587888],[3.7770803,48.51580759],[3.77690037,48.51575402],[3.77670638,48.5157184],[3.77657355,48.51570022],[3.77645877,48.51569145],[3.77637108,48.51569678],[3.77623512,48.51570957],[3.77614943,48.51572917],[3.77608365,48.51576293],[3.77602034,48.51584972],[3.7760345,48.51595248],[3.77606799,48.51603676],[3.77612623,48.51609827],[3.77615889,48.51612662],[3.77621128,48.51615603],[3.7762853,48.51619482],[3.77634695,48.51624559],[3.77641185,48.51633383],[3.77642493,48.51643074],[3.776563,48.51643936],[3.77722675,48.51650286],[3.77749236,48.51653564]]]]},"geometry_name":"the_geom","properties":{"id_parcel":"9195887","code_cultu":"VES","code_group":"16","culture_d1":"","culture_d2":"","surf_parc":0.81}},{"type":"Feature","id":"parcelles_graphiques.9117875","geometry":{"type":"MultiPolygon","coordinates":[[[[3.82586087,48.49309879],[3.82473921,48.49366668],[3.82472291,48.49374614],[3.82887152,48.49920389],[3.82893858,48.49923981],[3.83047836,48.49921872],[3.8272303,48.49488624],[3.82654524,48.49397152],[3.82586087,48.49309879]]]]},"geometry_name":"the_geom","properties":{"id_parcel":"9206084","code_cultu":"LUD","code_group":"16","culture_d1":"","culture_d2":"","surf_parc":7.78}},{"type":"Feature","id":"parcelles_graphiques.9118128","geometry":{"type":"MultiPolygon","coordinates":[[[[3.79215633,48.52225507],[3.79216041,48.52208375],[3.79216369,48.52208222],[3.79216369,48.52208187],[3.79232515,48.52200738],[3.79232538,48.52200727],[3.79248599,48.52193281],[3.79062183,48.52133557],[3.78988686,48.52106911],[3.78988687,48.52106911],[3.78988687,48.52106912],[3.78929439,48.52147958],[3.79065677,48.52189857],[3.79130004,48.52202401],[3.79130004,48.52202401],[3.79166927,48.52215366],[3.79215633,48.52225507]]]]},"geometry_name":"the_geom","properties":{"id_parcel":"9206311","code_cultu":"J6S","code_group":"11","culture_d1":"","culture_d2":"","surf_parc":1.14}},{"type":"Feature","id":"parcelles_graphiques.9133571","geometry":{"type":"MultiPolygon","coordinates":[[[[3.78302568,48.50894549],[3.78375443,48.50889381],[3.78367859,48.50846319],[3.78434945,48.50840937],[3.78431424,48.50773122],[3.78290992,48.50778609],[3.78302534,48.50892316],[3.78302302,48.50892346],[3.78302568,48.50894549]]]]},"geometry_name":"the_geom","properties":{"id_parcel":"922021","code_cultu":"PTR","code_group":"19","culture_d1":"","culture_d2":"","surf_parc":1.06}},{"type":"Feature","id":"parcelles_graphiques.9153282","geometry":{"type":"MultiPolygon","coordinates":[[[[3.82524619,48.50787385],[3.82472013,48.50808127],[3.82441521,48.5082103],[3.82363044,48.50854239],[3.8234381,48.50862378],[3.82466548,48.51141666],[3.82543641,48.51126048],[3.82568931,48.51107911],[3.82597203,48.51084967],[3.82636858,48.51062748],[3.82700885,48.51015473],[3.8274398,48.50980584],[3.82803541,48.5091013],[3.82855803,48.50859255],[3.82897594,48.50823078],[3.82833254,48.50672866],[3.82765943,48.50693786],[3.82661194,48.50733535],[3.82614577,48.50751916],[3.82524619,48.50787385]]]]},"geometry_name":"the_geom","properties":{"id_parcel":"9237951","code_cultu":"BTH","code_group":"1","culture_d1":"","culture_d2":"","surf_parc":11.3}},{"type":"Feature","id":"parcelles_graphiques.9180740","geometry":{"type":"MultiPolygon","coordinates":[[[[3.75711847,48.51267433],[3.75704873,48.51268355],[3.75724684,48.513006],[3.75738108,48.51334817],[3.75729857,48.51357373],[3.757984,48.51403445],[3.75802065,48.51399681],[3.75807666,48.5135888],[3.75807052,48.51337489],[3.75797343,48.51313984],[3.75784591,48.51295006],[3.75772398,48.512798],[3.75763457,48.51269543],[3.75754805,48.51261213],[3.75732644,48.51264687],[3.7571254,48.51267342],[3.75711847,48.51267433]]]]},"geometry_name":"the_geom","properties":{"id_parcel":"9262663","code_cultu":"MIS","code_group":"2","culture_d1":"","culture_d2":"","surf_parc":0.65}},{"type":"Feature","id":"parcelles_graphiques.9194767","geometry":{"type":"MultiPolygon","coordinates":[[[[3.77210633,48.51795276],[3.77206352,48.51784414],[3.77200703,48.51777905],[3.77194899,48.51773063],[3.77187801,48.51765492],[3.77162756,48.51761727],[3.77134283,48.51756378],[3.77083489,48.51749805],[3.77057182,48.51747629],[3.77003208,48.51801238],[3.77003183,48.51801263],[3.77003258,48.51801261],[3.77210633,48.51795276]]]]},"geometry_name":"the_geom","properties":{"id_parcel":"9275288","code_cultu":"PTR","code_group":"19","culture_d1":"","culture_d2":"","surf_parc":0.6}},{"type":"Feature","id":"parcelles_graphiques.9205923","geometry":{"type":"MultiPolygon","coordinates":[[[[3.80474099,48.52025377],[3.80427238,48.5193691],[3.80378649,48.51946046],[3.80322581,48.51958088],[3.80249015,48.51974057],[3.80220419,48.51976197],[3.80211442,48.51951591],[3.80175026,48.51871057],[3.80175005,48.51871011],[3.80174982,48.51871025],[3.80154123,48.51883726],[3.801307,48.51897987],[3.79992138,48.51968034],[3.80031159,48.52013243],[3.79975733,48.52029379],[3.79960304,48.5203494],[3.79935804,48.52044199],[3.79936044,48.52059947],[3.79923878,48.52061429],[3.79923833,48.52061435],[3.7990416,48.52063812],[3.79893431,48.52078434],[3.79899229,48.52099615],[3.79906788,48.52111799],[3.79910191,48.52164677],[3.80018044,48.5214122],[3.80125271,48.52117945],[3.80133898,48.521139],[3.80142618,48.52110033],[3.80152503,48.52106217],[3.80162208,48.52102403],[3.80175256,48.52100411],[3.80188487,48.52098655],[3.80215215,48.52095083],[3.80240056,48.52091047],[3.80257077,48.52085279],[3.80267491,48.52080924],[3.80267564,48.52080876],[3.80284784,48.52069561],[3.80300749,48.52059158],[3.80365131,48.52028375],[3.80387596,48.52046608],[3.80474099,48.52025377]]]]},"geometry_name":"the_geom","properties":{"id_parcel":"9285328","code_cultu":"PTR","code_group":"19","culture_d1":"","culture_d2":"","surf_parc":6.33}},{"type":"Feature","id":"parcelles_graphiques.9206036","geometry":{"type":"MultiPolygon","coordinates":[[[[3.76960057,48.51314133],[3.7696078,48.51313271],[3.76960982,48.51313053],[3.76961247,48.51312784],[3.76961226,48.51312738],[3.76966663,48.51306247],[3.769704,48.51295023],[3.76970435,48.51292933],[3.76971616,48.51290543],[3.76932439,48.51243069],[3.76929332,48.51239905],[3.76926533,48.51238882],[3.76910812,48.51235438],[3.7689663,48.51236649],[3.76896483,48.51236687],[3.76896354,48.51236698],[3.76892324,48.51237706],[3.76959598,48.51314407],[3.76960057,48.51314133]]]]},"geometry_name":"the_geom","properties":{"id_parcel":"928543","code_cultu":"SNE","code_group":"28","culture_d1":"","culture_d2":"","surf_parc":0.19}},{"type":"Feature","id":"parcelles_graphiques.9220762","geometry":{"type":"MultiPolygon","coordinates":[[[[3.76498694,48.49012629],[3.76597917,48.49386876],[3.76634685,48.49403183],[3.76773432,48.49475903],[3.76959871,48.49574901],[3.76959723,48.49574349],[3.76805929,48.4900055],[3.76498694,48.49012629]]]]},"geometry_name":"the_geom","properties":{"id_parcel":"9298684","code_cultu":"ORP","code_group":"3","culture_d1":"","culture_d2":"","surf_parc":12.07}},{"type":"Feature","id":"parcelles_graphiques.9225690","geometry":{"type":"MultiPolygon","coordinates":[[[[3.79272165,48.53564833],[3.79411555,48.53494287],[3.79369947,48.53446611],[3.7925734,48.53515924],[3.79243738,48.53539348],[3.79272165,48.53564833]]]]},"geometry_name":"the_geom","properties":{"id_parcel":"9303117","code_cultu":"ORP","code_group":"3","culture_d1":"","culture_d2":"","surf_parc":0.7}},{"type":"Feature","id":"parcelles_graphiques.9227206","geometry":{"type":"MultiPolygon","coordinates":[[[[3.78269237,48.49453389],[3.78237762,48.49317217],[3.77473982,48.49353107],[3.77462003,48.49353669],[3.77515077,48.49554886],[3.77528991,48.49554235],[3.77591117,48.49551329],[3.78283897,48.4951681],[3.78269237,48.49453389]]]]},"geometry_name":"the_geom","properties":{"id_parcel":"9304482","code_cultu":"BTN","code_group":"24","culture_d1":"","culture_d2":"","surf_parc":12.87}},{"type":"Feature","id":"parcelles_graphiques.9243755","geometry":{"type":"MultiPolygon","coordinates":[[[[3.79560652,48.49453459],[3.7954822,48.49455953],[3.79511998,48.49463316],[3.79423774,48.4948092],[3.7941342,48.49482997],[3.79558265,48.49824404],[3.79655662,48.50053948],[3.79665135,48.50053603],[3.79757708,48.50050238],[3.79782832,48.50049324],[3.79806816,48.50048452],[3.79848599,48.50046933],[3.79659914,48.49584984],[3.7960238,48.49445087],[3.79560652,48.49453459]]]]},"geometry_name":"the_geom","properties":{"id_parcel":"9319377","code_cultu":"BTH","code_group":"1","culture_d1":"","culture_d2":"","surf_parc":9.65}},{"type":"Feature","id":"parcelles_graphiques.9291763","geometry":{"type":"MultiPolygon","coordinates":[[[[3.83370865,48.52013528],[3.83330455,48.52014001],[3.83280587,48.51996451],[3.83262455,48.51991818],[3.83246698,48.51992309],[3.83235541,48.5199372],[3.83222754,48.51991739],[3.83211534,48.51989152],[3.8318652,48.51966286],[3.83168807,48.51951914],[3.8313424,48.51923045],[3.83112575,48.51903762],[3.83130347,48.51894485],[3.83018056,48.5180839],[3.83010505,48.51802159],[3.82901714,48.51853754],[3.82898062,48.5185821],[3.82920883,48.51879276],[3.82924066,48.51884405],[3.82923419,48.51890929],[3.82901103,48.51942676],[3.82900865,48.51947211],[3.82905331,48.5195501],[3.82920929,48.51969641],[3.82940306,48.51985073],[3.8297338,48.51996553],[3.82999493,48.5199837],[3.8303099,48.52000721],[3.83052671,48.52003235],[3.83082398,48.52011549],[3.83104244,48.52015395],[3.83133708,48.52016093],[3.83158323,48.52013826],[3.83183832,48.52013648],[3.83211255,48.52016741],[3.83256721,48.52027848],[3.83313154,48.52043638],[3.83339625,48.52049927],[3.8335166,48.52049652],[3.83363402,48.52048998],[3.83383351,48.52040725],[3.83386103,48.52039292],[3.8342222,48.52018553],[3.83409018,48.52011721],[3.83370865,48.52013528]]]]},"geometry_name":"the_geom","properties":{"id_parcel":"9362584","code_cultu":"PRL","code_group":"18","culture_d1":"","culture_d2":"","surf_parc":3.82}},{"type":"Feature","id":"parcelles_graphiques.9294828","geometry":{"type":"MultiPolygon","coordinates":[[[[3.83650949,48.48802159],[3.82885916,48.48026534],[3.82752733,48.48092114],[3.82753255,48.48099703],[3.82881511,48.4822937],[3.82989362,48.48336327],[3.83495655,48.48848806],[3.83504976,48.48849454],[3.83650949,48.48802159]]]]},"geometry_name":"the_geom","properties":{"id_parcel":"9365342","code_cultu":"BTH","code_group":"1","culture_d1":"DVS","culture_d2":"DRD","surf_parc":12.75}},{"type":"Feature","id":"parcelles_graphiques.9314200","geometry":{"type":"MultiPolygon","coordinates":[[[[3.76201222,48.48345968],[3.76202017,48.48347994],[3.76281518,48.48336653],[3.76280662,48.48334406],[3.76280661,48.48334406],[3.76280676,48.48334404],[3.76280676,48.48334403],[3.75981945,48.47550652],[3.75981212,48.47548727],[3.75902755,48.47585142],[3.75903538,48.47587137],[3.76201222,48.48345968]]]]},"geometry_name":"the_geom","properties":{"id_parcel":"9382778","code_cultu":"ORP","code_group":"3","culture_d1":"","culture_d2":"","surf_parc":5.62}},{"type":"Feature","id":"parcelles_graphiques.9318365","geometry":{"type":"MultiPolygon","coordinates":[[[[3.80350762,48.4928846],[3.80409515,48.49422817],[3.80461736,48.49551628],[3.806045,48.49899689],[3.80635391,48.49974604],[3.80649798,48.50010651],[3.8089942,48.49997752],[3.80588151,48.49243885],[3.80538649,48.49249497],[3.80350762,48.4928846]]]]},"geometry_name":"the_geom","properties":{"id_parcel":"9386526","code_cultu":"BTH","code_group":"1","culture_d1":"","culture_d2":"","surf_parc":15.43}},{"type":"Feature","id":"parcelles_graphiques.9326876","geometry":{"type":"MultiPolygon","coordinates":[[[[3.78064601,48.5149467],[3.78057057,48.51445151],[3.78049068,48.51385967],[3.78043851,48.51348618],[3.78041731,48.51329634],[3.78025687,48.51196827],[3.78003744,48.51196763],[3.77982766,48.51197808],[3.7797914,48.51198449],[3.77957165,48.51202335],[3.77945302,48.51204918],[3.77931934,48.51207829],[3.77925092,48.51209754],[3.77882241,48.51223058],[3.77857102,48.51228301],[3.77857175,48.51229813],[3.77857328,48.51231121],[3.77864945,48.51300754],[3.77868139,48.5132772],[3.77888956,48.51503424],[3.77889488,48.51512124],[3.77890004,48.51516687],[3.77886506,48.51522364],[3.77881752,48.51527988],[3.77873364,48.51530081],[3.77840163,48.51566351],[3.77832683,48.51583219],[3.77923559,48.51638461],[3.77932086,48.51636302],[3.77939207,48.5163328],[3.77953534,48.51626998],[3.77957658,48.51624916],[3.77961535,48.51622958],[3.77973303,48.51613211],[3.77997796,48.51585826],[3.78032231,48.51546415],[3.78049761,48.51526693],[3.78063335,48.51511965],[3.78064601,48.5149467]]]]},"geometry_name":"the_geom","properties":{"id_parcel":"9394186","code_cultu":"ORP","code_group":"3","culture_d1":"","culture_d2":"","surf_parc":5.76}},{"type":"Feature","id":"parcelles_graphiques.9401404","geometry":{"type":"MultiPolygon","coordinates":[[[[3.76363614,48.50834649],[3.76443178,48.50828127],[3.76607564,48.50813263],[3.7677065,48.50800535],[3.76806346,48.50799007],[3.76810913,48.50780649],[3.76813784,48.5075659],[3.76814984,48.50740634],[3.76813173,48.50727079],[3.76811511,48.50723638],[3.7664526,48.50736256],[3.76478962,48.50749134],[3.76327325,48.50760107],[3.76350182,48.50807612],[3.76360378,48.50828696],[3.76363614,48.50834649]]]]},"geometry_name":"the_geom","properties":{"id_parcel":"9461260","code_cultu":"ORH","code_group":"3","culture_d1":"","culture_d2":"","surf_parc":2.88}},{"type":"Feature","id":"parcelles_graphiques.9402792","geometry":{"type":"MultiPolygon","coordinates":[[[[3.81020513,48.47845012],[3.81462662,48.48646193],[3.8151437,48.48630185],[3.81079713,48.47839681],[3.8106901,48.47842134],[3.81059714,48.47842912],[3.81046282,48.47843945],[3.81021583,48.47844968],[3.81020513,48.47845012]]]]},"geometry_name":"the_geom","properties":{"id_parcel":"946251","code_cultu":"ORH","code_group":"3","culture_d1":"","culture_d2":"","surf_parc":4.01}},{"type":"Feature","id":"parcelles_graphiques.9411200","geometry":{"type":"MultiPolygon","coordinates":[[[[3.79667947,48.51210321],[3.7961601,48.51210908],[3.79562653,48.51214188],[3.7957631,48.51303429],[3.7962522,48.5129844],[3.79674352,48.51299953],[3.79667947,48.51210321]]]]},"geometry_name":"the_geom","properties":{"id_parcel":"9470077","code_cultu":"CZH","code_group":"5","culture_d1":"","culture_d2":"","surf_parc":0.74}},{"type":"Feature","id":"parcelles_graphiques.9423698","geometry":{"type":"MultiPolygon","coordinates":[[[[3.81089773,48.51494376],[3.81082601,48.5149596],[3.81053473,48.51502393],[3.81034578,48.51508473],[3.8102399,48.5151878],[3.81010623,48.51536091],[3.81011478,48.51551642],[3.81059085,48.51598944],[3.81053894,48.51605049],[3.81043097,48.51607681],[3.81013996,48.51615587],[3.80995913,48.51620499],[3.80988056,48.51626787],[3.80977775,48.51635014],[3.8097211,48.51643612],[3.80971474,48.51644578],[3.80968028,48.51653408],[3.80967443,48.51653587],[3.8095517,48.51657335],[3.80942888,48.51661087],[3.80947696,48.51670873],[3.80968911,48.51670014],[3.81008883,48.51665755],[3.81021832,48.51663286],[3.81068899,48.51654456],[3.81126982,48.51639778],[3.81130271,48.51638797],[3.81155781,48.51631182],[3.81183213,48.51621235],[3.81208472,48.51609637],[3.81185497,48.51583611],[3.81191294,48.51576313],[3.81108302,48.51508153],[3.81090962,48.51494113],[3.81089773,48.51494376]]]]},"geometry_name":"the_geom","properties":{"id_parcel":"9481325","code_cultu":"J6S","code_group":"11","culture_d1":"","culture_d2":"","surf_parc":1.86}},{"type":"Feature","id":"parcelles_graphiques.9459799","geometry":{"type":"MultiPolygon","coordinates":[[[[3.8185503,48.50260179],[3.81854776,48.50260199],[3.8176488,48.50267345],[3.81718378,48.50271355],[3.81706464,48.50272583],[3.82112773,48.50933308],[3.82137538,48.50924692],[3.82191086,48.50906107],[3.82215209,48.50897734],[3.82235876,48.50890688],[3.82255653,48.50884006],[3.82268728,48.50879185],[3.81888423,48.50257636],[3.8185503,48.50260179]]]]},"geometry_name":"the_geom","properties":{"id_parcel":"9513816","code_cultu":"CZH","code_group":"5","culture_d1":"","culture_d2":"","surf_parc":10.01}},{"type":"Feature","id":"parcelles_graphiques.9463098","geometry":{"type":"MultiPolygon","coordinates":[[[[3.80064959,48.53170271],[3.80128703,48.53143659],[3.80078537,48.5309136],[3.79980621,48.53109633],[3.79996771,48.53152283],[3.80002672,48.53174974],[3.80016585,48.5319428],[3.80064959,48.53170271]]]]},"geometry_name":"the_geom","properties":{"id_parcel":"9516786","code_cultu":"PPH","code_group":"18","culture_d1":"","culture_d2":"","surf_parc":0.72}},{"type":"Feature","id":"parcelles_graphiques.9463781","geometry":{"type":"MultiPolygon","coordinates":[[[[3.83185868,48.51114664],[3.83146685,48.51106641],[3.8312272,48.51102847],[3.83216021,48.5124309],[3.83162111,48.51271333],[3.83255489,48.51331138],[3.83338195,48.5139554],[3.8346215,48.51325746],[3.83470339,48.5130698],[3.83515899,48.51288332],[3.8332934,48.51181338],[3.83299771,48.51191781],[3.83255707,48.5113042],[3.83219124,48.51121413],[3.83185868,48.51114664]]]]},"geometry_name":"the_geom","properties":{"id_parcel":"951740","code_cultu":"PPH","code_group":"18","culture_d1":"","culture_d2":"","surf_parc":4.06}},{"type":"Feature","id":"parcelles_graphiques.9465172","geometry":{"type":"MultiPolygon","coordinates":[[[[3.75344651,48.53065532],[3.75321741,48.53043346],[3.75287055,48.53009757],[3.75286985,48.53009708],[3.75284833,48.53007391],[3.75282079,48.53008636],[3.75281323,48.53008978],[3.75281324,48.53008978],[3.7531839,48.53044873],[3.75343105,48.53068806],[3.75347002,48.53067827],[3.75344679,48.53065605],[3.75344651,48.53065532]]]]},"geometry_name":"the_geom","properties":{"id_parcel":"9518652","code_cultu":"SNE","code_group":"28","culture_d1":"","culture_d2":"","surf_parc":0.02}},{"type":"Feature","id":"parcelles_graphiques.9485366","geometry":{"type":"MultiPolygon","coordinates":[[[[3.74719461,48.48580309],[3.76314306,48.48361588],[3.76305293,48.48338742],[3.74693829,48.48557806],[3.74719461,48.48580309]]]]},"geometry_name":"the_geom","properties":{"id_parcel":"9536827","code_cultu":"CZH","code_group":"5","culture_d1":"","culture_d2":"","surf_parc":3.3}},{"type":"Feature","id":"parcelles_graphiques.9492752","geometry":{"type":"MultiPolygon","coordinates":[[[[3.7775553,48.53011773],[3.7775062,48.53006979],[3.7774419,48.53001605],[3.77722774,48.53007458],[3.7769774,48.53010954],[3.77676525,48.53030372],[3.77588221,48.53069033],[3.77595798,48.530763],[3.77747648,48.53014341],[3.7775553,48.53011773]]]]},"geometry_name":"the_geom","properties":{"id_parcel":"9543474","code_cultu":"PPH","code_group":"18","culture_d1":"","culture_d2":"","surf_parc":0.19}},{"type":"Feature","id":"parcelles_graphiques.9495043","geometry":{"type":"MultiPolygon","coordinates":[[[[3.77063807,48.48989038],[3.76919818,48.48995449],[3.77092805,48.49644319],[3.77092806,48.49644319],[3.77180345,48.49691324],[3.77266043,48.49737339],[3.77266045,48.49737339],[3.77266046,48.49737338],[3.77063808,48.48989039],[3.77063807,48.48989038]]]]},"geometry_name":"the_geom","properties":{"id_parcel":"9545536","code_cultu":"ORP","code_group":"3","culture_d1":"","culture_d2":"","surf_parc":8.43}},{"type":"Feature","id":"parcelles_graphiques.9511602","geometry":{"type":"MultiPolygon","coordinates":[[[[3.75086694,48.47146555],[3.75331745,48.47844703],[3.75331747,48.47844703],[3.75421976,48.4780655],[3.75421977,48.47806549],[3.75382842,48.47699059],[3.75343267,48.47591603],[3.75254273,48.4734582],[3.75175933,48.47128852],[3.75175931,48.47128852],[3.75086695,48.47146554],[3.75086694,48.47146555]]]]},"geometry_name":"the_geom","properties":{"id_parcel":"9560439","code_cultu":"BTN","code_group":"24","culture_d1":"","culture_d2":"","surf_parc":5.62}},{"type":"Feature","id":"parcelles_graphiques.9527817","geometry":{"type":"MultiPolygon","coordinates":[[[[3.81508671,48.51061824],[3.81516704,48.51079143],[3.81859185,48.51022043],[3.81878532,48.51068087],[3.8150024,48.51132177],[3.81528917,48.51201912],[3.81527451,48.51201826],[3.81549101,48.51259076],[3.81618652,48.51251785],[3.81689496,48.51243729],[3.81690584,48.5124733],[3.81729057,48.51243055],[3.81930297,48.512249],[3.81962324,48.51221831],[3.81901851,48.51055374],[3.8188201,48.5100076],[3.81781765,48.51013263],[3.81678838,48.51028967],[3.81550902,48.51053163],[3.81508671,48.51061824]]]]},"geometry_name":"the_geom","properties":{"id_parcel":"9575032","code_cultu":"BTH","code_group":"1","culture_d1":"","culture_d2":"","surf_parc":5.76}},{"type":"Feature","id":"parcelles_graphiques.9529499","geometry":{"type":"MultiPolygon","coordinates":[[[[3.81051053,48.51224706],[3.81068733,48.51267668],[3.81070702,48.51267536],[3.8107231,48.51267287],[3.81077305,48.51265943],[3.81083912,48.51264589],[3.81093912,48.51262617],[3.81079158,48.51223562],[3.81051053,48.51224706]]]]},"geometry_name":"the_geom","properties":{"id_parcel":"9576547","code_cultu":"PPH","code_group":"18","culture_d1":"","culture_d2":"","surf_parc":0.09}},{"type":"Feature","id":"parcelles_graphiques.9568612","geometry":{"type":"MultiPolygon","coordinates":[[[[3.78069449,48.49101491],[3.77958339,48.49105678],[3.77725753,48.49117913],[3.77567224,48.49125376],[3.77406542,48.49132613],[3.77435344,48.49252252],[3.77461728,48.49353592],[3.78238662,48.4931708],[3.78225799,48.49249073],[3.7822128,48.49203083],[3.78220463,48.49156941],[3.78224866,48.49108987],[3.780776,48.49117221],[3.78069449,48.49101491]]]]},"geometry_name":"the_geom","properties":{"id_parcel":"9611748","code_cultu":"ORH","code_group":"3","culture_d1":"","culture_d2":"","surf_parc":14.35}},{"type":"Feature","id":"parcelles_graphiques.9572536","geometry":{"type":"MultiPolygon","coordinates":[[[[3.8316551,48.51268719],[3.83216021,48.5124309],[3.83096756,48.51064213],[3.83062611,48.51057132],[3.83033443,48.51047577],[3.83020046,48.51038625],[3.82992111,48.51016446],[3.82965345,48.51000209],[3.82942086,48.50979186],[3.82930469,48.50969508],[3.82918962,48.50966732],[3.82906097,48.50968726],[3.82891565,48.50978587],[3.82878414,48.50985105],[3.82867543,48.50999939],[3.82858299,48.51029981],[3.83051627,48.51316645],[3.8308139,48.51318341],[3.8316551,48.51268719]]]]},"geometry_name":"the_geom","properties":{"id_parcel":"961528","code_cultu":"PPH","code_group":"18","culture_d1":"","culture_d2":"","surf_parc":4.84}},{"type":"Feature","id":"parcelles_graphiques.9574636","geometry":{"type":"MultiPolygon","coordinates":[[[[3.7663452,48.52785614],[3.76634495,48.5279181],[3.76629096,48.52801834],[3.76632012,48.52810098],[3.76628818,48.52816618],[3.76625676,48.52822351],[3.76633333,48.52855863],[3.76642528,48.52871989],[3.7665286,48.52892393],[3.76678008,48.52934968],[3.76643427,48.52970347],[3.76651122,48.53006476],[3.76668448,48.53014934],[3.76678092,48.53016807],[3.76692167,48.53019541],[3.76717981,48.53020327],[3.76737387,48.5302401],[3.76753899,48.53025807],[3.76782178,48.53019611],[3.76810021,48.53003008],[3.76812903,48.53001633],[3.76947278,48.5298116],[3.76958968,48.52966696],[3.76975249,48.52966499],[3.77044628,48.52992975],[3.7729965,48.53023469],[3.7737287,48.53018254],[3.77376185,48.53018018],[3.77408173,48.53035869],[3.77409469,48.53036592],[3.77415766,48.53063956],[3.77435955,48.53082253],[3.77473903,48.53080866],[3.77516796,48.53066849],[3.77529042,48.53066701],[3.77576053,48.53056238],[3.77632291,48.53031349],[3.77672344,48.53010156],[3.77679959,48.52996184],[3.77681734,48.52992927],[3.77677552,48.52986382],[3.77671472,48.5298228],[3.77659074,48.52972651],[3.77653029,48.52970977],[3.77647063,48.52974586],[3.77644746,48.52977885],[3.77639693,48.52985058],[3.77635695,48.52990939],[3.77629541,48.52996406],[3.77618613,48.52998905],[3.77609584,48.52998964],[3.77603128,48.52998577],[3.77588279,48.52997675],[3.77575391,48.52998473],[3.77563378,48.53000265],[3.77554146,48.53001182],[3.77544902,48.53001242],[3.77529409,48.53000343],[3.77517983,48.52998276],[3.77508522,48.52998195],[3.77503582,48.52998513],[3.77496578,48.53004699],[3.77489943,48.53006741],[3.77478562,48.53007672],[3.7746326,48.53019767],[3.77454061,48.53022826],[3.7744552,48.5302688],[3.77436934,48.53027793],[3.7742256,48.53029885],[3.77414601,48.53029652],[3.77361786,48.53000885],[3.773601,48.52980685],[3.77338812,48.52944988],[3.77305933,48.52928286],[3.77300984,48.52900437],[3.7728008,48.52879158],[3.77244071,48.52894844],[3.77223107,48.52903162],[3.77201394,48.52910586],[3.77182515,48.52913351],[3.77164233,48.52912827],[3.77141825,48.52909545],[3.771182,48.52903915],[3.7709013,48.52895743],[3.77081467,48.52892384],[3.77052617,48.52872275],[3.77047618,48.52863311],[3.77045083,48.52858764],[3.77038994,48.52854091],[3.77029403,48.52845157],[3.77020923,48.52838643],[3.7700554,48.52830603],[3.76991667,48.52822839],[3.76987776,48.52821436],[3.76983435,48.52818608],[3.76973949,48.52816813],[3.76968078,48.52812282],[3.76954695,48.52808656],[3.76929689,48.52804105],[3.76915457,48.52801198],[3.7690471,48.52801411],[3.76894187,48.52802193],[3.76881084,48.52802991],[3.76869461,48.52802067],[3.7685382,48.52805738],[3.76837483,48.52805844],[3.76830931,48.52805455],[3.76813535,48.52809737],[3.76798191,48.52809382],[3.76790241,48.52809719],[3.76788551,48.52811729],[3.76773947,48.52811907],[3.7672726,48.52807678],[3.76712612,48.52804161],[3.76702816,48.52800287],[3.76676283,48.52794175],[3.76649092,48.52787211],[3.76635065,48.52783588],[3.7663452,48.52785413],[3.7663452,48.52785614]]]]},"geometry_name":"the_geom","properties":{"id_parcel":"961717","code_cultu":"PPH","code_group":"18","culture_d1":"","culture_d2":"","surf_parc":10.1}},{"type":"Feature","id":"parcelles_graphiques.9574666","geometry":{"type":"MultiPolygon","coordinates":[[[[3.83104544,48.48461896],[3.83050374,48.48406638],[3.83050108,48.48406766],[3.82887975,48.48484542],[3.82087179,48.48868621],[3.82103567,48.48889903],[3.82103512,48.4888993],[3.8214135,48.4893943],[3.83104544,48.48461896]]]]},"geometry_name":"the_geom","properties":{"id_parcel":"9617197","code_cultu":"LIP","code_group":"7","culture_d1":"","culture_d2":"","surf_parc":7.08}},{"type":"Feature","id":"parcelles_graphiques.9604348","geometry":{"type":"MultiPolygon","coordinates":[[[[3.77205358,48.48979013],[3.77199598,48.48979312],[3.77430811,48.49827792],[3.77432827,48.49828827],[3.77432836,48.49828858],[3.77434829,48.49829878],[3.77453437,48.49839403],[3.77481007,48.49851006],[3.77509994,48.49861528],[3.77514389,48.49862841],[3.77272586,48.48975521],[3.77205358,48.48979013]]]]},"geometry_name":"the_geom","properties":{"id_parcel":"9643910","code_cultu":"PPR","code_group":"8","culture_d1":"","culture_d2":"","surf_parc":5.29}},{"type":"Feature","id":"parcelles_graphiques.9667749","geometry":{"type":"MultiPolygon","coordinates":[[[[3.76889217,48.50505123],[3.76960145,48.50471846],[3.76892639,48.50329228],[3.76810334,48.50343715],[3.76889217,48.50505123]]]]},"geometry_name":"the_geom","properties":{"id_parcel":"9700971","code_cultu":"ORP","code_group":"3","culture_d1":"","culture_d2":"","surf_parc":1.1}},{"type":"Feature","id":"parcelles_graphiques.9671515","geometry":{"type":"MultiPolygon","coordinates":[[[[3.80381944,48.51387537],[3.8011349,48.51465105],[3.80118578,48.51471688],[3.80214431,48.51595687],[3.80218245,48.51593756],[3.80220795,48.51590169],[3.80236065,48.51581259],[3.80279453,48.51560258],[3.80326145,48.51544471],[3.803739,48.51527962],[3.80420208,48.51510511],[3.80438335,48.51501105],[3.80455026,48.51491471],[3.80459888,48.51481441],[3.80455085,48.51471952],[3.80403958,48.51412945],[3.80381944,48.51387537]]]]},"geometry_name":"the_geom","properties":{"id_parcel":"9704360","code_cultu":"CHV","code_group":"9","culture_d1":"","culture_d2":"","surf_parc":3.13}},{"type":"Feature","id":"parcelles_graphiques.9693903","geometry":{"type":"MultiPolygon","coordinates":[[[[3.77425383,48.47345323],[3.77395171,48.47261641],[3.77373411,48.47265863],[3.77405324,48.47349081],[3.77425383,48.47345323]]]]},"geometry_name":"the_geom","properties":{"id_parcel":"972451","code_cultu":"PPH","code_group":"18","culture_d1":"","culture_d2":"","surf_parc":0.15}},{"type":"Feature","id":"parcelles_graphiques.9705287","geometry":{"type":"MultiPolygon","coordinates":[[[[3.7477268,48.48647557],[3.74812571,48.4868911],[3.74851053,48.48722066],[3.76355187,48.48519218],[3.76344245,48.48476452],[3.76334781,48.4843946],[3.7521108,48.48589178],[3.7477268,48.48647557]]]]},"geometry_name":"the_geom","properties":{"id_parcel":"9734756","code_cultu":"BTH","code_group":"1","culture_d1":"","culture_d2":"","surf_parc":10.56}},{"type":"Feature","id":"parcelles_graphiques.9712745","geometry":{"type":"MultiPolygon","coordinates":[[[[3.80593504,48.51737696],[3.80595048,48.51739658],[3.80597196,48.51742388],[3.80598154,48.51743802],[3.80626806,48.51786114],[3.80650763,48.51821763],[3.80685403,48.51876682],[3.80694836,48.51891636],[3.80696082,48.51893612],[3.80742129,48.5188235],[3.80782294,48.51932691],[3.80829906,48.51992366],[3.80909347,48.52080898],[3.81173467,48.51990792],[3.81166479,48.51981209],[3.8113209,48.51940652],[3.81084427,48.51886185],[3.81093909,48.51883297],[3.81101705,48.51880036],[3.8110449,48.51878871],[3.81148069,48.51847154],[3.81145721,48.51843711],[3.81095413,48.51769932],[3.81043949,48.51694456],[3.81043222,48.5169339],[3.81040251,48.51689229],[3.81027658,48.51671598],[3.81022121,48.51666815],[3.81008881,48.51667858],[3.80968805,48.51671225],[3.80947325,48.51672324],[3.8091392,48.51675311],[3.80892584,48.51677219],[3.80861081,48.51678861],[3.80835616,48.5167713],[3.80829537,48.51675795],[3.80808294,48.51671127],[3.80783495,48.51666059],[3.807598,48.51662888],[3.80743878,48.51659748],[3.80729863,48.51659296],[3.80719597,48.51661556],[3.80708857,48.51659713],[3.80680558,48.51668116],[3.80644524,48.51682594],[3.80627827,48.51695299],[3.8061971,48.51703166],[3.8061378,48.51708915],[3.80590701,48.51731859],[3.80593175,48.51737089],[3.80593504,48.51737696]]]]},"geometry_name":"the_geom","properties":{"id_parcel":"9741468","code_cultu":"J6S","code_group":"11","culture_d1":"","culture_d2":"","surf_parc":12.33}},{"type":"Feature","id":"parcelles_graphiques.9736229","geometry":{"type":"MultiPolygon","coordinates":[[[[3.83127177,48.47657299],[3.83096698,48.47636708],[3.83379818,48.47435438],[3.83821253,48.47126749],[3.83819243,48.47125384],[3.83707534,48.47049541],[3.82987392,48.47558775],[3.83098537,48.4767766],[3.83127177,48.47657299]]]]},"geometry_name":"the_geom","properties":{"id_parcel":"9762603","code_cultu":"BTN","code_group":"24","culture_d1":"","culture_d2":"","surf_parc":9.44}},{"type":"Feature","id":"parcelles_graphiques.9771448","geometry":{"type":"MultiPolygon","coordinates":[[[[3.77242728,48.51299112],[3.77237568,48.51290188],[3.77229791,48.51283707],[3.77218335,48.51276431],[3.7721059,48.51273419],[3.77200259,48.51270832],[3.77193446,48.51267203],[3.7718949,48.51259368],[3.77187987,48.51251212],[3.77187754,48.51247642],[3.77179029,48.51247997],[3.77179041,48.51248821],[3.77180863,48.51257791],[3.77184178,48.51263792],[3.77188545,48.51268255],[3.77191817,48.51271296],[3.77201545,48.51274703],[3.77214054,48.51279113],[3.77222881,48.51283955],[3.77230832,48.51291763],[3.77236475,48.51299481],[3.77242728,48.51299112]]]]},"geometry_name":"the_geom","properties":{"id_parcel":"9794300","code_cultu":"SNE","code_group":"28","culture_d1":"","culture_d2":"","surf_parc":0.04}},{"type":"Feature","id":"parcelles_graphiques.9781115","geometry":{"type":"MultiPolygon","coordinates":[[[[3.83504942,48.46913002],[3.82828544,48.47386571],[3.82901336,48.47466723],[3.83603038,48.46976634],[3.83504942,48.46913002]]]]},"geometry_name":"the_geom","properties":{"id_parcel":"980300","code_cultu":"PPR","code_group":"8","culture_d1":"","culture_d2":"","surf_parc":7.45}},{"type":"Feature","id":"parcelles_graphiques.9784950","geometry":{"type":"MultiPolygon","coordinates":[[[[3.82919149,48.48274535],[3.81973092,48.48717087],[3.8203579,48.48798605],[3.82039561,48.4880376],[3.82982054,48.48338094],[3.82979861,48.48335754],[3.82919149,48.48274535]]]]},"geometry_name":"the_geom","properties":{"id_parcel":"9806452","code_cultu":"AVP","code_group":"4","culture_d1":"","culture_d2":"","surf_parc":8.24}},{"type":"Feature","id":"parcelles_graphiques.9795317","geometry":{"type":"MultiPolygon","coordinates":[[[[3.75638091,48.49953681],[3.75667324,48.50042655],[3.75668041,48.5004258],[3.75969539,48.50019841],[3.76069126,48.50014661],[3.76166853,48.50006498],[3.76166853,48.50006498],[3.76166854,48.50006498],[3.76166854,48.50006499],[3.76166854,48.50006499],[3.76166854,48.50006499],[3.76166854,48.50006499],[3.76259074,48.50103227],[3.76395493,48.5024155],[3.76395493,48.5024155],[3.76395493,48.5024155],[3.76395493,48.5024155],[3.76395494,48.5024155],[3.76395494,48.5024155],[3.76395495,48.5024155],[3.76511259,48.5022224],[3.7651126,48.5022224],[3.7651126,48.5022224],[3.7651126,48.50222239],[3.7651126,48.50222239],[3.76511261,48.50222239],[3.7651126,48.50222238],[3.7651126,48.50222238],[3.76294961,48.4999512],[3.7629496,48.4999512],[3.7629496,48.4999512],[3.7629496,48.4999512],[3.7629496,48.4999512],[3.76294959,48.4999512],[3.76294959,48.4999512],[3.76294958,48.49995119],[3.76248582,48.49999465],[3.76202206,48.50003811],[3.76202206,48.50003811],[3.76202205,48.50003811],[3.76202205,48.50003811],[3.76202205,48.50003811],[3.76202205,48.50003811],[3.76153901,48.49957706],[3.76105597,48.499116],[3.76105597,48.499116],[3.76105597,48.499116],[3.76105597,48.499116],[3.76105597,48.499116],[3.76105597,48.499116],[3.76105597,48.49911599],[3.76105597,48.49911599],[3.76105597,48.49911599],[3.76105597,48.49911599],[3.76105597,48.49911599],[3.76105598,48.49911599],[3.76204988,48.49899434],[3.76204988,48.49899434],[3.76204989,48.49899434],[3.76204989,48.49899433],[3.76204989,48.49899433],[3.76204989,48.49899433],[3.75841996,48.49515302],[3.75841996,48.49515301],[3.75841995,48.49515301],[3.75841995,48.49515301],[3.75841995,48.49515301],[3.75841994,48.49515301],[3.75841994,48.49515301],[3.75841993,48.49515301],[3.75801137,48.49529684],[3.75719422,48.49558451],[3.75719421,48.49558451],[3.75719421,48.49558451],[3.75627698,48.49464757],[3.75538026,48.49371801],[3.75400216,48.49226765],[3.75400215,48.49226765],[3.75400215,48.49226765],[3.75400214,48.49226765],[3.75400214,48.49226765],[3.75400214,48.49226765],[3.75362289,48.49229018],[3.75362288,48.4922902],[3.75450749,48.49419305],[3.75541392,48.49614267],[3.75541392,48.49614267],[3.75541392,48.49614268],[3.75543767,48.49681733],[3.75543767,48.49681733],[3.75543767,48.49681733],[3.75543767,48.49681733],[3.75543767,48.49681733],[3.75543767,48.49681733],[3.75543766,48.49681733],[3.75543766,48.49681733],[3.75543766,48.49681733],[3.75543766,48.49681733],[3.75543766,48.49681733],[3.755426,48.49681823],[3.75587457,48.49807675],[3.75638229,48.49950824],[3.75637271,48.49953748],[3.75638091,48.49953681]]]]},"geometry_name":"the_geom","properties":{"id_parcel":"9815783","code_cultu":"ORP","code_group":"3","culture_d1":"","culture_d2":"","surf_parc":24.88}},{"type":"Feature","id":"parcelles_graphiques.9824306","geometry":{"type":"MultiPolygon","coordinates":[[[[3.75503776,48.49125628],[3.7540016,48.49067136],[3.7530481,48.49010554],[3.75292598,48.49145356],[3.75285786,48.49222341],[3.75468553,48.49216304],[3.75661946,48.49217216],[3.75733084,48.49208491],[3.75672684,48.49192035],[3.75616198,48.49173769],[3.75559303,48.49151935],[3.75503776,48.49125628]]]]},"geometry_name":"the_geom","properties":{"id_parcel":"9841873","code_cultu":"ORP","code_group":"3","culture_d1":"","culture_d2":"","surf_parc":3.44}},{"type":"Feature","id":"parcelles_graphiques.9831425","geometry":{"type":"MultiPolygon","coordinates":[[[[3.81301709,48.51333059],[3.81229899,48.51334383],[3.81222045,48.51343214],[3.81302347,48.51341662],[3.81301709,48.51333059]]]]},"geometry_name":"the_geom","properties":{"id_parcel":"9848280","code_cultu":"BTA","code_group":"28","culture_d1":"","culture_d2":"","surf_parc":0.05}},{"type":"Feature","id":"parcelles_graphiques.9834101","geometry":{"type":"MultiPolygon","coordinates":[[[[3.78424444,48.51248415],[3.78335583,48.5124189],[3.7833385,48.51244501],[3.78331577,48.51248206],[3.78330557,48.51251902],[3.78329,48.51255601],[3.78327982,48.51259417],[3.78320239,48.51280711],[3.78316938,48.51287517],[3.78313643,48.51294798],[3.78310169,48.51302081],[3.78306337,48.51309366],[3.78302737,48.51314151],[3.78296546,48.51319428],[3.78284322,48.51328553],[3.78268174,48.51338776],[3.78251319,48.51349598],[3.782373,48.51358497],[3.78218302,48.5136981],[3.78178898,48.5139411],[3.78163622,48.51402779],[3.78151797,48.51408688],[3.78146817,48.51411101],[3.78149939,48.51428219],[3.78154521,48.51447231],[3.78160366,48.51466829],[3.78174127,48.51459596],[3.7819147,48.51450439],[3.78215405,48.51446798],[3.7822415,48.51452399],[3.78232916,48.5145717],[3.78242696,48.51456514],[3.78253771,48.51453189],[3.78264847,48.51449864],[3.78282116,48.51444133],[3.78292285,48.51439631],[3.7829576,48.51433991],[3.78296804,48.51414471],[3.78308729,48.51408479],[3.78321971,48.51401297],[3.78344069,48.51391099],[3.78368408,48.51382069],[3.78394533,48.51373322],[3.78417124,48.51366373],[3.78438401,48.51360911],[3.78459253,48.51356634],[3.78482785,48.51353227],[3.78501888,48.5135103],[3.78522787,48.51350006],[3.78553082,48.51348044],[3.78569262,48.51292179],[3.78419944,48.51279122],[3.78424444,48.51248415]]]]},"geometry_name":"the_geom","properties":{"id_parcel":"9850689","code_cultu":"VES","code_group":"16","culture_d1":"","culture_d2":"","surf_parc":3.14}},{"type":"Feature","id":"parcelles_graphiques.9838828","geometry":{"type":"MultiPolygon","coordinates":[[[[3.77086135,48.53539548],[3.77092207,48.5353739],[3.77092245,48.53537469],[3.77135118,48.53526086],[3.77135478,48.53525999],[3.77183756,48.5351524],[3.77229592,48.53503661],[3.77276039,48.53486496],[3.7727888,48.53485938],[3.77281807,48.53486239],[3.77284261,48.53487341],[3.77295307,48.53495124],[3.77296622,48.53496467],[3.77303594,48.5350749],[3.77304119,48.53509388],[3.77303397,48.53511258],[3.77301561,48.53512755],[3.77272754,48.53527937],[3.77272485,48.53528072],[3.77239827,48.53543596],[3.77209494,48.53558985],[3.77208871,48.53559266],[3.77177337,48.53571848],[3.7717515,48.53572406],[3.77141973,48.53576718],[3.77089488,48.53602869],[3.77088635,48.53603231],[3.77061293,48.53613009],[3.7703521,48.53623192],[3.77034782,48.53623346],[3.77009441,48.53631676],[3.76976104,48.53649885],[3.76944837,48.53667214],[3.76944703,48.53667287],[3.76901196,48.53690175],[3.76885614,48.53700015],[3.76884572,48.53700555],[3.76866761,48.53708049],[3.76864669,48.5370863],[3.76841465,48.53712212],[3.76825394,48.53718179],[3.76804216,48.53728619],[3.76804193,48.5372863],[3.76788182,48.53736451],[3.76788246,48.53736609],[3.76781955,48.53738385],[3.76784703,48.53745101],[3.76793021,48.53762423],[3.76802022,48.53777419],[3.76807996,48.53781487],[3.7687736,48.53745454],[3.76947626,48.53709891],[3.77016087,48.53673507],[3.77084745,48.5363843],[3.77224703,48.53565282],[3.77295303,48.53528406],[3.77363036,48.53491548],[3.77291035,48.53433344],[3.77181469,48.53476899],[3.77126024,48.5349642],[3.77071098,48.53514628],[3.77080984,48.53528845],[3.77086135,48.53539548]]]]},"geometry_name":"the_geom","properties":{"id_parcel":"9854943","code_cultu":"BTH","code_group":"1","culture_d1":"","culture_d2":"","surf_parc":2.38}},{"type":"Feature","id":"parcelles_graphiques.9842517","geometry":{"type":"MultiPolygon","coordinates":[[[[3.78487621,48.5072051],[3.7856507,48.50718712],[3.78565967,48.50707262],[3.78477407,48.50709763],[3.78487623,48.50720636],[3.78487621,48.5072051]]]]},"geometry_name":"the_geom","properties":{"id_parcel":"9858263","code_cultu":"J6S","code_group":"11","culture_d1":"","culture_d2":"","surf_parc":0.08}},{"type":"Feature","id":"parcelles_graphiques.9863207","geometry":{"type":"MultiPolygon","coordinates":[[[[3.75830394,48.53476781],[3.75805769,48.53484079],[3.75779456,48.53494326],[3.75794333,48.53512295],[3.75837654,48.5356542],[3.7584491,48.53570012],[3.75854317,48.53569695],[3.75877442,48.53557884],[3.7590594,48.53548111],[3.75936626,48.53536322],[3.75968343,48.5352664],[3.75992146,48.53520538],[3.75993311,48.53519681],[3.75977383,48.53504643],[3.75966091,48.534921],[3.75955395,48.53478546],[3.75951152,48.53473698],[3.75931508,48.53479944],[3.75920454,48.53483823],[3.75899049,48.53490624],[3.75886885,48.5349213],[3.75866899,48.53473216],[3.75830394,48.53476781]]]]},"geometry_name":"the_geom","properties":{"id_parcel":"9876885","code_cultu":"MOT","code_group":"24","culture_d1":"","culture_d2":"","surf_parc":0.98}},{"type":"Feature","id":"parcelles_graphiques.9864448","geometry":{"type":"MultiPolygon","coordinates":[[[[3.79535597,48.50606194],[3.79258132,48.50628166],[3.79256035,48.50628627],[3.79253944,48.50629563],[3.79257153,48.50684883],[3.79539142,48.50659923],[3.7953565,48.50606189],[3.79535597,48.50606194]]]]},"geometry_name":"the_geom","properties":{"id_parcel":"9878000","code_cultu":"BTH","code_group":"1","culture_d1":"","culture_d2":"","surf_parc":1.28}},{"type":"Feature","id":"parcelles_graphiques.9868805","geometry":{"type":"MultiPolygon","coordinates":[[[[3.82402655,48.51138749],[3.82293065,48.50880812],[3.82257001,48.50893975],[3.82239008,48.50900229],[3.82221105,48.50906452],[3.82185125,48.50919287],[3.82149323,48.5093209],[3.8212456,48.50940593],[3.82100063,48.50949033],[3.82080375,48.50955685],[3.82065639,48.50961143],[3.82050708,48.50965649],[3.82032834,48.5097092],[3.82020171,48.5097437],[3.82007055,48.50977525],[3.81990228,48.50981003],[3.82082281,48.51194831],[3.82105117,48.51191817],[3.8211138,48.51191446],[3.82119362,48.51192135],[3.82125072,48.51193613],[3.82127114,48.51195325],[3.82127622,48.51196303],[3.82128135,48.51197579],[3.82128377,48.51198797],[3.82128304,48.51199809],[3.82128184,48.51200762],[3.8212761,48.51201546],[3.82135441,48.51203687],[3.82242998,48.5118039],[3.82349739,48.51156563],[3.82362959,48.51151472],[3.82379451,48.51143682],[3.82385781,48.51141852],[3.82402655,48.51138749]]]]},"geometry_name":"the_geom","properties":{"id_parcel":"9881922","code_cultu":"DTY","code_group":"16","culture_d1":"","culture_d2":"","surf_parc":6.88}},{"type":"Feature","id":"parcelles_graphiques.9896469","geometry":{"type":"MultiPolygon","coordinates":[[[[3.79181795,48.49382779],[3.78966484,48.4942754],[3.78905484,48.49440065],[3.7880325,48.49461258],[3.78311172,48.49563456],[3.78322995,48.49619779],[3.78561267,48.49570391],[3.78789674,48.49523028],[3.79261021,48.49425246],[3.79251476,48.49368332],[3.79181795,48.49382779]]]]},"geometry_name":"the_geom","properties":{"id_parcel":"990682","code_cultu":"ORP","code_group":"3","culture_d1":"DTR","culture_d2":"DMD","surf_parc":4.54}},{"type":"Feature","id":"parcelles_graphiques.9965305","geometry":{"type":"MultiPolygon","coordinates":[[[[3.83842939,48.48739489],[3.83855572,48.48735253],[3.83897436,48.48721189],[3.83904948,48.48718666],[3.83908621,48.48717432],[3.83110433,48.47915561],[3.83101569,48.47919945],[3.83074261,48.47933452],[3.83068557,48.47946333],[3.83068056,48.47959905],[3.83097897,48.47990402],[3.83123521,48.47980702],[3.83170249,48.48026196],[3.83134567,48.48039983],[3.83134485,48.48040014],[3.83040513,48.47950112],[3.83018071,48.47961058],[3.83807486,48.48751379],[3.83842939,48.48739489]]]]},"geometry_name":"the_geom","properties":{"id_parcel":"999961","code_cultu":"ORP","code_group":"3","culture_d1":"","culture_d2":"","surf_parc":8.65}}]}